code,name,market,sectorName,tradePrice,marketCap,per,sectorPer,pbr,roe,debt_pct,op_margin,vol_mult,vol_mult_max5,amt_avg20,ret_60d,ret_6m,off_high_pct,foreignRatio,total,signal,naver_url,s_per,s_sector,s_pbr,s_roe,s_opm,s_debt,s_vol,s_amt,s_size,s_dip
052790,액토즈소프트,KOSDAQ,,4745.0,51836975515,1.62,17.27671,0.2,12.326204345422848,23.976,31.660746118715,0.7436814145943297,14.92515744003776,379163494.55,6.869369369369371,-12.93577981651376,-31.52958152958153,0.53093277,80.6,🔥발견시작,https://finance.naver.com/item/main.naver?code=052790,15.0,8.0,7.0,4.39572260725371,10.0,8.0,15.0,0.5085263127872341,10.0,2.6911976911976914
019010,베뉴지,KOSDAQ,,4525.0,218105000000,2.09,14.80503,0.5,23.986416958221856,49.008,41.72135301933692,0.7281030921837275,1.5663048291331736,1179833780.2,-11.79337231968811,-7.653061224489798,-38.013698630136986,0.006876971,77.8,💤저평가대기,https://finance.naver.com/item/main.naver?code=019010,15.0,8.0,7.0,11.391850174933115,10.0,7.105505882352941,2.8315241456658677,2.9734978585815597,10.0,3.5017123287671232
020710,시공테크,KOSDAQ,,3590.0,71972212300,2.24,14.80503,0.37,16.42958748221906,32.622,1.3259488621953217,0.3092946215714385,3.549900739938639,1166368829.85,1.1267605633802802,-11.467324290998771,-40.06677796327212,0.0132554568,74.2,🔥발견시작,https://finance.naver.com/item/main.naver?code=020710,15.0,8.0,7.0,6.857752489331435,0.0,7.876611764705881,12.749503699693195,2.9485732514142526,10.0,3.7583472454090154
484590,삼양컴텍,KOSDAQ,,7150.0,294654717500,11.22,39.84954,1.92,17.092441401106136,68.551,24.5419631330796,1.3078412863518922,4.659015520272842,1239966243.0,-1.379310344827589,-40.31719532554258,-60.92896174863388,0.0421217434,72.7,🔥발견시작,https://finance.naver.com/item/main.naver?code=484590,5.154545454545453,8.0,3.0240000000000005,7.255464840663681,10.0,6.1858352941176475,15.0,3.081443036574223,10.0,5.0
264660,씨앤지하이테크,KOSDAQ,,14560.0,141540264320,6.94,32.6936,0.95,13.672851691011974,23.05,12.900926987983944,2.7398267690799147,3.64223600347494,311706676.75,15.555555555555545,-18.294051627384967,-44.21455938697319,0.030473589,71.3,🔥발견시작,https://finance.naver.com/item/main.naver?code=264660,10.990909090909089,8.0,5.739999999999999,5.203711014607185,5.824074698814084,8.0,13.2111800173747,0.0831242511741781,10.0,4.276819923371649
078150,HB테크놀러지,KOSDAQ,,2190.0,207878737620,6.8,16.02532,0.68,9.975062344139651,30.438,1.811005698438516,1.7385289373691375,4.350970241431433,3015238659.35,4.038004750593816,-0.2277904328018221,-64.33224755700326,0.0073197623,71.3,🔥발견시작,https://finance.naver.com/item/main.naver?code=078150,11.18181818181818,7.675619998019802,6.4959999999999996,2.985037406483791,0.0,7.979388235294119,15.0,5.011002189937939,10.0,5.0
098070,한텍,KOSDAQ,,24550.0,273024011550,8.0,-40.72649,1.58,19.726121191372812,36.215,22.86850640139185,0.9161700565268088,3.3320758371091843,2489579710.0,-7.706766917293228,-59.21926910299003,-60.530546623794216,0.0325303851,71.3,🔥발견시작,https://finance.naver.com/item/main.naver?code=098070,9.545454545454545,0.0,3.9759999999999995,8.835672714823687,10.0,7.707529411764706,11.660379185545922,4.595023905586739,10.0,5.0
058860,KTis,KOSPI,,2580.0,89789160000,2.18,15.52134,0.33,15.228816818356622,85.489,4.587583737765884,0.3311796294420654,16.50287728665708,828749130.05,2.9940119760478945,-6.859205776173283,-19.626168224299068,0.0603249526,70.9,🔥발견시작,https://finance.naver.com/item/main.naver?code=058860,15.0,8.0,7.0,6.1372900910139725,0.9338727869211084,5.38875294117647,15.0,2.206509154040903,10.0,1.2032710280373835
071280,로체시스템즈,KOSDAQ,,8400.0,128491465200,9.62,32.6936,0.88,9.115132674586434,23.442,16.01650704196965,2.0947764553556736,3.96989120958781,1065371036.5,25.373134328358216,6.329113924050622,-39.74175035868007,0.4766410555,70.7,🔥발견시작,https://finance.naver.com/item/main.naver?code=071280,7.336363636363638,8.0,5.936000000000001,2.46907960475186,7.656768848217441,8.0,14.84945604793905,2.7518981551409105,10.0,3.717718794835009
200670,휴메딕스,KOSDAQ,,25000.0,280748250000,4.99,44.74767,0.93,18.58561161739646,8.597000000000001,23.174957806313294,0.4792636879623032,0.9276526611801232,733662816.25,-7.235621521335811,-26.144756277695716,-53.95948434622469,0.0636347689,70.5,💤저평가대기,https://finance.naver.com/item/main.naver?code=200670,13.65,8.0,5.795999999999999,8.151366970437877,10.0,8.0,0.0,1.9418762692563973,10.0,5.0
187420,HLB제넥스,KOSDAQ,,2010.0,65616343470,2.63,-63.60722,1.45,55.23877405559515,101.274,8.462433500585655,1.075298927965328,8.453753446938277,628749070.85,3.554868624420404,-20.396039603960396,-45.38043478260869,0.0085203998,70.2,🔥발견시작,https://finance.naver.com/item/main.naver?code=187420,15.0,0.0,4.34,12.0,3.2131961768150914,4.645929411764706,15.0,1.606780507775154,10.0,4.422554347826086
264450,유비쿼스,KOSDAQ,,11240.0,164840141320,6.99,-359.29063,0.85,12.187265917602996,16.404,25.22732719181757,0.6720215812448406,7.97797806462884,692905615.75,12.400000000000013,-15.297663903541824,-40.84210526315789,0.054965694,69.9,🔥발견시작,https://finance.naver.com/item/main.naver?code=264450,10.922727272727272,0.0,6.02,4.312359550561798,10.0,8.0,15.0,1.8177641321404092,10.0,3.8552631578947363
259630,엠플러스,KOSDAQ,,9600.0,117335001600,5.23,-76.86105,1.05,20.127610208816705,104.731,12.604227080954711,5.617623360360852,5.617623360360852,483852564.5,-3.711133400200606,-27.10706150341685,-52.23880597014925,0.0588716811,69.0,🔥발견시작,https://finance.naver.com/item/main.naver?code=259630,13.322727272727272,0.0,5.46,9.076566125290022,5.649545341738066,4.48324705882353,15.0,1.037958962531773,10.0,5.0
088130,동아엘텍,KOSDAQ,,5600.0,97917758400,2.0,16.02532,0.58,28.90191239975324,134.357,1.7856155990620537,2.7594692763142894,2.7594692763142894,328228940.0,8.317214700193421,-29.11392405063291,-61.69630642954856,0.1037009687,68.9,🔥발견시작,https://finance.naver.com/item/main.naver?code=088130,15.0,8.0,6.776,12.0,0.0,3.0890823529411766,8.797346381571447,0.19527807751002157,10.0,5.0
282620,기도산업,KOSDAQ,,11970.0,70152662790,1.46,8.88568,0.39,26.84057415044276,93.231,8.309715210220647,0.5469737267022512,0.6032353009525443,1695060565.75,-35.57588805166846,-35.57588805166846,-59.42372881355933,0.022107401,68.9,💤저평가대기,https://finance.naver.com/item/main.naver?code=282620,15.0,8.0,7.0,12.0,3.1233618883650864,5.024423529411765,0.0,3.7603198287759287,10.0,5.0
018290,브이티,KOSDAQ,,12180.0,425591586840,7.15,43.73552,1.76,24.692769362675048,36.806,8.110297955975105,1.1716918128498544,2.386832524020849,2199435271.75,1.162790697674421,-17.199184228416044,-60.3257328990228,0.0585277741,68.9,🔥발견시작,https://finance.naver.com/item/main.naver?code=018290,10.704545454545455,8.0,3.472,11.815661617605027,3.006057621161826,7.679717647058824,6.934162620104245,4.325949653589092,8.0,5.0
461300,아이스크림미디어,KOSDAQ,,18100.0,241344187300,4.76,10.74749,1.15,24.18312833892409,28.016,41.88553466658799,1.1261403493800084,1.2887974807772724,447021748.5,11.24769514443762,2.1444695259593693,-12.98076923076923,0.0705809756,68.8,💤저평가대기,https://finance.naver.com/item/main.naver?code=461300,13.963636363636363,7.428078556016335,5.18,11.509877003354454,10.0,8.0,1.443987403886362,0.8660369910968324,10.0,0.37259615384615374
310200,애니플러스,KOSDAQ,,2095.0,109281141420,8.16,852.84337,0.88,10.822510822510822,78.846,10.148664912957235,1.513414296394314,4.284506640882889,386002880.1,-0.7109004739336511,-22.550831792975966,-49.2121212121212,0.0236988073,67.1,🔥발견시작,https://finance.naver.com/item/main.naver?code=310200,9.327272727272728,8.0,5.936000000000001,3.4935064935064926,4.205097007621903,5.7013647058823524,15.0,0.5473464519219995,10.0,4.90151515151515
445180,퓨릿,KOSDAQ,,9550.0,164156745400,10.19,32.6936,1.46,14.28342930262316,13.646,14.45890384076689,4.3332100149689525,6.282247277984257,369756901.75,20.88607594936709,14.645858343337338,-28.73134328358209,0.0718541795,67.0,🔥발견시작,https://finance.naver.com/item/main.naver?code=445180,6.5590909090909095,8.0,4.312,5.570057581573897,6.7405316710393475,8.0,15.0,0.45397517205149285,10.0,2.341417910447761
0156T0,에이치엘지노믹스,KOSDAQ,,8060.0,62724217660,5.78,44.74767,0.59,10.118491921005386,7.611,32.02599071223677,0.8019854539185037,1.0757163519149515,895904405.5,-45.50371872887086,-45.50371872887086,-68.45401174168298,0.0157070767,66.1,💤저평가대기,https://finance.naver.com/item/main.naver?code=0156T0,12.57272727272727,8.0,6.748,3.0710951526032315,10.0,8.0,0.3785817595747576,2.375702087331213,10.0,5.0
017510,세명전기,KOSDAQ,,7600.0,115869600000,8.96,55.51033,1.27,14.16004060226696,15.96,44.1889744714355,0.5115106275927368,1.6433844159572664,1328921579.25,-4.761904761904767,-18.71657754010695,-57.707289927657214,0.0513990555,66.0,💤저평가대기,https://finance.naver.com/item/main.naver?code=017510,8.236363636363635,8.0,4.843999999999999,5.496024361360176,10.0,8.0,3.216922079786332,3.2318904945319815,10.0,5.0
260970,에스앤디,KOSDAQ,,58800.0,170093935200,8.38,32.13158,2.0,23.896417549979876,39.047,16.632363755173873,0.3396716698609586,1.4007508380529894,770340702.5,20.36847492323439,10.73446327683616,-47.40608228980322,0.0483165869,65.5,💤저평가대기,https://finance.naver.com/item/main.naver?code=260970,9.027272727272726,8.0,2.8000000000000003,11.337850529987925,8.019037503043455,7.574258823529412,2.003754190264947,2.047807952850018,10.0,4.675760286225403
086960,MDS테크,KOSDAQ,,2300.0,97815941000,10.95,226.89355,0.67,6.080707573244887,41.784,7.287525903045203,1.0762375128386932,9.121241043611631,2720000888.45,12.195121951219525,104.26287744227352,-49.49584779014691,0.007954775,65.4,🔥발견시작,https://finance.naver.com/item/main.naver?code=086960,5.522727272727273,8.0,6.524,0.6484245439469325,2.522074060614825,7.445458823529412,15.0,4.78723895585369,10.0,4.936980973768364
042000,카페24,KOSDAQ,,18760.0,453582450440,11.61,30.79656,1.7,14.684488088743407,56.917,9.868689125095106,1.2538213318324902,6.962256183110684,2370543822.25,4.570791527313256,-33.5929203539823,-55.06586826347306,0.1855527604,65.3,🔥발견시작,https://finance.naver.com/item/main.naver?code=042000,4.622727272727273,8.0,3.64,5.810692853246044,4.040405367703003,6.733317647058824,15.0,4.488633667231818,8.0,5.0
005880,대한해운,KOSPI,,2065.0,666473257100,3.63,10.14878,0.3,8.378216636744465,63.81,20.11510705074972,0.583646665777026,0.9920506511659358,2886109263.95,11.32075471698113,-7.606263982102912,-38.99556868537666,0.1227925039,65.0,💤저평가대기,https://finance.naver.com/item/main.naver?code=005880,15.0,8.0,7.0,2.0269299820466795,10.0,6.408941176470588,0.0,4.915957570570733,8.0,3.6244460856720826
035890,서희건설,KOSDAQ,,2190.0,454618893840,3.28,35.90844,0.37,11.358193636674647,47.296,18.164297788669604,0.6972822127690341,1.2129018467247532,594838244.6,4.534606205250591,-34.626865671641795,-45.25,0.0388360174,64.9,💤저평가대기,https://finance.naver.com/item/main.naver?code=035890,15.0,8.0,7.0,3.8149161820047883,8.920175169805649,7.186070588235294,1.064509233623766,1.4863881430418857,8.0,4.40625
187870,디바이스,KOSDAQ,,12420.0,172175628240,9.02,16.02532,0.96,10.665794209062652,37.641000000000005,33.197432285600975,1.9913549882530623,2.3923372210102367,817477937.75,-11.095204008589832,-42.76497695852535,-58.18181818181818,0.0723392839,64.9,🔥발견시작,https://finance.naver.com/item/main.naver?code=187870,8.154545454545456,5.828542997373324,5.712000000000001,3.3994765254375907,10.0,7.6404235294117635,6.961686105051183,2.1767739297438826,10.0,5.0
123330,제닉,KOSDAQ,,23250.0,185271810000,9.69,43.73552,4.46,46.01601219977125,62.969,20.29553753107962,0.2924147273834358,0.81208584402592,8295901272.5,-11.764705882352944,-1.4830508474576232,-40.231362467866326,0.0413021981,64.7,💤저평가대기,https://finance.naver.com/item/main.naver?code=123330,7.240909090909092,8.0,0.0,12.0,10.0,6.448517647058824,0.0,7.208711601296249,10.0,3.7789203084832907
025560,미래산업,KOSPI,,8220.0,228340733160,15.76,32.6936,1.38,8.72495446265938,36.263,33.6389052523493,2.1051787852077286,4.451464392481305,2657077147.75,-81.23287671232877,-37.395277989337394,-38.65671641791045,0.0923023047,64.7,🔥발견시작,https://finance.naver.com/item/main.naver?code=025560,0.0,6.905979559709955,4.5360000000000005,2.2349726775956276,10.0,7.705270588235294,15.0,4.736414547673453,10.0,3.5820895522388065
0039P0,매드업,KOSDAQ,,8490.0,159674826000,13.51,10.67049,4.04,29.917435648373,127.927,20.752367055077173,0.5571389760013415,3.454311384354275,30530956429.25,6.125000000000003,-15.773809523809524,-62.26666666666667,0.0115248253,64.7,🔥발견시작,https://finance.naver.com/item/main.naver?code=0039P0,2.031818181818182,0.0,0.0,12.0,10.0,3.3916705882352938,12.271556921771376,10.0,10.0,5.0
148150,세경하이테크,KOSDAQ,,4005.0,142348986090,2.93,103.45714,0.84,28.63239179028653,39.862,3.8535528726320263,0.9293437547861292,1.3516317536890443,320443565.8,31.960461285008247,-9.999999999999998,-37.32394366197183,0.0161192059,64.4,💤저평가대기,https://finance.naver.com/item/main.naver?code=148150,15.0,8.0,6.048000000000001,12.0,0.5020899250776625,7.5359058823529415,1.7581587684452216,0.14315150535288979,10.0,3.415492957746479
019180,티에이치엔,KOSPI,,4990.0,89820000000,1.31,9.42302,0.4,30.56156372666827,153.802,5.387526161335611,0.5983837426623496,1.6763950466864468,338694947.3,-17.520661157024797,-39.95186522262336,-51.41187925998052,0.0798460556,64.2,💤저평가대기,https://finance.naver.com/item/main.naver?code=019180,15.0,8.0,7.0,12.0,1.40442715372683,2.174023529411765,3.381975233432234,0.26343731552834093,10.0,5.0
075580,세진중공업,KOSPI,,9770.0,555419185120,10.77,19.51828,2.39,22.16969395371983,104.641,21.78392448718572,0.7680613570373389,2.941775762824105,1277333232.0,-25.759878419452885,-42.39386792452831,-61.459566074950686,0.0236904642,64.1,🔥발견시작,https://finance.naver.com/item/main.naver?code=075580,5.7681818181818185,5.976127677916976,1.7079999999999995,10.301816372231897,10.0,4.487482352941176,9.708878814120524,3.145914782568777,8.0,5.0
072950,빛샘전자,KOSDAQ,,15060.0,121272306600,14.36,276.92069,1.31,9.104953171767889,37.47,8.805555703424366,3.1497376509274035,3.610608870998496,44042163223.25,101.3368983957219,116.6906474820144,-41.40077821011673,0.0113244029,64.1,🔥발견시작,https://finance.naver.com/item/main.naver?code=072950,0.8727272727272735,8.0,4.731999999999999,2.4629719030607333,3.4150327667202154,7.648470588235294,13.05304435499248,10.0,10.0,3.925097276264591
439260,대한조선,KOSPI,,45700.0,1740654961000,6.15,19.51828,1.59,25.79530225012344,47.028,26.873326935033464,0.4907299564543172,0.9571740473627988,1735433138.75,-10.916179337231968,-48.53603603603604,-58.340929808568816,0.0219178744,64.0,💤저평가대기,https://finance.naver.com/item/main.naver?code=439260,12.068181818181818,8.0,3.9479999999999995,12.0,10.0,7.1986823529411765,0.0,3.8114331574607796,2.0,5.0
083500,에프엔에스테크,KOSDAQ,,13760.0,114295747520,11.9,16.02532,1.23,10.371531298976675,38.185,26.768145945715144,1.3665980739155486,3.757906000493868,714091710.5,-4.444444444444439,-10.182767624020885,-43.02277432712215,0.1589057419,63.3,🔥발견시작,https://finance.naver.com/item/main.naver?code=083500,4.227272727272727,3.4323349965346512,4.9559999999999995,3.222918779386005,10.0,7.6148235294117645,13.78953000246934,1.8831636844866129,10.0,4.127846790890269
003090,대웅,KOSPI,,15170.0,882013836600,3.65,44.74767,0.55,15.085295361624135,85.232,13.426665346370363,1.648705420907305,1.648705420907305,989766735.5,-14.245336348219327,-34.18655097613883,-50.42483660130719,0.0496893123,63.3,💤저평가대기,https://finance.naver.com/item/main.naver?code=003090,15.0,8.0,6.86,6.051177216974482,6.133332556688449,5.40084705882353,3.2435271045365255,2.5920579952385037,5.0,5.0
085670,뉴프렉스,KOSDAQ,,3395.0,83180083595,9.44,276.92069,0.77,8.119079837618404,52.931,3.827536415216812,1.0343832071124863,6.0947768953447,743623513.4,1.1922503725782407,-40.54290718038529,-53.36538461538461,0.02484131,63.1,🔥발견시작,https://finance.naver.com/item/main.naver?code=085670,7.581818181818182,8.0,6.244,1.8714479025710427,0.48678612659812465,6.92089411764706,15.0,1.9711592950157097,10.0,5.0
065680,우주일렉트로,KOSDAQ,,24750.0,228701657250,9.44,103.45714,0.78,8.206696223818987,30.274,0.994305820492752,0.4848803696417951,6.756576238620248,546079006.25,-12.698412698412698,-14.3598615916955,-52.12765957446808,0.1047234497,63.0,🔥발견시작,https://finance.naver.com/item/main.naver?code=065680,7.581818181818182,8.0,6.215999999999999,1.9240177342913922,0.0,7.9871058823529415,15.0,1.3006711294508033,10.0,5.0
317450,명인제약,KOSPI,,42100.0,614660000000,6.27,44.74767,0.77,12.347221966953995,6.376999999999999,36.2810792319084,0.5797101449275363,0.6733279323071383,437727536.25,0.7177033492822948,-24.821428571428573,-68.69888475836431,0.0083099315,62.4,💤저평가대기,https://finance.naver.com/item/main.naver?code=317450,11.904545454545456,8.0,6.244,4.408333180172397,10.0,8.0,0.0,0.8204130651934438,8.0,5.0
473980,노머스,KOSDAQ,,10230.0,111330552960,7.59,852.84337,1.09,14.428283257245992,13.821,21.975705289255057,0.7048260536504234,0.9362254228749284,325269743.25,-11.581676750216074,-40.96941719561455,-68.13084112149532,0.0190369127,62.3,💤저평가대기,https://finance.naver.com/item/main.naver?code=473980,10.104545454545455,8.0,5.348,5.656969954347595,10.0,8.0,0.0,0.17561206078348768,10.0,5.0
053300,한국정보인증,KOSDAQ,,5100.0,201782244600,7.74,30.79656,0.99,12.805952614059136,70.435,23.13336259555581,0.1828883297896277,0.2667433023369417,2818731354.2,18.74272409778812,-11.458333333333336,-34.193548387096776,0.0139533417,62.2,💤저평가대기,https://finance.naver.com/item/main.naver?code=053300,9.9,8.0,5.627999999999999,4.683571568435481,10.0,6.097176470588235,0.0,4.864662158352511,10.0,3.024193548387097
114840,아이패밀리에스씨,KOSDAQ,,8170.0,136286915450,6.44,43.73552,1.34,20.75317900228236,37.877,11.617656873601511,0.2691083826176395,0.5011463958172624,342520818.0,1.997503121098632,-27.118644067796616,-63.03167420814479,0.0441914745,61.8,💤저평가대기,https://finance.naver.com/item/main.naver?code=114840,11.672727272727272,8.0,4.648,9.451907401369414,5.069209925647948,7.629317647058823,0.0,0.2878285890149179,10.0,5.0
215200,메가스터디교육,KOSDAQ,,36900.0,382476470400,4.56,10.74749,0.77,16.812813730186832,81.182,13.876975478768196,1.3402123983875935,1.3402123983875935,1056189262.5,-9.558823529411764,-20.12987012987013,-27.362204724409445,0.2624134413,61.8,💤저평가대기,https://finance.naver.com/item/main.naver?code=215200,14.236363636363638,7.676198504643101,6.244,7.0876882381121,6.3982208698636445,5.591435294117647,1.7010619919379677,2.7331024665121895,8.0,2.1702755905511806
067290,JW신약,KOSDAQ,,2995.0,167831123485,12.02,44.74767,4.04,33.6076817558299,51.981,16.636136099825464,0.0922508094381332,0.3986090938726231,87143141608.55,80.31306441902468,58.71754107048224,-30.91118800461361,0.0134995737,61.7,💤저평가대기,https://finance.naver.com/item/main.naver?code=067290,4.063636363636364,8.0,0.0,12.0,8.021256529309097,6.9656,0.0,10.0,10.0,2.6138985005767013
037710,광주신세계,KOSPI,,34100.0,260086565200,5.88,33.69128,0.3,5.139235373454042,38.940000000000005,28.74119981043136,0.4801100808632657,0.7759524008898807,782662882.5,-14.429109159347552,-11.88630490956072,-42.78523489932886,0.0390233759,61.3,💤저평가대기,https://finance.naver.com/item/main.naver?code=037710,12.436363636363637,8.0,7.0,0.08354122407242529,10.0,7.579294117647059,0.0,2.082267416660759,10.0,4.098154362416108
452280,한선엔지니어링,KOSDAQ,,13730.0,264270509100,24.0,173.24683,3.14,13.090725296942129,64.325,23.69684075851824,2.779789164175233,2.779789164175233,12223339955.0,0.9558823529411732,-4.3205574912892,-63.19034852546916,0.0063813958,61.2,🔥발견시작,https://finance.naver.com/item/main.naver?code=452280,0.0,8.0,0.0,4.854435178165277,10.0,6.384705882352942,8.898945820876165,8.05034317894366,10.0,5.0
318160,셀바이오휴먼텍,KOSDAQ,,7190.0,67136718470,6.63,43.73552,1.04,15.6309963099631,44.706,18.020987142414345,0.1835982531759147,0.3342022022704169,365046768.75,19.03973509933774,3.751803751803751,-35.80357142857142,0.0452245689,61.1,💤저평가대기,https://finance.naver.com/item/main.naver?code=318160,11.413636363636364,8.0,5.488,6.378597785977861,8.835874789655497,7.307952941176469,0.0,0.42613626935358084,10.0,3.225446428571428
214180,헥토이노베이션,KOSDAQ,,13610.0,176839724870,5.72,30.79656,0.79,13.739809782608695,114.987,12.525986773943732,1.6080900786819794,1.6080900786819794,642506566.25,2.0239880059969906,-30.70264765784114,-47.04280155642023,0.1504454542,61.0,💤저평가대기,https://finance.naver.com/item/main.naver?code=214180,12.654545454545456,8.0,6.188,5.243885869565217,5.603521631731607,4.000611764705883,3.040450393409897,1.6537815784150034,10.0,4.630350194552529
003350,한국화장품제조,KOSPI,,15000.0,339900000000,10.12,43.73552,2.65,26.142659279778396,96.112,19.601578939127048,0.1514325226773412,0.6931226422384685,28295549785.25,82.70401948842874,-65.47756041426928,-16.247906197654938,0.013887158,60.9,💤저평가대기,https://finance.naver.com/item/main.naver?code=003350,6.654545454545456,8.0,0.9800000000000003,12.0,9.765634670074734,4.888847058823529,0.0,9.872984410085799,8.0,0.7809882747068673
141000,비아트론,KOSDAQ,,10350.0,125387248500,9.43,16.02532,0.54,5.71396809515869,13.256,13.59648631238892,6.662669900140938,6.662669900140938,300603689.0,16.031390134529143,8.718487394957975,-19.705197827773468,0.0433274094,60.8,🔥발견시작,https://finance.naver.com/item/main.naver?code=141000,7.595454545454546,5.487416163920597,6.888,0.4283808570952141,6.233227242581718,8.0,15.0,0.004365256067861978,10.0,1.2131497284716835
100840,SNT에너지,KOSPI,,37650.0,778631479950,8.5,-40.72649,1.97,23.133600606782966,46.079,19.68383472798039,0.383447747558397,1.7750485249207009,11943077735.0,38.1651376146789,-30.53505535055351,-44.13946587537092,0.0104050219,60.8,💤저평가대기,https://finance.naver.com/item/main.naver?code=100840,8.863636363636363,0.0,2.8840000000000003,10.88016036406978,9.814020428223758,7.2433411764705875,3.875242624603504,7.999975021627126,5.0,4.267433234421365
036890,진성티이씨,KOSDAQ,,11570.0,254917448110,7.07,173.24683,0.78,11.037512673200403,71.953,7.518801259284845,0.6959410374618784,2.412162150447403,717817591.0,-16.52236652236653,-28.002489110143124,-45.16587677725118,0.1424265282,60.7,🔥발견시작,https://finance.naver.com/item/main.naver?code=036890,10.813636363636363,8.0,6.215999999999999,3.6225076039202424,2.6581183878146146,6.025741176470588,7.060810752237014,1.8944642116331334,10.0,4.395734597156397
136490,선진,KOSPI,,9960.0,236844855840,2.02,32.13158,0.43,21.125095024917645,140.279,8.020011942868878,1.1274501996854214,1.1274501996854214,829967197.5,10.421286031042133,-5.142857142857138,-28.602150537634408,0.0763839045,60.6,💤저평가대기,https://finance.naver.com/item/main.naver?code=136490,15.0,8.0,7.0,9.675057014950585,2.952948201687575,2.8104,0.6372509984271069,2.20969836764195,10.0,2.325268817204301
298000,효성화학,KOSPI,,54300.0,205895337300,0.67,-30.99167,0.55,82.0564618979115,193.079,19.599773254104896,0.5967580977606999,0.773449231027504,1195794530.0,29.904306220095695,-1.2727272727272698,-37.94285714285714,0.0229186001,60.4,💤저평가대기,https://finance.naver.com/item/main.naver?code=298000,15.0,0.0,6.86,12.0,9.764572502414644,0.32569411764705847,0.0,3.0026765387388465,10.0,3.492857142857143
0088M0,메쥬,KOSDAQ,,13450.0,132909537500,32.06,-33.00121,11.28,35.19599666388657,9.428,15.431139124619216,1.041691826036177,4.63388622221936,1227107154.0,-2.394775036284469,-65.51282051282051,-81.70068027210884,0.0390930756,60.4,🔥발견시작,https://finance.naver.com/item/main.naver?code=0088M0,0.0,0.0,0.0,12.0,7.312434779187774,8.0,15.0,3.0588061666015776,10.0,5.0
226400,오스테오닉,KOSDAQ,,4060.0,83886100060,10.43,-33.00121,1.16,11.12102289622361,57.818000000000005,18.368841615068284,1.741439321879814,3.822696318992584,387932369.4,-6.018518518518523,-36.95652173913043,-47.5452196382429,0.067209603,60.2,🔥발견시작,https://finance.naver.com/item/main.naver?code=226400,6.231818181818182,0.0,5.152,3.6726137377341668,9.040495067687226,6.690917647058823,14.11348159496292,0.5581738214280918,10.0,4.693152454780362
387690,레메디,KOSDAQ,,20150.0,153659688650,25.65,-33.00121,11.53,44.93927125506073,103.018,45.80529548502647,0.2833867674360273,2.9115340841310138,50122757383.0,-8.40909090909091,-8.40909090909091,-41.84704184704184,0.0103740058,60.1,🔥발견시작,https://finance.naver.com/item/main.naver?code=387690,0.0,0.0,0.0,12.0,10.0,4.5638588235294115,9.55767042065507,10.0,10.0,3.9808802308802296
037350,성도이엔지,KOSDAQ,,7730.0,117573300000,3.87,35.90844,0.4,10.272091215340762,124.222,5.862512115886472,0.4772680937818552,1.940303868744236,764984038.25,-16.792249730893438,-31.8942731277533,-46.50519031141869,0.0452685076,59.7,,https://finance.naver.com/item/main.naver?code=037350,15.0,8.0,7.0,3.163254729204457,1.6838306564038068,3.566023529411765,4.70151934372118,2.0326555938543045,10.0,4.563148788927336
110990,디아이티,KOSDAQ,,17600.0,332640000000,10.59,32.6936,1.36,12.856807695315556,15.321000000000002,33.88658881552502,1.1325557924817613,1.7245246700494945,1053109901.25,-2.6009961261759806,-11.77944862155389,-39.310344827586206,0.0707224868,59.3,,https://finance.naver.com/item/main.naver?code=110990,6.013636363636364,8.0,4.592,4.714084617189334,10.0,8.0,3.6226233502474723,2.726762206335991,8.0,3.663793103448276
272110,케이엔제이,KOSDAQ,,30500.0,244774547500,9.14,32.6936,2.42,26.430187459599225,153.727,18.22786437471714,1.0585959683514303,1.3436978270430449,1885661782.5,9.31899641577061,-11.722141823444288,-31.61434977578476,0.0688636509,59.2,,https://finance.naver.com/item/main.naver?code=272110,7.99090909090909,8.0,1.6240000000000003,12.0,8.957567279245376,2.1775529411764705,1.7184891352152243,3.9917127220506377,10.0,2.701793721973095
158430,아톤,KOSDAQ,,5330.0,130489550360,81.06,226.89355,1.31,1.6140865737344092,60.178,18.0670033533632,0.1493001757433134,2.6138903373833884,11453785522.3,30.95823095823096,-14.032258064516135,-53.12225153913808,0.0118497635,59.2,,https://finance.naver.com/item/main.naver?code=158430,0.0,8.0,4.731999999999999,0.0,8.862943149037177,6.5798588235294115,8.069451686916942,7.909138958792825,10.0,5.0
104830,원익머트리얼즈,KOSDAQ,,40250.0,507472000000,9.84,-30.99167,0.91,9.268456536865088,22.896,15.800008811032292,3.8261478757742218,3.8261478757742218,1766737908.75,7.764390896921025,-0.7398273736128225,-28.25311942959001,0.1575086453,59.2,,https://finance.naver.com/item/main.naver?code=104830,7.036363636363637,0.0,5.851999999999999,2.5610739221190526,7.529416947666054,8.0,14.130739378871109,3.8502543652031207,8.0,2.2816399286987514
147830,제룡산업,KOSDAQ,,7010.0,140200000000,11.65,55.51033,1.55,13.324450366422386,12.24,35.83697399824329,1.0961566101669744,1.5710128417069875,659480809.25,1.1544011544011523,-8.723958333333337,-54.51005840363401,0.04463685,59.2,,https://finance.naver.com/item/main.naver?code=147830,4.5681818181818175,8.0,4.06,4.9946702198534325,10.0,8.0,2.8550642085349374,1.7104045373519483,10.0,5.0
123410,코리아에프티,KOSDAQ,,5970.0,166211152080,3.74,9.42302,0.63,16.85189142979269,98.264,6.63850455909593,0.625861482483391,1.316740206707432,363192336.5,13.498098859315588,-14.224137931034486,-37.4869109947644,0.4372393239,59.1,,https://finance.naver.com/item/main.naver?code=123410,15.0,8.0,6.636,7.111134857875615,2.140296799468194,4.7875764705882355,1.5837010335371604,0.41507710721527147,10.0,3.43586387434555
248170,샘표식품,KOSPI,,21850.0,99817049100,5.06,32.13158,0.38,7.524288568869289,40.925,4.635813320370205,0.123185992410507,0.123185992410507,7053969005.0,-0.4555808656036442,-21.54398563734291,-39.64088397790056,0.0670373965,59.1,,https://finance.naver.com/item/main.naver?code=248170,13.554545454545456,8.0,7.0,1.5145731413215735,0.9622431296295322,7.485882352941176,0.0,6.856561461673278,10.0,3.7051104972375697
093520,매커스,KOSDAQ,,29250.0,348128732250,11.14,32.6936,2.01,18.009544228508194,133.0,19.50367751324457,1.219421504388555,3.629330358677278,442041915.0,75.04488330341113,26.62337662337661,-13.589364844903985,0.3282626035,59.1,,https://finance.naver.com/item/main.naver?code=093520,5.263636363636363,8.0,2.7720000000000007,7.805726537104917,9.708045596026217,3.152941176470588,13.14665179338639,0.8417109848003612,8.0,0.4486706056129981
069620,대웅제약,KOSPI,,106800.0,1237446210000,6.3,44.74767,1.23,19.46728576493327,112.976,15.17815526547789,0.6850180432006551,1.0554255673915578,2113195682.5,-14.216867469879514,-28.6096256684492,-46.43931795386158,0.1454632624,58.8,,https://finance.naver.com/item/main.naver?code=069620,11.863636363636363,8.0,4.9559999999999995,8.68037145895996,7.1636207443987585,4.09524705882353,0.277127836957789,4.239092299914722,5.0,4.554914744232698
061090,세나테크놀로지,KOSDAQ,,40800.0,223076040000,11.07,-359.29063,1.15,10.396196513470684,21.128,23.856913536901175,3.2323909661498846,3.2323909661498846,427339111.25,22.522522522522515,18.60465116279071,-76.87074829931973,0.0217955026,58.7,,https://finance.naver.com/item/main.naver?code=061090,5.3590909090909085,0.0,5.18,3.237717908082411,10.0,8.0,11.161954830749423,0.7682569387059957,10.0,5.0
091590,남화토건,KOSDAQ,,6060.0,71144400000,6.87,35.90844,0.44,6.385459533607682,12.774,0.2681879172628997,0.2852195915323137,1.4187467532231697,5979620184.75,-41.5057915057915,55.38461538461539,-50.28712059064807,0.0110132879,58.5,,https://finance.naver.com/item/main.naver?code=091590,11.086363636363636,8.0,7.0,0.831275720164609,0.0,8.0,2.0937337661158484,6.497761722509434,10.0,5.0
206650,유바이오로직스,KOSDAQ,,8360.0,307249286520,7.3,-63.60722,1.72,23.567544960267668,31.719,25.818041963357995,0.4977734295034548,0.8741236617314344,815379462.75,-2.7906976744186074,-40.15748031496062,-52.76836158192091,0.0609735873,58.3,,https://finance.naver.com/item/main.naver?code=206650,10.500000000000002,0.0,3.584,11.1405269761606,10.0,7.919105882352942,0.0,2.171192569030005,8.0,5.0
151860,KG에코솔루션,KOSDAQ,,5250.0,249915760500,2.71,6.84847,0.16,5.750761302412743,118.977,2.4022355824865187,3.0966891861278163,3.0966891861278163,453311150.5,-2.0522388059701524,-19.106317411402152,-30.92105263157895,0.0279683201,58.3,,https://finance.naver.com/item/main.naver?code=151860,15.0,8.0,7.0,0.4504567814476456,0.0,3.8128470588235293,10.48344593063908,0.8963757360019997,10.0,2.615131578947368
033270,유나이티드제약,KOSPI,,17720.0,281938933000,6.77,44.74767,0.62,9.119452972369524,14.814,17.22023832719733,0.8362897739358032,1.211358577141586,555397757.0,1.1415525114155225,-11.266900350525788,-18.71559633027523,0.0866058379,58.2,,https://finance.naver.com/item/main.naver?code=033270,11.222727272727273,8.0,6.664,2.471671783421715,8.364846074821958,8.0,1.05679288570793,1.337414333896989,10.0,1.0894495412844036
013700,까뮤이앤씨,KOSPI,,1566.0,93569799780,4.73,35.90844,0.84,17.862838915470494,132.834,11.161711368533457,0.1384550578281752,0.2820046957199759,1137467496.3,20.092024539877308,25.27999999999999,-21.89526184538654,0.016825691,58.1,,https://finance.naver.com/item/main.naver?code=013700,14.004545454545454,8.0,6.048000000000001,7.717703349282296,4.801006687372621,3.1607529411764705,0.0,2.894088703028812,10.0,1.4869077306733174
403850,더핑크퐁컴퍼니,KOSDAQ,,12330.0,176947953300,8.71,852.84337,0.98,11.24006854650257,10.457,12.239999959566292,0.2406669049354121,0.7484036767652388,1676289517.75,14.804469273743017,-26.998223801065723,-79.95121951219512,0.0406617374,58.1,,https://finance.naver.com/item/main.naver?code=403850,8.577272727272726,8.0,5.656000000000001,3.7440411279015424,5.435294093862525,8.0,0.0,3.7361388727610034,10.0,5.0
071970,HD현대마린엔진,KOSPI,,48700.0,1651976806500,9.7,19.51828,3.27,33.76812599736349,89.106,24.41903748412417,1.2953516952563096,1.5480513832710043,8422460465.0,-23.186119873817034,-33.74149659863945,-58.79864636209814,0.1228468557,58.1,,https://finance.naver.com/item/main.naver?code=071970,7.227272727272728,6.707066401342742,0.0,12.0,10.0,5.2185411764705885,2.7402569163550217,7.241588631807492,2.0,5.0
035510,신세계 I&C,KOSPI,,15280.0,213628152000,7.08,30.79656,0.46,6.542453116465376,30.628,8.708875978290477,0.2640091073353388,0.8466740849452501,3430034901.25,18.54150504266874,-27.23809523809524,-47.84982935153583,0.0304716435,58.1,,https://finance.naver.com/item/main.naver?code=035510,10.799999999999999,8.0,7.0,0.9254718698792256,3.358162340170869,7.97044705882353,0.0,5.290886421867977,10.0,4.731228668941979
458870,씨어스,KOSDAQ,,25450.0,975889462900,59.95,-61.05034,24.57,40.978886756238005,25.646,45.637089381555576,0.7294216413113597,3.450126345608901,4184199273.75,-33.37696335078534,-86.08529250956806,-60.379917515814284,0.0433932792,58.0,,https://finance.naver.com/item/main.naver?code=458870,0.0,0.0,0.0,12.0,10.0,8.0,12.250631728044505,5.722455525187682,5.0,5.0
123890,한국자산신탁,KOSPI,,2420.0,296144900920,6.0,32.89432,0.27,4.563424827742009,55.60699999999999,39.38664564790755,0.4913851678690309,1.074437840502957,413145371.5,10.502283105022835,-15.087719298245617,-30.25936599423631,0.0573287483,57.7,,https://finance.naver.com/item/main.naver?code=123890,12.272727272727273,8.0,7.0,0.0,10.0,6.794964705882353,0.3721892025147855,0.6949081848245608,10.0,2.5324207492795385
0117P0,피스피스스튜디오,KOSDAQ,,5320.0,75378606520,4.98,8.88568,0.6,12.093862815884476,24.9,1.0793136641051324,0.6764739771169157,0.6764739771169157,1960300345.85,2.9013539651837617,-61.25273124544792,-87.33333333333333,0.0230405851,57.6,,https://finance.naver.com/item/main.naver?code=0117P0,13.663636363636364,5.860635689483904,6.72,4.256317689530686,0.0,8.0,0.0,4.0760068090827595,10.0,5.0
003010,혜인,KOSPI,,9800.0,124584920600,6.79,173.24683,0.72,10.609550130508214,92.614,11.074273033894116,1.049773243610468,1.049773243610468,6195098617.75,120.9695603156708,82.4953445065177,-26.260346124905944,0.0690793264,57.6,,https://finance.naver.com/item/main.naver?code=003010,11.195454545454547,8.0,6.384000000000001,3.3657300783049284,4.749572372878892,5.053458823529412,0.2488662180523404,6.574634847196759,10.0,2.032543265613243
013030,하이록코리아,KOSDAQ,,36650.0,431302477600,8.67,173.24683,0.95,10.906783392473256,7.898,28.675955815978227,0.6507868683869379,1.1665785528574222,1223296707.5,16.34920634920636,0.6868131868131844,-23.804573804573803,0.3006391662,57.5,,https://finance.naver.com/item/main.naver?code=013030,8.631818181818181,8.0,5.739999999999999,3.5440700354839536,10.0,8.0,0.8328927642871109,3.0520527605675163,8.0,1.7255717255717253
108380,대양전기공업,KOSDAQ,,18520.0,177187007160,6.78,19.51828,0.63,9.228014599545489,24.645,10.671610075961024,0.3886040699750089,0.9608853980721171,644789178.0,4.929178470254958,-30.113207547169807,-49.46793997271487,0.0759064203,57.5,,https://finance.naver.com/item/main.naver?code=108380,11.209090909090907,8.0,6.636,2.5368087597272932,4.512711809388837,8.0,0.0,1.661482425176528,10.0,4.933492496589359
102120,어보브반도체,KOSDAQ,,8240.0,146513404720,12.72,32.6936,1.08,8.507980569049272,79.02799999999999,5.114577379478258,10.698396275219864,10.698396275219864,717650731.25,5.9125964010282805,-26.16487455197133,-51.09792284866469,0.0499494594,57.4,,https://finance.naver.com/item/main.naver?code=102120,3.1090909090909085,8.0,5.376,2.104788341429563,1.2438690467519167,5.6928,15.0,1.893959384965207,10.0,5.0
086670,비엠티,KOSDAQ,,19100.0,189584403500,9.4,173.24683,1.29,13.70855206326002,79.82000000000001,12.941724590739916,0.7336973372361278,2.466937479964896,852179428.75,22.435897435897445,30.28649386084583,-13.963963963963966,0.0424697647,57.3,,https://finance.naver.com/item/main.naver?code=086670,7.636363636363636,8.0,4.787999999999999,5.2251312379560115,5.848073288670539,5.6555294117647055,7.33468739982448,2.2670489579334863,10.0,0.49549549549549576
002900,TYM,KOSPI,,6430.0,266202000000,6.57,173.24683,0.61,9.2821431940383,92.038,10.512724595628704,1.2486763928875662,1.538058422023097,1283014730.25,7.166666666666677,-4.172876304023843,-35.05050505050505,0.2083528019,57.2,,https://finance.naver.com/item/main.naver?code=002900,11.495454545454546,8.0,6.692,2.56928591642298,4.419249762134532,5.080564705882353,2.690292110115485,3.155551939022896,10.0,3.1313131313131315
015230,대창단조,KOSPI,,6470.0,175619221400,5.53,173.24683,0.49,8.91769483054818,27.176,15.408318931359604,0.5672574698063595,0.906406975354046,490163445.25,8.922558922558931,-0.6144393241167445,-13.618157543391185,0.0875277874,57.1,,https://finance.naver.com/item/main.naver?code=015230,12.913636363636362,8.0,7.0,2.3506168983289086,7.299011136093885,8.0,0.0,1.0660983258721313,10.0,0.45226969292389807
052900,KX하이텍,KOSDAQ,,1174.0,90008337660,14.23,32.6936,0.54,3.795066413662239,39.625,17.98060794608305,1.9332081447641123,2.702563933320254,620018743.8,-1.59262363788768,6.244343891402715,-51.68724279835391,0.0650608878,56.9,,https://finance.naver.com/item/main.naver?code=052900,1.0499999999999994,7.529954894332022,6.888,0.0,8.812122321225324,7.547058823529412,8.512819666601269,1.5764178207144397,10.0,5.0
035000,HS애드,KOSPI,,6030.0,97732093320,5.61,10.67049,0.46,8.195092118339577,126.877,3.66825662180706,1.87759611044586,2.952211163712884,746760410.0,-14.346590909090908,-29.965156794425084,-35.78274760383386,0.1518168217,56.8,,https://finance.naver.com/item/main.naver?code=035000,12.804545454545455,6.323345975676843,7.0,1.917055271003746,0.3930921304747412,3.4410823529411765,9.76105581856442,1.9803001537838227,10.0,3.2228434504792327
204620,글로벌텍스프리,KOSDAQ,,5770.0,405534814100,11.9,29.7988,3.01,25.28850978424485,24.304,19.27067903600077,0.5275294255927843,0.9684049078283834,4171225632.0,15.169660678642716,27.09251101321586,-20.19363762102351,0.2008757411,56.8,,https://finance.naver.com/item/main.naver?code=204620,4.227272727272727,8.0,0.0,12.0,9.570987668235748,8.0,0.0,5.715712139167417,8.0,1.2742047026279386
487580,폴레드,KOSDAQ,,2925.0,73659868425,7.7,12.00995,1.76,22.83132530120482,41.861,8.16977047154872,0.9105599606524364,1.31029279302221,417366222.75,-21.895861148197596,-85.375,-88.75,0.0565731193,56.7,,https://finance.naver.com/item/main.naver?code=487580,9.954545454545453,4.784865882039475,3.472,10.698795180722893,3.0410414538521877,7.441835294117648,1.5514639651110496,0.7169802209297771,10.0,5.0
017960,한국카본,KOSPI,,20100.0,1038697368600,9.72,19.51828,1.72,17.73591457591805,68.861,20.70848567369974,0.995398235667068,0.995398235667068,3603382371.75,-24.007561436672965,-56.91318327974276,-62.84658040665434,0.1290796553,56.7,,https://finance.naver.com/item/main.naver?code=017960,7.199999999999999,6.6934039952974,3.584,7.641548745550828,10.0,6.17124705882353,0.0,5.397945474330577,5.0,5.0
475430,키스트론,KOSDAQ,,4390.0,78353202900,8.01,55.51033,0.42,5.184418517124577,14.245,13.189937851620751,1.0707109548206242,1.5466578316955162,492158445.15,-25.085324232081906,-2.8761061946902644,-43.86189258312021,0.0288694993,56.7,,https://finance.naver.com/item/main.naver?code=475430,9.531818181818183,8.0,7.0,0.11065111027474615,5.994081089188677,8.0,2.733289158477581,1.0749184351218233,10.0,4.232736572890026
383220,F&F,KOSPI,,68500.0,2624034637500,6.58,8.88568,1.39,21.16992199189993,26.669,21.64524272701704,0.6000918662676876,1.0733726069060243,3744442295.0,-14.267834793491865,12.664473684210533,-23.03370786516854,0.1286222454,56.6,,https://finance.naver.com/item/main.naver?code=383220,11.481818181818182,3.4597689766005533,4.508,9.701953195139957,10.0,8.0,0.3668630345301216,5.4813294370589105,2.0,1.6292134831460676
323350,다원넥스뷰,KOSDAQ,,9200.0,73699102400,22.37,32.6936,4.13,18.460229689493836,91.122,21.112030101281515,2.951028187873799,3.652639666005494,454379248.0,-3.157894736842104,-23.904052936311004,-67.25978647686833,0.060491673,56.6,,https://finance.naver.com/item/main.naver?code=323350,0.0,4.210242983336189,0.0,8.076137813696302,10.0,5.123670588235294,13.263198330027471,0.9014861686479048,10.0,5.0
033500,동성화인텍,KOSDAQ,,15900.0,476832954600,8.37,-30.99167,1.81,21.60943461671869,74.618,16.00668115203873,1.066626266911085,1.7841501658914964,1374257704.0,-9.090909090909092,-38.01169590643275,-51.301684532924966,0.1586003418,56.1,,https://finance.naver.com/item/main.naver?code=033500,9.040909090909091,0.0,3.332,9.965660770031214,7.6509889129639586,5.900329411764706,3.920750829457482,3.3047346277588385,8.0,5.0
053610,프로텍,KOSDAQ,,80500.0,724500000000,14.83,32.6936,2.03,13.663233434007074,23.721,29.87416197903902,2.1971806042574293,3.453299330570609,1895714100.0,15.494978479196565,50.46728971962617,-21.000981354268887,0.0678786667,56.1,,https://finance.naver.com/item/main.naver?code=053610,0.23181818181818173,7.285258684676309,2.7160000000000006,5.197940060404244,10.0,8.0,12.266496652853045,4.003257927923549,5.0,1.375122669283611
0008Z0,에스엔시스,KOSDAQ,,23150.0,218456456600,10.51,19.51828,1.25,11.853754508689477,36.237,14.782293531310364,0.7546870641434087,1.899725456227152,409135223.75,1.5350877192982448,-17.46880570409982,-53.60721442885772,0.0826931286,56.1,,https://finance.naver.com/item/main.naver?code=0008Z0,6.122727272727273,6.153738956506415,4.8999999999999995,4.112252705213686,6.930760900770803,7.706494117647059,4.498627281135759,0.6737280808934809,10.0,5.0
004800,효성,KOSPI,,157600.0,2638288143200,8.05,30.4047,1.09,13.500903070439492,81.722,31.57402999883682,0.535683636371742,0.8924196931499276,3633955215.0,-8.265424912689179,16.05301914580266,-50.44025157232704,0.2155313787,55.9,,https://finance.naver.com/item/main.naver?code=004800,9.477272727272727,8.0,5.348,5.100541842263695,10.0,5.566023529411765,0.0,5.41629158011947,2.0,5.0
105740,디케이락,KOSDAQ,,9620.0,97821095060,13.64,173.24683,0.69,5.08386134923593,70.928,9.63240991044982,3.60044064393522,9.110466015100576,1583107343.25,40.43795620437955,-1.3333333333333308,-17.636986301369863,0.0604936041,55.9,,https://finance.naver.com/item/main.naver?code=105740,1.8545454545454538,8.0,6.468,0.050316809541557816,3.9014175943822464,6.073976470588235,15.0,3.611945543292787,10.0,0.9546232876712328
008490,서흥,KOSPI,,19970.0,231035186610,5.13,44.74767,0.46,8.912538170548288,91.757,10.564554301667526,0.7635914980296729,1.4710637032581315,304112458.75,8.769063180827885,0.4527162977867149,-35.16233766233766,0.0590697835,55.9,,https://finance.naver.com/item/main.naver?code=008490,13.45909090909091,8.0,7.0,2.347522902328973,4.44973782451031,5.0937882352941175,2.355318516290658,0.029564788903702066,10.0,3.145292207792208
145020,휴젤,KOSDAQ,,179600.0,2247725070800,14.03,-63.60722,2.08,14.848794906775808,9.574,40.63020631068262,0.8755325547475111,3.802322370971386,11473330005.0,-33.48148148148148,-28.16,-41.78282009724473,0.5667836154,55.7,,https://finance.naver.com/item/main.naver?code=145020,1.3227272727272736,0.0,2.576,5.9092769440654855,10.0,8.0,14.011611854856929,7.912841152832115,2.0,3.9728525121555913
068930,디지털대성,KOSDAQ,,9520.0,263469255840,12.27,10.74749,1.85,15.050732807215333,86.30600000000001,21.89267853395829,0.7694781831573557,4.654357744101558,837292673.25,32.40611961057023,5.777777777777771,-4.800000000000004,0.0313560714,55.6,,https://finance.naver.com/item/main.naver?code=068930,3.7227272727272736,0.0,3.2199999999999998,6.030439684329199,10.0,5.350305882352941,15.0,2.228780181003902,10.0,0.0
036620,감성코퍼레이션,KOSDAQ,,3715.0,333840836960,9.55,8.88568,2.49,26.060606060606062,28.475,15.54094997598739,0.6367825143578947,1.779470299236556,922135050.9,-11.547619047619053,-28.69481765834933,-51.75324675324675,0.1490823069,55.6,,https://finance.naver.com/item/main.naver?code=036620,7.431818181818181,0.0,1.4279999999999993,12.0,7.377029397639641,8.0,3.8973514961827807,2.438366377035992,8.0,5.0
012030,DB,KOSPI,,1884.0,379011689772,6.68,30.79656,0.74,11.016588685665674,113.013,5.613472821054602,2.585539878853356,2.585539878853356,1059848749.5,14.112658994548768,8.713214079630704,-25.972495088408643,0.0485956747,55.6,,https://finance.naver.com/item/main.naver?code=012030,11.345454545454546,8.0,6.327999999999999,3.609953211399404,1.5373369535615304,4.093505882352941,7.927699394266781,2.740613185063223,8.0,1.9965618860510803
092790,넥스틸,KOSPI,,14680.0,381709360000,9.52,40.87613,0.74,7.7668814794059955,79.293,3.279630832640241,2.2328363657362797,2.2328363657362797,16942887984.75,28.321678321678316,23.56902356902357,-36.17391304347826,0.0133048612,55.5,,https://finance.naver.com/item/main.naver?code=092790,7.4727272727272736,8.0,6.327999999999999,1.6601288876435971,0.1644887250824946,5.680329411764705,6.164181828681398,8.759330924303068,8.0,3.2717391304347823
382800,지앤비에스 에코,KOSDAQ,,5940.0,189076383540,26.83,32.6936,1.44,5.376925155363415,24.794,13.85401859861489,5.325669327742766,5.325669327742766,3338291038.6,22.3480947476828,35.00000000000001,-41.47783251231528,0.0566051547,55.5,,https://finance.naver.com/item/main.naver?code=382800,0.0,2.3913344915620613,4.368,0.22615509321804927,6.384716822714641,8.0,15.0,5.232014709490054,10.0,3.93472906403941
484870,엠앤씨솔루션,KOSPI,,17810.0,489092877000,10.84,39.84954,2.54,23.413258110014105,94.423,13.377618338792024,0.5863778287649434,0.6626054903885957,3498666368.0,-35.1183970856102,-83.50925925925927,-76.76956531839319,0.0675763336,55.4,,https://finance.naver.com/item/main.naver?code=484870,5.672727272727273,8.0,1.288,11.047954866008464,6.104481375760013,4.968329411764706,0.0,5.333906377591697,8.0,5.0
104480,티케이케미칼,KOSDAQ,,1824.0,165793271616,1.44,-30.99167,0.14,9.492780451684562,20.355,16.573293065972113,0.7449648170996219,1.1877059847550155,313840142.45,15.956770502225035,-21.71673819742489,-37.42710120068611,0.0423355589,55.1,,https://finance.naver.com/item/main.naver?code=104480,15.0,0.0,7.0,2.695668271010737,7.984290038807124,8.0,0.9385299237750777,0.09793618762651946,10.0,3.4283876500857637
294570,쿠콘,KOSDAQ,,26250.0,264907965000,12.36,30.79656,1.55,12.53388332351208,92.563,27.60673039554962,0.1496879082595442,0.8343086079256786,6164243990.0,42.122360584732,-8.695652173913048,-36.13138686131386,0.0217326421,55.0,,https://finance.naver.com/item/main.naver?code=294570,3.6000000000000005,7.982086310938625,4.06,4.520329994107248,10.0,5.0558588235294115,0.0,6.5637928284615565,10.0,3.266423357664232
049430,코메론,KOSDAQ,,22200.0,200865600000,8.75,173.24683,0.78,8.943205301788641,5.213,41.64667068231123,0.8111448860411438,0.8241047891729627,708103155.0,12.008072653884971,25.14092446448704,-6.131078224101483,0.2239985632,55.0,,https://finance.naver.com/item/main.naver?code=049430,8.522727272727273,8.0,6.215999999999999,2.3659231810731844,10.0,8.0,0.0,1.864876373494333,10.0,0.0
101160,월덱스,KOSDAQ,,32200.0,531653974600,12.99,32.6936,1.54,11.823551829268292,22.079,21.92104708485735,1.3619744800931035,2.3852306178546523,1307213973.75,15.412186379928317,9.710391822827935,-9.039548022598876,0.2088409219,55.0,,https://finance.naver.com/item/main.naver?code=101160,2.7409090909090907,8.0,4.088,4.094131097560975,10.0,8.0,6.926153089273262,3.196127134897244,8.0,0.0
006910,보성파워텍,KOSDAQ,,7220.0,354717329280,16.89,55.51033,3.11,18.41988459831336,14.493,19.377610412231736,0.4036637434036275,1.1950842611726935,8352016710.5,-2.826379542395696,-36.27537511032657,-60.329670329670336,0.0322003596,54.9,,https://finance.naver.com/item/main.naver?code=006910,0.0,8.0,0.0,8.051930758988014,9.633888477783374,8.0,0.9754213058634676,7.223350499323056,8.0,5.0
010960,삼호개발,KOSPI,,3070.0,74048400000,3.67,35.90844,0.29,7.898953718540862,48.008,1.2045142936524011,0.580942020286202,1.2615583285089136,335006655.35,-29.748283752860416,-24.29099876695437,-44.18181818181818,0.0661761194,54.7,,https://finance.naver.com/item/main.naver?code=010960,15.0,8.0,7.0,1.7393722311245172,0.0,7.1525647058823525,1.307791642544568,0.2396609011839601,10.0,4.2727272727272725
099430,바이오플러스,KOSDAQ,,3560.0,219440970320,13.12,-33.00121,1.17,8.905315029919041,48.058,24.593331709418067,3.3874384937150324,3.3874384937150324,392961992.85,-12.638036809815956,-29.92125984251969,-48.33091436865021,0.0303237525,54.5,,https://finance.naver.com/item/main.naver?code=099430,2.563636363636365,0.0,5.124,2.343189017951425,10.0,7.150211764705882,11.937192468575162,0.5861464643636349,10.0,4.791364296081277
176750,듀켐바이오,KOSDAQ,,6890.0,196287280800,31.62,44.74767,4.17,13.18364997121474,50.469,17.24912944013754,1.2434170029409752,7.246426373025101,434328449.25,12.950819672131145,-26.545842217484005,-46.04541895066562,0.0087281212,54.5,,https://finance.naver.com/item/main.naver?code=176750,0.0,3.9116137220105536,0.0,4.910189982728843,8.38184084713973,7.036752941176471,15.0,0.8034851129967624,10.0,4.505677368833203
192080,더블유게임즈,KOSPI,,57800.0,1223826450400,8.86,17.27671,0.96,10.813403352463949,10.546,33.26779564226055,1.0855712434948728,1.1712522781669266,2622903000.0,-11.485451761102606,17.122593718338397,-24.444444444444446,0.2142537066,54.4,,https://finance.naver.com/item/main.naver?code=192080,8.372727272727273,6.495611722370755,5.712000000000001,3.488042011478369,10.0,8.0,0.8562613908346328,4.70830487561023,5.0,1.8055555555555558
108320,LX세미콘,KOSPI,,36800.0,598526240000,7.23,16.02532,0.53,7.341742887280188,27.208,5.485780356395409,1.060215119382354,1.060215119382354,4334503581.25,-6.0025542784163495,-25.65656565656565,-45.31946508172363,0.3137693599,54.2,,https://finance.naver.com/item/main.naver?code=108320,10.595454545454544,7.317852831227915,6.9159999999999995,1.4050457323681127,1.4622237390561232,8.0,0.30107559691176955,5.79909055695194,8.0,4.4149331352154535
054210,이랜텍,KOSDAQ,,6620.0,167427810200,6.32,103.45714,0.62,9.79955456570156,128.684,3.3290581112849718,0.9949923660285128,2.006534428268942,542802399.25,-9.931972789115653,-30.96976016684045,-54.31331953071084,0.0683650565,54.2,,https://finance.naver.com/item/main.naver?code=054210,11.836363636363636,8.0,6.664,2.8797327394209367,0.19356359487351282,3.3560470588235294,5.03267214134471,1.287602519523059,10.0,5.0
204610,티쓰리,KOSDAQ,,2950.0,164392349000,9.46,17.27671,1.59,16.78474114441417,12.823,20.051459576252054,0.4216731959103154,0.6405987777662117,312500912.7,-1.6666666666666718,12.16730038022813,-22.266139657444008,0.03494836,54.2,,https://finance.naver.com/item/main.naver?code=204610,7.554545454545453,6.032560597474867,3.9479999999999995,7.070844686648503,10.0,8.0,0.0,0.08865017688207466,10.0,1.533267457180501
104540,코렌텍,KOSDAQ,,4600.0,61674086000,8.82,-33.00121,0.74,8.367556468172484,75.47,5.640207545628689,2.664500186504992,18.625859851639056,569195683.25,11.380145278450373,-18.727915194346288,-38.17204301075269,0.0256362713,54.1,,https://finance.naver.com/item/main.naver?code=104540,8.427272727272726,0.0,6.327999999999999,2.020533880903491,1.553063262134523,5.860235294117647,15.0,1.3907017151932966,10.0,3.521505376344086
054930,유신,KOSDAQ,,17400.0,52200000000,4.99,35.90844,0.34,6.781922608342519,121.356,6.063674458207284,0.2109996986454499,1.927381280473513,367419106.5,-4.605263157894735,-24.51193058568329,-40.30874785591767,0.028792,54.1,,https://finance.naver.com/item/main.naver?code=054930,13.65,8.0,7.0,1.0691535650055117,1.8021614460042847,3.700894117647059,4.636906402367565,0.4402024099273216,10.0,3.788593481989709
002800,신신제약,KOSDAQ,,4430.0,67205315000,7.22,44.74767,0.9,12.42651530508818,79.278,11.955364435964023,0.0913069173744359,0.2052790742609573,420075904.0,4.112808460634554,-18.416206261510126,-36.62374821173104,0.0352109687,54.0,,https://finance.naver.com/item/main.naver?code=002800,10.60909090909091,8.0,5.880000000000001,4.455909183052908,5.2678614329200135,5.681035294117647,0.0,0.7310325797002548,10.0,3.32796852646638
017550,수산세보틱스,KOSPI,,1838.0,114689600940,7.13,173.24683,0.57,7.939981244138794,41.563,8.818086702954925,0.5650839583418187,0.8744408003125634,429327856.45,-1.553294054633103,-3.5676810073452248,-54.56118665018541,0.0235627003,54.0,,https://finance.naver.com/item/main.naver?code=017550,10.731818181818182,8.0,6.804,1.7639887464832764,3.422403942914662,7.455858823529413,0.0,0.7783390668891776,10.0,5.0
190510,나무가,KOSDAQ,,15510.0,218463266670,8.98,103.45714,1.28,14.240143955504662,38.801,2.309122664127438,0.1629136655319953,0.3381592381827716,3521439350.5,24.179343474779813,-10.605187319884724,-45.76923076923077,0.0435469787,54.0,,https://finance.naver.com/item/main.naver?code=190510,8.209090909090909,8.0,4.816,5.544086373302797,0.0,7.585835294117648,0.0,5.347994791250308,10.0,4.471153846153846
194700,노바렉스,KOSDAQ,,10100.0,184373964800,5.08,-10.63503,0.71,14.028196675317387,40.109,10.774277706042673,0.6233989018034033,0.8696468177995199,602595808.5,-24.962852897474,-23.71601208459214,-52.24586288416076,0.0643818015,54.0,,https://finance.naver.com/item/main.naver?code=194700,13.527272727272727,0.0,6.412,5.416918005190432,4.573104532966278,7.524282352941176,0.0,1.5145242589425756,10.0,5.0
201490,미투온,KOSDAQ,,3400.0,111260668400,135.4,17.27671,0.74,0.5448997384481256,6.6000000000000005,19.1756233016839,0.1162073769228062,2.216290238146136,33248157137.8,73.02798982188294,13.33333333333333,-41.97952218430034,0.0102927154,53.9,,https://finance.naver.com/item/main.naver?code=201490,0.0,0.0,6.327999999999999,0.0,9.515072530402293,8.0,6.0814511907306805,10.0,10.0,3.997440273037543
425040,티이엠씨,KOSDAQ,,14240.0,312182067520,17.6,32.6936,1.42,8.041958041958042,55.838,6.776166108136216,3.372494154337474,3.372494154337474,10061760145.25,37.58454106280193,34.720908230842,-53.003300330033,0.0111844702,53.9,,https://finance.naver.com/item/main.naver?code=425040,0.0,6.155577850099102,4.424,1.825174825174825,2.221274181256598,6.784094117647059,11.86247077168737,7.627763527865961,8.0,5.0
015750,성우하이텍,KOSDAQ,,5750.0,460000000000,2.74,9.42302,0.27,9.949075820445117,147.204,5.77581709953895,0.7376983546745208,1.2092875362359206,1029538822.25,-4.643449419568824,-36.60418963616318,-52.04336947456214,0.0630205375,53.8,,https://finance.naver.com/item/main.naver?code=015750,15.0,8.0,7.0,2.96944549226707,1.6328335879640885,2.4845176470588233,1.0464376811796028,2.677607365441288,8.0,5.0
097520,엠씨넥스,KOSPI,,19130.0,332890695000,6.1,103.45714,0.81,13.216506975962346,58.77,0.7424257388994432,0.7971412157908551,1.5688073899645223,520004634.0,1.9722814498933872,-14.977777777777778,-41.138461538461534,0.1249581933,53.8,,https://finance.naver.com/item/main.naver?code=097520,12.136363636363637,8.0,6.132,4.929904185577408,0.0,6.646117647058823,2.8440369498226117,1.1944297956493521,8.0,3.892307692307692
265740,엔에프씨,KOSDAQ,,7460.0,133262456000,13.5,43.73552,2.08,15.382513661202186,32.325,18.590930272886563,0.3162041022056054,0.9711818748953448,4343197930.5,42.638623326959845,-13.356562137049943,-24.263959390862944,0.0371437448,53.5,,https://finance.naver.com/item/main.naver?code=265740,2.0454545454545454,8.0,2.576,6.229508196721312,9.171135454639154,7.890588235294119,0.0,5.803441834950354,10.0,1.782994923857868
079900,전진건설로봇,KOSPI,,40000.0,583701800000,18.74,173.24683,3.8,20.297168488926268,42.007,20.33342057970647,0.266283608514062,0.7947444623871177,5477581243.75,6.10079575596818,-24.812030075187973,-46.20040349697378,0.0017870084,53.4,,https://finance.naver.com/item/main.naver?code=079900,0.0,8.0,0.0,9.17830109335576,10.0,7.4349647058823525,0.0,6.307337865188085,8.0,4.525050437121722
173130,오파스넷,KOSDAQ,,7580.0,98892265340,7.96,30.79656,1.56,19.568722289399435,114.518,4.090551339097678,0.910081288991925,2.305031624352771,640575289.5,20.317460317460316,6.013986013986017,-11.551925320886811,0.0473944184,53.4,,https://finance.naver.com/item/main.naver?code=173130,9.6,8.0,4.032,8.741233373639663,0.6415007877045167,4.022682352941176,6.525158121763854,1.647244634063325,10.0,0.1939906651108514
091700,파트론,KOSDAQ,,5180.0,259000000000,7.74,103.45714,0.51,6.530374963666312,40.69,1.2608473742597317,2.089362331127829,2.089362331127829,408195985.25,-14.942528735632187,-35.89108910891089,-40.664375715922105,0.24744018,53.2,,https://finance.naver.com/item/main.naver?code=091700,9.9,8.0,6.972,0.9182249781997873,0.0,7.496941176470588,5.446811655639145,0.6687373712178513,10.0,3.833046964490263
052260,현대바이오랜드,KOSDAQ,,5410.0,162300000000,708.75,43.73552,1.25,0.1762891141472014,14.241,17.491644086178766,10.05940863912277,13.397104041365893,5670551141.55,56.81159420289854,34.57711442786069,-13.301282051282048,0.0252768667,53.2,,https://finance.naver.com/item/main.naver?code=052260,0.0,0.0,4.8999999999999995,0.0,8.524496521281627,8.0,15.0,6.382520084447796,10.0,0.41266025641025594
003570,SNT다이내믹스,KOSPI,,31000.0,1030833607000,11.5,9.42302,0.85,7.349653781146066,31.815,8.755159738370182,2.263049199998794,9.43318248830976,2486981587.5,-11.174785100286533,-35.483870967741936,-58.277254374158815,0.1245508597,53.1,,https://finance.naver.com/item/main.naver?code=003570,4.7727272727272725,0.0,6.02,1.4097922686876396,3.3853880813942245,7.914588235294118,15.0,4.592756576199797,5.0,5.0
000220,유유제약,KOSPI,,3690.0,58108134780,7.52,44.74767,0.52,6.959966048946102,42.21,10.906770782520836,0.1129831363728529,0.2756049337509528,941462884.45,-1.4686248331108098,-11.084337349397588,-27.647058823529413,0.0224442517,53.1,,https://finance.naver.com/item/main.naver?code=000220,10.200000000000001,8.0,6.944,1.175979629367661,4.651041636776962,7.425411764705882,0.0,2.483409743299001,10.0,2.2058823529411766
016380,KG스틸,KOSPI,,5610.0,561049912170,4.02,40.87613,0.26,6.564943015917867,63.214000000000006,4.80934603932652,0.7688876319991214,1.3537466327541363,954980207.0,5.849056603773595,-3.1088082901554404,-28.987341772151897,0.0619164113,53.1,,https://finance.naver.com/item/main.naver?code=016380,14.972727272727273,8.0,7.0,0.9389658095507204,1.0643211996038355,6.436988235294118,1.7687331637706816,2.514365578667226,8.0,2.373417721518987
368770,파이버프로,KOSDAQ,,12900.0,423819502500,44.56,276.92069,9.08,20.3862660944206,43.538,20.23301235318867,0.8077988359847748,1.2945658381668903,1932751566.0,-1.526717557251911,-21.580547112462,-56.92821368948246,0.0283996351,53.1,,https://finance.naver.com/item/main.naver?code=368770,0.0,8.0,0.0,9.231759656652358,10.0,7.362917647058823,1.4728291908344515,4.045273895537509,8.0,5.0
017890,한국알콜,KOSDAQ,,15800.0,326641394800,10.3,-30.99167,0.59,5.699050788488447,18.057,13.393824667056036,1.3756456798919092,5.074304351596764,925261524.25,22.196442382057224,40.07092198581561,-3.775883069427533,0.254752919,53.1,,https://finance.naver.com/item/main.naver?code=017890,6.409090909090908,0.0,6.748,0.419430473093068,6.114014510032963,8.0,15.0,2.44571624137099,8.0,0.0
010690,화신,KOSPI,,7420.0,259109442200,3.82,9.42302,0.45,11.676701331873746,199.374,1.1638358014590198,0.5177435955173529,1.2471385329659892,1038015881.75,-22.38493723849372,-34.683098591549296,-55.622009569378,0.0107996727,52.9,,https://finance.naver.com/item/main.naver?code=010690,15.0,7.9281306134692855,7.0,4.006020799124247,0.0,0.02945882352941199,1.235692664829946,2.6954137179697746,10.0,5.0
079960,동양이엔피,KOSDAQ,,16770.0,126641304660,2.57,-76.86105,0.29,11.17524148797698,15.003,2.57494751324157,0.7453204195312892,1.6814974657499877,434716796.75,-16.10805402701351,-42.95918367346939,-55.92641261498028,0.0759419984,52.9,,https://finance.naver.com/item/main.naver?code=079960,15.0,0.0,7.0,3.7051448927861874,0.0,8.0,3.4074873287499385,0.8054258311390416,10.0,5.0
001060,JW중외제약,KOSPI,,26450.0,615912848500,10.46,44.74767,1.73,16.5729234793983,60.975,15.016273812358582,0.4101869429622473,0.4673816818231106,1716955558.75,2.519379844961245,-11.390284757118929,-32.61146496815287,0.0766483881,52.9,,https://finance.naver.com/item/main.naver?code=001060,6.19090909090909,8.0,3.556,6.943754087638979,7.068396360210931,6.542352941176471,0.0,3.788188997082722,8.0,2.826433121019109
011560,세보엠이씨,KOSDAQ,,23600.0,238002979200,6.35,35.90844,0.82,12.977400926957207,70.051,6.230865946503079,0.6656416341126454,0.98435970020877,1193720573.75,-8.349514563106798,30.603209739900382,-19.453924914675767,0.1231828227,52.9,,https://finance.naver.com/item/main.naver?code=011560,11.795454545454545,8.0,6.104000000000001,4.786440556174325,1.900509380295929,6.11524705882353,0.0,2.998907121337613,10.0,1.1817406143344709
111710,남화산업,KOSDAQ,,3130.0,64440440000,9.92,14.80503,0.35,3.5313351498637604,7.961,19.904613016482298,0.1378823152560017,0.7193504287193333,600588902.2,-41.27579737335834,-20.859671302149174,-59.97442455242968,0.0148927531,52.8,,https://finance.naver.com/item/main.naver?code=111710,6.927272727272728,4.399432715322653,7.0,0.0,9.943890009695469,8.0,0.0,1.5072802411924346,10.0,5.0
236200,슈프리마,KOSDAQ,,57100.0,398233158100,11.97,276.92069,1.43,11.979340648045842,9.494,25.1840091865546,0.8927512302160618,1.5261414123858044,1200047885.0,30.06833712984054,17.12820512820512,-12.153846153846148,0.3036738683,52.6,,https://finance.naver.com/item/main.naver?code=236200,4.131818181818181,8.0,4.396,4.187604388827506,10.0,8.0,2.6307070619290216,3.0103866057079376,8.0,0.2692307692307685
025540,한국단자,KOSPI,,55100.0,557336500000,5.35,9.42302,0.49,9.081408715644269,38.091,4.515135779761474,1.2367649926107191,1.2367649926107191,990821227.5,-18.97058823529412,-26.435246995994653,-41.38297872340425,0.2760445872,52.6,,https://finance.naver.com/item/main.naver?code=025540,13.15909090909091,5.763219576455673,7.0,2.4488452293865617,0.8912563410361611,7.619247058823529,1.1838249630535957,2.5943702384139566,8.0,3.9228723404255312
452190,한빛레이저,KOSDAQ,,6160.0,147350631120,59.52,-76.86105,4.72,7.932875667429442,35.852000000000004,11.447038977651909,0.8869031166140502,6.25652269537867,20357676121.6,61.04575163398693,53.23383084577114,-41.83191690273843,0.009889569,52.6,,https://finance.naver.com/item/main.naver?code=452190,0.0,0.0,0.0,1.7597254004576648,4.968846457442299,7.724611764705882,15.0,9.158034729998477,10.0,3.9789896128423035
396300,HT로보틱스,KOSDAQ,,5420.0,143573090000,102.22,276.92069,1.97,1.9265073135925792,106.255,5.449030223268324,0.658569337516736,6.170122688385088,16987400269.35,63.99394856278367,48.49315068493149,-26.158038147138964,0.0132506465,52.5,,https://finance.naver.com/item/main.naver?code=396300,0.0,8.0,2.8840000000000003,0.0,1.4406060136872494,4.411529411764706,15.0,8.765028326731192,10.0,2.0197547683923704
095660,네오위즈,KOSDAQ,,17740.0,383830782660,7.16,17.27671,0.67,9.379300085536835,16.354,7.781162608350868,0.95977561909974,0.95977561909974,677976173.75,-1.3896609227348478,-27.29508196721312,-43.77179080824089,0.2102031575,52.5,,https://finance.naver.com/item/main.naver?code=095660,10.690909090909091,7.807589909575764,6.524,2.6275800513221013,2.812448593147569,8.0,0.0,1.7704658845959909,8.0,4.221473851030111
064960,SNT모티브,KOSPI,,26450.0,701990194400,9.19,9.42302,0.63,6.867447218695631,26.89,10.015145158710054,0.7389210235375174,3.3895947829709505,2062508827.5,0.7619047619047636,-15.495207667731624,-35.17156862745098,0.1220042507,52.4,,https://finance.naver.com/item/main.naver?code=064960,7.922727272727273,0.32971736591170736,6.636,1.1204683312173787,4.126555975711796,8.0,11.947973914854753,4.186372806393521,5.0,3.1464460784313726
014940,오리엔탈정공,KOSDAQ,,4450.0,202802791450,10.43,19.51828,1.59,15.261627906976743,66.903,14.778383555146618,0.7032989890215559,1.045315652114982,542765914.9,-6.708595387840665,-33.38323353293413,-65.50387596899225,0.0436209415,52.3,,https://finance.naver.com/item/main.naver?code=014940,6.231818181818182,6.20838858068778,3.9479999999999995,6.1569767441860455,6.9284609147921286,6.263388235294117,0.22657826057491004,1.2874565595527798,10.0,5.0
003310,대주산업,KOSDAQ,,1625.0,57512568750,8.63,32.13158,0.52,6.044303797468355,29.248,10.123482958203551,0.4686480926090315,0.7233874089347795,422160216.4,0.6815365551424923,-56.081081081081074,-73.31691297208538,0.0897604708,52.2,,https://finance.naver.com/item/main.naver?code=003310,8.686363636363636,8.0,6.944,0.6265822784810129,4.190284093060913,8.0,0.0,0.7417802453475275,10.0,5.0
226590,엠디바이스,KOSDAQ,,14390.0,154214521760,13.87,32.6936,3.23,23.24797843665768,117.65,17.201612412561857,0.6019482837465384,1.462601429187323,941003637.5,27.57092198581561,-59.00284900284901,-62.131578947368425,0.0256540582,52.2,,https://finance.naver.com/item/main.naver?code=226590,1.540909090909092,7.676772620125449,0.0,10.948787061994608,8.353889654448151,3.8752941176470586,2.3130071459366155,2.4823502374971884,10.0,5.0
043150,바텍,KOSDAQ,,17500.0,259949480000,6.47,-33.00121,0.52,8.093853945042103,38.247,20.165273852165523,0.7581874728178365,0.8995757530997924,440048201.25,-6.316916488222701,-22.22222222222222,-36.01462522851919,0.2159410744,52.1,,https://finance.naver.com/item/main.naver?code=043150,11.631818181818183,0.0,6.944,1.8563123670252617,10.0,7.61190588235294,0.0,0.8318949769049322,10.0,3.251828153564899
073240,금호타이어,KOSPI,,6710.0,1927516525770,5.66,9.42302,0.97,17.112526539278132,138.845,13.673626518173062,0.6164055888521436,0.8663267389889091,12745062099.25,42.61424017003188,14.310051107325371,-24.18079096045198,0.1246293505,52.1,,https://finance.naver.com/item/main.naver?code=073240,12.736363636363636,5.324577470916966,5.684,7.267515923566879,6.278603834219449,2.8778823529411763,0.0,8.141103505771747,2.0,1.7725988700564974
048870,시너지이노베이션,KOSDAQ,,1590.0,140090071170,45.94,-33.00121,0.67,1.4577259475218658,22.124,17.123743738180856,1.1131400568166618,4.434635693917621,365919064.1,-6.5255731922398645,-26.046511627906977,-40.5607476635514,0.1424359162,52.1,,https://finance.naver.com/item/main.naver?code=048870,0.0,0.0,6.524,0.0,8.308084551871092,8.0,15.0,0.43131890881357826,10.0,3.8200934579439254
425420,티에프이,KOSDAQ,,63300.0,781576557300,39.91,32.6936,6.73,16.85261927531612,31.790000000000003,18.09716886147652,0.8172429176807476,4.00608281151805,7642966228.75,63.144329896907216,5.32445923460898,-18.532818532818528,0.0420242483,52.0,,https://finance.naver.com/item/main.naver?code=425420,0.0,0.0,0.0,7.111571565189671,8.880687565574423,7.915764705882354,15.0,7.03070342946857,5.0,1.066602316602316
003650,미창석유,KOSPI,,126900.0,220764376800,2.73,-30.99167,0.39,14.364792577280545,14.551,5.99946768849068,0.6733429116719919,1.5508331010228806,305755367.5,-9.421841541755892,13.000890471950145,-24.9112426035503,0.3038325615,52.0,,https://finance.naver.com/item/main.naver?code=003650,15.0,0.0,7.0,5.6188755463683275,1.7643927579356937,8.0,2.754165505114403,0.04126417522409831,10.0,1.8639053254437874
482630,삼양엔씨켐,KOSDAQ,,13930.0,304903740400,20.12,32.6936,2.55,12.683553597650512,19.275,14.699889460751931,3.0906526005888124,3.0906526005888124,1377181768.75,-7.931262392597493,-13.799504950495043,-44.28,0.0331485617,51.9,,https://finance.naver.com/item/main.naver?code=482630,0.0,5.127853769545111,1.2600000000000005,4.610132158590307,6.8822879180893715,8.0,10.453263002944063,3.3093500506177254,8.0,4.285
306200,세아제강,KOSPI,,156000.0,442462800000,13.65,40.87613,0.36,2.673687362747055,81.42200000000001,7.055248150781504,4.707789998866085,4.707789998866085,1285234775.0,25.100240577385733,12.472963229992784,-17.460317460317466,0.0500186863,51.9,,https://finance.naver.com/item/main.naver?code=306200,1.8409090909090904,8.0,7.0,0.0,2.3854400886950025,5.580141176470588,15.0,3.1593060658033245,8.0,0.9325396825396832
009900,명신산업,KOSPI,,8280.0,434452701240,6.21,9.42302,0.56,9.037900874635568,91.115,8.87954194877244,0.3379030329529987,1.078356575052556,2645997321.25,12.653061224489791,-16.78391959798995,-44.57831325301205,0.0566042209,51.8,,https://finance.naver.com/item/main.naver?code=009900,11.986363636363635,4.546341477219264,6.832,2.422740524781341,3.4585540875131997,5.1240000000000006,0.39178287526278055,4.7273407273088885,8.0,4.322289156626506
065710,서호전기,KOSDAQ,,43700.0,225055000000,9.76,6.67102,2.47,25.32008830022075,32.486,17.52800919288423,1.1960497681586972,1.4638082827868582,343201008.75,-0.34207525655644,-1.7977528089887618,-27.045075125208683,0.0194172816,51.8,,https://finance.naver.com/item/main.naver?code=065710,7.1454545454545455,0.0,1.4839999999999993,12.0,8.545887760520136,7.883011764705882,2.3190414139342908,0.29213650477212916,10.0,2.1306343906510854
077500,유니퀘스트,KOSPI,,10090.0,217945029180,10.47,32.6936,0.88,8.357399142382077,182.53,7.66245679177584,1.0194294100379648,3.261297231373186,2577002120.25,68.16666666666666,67.05298013245033,-3.073967339097017,0.6095992047,51.7,,https://finance.naver.com/item/main.naver?code=077500,6.177272727272726,8.0,5.936000000000001,2.0144394854292464,2.7426216422210823,0.8221176470588235,11.30648615686593,4.669967605753991,10.0,0.0
462870,시프트업,KOSPI,,30750.0,1806313117500,9.47,17.27671,1.96,20.73416446291399,12.987000000000002,50.45876299298431,1.171510681720367,1.2311475232816615,1028044632.5,-9.956076134699854,5.488850771869647,-24.90842490842491,0.3678524644,51.6,,https://finance.naver.com/item/main.naver?code=462870,7.54090909090909,6.024843078726602,2.9120000000000004,9.440498677748394,10.0,8.0,1.1557376164083077,2.6744535760972266,2.0,1.8635531135531136
353810,이지바이오,KOSDAQ,,6050.0,200145616000,7.29,32.13158,1.89,25.925925925925924,192.182,10.166957196391152,0.2801367293506534,0.7722550194874024,477375399.0,-4.57413249211357,-11.549707602339176,-29.32242990654206,0.0524759446,51.6,,https://finance.naver.com/item/main.naver?code=353810,10.513636363636364,8.0,3.1080000000000005,12.0,4.215857174347737,0.36790588235294175,0.0,1.0086938982698168,10.0,2.4153037383177574
033320,제이씨현시스템,KOSDAQ,,3085.0,58968022720,6.63,19.41098,0.5,7.530562347188265,28.479,0.6560867508248811,0.2326110564551492,0.4180948899734578,479962853.6,11.171171171171167,-38.3,-47.17465753424658,0.0401310382,51.6,,https://finance.naver.com/item/main.naver?code=033320,11.413636363636364,8.0,7.0,1.5183374083129586,0.0,8.0,0.0,1.020431860146216,10.0,4.646832191780822
064850,에프앤가이드,KOSDAQ,,19930.0,227407916760,24.02,30.79656,3.44,14.333002317113538,16.594,52.69578130482642,1.0861967015403349,2.770085535136148,629677370.0,-26.18518518518519,10.049696300386524,-46.13513513513513,0.0976344948,51.5,,https://finance.naver.com/item/main.naver?code=064850,0.0,2.9339034402976605,0.0,5.599801390268123,10.0,8.0,8.850427675680741,1.6099841536811788,10.0,4.516891891891891
253590,네오셈,KOSDAQ,,13380.0,586969414320,106.43,32.6936,4.78,4.491978609625669,35.658,31.71403730826557,0.6606780812574686,4.054551567352015,8588199611.25,30.91976516634052,-24.192634560906512,-37.476635514018696,0.0,51.5,,https://finance.naver.com/item/main.naver?code=253590,0.0,0.0,0.0,0.0,10.0,7.733741176470588,15.0,7.283904376261949,8.0,3.434579439252337
012210,삼미금속,KOSDAQ,,12270.0,282842874330,133.49,173.24683,2.75,2.05840114887506,122.631,11.7101595617211,0.9380090028094206,4.426585586750259,62218985447.75,69.94459833795015,-14.49477351916376,-41.15107913669065,0.0061013608,51.4,,https://finance.naver.com/item/main.naver?code=012210,0.0,3.0597446814274543,0.7000000000000001,0.0,5.123623271600648,3.6408941176470586,15.0,10.0,10.0,3.893884892086331
012630,HDC,KOSPI,,25400.0,1517439713400,4.18,35.90844,0.43,10.265057790733144,120.503,15.027943932226574,0.4232972883313715,0.656164254895652,2600521471.25,19.2488262910798,-8.797127468581689,-17.128874388254488,0.2507105713,51.3,,https://finance.naver.com/item/main.naver?code=012630,14.754545454545454,8.0,7.0,3.159034674439886,7.075261136603866,3.7410352941176472,0.0,4.689695945829042,2.0,0.891109298531811
032940,원익,KOSDAQ,,8910.0,162101242710,14.0,43.73552,0.57,4.049983979493752,39.977,7.258116853823085,0.0477319628544585,0.2444551490769531,35495704336.25,55.22648083623694,-9.543147208121828,-49.943820224719104,0.0136899094,51.2,,https://finance.naver.com/item/main.naver?code=032940,1.3636363636363638,8.0,6.804,0.0,2.5047746198959326,7.530494117647058,0.0,10.0,10.0,4.992977528089888
000240,한국앤컴퍼니,KOSPI,,25050.0,2378127762000,6.82,9.42302,0.5,7.2627137111951985,9.719,29.4932816167484,0.8193046387287554,1.3115833806266617,1643398767.5,0.8048289738430636,-4.022988505747128,-31.27572016460905,0.0878062667,51.1,,https://finance.naver.com/item/main.naver?code=000240,11.154545454545454,3.683207011481809,7.0,1.357628226717119,10.0,8.0,1.5579169031333084,3.6931085110508644,2.0,2.659465020576132
303360,프로티아,KOSDAQ,,5890.0,75861521350,16.54,-33.00121,2.41,14.555369127516778,5.998,30.60719792677783,3.075618714172931,7.618353756907974,314851955.25,50.44699872286078,27.627302275189592,-14.51378809869376,0.0200844506,51.1,,https://finance.naver.com/item/main.naver?code=303360,0.0,0.0,1.6519999999999995,5.733221476510067,10.0,8.0,15.0,0.10492569961114029,10.0,0.5642235123367201
085910,네오티스,KOSDAQ,,16430.0,226648859740,52.48,9.42302,4.17,7.944150216658643,75.249,19.90953233814577,0.929530617653859,3.6726099959210297,3185273034.0,-12.699256110520718,-2.6081802015411992,-54.73829201101928,0.1129930819,51.1,,https://finance.naver.com/item/main.naver?code=085910,0.0,0.0,0.0,1.7664901299951854,9.94678372832104,5.870635294117648,13.363049979605147,5.130127051167248,10.0,5.0
069260,TKG휴켐스,KOSPI,,15750.0,643837761000,10.47,-30.99167,0.69,6.639445365998895,36.185,8.262459089657785,1.7932243754988813,3.86158456243904,817914287.25,-1.930261519302612,-13.27092511013216,-26.914153132250583,0.0786923218,51.0,,https://finance.naver.com/item/main.naver?code=069260,6.177272727272726,0.0,6.468,0.9836672195993367,3.0955641703869325,7.708941176470588,14.3079228121952,2.1779326987635184,8.0,2.114269141531323
039200,오스코텍,KOSDAQ,,35750.0,1367729792000,26.06,44.74767,7.52,28.86684954631779,19.215,73.453696699227,0.6982680192448644,1.058372476155438,3771395858.75,2.1428571428571352,-31.9047619047619,-45.833333333333336,0.1243544909,50.8,,https://finance.naver.com/item/main.naver?code=039200,0.0,5.568310782066046,0.0,12.0,10.0,8.0,0.2918623807771903,5.496904325645122,5.0,4.479166666666667
483350,딜리셔스,KOSDAQ,,2810.0,62251222600,15.86,30.79656,-0.53,-3.3189809831359884,55.887,26.229281687456783,0.5971199532134543,1.2236161809301922,2231020702.4,-45.3307392996109,-45.3307392996109,-61.82065217391304,0.0248190576,50.7,,https://finance.naver.com/item/main.naver?code=483350,0.0,6.466765552169897,7.0,0.0,10.0,6.781788235294117,1.118080904650961,4.356911727745496,10.0,5.0
016740,두올,KOSPI,,3975.0,113979245400,4.01,9.42302,0.41,10.20638669267892,97.335,3.950250363463486,0.3279282874342415,0.5898183340065308,335983340.85,10.416666666666677,-12.637362637362637,-26.66051660516605,0.0316443901,50.5,,https://finance.naver.com/item/main.naver?code=016740,14.986363636363636,7.659285452010078,7.0,3.123832015607352,0.5589708020373447,4.831294117647059,0.0,0.24598244733480712,10.0,2.082564575645756
453340,현대그린푸드,KOSPI,,19280.0,626052197360,7.11,32.13158,0.84,11.831839864473274,36.388,6.408242670192197,1.4178597340650974,1.4178597340650974,657973121.0,10.487106017191984,22.64631043256997,-3.3583959899749383,0.1563360916,50.4,,https://finance.naver.com/item/main.naver?code=453340,10.75909090909091,8.0,6.048000000000001,4.099103918683964,2.004848629524822,7.699388235294117,2.0892986703254866,1.7054344890017692,8.0,0.0
215000,골프존,KOSDAQ,,35900.0,225287398500,8.47,14.80503,0.49,5.827588560507816,41.119,6.544815594806247,0.5971845787189324,1.5877560540136242,667936391.25,-9.798994974874375,-24.18162618796198,-42.19001610305958,0.1571346277,50.4,,https://finance.naver.com/item/main.naver?code=215000,8.904545454545454,5.705295204850424,7.0,0.4965531363046894,2.0851856440036745,7.47675294117647,2.938780270068121,1.7380692555124266,10.0,4.023752012882447
005690,파미셀,KOSPI,,12080.0,724848489120,18.0,-30.99167,5.85,32.509689922480625,28.447,33.936969590300656,0.3102827557458136,1.481800322289794,17647935568.75,-3.437250199840125,-20.786885245901644,-42.88416075650117,0.0870640088,50.4,,https://finance.naver.com/item/main.naver?code=005690,0.0,0.0,0.0,12.0,10.0,8.0,2.40900161144897,8.847863274018648,5.0,4.110520094562646
100700,세운메디칼,KOSDAQ,,2285.0,100083000000,8.23,-33.00121,0.64,7.7845982142857135,5.489999999999999,19.43731834568301,0.1970951191785095,1.397175668724557,338565214.1,4.576659038901609,-6.734693877551024,-33.381924198250736,0.0298774429,50.4,,https://finance.naver.com/item/main.naver?code=100700,9.23181818181818,0.0,6.608,1.670758928571428,9.669010791578241,8.0,1.9858783436227843,0.2626053986848653,10.0,2.922740524781342
001390,KG케미칼,KOSPI,,4245.0,281883434820,4.12,6.84847,0.28,6.885179701171087,127.037,3.522045524293404,1.15788236000735,1.655413435975692,431406692.25,1.9207683073229287,-18.678160919540232,-42.63513513513514,0.1180651463,50.2,,https://finance.naver.com/item/main.naver?code=001390,14.836363636363636,5.31207700406076,7.0,1.1311078207026526,0.30708560252553185,3.4335529411764703,3.2770671798784603,0.7888281157315724,10.0,4.079391891891892
263860,지니언스,KOSDAQ,,19330.0,175508668000,21.82,226.89355,2.64,12.090363965974062,30.767,19.48914650860257,0.248011527257102,0.8351318556548583,8141510574.75,58.0539656582175,42.13235294117648,-26.501901140684414,0.2626869025,50.2,,https://finance.naver.com/item/main.naver?code=263860,0.0,8.0,1.0079999999999998,4.254218379584437,9.699497946236805,7.963905882352941,0.0,7.1679186829204244,10.0,2.0627376425855517
035610,솔본,KOSDAQ,,4980.0,136183065060,6.17,-61.05034,0.65,10.469453376205788,20.291,45.85472296769556,0.1735582756218431,0.3387857540138378,322504224.0,35.8799454297408,41.47727272727273,-11.071428571428577,0.0115283418,50.2,,https://finance.naver.com/item/main.naver?code=035610,12.040909090909091,0.0,6.58,3.281672025723473,10.0,8.0,0.0,0.15707076231048944,10.0,0.13392857142857206
004490,세방전지,KOSPI,,59700.0,827442000000,5.61,9.42302,0.49,8.74874677448515,43.443,6.6623039393245485,0.2432189964332019,0.6477251444258303,6212623302.5,12.854442344045358,1.015228426395942,-23.16602316602317,0.2350704906,50.2,,https://finance.naver.com/item/main.naver?code=004490,12.804545454545455,5.395326197616758,7.0,2.2492480646910904,2.1542964348967932,7.3673882352941185,0.0,6.580768832946822,5.0,1.6457528957528962
037270,YG PLUS,KOSPI,,3100.0,197355641000,8.78,852.84337,1.05,11.9136010799865,48.857,6.074009940512807,0.8439772827636989,0.9436802677005794,316274160.9,-8.823529411764708,-41.6195856873823,-61.58612143742255,0.0486249886,50.1,,https://finance.naver.com/item/main.naver?code=037270,8.481818181818182,8.0,5.46,4.148160647991901,1.8082411414781219,7.112611764705882,0.0,0.11471228735659089,10.0,5.0
007540,샘표,KOSPI,,46350.0,93416941800,9.69,32.13158,0.44,4.505377747124722,34.185,4.386000551419425,0.1539143102529815,0.3285389691573443,4485330711.25,8.675263774912079,-13.847583643122674,-36.593707250342,0.0579845475,50.1,,https://finance.naver.com/item/main.naver?code=007540,7.240909090909092,8.0,7.0,0.0,0.8152944420114263,7.803058823529412,0.0,5.873366075650006,10.0,3.32421340629275
205100,엑셈,KOSDAQ,,1427.0,96378686698,15.67,226.89355,0.84,5.358182877111241,10.588,20.46758124812395,0.6440207179457884,1.4632602495429017,637710085.15,4.38917337234821,-24.417372881355934,-40.91097308488612,0.057263412,50.1,,https://finance.naver.com/item/main.naver?code=205100,0.0,8.0,6.048000000000001,0.21490972626674443,10.0,8.0,2.3163012477145086,1.6375101526454738,10.0,3.8638716356107654
240550,동방메디컬,KOSDAQ,,6180.0,129371749200,10.63,-33.00121,1.03,9.68670618120237,50.252,18.731155874653755,0.300913549379748,0.785152418501779,3281230226.75,10.357142857142865,-6.78733031674208,-44.07239819004525,0.0161557261,50.0,,https://finance.naver.com/item/main.naver?code=240550,5.959090909090908,0.0,5.516,2.812023708721422,9.253621102737503,7.046964705882353,0.0,5.19457724453015,10.0,4.259049773755656
007810,코리아써키트,KOSPI,,74500.0,1786705190000,42.93,276.92069,4.61,10.74051026757934,81.62,4.737539600386731,0.7768374054914756,5.824307789247043,32166607918.75,-7.107231920199498,22.532894736842103,-49.763991908294,0.0593792922,50.0,,https://finance.naver.com/item/main.naver?code=007810,0.0,8.0,0.0,3.4443061605476046,1.0220821178745478,5.570823529411764,15.0,10.0,2.0,4.97049898853675
060720,KH바텍,KOSDAQ,,10960.0,259504764320,11.88,103.45714,0.87,7.362891029212768,78.792,4.788803298277498,0.5359303791982967,2.2525353037660287,1172945447.0,5.689488910318219,-21.65832737669764,-45.09018036072144,0.0730667612,50.0,,https://finance.naver.com/item/main.naver?code=060720,4.254545454545454,8.0,5.9639999999999995,1.4177346175276604,1.0522372342808815,5.703905882352941,6.262676518830143,2.9607827954285426,10.0,4.38627254509018
114810,한솔아이원스,KOSDAQ,,14900.0,419333292600,14.68,32.6936,1.99,13.527014591823322,21.287,12.208714267046885,1.076285665024373,2.1806892362574244,2970342124.0,16.40625,5.823863636363647,-25.125628140703515,0.0503001545,49.9,,https://finance.naver.com/item/main.naver?code=114810,0.43636363636363673,7.346432737090236,2.8280000000000003,5.116208755093993,5.416890745321696,8.0,5.903446181287122,4.978426097580559,8.0,1.8907035175879394
356860,티엘비,KOSDAQ,,45850.0,1086702771000,48.72,32.6936,7.36,15.101050929668553,90.367,14.474717203375844,0.6482928575413863,3.893258381181468,25792734717.5,-33.26055312954877,-37.61904761904762,-32.18283672878167,0.0627148936,49.9,,https://finance.naver.com/item/main.naver?code=356860,0.0,0.0,0.0,6.060630557801132,6.749833649044614,5.1592,14.46629190590734,9.671880683263359,5.0,2.772854591097709
115440,우리넷,KOSDAQ,,11590.0,125105844280,32.34,-359.29063,1.24,3.840729087555604,39.201,2.2517960621452024,1.6346108328494078,3.6700326020106537,24736440748.0,60.97222222222223,41.34146341463414,-45.71428571428572,0.0219850454,49.9,,https://finance.naver.com/item/main.naver?code=115440,0.0,0.0,4.928,0.0,0.0,7.5670117647058825,13.350163010053269,9.581079778714896,10.0,4.464285714285715
094820,일진파워,KOSDAQ,,11860.0,178833488740,9.22,35.90844,1.18,12.790340734677171,113.92,6.486659388647266,0.5372403844047579,1.0316717726616995,1158733436.75,-1.1666666666666714,-32.84258210645527,-51.59183673469387,0.0335896793,49.8,,https://finance.naver.com/item/main.naver?code=094820,7.881818181818181,8.0,5.096,4.674204440806303,2.05097611096898,4.0508235294117645,0.15835886330849758,2.9343114227707634,10.0,5.0
336570,원텍,KOSDAQ,,4865.0,434350342790,12.24,-33.00121,2.75,22.46998284734134,61.117,23.34705886445515,1.278752238725032,1.278752238725032,1716965541.35,-16.837606837606835,-27.496274217585693,-53.57824427480916,0.0320559508,49.7,,https://finance.naver.com/item/main.naver?code=336570,3.7636363636363637,0.0,0.7000000000000001,10.481989708404804,10.0,6.535670588235295,1.3937611936251604,3.788201622265328,8.0,5.0
049480,오픈베이스,KOSDAQ,,1918.0,60268130594,7.2,19.41098,0.61,8.465945257797582,83.706,5.202518987431894,0.5356932558809462,0.6970465862115929,387940476.2,5.2111903455841935,-7.566265060240962,-54.27890345649583,0.0551762735,49.7,,https://finance.naver.com/item/main.naver?code=049480,10.636363636363637,8.0,6.692,2.079567154678549,1.2955994043717023,5.472658823529412,0.0,0.5582191992052099,10.0,5.0
102710,이엔에프테크놀로지,KOSDAQ,,47450.0,677957818200,12.96,32.6936,1.5,11.60340919973186,60.771,15.225189471052516,1.237730216262769,1.3983023731155362,2782315196.25,16.72816728167281,-5.853174603174605,-27.0,0.2364614207,49.6,,https://finance.naver.com/item/main.naver?code=102710,2.7818181818181804,8.0,4.2,3.962045519839116,7.19128792414854,6.55195294117647,1.991511865577681,4.836425365174417,8.0,2.125
483650,달바글로벌,KOSPI,,186600.0,2337568989000,28.65,43.73552,11.79,41.15591062289352,34.999,25.281304119092617,0.4702312202747303,1.0428107170771377,28848336425.0,-17.797356828193834,25.656565656565668,-34.063604240282686,0.4353245926,49.5,,https://finance.naver.com/item/main.naver?code=483650,0.0,4.599013951741439,0.0,12.0,10.0,7.764752941176471,0.21405358538568842,9.914997596828599,2.0,3.0079505300353357
457370,한켐,KOSDAQ,,10730.0,86560347820,15.71,16.02532,1.52,9.682099986809128,4.579,6.215348935616054,0.2927825030465035,2.907499629051652,23522717240.25,25.791324736225096,27.434679334916854,-37.03051643192489,0.0103361367,49.5,,https://finance.naver.com/item/main.naver?code=457370,0.0,0.2623514954251564,4.144,2.809259992085477,1.8913817268329727,8.0,9.53749814525826,9.47183116679911,10.0,3.378814553990611
002350,넥센타이어,KOSPI,,5640.0,550846826280,3.84,9.42302,0.28,7.3571392798116895,131.441,3.852155003303297,0.8783182576503001,0.9277082252782458,830954663.0,-14.803625377643504,-20.78651685393258,-44.21364985163204,0.1045511514,49.5,,https://finance.naver.com/item/main.naver?code=002350,15.0,7.899831122789367,7.0,1.4142835678870136,0.5012676490019394,3.226305882352941,0.0,2.2122803727226614,8.0,4.276706231454005
003200,일신방직,KOSPI,,10700.0,245672000000,6.99,8.88568,0.26,3.6517777464656422,19.401,9.016823006468153,0.4849922572567625,0.6893031188771033,1361946965.75,5.522682445759375,-11.934156378600823,-39.8876404494382,0.1023986934,49.3,,https://finance.naver.com/item/main.naver?code=003200,10.922727272727272,2.8445468814241943,7.0,0.0,3.539307650863619,8.0,0.0,3.2851947087401268,10.0,3.735955056179775
037440,희림,KOSDAQ,,4175.0,58126333125,6.69,35.90844,0.6,8.932178932178932,137.37,3.961825992833692,0.3727189939495571,0.6019008866217985,1263430180.5,-0.2389486260453988,1.5815085158150888,-44.034852546916895,0.0608485919,49.3,,https://finance.naver.com/item/main.naver?code=037440,11.33181818181818,8.0,6.72,2.3593073593073592,0.5657799957845246,2.9472941176470586,0.0,3.122149961395664,10.0,4.254356568364612
356680,엑스게이트,KOSDAQ,,17890.0,510643071880,130.88,226.89355,10.52,8.037825059101655,40.595,3.0874648857032385,0.3486912028705337,3.445923479171402,88347489229.0,29.1696750902527,173.1297709923664,-41.44026186579378,0.008221734,49.2,,https://finance.naver.com/item/main.naver?code=356680,0.0,5.64220828078483,0.0,1.8226950354609928,0.0514499327666109,7.501411764705883,12.22961739585701,10.0,8.0,3.9300327332242224
037030,파워넷,KOSDAQ,,3655.0,93249985760,5.67,-76.86105,0.61,10.794701986754966,79.468,6.619487043762493,0.8378216100995103,1.1330646592773583,1125838464.15,-6.760204081632648,-20.543478260869563,-64.85576923076923,0.0673273836,49.2,,https://finance.naver.com/item/main.naver?code=037030,12.722727272727273,0.0,6.692,3.476821192052979,2.1291100257426425,5.672094117647059,0.6653232963867917,2.871774137411194,10.0,5.0
042500,링네트,KOSDAQ,,4165.0,92842614760,7.51,30.79656,0.72,9.618346739688516,53.462,1.0712897776824746,0.8366968173521104,0.8366968173521104,426419770.45,4.911838790931999,9.894459102902363,-43.71621621621622,0.0501923096,49.2,,https://finance.naver.com/item/main.naver?code=042500,10.213636363636363,8.0,6.384000000000001,2.7710080438131097,0.0,6.895905882352942,0.0,0.7635803865868152,10.0,4.214527027027027
257720,실리콘투,KOSDAQ,,38300.0,2511570451600,13.84,18.13591,5.47,39.50688073394495,40.0,20.608650577794613,0.5547658013740269,1.0132266503075755,38715036960.0,9.585121602288991,0.7894736842105177,-31.72905525846702,0.1224095272,49.1,,https://finance.naver.com/item/main.naver?code=257720,1.581818181818182,3.1583085712269185,0.0,12.0,10.0,7.529411764705882,0.06613325153787764,10.0,2.0,2.7161319073083776
039440,에스티아이,KOSDAQ,,23200.0,359763490400,21.77,32.6936,1.21,5.566801619433198,18.532,3.996771692690873,2.13677811550152,3.95954656916729,1391968627.0,-16.546762589928054,-25.28180354267311,-46.29629629629629,0.0352113462,49.1,,https://finance.naver.com/item/main.naver?code=039440,0.0,4.454939192991902,5.012,0.3400809716599188,0.5863362898181605,8.0,14.797732845836451,3.3325409614154733,8.0,4.537037037037036
340570,티앤엘,KOSDAQ,,27650.0,444338818000,11.54,-33.00121,2.17,18.82973696645141,12.938,44.55578761210101,0.7098036001500877,1.4318488234732374,1905435308.75,-48.98523985239852,-41.23273113708821,-22.76536312849162,0.1231510406,49.1,,https://finance.naver.com/item/main.naver?code=340570,4.71818181818182,0.0,2.3240000000000003,8.297842179870845,10.0,8.0,2.159244117366187,4.014364769744185,8.0,1.5956703910614527
212560,네오오토,KOSDAQ,,10120.0,136481841760,8.06,9.42302,0.87,10.818236455739676,44.623000000000005,6.48201663521131,0.1151561682278036,0.3657896541415659,3785304872.25,20.90800477897252,30.58064516129033,-37.142857142857146,0.0106176261,49.1,,https://finance.naver.com/item/main.naver?code=212560,9.463636363636363,1.9286385893269875,5.9639999999999995,3.4909418734438056,2.0482450795360645,7.311858823529413,0.0,5.504898045190769,10.0,3.3928571428571432
030000,제일기획,KOSPI,,18780.0,2160474205500,8.73,10.67049,1.15,13.198067632850242,112.533,8.626537628187036,3.115751129401154,3.115751129401154,6708553060.5,0.4278074866310266,-7.714987714987719,-19.399141630901283,0.1747709745,49.0,,https://finance.naver.com/item/main.naver?code=030000,8.549999999999999,2.424743381044355,5.18,4.918840579710144,3.309728016580609,4.116094117647059,10.57875564700577,6.747538022027673,2.0,1.1748927038626604
094360,칩스앤미디어,KOSDAQ,,12420.0,265232503080,42.65,32.6936,3.01,7.063106796116505,23.069,15.889535074390317,1.513419755576032,6.85531705760771,1357442117.25,-14.10788381742739,-22.42348532167395,-41.27659574468085,0.0163737539,49.0,,https://finance.naver.com/item/main.naver?code=094360,0.0,0.0,0.0,1.2378640776699026,7.582079455523716,8.0,15.0,3.2780003258281187,10.0,3.909574468085106
048430,유라테크,KOSDAQ,,6050.0,69696000000,6.28,9.42302,0.45,7.184914660505329,21.61,2.0425554998702093,0.2049940526936755,0.4215578272507561,1109194761.75,1.5100671140939603,-18.791946308724828,-38.01229508196722,0.0174689236,49.0,,https://finance.naver.com/item/main.naver?code=048430,11.890909090909089,4.447293259839555,7.0,1.3109487963031974,0.0,8.0,0.0,2.8394327760243776,10.0,3.501536885245902
030520,한컴,KOSDAQ,,17100.0,413473622400,12.25,226.89355,1.14,9.29217946213453,45.194,11.95243345531934,0.4993385205193756,1.2770826072425348,2189646174.25,-11.398963730569944,-12.888436067244012,-36.07476635514018,0.0502314251,49.0,,https://finance.naver.com/item/main.naver?code=030520,3.75,8.0,5.208,2.575307677280718,5.266137326658436,7.284988235294117,1.3854130362126738,4.316263439904864,8.0,3.259345794392522
001250,GS글로벌,KOSPI,,2915.0,240585922060,11.14,16.20192,0.41,3.664841849148418,187.525,1.032477316396258,6.379217431495902,6.379217431495902,773436957.35,6.193078324225865,13.203883495145629,-48.76977152899824,0.047222819,48.9,,https://finance.naver.com/item/main.naver?code=001250,5.263636363636363,4.165695588341793,7.0,0.0,0.0,0.5870588235294115,15.0,2.056518327626975,10.0,4.84622144112478
045390,대아티아이,KOSDAQ,,2980.0,210010663460,10.0,13.71131,1.32,13.24805847418913,83.468,5.901989248936712,0.3945112637824211,1.164143932908745,6028557545.8,10.780669144981411,-25.87064676616916,-42.02334630350194,0.0449840796,48.6,,https://finance.naver.com/item/main.naver?code=045390,6.818181818181818,3.6090011336140266,4.704,4.948835084513478,1.7070524993745362,5.4838588235294115,0.8207196645437254,6.51546078060254,10.0,4.002918287937742
011500,한농화성,KOSPI,,14390.0,225017034380,53.04,-30.99167,1.2,2.268651362984218,46.942,10.746899004981213,7.09733320891658,7.09733320891658,659699133.75,10.183767228177643,-25.63307493540051,-51.13752122241087,0.0408176943,48.5,,https://finance.naver.com/item/main.naver?code=011500,0.0,0.0,5.04,0.0,4.556999414694831,7.202729411764706,15.0,1.7111232954484734,10.0,5.0
297090,씨에스베어링,KOSDAQ,,4670.0,127350900000,11.06,173.24683,1.23,11.126113961652717,52.027,9.038885799189597,0.6832132473352994,0.9976099243606914,473759906.95,9.239766081871338,-41.84308841843089,-51.35416666666666,0.0229508618,48.5,,https://finance.naver.com/item/main.naver?code=297090,5.372727272727272,8.0,4.9559999999999995,3.6756683769916303,3.5522857642291745,6.963435294117648,0.0,0.9921852501343764,10.0,5.0
092730,네오팜,KOSDAQ,,23250.0,372650744250,13.41,43.73552,1.91,14.243394715772617,12.539,22.466662261202604,1.0404806429793498,1.0588946803007997,1442122687.5,25.067240451855845,37.98219584569733,-10.576923076923071,0.2647941049,48.5,,https://finance.naver.com/item/main.naver?code=092730,2.168181818181818,8.0,3.0520000000000005,5.546036829463571,10.0,8.0,0.2944734015039985,3.409404772554865,8.0,0.07211538461538392
002310,아세아제지,KOSPI,,7930.0,312834614300,10.5,17.33508,0.36,3.444828213052172,23.394,5.4221757687569125,2.3065864064052364,2.7516655952311377,579397521.0,-1.245330012453305,-6.924882629107976,-30.31634446397188,0.0474741258,48.5,,https://finance.naver.com/item/main.naver?code=002310,6.136363636363637,5.257224079727352,7.0,0.0,1.4248092757393604,8.0,8.75832797615569,1.4292768899367747,8.0,2.539543057996485
054540,삼영엠텍,KOSDAQ,,6800.0,88400000000,9.83,19.51828,1.06,10.790667530784187,129.837,2.41732224282612,2.383174674611017,2.383174674611017,406540175.75,-4.628330995792429,-41.73093401885176,-70.17543859649122,0.0486867692,48.5,,https://finance.naver.com/item/main.naver?code=054540,7.05,6.618260762048022,5.432,3.474400518470512,0.0,3.301788235294118,6.915873373055086,0.6599110793037966,10.0,5.0
000850,화천기공,KOSPI,,37300.0,82060000000,7.29,173.24683,0.24,3.3525599481529484,28.907,8.65428188411844,0.4199294709365858,0.5814114402149275,384173587.5,7.49279538904899,0.5390835579514919,-16.833890746934223,0.1021245455,48.2,,https://finance.naver.com/item/main.naver?code=000850,10.513636363636364,8.0,7.0,0.0,3.3260481671284943,8.0,0.0,0.5370312422352708,10.0,0.8542363433667779
376300,디어유,KOSDAQ,,18450.0,437973590700,23.17,18.44251,2.06,8.878081881927166,26.447,40.27779214707338,1.8837372168401016,2.849690690178403,1198804942.0,-18.9010989010989,-43.83561643835616,-59.76008724100328,0.0324493565,48.2,,https://finance.naver.com/item/main.naver?code=376300,0.0,0.0,2.632,2.326849129156299,10.0,8.0,9.248453450892015,3.008136349550279,8.0,5.0
462860,더즌,KOSDAQ,,2845.0,204180253035,16.39,30.79656,2.77,16.927592954990214,180.378,24.256142336890637,0.1052138881906719,0.7195721719590996,14452743670.0,41.1910669975186,-17.893217893217894,-48.55334538878843,0.0088741512,48.2,,https://finance.naver.com/item/main.naver?code=462860,0.0,6.237302694413488,0.644,7.156555772994128,10.0,0.9233882352941183,0.0,8.414145227481358,10.0,4.819168173598554
080580,오킨스전자,KOSDAQ,,24500.0,516728397500,59.32,32.6936,10.04,16.919393455706306,79.5,23.926806861979127,0.9477664230842254,2.9791355732247187,7967078677.5,75.7532281205165,33.36962438758846,-10.909090909090914,0.074166248,48.0,,https://finance.naver.com/item/main.naver?code=080580,0.0,0.0,0.0,7.151636073423784,10.0,5.670588235294118,9.895677866123593,7.120889256333562,8.0,0.1136363636363642
027710,팜스토리,KOSDAQ,,1116.0,124340925600,4.1,32.13158,0.44,10.666666666666668,188.763,4.858611105414106,0.3164477430867297,0.7005309539985712,322609021.6,8.244422890397662,-12.264150943396224,-32.608695652173914,0.0182095576,47.9,,https://finance.naver.com/item/main.naver?code=027710,14.863636363636365,8.0,7.0,3.4000000000000004,1.0933006502435916,0.5287999999999997,0.0,0.15777626665578026,10.0,2.8260869565217392
114090,GKL,KOSPI,,8810.0,544948452700,11.79,14.80503,1.26,10.662743449628694,40.095,17.297443261821027,1.344801903000183,1.344801903000183,774700551.5,-15.28846153846154,-25.085034013605444,-48.68957483983692,0.115964745,47.9,,https://finance.naver.com/item/main.naver?code=114090,4.377272727272729,2.7153204012420114,4.872,3.397646069777217,8.410260742247663,7.5249411764705885,1.724009515000915,2.060063052080938,8.0,4.836196854979615
003850,보령,KOSPI,,8330.0,714607434310,10.8,44.74767,0.83,7.653876898481215,71.03699999999999,8.511005044189838,0.2403707080870331,2.5496792856244497,1114183842.5,0.0,-7.751937984496127,-22.87037037037037,0.0480891283,47.9,,https://finance.naver.com/item/main.naver?code=003850,5.727272727272727,8.0,6.076,1.5923261390887289,3.241767673052846,6.068847058823531,7.748396428122248,2.8491780073222905,5.0,1.6087962962962963
098120,마이크로컨텍솔,KOSDAQ,,55800.0,463852342800,28.41,32.6936,5.9,20.76474798077906,26.706000000000003,33.18763672511273,0.8834086342908672,1.70651082356851,7880395285.0,145.8149779735683,115.44401544401546,-9.854604200323102,0.171617606,47.8,,https://finance.naver.com/item/main.naver?code=098120,0.0,1.746967806135351,0.0,9.458848788467435,10.0,8.0,3.53255411784255,7.097133738842274,8.0,0.0
115500,케이씨에스,KOSDAQ,,10670.0,128040000000,50.57,30.79656,6.51,12.865853658536588,58.425,4.397258737714629,0.4398856870040404,3.913386313892827,4699581928.5,22.78481012658229,23.068050749711656,-61.2,0.005013,47.7,,https://finance.naver.com/item/main.naver?code=115500,0.0,0.0,0.0,4.719512195121952,0.821916904538017,6.66235294117647,14.566931569464135,5.974689852015116,10.0,5.0
006040,동원산업,KOSPI,,35450.0,1564792033550,4.05,32.13158,0.45,11.001288675916774,99.631,5.8888327547966055,0.5237368487463122,0.9612807864014083,1234667391.25,5.979073243647237,-9.102564102564104,-31.165048543689323,0.0472429159,47.7,,https://finance.naver.com/item/main.naver?code=006040,14.93181818181818,8.0,7.0,3.6007732055500643,1.6993133851744737,4.72324705882353,0.0,3.0721436172148398,2.0,2.6456310679611654
053690,한미글로벌,KOSPI,,21150.0,231752182500,11.42,35.90844,0.97,8.508060758549995,84.24000000000001,5.221571604976522,0.2375193750393087,0.8616727166828168,6280890286.25,18.35478455512032,-21.811460258780038,-39.13669064748202,0.0323803222,47.7,,https://finance.naver.com/item/main.naver?code=053690,4.881818181818182,8.0,5.684,2.1048364551299965,1.3068068264567778,5.447529411764705,0.0,6.604499762764222,10.0,3.6420863309352525
035600,KG이니시스,KOSDAQ,,9790.0,269757908860,5.51,30.79656,0.53,9.600085429013829,160.002,7.694403204662052,1.0612797849908773,1.139531961848991,372399489.25,4.482390608324449,-5.043646944713876,-20.276872964169375,0.0797137042,47.7,,https://finance.naver.com/item/main.naver?code=035600,12.940909090909091,8.0,6.9159999999999995,2.760051257408297,2.761413649801207,1.8822588235294113,0.6976598092449549,0.4694391097519368,10.0,1.2846091205211718
0015N0,아로마티카,KOSDAQ,,10690.0,134447296180,24.62,43.73552,3.22,13.076923076923078,19.181,12.65698864855256,0.2862191304071449,0.6553878762355784,13931021001.5,99.06890130353818,13.121693121693111,-66.06349206349206,0.0448047622,47.7,,https://finance.naver.com/item/main.naver?code=0015N0,0.0,5.827611058471467,0.0,4.846153846153847,5.680581557972094,8.0,0.0,8.334308461094428,10.0,5.0
071200,인피니트헬스케어,KOSDAQ,,11850.0,289098027300,11.03,-61.05034,1.52,13.768115942028986,27.189000000000004,19.33237520477419,0.2901220886797477,0.2901220886797477,2383740798.0,78.19548872180451,98.4924623115578,-15.838068181818176,0.1315371272,47.7,,https://finance.naver.com/item/main.naver?code=071200,5.413636363636364,0.0,4.144,5.2608695652173925,9.607279532220112,8.0,0.0,4.50068887411188,10.0,0.729758522727272
109080,옵티시스,KOSDAQ,,9170.0,51682120000,9.73,-359.29063,0.73,7.470071827613727,10.556,19.131917461089422,0.25611002072329,0.8972073044648717,314000693.75,7.882352941176474,-8.024072216649946,-59.780701754385966,0.0217468062,47.6,,https://finance.naver.com/item/main.naver?code=109080,7.186363636363636,0.0,6.356,1.482043096568236,9.489363212405543,8.0,0.0,0.09904676440253724,10.0,5.0
005850,에스엘,KOSPI,,49650.0,2306169018000,7.36,9.42302,0.9,12.17725493026361,56.88999999999999,9.197270330752756,0.7514589098784743,1.5911141860185296,3363343932.5,-13.047285464098069,-15.561224489795922,-37.54716981132076,0.1593852506,47.6,,https://finance.naver.com/item/main.naver?code=005850,10.418181818181816,2.9191207631240643,5.880000000000001,4.3063529581581665,3.6454531357369158,6.734588235294118,2.955570930092648,5.248250127128182,2.0,3.4433962264150946
160980,싸이맥스,KOSDAQ,,27350.0,298778046050,18.81,32.6936,1.51,8.015073963664998,26.224,18.059223808852376,0.7208986852033199,0.9655809025380874,2997328450.0,-26.28032345013477,25.458715596330283,-42.842215256008366,0.0759879655,47.6,,https://finance.naver.com/item/main.naver?code=160980,0.0,5.66210716062675,4.172,1.8090443781989984,8.85836694638375,8.0,0.0,4.9980654061061625,10.0,4.105276907001046
005430,한국공항,KOSPI,,89100.0,282122230500,6.59,6.67102,0.66,10.00739723132199,34.892,7.43301046593786,1.9904445093623075,1.9904445093623075,428732450.0,7.091346153846145,59.96409335727109,-7.090719499478626,0.1323995572,47.3,,https://finance.naver.com/item/main.naver?code=005430,11.468181818181819,0.16193425693022512,6.552,3.0044383387931943,2.6076532152575647,7.769788235294118,4.952222546811537,0.7753255050767649,10.0,0.0
413630,씨피시스템,KOSDAQ,,4090.0,149025714450,75.0,173.24683,3.39,4.522613065326634,8.336,27.34834941802112,0.1244683236359228,0.2867516457384771,16689430525.1,60.07827788649707,11.141304347826097,-33.925686591276246,0.0047140781,47.3,,https://finance.naver.com/item/main.naver?code=413630,0.0,7.561221947514615,0.0,0.0,10.0,8.0,0.0,8.726601316320952,10.0,2.990710823909531
036010,아비코전자,KOSDAQ,,7650.0,101690945100,10.67,-76.86105,0.87,8.153040309724437,30.731,10.79235732770298,1.244548100117434,1.812025450771792,822307515.25,12.665684830633284,-16.393442622950815,-46.35343618513323,0.2038404012,47.1,,https://finance.naver.com/item/main.naver?code=036010,5.904545454545454,0.0,5.9639999999999995,1.891824185834662,4.583739604531165,7.9656,4.060127253858959,2.1895650233541275,10.0,4.544179523141654
083450,GST,KOSDAQ,,51200.0,943616000000,20.88,32.6936,3.14,15.043354317614918,29.73,15.577040908491444,1.5175005394849952,2.459857009944212,5240009087.5,5.894519131334031,80.59964726631392,-27.68361581920904,0.2348966359,47.0,,https://finance.naver.com/item/main.naver?code=083450,0.0,4.817905237314543,0.0,6.026012590568952,7.398259357936143,8.0,7.29928504972106,6.211053927205512,5.0,2.21045197740113
009070,KCTC,KOSPI,,4015.0,120450000000,5.6,8.31036,0.38,6.701421800947867,130.727,5.37124867138312,0.4821250459341697,1.2686039353055991,426810761.5,-1.3513513513513489,-34.71544715447155,-52.145411203814064,0.0635134667,47.0,,https://finance.naver.com/item/main.naver?code=009070,12.818181818181818,4.348564121570345,7.0,1.0208530805687204,1.3948521596371297,3.259905882352941,1.3430196765279956,0.7655705318173922,10.0,5.0
049630,재영솔루텍,KOSDAQ,,6950.0,162387716050,15.8,103.45714,1.59,10.068649885583524,87.871,16.270041014185185,0.566760797411894,0.8519937395361719,1692704840.0,3.268945022288272,143.43257443082314,-82.8395061728395,0.0,46.8,,https://finance.naver.com/item/main.naver?code=049630,0.0,8.0,3.9479999999999995,3.0411899313501145,7.805906478932462,5.276658823529412,0.0,3.7572999063891466,10.0,5.0
005500,삼진제약,KOSPI,,19040.0,253612800000,9.54,44.74767,0.82,8.556359515299452,59.612,8.980198179305185,0.8028142753488079,1.0403024537300156,413766758.0,2.0911528150133973,4.615384615384621,-26.486486486486484,0.0388141141,46.8,,https://finance.naver.com/item/main.naver?code=005500,7.445454545454547,8.0,6.104000000000001,2.133815709179671,3.517763634885403,6.606494117647059,0.2015122686500781,0.6981717090763873,10.0,2.0608108108108105
034230,파라다이스,KOSPI,,9390.0,869789896980,8.71,14.80503,0.48,5.519447547476389,87.46000000000001,11.176231984921744,1.0309042739390704,1.0309042739390704,3143494414.75,-35.37508602890571,-43.77245508982036,-57.02517162471396,0.0691617375,46.7,,https://finance.naver.com/item/main.naver?code=034230,8.577272727272726,5.489152447963068,7.0,0.3116685284858335,4.809548226424555,5.295999999999999,0.1545213696953518,5.101457191640559,5.0,5.0
333430,일승,KOSDAQ,,3790.0,116454371130,14.98,19.51828,2.44,16.265060240963855,39.174,36.55636235209834,0.7827564864572792,0.7827564864572792,993157032.25,12.63001485884101,-32.07885304659498,-59.680851063829785,0.0068018915,46.6,,https://finance.naver.com/item/main.naver?code=333430,0.027272727272726692,3.1001912053726053,1.5680000000000003,6.759036144578314,10.0,7.568282352941176,0.0,2.5994833366923675,10.0,5.0
039860,나노엔텍,KOSDAQ,,4580.0,174466182740,95.43,-34.48027,1.87,1.9550748752079867,8.655,5.4953910279496085,0.9776324299601696,5.773060520904505,1860572931.2,23.450134770889484,-20.347826086956523,-51.22470713525027,0.0109721056,46.6,,https://finance.naver.com/item/main.naver?code=039860,0.0,0.0,3.1639999999999997,0.0,1.4678770752644756,8.0,15.0,3.9626272177727273,10.0,5.0
099750,이지케어텍,KOSDAQ,,7220.0,98619229060,16.64,-61.05034,2.28,13.68068251066423,38.992,1.3509432812121296,0.5422748780120495,7.187443169230871,1318838220.25,14.240506329113934,-16.72433679354095,-38.86863453781597,0.0081288962,46.6,,https://finance.naver.com/item/main.naver?code=099750,0.0,0.0,2.0160000000000005,5.208409506398539,0.0,7.57684705882353,15.0,3.2153513494637753,10.0,3.6085793172269964
002810,삼영무역,KOSPI,,21750.0,401656119000,6.51,-30.99167,0.63,9.714269019516186,15.573999999999998,7.319552864824767,0.2830572279279634,2.301118849932449,330841901.25,10.518292682926834,9.84848484848484,-11.405295315682284,0.2043614354,46.5,,https://finance.naver.com/item/main.naver?code=002810,11.577272727272728,0.0,6.636,2.8285614117097113,2.540913449896922,8.0,6.505594249662245,0.21249626601058225,8.0,0.17566191446028556
254490,미래반도체,KOSDAQ,,17240.0,248911120000,17.61,32.6936,2.26,12.822527832351016,124.661,8.276733799536611,1.9474826984014573,2.8121783966959333,1069990303.25,-0.5193306405077869,-2.322946175637397,-63.97074190177639,0.0321255021,46.4,,https://finance.naver.com/item/main.naver?code=254490,0.0,6.151499579938175,2.0720000000000005,4.69351669941061,3.103961058550948,3.5453647058823528,9.060891983479667,2.7612929360235317,10.0,5.0
005290,동진쎄미켐,KOSDAQ,,48200.0,2456760073200,24.18,32.6936,2.21,9.136598549144184,81.59100000000001,17.092832491934022,2.6268217831871232,3.25367532723613,12938103562.5,-4.930966469428011,7.23025583982202,-33.2409972299169,0.1279477512,46.4,,https://finance.naver.com/item/main.naver?code=005290,0.0,3.472076084208123,2.212,2.48195912948651,8.289901465843542,5.572188235294117,11.26837663618065,8.173746841952196,2.0,2.9051246537396125
417500,제이아이테크,KOSDAQ,,4030.0,132122518320,18.74,32.6936,1.68,8.93970893970894,62.665000000000006,28.9800531871497,1.523488213276888,1.523488213276888,933372710.3,24.382716049382715,-24.390243902439025,-34.577922077922075,0.0612004474,46.4,,https://finance.naver.com/item/main.naver?code=417500,0.0,5.69065505175325,3.696,2.363825363825364,10.0,6.4628235294117635,2.6174410663844405,2.4646692211498333,10.0,3.0722402597402594
060250,NHN KCP,KOSDAQ,,13190.0,529718459090,11.22,30.79656,1.72,15.30089628681178,118.032,4.027581360035101,0.2783456794382589,0.6525557711826386,4750867300.5,5.351437699680517,-28.470715835141004,-48.274509803921575,0.1060477143,46.2,,https://finance.naver.com/item/main.naver?code=060250,5.154545454545453,8.0,3.584,6.180537772087068,0.6044596235500593,3.8573176470588235,0.0,5.998258226566069,8.0,4.784313725490197
019210,와이지-원,KOSDAQ,,12640.0,470128721920,16.68,173.24683,1.07,6.4078008009751,197.651,22.385396628328888,0.7206233863526991,1.4083856328780815,6790715958.0,-41.2093023255814,8.871662360034449,-55.64912280701755,0.2325311138,46.2,,https://finance.naver.com/item/main.naver?code=019210,0.0,8.0,5.404,0.8446804805850602,10.0,0.11054117647058774,2.0419281643904075,6.773971552308451,8.0,5.0
069960,현대백화점,KOSPI,,89400.0,1927903132800,9.35,33.69128,0.42,4.5371594878868455,87.599,7.426481686636797,0.6230869014691786,1.0642277361343118,13143311342.5,-52.012882447665056,6.555423122765203,-59.72972972972973,0.2500769305,46.1,,https://finance.naver.com/item/main.naver?code=069960,7.704545454545455,8.0,7.0,0.0,2.6038127568451745,5.2894588235294115,0.3211386806715588,8.207917704956627,2.0,5.0
037460,삼지전자,KOSDAQ,,30900.0,504242329800,6.18,-359.29063,0.96,15.446031014893292,152.143,5.887694672261921,0.5056821016000258,1.311240672873503,1549095270.0,-6.36363636363636,39.81900452488687,-52.093023255813954,0.059939068,46.1,,https://finance.naver.com/item/main.naver?code=037460,12.027272727272727,0.0,5.712000000000001,6.267618608935974,1.6986439248599532,2.252094117647059,1.5562033643675155,3.564784365756042,8.0,5.0
004690,삼천리,KOSPI,,128500.0,466040844500,4.02,9.33947,0.27,6.631749147765455,119.641,2.42509750017024,0.7766010286318555,0.7964686844086969,833057642.5,9.82905982905984,-14.333333333333332,-20.63001852995676,0.1196188792,45.9,,https://finance.naver.com/item/main.naver?code=004690,14.972727272727273,7.59424963800587,7.0,0.979049488659273,0.0,3.7815999999999996,0.0,2.2177689912601117,8.0,1.328752316244595
042370,비츠로테크,KOSDAQ,,10690.0,280078267250,41.39,-76.86105,1.06,2.551381998582565,40.381,9.591475870102723,0.3791263129766474,2.1321356683874533,14143187555.25,17.472527472527478,-5.9806508355320975,-55.084033613445385,0.0319939389,45.8,,https://finance.naver.com/item/main.naver?code=042370,0.0,0.0,5.432,0.0,3.877338747119249,7.511482352941177,5.660678341937267,8.367130229733277,10.0,5.0
187790,나노,KOSDAQ,,3045.0,93910327350,12.88,-30.99167,2.12,16.439339554917446,166.415,2.2447669711404923,0.5121600016574758,7.506604004875741,731322940.8,-13.617021276595745,-15.883977900552482,-59.72222222222222,0.0193636163,45.7,,https://finance.naver.com/item/main.naver?code=187790,2.8909090909090898,0.0,2.464,6.863603732950467,0.0,1.5804705882352945,15.0,1.9349397113034783,10.0,5.0
117580,대성에너지,KOSPI,,7040.0,193600000000,7.8,9.33947,0.56,7.118697396365925,84.526,1.6975275619620658,0.2039074623605753,0.3267000449453406,3160273871.75,5.231689088191338,-39.25798101811907,-56.40866873065016,0.0107073455,45.7,,https://finance.naver.com/item/main.naver?code=117580,9.818181818181818,2.1977978050860143,6.832,1.271218437819555,0.0,5.434070588235294,0.0,5.113017329107423,10.0,5.0
119850,지엔씨에너지,KOSDAQ,,56400.0,927718467600,21.64,55.51033,4.1,18.95086811968969,65.809,15.2793767336062,0.6126858322617246,1.1419189590855467,33615397730.0,106.9724770642202,72.74119448698315,-4.406779661016946,0.0810165586,45.6,,https://finance.naver.com/item/main.naver?code=119850,0.0,8.0,0.0,8.370520871813813,7.223162784474235,6.314870588235294,0.7095947954277337,10.0,5.0,0.0
002960,한국쉘석유,KOSPI,,519000.0,674700000000,14.15,-30.99167,4.86,34.35922608848672,51.145,16.30023476521718,0.7227908919991645,2.515145184875705,484781875.0,8.577405857740583,9.26315789473684,-16.290322580645167,0.5863715385,45.4,,https://finance.naver.com/item/main.naver?code=002960,1.1590909090909087,0.0,0.0,12.0,7.8236675089512815,7.004941176470588,7.575725924378525,1.0421255968108856,8.0,0.7862903225806459
300080,플리토,KOSDAQ,,8990.0,148617744490,22.84,18.44251,8.56,37.488015340364335,28.976000000000003,17.24797072074853,0.3592694150065014,0.8071333769007404,686790129.75,27.157001414427164,-20.862676056338024,-55.4950495049505,0.1017464226,45.2,,https://finance.naver.com/item/main.naver?code=300080,0.0,0.0,0.0,12.0,8.381159247499134,8.0,0.0,1.7985139516102588,10.0,5.0
213420,덕산네오룩스,KOSDAQ,,29250.0,726311985750,13.58,16.02532,1.6,11.76950258222343,53.400000000000006,19.558348043374167,0.645426842082618,0.645426842082618,6346086821.25,-3.6243822075782575,-39.69072164948454,-48.95287958115184,0.1211384687,45.1,,https://finance.naver.com/item/main.naver?code=213420,1.9363636363636363,2.0345469960454254,3.9199999999999995,4.0617015493340585,9.740204731396569,6.898823529411764,0.0,6.626923773490168,5.0,4.86910994764398
009450,경동나비엔,KOSPI,,61100.0,890140971200,9.85,12.00995,1.15,11.641124720976908,86.668,21.70562946118397,0.8033691777169225,1.116177300233723,1763007832.5,-3.1695721077654504,-1.768488745980712,-23.720349563046195,0.0895158571,45.1,,https://finance.naver.com/item/main.naver?code=009450,7.022727272727273,2.397956139145737,5.18,3.9846748325861445,10.0,5.333270588235294,0.5808865011686148,3.8456649351018513,5.0,1.7150436953807744
200880,서연이화,KOSPI,,10800.0,291907119600,4.86,9.42302,0.25,5.121343545261603,151.921,4.070448675225535,0.8820072283068405,1.1554305676088366,309620790.25,0.6523765144454741,-18.613413715146944,-41.01583833970508,0.072149751,45.0,,https://finance.naver.com/item/main.naver?code=200880,13.827272727272728,6.456557098113626,7.0,0.07280612715696205,0.6296756913091383,2.2625411764705885,0.7771528380441828,0.06854430021089541,10.0,3.8769797924631346
322000,HD현대에너지솔루션,KOSPI,,128700.0,1441440000000,32.6,-40.72649,3.25,9.975336443086162,36.392,21.882748469690245,1.3170645017004767,1.87044508263754,33545589147.5,-4.026845637583898,-4.878048780487809,-49.72656250000001,0.059741875,45.0,,https://finance.naver.com/item/main.naver?code=322000,0.0,0.0,0.0,2.985201865851697,10.0,7.6992,4.3522254131877,10.0,5.0,4.965820312500001
089890,코세스,KOSDAQ,,32950.0,546474497900,39.3,32.6936,7.01,17.84250269687163,69.988,30.88248011086544,1.4197088335191477,1.8470922243252352,4162252927.5,4.437400950871639,42.95010845986984,-35.89494163424124,0.0211395721,45.0,,https://finance.naver.com/item/main.naver?code=089890,0.0,0.0,0.0,7.705501618122978,10.0,6.118211764705882,4.235461121626177,5.7110360635885105,8.0,3.2368677042801552
089970,브이엠,KOSDAQ,,62400.0,1642790136000,53.74,32.6936,8.94,16.63247362250879,21.035,27.740848693928505,1.0961080455856471,1.6296468983395886,34746258290.0,-37.28643216080402,41.01694915254237,-48.894348894348894,0.122650884,45.0,,https://finance.naver.com/item/main.naver?code=089970,0.0,0.0,0.0,6.9794841735052735,10.0,8.0,3.1482344916979432,10.0,2.0,4.861793611793612
056090,시지메드텍,KOSDAQ,,1190.0,122878252840,18.89,-33.00121,1.31,6.923076923076923,39.374,2.172601517566039,4.553893431242725,4.553893431242725,574618723.2,-5.405405405405405,-52.016129032258064,-66.52601969057666,0.0238095967,44.9,,https://finance.naver.com/item/main.naver?code=056090,0.0,0.0,4.731999999999999,1.1538461538461542,0.0,7.558870588235294,15.0,1.4112925904241713,10.0,5.0
093050,LF,KOSPI,,22900.0,669596000000,5.98,8.88568,0.36,5.961607639229537,71.262,9.471186429305076,1.3940446229793826,1.3940446229793826,365035463.75,-2.553191489361706,4.566210045662111,-13.421550094517954,0.1299077633,44.9,,https://finance.naver.com/item/main.naver?code=093050,12.299999999999999,4.36009399393181,7.0,0.576964583537722,3.806580252532398,6.058258823529412,1.9702231148969127,0.42606902077664266,8.0,0.4276937618147443
100120,뷰웍스,KOSDAQ,,27150.0,243573808650,11.07,-33.00121,0.97,8.74815799877799,41.988,16.74530204816032,1.233057129740429,1.844693805363016,346869695.0,16.523605150214582,11.728395061728405,-22.206303724928368,0.3008257007,44.9,,https://finance.naver.com/item/main.naver?code=100120,5.3590909090909085,0.0,5.684,2.248894799266793,8.085471793035481,7.435858823529411,4.2234690268150805,0.3152255186475994,10.0,1.525787965616046
017800,현대엘리베이터,KOSPI,,73300.0,2865471820500,10.15,173.24683,1.97,19.380507343124165,191.184,12.193030625122942,0.6623481842213019,1.2616972813095195,5921867272.5,2.8050490883590573,-12.945368171021377,-35.36155202821869,0.2177976606,44.9,,https://finance.naver.com/item/main.naver?code=017800,6.613636363636363,8.0,2.8840000000000003,8.628304405874498,5.407665073601731,0.4148705882352942,1.3084864065475976,6.476687072749803,2.0,3.170194003527336
136480,하림,KOSDAQ,,2670.0,283579904340,7.31,32.13158,0.87,11.843393148450245,169.477,4.064169762088339,0.5629054815337807,1.320667568112523,412570137.6,-1.1111111111111072,-15.77287066246057,-25.10518934081346,0.0489189396,44.8,,https://finance.naver.com/item/main.naver?code=136480,10.486363636363636,8.0,5.9639999999999995,4.106035889070148,0.6259822129931404,1.4363764705882351,1.6033378405626153,0.6918826760841412,10.0,1.8881486676016825
214430,아이쓰리시스템,KOSDAQ,,68000.0,496890620000,25.67,39.84954,3.57,13.894990063800858,39.699,12.056174766085972,0.7947054243446665,2.212359777374052,1074515930.0,10.569105691056912,-24.611973392461195,-50.68890500362582,0.0424295713,44.8,,https://finance.naver.com/item/main.naver?code=214430,0.0,4.744359240616913,0.0,5.336994038280515,5.327161627109396,7.543576470588235,6.0617988868702595,2.770458018465076,8.0,5.0
036200,유니셈,KOSDAQ,,10300.0,315841496900,34.23,32.6936,1.26,3.685800604229608,17.474,6.672835587315356,1.3198598402515878,4.665867559225403,2189361615.75,11.111111111111116,7.291666666666674,-28.42251563585824,0.1774027667,44.7,,https://finance.naver.com/item/main.naver?code=036200,0.0,0.0,4.872,0.0,2.1604915219502097,8.0,15.0,4.315981224863394,8.0,2.30281445448228
476060,온코닉테라퓨틱스,KOSDAQ,,15360.0,697464422400,42.7,44.74767,9.47,22.17418159357628,8.4,11.431457750117945,0.2056982255150442,0.7901039381786858,12997528680.75,20.65985860172821,-28.723897911832957,-46.85121107266436,0.0003842728,44.7,,https://finance.naver.com/item/main.naver?code=476060,0.0,0.6101382857848611,0.0,10.304508956145767,4.9596810294811435,8.0,0.0,8.183697648573443,8.0,4.606401384083045
014970,삼륭물산,KOSDAQ,,4395.0,65155875000,10.51,17.33508,1.11,10.56173958063681,80.34,7.598616763913125,0.1138282959785455,0.2471022220200352,534803731.5,-3.19383259911894,-48.35487661574618,-63.22175732217573,0.0144894435,44.6,,https://finance.naver.com/item/main.naver?code=014970,6.122727272727273,5.249532547104869,5.292,3.3370437483820865,2.705068684654779,5.631058823529411,0.0,1.2553658704752557,10.0,5.0
020000,한섬,KOSPI,,21200.0,455312272800,9.45,8.88568,0.3,3.217610927622435,18.125,1.2682690430931922,1.628286303022613,2.463045704000996,2521810079.25,-3.4168564920273314,-13.995943204868157,-26.260869565217394,0.2211017985,44.5,,https://finance.naver.com/item/main.naver?code=020000,7.568181818181819,0.0,7.0,0.0,0.0,8.0,7.315228520004979,4.622955607373793,8.0,2.0326086956521743
029460,케이씨,KOSPI,,44250.0,487658673750,11.72,32.6936,0.6,5.112561850729256,22.074,8.855001788679893,1.168773435943918,1.4589100608215966,1417171320.0,40.47619047619047,43.668831168831176,-5.65031982942431,0.1464346332,44.4,,https://finance.naver.com/item/main.naver?code=029460,4.472727272727272,8.0,6.72,0.06753711043755378,3.4441186992234663,8.0,2.294550304107983,3.3715054999861938,8.0,0.0
126720,수산인더스트리,KOSPI,,21250.0,303577500000,6.1,-40.72649,0.54,8.887468030690538,23.014000000000003,6.330118204850583,0.3340126662722152,0.7626060088094142,498080893.75,-2.9680365296803624,-29.166666666666664,-41.62087912087912,0.0273070839,44.4,,https://finance.naver.com/item/main.naver?code=126720,12.136363636363637,0.0,6.888,2.3324808184143233,1.9588930616768139,8.0,0.0,1.100893139559762,8.0,3.9526098901098896
004440,삼일씨엔에스,KOSPI,,5430.0,69134472210,46.07,7.31369,0.26,0.555608319878431,71.986,3.1043847185021134,0.4004380447387508,7.619171525862669,541862681.55,-10.690789473684214,-14.218009478672988,-50.94850948509485,0.0147385942,44.4,,https://finance.naver.com/item/main.naver?code=004440,0.0,0.0,7.0,0.0,0.061402775589478466,6.024188235294118,15.0,1.2838399358371788,10.0,5.0
474610,RF시스템즈,KOSDAQ,,7920.0,114168542400,20.18,39.84954,2.14,10.610932475884244,57.07,14.378694725294055,0.4375865245816028,1.3982988220340236,599768953.25,14.45086705202312,-9.589041095890416,-55.38028169014084,0.083602817,44.3,,https://finance.naver.com/item/main.naver?code=474610,0.0,6.581268775833631,2.408,3.366559485530546,6.693349838408268,6.726117647058824,1.991494110170118,1.504313631208607,10.0,5.0
105630,한세실업,KOSPI,,8610.0,344400000000,5.87,8.88568,0.46,7.793739279588337,133.173,6.426972513026056,0.4184037132620553,0.8817106718470832,471360798.25,-4.22691879866518,-27.52525252525253,-44.5945945945946,0.0557881,44.1,,https://finance.naver.com/item/main.naver?code=105630,12.45,4.525153580442542,7.0,1.6762435677530023,2.0158661841329746,3.1448,0.0,0.9811610296082574,8.0,4.324324324324325
033240,자화전자,KOSPI,,26350.0,569304977700,11.67,-359.29063,1.23,10.542349411493191,67.795,9.545197884910182,0.4778958513409641,1.7446081788789558,2342617288.75,-1.1257035647279534,-29.920212765957444,-56.08333333333333,0.1246361228,44.1,,https://finance.naver.com/item/main.naver?code=033240,4.540909090909091,0.0,4.9559999999999995,3.325409646895915,3.850116402888343,6.2214117647058815,3.723040894394779,4.462900446893894,8.0,5.0
031330,에스에이엠티,KOSDAQ,,8350.0,834958809450,10.81,276.92069,1.69,15.59301625526791,178.915,5.72153530202289,0.8842609992601882,1.5179750521231017,3072620002.5,-21.374764595103574,66.00397614314116,-58.1453634085213,0.0783930571,44.0,,https://finance.naver.com/item/main.naver?code=031330,5.713636363636363,8.0,3.668,6.355809753160747,1.6009031188369938,0.9922352941176474,2.5898752606155084,5.051937993642213,5.0,5.0
317400,자이에스앤디,KOSPI,,9840.0,381619996800,10.75,35.90844,0.81,7.573834306507574,79.96799999999999,2.978815264766841,0.4832321274072405,0.8180127230050366,11684824320.5,110.48128342245992,124.40136830102624,-17.4496644295302,0.0597181153,44.0,,https://finance.naver.com/item/main.naver?code=317400,5.795454545454545,8.0,6.132,1.544300583904544,0.0,5.648564705882354,0.0,7.952504662541422,8.0,0.9312080536912748
499790,GS피앤엘,KOSPI,,38650.0,766462004650,40.19,14.80503,0.91,2.2657316762711472,93.131,18.470132487040008,0.669077679830368,3.173345388399152,1864640370.0,0.9138381201044375,-16.881720430107528,-42.3134328358209,0.1072231379,43.9,,https://finance.naver.com/item/main.naver?code=499790,0.0,0.0,5.851999999999999,0.0,9.100077933552946,5.029129411764706,10.86672694199576,3.9673691393365917,5.0,4.039179104477612
007340,DN오토모티브,KOSPI,,48700.0,2849479125500,9.03,9.42302,1.27,14.02784940691078,122.313,16.443836622412746,1.2167350817260578,1.5613599113970065,5536963367.5,28.665785997357982,29.006622516556305,-27.85185185185185,0.0564221534,43.9,,https://finance.naver.com/item/main.naver?code=007340,8.140909090909092,0.5561132913510392,4.843999999999999,5.416709644146469,7.908139189654557,3.6558588235294116,2.8067995569850326,6.330751977566882,2.0,2.2314814814814814
004770,써니전자,KOSPI,,1964.0,69736608232,20.1,276.92069,0.85,4.2294807370184255,2.37,6.898521003297069,0.098318927216863,0.3265694261832099,9140843821.35,17.253731343283583,24.936386768447825,-27.393715341959336,0.0533091968,43.9,,https://finance.naver.com/item/main.naver?code=004770,0.0,8.0,6.02,0.0,2.293247648998276,8.0,0.0,7.419325170082116,10.0,2.174214417744917
002700,신일전자,KOSPI,,999.0,68478973479,16.07,12.00995,0.8,4.995904995904995,92.97,9.704443365908206,1.981422513973408,5.932103008794103,419651642.2,-11.749116607773846,-27.292576419213976,-33.44437041972018,0.032334313,43.8,,https://finance.naver.com/item/main.naver?code=002700,0.0,0.0,6.160000000000001,0.0,3.9437902152401216,5.036705882352941,15.0,0.7288383611690818,10.0,2.9305463024650225
232140,와이씨,KOSDAQ,,14690.0,1205246191500,59.54,32.6936,3.17,5.32293986636971,26.807,14.336482758911032,1.0773121931135543,3.035659605368508,33587485108.5,27.18614718614718,-25.203665987780045,-39.17184265010352,0.0626624909,43.7,,https://finance.naver.com/item/main.naver?code=232140,0.0,0.0,0.0,0.19376391982182606,6.668519269947666,8.0,10.17829802684254,10.0,5.0,3.64648033126294
124500,아이티센글로벌,KOSDAQ,,28800.0,668290377600,14.23,30.79656,5.29,37.19467061435973,145.518,0.3618047595277195,0.2486664551885895,0.5132703886529613,11632173832.5,33.95348837209302,-44.72168905950096,-61.85430463576158,0.0297395418,43.7,,https://finance.naver.com/item/main.naver?code=124500,1.0499999999999994,7.172472076967903,0.0,12.0,0.0,2.5638588235294115,0.0,7.9426981449442735,8.0,5.0
027360,아주IB투자,KOSDAQ,,3740.0,453083818440,54.71,14.75006,1.72,3.1432420296362817,21.582,65.33622478365898,0.3032699578613985,1.1643362249986022,13201986672.95,-16.888888888888886,-42.46153846153846,-81.2531328320802,0.0674148634,43.6,,https://finance.naver.com/item/main.naver?code=027360,0.0,0.0,3.584,0.0,10.0,8.0,0.8216811249930112,8.21759017643771,8.0,5.0
053800,안랩,KOSDAQ,,74800.0,832262648800,13.42,226.89355,1.85,13.750120319568776,37.293,7.547152904250391,1.2456177025510198,1.710963433031571,4983983092.5,38.00738007380073,23.84105960264902,-5.076142131979699,0.2881978404,43.6,,https://finance.naver.com/item/main.naver?code=053800,2.1545454545454548,8.0,3.2199999999999998,5.250072191741266,2.6747958260296416,7.6568,3.5548171651578553,6.102276528238306,5.0,0.0
009290,광동제약,KOSPI,,6430.0,320212765440,12.15,44.74767,0.48,3.94667070676464,85.871,0.6417692104547649,0.920722607025806,1.877982046909089,683709068.75,9.540034071550265,-26.006904487917147,-49.765625,0.158566776,43.4,,https://finance.naver.com/item/main.naver?code=009290,3.886363636363636,8.0,7.0,0.0,0.0,5.370776470588235,4.389910234545446,1.7887504286074662,8.0,4.970703125
420570,제이투케이바이오,KOSDAQ,,9140.0,53445994620,20.7,43.73552,1.65,7.9480519480519485,18.724,17.258032630796656,0.5362012979860508,0.5362012979860508,658145779.75,7.403055229142175,24.01628222523744,-28.92690513219285,0.0188096314,43.0,,https://finance.naver.com/item/main.naver?code=420570,0.0,7.022673256581073,3.7800000000000002,1.768831168831169,8.38707801811568,8.0,0.0,1.706004230404039,10.0,2.3658631415241063
030190,NICE평가정보,KOSPI,,16000.0,932299856000,12.42,15.52134,2.06,16.605724372714665,32.195,20.142732156606165,0.8140169275609772,0.8140169275609772,1805481945.0,16.194625998547572,-3.2648125755743607,-13.513513513513509,0.3260203957,43.0,,https://finance.naver.com/item/main.naver?code=030190,3.5181818181818185,2.664151419916065,2.632,6.9634346236288,10.0,7.896705882352942,0.0,3.897359475383242,5.0,0.4391891891891886
298830,슈어소프트테크,KOSDAQ,,4150.0,221852770850,25.0,226.89355,2.03,8.122833085685983,38.42,10.417626899305432,0.680980786011768,1.355513381291887,659625095.6,1.3431013431013383,-40.54441260744986,-61.85661764705883,0.0458512125,43.0,,https://finance.naver.com/item/main.naver?code=298830,0.0,8.0,2.7160000000000006,1.8736998514115895,4.363309940767901,7.6037647058823525,1.7775669064594346,1.710879577040867,10.0,5.0
105840,우진,KOSPI,,13590.0,274486335300,30.16,173.24683,1.35,4.481251905294177,26.127,2.635579302363109,0.4577277680909274,1.1554536183970092,6236733359.0,-15.115552779512807,-50.4014598540146,-57.12933753943218,0.0601708514,43.0,,https://finance.naver.com/item/main.naver?code=105840,0.0,8.0,4.619999999999999,0.0,0.0,8.0,0.7772680919850461,6.589179611006912,10.0,5.0
008060,대덕,KOSPI,,15090.0,472122308820,147.86,276.92069,0.86,0.5818551576093097,32.226,14.00017304071682,0.9287151339263808,1.448045256671784,1053719897.0,-4.12960609911055,8.249641319942613,-38.02874743326489,0.1561260491,43.0,,https://finance.naver.com/item/main.naver?code=008060,0.0,6.214086784198031,5.992000000000001,0.0,6.470690023951072,7.8952470588235295,2.24022628335892,2.728019630147971,8.0,3.5035934291581112
234690,녹십자웰빙,KOSDAQ,,9880.0,177477305200,16.44,44.74767,1.46,8.880491261218705,113.391,8.887144903266787,0.4337020757093827,0.4337020757093827,8829141814.75,19.902912621359214,-16.271186440677965,-37.82252989301448,0.0168860493,43.0,,https://finance.naver.com/item/main.naver?code=234690,0.0,8.0,4.312,2.328294756731223,3.4630264136863453,4.0757176470588234,0.0,7.343986189232199,10.0,3.4778162366268104
126640,화신정공,KOSDAQ,,3825.0,134088855750,12.65,9.42302,1.1,8.695652173913043,54.184,10.117390263346785,0.4231284120872362,0.8815312503055985,5040012995.4,-6.019656019656017,159.1463414634146,-51.45939086294416,0.0153343331,42.9,,https://finance.naver.com/item/main.naver?code=126640,3.204545454545454,0.0,5.32,2.217391304347826,4.1867001549098735,6.861929411764706,0.0,6.1265520076602975,10.0,5.0
090460,비에이치,KOSPI,,20450.0,689400952100,20.69,276.92069,0.89,4.298416829321188,71.322,1.904957687941856,0.3264112606234029,0.6464641375191177,29155306254.5,6.732776617954062,-11.086956521739133,-52.88018433179724,0.1047681064,42.9,,https://finance.naver.com/item/main.naver?code=090460,0.0,8.0,5.9079999999999995,0.0,0.0,6.055435294117647,0.0,9.937981764986494,8.0,5.0
469610,이노테크,KOSDAQ,,15330.0,137094657000,13.99,16.02532,2.23,15.945984772302827,55.581,4.5690946163684885,0.4349168777117612,1.9815925833455137,1396675836.25,13.555555555555564,-17.313915857605178,-81.96470588235294,0.0092376075,42.8,,https://finance.naver.com/item/main.naver?code=469610,1.377272727272727,1.6934201625926968,2.156,6.567590863381697,0.9229968331579343,6.7961882352941165,4.907962916727569,3.339871824029972,10.0,5.0
014830,유니드,KOSPI,,60300.0,408086280000,6.12,-30.99167,0.37,6.032118114150011,42.625,6.0631035225079,0.6775337253545486,0.9040124524386024,730926352.5,-6.074766355140183,-27.697841726618712,-40.64960629921261,0.1174995567,42.7,,https://finance.naver.com/item/main.naver?code=014830,12.109090909090908,0.0,7.0,0.6192708684900066,1.8018256014752354,7.405882352941177,0.0,1.9337618265522938,8.0,3.831200787401576
058430,포스코스틸리온,KOSPI,,4650.0,279000000000,15.63,26.9602,0.7,4.452429307920638,33.444,3.2150021728768623,1.9876196111942817,1.9876196111942817,978737537.9,-7.920792079207917,-89.43181818181817,-55.71428571428572,0.0336047667,42.5,,https://finance.naver.com/item/main.naver?code=058430,0.0,5.603420350491959,6.4399999999999995,0.0,0.1264718663981543,7.837929411764705,4.938098055971408,2.5677249529157553,10.0,5.0
178920,PI첨단소재,KOSPI,,19230.0,564714372060,17.94,-30.99167,1.54,8.557962626095584,29.24,29.655683027835085,1.9281352955651507,2.038922436608972,533885186.25,-1.8376722817764144,-8.862559241706158,-40.18662519440125,0.1453717289,42.4,,https://finance.naver.com/item/main.naver?code=178920,0.0,0.0,4.088,2.134777575657351,10.0,8.0,5.19461218304486,1.2516330795286912,8.0,3.7733281493001565
330350,위더스제약,KOSDAQ,,7180.0,94773702400,19.04,44.74767,0.96,5.063973063973064,38.575,3.7030440542590006,0.0466034805304195,0.1181820802371752,8463512433.75,15.24879614767256,-11.467324290998771,-39.9163179916318,0.0145926265,42.4,,https://finance.naver.com/item/main.naver?code=330350,0.0,7.66003980393467,5.712000000000001,0.03838383838383841,0.4135553260347063,7.596470588235294,0.0,7.252146909219839,10.0,3.739539748953975
317850,대모,KOSDAQ,,6220.0,51777892400,27.27,173.24683,1.07,3.9266562878394735,36.519,8.401460365841068,0.1134734489667056,0.4862539076710263,1887855368.25,-0.4800000000000026,-26.650943396226413,-42.988084326306144,0.0286302229,42.4,,https://finance.naver.com/item/main.naver?code=317850,0.0,8.0,5.404,0.0,3.177329626965334,7.693223529411765,0.0,3.994237322459373,10.0,4.123510540788268
005180,빙그레,KOSPI,,85700.0,757742345700,13.81,32.13158,1.03,7.470369357695645,44.906,15.772495594764257,0.9969586079034533,0.9969586079034533,5097109700.0,29.06626506024097,18.044077134986235,-10.729166666666668,0.2446632762,42.3,,https://finance.naver.com/item/main.naver?code=005180,1.6227272727272721,7.60273019046475,5.516,1.4822216146173872,7.513232702802504,7.298541176470588,0.0,6.151013629279483,5.0,0.09114583333333348
041920,메디아나,KOSDAQ,,9760.0,181518656480,34.13,-33.00121,1.33,3.896457765667575,10.277,13.953291983604505,1.5787155618852673,2.441692343515625,477295643.5,-7.136060894386298,-48.631578947368425,-67.02702702702703,0.0465519743,42.3,,https://finance.naver.com/item/main.naver?code=041920,0.0,0.0,4.675999999999999,0.0,6.443112931532061,8.0,7.208461717578126,1.0083310782816746,10.0,5.0
017900,광전자,KOSPI,,9560.0,553942374280,111.18,276.92069,1.98,1.7767558528428091,8.436,3.536558201667095,0.1352602966097719,0.5073672253726849,82084517405.5,60.13400335008375,374.4416873449132,-57.41648106904231,0.1829476453,42.2,,https://finance.naver.com/item/main.naver?code=017900,0.0,7.980176080980683,2.8560000000000003,0.0,0.31562247156887935,8.0,0.0,10.0,8.0,5.0
003780,진양산업,KOSPI,,4370.0,56810000000,8.3,-30.99167,0.86,10.340821068938808,67.568,6.88974766114551,0.3890323013266039,0.7670847470219071,447596317.15,-4.061470911086717,-18.92393320964749,-45.98269468479605,0.0451857692,42.2,,https://finance.naver.com/item/main.naver?code=003780,9.136363636363635,0.0,5.992000000000001,3.204492641363285,2.2880868594973585,6.232094117647059,0.0,0.8688262487483467,10.0,4.497836835599506
004560,현대비앤지스틸,KOSPI,,12480.0,188183561280,12.57,26.9602,0.36,2.845232195434801,41.561,4.700321572612625,0.5693637870830902,0.9499198829271908,534892013.5,11.329170383586074,-21.012658227848103,-51.05882352941176,0.0399817996,42.1,,https://finance.naver.com/item/main.naver?code=004560,3.3136363636363635,7.116762239647085,7.0,0.0,1.0001891603603674,7.45595294117647,0.0,1.2557242937532553,10.0,5.0
388050,지투파워,KOSDAQ,,10000.0,187094370000,32.86,55.51033,4.33,13.188277087033748,96.203,3.96111892519722,0.1425967154400907,1.5235408289187875,19596690889.5,27.388535031847127,-17.355371900826444,-45.82881906825569,0.0098019518,42.0,,https://finance.naver.com/item/main.naver?code=388050,0.0,5.440508100023906,0.0,4.912966252220249,0.5653640736454236,4.884564705882353,2.6177041445939375,9.075307437836981,10.0,4.478602383531961
237880,클리오,KOSDAQ,,11870.0,214506960110,15.92,43.73552,0.87,5.4457587997691865,29.667,13.383212480872276,0.8783575361138578,0.8783575361138578,786653071.5,18.58141858141857,1.4529914529914478,-22.570123939986956,0.0294421785,42.0,,https://finance.naver.com/item/main.naver?code=237880,0.0,8.0,5.9639999999999995,0.26745527986151196,6.107772047571927,8.0,0.0,2.0933099399618538,10.0,1.5712654924983696
045100,한양이엔지,KOSDAQ,,32400.0,567000000000,12.81,32.6936,0.85,6.633945121792027,40.489,8.042007579369516,1.0918321232133603,1.0918321232133603,1941668556.25,-2.114803625377648,6.578947368421062,-17.76649746192893,0.2020671429,41.9,,https://finance.naver.com/item/main.naver?code=045100,2.9863636363636354,8.0,6.02,0.9803670730752162,2.9658868113938333,7.5064,0.4591606160668016,4.05526921451739,8.0,0.9708121827411165
041830,인바디,KOSDAQ,,52500.0,707746305000,22.2,-33.00121,2.26,10.167855644146034,12.091,24.221881436042924,0.8347185142279716,2.1692857496880107,3919915987.5,-10.409556313993171,86.17021276595744,-28.57142857142857,0.3375479438,41.9,,https://finance.naver.com/item/main.naver?code=041830,0.0,0.0,2.0720000000000005,3.10071338648762,10.0,8.0,5.8464287484400534,5.580777522529292,5.0,2.321428571428571
294870,IPARK현대산업개발,KOSPI,,23150.0,1525754689500,9.35,35.90844,0.46,4.8887397081762,128.476,13.417142004620198,0.8886942544753963,1.4565494094572893,3408649441.25,25.067531064289582,2.433628318584069,-8.678500986193294,0.1782636924,41.8,,https://finance.naver.com/item/main.naver?code=294870,7.704545454545455,8.0,7.0,0.0,6.127730590953058,3.3658352941176473,2.2827470472864464,5.277305421371006,2.0,0.0
080220,제주반도체,KOSDAQ,,78500.0,2703762390500,65.64,32.6936,11.42,17.398398101453573,63.576,42.033494068158426,1.050027868378972,1.3620716221585647,79877487175.0,-12.486064659977703,90.99756690997567,-43.11594202898551,0.0067931404,41.8,,https://finance.naver.com/item/main.naver?code=080220,0.0,0.0,0.0,7.439038860872144,10.0,6.419952941176471,1.8103581107928235,10.0,2.0,4.1394927536231885
311320,지오엘리먼트,KOSDAQ,,8330.0,105079284800,19.49,32.6936,1.81,9.27592116538132,24.806,19.533021753088324,0.6298347493709464,0.6298347493709464,330584104.75,-19.282945736434108,21.9619326500732,-30.11744966442953,0.0399445561,41.7,,https://finance.naver.com/item/main.naver?code=311320,0.0,5.38478478968361,3.332,2.5655526992287916,9.725306913581367,8.0,0.0,0.2108035656622853,10.0,2.514681208053691
098460,고영,KOSDAQ,,30850.0,2104099971050,137.28,276.92069,6.05,4.410316991533766,26.163,16.39557663920578,0.8864677493510627,1.8697913100220327,29535909946.25,4.04721753794266,13.837638376383763,-31.444444444444443,0.2984344677,41.6,,https://finance.naver.com/item/main.naver?code=098460,0.0,6.723498582452132,0.0,0.0,7.879750964238693,8.0,4.348956550110164,9.966145502412616,2.0,2.6805555555555554
192250,케이사인,KOSDAQ,,8220.0,58091767500,21.78,226.89355,0.61,2.823654768247203,63.125,9.419232862661776,0.4258298977864364,0.5210118551024978,709043772.25,11.989100817438691,-17.71771771771772,-48.62499999999999,0.0303250615,41.6,,https://finance.naver.com/item/main.naver?code=192250,0.0,8.0,6.692,0.0,3.7760193309775154,6.4411764705882355,0.0,1.8677589605669365,10.0,4.828124999999999
078520,에이블씨엔씨,KOSPI,,10720.0,267607926720,19.85,43.73552,3.15,15.884057971014492,110.789,15.95322251577038,0.7090726215731751,0.8171760047064479,952493135.0,2.6819923371647514,-15.590551181102365,-36.152471709350806,0.1020506961,41.4,,https://finance.naver.com/item/main.naver?code=078520,0.0,7.281806641375249,0.0,6.530434782608695,7.6195426563355175,4.198164705882353,0.0,2.5087029975238995,10.0,3.2690589636688507
000430,대원강업,KOSPI,,4640.0,287680000000,7.8,9.42302,0.51,6.481174781936623,94.883,8.153895038558115,0.4291425574753479,0.8721103030348761,562168348.05,17.76649746192893,21.78477690288714,-25.161290322580644,0.0274260645,41.2,,https://finance.naver.com/item/main.naver?code=000430,9.818181818181818,2.296531968165902,6.972,0.888704869161974,3.0317029638577146,4.946682352941177,0.0,1.3637256750729243,10.0,1.8951612903225805
229640,LS에코에너지,KOSPI,,62400.0,1910992449600,44.77,55.51033,9.0,20.10727747173093,114.82699999999998,7.210467763510923,0.7916958811436879,2.7492613878989283,13256504341.25,12.23021582733812,41.657207718501695,-43.16939890710383,0.0516927757,41.2,,https://finance.naver.com/item/main.naver?code=229640,0.0,2.5797792951329956,0.0,9.064366483038558,2.4767457432417195,4.008141176470589,8.746306939494643,8.226538818294875,2.0,4.146174863387979
119610,인터로조,KOSDAQ,,15410.0,175885841270,14.49,-33.00121,1.19,8.188989184353908,60.163,20.31873786907648,1.7198425367639365,1.7198425367639365,373884806.0,-5.864386072083083,-17.813333333333336,-33.29004329004329,0.0404169639,41.2,,https://finance.naver.com/item/main.naver?code=119610,0.6954545454545451,0.0,5.068,1.9133935106123445,10.0,6.580564705882352,3.5992126838196823,0.4780828092677947,10.0,2.9112554112554117
332570,PS일렉트로닉스,KOSDAQ,,8990.0,413006020970,18.49,103.45714,3.26,17.62984637893197,141.643,5.604561526812762,0.5651758381427396,1.0260585411114338,22238200700.0,80.16032064128255,79.80000000000001,-40.02668445630421,0.0056128127,41.1,,https://finance.naver.com/item/main.naver?code=332570,0.0,8.0,0.0,7.577907827359181,1.5320950157722126,2.7462117647058824,0.130292705557169,9.349891953525269,8.0,3.7533355570380262
004000,롯데정밀화학,KOSPI,,43400.0,1119720000000,10.41,-30.99167,0.45,4.355236740839887,11.084,10.559555906927304,0.6091220996724108,1.422609471011262,2341111178.75,-4.510451045104514,-16.37764932562621,-39.55431754874652,0.2344151938,41.0,,https://finance.naver.com/item/main.naver?code=004000,6.259090909090909,0.0,7.0,0.0,4.446797592310179,8.0,2.11304735505631,4.461503919983283,5.0,3.6942896935933147
199820,제일일렉트릭,KOSDAQ,,7600.0,168872000000,25.13,55.51033,1.06,4.217378998018681,49.529,6.03192380389403,0.5012600953887797,1.2902095605141568,1159178594.0,-6.748466257668717,-30.339138405132903,-65.91928251121077,0.0361363186,41.0,,https://finance.naver.com/item/main.naver?code=199820,0.0,7.297219574566872,5.432,0.0,1.7834845905259002,7.080988235294118,1.451047802570784,2.935145489538895,10.0,5.0
078600,대주전자재료,KOSDAQ,,93800.0,1473048144400,65.21,276.92069,5.36,8.21599045346062,138.368,6.744655265606167,1.4531397977657272,2.636115545203596,10383836437.5,7.077625570776247,-24.77947072975141,-48.82705946535734,0.1384445934,40.8,,https://finance.naver.com/item/main.naver?code=078600,0.0,8.0,0.0,1.929594272076372,2.2027383915330394,2.900329411764706,8.180577726017978,7.696182919691124,5.0,4.853382433169667
420770,기가비스,KOSDAQ,,127100.0,1611088841800,105.82,32.6936,7.75,7.323080619968761,17.724,29.63442396046633,0.6869044541645658,2.4059219938932155,16671431285.0,-27.288329519450805,79.51977401129943,-38.30097087378641,0.0658045854,40.7,,https://finance.naver.com/item/main.naver?code=420770,0.0,0.0,0.0,1.3938483719812567,10.0,8.0,7.029609969466078,8.724258160002973,2.0,3.5376213592233015
036170,에이치엠넥스,KOSDAQ,,2780.0,170596440280,14.75,16.02532,1.19,8.083966056275123,21.217,10.34566609989277,0.620819191918326,1.5916899487437108,736547073.25,2.3941068139963217,-44.950495049504944,-72.8515625,0.0321372587,40.6,,https://finance.naver.com/item/main.naver?code=036170,0.34090909090909094,1.061087495704715,5.068,1.8503796337650742,4.320980058760452,8.0,2.958449743718554,1.9503962670839492,10.0,5.0
330860,네패스아크,KOSDAQ,,30800.0,375268586000,112.68,32.6936,2.28,2.0229752185535728,66.15299999999999,16.495429423853274,0.9566114536909666,2.0661145369096645,4818426478.75,-3.5993740219092296,10.000000000000009,-51.49606299212599,0.0944997331,40.6,,https://finance.naver.com/item/main.naver?code=330860,0.0,0.0,2.0160000000000005,0.0,7.938487896384279,6.298682352941177,5.330572684548322,6.028919910162394,8.0,5.0
290550,디케이티,KOSDAQ,,21750.0,435026752500,19.5,103.45714,2.23,11.429980276134122,75.265,6.791102468125295,0.9570355466046708,0.9570355466046708,7235285206.75,4.316546762589923,10.799796230259815,-37.76824034334764,0.0511508042,40.5,,https://finance.naver.com/item/main.naver?code=290550,0.0,8.0,2.156,3.857988165680473,2.230060275367821,5.869882352941176,0.0,6.911672002347604,8.0,3.4710300429184553
265520,AP시스템,KOSDAQ,,19240.0,289577796040,11.94,16.02532,0.77,6.45797288053756,82.639,5.891971254223013,1.5922312396758136,1.6689409801830868,678759355.25,-7.499999999999996,-9.67136150234742,-38.13504823151126,0.1545696411,40.5,,https://finance.naver.com/item/main.naver?code=265520,4.172727272727274,3.3990543298563365,6.244,0.8747837283225359,1.7011595613076547,5.522870588235294,3.344704900915434,1.7729728687081359,10.0,3.516881028938908
327260,RF머트리얼즈,KOSDAQ,,49300.0,886779214400,115.09,39.84954,15.81,13.735017816650467,33.402,21.11055010819371,0.9818444693750994,1.1574196436425823,43836921073.75,1.1282051282051286,-21.993670886075943,-22.264969831318616,0.0938841772,40.4,,https://finance.naver.com/item/main.naver?code=327260,0.0,0.0,0.0,5.241010689990281,10.0,7.839905882352942,0.7870982182129116,10.0,5.0,1.533121228914827
011780,금호석유화학,KOSPI,,115100.0,2895608107500,10.28,-30.99167,0.48,4.624078764838996,34.403,14.94601233180327,0.760151883144161,0.8613683621965449,10729152027.5,-1.5397775876817787,-9.08372827804107,-29.08194701170672,0.2859282138,40.4,,https://finance.naver.com/item/main.naver?code=011780,6.436363636363637,0.0,7.0,0.0,7.027066077531336,7.792800000000001,0.0,7.767220721911698,2.0,2.38524337646334
126730,코칩,KOSDAQ,,23300.0,204343935800,65.83,-76.86105,3.36,5.099271532638195,17.815,24.50557144033712,0.3075080209504987,0.7193303223937985,18448940083.0,47.00315457413249,23.28042328042328,-36.16438356164383,0.0043792985,40.3,,https://finance.naver.com/item/main.naver?code=126730,0.0,0.0,0.0,0.059562919582916866,10.0,8.0,0.0,8.944250828381959,10.0,3.270547945205479
048910,대원미디어,KOSDAQ,,7040.0,88555779840,15.9,852.84337,0.85,5.37405303030303,94.729,5.618720593426475,1.0597314432709863,2.385181474366728,345907741.5,51.23523093447906,-7.853403141361259,-26.97095435684648,0.0268885803,40.1,,https://finance.naver.com/item/main.naver?code=048910,0.0,8.0,6.02,0.22443181818181815,1.5404238784861615,4.953929411764706,6.92590737183364,0.30919513510184515,10.0,2.12136929460581
340450,지씨지놈,KOSDAQ,,8700.0,205761899100,47.35,-34.48027,2.65,5.589123867069486,9.967,5.21974608252185,2.4220051542778886,4.003869078106719,2212276858.0,85.10638297872339,17.567567567567565,-8.613445378151264,0.0410894045,40.0,,https://finance.naver.com/item/main.naver?code=340450,0.0,0.0,0.9800000000000003,0.3534743202416918,1.305732989718735,8.0,15.0,4.338591108049847,10.0,0.0
047770,코데즈컴바인,KOSDAQ,,3450.0,130556976900,28.38,8.88568,1.79,6.307277628032345,27.87,13.190418540787311,0.4166065297886948,0.4166065297886948,10854983120.35,21.478873239436624,-15.85365853658537,-42.11409395973155,0.0207129785,40.0,,https://finance.naver.com/item/main.naver?code=047770,0.0,0.0,3.388,0.7843665768194072,5.994363847521948,8.0,0.0,7.792539488686652,10.0,4.0142617449664435
249420,일동제약,KOSPI,,13920.0,440404467840,14.62,44.74767,1.76,12.044495588799386,124.604,1.3391564010201764,0.196428185468792,0.3379859983695893,7787973395.5,-14.601226993865035,-52.41025641025641,-69.10099889012209,0.0490706313,39.8,,https://finance.naver.com/item/main.naver?code=249420,0.5181818181818192,8.0,3.472,4.226697353279631,0.0,3.5480470588235296,0.0,7.071516022686293,8.0,5.0
036800,나이스정보통신,KOSDAQ,,7700.0,350350000000,7.93,15.52134,0.86,10.831678799911758,179.15,6.7315615590995845,0.9107021278895098,0.9107021278895098,1144618716.0,-73.53951890034365,-69.86301369863014,-7.451923076923073,0.2866668791,39.7,,https://finance.naver.com/item/main.naver?code=036800,9.64090909090909,6.5212067171176376,5.992000000000001,3.4990072799470546,2.19503621123505,0.981176470588235,0.0,2.9076979409430326,8.0,0.0
059120,아진엑스텍,KOSDAQ,,7360.0,134762085760,160.87,32.6936,3.28,2.0408163265306123,10.183,20.41052605644456,0.2371726529454354,0.6793141360295933,6403915385.0,41.26679462571976,1.939058171745156,-49.241379310344826,0.0156602931,39.6,,https://finance.naver.com/item/main.naver?code=059120,0.0,0.0,0.0,0.0,10.0,8.0,0.0,6.646621651140219,10.0,4.905172413793103
185750,종근당,KOSPI,,64300.0,887518754000,10.95,44.74767,0.85,7.721186663166185,83.259,3.889870728625717,0.9693572154899072,1.2090762451711232,1393837792.5,-6.13138686131387,-24.6189917936694,-34.45463812436289,0.1541067814,39.6,,https://finance.naver.com/item/main.naver?code=185750,5.522727272727273,8.0,6.02,1.632711997899711,0.5234533697798334,5.493694117647059,1.045381225855616,3.3354549053943128,5.0,3.056829765545361
092870,엑시콘,KOSDAQ,,48800.0,636878893600,67.13,32.6936,3.18,4.7316524386208725,23.597,13.139753426350318,0.6886886576483855,2.834689619427746,14101549071.25,168.27927432655306,71.2280701754386,-2.2044088176352727,0.0867645095,39.5,,https://finance.naver.com/item/main.naver?code=092870,0.0,0.0,0.0,0.0,5.964560839029599,8.0,9.17344809713873,8.360727841502431,8.0,0.0
241790,티이엠씨씨엔에스,KOSDAQ,,6240.0,62416436160,14.27,32.6936,0.53,3.689663886782916,70.015,0.1729709548715506,0.4915880603327902,1.628779272329938,592419610.5,20.463320463320468,-16.24161073825503,-36.3265306122449,0.0296037024,39.5,,https://finance.naver.com/item/main.naver?code=241790,0.995454545454546,7.513641813688308,6.9159999999999995,0.0,0.0,6.116941176470589,3.1438963616496896,1.4775408577455629,10.0,3.2908163265306127
417840,저스템,KOSDAQ,,18360.0,421301063160,107.24,32.6936,6.98,6.512185377546944,65.303,31.631033504834186,1.7522573475208685,1.938208194230066,15608027841.25,45.48335974643423,166.08695652173915,-17.483146067415735,0.0617135873,39.5,,https://finance.naver.com/item/main.naver?code=417840,0.0,0.0,0.0,0.9073112265281661,10.0,6.338682352941176,4.691040971150329,8.581133881761227,8.0,0.9353932584269669
014680,한솔케미칼,KOSPI,,262000.0,2828037432000,18.39,-30.99167,2.48,13.506336753168377,38.389,20.09926823918551,1.7892294013611705,1.7892294013611705,9965841747.5,-4.727272727272725,-3.142329020332713,-24.38672438672439,0.4280766712,39.5,,https://finance.naver.com/item/main.naver?code=014680,0.0,0.0,1.4560000000000002,5.103802051901026,10.0,7.605223529411764,3.9461470068058526,7.606963658972834,2.0,1.7983405483405486
003280,흥아해운,KOSPI,,1814.0,436130766786,14.14,10.14878,1.69,11.958568738229754,70.80199999999999,6.2868226516104215,0.1400959622328453,0.3376195877818472,21015719314.7,11.083894672382112,-49.95862068965518,-62.1689259645464,0.0260244801,39.3,,https://finance.naver.com/item/main.naver?code=003280,1.172727272727272,0.0,3.668,4.175141242937853,1.933425089182601,6.079905882352942,0.0,9.227115023366794,8.0,5.0
251270,넷마블,KOSPI,,34400.0,2860649820000,12.58,17.27671,0.52,4.143717273536646,35.791000000000004,10.698528544355495,0.9882825280011632,1.1364534148695973,4395539745.0,-10.416666666666664,-30.784708249496983,-46.165884194053206,0.1389641398,39.2,,https://finance.naver.com/item/main.naver?code=251270,3.3,3.6246947480162612,6.944,0.0,4.528546202562056,7.727482352941177,0.6822670743479864,5.8294547831578125,2.0,4.520735524256651
093320,케이아이엔엑스,KOSDAQ,,128200.0,625616000000,37.6,30.79656,3.15,8.373999147202351,36.784,20.74528495633636,0.8468566070201153,2.2802856843724824,1517742110.0,17.50687442713108,29.888551165146904,-21.68601099572388,0.4408229508,39.1,,https://finance.naver.com/item/main.naver?code=093320,0.0,0.0,0.0,2.0243994883214107,10.0,7.680752941176471,6.401428421862412,3.5203836457313997,8.0,1.460751374465485
025820,이구산업,KOSPI,,4175.0,139620350000,12.81,26.9602,0.96,7.508610792192883,176.169,10.662987272208795,0.449287326829059,0.8192664000659537,783194536.9,6.777493606138108,-11.64021164021164,-41.77126917712691,0.0403202261,38.9,,https://finance.naver.com/item/main.naver?code=025820,2.9863636363636354,6.998068758144722,5.712000000000001,1.50516647531573,4.507639571887527,1.1214588235294112,0.0,2.083741973527893,10.0,3.971408647140864
264850,이랜시스,KOSDAQ,,5560.0,168438042720,39.14,276.92069,3.08,7.865168539325842,26.48,6.598972261536354,0.2442875332616051,0.4393610864941341,3085516626.75,33.01435406698565,-6.867671691792299,-41.6579223504722,0.0093961593,38.9,,https://finance.naver.com/item/main.naver?code=264850,0.0,8.0,0.0,1.7191011235955056,2.1170425067860905,8.0,0.0,5.061033181476544,10.0,3.9572402938090248
049070,인탑스,KOSDAQ,,18000.0,283361400000,17.87,103.45714,0.43,2.427737434144952,15.35,1.2045868375660822,0.5413768355282274,0.9480923916687568,1517159536.25,1.4084507042253502,6.069534472598703,-27.855711422845687,0.0711090501,38.8,,https://finance.naver.com/item/main.naver?code=049070,0.0,8.0,7.0,0.0,0.0,8.0,0.0,3.519549982576793,10.0,2.231963927855711
033160,엠케이전자,KOSDAQ,,16620.0,408254643960,267.14,32.6936,0.96,0.358524926018666,152.081,5.161538027949816,1.1386990395435574,2.730287245482539,11589586789.75,0.9107468123861652,1.9631901840490904,-55.081081081081074,0.1364229396,38.8,,https://finance.naver.com/item/main.naver?code=033160,0.0,0.0,5.712000000000001,0.0,1.2714929576175389,2.2550117647058827,8.651436227412693,7.934733486836363,8.0,5.0
101170,우림피티에스,KOSDAQ,,8100.0,109350000000,45.03,173.24683,1.3,2.8853817949944207,14.676,6.755097387574032,0.4988041196393085,0.9075397906758362,437049377.0,10.354223433242504,-37.2093023255814,-66.25,0.0335824444,38.8,,https://finance.naver.com/item/main.naver?code=101170,0.0,8.0,4.76,0.0,2.2088808162200184,8.0,0.0,0.8170462538994183,10.0,5.0
000120,CJ대한통운,KOSPI,,70300.0,1603707783200,6.22,8.31036,0.34,5.458962763398442,142.205,3.0049432020865505,0.5176214972681088,1.2944087647733364,3032864370.0,-7.621550591327198,-34.176029962546814,-54.35064935064935,0.1528932757,38.8,,https://finance.naver.com/item/main.naver?code=000120,11.972727272727274,3.3538218159823003,7.0,0.2753776580390651,0.0029077659332650144,2.719764705882352,1.4720438238666822,5.023658671661497,2.0,5.0
214320,이노션,KOSPI,,18240.0,729600000000,7.92,10.67049,0.68,8.61822826658652,153.594,8.93424056307561,0.89337539196446,1.5178657330821277,987450913.25,-3.081827842720508,-4.502617801047116,-19.47019867549669,0.194189925,38.8,,https://finance.naver.com/item/main.naver?code=214320,9.654545454545454,3.436880593112406,6.4959999999999996,2.170936959951912,3.4907297429856534,2.1838117647058826,2.5893286654106387,2.586971305440917,5.0,1.1837748344370862
293580,나우IB,KOSDAQ,,1268.0,120371176600,20.97,14.75006,1.16,5.540417801998183,60.321000000000005,57.27480780938017,0.2680860392003419,0.6456548231099939,647672115.85,-11.328671328671325,-26.279069767441865,-62.14925373134328,0.0235635961,38.7,,https://finance.naver.com/item/main.naver?code=293580,0.0,0.0,5.152,0.3242506811989099,10.0,6.573129411764706,0.0,1.6711697255420965,10.0,5.0
001540,안국약품,KOSDAQ,,10030.0,130815472600,15.14,44.74767,0.68,4.522025977596042,84.175,9.40704782373009,0.4954868878072906,1.513084894041022,321104089.0,1.007049345417932,29.08622908622909,-26.520146520146515,0.0405743719,38.5,,https://finance.naver.com/item/main.naver?code=001540,0.0,8.0,6.4959999999999996,0.0,3.7688516610177003,5.450588235294118,2.56542447020511,0.14762290634926956,10.0,2.0650183150183143
011040,경동제약,KOSDAQ,,5030.0,154766892980,15.95,44.74767,0.65,4.0450588837685615,32.93,7.08618671208842,0.0360124703035854,0.1233887121204598,926532645.25,1.6161616161616266,-7.706422018348624,-19.776714513556616,0.0183496147,38.5,,https://finance.naver.com/item/main.naver?code=011040,0.0,8.0,6.58,0.0,2.403639242404953,7.862117647058823,0.0,2.448697355211431,10.0,1.222089314194577
377450,리파인,KOSDAQ,,14670.0,254231100000,25.41,15.52134,1.12,4.406621590114246,4.644,34.43956929210366,0.0170788294518256,0.2919104928587882,2547530986.0,62.45847176079735,27.23330442324372,-14.907192575406036,0.0124508367,38.5,,https://finance.naver.com/item/main.naver?code=377450,0.0,0.0,5.264,0.0,10.0,8.0,0.0,4.644991101897986,10.0,0.6133990719257545
460930,현대힘스,KOSDAQ,,12890.0,457732549190,20.91,19.51828,1.77,8.480763830384722,26.852,16.74258240416333,0.6027709678214163,0.8146281969151925,1742660846.25,7.595993322203665,-34.997478567826526,-52.25925925925926,0.0117127046,38.4,,https://finance.naver.com/item/main.naver?code=460930,0.0,0.0,3.444,2.088458298230833,8.083872002449016,8.0,0.0,3.820458094728094,8.0,5.0
234030,싸이닉솔루션,KOSDAQ,,3730.0,88046650000,48.67,32.6936,2.48,5.103359173126615,120.884,1.506171029041632,1.961717270283042,12.48686118306141,1301126132.1,11.177347242921009,-45.6268221574344,-70.62992125984252,0.030330269,38.4,,https://finance.naver.com/item/main.naver?code=234030,0.0,0.0,1.4560000000000002,0.06201550387596874,0.0,3.7231058823529413,15.0,3.1859907235055562,10.0,5.0
439090,마녀공장,KOSDAQ,,14780.0,242292382800,26.77,43.73552,1.99,7.438568376068376,13.542000000000002,9.78001284801034,0.5011464010524338,0.6284758504040594,2186335956.5,-3.081967213114756,26.758147512864493,-30.447058823529417,0.0270280591,38.3,,https://finance.naver.com/item/main.naver?code=439090,0.0,5.172156026345025,2.8280000000000003,1.4631410256410255,3.9882428517707886,8.0,0.0,4.312978212648488,10.0,2.555882352941177
248070,솔루엠,KOSPI,,13400.0,640737562400,46.41,276.92069,1.3,2.810843252975893,151.509,4.437559296819809,2.4729008494324587,2.4729008494324587,1021284324.25,-12.703583061889246,-20.94395280235988,-44.96919917864476,0.189472191,38.3,,https://finance.naver.com/item/main.naver?code=248070,0.0,8.0,4.76,0.0,0.8456231157763583,2.2819294117647066,7.3645042471622935,2.6601270561450097,8.0,4.371149897330595
014820,동원시스템즈,KOSPI,,20950.0,607367357900,11.4,17.33508,0.71,6.223700285054975,71.91199999999999,7.803115734145679,0.5468630956422036,0.7738577474031999,720918196.25,9.685863874345555,-17.193675889328063,-31.75895765472313,0.1367559048,38.1,,https://finance.naver.com/item/main.naver?code=014820,4.909090909090908,4.564986143703981,6.412,0.7342201710329852,2.825362196556282,6.027670588235295,0.0,1.9038236635023242,8.0,2.7198697068403908
396470,워트,KOSDAQ,,6940.0,111872800000,31.18,32.6936,1.68,5.394190871369295,5.844,26.956277144815186,1.0359064339436546,1.0359064339436546,687460552.0,24.372759856630832,1.6105417276720324,-36.67883211678832,0.0254245658,37.9,,https://finance.naver.com/item/main.naver?code=396470,0.0,0.6172869715581457,3.696,0.236514522821577,10.0,8.0,0.1795321697182728,1.8006326386204563,10.0,3.33485401459854
006660,삼성공조,KOSPI,,12480.0,101416398720,14.12,9.42302,0.36,2.5143777956824938,14.391000000000002,7.832220827870126,0.3357657623525781,0.7369363591924841,3510309854.25,34.773218142548586,10.540301151461474,-37.6,0.0155114607,37.8,,https://finance.naver.com/item/main.naver?code=006660,1.200000000000001,0.0,7.0,0.0,2.8424828399236035,8.0,0.0,5.341120992565065,10.0,3.45
018250,애경산업,KOSPI,,11190.0,295527172650,18.53,43.73552,0.71,3.812890600340888,29.289,2.331359915092848,0.1664068811387844,0.5269551236061507,613438167.25,-1.14840989399293,-21.47368421052631,-41.41361256544502,0.0159348366,37.6,,https://finance.naver.com/item/main.naver?code=018250,0.0,7.68422554482032,6.412,0.0,0.0,8.0,0.0,1.5532476947611151,10.0,3.9267015706806276
073010,케이에스피,KOSDAQ,,3325.0,133635906250,19.88,19.51828,1.57,7.907425265188042,71.895,13.702051378176549,0.226198862806898,0.5191949062133865,2266145823.95,9.917355371900817,-8.904109589041099,-53.036723163841806,0.0283282804,37.5,,https://finance.naver.com/item/main.naver?code=073010,0.0,0.0,4.004,1.7444551591128254,6.295324340103852,6.028470588235295,0.0,4.390832990356204,10.0,5.0
489460,바이오비쥬,KOSDAQ,,11330.0,167154741710,38.83,43.73552,2.81,7.236522583778533,5.487,27.3507146175467,0.2471364192816703,0.85207141819029,1078403279.5,90.1006711409396,36.34175691937425,-36.27671541057368,0.0067682544,37.4,,https://finance.naver.com/item/main.naver?code=489460,0.0,1.4955105903241428,0.5319999999999999,1.3419135502671198,10.0,8.0,0.0,2.778299725967832,10.0,3.28458942632171
028100,동아지질,KOSPI,,19840.0,222646801280,13.57,35.90844,1.06,7.826133792954863,101.488,4.498451137304316,0.1620822930499169,0.7475074769751924,2497960526.75,16.981132075471695,11.523327712197862,-11.822222222222225,0.0698361994,37.4,,https://finance.naver.com/item/main.naver?code=028100,1.9499999999999997,8.0,5.432,1.6956802757729177,0.8814418454731268,4.635858823529412,0.0,4.602321582841062,10.0,0.22777777777777808
121600,나노신소재,KOSDAQ,,55700.0,683004038700,397.79,-30.99167,2.62,0.6588189701109335,47.852,14.610311326746125,0.9581881001361274,1.982379728599596,3302302107.5,18.89007470651014,-6.386554621848739,-41.55299055613851,0.0611996665,37.1,,https://finance.naver.com/item/main.naver?code=121600,0.0,0.0,1.0639999999999998,0.0,6.829594898085956,7.159905882352941,4.911898642997981,5.208477734903667,8.0,3.944123819517314
089980,상아프론테크,KOSDAQ,,16030.0,256304263110,36.07,276.92069,1.2,3.3202975231960736,92.511,6.411612548006204,0.7444398744505392,1.1214522389128103,676798487.5,3.888528839922234,-32.36286919831224,-46.655574043261225,0.0382724113,37.1,,https://finance.naver.com/item/main.naver?code=089980,0.0,8.0,5.04,0.0,2.0068309105918845,5.058305882352942,0.6072611945640516,1.7666906237851165,10.0,4.581946755407653
0015S0,페스카로,KOSDAQ,,7780.0,76763159400,25.9,9.42302,1.25,4.832065906210393,50.4,5.05285967227724,0.1433532716762302,1.8916191022777165,2144341694.5,5.563093622795123,-48.81578947368421,-83.4468085106383,0.0150711533,36.9,,https://finance.naver.com/item/main.naver?code=0015S0,0.0,0.0,4.8999999999999995,0.0,1.2075645131042587,7.04,4.458095511388582,4.270863676775836,10.0,5.0
166090,하나머티리얼즈,KOSDAQ,,59800.0,1182704905200,30.14,32.6936,2.49,8.253598469090607,40.674,28.878573684673903,0.5028343589213349,0.8364912114100322,8511940223.75,6.4056939501779375,1.8739352640545048,-31.968145620022742,0.2405923973,36.9,,https://finance.naver.com/item/main.naver?code=166090,0.0,1.0414270682947135,1.4279999999999993,1.9521590814543641,10.0,7.497694117647058,0.0,7.2645365517517835,5.0,2.746018202502843
195870,해성디에스,KOSPI,,62200.0,1057400000000,44.97,32.6936,1.9,4.220133742996566,60.685,11.780392870452593,0.8812644047199615,2.147922431539523,8496092577.5,0.6472491909385036,17.580340264650275,-42.67281105990784,0.2051338824,36.9,,https://finance.naver.com/item/main.naver?code=195870,0.0,0.0,3.0800000000000005,0.0,5.164936982619173,6.556,5.739612157697616,7.260489906622523,5.0,4.08410138248848
218410,RFHIC,KOSDAQ,,58400.0,1552005812800,51.11,-359.29063,4.32,8.455442583732058,33.585,21.72070997896979,0.4260798114945646,0.9925503682556192,31318417921.25,3.91459074733096,-20.65217391304348,-53.97951142631994,0.1962348547,36.9,,https://finance.naver.com/item/main.naver?code=218410,0.0,0.0,0.0,2.0732655502392348,10.0,7.831294117647058,0.0,10.0,2.0,5.0
100090,SK오션플랜트,KOSPI,,11820.0,738491484780,18.46,-40.72649,0.89,4.794047710362814,44.330000000000005,11.346651237398229,0.2456924206084406,0.3684886991797423,15720977159.0,-24.18216805644644,-56.86131386861314,-62.59493670886076,0.0369798526,36.7,,https://finance.naver.com/item/main.naver?code=100090,0.0,0.0,5.9079999999999995,0.0,4.90979484552837,7.325647058823529,0.0,8.596791409973523,5.0,5.0
484120,도우인시스,KOSDAQ,,24000.0,262978128000,492.86,16.02532,1.56,0.3171315772441913,32.066,13.923665564124155,0.5812231585702298,1.6163975994578632,1593154962.75,66.43550624133148,10.344827586206897,-23.32268370607029,0.0099590031,36.7,,https://finance.naver.com/item/main.naver?code=484120,0.0,0.0,4.032,0.0,6.425685625955385,7.902776470588235,3.0819879972893163,3.625683830121975,10.0,1.6653354632587862
002030,아세아,KOSPI,,198800.0,409299777600,11.0,7.31369,0.29,2.592872612064716,61.333000000000006,7.155601205052312,0.9074701820464532,1.3016949152542372,421377600.0,14.648212226066892,-24.26666666666667,-50.54726368159204,0.0512013491,36.7,,https://finance.naver.com/item/main.naver?code=002030,5.454545454545455,0.0,7.0,0.0,2.444471297089595,6.525505882352941,1.508474576271186,0.7377509525893267,8.0,5.0
051160,지어소프트,KOSDAQ,,12000.0,161791776000,13.64,-16.80879,1.16,8.521933500977926,37.547,6.82322498379108,0.3042617346983491,1.326913445449773,4683786453.25,69.97167138810198,57.06806282722514,-10.447761194029848,0.2467444822,36.7,,https://finance.naver.com/item/main.naver?code=051160,1.8545454545454538,0.0,5.152,2.1131601005867555,2.2489558728182826,7.6448470588235296,1.6345672272488654,5.967379157240522,10.0,0.055970149253731005
001340,PKC,KOSPI,,5040.0,226941568560,21.75,-30.99167,0.98,4.528376507810955,177.804,7.611718001108517,0.6924264907803276,3.607185776586391,398047678.5,-11.888111888111885,-20.37914691943128,-38.53658536585366,0.0142118401,36.6,,https://finance.naver.com/item/main.naver?code=001340,0.0,0.0,5.656000000000001,0.0,2.712775294769716,1.0445176470588233,13.035928882931955,0.614069203218417,10.0,3.5670731707317076
041440,현대에버다임,KOSDAQ,,6510.0,116149545120,25.19,173.24683,0.61,2.419730107026524,84.063,4.01702427056451,0.3172756638465921,0.7124580667396785,684127245.0,-0.4587155963302725,-21.66064981949458,-42.49116607773852,0.032696582,36.6,,https://finance.naver.com/item/main.naver?code=041440,0.0,8.0,6.692,0.0,0.5982495709202997,5.455858823529412,0.0,1.7900781579685798,10.0,4.061395759717315
149950,아바텍,KOSDAQ,,12040.0,164559144120,25.22,16.02532,1.15,4.549541449379608,5.716,1.985936499384792,0.9190424521111866,2.134560833544449,2054353730.5,12.945590994371493,23.1083844580777,-38.22473063109288,0.0251846269,36.6,,https://finance.naver.com/item/main.naver?code=149950,0.0,0.0,5.18,0.0,0.0,8.0,5.672804167722245,4.17776985157265,10.0,3.5280913288866103
389260,대명에너지,KOSDAQ,,12980.0,232553898500,15.91,-40.72649,1.4,8.781284004352557,127.054,13.40432571660928,0.6101300184120286,1.4926471607542755,1044261374.25,-11.156741957563309,-42.05357142857142,-52.97101449275362,0.0112891455,36.5,,https://finance.naver.com/item/main.naver?code=389260,0.0,0.0,4.48,2.2687704026115343,6.120191598005459,3.4327529411764703,2.4632358037713775,2.70843979821632,10.0,5.0
416180,신성에스티,KOSDAQ,,24650.0,222830527700,400.81,-76.86105,2.12,0.5297334244702666,161.894,2.792030499106862,0.6723368796328657,9.405787524208796,845989228.75,16.27358490566038,-23.565891472868216,-52.50481695568401,0.0090445805,36.5,,https://finance.naver.com/item/main.naver?code=416180,0.0,0.0,2.464,0.0,0.0,1.7932235294117644,15.0,2.2512178942905514,10.0,5.0
004980,성신양회,KOSPI,,8210.0,201276959330,7.94,7.31369,0.35,4.419421749989417,122.651,3.7627261735309,0.4126650803282386,0.8159264989468534,524655896.25,-10.663764961915124,-16.734279918864093,-46.37491835401698,0.0426479804,36.5,,https://finance.naver.com/item/main.naver?code=004980,9.627272727272725,0.0,7.0,0.0,0.4486624550181766,3.6399529411764706,0.0,1.2137665162298727,10.0,4.546864794252122
417010,나노팀,KOSDAQ,,6080.0,122650186240,121.2,276.92069,2.5,2.063557573256294,171.274,9.975740677187552,0.1367045080837254,1.309750956969656,3714381253.0,18.75,-39.801980198019805,-61.8330194601381,0.0055476879,36.4,,https://finance.naver.com/item/main.naver?code=417010,0.0,7.497727478097309,1.4000000000000001,0.0,4.103376868933855,1.3518117647058823,1.5487547848482797,5.463826119995963,10.0,5.0
281820,케이씨텍,KOSPI,,88500.0,1752181498500,32.8,32.6936,3.28,9.993674889310562,14.101,20.873178346206917,0.7314088346445361,1.5174999230848054,14263118565.0,-21.75066312997348,94.9339207048458,-29.08653846153846,0.1363385635,36.4,,https://finance.naver.com/item/main.naver?code=281820,0.0,0.0,0.0,2.9962049335863368,10.0,8.0,2.587499615424027,8.385466188306374,2.0,2.3858173076923075
443670,에스피소프트,KOSDAQ,,4800.0,115250707200,30.84,30.79656,1.72,5.591630591630592,27.36,6.498905046319314,0.0593480466336352,0.1920334807835515,18412082363.5,71.73524150268335,8.843537414965997,-34.15637860082305,0.0146184404,36.0,,https://finance.naver.com/item/main.naver?code=443670,0.0,0.0,3.584,0.35497835497835517,2.0581794390113615,8.0,0.0,8.939908271266948,10.0,3.019547325102881
004370,농심,KOSPI,,404000.0,2457387368000,13.99,32.13158,0.85,6.047490380116778,36.912,6.197508813124577,0.6089949572410313,1.0875247899507552,10475092425.0,11.602209944751383,10.231923601637115,-15.920915712799166,0.2538304901,36.0,,https://finance.naver.com/item/main.naver?code=004370,1.377272727272727,7.528037318218816,6.02,0.6284942280700667,1.8808875371321037,7.674729411764706,0.43762394975377594,7.715183044254648,2.0,0.7401144640998958
383310,에코프로에이치엔,KOSDAQ,,22200.0,465643490400,34.71,15.52134,1.51,4.34124527003784,46.928,11.182793027003834,0.515145670716357,1.3028632162333842,3110114833.75,-23.448275862068968,-20.430107526881724,-52.66524520255864,0.075363677,35.8,,https://finance.naver.com/item/main.naver?code=383310,0.0,0.0,4.172,0.0,4.8134076629434315,7.203388235294118,1.514316081166921,5.07827584957969,8.0,5.0
003000,부광약품,KOSPI,,4035.0,398111947485,26.12,44.74767,1.15,4.40324449594438,39.671,2.4741275421802027,0.2565361003825199,0.3558422034490831,2438331393.25,-1.705237515225333,-33.1953642384106,-59.20121334681496,0.0711250535,35.8,,https://finance.naver.com/item/main.naver?code=003000,0.0,5.550432756238108,5.18,0.0,0.0,7.544894117647059,0.0,4.549857377356457,8.0,5.0
170920,엘티씨,KOSDAQ,,41100.0,434185578600,83.73,32.6936,3.35,4.003516062010548,55.374,16.469003451781123,0.9539701452214876,1.7006695748429177,6864360762.5,-15.519013360739976,36.318407960199,-32.289950576606266,0.048502356,35.8,,https://finance.naver.com/item/main.naver?code=170920,0.0,0.0,0.0,0.0,7.922943206930073,6.805929411764706,3.5033478742145885,6.797394227240865,8.0,2.7862438220757832
025860,남해화학,KOSPI,,6080.0,302047365440,10.03,-30.99167,0.53,5.305873112837071,101.992,2.558750616628771,0.5322653323399396,0.8028747225508851,2143717942.5,7.231040564373892,-24.37810945273632,-52.574102964118566,0.0209484549,35.8,,https://finance.naver.com/item/main.naver?code=025860,6.777272727272728,0.0,6.9159999999999995,0.18352386770224277,0.0,4.612141176470588,0.0,4.270231941033984,8.0,5.0
003720,삼영,KOSPI,,6240.0,212160000000,15.83,-30.99167,2.44,15.41425818882466,117.978,13.278123199046856,1.028438980418303,1.1344199264210146,837869823.25,-1.8867924528301885,-7.692307692307687,-55.36480686695279,0.0433661765,35.6,,https://finance.naver.com/item/main.naver?code=003720,0.0,0.0,1.5680000000000003,6.248554913294795,6.0459548229687385,3.8598588235294122,0.6720996321050732,2.2302764720841495,10.0,5.0
252990,샘씨엔에스,KOSDAQ,,19970.0,1202551243330,75.57,32.6936,6.97,9.224318658280922,40.181,30.47906522187844,0.6493097145883213,1.4377263322319225,12563159498.75,61.83144246353323,106.5149948293692,-1.8673218673218692,0.0904799403,35.4,,https://finance.naver.com/item/main.naver?code=252990,0.0,0.0,0.0,2.534591194968553,10.0,7.520894117647059,2.1886316611596124,8.109888093916107,5.0,0.0
103140,풍산,KOSPI,,77900.0,2183091256200,14.46,26.9602,0.93,6.403841353982196,104.746,8.515882276459799,0.5552945396556799,0.9276580895325692,8087395600.0,18.75,-14.770240700218816,-51.0678391959799,0.127797726,35.4,,https://finance.naver.com/item/main.naver?code=103140,0.7363636363636352,6.1820510728159785,5.795999999999999,0.8423048123893179,3.244636633211646,4.482541176470589,0.0,7.153437163480021,2.0,5.0
004430,송원산업,KOSPI,,11270.0,270480000000,115.98,-30.99167,0.36,0.3062738783113889,60.917,12.1186938561805,0.3364750492533629,0.6353645960315645,1555589399.75,-0.7922535211267623,28.068181818181827,-32.63598326359832,0.1533560833,35.3,,https://finance.naver.com/item/main.naver?code=004430,0.0,0.0,7.0,0.0,5.363937562459117,6.545082352941177,0.0,3.573868601768746,10.0,2.82949790794979
009470,삼화전기,KOSPI,,26300.0,173943466000,18.89,-76.86105,1.9,10.035867501230747,45.258,2.551180084669057,0.5366008384819064,1.5952302147690496,1658546421.25,-6.737588652482273,-27.548209366391184,-55.79831932773109,0.2634126723,35.1,,https://finance.naver.com/item/main.naver?code=009470,0.0,0.0,3.0800000000000005,3.0215205007384487,0.0,7.281976470588235,2.976151073845248,3.7130318841253107,10.0,5.0
219130,타이거일렉,KOSDAQ,,91800.0,579651822000,108.98,32.6936,9.86,9.0505094298721,97.438,20.549586488543017,0.6957166471915887,1.945532131625236,3098815325.0,42.10526315789473,187.7742946708464,-4.275286757038577,0.0620706366,35.1,,https://finance.naver.com/item/main.naver?code=219130,0.0,0.0,0.0,2.4303056579232605,10.0,4.826447058823529,4.72766065812618,5.070372201784501,8.0,0.0
018470,조일알미늄,KOSPI,,5220.0,132203515680,16.54,26.9602,0.63,3.806646525679759,107.218,6.50107451230518,0.1661939430052228,0.2688876180726071,701761834.55,373.2547597461469,320.6285253827558,-53.28859060402685,0.0,35.1,,https://finance.naver.com/item/main.naver?code=018470,0.0,5.153374233128835,6.636,0.0,2.059455595473635,4.3662117647058825,0.0,1.8453424530724583,10.0,5.0
052860,아이앤씨,KOSDAQ,,7390.0,132036051060,28.33,32.6936,3.72,13.130841121495326,45.06,3.8826935807362712,0.9825148178497456,2.7185814999653592,720784596.0,66.62908680947012,96.80426098535288,-10.09732360097324,0.0304320503,35.0,,https://finance.naver.com/item/main.naver?code=052860,0.0,1.7795939674227799,0.0,4.878504672897195,0.5192315180801595,7.291294117647059,8.592907499826797,1.9034212098771164,10.0,0.012165450121655041
004090,한국석유,KOSPI,,11530.0,146363203600,28.18,-30.99167,0.72,2.549504950495049,108.645,5.953673643211672,0.0882984822660039,0.2174511485334839,9194522703.5,5.393053016453386,-35.29741863075196,-65.6589724497394,0.0403953169,34.9,,https://finance.naver.com/item/main.naver?code=004090,0.0,0.0,6.384000000000001,0.0,1.7374550842421599,4.299058823529412,0.0,7.432039673980526,10.0,5.0
024740,한일단조,KOSDAQ,,2215.0,72866963535,48.44,9.42302,0.52,1.065845570819517,96.785,11.566645297207993,1.1355042373079989,1.4113421924363507,409231855.9,8.845208845208852,-26.776859504132236,-53.85416666666667,0.0503810235,34.6,,https://finance.naver.com/item/main.naver?code=024740,0.0,0.0,6.944,0.0,5.0392031160047015,4.857176470588236,2.0567109621817536,0.6742408924514987,10.0,5.0
457550,우진엔텍,KOSDAQ,,13720.0,127856103760,23.62,-40.72649,2.46,10.43224512128397,11.292,9.172374451838015,0.3328716807515524,0.86605800238894,1265942184.5,-16.747572815533985,-52.443674176776426,-60.68767908309456,0.0272767621,34.5,,https://finance.naver.com/item/main.naver?code=457550,0.0,0.0,1.5120000000000002,3.2593470727703817,3.630808501081186,8.0,0.0,3.1264630860643994,10.0,5.0
163280,에어레인,KOSDAQ,,3810.0,51827727180,17.94,-30.99167,0.73,4.068733952202252,44.556,10.814868153816876,0.7423939339258812,0.7423939339258812,519052698.85,1.3297872340425565,-39.3312101910828,-60.12558869701727,0.032140667,34.5,,https://finance.naver.com/item/main.naver?code=163280,0.0,0.0,6.356,0.0,4.596981266951103,7.315011764705883,0.0,1.1904509940436014,10.0,5.0
281740,레이크머티리얼즈,KOSDAQ,,11580.0,761159745840,95.3,-30.99167,5.44,5.710102489019034,165.619,16.34129699758937,2.733102598812445,2.733102598812445,4144770277.5,-13.967310549777112,-37.574123989218336,-59.65156794425087,0.087856669,34.3,,https://finance.naver.com/item/main.naver?code=281740,0.0,0.0,0.0,0.42606149341142047,7.8478217632878655,1.6179294117647058,8.665512994062226,5.701896051039599,5.0,5.0
0009K0,에임드바이오,KOSDAQ,,22300.0,1452569840300,199.07,-63.60722,7.16,3.597601598934044,3.681,42.1863374402728,1.054173384112926,1.4073060885475728,2141063520.0,-12.720156555773,-56.27450980392157,-72.19451371571073,0.0289884066,34.3,,https://finance.naver.com/item/main.naver?code=0009K0,0.0,0.0,0.0,0.0,10.0,8.0,2.036530442737864,4.267541485985218,5.0,5.0
298020,효성티앤씨,KOSPI,,278500.0,1205259437000,114.02,16.20192,0.79,0.6903228637565412,188.178,7.812502267753397,1.4736996716174675,2.6879106967375077,4729362337.5,-1.590106007067138,-26.90288713910761,-50.0,0.2101122495,34.0,,https://finance.naver.com/item/main.naver?code=298020,0.0,0.0,6.188,0.0,2.830883686913763,0.556329411764706,8.439553483687538,5.988406669019115,5.0,5.0
051600,한전KPS,KOSPI,,44000.0,1980000000000,16.35,3.02217,1.51,9.23226108473216,25.075,9.95108623564069,1.6784926382572427,1.6784926382572427,5846736506.25,-2.5470653377630104,-31.782945736434108,-36.23188405797102,0.0823017778,33.9,,https://finance.naver.com/item/main.naver?code=051600,0.0,0.0,4.172,2.539356650839296,4.088874256259229,8.0,3.3924631912862138,6.448961336463608,2.0,3.278985507246378
041020,폴라리스오피스,KOSDAQ,,3100.0,154019758300,31.53,9.42302,1.72,5.450500556173527,26.65,4.2718554857643625,0.7643233479469302,2.127372137884876,440488051.85,2.649006622516548,-33.47639484978541,-47.89915966386554,0.0314680282,33.8,,https://finance.naver.com/item/main.naver?code=041020,0.0,0.0,3.584,0.270300333704116,0.7481502857437426,8.0,5.636860689424379,0.8340643901875477,10.0,4.737394957983192
093370,후성,KOSPI,,15070.0,1616337823100,282.4,-30.99167,4.53,1.603592046183451,110.709,12.43176367340772,2.76044499882819,2.76044499882819,48839032478.75,-1.3097576948264522,126.9578313253012,-36.00849256900213,0.1016514983,33.8,,https://finance.naver.com/item/main.naver?code=093370,0.0,0.0,0.0,0.0,5.54809627847513,4.201929411764706,8.80222499414095,10.0,2.0,3.251061571125266
145720,덴티움,KOSPI,,36600.0,315634410600,19.26,-33.00121,0.56,2.917906099543071,65.957,16.439953201808162,0.6440068314737047,1.0531704289603747,412025287.5,-6.870229007633588,-25.7606490872211,-39.6039603960396,0.1307071251,33.7,,https://finance.naver.com/item/main.naver?code=145720,0.0,0.0,6.832,0.0,7.905854824593037,6.307905882352942,0.2658521448018736,0.6890130818670492,8.0,3.7004950495049496
060280,큐렉소,KOSDAQ,,8190.0,337917680100,121.34,-33.00121,3.47,2.860802732707088,10.478,10.314959770605936,0.7694270369467525,2.028031544921326,1359823864.25,-5.645161290322576,-42.079207920792086,-63.68070953436806,0.0495245371,33.7,,https://finance.naver.com/item/main.naver?code=060280,0.0,0.0,0.0,0.0,4.302917512121139,8.0,5.140157724606631,3.281807019215277,8.0,5.0
001120,LX인터내셔널,KOSPI,,43400.0,1682184000000,10.25,16.20192,0.52,5.116194578883857,165.418,2.467076089182036,1.7824585279999663,1.7824585279999663,3879314836.25,16.51006711409395,-8.05084745762712,-24.78336221837089,0.2540175697,33.3,,https://finance.naver.com/item/main.naver?code=001120,6.4772727272727275,4.898119070661585,6.944,0.06971674733031447,0.0,1.6273882352941174,3.9122926399998317,5.558168863248989,2.0,1.8479202772963612
214370,케어젠,KOSDAQ,,40850.0,2194257750000,101.46,-10.63503,9.59,9.452621895124196,10.339,27.86181117830656,1.1477748470999316,1.1477748470999316,2736130023.75,-44.041095890410965,-61.31628787878788,-73.43953185955787,0.046801992,33.2,,https://finance.naver.com/item/main.naver?code=214370,0.0,0.0,0.0,2.6715731370745175,10.0,8.0,0.738874235499658,4.800077384725769,2.0,5.0
241770,메카로,KOSDAQ,,40000.0,407705600000,31.53,32.6936,1.96,6.204184669158697,8.695,17.696740757023825,0.6815740944083609,1.3730156103812496,669620050.0,-6.323185011709597,22.887864823348703,-16.666666666666664,0.0338856273,33.2,,https://finance.naver.com/item/main.naver?code=241770,0.0,0.4745475159256459,2.9120000000000004,0.7225108014952182,8.64514162177872,8.0,1.8650780519062482,1.7435359712948362,8.0,0.833333333333333
092070,디엔에프,KOSDAQ,,13500.0,156220083000,123.76,32.6936,1.01,0.8192408868846299,7.994999999999999,3.2475679232191337,1.91769907356778,1.91769907356778,314408429.25,-1.3878743608473298,-28.419936373276776,-48.07692307692307,0.0502501845,33.2,,https://finance.naver.com/item/main.naver?code=092070,0.0,0.0,5.572,0.0,0.14562819012890216,8.0,4.5884953678389,0.10186463091806708,10.0,4.759615384615384
282330,BGF리테일,KOSPI,,130000.0,2246907780000,11.73,33.69128,1.74,14.870607428067729,170.106,3.4964140426534778,0.8870845340021773,0.9967580576299208,6551981627.5,8.786610878661083,8.423686405337772,-16.98595146871009,0.4015593466,33.2,,https://finance.naver.com/item/main.naver?code=282330,4.459090909090909,8.0,3.528,5.922364456840636,0.2920082603843987,1.4067764705882355,0.0,6.696257081116981,2.0,0.8732439335887614
078350,한양디지텍,KOSDAQ,,31950.0,487058004900,27.76,32.6936,2.44,8.792245668210672,86.44500000000001,5.962266109689029,1.4601544685721648,1.4601544685721648,9925746353.75,52.50596658711218,22.884615384615397,-27.87810383747178,0.0562140204,33.1,,https://finance.naver.com/item/main.naver?code=078350,0.0,2.012055366595706,1.5680000000000003,2.275347400926403,1.742509476287664,5.343764705882353,2.300772342860824,7.5982095907957525,8.0,2.2347629796839725
163730,핑거,KOSDAQ,,14090.0,179868952530,421.88,30.79656,2.72,0.6451612903225806,84.82300000000001,1.6392947688630506,0.6022933925877076,2.7117019490733214,1672992693.25,38.13725490196078,42.90060851926978,-45.0682261208577,0.0315796598,32.9,,https://finance.naver.com/item/main.naver?code=163730,0.0,0.0,0.7839999999999995,0.0,0.0,5.420094117647058,8.558509745366607,3.73186394738779,10.0,4.383528265107213
244920,에이플러스에셋,KOSPI,,12300.0,278074623900,13.08,9.01525,1.71,13.042899014122035,98.019,5.085425660110386,0.6110971294151485,1.8143219362537388,394031807.75,20.1171875,9.333333333333329,-17.945296864576388,0.1222158758,32.7,,https://finance.naver.com/item/main.naver?code=244920,2.618181818181818,0.0,3.612,4.825739408473222,1.2267209765355211,4.799105882352941,4.071609681268694,0.5920501321378691,10.0,0.9931621080720485
044490,태웅,KOSDAQ,,38150.0,763281585150,138.19,-40.72649,1.23,0.8897206080304673,35.025,3.0293803143128253,0.2539101818881101,1.6108814707594048,13185691593.75,29.982964224872237,-27.609108159392797,-37.76508972267537,0.0332450309,32.5,,https://finance.naver.com/item/main.naver?code=044490,0.0,0.0,4.9559999999999995,0.0,0.017282537831073697,7.763529411764706,3.054407353797024,8.214908294459775,5.0,3.4706362153344212
280360,롯데웰푸드,KOSPI,,121900.0,1122037570600,15.31,32.13158,0.51,3.2993285123966944,99.536,5.5988853484763,0.5382075659334102,0.5382075659334102,3891108997.5,20.098522167487687,12.143514259429631,-21.354838709677416,0.1397349839,32.2,,https://finance.naver.com/item/main.naver?code=280360,0.0,6.980289588415302,6.972,0.0,1.5287560873390003,4.727717647058824,0.0,5.564760708420637,5.0,1.419354838709677
232680,라온로보틱스,KOSDAQ,,10440.0,138408300000,32.68,32.6936,3.38,10.340226817878586,56.818000000000005,2.470022506296503,1.084672038282925,1.965575926229948,892194142.25,11.182108626198085,-28.49315068493151,-56.40918580375782,0.0378971903,32.1,,https://finance.naver.com/item/main.naver?code=232680,0.0,0.005546447418864157,0.0,3.2041360907271517,0.0,6.737976470588235,4.82787963114974,2.3666905640542435,10.0,5.0
089600,KT나스미디어,KOSDAQ,,12260.0,139844425600,20.7,10.67049,0.69,3.3409944503615674,94.095,24.23624725674294,0.334753640989277,0.5438955261364045,308241662.25,24.340770791075062,6.3313096270598335,-14.979195561719838,0.0524793628,32.1,,https://finance.naver.com/item/main.naver?code=089600,0.0,0.0,6.468,0.0,10.0,4.983764705882353,0.0,0.058850416523350546,10.0,0.6223994452149797
003620,KG모빌리티,KOSPI,,2495.0,504925405440,10.71,6.84847,0.34,3.162486368593239,154.015,0.4232138015242333,0.4569954973253925,1.2807584115361128,1234380947.0,-13.066202090592338,-28.714285714285715,-46.573875802997854,0.1760146781,32.1,,https://finance.naver.com/item/main.naver?code=003620,5.849999999999999,0.0,7.0,0.0,0.0,2.1640000000000006,1.403792057680564,3.0716397746785074,8.0,4.571734475374732
006340,대원전선,KOSPI,,12980.0,1017819119680,115.04,55.51033,8.51,7.400130975769483,152.17700000000002,1.3404523251045877,0.569201673693448,3.0007481277288037,33617337787.75,8.25688073394495,127.32049036777582,-36.059113300492605,0.0302040763,32.0,,https://finance.naver.com/item/main.naver?code=006340,0.0,0.0,0.0,1.4400785854616895,0.0,2.2504941176470576,10.003740638644018,10.0,5.0,3.2573891625615756
086900,메디톡스,KOSDAQ,,67100.0,489729148700,28.3,-63.60722,1.04,3.670960549947359,50.751000000000005,6.935183837581263,0.4666483960407316,0.6678862902680444,1942277085.0,-15.491183879093196,-33.49851337958375,-52.44507441530829,0.1239138688,31.9,,https://finance.naver.com/item/main.naver?code=086900,0.0,0.0,5.488,0.0,2.3148140221066256,7.023482352941176,0.0,4.055949658336067,8.0,5.0
007310,오뚜기,KOSPI,,315500.0,1264470365000,15.56,32.13158,0.52,3.3624494695756275,69.831,4.795326549803956,0.6226229825604713,1.2206287081472056,1185892550.0,-1.09717868338558,-12.36111111111111,-23.79227053140096,0.111914178,31.8,,https://finance.naver.com/item/main.naver?code=007310,0.0,6.876549488073728,6.944,0.0,1.056074441061151,6.1255999999999995,1.103143540736028,2.9846204301596924,5.0,1.7240338164251199
0001A0,덕양에너젠,KOSDAQ,,8330.0,212156453460,32.8,-141.15392,3.44,10.499790004199916,62.09,9.031127809283,0.3413240663293939,0.4956592531378971,1290419907.5,-1.06888361045131,-52.85795132993775,-80.53738317757009,0.0145971398,31.5,,https://finance.naver.com/item/main.naver?code=0001A0,0.0,0.0,0.0,3.2998740025199496,3.5477222407547053,6.489882352941176,0.0,3.1680489981927185,10.0,5.0
033640,네패스,KOSDAQ,,29350.0,676787578700,40.89,32.6936,5.49,13.414179104477611,177.757,9.49535885422148,0.8913650099504227,1.9949205231837013,5250607386.25,33.10657596371882,54.31125131440589,-28.675577156743625,0.1178129234,31.4,,https://finance.naver.com/item/main.naver?code=033640,0.0,0.0,0.0,5.048507462686567,3.8207993260126356,1.0467294117647057,4.974602615918506,6.215441452230497,8.0,2.334447144592953
000390,SP삼화,KOSPI,,7010.0,190696317690,23.15,7.31369,0.57,2.463408781892346,98.353,7.745007737601492,1.104379779521303,1.1338186267838335,553381267.5,13.064516129032256,-27.432712215320908,-50.97902097902099,0.20344795,31.4,,https://finance.naver.com/item/main.naver?code=000390,0.0,0.0,6.804,0.0,2.7911810221185247,4.783388235294118,0.6690931339191675,1.3295159951943614,10.0,5.0
144960,뉴파워프라즈마,KOSDAQ,,12910.0,564071775840,61.75,32.6936,1.85,2.989939067592461,115.405,13.073042596986063,0.8940000848448287,1.5288443481265088,9798658386.25,80.812324929972,141.76029962546815,-3.656716417910444,0.1018092207,31.3,,https://finance.naver.com/item/main.naver?code=144960,0.0,0.0,3.2199999999999998,0.0,5.925319174697684,3.980941176470588,2.644221740632544,7.570226811326055,8.0,0.0
125490,한라캐스트,KOSDAQ,,11640.0,424887377280,90.39,9.42302,4.0,4.426002766251729,123.708,6.640596518508018,0.2301514435768165,1.6616210144359616,21320064311.25,35.34883720930233,-25.480153649167736,-54.0828402366864,0.0093568217,31.3,,https://finance.naver.com/item/main.naver?code=125490,0.0,0.0,0.0,0.0,2.141527363828246,3.590211764705882,3.3081050721798078,9.258336278357024,8.0,5.0
004310,현대약품,KOSPI,,8420.0,269440000000,88.85,44.74767,2.72,3.0563514804202483,75.472,1.7563121606729144,0.0793812204469309,0.2782583636815752,96755128388.75,63.81322957198443,-5.073280721533258,-47.24310776942355,0.0074246875,31.3,,https://finance.naver.com/item/main.naver?code=004310,0.0,0.0,0.7839999999999995,0.0,0.0,5.860141176470589,0.0,10.0,10.0,4.655388471177944
138610,나이벡,KOSDAQ,,15630.0,177678604590,36.85,-33.00121,3.8,10.317460317460316,34.617,1.691939401296185,0.593963308085786,1.5061659923221618,937820184.75,-5.215281989084297,-43.776978417266186,-71.21546961325966,0.0261746497,31.0,,https://finance.naver.com/item/main.naver?code=138610,0.0,0.0,0.0,3.19047619047619,0.0,7.782729411764707,2.5308299616108085,2.4749916056263643,10.0,5.0
003610,방림,KOSPI,,5440.0,174682632320,26.11,8.88568,0.94,3.614248479582971,37.123,5.01802203038368,0.3755627729346729,2.081791609447047,363992494.75,7.509881422924902,1.49253731343284,-13.375796178343949,0.0,30.9,,https://finance.naver.com/item/main.naver?code=003610,0.0,0.0,5.768000000000001,0.0,1.1870717825786352,7.6648000000000005,5.4089580472352345,0.41985587098949395,10.0,0.4219745222929936
001430,세아베스틸지주,KOSPI,,45200.0,1620967778800,28.91,40.87613,0.84,2.89157071154414,115.23,5.268933092885542,0.8378185352924445,1.4454071219381075,5535530180.0,42.586750788643535,-25.16556291390728,-51.13513513513514,0.0634501826,30.8,,https://finance.naver.com/item/main.naver?code=001430,0.0,3.903216865197366,6.048000000000001,0.0,1.334666525226789,3.989176470588235,2.2270356096905375,6.330189840931997,2.0,5.0
217190,제너셈,KOSDAQ,,8060.0,106019313660,110.14,32.6936,2.04,1.85572399372713,97.366,17.922944780907017,0.6053927032580241,0.9383452428552848,1633536837.0,51.78907721280604,36.8421052631579,-16.649431230610134,0.0639751627,30.8,,https://finance.naver.com/item/main.naver?code=217190,0.0,0.0,2.688,0.0,8.778202812298245,4.829835294117647,0.0,3.680038388703366,10.0,0.8311789038262667
300720,한일시멘트,KOSPI,,16130.0,1186284221170,15.31,7.31369,0.64,4.176178855388491,62.143,16.595765016336184,0.8868365768938871,0.9053815027875294,1071764248.5,15.296640457469612,-4.612655233589591,-22.26506024096385,0.04502296,30.4,,https://finance.naver.com/item/main.naver?code=300720,0.0,0.0,6.608,0.0,7.997508833138932,6.487388235294118,0.0,2.7648900560054646,5.0,1.5331325301204815
125210,아모그린텍,KOSDAQ,,6120.0,100960354800,17.17,-30.99167,1.25,7.26052471018914,146.85299999999998,5.070575720500508,0.2725132365290335,1.3934206042138604,1400821004.75,-1.607717041800638,-12.571428571428566,-63.46268656716418,0.0658737851,30.3,,https://finance.naver.com/item/main.naver?code=125210,0.0,0.0,4.8999999999999995,1.3563148261134836,1.2179857179414753,2.501035294117648,1.967103021069302,3.3463069523819566,10.0,5.0
079810,APS이노베이션,KOSDAQ,,3570.0,76855295580,876.25,-76.86105,0.45,0.0511639805576873,32.971000000000004,3.3752509641560486,0.4771540220768712,0.5610106640426314,314334236.5,21.635434412265763,-12.06896551724138,-57.70142180094786,0.0188832788,30.2,,https://finance.naver.com/item/main.naver?code=079810,0.0,0.0,7.0,0.0,0.2207358612682639,7.8601882352941175,0.0,0.10135215572229406,10.0,5.0
452260,한화갤러리아,KOSPI,,2900.0,562192869000,167.94,33.69128,0.68,0.4054376341521584,140.484,10.029591987257929,0.7163336209888548,0.720737669419296,5536480175.0,43.56435643564356,18.12627291242364,-29.61165048543689,0.0115160244,30.2,,https://finance.naver.com/item/main.naver?code=452260,0.0,0.0,6.4959999999999996,0.0,4.135054110151723,2.8007529411764702,0.0,6.330562472074961,8.0,2.4514563106796112
130660,한전산업,KOSPI,,12280.0,400328000000,96.72,3.02217,3.82,3.946952952320808,117.041,12.77345408133883,0.1683202014579301,1.0046345966263122,9587588654.5,4.599659284497437,-39.80392156862745,-55.8273381294964,0.0221044172,30.2,,https://finance.naver.com/item/main.naver?code=130660,0.0,0.0,0.0,0.0,5.749090636081665,3.903952941176471,0.023172983131560798,7.522940690447442,8.0,5.0
460860,동국제강,KOSPI,,9470.0,469787920990,56.75,40.87613,0.25,0.4365089799889558,126.785,4.576873892744379,0.5756902186960333,1.5421312831867928,1492929650.75,9.73348783314021,1.3918629550321304,-46.52738565782044,0.2650258929,30.1,,https://finance.naver.com/item/main.naver?code=460860,0.0,0.0,7.0,0.0,0.9275728780849288,3.4454117647058826,2.7106564159339643,3.4845904441597497,8.0,4.565923207227555
003160,디아이,KOSPI,,37150.0,1051345000000,187.24,32.6936,5.84,3.1175441386989027,93.874,23.47717491430708,0.472812929360617,1.1264052198617205,21909638150.0,52.88065843621399,7.369942196531798,-10.911270983213427,0.1667033216,30.1,,https://finance.naver.com/item/main.naver?code=003160,0.0,0.0,0.0,0.0,10.0,4.994164705882353,0.6320260993086024,9.317569751412886,5.0,0.11390887290167839
091580,상신이디피,KOSDAQ,,20400.0,271895667600,134.77,-76.86105,1.69,1.257076257076257,120.281,7.437835197255084,0.5913135842186148,0.8788361136843327,6447839196.25,25.230202578268862,20.781527531083487,-35.34072900158478,0.0354873371,29.9,,https://finance.naver.com/item/main.naver?code=091580,0.0,0.0,3.668,0.0,2.6104912925029904,3.751482352941176,0.0,6.661464716345202,10.0,3.167591125198098
014530,극동유화,KOSPI,,3350.0,116812557000,98.68,-141.15392,0.57,0.577445652173913,131.558,5.091536387619249,0.0832404720452765,0.2269362366956749,1757553401.9,7.717041800643076,-7.073509015256585,-48.2225656877898,0.0401806224,29.9,,https://finance.naver.com/item/main.naver?code=014530,0.0,0.0,6.804,0.0,1.23031552212897,3.2208000000000006,0.0,3.838936374372093,10.0,4.777820710973725
012690,모나리자,KOSPI,,1413.0,51675183315,34.2,9.15431,0.59,1.7147636971978253,19.475,3.234851597304314,0.2559485910951057,0.4491630210068417,329187351.95,0.9285714285714342,-30.222222222222214,-47.569573283859,0.0196798825,29.8,,https://finance.naver.com/item/main.naver?code=012690,0.0,0.0,6.748,0.0,0.1381479984143023,8.0,0.0,0.2016094283032377,10.0,4.696196660482375
234340,헥토파이낸셜,KOSDAQ,,22400.0,312942694400,31.67,30.79656,1.76,5.557757868865456,187.539,9.192984015139707,0.1719569984674463,0.8268063362387397,16736836335.25,23.076923076923084,-43.85964912280702,-50.22222222222222,0.0409524077,29.8,,https://finance.naver.com/item/main.naver?code=234340,0.0,0.0,3.472,0.33465472131927343,3.6429317736115925,0.5864000000000006,0.0,8.732760572946168,8.0,5.0
0120G0,삼양바이오팜,KOSPI,,46150.0,343165400500,150.83,-33.00121,1.44,0.9527426961668723,16.096,2.081336120389207,0.5118436290961702,0.8204434269001025,2258568782.5,-2.120890774125128,-54.931640625,-69.41683233929754,0.0337618866,29.8,,https://finance.naver.com/item/main.naver?code=0120G0,0.0,0.0,4.368,0.0,0.0,8.0,0.0,4.383560331961007,8.0,5.0
079940,가비아,KOSDAQ,,39950.0,536156325800,32.47,30.79656,2.95,9.082196830077404,68.073,14.057162289298024,0.3653746317481564,1.4836405486717914,1305352832.5,32.72425249169435,53.65384615384616,-16.597077244258873,0.3418944966,29.7,,https://finance.naver.com/item/main.naver?code=079940,0.0,0.0,0.13999999999999949,2.449318098046442,6.5042131113517785,6.208329411764707,2.418202743358957,3.1930333058333726,8.0,0.8246346555323592
020120,키다리스튜디오,KOSPI,,8500.0,315042011000,44.75,18.44251,1.46,3.263445761166819,68.512,8.56149655418128,1.0694340606154713,1.419512792179142,4407811756.75,159.9388379204893,168.56240126382306,-10.052910052910056,0.0692552128,29.7,,https://finance.naver.com/item/main.naver?code=020120,0.0,0.0,4.312,0.0,3.2714685612831063,6.187670588235294,2.0975639608957097,5.835508921103081,8.0,0.00661375661375696
053050,지에스이,KOSDAQ,,1900.0,56976434300,14.65,9.33947,0.58,3.985171455050973,119.279,5.400131119853021,0.1472174934663246,0.2537904598671067,805260805.3,6.442577030812324,-39.68253968253968,-56.271576524741086,0.0365255342,29.6,,https://finance.naver.com/item/main.naver?code=053050,0.4772727272727268,0.0,6.776,0.0,1.4118418352076592,3.798635294117647,0.0,2.144076531709951,10.0,5.0
120110,코오롱인더,KOSPI,,55000.0,1647031760000,243.11,-30.99167,0.42,0.1734652182963402,86.542,7.279553565158424,0.3404935619431191,0.7958940934358913,11783487787.5,-8.637873754152825,-17.29323308270677,-47.569113441372735,0.175638729,29.5,,https://finance.naver.com/item/main.naver?code=120110,0.0,0.0,7.0,0.0,2.517384450093191,5.3392,0.0,7.970763006616197,2.0,4.696139180171592
026960,동서,KOSPI,,25450.0,2537365000000,17.68,32.13158,1.49,8.411643364657346,4.047,7.247036044269141,0.9369980547730704,1.1363434576610465,1266075703.75,-0.3913894324853229,-1.356589147286824,-17.770597738287563,0.0372818355,29.5,,https://finance.naver.com/item/main.naver?code=026960,0.0,5.996833437177175,4.228,2.0469860187944073,2.4982564966289065,8.0,0.6817172883052325,3.1266920997448544,2.0,0.9713247172859454
009240,한샘,KOSPI,,38850.0,914293102800,14.3,27.94979,1.67,11.66064532203812,141.57299999999998,2.704638335468605,0.746954795751871,1.1482812158147653,1481857203.75,15.970149253731346,-7.279236276849643,-29.1058394160584,0.1265726656,29.5,,https://finance.naver.com/item/main.naver?code=009240,0.9545454545454536,6.511576652275384,3.724,3.9963871932228714,0.0,2.7495058823529424,0.7414060790738264,3.4684255050388746,5.0,2.3882299270073
011210,현대위아,KOSPI,,52500.0,1427741857500,14.29,9.42302,0.39,2.7373848987108653,73.505,2.140675511302636,0.9585300400497744,1.0420916876099466,3090721130.0,-17.96875,-34.210526315789465,-53.37477797513321,0.192518552,29.2,,https://finance.naver.com/item/main.naver?code=011210,0.9681818181818194,0.0,7.0,0.0,0.0,5.952705882352942,0.2104584380497332,5.064692832653437,5.0,5.0
068760,셀트리온제약,KOSDAQ,,38050.0,1689508732600,44.11,44.74767,3.92,8.888663145062981,73.46000000000001,12.594145306221066,1.2484804229244526,1.5936654318607282,2907438875.0,-7.420924574209242,-33.36252189141856,-51.40485312899106,0.0472662337,29.0,,https://finance.naver.com/item/main.naver?code=068760,0.0,0.19000467882834235,0.0,2.333197887037789,5.643614886012392,5.954823529411764,2.968327159303641,4.931946691591129,2.0,5.0
388790,라이콤,KOSDAQ,,5190.0,158887490400,642.5,-359.29063,7.25,1.1283497884344147,42.57,2.828320501153632,0.4584576694912983,1.2354554012369223,4846072358.1,17.68707482993197,29.91239048811014,-44.37299035369775,0.0061103751,28.9,,https://finance.naver.com/item/main.naver?code=388790,0.0,0.0,0.0,0.0,0.0,7.408470588235295,1.1772770061846116,6.041343198530198,10.0,4.296623794212219
001740,SK네트웍스,KOSPI,,6200.0,1243682111800,24.12,30.4047,0.59,2.464046021093001,147.889,1.7162375553566398,1.0607308340677717,1.1193610438944008,4630236272.5,-35.14644351464435,21.09375,-61.82266009852218,0.1726739841,28.5,,https://finance.naver.com/item/main.naver?code=001740,0.0,2.756021273026866,6.748,0.0,0.0,2.452282352941176,0.5968052194720042,5.942409490589595,5.0,5.0
001550,조비,KOSPI,,9980.0,51818545220,26.89,-30.99167,0.97,3.6070242050308496,142.492,8.28134547923793,0.3545256186116473,0.6718716120218164,729440874.5,-5.402843601895735,-36.02564102564103,-52.36276849642005,0.0167020432,28.4,,https://finance.naver.com/item/main.naver?code=001550,0.0,0.0,5.684,0.0,3.106673811316429,2.7062588235294123,0.0,1.9293442039915742,10.0,5.0
074600,원익QnC,KOSDAQ,,30550.0,803098400000,34.81,32.6936,1.61,4.621032174476355,161.18300000000002,11.356489347037684,1.7926724089783244,1.7926724089783244,4607590160.0,-3.62776025236593,-5.417956656346745,-32.70925110132159,0.1313165323,28.4,,https://finance.naver.com/item/main.naver?code=074600,0.0,0.0,3.8919999999999995,0.0,4.9155819688456965,1.8266823529411755,3.963362044891622,5.931762937020988,5.0,2.838656387665199
001820,삼화콘덴서,KOSPI,,150800.0,1567566000000,128.99,-76.86105,5.9,4.572862439609003,23.026,10.426381382389811,0.876319022420803,1.4722281586213155,140445258277.5,23.404255319148938,181.86915887850463,-23.3739837398374,0.0936170274,28.4,,https://finance.naver.com/item/main.naver?code=001820,0.0,0.0,0.0,0.0,4.368459636699889,8.0,2.3611407931065775,10.0,2.0,1.671747967479675
0015G0,그린광학,KOSDAQ,,14510.0,169803869910,69.25,39.84954,2.62,3.784362727597287,58.292,1.398874948679649,1.0020229546260315,1.7514662365860498,623994924.75,-7.814485387547654,-53.193548387096776,-73.61818181818181,0.0624187516,28.1,,https://finance.naver.com/item/main.naver?code=0015G0,0.0,0.0,1.0639999999999998,0.0,0.0,6.668611764705882,3.7573311829302494,1.5902990132590578,10.0,5.0
118990,모트렉스,KOSDAQ,,6440.0,158020669240,21.23,9.42302,0.62,2.9334372868141507,178.384,9.824073102686002,0.234832220832493,0.8564352353637177,662218562.0,15.827338129496392,-24.766355140186917,-44.338807260155576,0.0202441411,27.7,,https://finance.naver.com/item/main.naver?code=118990,0.0,0.0,6.664,0.0,4.014160648638825,1.0172235294117653,0.0,1.7194004757515824,10.0,4.292350907519447
285130,SK케미칼,KOSPI,,51100.0,883966942600,22.33,-30.99167,0.44,1.9780238632367195,89.056,4.341498968024679,0.3137143578097401,1.0822861468584406,4244963417.5,23.579201934703757,-7.2595281306715105,-37.530562347188265,0.1031954534,27.6,,https://finance.naver.com/item/main.naver?code=285130,0.0,0.0,7.0,0.0,0.7891170400145169,5.220894117647059,0.411430734292203,5.753763485937187,5.0,3.441320293398533
002240,고려제강,KOSPI,,16560.0,447120000000,46.49,40.87613,0.25,0.5286448278934395,38.861,1.104889204333136,0.4187840203521206,0.6697821633912827,399278718.5,-6.122448979591832,-22.61682242990655,-41.484098939929325,0.0634881852,27.1,,https://finance.naver.com/item/main.naver?code=002240,0.0,0.0,7.0,0.0,0.0,7.583011764705883,0.0,0.6207745412811772,8.0,3.9355123674911656
125020,티씨머티리얼즈,KOSDAQ,,6020.0,210932071000,117.25,55.51033,2.69,2.295229522952295,80.715,3.077907916521544,0.3209579216843765,1.039505838257254,5553806952.25,9.255898366606164,22.357723577235777,-42.17098943323728,0.0090087632,27.1,,https://finance.naver.com/item/main.naver?code=125020,0.0,0.0,0.8680000000000002,0.0,0.045828186189143624,5.613411764705882,0.19752919128626978,6.337347625412324,10.0,4.02137367915466
405100,큐알티,KOSDAQ,,14440.0,177457506440,57.33,32.6936,1.85,3.232561183091218,66.803,6.629057406463429,0.5255549730990636,0.7401270569776862,559758151.25,24.482758620689648,-15.555555555555555,-40.3305785123967,0.0424299153,26.8,,https://finance.naver.com/item/main.naver?code=405100,0.0,0.0,3.2199999999999998,0.0,2.1347396508608405,6.268094117647059,0.0,1.3543958590694416,10.0,3.7913223140495873
112610,씨에스윈드,KOSPI,,51400.0,2167610114200,60.22,-40.72649,1.81,3.007978149931718,161.711,12.53375734173862,0.8930247866064862,1.4354364303489595,16195631568.75,17.48571428571428,-18.799368088467617,-35.26448362720404,0.1631369248,26.7,,https://finance.naver.com/item/main.naver?code=112610,0.0,0.0,3.332,0.0,5.6080925539638935,1.8018352941176465,2.1771821517447973,8.661383169044958,2.0,3.1580604534005046
031430,신세계인터내셔날,KOSPI,,10480.0,366653280000,85.53,8.88568,0.44,0.509992536694585,57.306,2.388650293216351,0.7441224574730213,1.0267151300167443,541152532.5,-16.159999999999997,-12.593828190158462,-38.82078225335669,0.0638429086,26.7,,https://finance.naver.com/item/main.naver?code=031430,0.0,0.0,7.0,0.0,0.0,6.715011764705883,0.13357565008372152,1.2809922024540743,8.0,3.602597781669586
023530,롯데쇼핑,KOSPI,,101500.0,2871308632500,55.92,33.69128,0.19,0.3395819641763368,124.866,2.5798616448358103,0.6980329919801768,0.7793137136884607,18478055905.0,-39.76261127596439,0.8946322067594492,-51.8957345971564,0.1295342973,26.5,,https://finance.naver.com/item/main.naver?code=023530,0.0,0.0,7.0,0.0,0.0,3.5357176470588234,0.0,8.947675110025433,2.0,5.0
183190,아세아시멘트,KOSPI,,10340.0,372015332480,22.29,7.31369,0.34,1.5359607218683653,93.557,8.48413349384333,0.3104868696564855,0.7265650135285524,511171600.75,10.588235294117654,-15.591836734693876,-27.028934368383904,0.043934906,26.5,,https://finance.naver.com/item/main.naver?code=183190,0.0,0.0,7.0,0.0,3.225960878731371,5.009082352941176,0.0,1.1572273146321788,8.0,2.128616796047988
037070,파세코,KOSDAQ,,6640.0,132800000000,36.05,12.00995,1.56,4.3173862310385065,61.411,5.035260833515237,0.4918285555561854,0.8535375580334114,541901722.25,11.222780569514246,-18.32718327183272,-33.46693386773547,0.01049825,26.0,,https://finance.naver.com/item/main.naver?code=037070,0.0,0.0,4.032,0.0,1.1972122550089632,6.521835294117647,0.0,1.2839963827598488,10.0,2.9333667334669338
204320,HL만도,KOSPI,,45800.0,2150636096000,21.55,9.42302,0.79,3.6855674562663294,142.57999999999998,4.288813715564268,0.5698306893948959,1.4071547036986756,13245214322.5,-5.371900826446286,-11.067961165048546,-42.09860935524652,0.1892121152,25.9,,https://finance.naver.com/item/main.naver?code=204320,0.0,0.0,6.188,0.0,0.7581257150378045,2.702117647058824,2.035773518493378,8.224688676723853,2.0,4.012326169405815
008730,율촌화학,KOSPI,,14520.0,360096000000,86.73,17.33508,1.24,1.425782907578715,140.649,6.110990351545787,0.7512783365356125,1.1395690828878318,856258133.5,-3.264490339773485,-34.88789237668162,-62.95918367346939,0.0546654435,25.5,,https://finance.naver.com/item/main.naver?code=008730,0.0,0.0,4.928,0.0,1.8299943244386985,2.7929882352941178,0.6978454144391588,2.2774172755749955,8.0,5.0
181710,NHN,KOSPI,,55100.0,1781325971500,53.67,30.79656,1.16,2.155226899254203,94.431,7.640010759003367,0.7409529344878262,0.8314309035216975,12345386150.0,57.879656160458445,49.12043301759135,-29.53964194373402,0.1465769783,25.4,,https://finance.naver.com/item/main.naver?code=181710,0.0,0.0,5.152,0.0,2.7294180935313923,4.9679529411764705,0.0,8.071917120054675,2.0,2.4424552429667523
012800,대창,KOSPI,,1186.0,108092631814,41.75,26.9602,0.31,0.7516778523489933,199.686,4.504919605932348,0.5206732497763359,1.5760934455973712,354474634.65,3.6713286713286655,-9.118773946360148,-43.389021479713605,0.0445847021,25.3,,https://finance.naver.com/item/main.naver?code=012800,0.0,0.0,7.0,0.0,0.8852468270190282,0.014776470588234962,2.880467227986856,0.3623195442274696,10.0,4.173627684964201
489790,한화비전,KOSPI,,50700.0,2559761373000,54.38,-359.29063,2.85,5.247847335350244,136.84099999999998,12.092900024216949,1.3892721048371264,1.4916445477110578,7070910458.75,2.114803625377637,-36.78304239401496,-48.212461695607765,0.242435142,25.0,,https://finance.naver.com/item/main.naver?code=489790,0.0,0.0,0.41999999999999976,0.14870840121014622,5.348764720127617,2.9721882352941185,2.458222738555289,6.861770414730941,2.0,4.776557711950971
007690,국도화학,KOSPI,,38050.0,352374657600,14.93,-30.99167,0.38,2.528467676858244,125.19,8.975888705545524,0.3400285265513491,0.9750305552720602,781212106.25,9.97109826589595,6.582633053221287,-14.39820022497188,0.1957325217,24.8,,https://finance.naver.com/item/main.naver?code=007690,0.09545454545454585,0.0,7.0,0.0,3.5152286503208963,3.5204705882352942,0.0,2.0782385505101697,8.0,0.549775028121485
189300,인텔리안테크,KOSDAQ,,66500.0,714043550500,92.54,-359.29063,2.57,2.77384008275545,89.625,7.338079010872699,0.4370626197355545,1.0087405923537556,3944123960.0,-8.779149519890261,-44.81327800829875,-63.09655937846836,0.2183571274,24.6,,https://finance.naver.com/item/main.naver?code=189300,0.0,0.0,1.2040000000000004,0.0,2.551811182866293,5.194117647058824,0.04370296176877786,5.5941465060969175,5.0,5.0
060370,LS마린솔루션,KOSDAQ,,32250.0,1684703041500,149.77,35.90844,2.61,1.7421602787456445,24.123,6.414026970622304,1.2838495881682277,1.5095312683139936,3818598756.25,13.556338028169025,8.952702702702698,-37.5,0.0257205106,24.6,,https://finance.naver.com/item/main.naver?code=060370,0.0,0.0,1.0920000000000003,0.0,2.008251159189591,8.0,2.5476563415699682,5.523913860240803,2.0,3.4375
000080,하이트진로,KOSPI,,14840.0,1040782787240,25.35,16.59683,0.94,3.709697497821486,172.64600000000002,10.497686656598823,1.6835671023377796,1.6835671023377796,1135304958.75,-1.851851851851849,-8.901166359729896,-23.10880829015544,0.0768817964,24.4,,https://finance.naver.com/item/main.naver?code=000080,0.0,0.0,5.768000000000001,0.0,4.410403915646366,1.2872470588235287,3.417835511688898,2.8899564001833777,5.0,1.63860103626943
067080,대화제약,KOSDAQ,,11430.0,212788309500,122.98,44.74767,2.79,2.2716288061865635,157.031,8.061455687555577,0.2935449746265529,1.159052929061668,874354768.25,21.98505869797225,-17.82890007189073,-54.09638554216867,0.0047727169,23.7,,https://finance.naver.com/item/main.naver?code=067080,0.0,0.0,0.588,0.0,2.9773268750326927,2.0220705882352936,0.7952646453083401,2.32283214032579,10.0,5.0
263800,데이타솔루션,KOSDAQ,,4460.0,72365194800,69.62,30.79656,2.09,2.995391705069124,137.066,4.141386905905895,0.5189109236273594,0.7356781721236756,898983413.15,-1.5452538631346546,1.0192525481313774,-48.91179839633448,0.022380616,23.4,,https://finance.naver.com/item/main.naver?code=263800,0.0,0.0,2.5480000000000005,0.0,0.6714040622975853,2.9616,0.0,2.3831521203076367,10.0,4.86397479954181
058610,에스피지,KOSDAQ,,97100.0,2153421656000,236.17,-76.86105,8.36,3.5416487578440647,67.887,4.502594157858506,0.2440274613612114,0.9357512371563894,37323340570.0,31.216216216216218,-11.807447774750225,-41.40012070006035,0.0485607394,23.0,,https://finance.naver.com/item/main.naver?code=058610,0.0,0.0,0.0,0.0,0.8838789163873564,6.217082352941176,0.0,10.0,2.0,3.9250150875075436
005300,롯데칠성,KOSPI,,95100.0,882421868400,20.27,16.59683,0.63,3.1032181766528586,166.726,5.018035269444317,1.0909530720851477,1.3105950653120464,1199411877.5,-6.305418719211819,-18.29896907216495,-38.565891472868216,0.1599108255,22.5,,https://finance.naver.com/item/main.naver?code=005300,0.0,0.0,6.636,0.0,1.1870795702613628,1.565835294117647,1.552975326560232,3.0092354526088716,5.0,3.570736434108527
319400,현대무벡스,KOSDAQ,,20550.0,2288777601450,198.06,173.24683,14.02,7.079037800687285,105.841,3.1850071840408027,1.0112225347339696,1.045832436077552,17715336438.75,-12.923728813559322,-26.47584973166368,-59.22619047619048,0.0424569058,21.9,,https://finance.naver.com/item/main.naver?code=319400,0.0,0.0,0.0,1.2474226804123711,0.10882775531811925,4.431011764705882,0.2291621803877597,8.856140749404782,2.0,5.0
007070,GS리테일,KOSPI,,22500.0,1881166837500,44.13,33.69128,0.58,1.3230542197796604,120.561,3.445740767515358,0.6773178072944478,0.7355841105493551,4475710373.75,-10.179640718562876,11.662531017369735,-24.874791318864776,0.1431136102,20.5,,https://finance.naver.com/item/main.naver?code=007070,0.0,0.0,6.776,0.0,0.26220045147962245,3.738305882352941,0.0,5.8687036027790285,2.0,1.859348914858097
065350,신성델타테크,KOSDAQ,,30750.0,845131401000,38.46,12.00995,3.38,8.797880560768297,186.099,4.659975504291518,0.5052262551064038,0.9684444140060304,3331524621.25,0.0,-49.17355371900827,-62.95180722891567,0.0364038675,19.1,,https://finance.naver.com/item/main.naver?code=065350,0.0,0.0,0.0,2.2787283364609783,0.9764561789950106,0.6541647058823534,0.0,5.227608862499151,5.0,5.0
