name,market,tradePrice,marketCap,per,pbr,eps,bps,debtRatio,sales,operatingProfit,netIncome,sectorName,sectorPer,wicsSectorName,high52wPrice,low52wPrice,foreignRatio,listedShareCount,code,vol_today,vol_avg20,vol_mult,amt_avg20,ret_60d,ret_6m,vol_mult_max5,roe,op_margin,debt_pct,off_high_pct,naver_url
현대엘리베이터,KOSPI,75500.0,2951475067500,10.32,2.0,7258.0,37450.0,1.91184,692843740390.0,84478649450.0,166912467860.0,,176.74372,기계,113400.0,61800.0,0.2205832159,39092385,017800,59109.0,148069.25,0.3991983480702442,10958386977.5,-4.911838790931988,-23.50557244174265,0.9299905280806109,19.380507343124165,12.193030625122942,191.184,-33.42151675485009,https://finance.naver.com/item/main.naver?code=017800
SK바이오사이언스,KOSPI,37600.0,2949966392800,-51.71,1.66,-733.0,22806.0,0.48578,155705084520.0,-15737656290.0,-14086496010.0,,47.06703,제약,61300.0,31800.0,0.0601319433,78456553,302440,65260.0,83610.0,0.7805286448989356,3131899842.5,-4.447268106734437,-23.186925434116446,0.9728022963760316,-3.2140664737349818,-10.107348991534398,48.577999999999996,-38.662316476345836,https://finance.naver.com/item/main.naver?code=302440
티에스이,KOSDAQ,261500.0,2892563683500,67.07,6.69,3526.0,35375.0,0.35697,188776809070.0,52503164380.0,42365187630.0,,30.41324,반도체와반도체장비,294000.0,37450.0,0.1223944031,11061429,131290,178576.0,128067.9,1.3943853221611349,31002739762.5,0.5769230769230749,200.57471264367814,1.3943853221611349,9.967491166077739,27.81229571505862,35.697,-11.054421768707478,https://finance.naver.com/item/main.naver?code=131290
효성,KOSPI,169200.0,2832476864400,8.06,1.09,19734.0,146168.0,0.81722,733636709690.0,231638674800.0,226319284640.0,,30.80952,복합기업,318000.0,82600.0,0.2159881776,16740407,004800,16462.0,18792.7,0.8759784384362013,3054254157.5,-4.352741661955905,0.11834319526626835,1.667030283035434,13.500903070439493,31.57402999883682,81.722,-46.79245283018868,https://finance.naver.com/item/main.naver?code=004800
iM금융지주,KOSPI,18650.0,2953477559200,7.22,0.47,2511.0,38725.0,15.36345,4171962000000.0,182738000000.0,144782000000.0,,9.3501,은행,22000.0,13050.0,0.4518772291,158363408,139130,322789.0,399723.7,0.8075303015557996,7094975731.75,1.801310043668125,1.4138118542686318,1.5822054083858426,6.484183344092963,4.380145360863786,1536.345,-15.227272727272723,https://finance.naver.com/item/main.naver?code=139130
보로노이,KOSDAQ,155700.0,2884116423600,-64.45,26.95,-2374.0,5678.0,0.93301,,-29297618720.0,-29015219820.0,,47.06703,제약,375500.0,97500.0,0.0590489468,18523548,310210,37044.0,98873.2,0.37466168789924875,16648930725.0,-24.782608695652176,-53.45291479820629,1.5729439322283492,-41.81049665375132,,93.301,-58.53528628495339,https://finance.naver.com/item/main.naver?code=310210
CJ제일제당,KOSPI,182800.0,2751905200800,-5.14,0.42,-35668.0,440524.0,1.60396,7362113166000.0,257574531000.0,-3876905000.0,,34.32074,식품,252000.0,172600.0,0.121104987,15054186,097950,53039.0,84305.6,0.6291278396690136,15789097470.0,-6.111967128916285,-14.579439252336446,0.955689776242622,-8.096721177506787,3.4986494392607383,160.39600000000002,-27.460317460317462,https://finance.naver.com/item/main.naver?code=097950
한올바이오파마,KOSPI,55500.0,2899355409000,-501.83,17.18,-109.0,3184.0,0.48809,44275731480.0,5597740050.0,-19228508520.0,,47.06703,제약,73000.0,30400.0,0.0384316133,52240638,009420,159455.0,345857.55,0.46104241471669477,20332716115.0,4.716981132075482,-10.048622366288495,1.3501107609187657,-3.4233668341708547,12.642908118928723,48.809000000000005,-23.972602739726025,https://finance.naver.com/item/main.naver?code=009420
미래에셋생명,KOSPI,19860.0,2684674800000,19.88,1.06,1002.0,18762.0,13.18226,3779261302000.0,23649548580.0,17970234600.0,,21.8471,생명보험,37300.0,7360.0,0.0068299822,135180000,085620,167007.0,416938.2,0.40055576581853136,9813251303.5,-32.33390119250426,49.09909909909911,1.0685564431371364,5.340582027502398,0.6257717233652134,1318.2259999999999,-46.75603217158177,https://finance.naver.com/item/main.naver?code=085620
DN오토모티브,KOSPI,45500.0,2662244357500,8.29,1.16,5440.0,38780.0,1.22313,1249319637000.0,205436080000.0,157872007000.0,,10.29196,자동차부품,67500.0,21550.0,0.0598097294,58510865,007340,92012.0,299745.8,0.3069667698429803,15628265870.0,13.892365456821022,67.27941176470588,0.40224416822520953,14.027849406910779,16.443836622412746,122.313,-32.592592592592595,https://finance.naver.com/item/main.naver?code=007340
동서,KOSPI,25500.0,2542350000000,17.34,1.46,1468.0,17452.0,0.04047,135733871060.0,9836682560.0,41216142630.0,,34.32074,식품,30950.0,22350.0,0.036987683,99700000,026960,44118.0,59228.55,0.7448772593622501,1535656997.5,0.19646365422396617,-7.103825136612018,1.1210809651764224,8.411643364657346,7.247036044269141,4.047,-17.60904684975767,https://finance.naver.com/item/main.naver?code=026960
농심,KOSPI,415000.0,2524296430000,14.65,0.89,29342.0,485193.0,0.36912,956063105300.0,59252095210.0,54665696240.0,,34.32074,식품,579000.0,319000.0,0.2503749193,6082642,004370,40107.0,40531.25,0.989532767925983,17477297462.5,10.666666666666668,-3.488372093023251,0.989532767925983,6.047490380116778,6.197508813124577,36.912,-28.32469775474957,https://finance.naver.com/item/main.naver?code=004370
제주반도체,KOSDAQ,73800.0,2541881075400,61.21,10.65,1173.0,6742.0,0.63576,289938012130.0,121871077130.0,145019513740.0,,30.41324,반도체와반도체장비,138000.0,16830.0,0.0107016749,34442833,080220,982829.0,1726455.7,0.5692755394766283,140290033082.5,-23.91752577319588,44.990176817288805,1.0949727815199661,17.398398101453573,42.033494068158426,63.576,-46.52173913043478,https://finance.naver.com/item/main.naver?code=080220
코리안리,KOSPI,14610.0,2581894262910,9.14,0.7,1587.0,20843.0,2.66389,2055728596140.0,175045476920.0,132572450660.0,,9.16061,손해보험,15660.0,10010.0,0.2632811824,176721031,003690,218477.0,273834.5,0.7978432228225443,4033145349.75,8.302446256486284,4.956896551724133,2.148998756548207,7.614067072878185,8.515009094521492,266.389,-6.704980842911878,https://finance.naver.com/item/main.naver?code=003690
BGF리테일,KOSPI,150200.0,2596042681200,13.06,1.94,11303.0,76009.0,1.70106,2426816474390.0,84851552000.0,56829553160.0,,36.09319,백화점과일반상점,156600.0,101200.0,0.4006974465,17283906,282330,30600.0,73160.5,0.4182584864783592,10770956305.0,17.343749999999993,20.352564102564095,0.7387593031758941,14.870607428067729,3.4964140426534778,170.106,-4.0868454661558085,https://finance.naver.com/item/main.naver?code=282330
에코프로머티,KOSPI,36500.0,2584706255000,103.91,2.37,345.0,15125.0,0.95852,178788095610.0,-10583518570.0,-12449410450.0,,-78.68198,전기제품,88800.0,27100.0,0.1414915327,70813870,450080,152039.0,312114.35,0.4871259523953321,11648567217.5,-30.740037950664135,-49.23504867872045,1.2036229670311538,2.28099173553719,-5.919587953487906,95.852,-58.89639639639639,https://finance.naver.com/item/main.naver?code=450080
롯데케미칼,KOSPI,58800.0,2515194637200,-1.24,0.2,-48311.0,298452.0,0.76761,5686369979630.0,110138582640.0,194490759400.0,,-31.79194,화학,119500.0,52500.0,0.2117560789,42775419,011170,139919.0,150471.35,0.929871367539402,8675026232.5,-22.631578947368425,-38.68613138686131,1.9451875722521264,-16.187192580381435,1.936887382188355,76.761,-50.79497907949791,https://finance.naver.com/item/main.naver?code=011170
F&F,KOSPI,65600.0,2512944120000,6.3,1.33,10611.0,50123.0,0.26669,399621629200.0,86499071630.0,72987676490.0,,9.12262,"섬유,의류,신발,호화품",89000.0,58000.0,0.1296270989,38307075,383220,50264.0,67424.45,0.7454862442333605,4415543517.5,-21.153846153846157,-7.213578500707218,1.4426369069380618,21.169921991899926,21.645242727017038,26.668999999999997,-26.29213483146068,https://finance.naver.com/item/main.naver?code=383220
신영증권,KOSPI,147700.0,2428188000000,10.87,0.65,13618.0,227883.0,5.5207,1663107293490.0,121069203110.0,94323853830.0,,8.27693,증권,272000.0,119300.0,0.0627204988,16440000,001720,7184.0,6301.45,1.1400550666909997,989964542.5,-12.758417011222678,-34.50110864745011,1.1400550666909997,5.975873584251568,7.279698885568502,552.0699999999999,-45.69852941176471,https://finance.naver.com/item/main.naver?code=001720
롯데지주,KOSPI,24850.0,2476644833600,-2.74,0.31,-9028.0,79142.0,1.39049,4093073648310.0,128978572270.0,64351963340.0,,30.80952,복합기업,39600.0,21150.0,0.1014050983,99663776,004990,82438.0,122718.05,0.6717675191220851,2905850298.75,-6.754221388367732,-30.489510489510486,1.584999109747914,-11.407343761845796,3.1511422308087296,139.049,-37.247474747474755,https://finance.naver.com/item/main.naver?code=004990
현대무벡스,KOSDAQ,22100.0,2461410461900,214.08,15.15,103.0,1455.0,1.05841,100360141290.0,3196477710.0,11343328740.0,,176.74372,기계,50400.0,7300.0,0.0174723039,111376039,319400,649074.0,1376509.95,0.4715360030633996,35287638216.25,-45.833333333333336,-36.1271676300578,0.5900197089022132,7.079037800687285,3.1850071840408027,105.84100000000001,-56.15079365079365,https://finance.naver.com/item/main.naver?code=319400
하나마이크론,KOSDAQ,36350.0,2416943088150,54.71,5.8,637.0,6007.0,1.94444,683159243030.0,142321958810.0,85127384080.0,,30.41324,반도체와반도체장비,58500.0,13800.0,0.1968910047,66490869,067310,1556727.0,1595160.4,0.9759062474218895,58707448593.75,-24.191866527632953,0.4143646408839796,0.9759062474218895,10.60429498917929,20.83291125195976,194.444,-37.863247863247864,https://finance.naver.com/item/main.naver?code=067310
한화비전,KOSPI,49700.0,2509272983000,54.77,2.87,902.0,17188.0,1.36841,542288924730.0,65578457510.0,75294760130.0,,-319.55513,통신장비,97900.0,30950.0,0.2385684115,50488390,489790,133538.0,167609.45,0.7967211872600262,8726003982.5,-29.30298719772404,-41.80327868852459,0.7967211872600262,5.247847335350244,12.092900024216949,136.84099999999998,-49.23391215526047,https://finance.naver.com/item/main.naver?code=489790
케어젠,KOSDAQ,45200.0,2427918000000,108.27,10.23,411.0,4348.0,0.10339,18794592270.0,5236513810.0,4304583650.0,,-11.05155,건강관리업체및서비스,153800.0,43250.0,0.0460191008,53715000,214370,45348.0,85129.2,0.5326961841530286,4748208985.0,-44.8780487804878,-66.95906432748538,1.4356531014035139,9.452621895124196,27.861811178306557,10.339,-70.6111833550065,https://finance.naver.com/item/main.naver?code=214370
HL만도,KOSPI,50200.0,2357247424000,22.77,0.84,2130.0,57793.0,1.4258,2495284875900.0,107018120000.0,58782922200.0,,10.29196,자동차부품,79100.0,32150.0,0.1797262055,46957120,204320,299104.0,397700.3,0.7520839184682536,20762658771.25,0.40000000000000036,-20.06369426751592,1.0801299370405304,3.6855674562663294,4.288813715564268,142.57999999999998,-36.53603034134007,https://finance.naver.com/item/main.naver?code=204320
에스엘,KOSPI,51900.0,2410678188000,7.62,0.93,6749.0,55423.0,0.5689,1367309815930.0,125755180030.0,112151887900.0,,10.29196,자동차부품,79500.0,32650.0,0.1589477986,46448520,005850,40314.0,88057.4,0.457815016114489,4830226287.5,-20.03081664098614,-29.29155313351499,1.586839947579647,12.17725493026361,9.197270330752755,56.88999999999999,-34.716981132075475,https://finance.naver.com/item/main.naver?code=005850
케이뱅크,KOSPI,5740.0,2328690166740,19.05,0.97,294.0,5781.0,11.91825,326565000000.0,26970000000.0,26870000000.0,,9.3501,은행,9880.0,5210.0,0.0182341469,405695151,279570,959602.0,538239.3,1.7828538347162683,3022013102.0,-7.717041800643088,-31.092436974789916,1.7828538347162683,5.08562532433835,8.258692756419089,1191.825,-41.902834008097166,https://finance.naver.com/item/main.naver?code=279570
달바글로벌,KOSPI,186700.0,2338588330500,28.91,11.9,6594.0,16022.0,0.34999,186860908470.0,47240874550.0,38059528100.0,,45.04075,화장품,283000.0,116200.0,0.4221751465,12525915,483650,183192.0,160857.3,1.1388479105393414,37092028565.0,-11.51658767772512,10.147492625368738,1.1388479105393414,41.15591062289352,25.281304119092617,34.999,-34.02826855123675,https://finance.naver.com/item/main.naver?code=483650
한국앤컴퍼니,KOSPI,24550.0,2330660142000,6.7,0.49,3666.0,50477.0,0.09719,339568170580.0,100149796830.0,95691702420.0,,10.29196,자동차부품,36450.0,21550.0,0.0890469335,94935240,000240,48306.0,77224.1,0.6255301130087627,1911321250.0,-5.029013539651839,-21.56549520766773,0.9478517716619552,7.2627137111951985,29.4932816167484,9.719,-32.64746227709191,https://finance.naver.com/item/main.naver?code=000240
서진시스템,KOSDAQ,36600.0,2329616974200,-18.68,2.56,-1801.0,13127.0,2.06156,410183847980.0,-19357186930.0,-40186454790.0,,52.37524,전기장비,83300.0,19700.0,0.1400231391,63650737,178320,1315351.0,1046913.0,1.2564090807927688,39262443918.75,-50.87248322147651,-23.02839116719243,1.2609481399122946,-13.719814123562124,-4.7191489926594645,206.156,-56.06242496998799,https://finance.naver.com/item/main.naver?code=178320
NHN,KOSPI,70800.0,2318922241200,69.89,1.51,1023.0,47466.0,0.94431,757918045230.0,57905020200.0,29074839380.0,,33.41967,IT서비스,78200.0,25000.0,0.1267151219,32753139,181710,131020.0,356589.9,0.3674248765879235,22818587250.0,76.55860349127181,86.80738786279683,0.4911131807154381,2.155226899254203,7.640010759003367,94.431,-9.462915601023013,https://finance.naver.com/item/main.naver?code=181710
디앤디파마텍,KOSDAQ,49700.0,2278129167300,-89.95,26.94,-547.0,1826.0,1.38587,662064380.0,-9879995350.0,-7766714990.0,,-71.79167,생물공학,116600.0,38989.146,0.0968558155,45837609,347850,329285.0,959264.8,0.34326809448235773,55291366693.75,-47.35169491525424,-46.21212121212122,0.7586195177807004,-29.956188389923327,-1492.3013000639,138.587,-57.375643224699836,https://finance.naver.com/item/main.naver?code=347850
제일기획,KOSPI,19000.0,2185783275000,9.24,1.22,2049.0,15525.0,1.12533,1074518428890.0,92693736590.0,63536831990.0,,11.20754,광고,23300.0,17760.0,0.1867226118,115041225,030000,193888.0,287418.1,0.6745852122743836,5452107474.25,-1.605385810460902,-13.439635535307515,1.411066317674496,13.198067632850242,8.626537628187036,112.53299999999999,-18.454935622317592,https://finance.naver.com/item/main.naver?code=030000
SK가스,KOSPI,239500.0,2219983938000,9.11,0.73,26176.0,325701.0,1.47946,2312994733070.0,-43939497660.0,-33032313460.0,,9.33717,가스유틸리티,302000.0,196100.0,0.0571875117,9269244,018670,6761.0,12307.95,0.5493197486177633,2881404362.5,6.681514476614692,2.7896995708154515,1.3019227409926104,8.036819045689144,-1.8996799703767515,147.946,-20.695364238410598,https://finance.naver.com/item/main.naver?code=018670
풍산,KOSPI,76500.0,2143857267000,14.55,0.93,5388.0,84137.0,1.04746,1470322219180.0,125210909270.0,82479885720.0,,29.9981,비철금속,159200.0,55200.0,0.1300278637,28024278,103140,116410.0,145861.1,0.7980880440364154,12115881310.0,9.4420600858369,-33.93782383419689,0.7980880440364154,6.4038413539821955,8.515882276459799,104.74600000000001,-51.94723618090452,https://finance.naver.com/item/main.naver?code=103140
한솔케미칼,KOSPI,202000.0,2180395272000,14.38,1.94,13428.0,99420.0,0.38389,247539416450.0,49753611310.0,53664875080.0,,-31.79194,화학,346500.0,166700.0,0.4300633239,10794036,014680,35304.0,41324.65,0.8543085059401592,8653092075.0,-31.756756756756754,-40.23668639053254,1.2930055063987231,13.506336753168377,20.09926823918551,38.389,-41.702741702741704,https://finance.naver.com/item/main.naver?code=014680
한전KPS,KOSPI,47350.0,2130750000000,16.59,1.53,2761.0,29906.0,0.25075,437938590100.0,43579646760.0,38273641990.0,,3.11688,전기유틸리티,69000.0,41500.0,0.0843743111,45000000,051600,105197.0,121090.7,0.8687454940800574,5564875735.0,-3.9553752535496978,-23.62903225806452,0.8687454940800574,9.23226108473216,9.95108623564069,25.074999999999996,-31.376811594202902,https://finance.naver.com/item/main.naver?code=051600
동진쎄미켐,KOSDAQ,41550.0,2117808735300,20.89,1.91,1927.0,21091.0,0.81591,346873555790.0,59290515850.0,84971814670.0,,30.41324,반도체와반도체장비,72200.0,28800.0,0.1297654042,50970126,005290,321168.0,348798.3,0.9207843042812995,14752546146.25,-25.0,-24.316939890710387,0.9207843042812995,9.136598549144184,17.092832491934022,81.59100000000001,-42.45152354570637,https://finance.naver.com/item/main.naver?code=005290
금호타이어,KOSPI,7350.0,2111363109450,5.94,1.02,1209.0,7065.0,1.38845,1332767136120.0,182237600550.0,137774059840.0,,10.29196,자동차부품,8850.0,4220.0,0.1152041772,287260287,073240,1526069.0,5421051.3,0.28150794293350445,41638644417.5,62.61061946902655,5.300859598853869,0.9221761100102485,17.112526539278132,13.673626518173062,138.845,-16.94915254237288,https://finance.naver.com/item/main.naver?code=073240
현대백화점,KOSPI,97700.0,2106891902400,10.05,0.46,9572.0,210969.0,0.87599,1068052590000.0,79318730000.0,60829593000.0,,36.09319,백화점과일반상점,222000.0,74100.0,0.2761896269,21564912,069960,160174.0,160044.6,1.000808524623761,15539763302.5,-47.78193479422769,-11.181818181818182,1.277443912509388,4.5371594878868455,7.426481686636797,87.599,-55.99099099099099,https://finance.naver.com/item/main.naver?code=069960
비에이치아이,KOSDAQ,67700.0,2094934187500,28.48,10.45,2107.0,5739.0,4.44608,296273189760.0,45483095560.0,20318448640.0,,-40.24179,에너지장비및서비스,114200.0,33150.0,0.1045305326,30944375,083650,1338094.0,382334.85,3.4997960557349144,22825975693.75,9.193548387096783,-27.593582887700528,3.4997960557349144,36.713713190451294,15.35174195034123,444.608,-40.71803852889667,https://finance.naver.com/item/main.naver?code=083650
펄어비스,KOSDAQ,33500.0,2105270985000,-251.82,2.65,-137.0,13011.0,0.2241,192610521760.0,67625499270.0,99542325760.0,,18.03224,게임엔터테인먼트,77400.0,29450.0,0.0520731921,62843910,263750,309759.0,545681.95,0.5676548399667609,17618205848.75,-18.39220462850183,-37.5,1.9410904098990265,-1.0529551917608178,35.10997148653381,22.41,-56.71834625322998,https://finance.naver.com/item/main.naver?code=263750
GS리테일,KOSPI,25100.0,2098546116500,48.85,0.65,520.0,39303.0,1.20561,3175142890360.0,109407193000.0,64648505320.0,,36.09319,백화점과일반상점,29950.0,15950.0,0.1391569875,83607415,007070,219974.0,192258.65,1.1441565828117486,5166455985.0,5.6842105263157805,14.090909090909086,1.2814039836439088,1.3230542197796604,3.445740767515358,120.561,-16.19365609348915,https://finance.naver.com/item/main.naver?code=007070
대한광통신,KOSDAQ,13470.0,2094391840200,-54.89,26.88,-237.0,484.0,1.55218,49053665500.0,956781920.0,444593210.0,,-319.55513,통신장비,31500.0,1199.743,0.0181573272,155485660,010170,5955187.0,10055409.05,0.5922371701029905,134505477219.0,-21.089630931458704,213.6204889406286,0.6657579981790994,-48.96694214876033,1.950479969738449,155.218,-57.23809523809524,https://finance.naver.com/item/main.naver?code=010170
씨에스윈드,KOSPI,49000.0,2066398747000,56.09,1.69,837.0,27826.0,1.61711,686396223210.0,86031237020.0,61062432230.0,,-40.24179,에너지장비및서비스,79400.0,34500.0,0.1712522346,42171403,112610,371339.0,378530.75,0.9810008830194112,17566897293.75,20.838471023427864,-8.752327746741152,0.9810008830194112,3.0079781499317186,12.533757341738621,161.711,-38.287153652392945,https://finance.naver.com/item/main.naver?code=112610
에스피지,KOSDAQ,92700.0,2055841272000,228.64,8.1,412.0,11633.0,0.67887,88770106740.0,3996957640.0,2435275070.0,,-78.68198,전기제품,165700.0,26000.0,0.0469360645,22177360,058610,454595.0,505060.9,0.9000795745621963,53354339857.5,1.422319474835887,-35.89211618257261,2.1965905497733043,3.5416487578440647,4.502594157858506,67.887,-44.055522027761015,https://finance.naver.com/item/main.naver?code=058610
이마트,KOSPI,74200.0,2047609769800,14.46,0.18,5084.0,410591.0,1.33722,6915029941460.0,-43037624220.0,-136781502140.0,,36.09319,백화점과일반상점,136400.0,70300.0,0.2365043052,27595819,139480,74038.0,120687.25,0.6134699398652301,9147001365.0,-16.063348416289593,-29.333333333333332,0.8989350573486429,1.238215158150081,-0.6223779880107545,133.722,-45.60117302052787,https://finance.naver.com/item/main.naver?code=139480
메지온,KOSDAQ,66200.0,2027154818800,-56.03,114.84,-1160.0,566.0,2.20785,2200899870.0,-4540625130.0,7685387190.0,,34.32074,식품,179900.0,45850.0,0.2438473808,30621674,140410,45594.0,91256.15,0.4996266005085685,5881280035.0,5.919999999999992,-53.21554770318021,1.2594767585527114,-204.94699646643107,-206.30766496433117,220.785,-63.201778765981096,https://finance.naver.com/item/main.naver?code=140410
이수스페셜티케미컬,KOSPI,65900.0,1991423664800,2434.62,14.39,26.0,4398.0,2.01069,108029149000.0,7737005000.0,3627145000.0,,-31.79194,화학,131800.0,43650.0,0.0488452051,30218872,457190,119126.0,125957.65,0.9457623256705726,8329580675.0,-16.792929292929294,-42.795138888888886,2.450942836739174,0.5911778080945885,7.161960518637428,201.069,-50.0,https://finance.naver.com/item/main.naver?code=457190
고영,KOSDAQ,28100.0,1916538385300,124.55,5.49,224.0,5079.0,0.26163,88759068560.0,14552561110.0,15724243440.0,,250.96527,전자장비와기기,45000.0,14440.0,0.2683033378,68204213,098460,901553.0,763583.4,1.180687008125111,22876854520.0,-17.836257309941516,-11.773940345368917,1.180687008125111,4.410316991533766,16.39557663920578,26.162999999999997,-37.55555555555555,https://finance.naver.com/item/main.naver?code=098460
우리기술,KOSDAQ,10920.0,1886807963040,2126.0,14.08,5.0,755.0,1.23865,19793567450.0,-1134042430.0,20080369670.0,,40.34295,우주항공과국방,30200.0,3540.0,0.0553132185,172784612,032820,3174249.0,2652790.3,1.1965698909559495,31302727078.75,-19.23076923076923,-36.17767387492694,1.5868672318350985,0.6622516556291391,-5.729348349481084,123.86500000000001,-63.84105960264901,https://finance.naver.com/item/main.naver?code=032820
롯데에너지머티리얼즈,KOSPI,37850.0,1982032774550,-12.02,1.17,-3065.0,31623.0,0.31536,194197979590.0,-16896328510.0,-18781791970.0,,250.96527,전자장비와기기,83100.0,21600.0,0.0768880054,52365463,020150,153683.0,245448.85,0.6261304544714713,8591471675.0,-21.06360792492179,-15.324384787472034,3.294735338951476,-9.692312557315878,-8.700568639113719,31.535999999999998,-54.45246690734056,https://finance.naver.com/item/main.naver?code=020150
시프트업,KOSPI,31550.0,1853306629500,9.67,2.01,3293.0,15882.0,0.12987,55723749280.0,28117514580.0,41735620720.0,,18.03224,게임엔터테인먼트,42750.0,27500.0,0.3695011686,58741890,462870,33524.0,47044.0,0.7126094719836749,1508188867.5,2.6016260162601723,-2.472952086553326,1.1276464586344699,20.73416446291399,50.458762992984305,12.987000000000002,-26.19883040935672,https://finance.naver.com/item/main.naver?code=462870
롯데렌탈,KOSPI,50300.0,1826362216400,14.48,1.18,3514.0,43125.0,4.12629,765763505340.0,84637726230.0,18291248620.0,,14.30449,도로와철도운송,53100.0,26650.0,0.0622734539,36309388,089860,58921.0,196577.35,0.2997344302382752,9034849798.75,64.37908496732025,49.03703703703704,2.2341536296017828,8.148405797101448,11.052723933666798,412.629,-5.273069679849341,https://finance.naver.com/item/main.naver?code=089860
셀트리온제약,KOSDAQ,40550.0,1800514562600,46.69,4.15,875.0,9844.0,0.7346,153290879060.0,19305676050.0,13721037610.0,,47.06703,제약,78300.0,37000.0,0.0491507068,44402332,068760,43785.0,76811.1,0.5700347996578619,3306273382.5,-5.36756126021003,-43.52367688022284,1.0037611751426552,8.888663145062981,12.594145306221066,73.46000000000001,-48.21200510855683,https://finance.naver.com/item/main.naver?code=068760
대한조선,KOSPI,47900.0,1824450167000,6.42,1.66,7314.0,28354.0,0.47028,354435070880.0,95248495370.0,78723703940.0,,20.72131,조선,109700.0,42100.0,0.0198569761,38088730,439260,54250.0,62424.3,0.8690525965048866,3174426366.25,-20.166666666666664,-51.859296482412056,1.4788792185094586,25.79530225012344,26.873326935033464,47.028,-56.335460346399266,https://finance.naver.com/item/main.naver?code=439260
테크윙,KOSDAQ,48100.0,1782280324500,179.09,7.83,263.0,6018.0,2.13888,56776728490.0,12507979530.0,5080287550.0,,30.41324,반도체와반도체장비,74000.0,31625.0,0.1739645047,37053645,089030,408470.0,442875.2,0.9223140062934208,21432975290.0,-21.276595744680847,3.2188841201716833,0.9223140062934208,4.370222665337321,22.030116673952097,213.88799999999998,-35.0,https://finance.naver.com/item/main.naver?code=089030
CJ대한통운,KOSPI,73700.0,1681269752800,6.47,0.35,11347.0,207860.0,1.42205,3379978742010.0,101566441440.0,36766682560.0,,8.64377,항공화물운송과물류,154000.0,69400.0,0.1557625117,22812344,000120,25187.0,45235.5,0.5567972057344343,3371865887.5,-7.64411027568922,-44.166666666666664,1.1026516784383946,5.458962763398442,3.0049432020865505,142.205,-52.14285714285714,https://finance.naver.com/item/main.naver?code=000120
SK이터닉스,KOSPI,52100.0,1774890908400,57.08,6.42,911.0,8095.0,3.63268,240891560120.0,4682586130.0,-2892906060.0,,-40.24179,에너지장비및서비스,87700.0,17210.0,0.0275736898,34067004,475150,823358.0,2747278.15,0.2996995407982261,152360473341.25,28.48335388409371,80.90277777777777,0.4932081595014324,11.25386040765905,1.9438564504573645,363.26800000000003,-40.59293044469784,https://finance.naver.com/item/main.naver?code=475150
HD현대마린엔진,KOSPI,51200.0,1736780544000,10.31,3.48,4867.0,14413.0,0.89106,128119406960.0,31285526010.0,31873394370.0,,20.72131,조선,118200.0,46500.0,0.1283291317,33921495,071970,82517.0,159699.65,0.5167011950245352,8617023247.5,-17.81701444622793,-41.3516609392898,1.0045857958987388,33.76812599736349,24.419037484124175,89.106,-56.683587140439926,https://finance.naver.com/item/main.naver?code=071970
호텔신라,KOSPI,42650.0,1673932360650,-9.24,1.44,-4566.0,29223.0,2.07043,971829935000.0,61141705000.0,21449048000.0,,36.09319,백화점과일반상점,70300.0,39700.0,0.2056755532,39248121,008770,119189.0,209195.35,0.5697497578220548,9019712062.5,-23.42908438061041,-11.053180396246088,1.32861461786794,-15.624679191048147,6.291399636707013,207.043,-39.33143669985776,https://finance.naver.com/item/main.naver?code=008770
아시아나항공,KOSPI,8110.0,1670584666210,-5.59,2.23,-1446.0,3623.0,54.96466,1844111928500.0,-356276433490.0,-407179826670.0,,143.92314,항공사,9580.0,6500.0,0.0376897481,205990711,020560,200049.0,137370.7,1.4562712427031381,1028090427.75,18.91495601173021,4.510309278350522,2.7120193753107467,-39.91167540712117,-19.319675122962582,5496.466,-15.34446764091858,https://finance.naver.com/item/main.naver?code=020560
동원산업,KOSPI,37800.0,1668522958200,4.33,0.48,8793.0,79927.0,0.99631,2571953804710.0,151458058090.0,104623125670.0,,34.32074,식품,51500.0,29850.0,0.0464269591,44140819,006040,45498.0,46547.55,0.9774520893151196,1754017628.75,17.02786377708978,-11.888111888111885,0.9774520893151196,11.001288675916774,5.8888327547966055,99.631,-26.60194174757281,https://finance.naver.com/item/main.naver?code=006040
코오롱인더,KOSPI,55200.0,1653020966400,248.0,0.43,225.0,129709.0,0.86542,1356513249420.0,98748108610.0,65997917010.0,,-31.79194,화학,104900.0,33750.0,0.1739782419,29946032,120110,175775.0,196541.25,0.894341518637945,11002246722.5,-23.22670375521557,-18.343195266272193,1.3358010086941037,0.17346521829634026,7.279553565158424,86.542,-47.37845567206864,https://finance.naver.com/item/main.naver?code=120110
다우기술,KOSPI,37950.0,1642753490400,3.27,0.48,11707.0,79869.0,12.12393,16184969595240.0,817754206190.0,678203792310.0,,8.27693,증권,62300.0,32300.0,0.2748770356,43287312,023590,27492.0,29822.15,0.9218651237419166,1163860283.75,-1.4285714285714235,-30.110497237569056,1.094522024736647,14.657752069013007,5.0525532431676705,1212.393,-39.08507223113965,https://finance.naver.com/item/main.naver?code=023590
LS마린솔루션,KOSDAQ,31250.0,1632464187500,143.72,2.5,215.0,12341.0,0.24123,95440343610.0,6121569380.0,6975962360.0,,35.85997,건설,51600.0,21650.0,0.0252763202,52238854,060370,44170.0,97166.2,0.4545819431036719,3117246111.25,7.5731497418244365,-6.716417910447758,1.3418452095481763,1.7421602787456445,6.414026970622304,24.123,-39.43798449612403,https://finance.naver.com/item/main.naver?code=060370
네이처셀,KOSDAQ,24700.0,1591545883200,-544.32,24.49,-44.0,978.0,0.40692,6195914450.0,-701540410.0,-637062630.0,,-71.79167,생물공학,36950.0,16550.0,0.0705643059,64435056,007390,133810.0,323717.05,0.41335481093751475,7773032008.75,-23.291925465838514,14.883720930232558,0.9999813108392036,-4.4989775051124745,-11.322629059218208,40.692,-33.15290933694182,https://finance.naver.com/item/main.naver?code=007390
현대위아,KOSPI,58500.0,1590912355500,15.5,0.42,3716.0,135750.0,0.73505,2353743000000.0,50386000000.0,50579000000.0,,10.29196,자동차부품,112600.0,46950.0,0.1957272938,27195083,011210,43931.0,59069.95,0.743711481049163,3633015210.0,-18.296089385474858,-42.2507403751234,1.1287295824695975,2.7373848987108653,2.1406755113026357,73.505,-48.04618117229129,https://finance.naver.com/item/main.naver?code=011210
에임드바이오,KOSDAQ,24250.0,1568275654250,217.13,7.81,108.0,3002.0,0.03681,20197147790.0,8520436920.0,10882978530.0,,-71.79167,생물공학,80200.0,17400.0,0.0250273225,64671161,0009K0,61792.0,118973.8,0.5193748539594432,3037773780.0,-10.845588235294112,-60.56910569105691,0.9649939734630649,3.597601598934044,42.186337440272794,3.681,-69.76309226932669,https://finance.naver.com/item/main.naver?code=0009K0
LX인터내셔널,KOSPI,39900.0,1546524000000,10.22,0.52,3943.0,77069.0,1.65418,4776320982020.0,117835472890.0,78763061820.0,,16.59376,무역회사와판매업체,57700.0,29000.0,0.2620339525,38760000,001120,93017.0,66853.55,1.3913546849793317,2572739143.75,-0.24999999999999467,-6.338028169014088,1.8986276719785262,5.116194578883857,2.4670760891820356,165.418,-30.84922010398613,https://finance.naver.com/item/main.naver?code=001120
HD현대에너지솔루션,KOSPI,137500.0,1540000000000,37.33,3.72,3721.0,37302.0,0.36392,165037257500.0,36114687940.0,30744622940.0,,-40.24179,에너지장비및서비스,256000.0,44200.0,0.0689263393,11200000,322000,172692.0,364960.6,0.4731798446188438,47502134507.5,-10.130718954248364,32.21153846153846,0.8044210799741123,9.975336443086162,21.882748469690245,36.392,-46.2890625,https://finance.naver.com/item/main.naver?code=322000
IPARK현대산업개발,KOSPI,23150.0,1525754689500,9.41,0.46,2476.0,50647.0,1.28476,914639719530.0,122718510000.0,83711676990.0,,35.85997,건설,25050.0,16900.0,0.1748273523,65907330,294870,100165.0,151507.3,0.6611232594073025,3398485860.0,19.700103412616343,0.0,0.9146951995052385,4.8887397081762,13.417142004620198,128.476,-7.584830339321358,https://finance.naver.com/item/main.naver?code=294870
효성티앤씨,KOSPI,348000.0,1506033336000,137.86,0.95,2517.0,364612.0,1.88178,2416150883810.0,188761842590.0,123915819310.0,,16.59376,무역회사와판매업체,557000.0,199000.0,0.210382371,4327682,298020,8714.0,18795.25,0.463627778295048,6253475600.0,7.241910631741133,-18.213866039952997,1.3369335337385775,0.6903228637565412,7.8125022677533975,188.178,-37.52244165170556,https://finance.naver.com/item/main.naver?code=298020
녹십자,KOSPI,127300.0,1487696287400,-311.22,1.2,-410.0,106673.0,1.12439,421179665230.0,1729683180.0,1050149570.0,,47.06703,제약,183800.0,105900.0,0.2384500868,11686538,006280,13478.0,24905.4,0.541167778875264,3179868750.0,2.495974235104681,-24.71910112359551,0.7701542637339693,-0.3843521790893666,0.41067585232431525,112.439,-30.73993471164309,https://finance.naver.com/item/main.naver?code=006280
LS에코에너지,KOSPI,47650.0,1459275484350,32.88,6.61,1387.0,6898.0,1.14827,350271469180.0,25256211370.0,19138089260.0,,52.37524,전기장비,109800.0,32000.0,0.0669314971,30624879,229640,103948.0,79700.85,1.3042269938149968,3695322548.75,-17.8448275862069,2.9157667386608965,1.325983348985613,20.107277471730935,7.210467763510923,114.82699999999998,-56.60291438979963,https://finance.naver.com/item/main.naver?code=229640
코오롱티슈진,KOSDAQ,17420.0,1480180187200,,,,,1.51415,819268000.0,-7121222000.0,49649171000.0,,-71.79167,생물공학,149000.0,11470.0,0.0367291882,84970160,950160,676453.0,2922563.3,0.23145880193595808,65603891496.0,-83.0873786407767,-83.71962616822431,0.43768359097645554,,-869.2176430667375,151.41500000000002,-88.30872483221476,https://finance.naver.com/item/main.naver?code=950160
태성,KOSDAQ,47450.0,1449027151000,-527.65,10.68,-85.0,4199.0,0.59834,30518470360.0,3118058690.0,3466455910.0,,250.96527,전자장비와기기,94000.0,23000.0,0.043988011,30537980,323280,182908.0,258291.25,0.708146327062957,12489988313.75,-8.574181117533719,-39.936708860759495,0.8520846137838584,-2.0242914979757085,10.216956004737323,59.833999999999996,-49.52127659574468,https://finance.naver.com/item/main.naver?code=323280
세아베스틸지주,KOSPI,40050.0,1436277865950,27.03,0.78,1567.0,54192.0,1.1523,1135709521550.0,59839774820.0,35167437390.0,,44.0108,철강,92500.0,23050.0,0.0699939677,35862119,001430,147604.0,134149.55,1.10029441023097,5691190753.75,-13.592233009708742,-42.04052098408104,1.10029441023097,2.8915707115441394,5.268933092885542,115.23,-56.7027027027027,https://finance.naver.com/item/main.naver?code=001430
HJ중공업,KOSPI,15850.0,1431181202400,28.26,2.17,570.0,7416.0,2.51213,729908000000.0,64853000000.0,62543000000.0,,35.85997,건설,34350.0,12910.0,0.0566162858,90295344,097230,231110.0,215245.4,1.0737047109949853,3697349770.75,-23.798076923076927,-37.35177865612648,1.0737047109949853,7.686084142394822,8.885092367805257,251.213,-53.857350800582246,https://finance.naver.com/item/main.naver?code=097230
브이엠,KOSDAQ,53400.0,1405849251000,46.52,7.74,1135.0,6824.0,0.21035,72292819990.0,20054641810.0,17905820030.0,,30.41324,반도체와반도체장비,122100.0,13400.0,0.1639681138,26326765,089970,519734.0,506762.2,1.0255974103830159,31176994017.5,-37.250293772032904,28.365384615384627,1.4645093892164807,16.63247362250879,27.740848693928505,21.035,-56.26535626535627,https://finance.naver.com/item/main.naver?code=089970
후성,KOSPI,12900.0,1383593757000,250.0,4.01,50.0,3118.0,1.10709,188221516550.0,23399254120.0,24958712300.0,,-31.79194,화학,23550.0,5450.0,0.109341326,107255330,093370,2139347.0,3089076.7,0.6925522438468427,38121046723.75,-18.199112238427396,60.647571606475715,0.6925522438468427,1.603592046183451,12.431763673407719,110.70899999999999,-45.22292993630573,https://finance.naver.com/item/main.naver?code=093370
케이씨텍,KOSPI,69800.0,1381946537800,25.35,2.53,2686.0,26877.0,0.14101,112688832960.0,23521741080.0,21110597040.0,,30.41324,반도체와반도체장비,124800.0,32000.0,0.1297554415,19798661,281820,148093.0,169242.85,0.8750325346092908,11366856937.5,-8.638743455497377,42.01424211597151,1.3025188360985411,9.993674889310562,20.873178346206913,14.100999999999999,-44.07051282051282,https://finance.naver.com/item/main.naver?code=281820
오스코텍,KOSDAQ,35950.0,1375381427200,26.75,7.72,1368.0,4739.0,0.19215,52648538750.0,38672297970.0,40754788820.0,,47.06703,제약,66000.0,27300.0,0.1232591956,38258176,039200,108919.0,167213.65,0.6513762482907347,6199686100.0,-11.453201970443349,-31.261950286806883,0.9675525891576435,28.86684954631779,73.453696699227,19.215,-45.53030303030303,https://finance.naver.com/item/main.naver?code=039200
HDC,KOSPI,23000.0,1374059583000,3.74,0.38,6057.0,59006.0,1.20503,1519714183590.0,228381795440.0,256782004990.0,,35.85997,건설,30650.0,15850.0,0.2437360819,59741721,012630,45519.0,56808.9,0.8012652946985419,1271550271.25,15.810674723061435,-6.693711967545635,1.0046489194474808,10.265057790733145,15.027943932226574,120.503,-24.959216965742247,https://finance.naver.com/item/main.naver?code=012630
코미코,KOSDAQ,26350.0,1353422296250,24.93,4.59,1007.0,5472.0,2.22354,175961637380.0,27050200980.0,8967917810.0,,30.41324,반도체와반도체장비,55782.353,16307.686,0.2539309653,51363275,183300,580237.0,362703.0,1.5997579286633967,12316408377.5,-82.53810470510273,-76.30395683453237,1.5997579286633967,18.40277777777778,15.372783171813426,222.35399999999998,-52.76283881391666,https://finance.naver.com/item/main.naver?code=183300
대웅제약,KOSPI,116600.0,1350994645000,6.82,1.33,17022.0,87439.0,1.12976,448464138490.0,68068583250.0,19916270470.0,,47.06703,제약,199400.0,105000.0,0.1499878092,11586575,069620,13558.0,25920.5,0.5230608977450281,3180027047.5,-3.075644222776397,-33.862733976176976,2.218668621361471,19.46728576493327,15.17815526547789,112.97600000000001,-41.52457372116349,https://finance.naver.com/item/main.naver?code=069620
대주전자재료,KOSDAQ,85800.0,1347415040400,61.44,5.05,1377.0,16760.0,1.38368,100581579530.0,6783880800.0,4258311880.0,,250.96527,전자장비와기기,183300.0,58900.0,0.1299761884,15704138,078600,63149.0,155386.6,0.4063992648014694,14105822152.5,-26.72929120409906,-14.79642502482622,2.0041110366016115,8.21599045346062,6.744655265606167,138.368,-53.191489361702125,https://finance.naver.com/item/main.naver?code=078600
SK아이이테크놀로지,KOSPI,16390.0,1340490569000,-5.81,0.51,-2800.0,31808.0,1.51834,39526333000.0,-63448326000.0,-1327762742000.0,,-78.68198,전기제품,35100.0,11840.0,0.0484461241,81787100,361610,301575.0,673091.9,0.44804431608818945,11571845548.25,-20.048780487804873,-39.52029520295203,0.9103333437826246,-8.80281690140845,-160.52166033211327,151.834,-53.30484330484331,https://finance.naver.com/item/main.naver?code=361610
오뚜기,KOSPI,332000.0,1330599560000,16.47,0.55,20279.0,603102.0,0.69831,943801725700.0,45258374730.0,33205179090.0,,34.32074,식품,470000.0,290500.0,0.1119358855,4007830,007310,3641.0,4787.05,0.760593685046114,1588529512.5,-2.352941176470591,-16.477987421383645,1.3805997430567887,3.3624494695756275,4.7953265498039555,69.831,-29.361702127659573,https://finance.naver.com/item/main.naver?code=007310
기가비스,KOSDAQ,101800.0,1290392164400,83.02,6.08,1219.0,16646.0,0.17724,22307133450.0,6610590500.0,5996928870.0,,30.41324,반도체와반도체장비,206000.0,26200.0,0.0589600243,12675758,420770,133350.0,113257.65,1.1774039104643264,12862509002.5,-31.029810298102976,41.3888888888889,1.4046291795741834,7.323080619968761,29.634423960466332,17.724,-50.58252427184466,https://finance.naver.com/item/main.naver?code=420770
SK네트웍스,KOSPI,6500.0,1303860278500,24.9,0.61,257.0,10430.0,1.47889,1444497000000.0,24791000000.0,49655000000.0,,30.80952,복합기업,16240.0,4275.0,0.1769407442,200593889,001740,768347.0,1040098.8,0.7387250134314163,7423996839.75,-44.30162810625535,13.043478260869556,1.1085110376052736,2.464046021093001,1.7162375553566398,147.889,-59.97536945812808,https://finance.naver.com/item/main.naver?code=001740
RFHIC,KOSDAQ,48450.0,1287580164900,42.71,3.61,1131.0,13376.0,0.33585,51501149690.0,11186415360.0,12062643210.0,,-319.55513,통신장비,126900.0,25600.0,0.2122842962,26575442,218410,297204.0,337785.35,0.8798605386527273,16777061781.25,-35.313751668891854,-14.700704225352112,2.1824451534088145,8.455442583732058,21.72070997896979,33.585,-61.82033096926713,https://finance.naver.com/item/main.naver?code=218410
KB발해인프라,KOSPI,10490.0,1285502798520,0.0,0.0,0.0,0.0,,,,,,6.48527,운송인프라,11380.0,8500.0,0.0166716216,122545548,415640,133173.0,123289.85,1.0801619111386702,1280105861.25,5.959595959595965,4.690618762475052,1.3795052877426648,,,,-7.820738137082605,https://finance.naver.com/item/main.naver?code=415640
코스모신소재,KOSPI,38650.0,1283743169150,-2437.5,2.55,-16.0,15288.0,0.58299,137684386640.0,4653102070.0,1236335260.0,,-31.79194,화학,66400.0,26600.0,0.0626428383,33214571,005070,59902.0,84299.65,0.7105842076449903,3320322571.25,-9.801633605600934,-33.81849315068494,1.102151669668854,-0.10465724751439037,3.379542287657025,58.299,-41.79216867469879,https://finance.naver.com/item/main.naver?code=005070
롯데웰푸드,KOSPI,138600.0,1275753956400,17.8,0.59,8176.0,247808.0,0.99536,1155747701060.0,64708988700.0,36082295690.0,,34.32074,식품,155000.0,90000.0,0.1340983298,9204574,280360,32969.0,50841.2,0.6484701383916981,6783441757.5,32.00000000000001,9.133858267716533,0.933003154921599,3.2993285123966944,5.5988853484762995,99.536,-10.580645161290326,https://finance.naver.com/item/main.naver?code=280360
대신증권,KOSPI,26650.0,1270302257900,10.98,0.5,2413.0,53208.0,8.34681,2550413757000.0,359932819000.0,257807571000.0,,8.27693,증권,51400.0,22750.0,0.0997554112,47666126,003540,56986.0,61370.25,0.9285606625360008,1634458230.0,-6.818181818181824,-40.57971014492754,1.546938459595651,4.53503232596602,14.1127226126392,834.6809999999999,-48.15175097276264,https://finance.naver.com/item/main.naver?code=003540
엘앤씨바이오,KOSDAQ,46850.0,1263530632400,-8.51,6.08,-5628.0,7872.0,0.42435,38785377750.0,8579727950.0,-28122597850.0,,-32.98986,건강관리장비와용품,121064.815,40823.056,0.2168899963,26969704,290650,150766.0,171160.55,0.8808454985684494,9444864710.0,-44.49052132701422,-52.48478701825559,1.0507970440618473,-71.4939024390244,22.121037482998346,42.435,-61.3017209004945,https://finance.naver.com/item/main.naver?code=290650
한일시멘트,KOSPI,16770.0,1233353154930,15.71,0.66,1061.0,25406.0,0.62143,370950768340.0,61562117840.0,48363667340.0,,7.5794,건축자재,21150.0,12710.0,0.0447676884,73545209,300720,43323.0,98686.1,0.43899799465172906,1572703918.0,20.387652548456558,-7.907742998352552,1.505217046777611,4.176178855388491,16.595765016336184,62.143,-20.709219858156025,https://finance.naver.com/item/main.naver?code=300720
코리아써키트,KOSPI,52200.0,1251892764000,29.55,3.17,1726.0,16070.0,0.8162,407179666180.0,19290297930.0,17621761470.0,,250.96527,전자장비와기기,148300.0,12850.0,0.0619567837,23982620,007810,180950.0,352118.55,0.5138894272965738,21223653137.5,-62.5,-11.375212224108655,1.110745230548064,10.74051026757934,4.737539600386731,81.62,-64.80107889413351,https://finance.naver.com/item/main.naver?code=007810
삼화콘덴서,KOSPI,116700.0,1213096500000,89.93,4.11,1221.0,26701.0,0.23026,82846780040.0,8637921250.0,8319746740.0,,-78.68198,전기제품,196800.0,27750.0,0.0527468013,10395000,001820,695807.0,926438.5,0.7510557905354753,94309416585.0,-12.453113278319583,116.51205936920222,1.3250777034849048,4.572862439609003,10.426381382389813,23.026,-40.70121951219512,https://finance.naver.com/item/main.naver?code=001820
제이앤티씨,KOSDAQ,20650.0,1194570822900,-11.93,4.41,-1604.0,4333.0,1.74879,38831737880.0,-25005727650.0,-24671954450.0,,94.7569,핸드셋,30100.0,11140.0,0.0316192136,57848466,204270,972757.0,507522.6,1.916677208069158,9520571120.5,26.842751842751845,-6.981981981981978,1.916677208069158,-37.01823217170552,-64.39507736499998,174.87900000000002,-31.3953488372093,https://finance.naver.com/item/main.naver?code=204270
더블유게임즈,KOSPI,56300.0,1192066248400,8.6,0.93,6651.0,61507.0,0.10546,210628862680.0,70071579600.0,65033071470.0,,18.03224,게임엔터테인먼트,76500.0,47000.0,0.2107630172,21173468,192080,35456.0,47855.95,0.7408901087534571,2828580270.0,-24.530831099195716,6.226415094339632,1.3809568089234463,10.813403352463947,33.26779564226055,10.546,-26.40522875816993,https://finance.naver.com/item/main.naver?code=192080
제이에스링크,KOSDAQ,32400.0,1186992370800,-55.91,15.65,-601.0,2147.0,0.81346,6311115440.0,-4163592330.0,8012904070.0,,-33.26304,생명과학도구및서비스,49900.0,13860.0,0.0323810738,36635567,127120,202439.0,159379.7,1.2701680326917417,5730257238.75,-1.3698630136986356,-17.029449423815624,2.941848930572714,-27.992547741034002,-65.97236842810786,81.34599999999999,-35.07014028056113,https://finance.naver.com/item/main.naver?code=127120
롯데정밀화학,KOSPI,45800.0,1181640000000,10.97,0.48,4165.0,95632.0,0.11084,586274822120.0,61908017610.0,94165203670.0,,-31.79194,화학,71800.0,41350.0,0.2360134496,25800000,004000,40097.0,46092.85,0.8699180024667601,2142656000.0,-6.243602865916065,-10.371819960861062,1.3375610317001445,4.355236740839887,10.559555906927304,11.084,-36.211699164345404,https://finance.naver.com/item/main.naver?code=004000
오름테라퓨틱,KOSDAQ,54100.0,1175029819000,-27.71,9.07,-2017.0,6165.0,0.56982,24105270.0,-15352897690.0,63384312380.0,,47.06703,제약,146600.0,30400.0,0.0686300248,21719590,475830,98356.0,144336.5,0.6814353957592154,9562916170.0,-23.90998593530239,-58.48042977743668,1.213435271050635,-32.7169505271695,-63691.042207782775,56.982,-63.096862210095495,https://finance.naver.com/item/main.naver?code=475830
교보증권,KOSPI,10310.0,1174958127910,7.98,0.54,1266.0,18773.0,8.66776,2714652037000.0,115971660000.0,90110538000.0,,8.27693,증권,18220.0,8120.0,0.0103752569,113962961,030610,86673.0,47409.95,1.8281605443583047,482464437.5,-4.4485634847080675,-29.335161069225503,1.8624993276727777,6.7437276940286575,4.272063543295291,866.776,-43.413830954994516,https://finance.naver.com/item/main.naver?code=030610
성호전자,KOSDAQ,15870.0,1165390470240,11.67,4.43,1343.0,3536.0,2.23131,85242926090.0,6892730830.0,-45996985800.0,,-78.68198,전기제품,59600.0,1030.0,0.0247912834,73433552,043260,1226136.0,1563033.5,0.7844591942527144,29758542894.0,-65.15916575192097,-38.6073500967118,0.7844591942527144,37.980769230769226,8.085985718888407,223.131,-73.37248322147651,https://finance.naver.com/item/main.naver?code=043260
한국카본,KOSPI,22600.0,1167888583600,11.04,1.96,2043.0,11519.0,0.68861,243377663940.0,50399828670.0,36561668930.0,,20.72131,조선,54100.0,18530.0,0.1301660875,51676486,017960,112614.0,267384.05,0.42116947514258984,6419153087.5,-27.680000000000003,-46.06205250596659,0.8076809368397255,17.73591457591805,20.70848567369974,68.861,-58.225508317929766,https://finance.naver.com/item/main.naver?code=017960
코다코,KOSDAQ,82300.0,1160395104800,-24.95,11.62,-3298.0,7085.0,6.31487,45438886330.0,-540383330.0,7927171630.0,,10.29196,자동차부품,10280.0,10280.0,0.0001502882,14099576,046070,,,,,,,,-46.54904728299224,-1.1892530245470037,631.487,700.5836575875486,https://finance.naver.com/item/main.naver?code=046070
DL,KOSPI,53800.0,1127426559200,-13.76,0.3,-3895.0,177828.0,1.44393,1667870966620.0,256506513550.0,152719006560.0,,-31.79194,화학,77700.0,33900.0,0.2166734651,20955884,000210,45631.0,65082.35,0.7011271104992367,3320929883.75,3.4615384615384714,4.061895551257244,3.3016478353962326,-2.1903187349573745,15.37927805469386,144.393,-30.759330759330762,https://finance.naver.com/item/main.naver?code=000210
하이트진로,KOSPI,15500.0,1087070970500,26.07,0.97,596.0,16066.0,1.72646,618592498750.0,64937902200.0,40549320740.0,,17.14445,음료,19530.0,13830.0,0.0776648018,70133611,000080,59411.0,103971.1,0.5714184037679702,1607857612.75,-5.660377358490565,-12.774338773213278,0.9214772181885158,3.709697497821486,10.497686656598825,172.64600000000002,-20.63492063492064,https://finance.naver.com/item/main.naver?code=000080
삼현,KOSDAQ,33850.0,1073301142950,106.03,7.81,307.0,4168.0,0.63933,20996133950.0,-5388519000.0,-7017751230.0,,10.29196,자동차부품,76900.0,14710.0,0.0186697705,31707567,437730,318390.0,149337.0,2.1320235440647664,5258604542.5,-35.40076335877863,-43.58333333333333,2.1320235440647664,7.365642994241843,-25.66433902942403,63.93299999999999,-55.981794538361505,https://finance.naver.com/item/main.naver?code=437730
한화투자증권,KOSPI,4915.0,1054502314125,10.92,0.54,467.0,9484.0,8.55567,3234649000000.0,55604000000.0,27026000000.0,,8.27693,증권,10300.0,3515.0,0.0660005959,214547775,003530,1701072.0,2197585.05,0.7740642392884863,10813775071.3,-10.310218978102192,-41.067146282973624,3.3102068108808806,4.924082665541966,1.7190118618743488,855.5669999999999,-52.28155339805824,https://finance.naver.com/item/main.naver?code=003530
대원전선,KOSPI,13290.0,1042127588640,114.42,8.47,113.0,1527.0,1.52177,278067660460.0,3727364420.0,3514215600.0,,52.37524,전기장비,20300.0,2775.0,0.0290533695,78414416,006340,2409410.0,5898241.6,0.4084963220224821,87130230823.0,32.9,95.72901325478644,0.4084963220224821,7.400130975769483,1.3404523251045877,152.17700000000002,-34.532019704433495,https://finance.naver.com/item/main.naver?code=006340
태광산업,KOSPI,912000.0,1015420800000,9.38,0.19,96033.0,4669556.0,0.13422,557672402730.0,-1081792480.0,58666537920.0,,-31.79194,화학,1634000.0,708000.0,0.0339770074,1113400,003240,598.0,1548.3,0.3862300587741394,1413870075.0,1.1086474501108556,-37.060041407867494,1.4383517406187432,2.05657668523517,-0.19398350621337013,13.422,-44.18604651162791,https://finance.naver.com/item/main.naver?code=003240
하나머티리얼즈,KOSDAQ,52400.0,1036350117600,25.15,2.08,1984.0,24038.0,0.40674,90087346640.0,26015940780.0,19753577010.0,,30.41324,반도체와반도체장비,87900.0,28350.0,0.2197051585,19777674,166090,160102.0,179614.15,0.8913662982565683,10021409276.25,-22.713864306784657,-16.025641025641026,0.9632871352284884,8.253598469090607,28.878573684673903,40.674,-40.386803185438005,https://finance.naver.com/item/main.naver?code=166090
삼아알미늄,KOSPI,66900.0,1011759139500,-40.6,4.64,-1692.0,14814.0,1.39911,96924845540.0,1744641020.0,261235530.0,,29.9981,비철금속,104600.0,19000.0,0.3808763275,15123455,006110,176522.0,218719.95,0.8070685824498405,12955970093.75,11.5,114.7672552166934,0.9105570845274973,-11.421628189550425,1.7999936035802115,139.911,-36.04206500956023,https://finance.naver.com/item/main.naver?code=006110
SFA반도체,KOSDAQ,6010.0,988406421030,-48.36,1.95,-116.0,2884.0,0.2041,126288286340.0,-6151051760.0,-5350472390.0,,30.41324,반도체와반도체장비,11640.0,3300.0,0.0554757582,164460303,036540,3134227.0,1789442.4,1.751510414640896,10510837104.3,-13.024602026049203,-23.9240506329114,1.751510414640896,-4.0221914008321775,-4.870643143766963,20.41,-48.36769759450171,https://finance.naver.com/item/main.naver?code=036540
롯데관광개발,KOSPI,12350.0,984609406300,35.2,2.68,356.0,4677.0,4.84441,203273425100.0,51929106410.0,14631454540.0,,15.60994,"호텔,레스토랑,레저",27700.0,10150.0,0.2016661353,79725458,032350,182314.0,332179.25,0.5488422290073808,4376658803.0,-31.730237700386954,-46.65226781857451,2.5109545523990437,7.611716912550781,25.546431553683703,484.441,-55.415162454873645,https://finance.naver.com/item/main.naver?code=032350
대웅,KOSPI,16930.0,984343721400,3.94,0.59,4280.0,28372.0,0.85232,570821463430.0,76642287620.0,36337460580.0,,47.06703,제약,30600.0,15410.0,0.0504867739,58141980,003090,30045.0,57728.05,0.5204575591934943,1004048192.25,-6.2049861495844905,-37.17996289424861,1.1304729676474434,15.085295361624137,13.426665346370365,85.232,-44.67320261437908,https://finance.naver.com/item/main.naver?code=003090
스피어,KOSDAQ,19060.0,982568959720,3904.0,13.15,5.0,1484.0,2.58283,77061765160.0,1665260910.0,-24290420230.0,,40.34295,우주항공과국방,57300.0,7050.0,0.0985606937,51551362,347700,567364.0,967356.55,0.5865097000687078,23121312195.75,-50.4935064935065,-55.57109557109556,0.8780020148723859,0.3369272237196766,2.1609431169173074,258.283,-66.73647469458987,https://finance.naver.com/item/main.naver?code=347700
SK디스커버리,KOSPI,56400.0,982135556400,7.6,0.33,6961.0,158509.0,1.35009,3055582491150.0,-30354711970.0,-58554917200.0,,-139.5926,석유와가스,68300.0,42750.0,0.1380896626,17413751,006120,33854.0,23841.8,1.419943125099615,1244219796.25,25.89285714285714,-5.685618729096986,1.8202484711724787,4.391548744866222,-0.993418179935168,135.00900000000001,-17.42313323572474,https://finance.naver.com/item/main.naver?code=006120
와이씨,KOSDAQ,11930.0,978801025500,49.08,2.61,239.0,4490.0,0.26807,104991544810.0,15052094720.0,17852715000.0,,30.41324,반도체와반도체장비,24150.0,6820.0,0.0328580962,82045350,232140,1287958.0,1786787.65,0.7208232047048232,21347928468.5,-20.200668896321073,-44.76851851851852,2.836395248198632,5.32293986636971,14.336482758911032,26.807,-50.60041407867495,https://finance.naver.com/item/main.naver?code=232140
SNT다이내믹스,KOSPI,29100.0,967653482700,10.46,0.77,2696.0,36682.0,0.31815,196312938240.0,17187511330.0,13114150090.0,,10.29196,자동차부품,76400.0,27900.0,0.1366323159,33252697,003570,18067.0,47961.05,0.37670151091354337,1480062312.5,-28.413284132841333,-48.035714285714285,2.04274093248584,7.349653781146066,8.755159738370182,31.814999999999998,-61.9109947643979,https://finance.naver.com/item/main.naver?code=003570
큐리언트,KOSDAQ,25750.0,966504388250,-26.19,25.5,-880.0,904.0,1.08969,1909021080.0,-12844947440.0,-13237234110.0,,47.06703,제약,62900.0,10980.0,0.0388504591,37534151,115180,354309.0,275020.15,1.2883019662377464,6496473743.5,-4.452690166975881,-20.155038759689926,2.395868084574894,-97.34513274336283,-672.855191310931,108.96900000000001,-59.06200317965025,https://finance.naver.com/item/main.naver?code=115180
한화손해보험,KOSPI,8270.0,965430827050,4.53,0.48,1858.0,17378.0,5.27988,2086782024000.0,140773617000.0,121174130000.0,,9.16061,손해보험,10800.0,5050.0,0.138225124,116738915,000370,623973.0,969907.75,0.6433323169136447,7472678305.5,32.31999999999999,8.672798948751637,1.6180085167893545,10.691679134537921,6.745966535122884,527.988,-23.425925925925927,https://finance.naver.com/item/main.naver?code=000370
STX엔진,KOSPI,23850.0,957531302550,13.13,2.76,1793.0,8545.0,2.17317,212989808010.0,24960663730.0,22156309090.0,,20.72131,조선,67700.0,18830.0,0.0419909424,40148063,077970,57156.0,157758.8,0.36229991607441236,4117087723.75,-24.644549763033176,-27.617602427921096,0.9629446978552069,20.983031012287885,11.71918222905205,217.31699999999998,-64.77104874446086,https://finance.naver.com/item/main.naver?code=077970
NICE평가정보,KOSPI,16320.0,950945853120,12.34,2.05,1317.0,7931.0,0.32195,163184691900.0,32869855410.0,25834210650.0,,15.16342,상업서비스와공급품,18500.0,13010.0,0.3265972745,58268741,030190,67935.0,136505.3,0.4976729841258911,2154002103.75,10.71913161465401,-4.617182933956753,1.7771397887115008,16.605724372714665,20.142732156606165,32.195,-11.783783783783786,https://finance.naver.com/item/main.naver?code=030190
SK케미칼,KOSPI,54800.0,947972376800,23.94,0.47,2306.0,116581.0,0.89056,745120400310.0,32349394490.0,6806283630.0,,-31.79194,화학,81800.0,35850.0,0.1053742793,17298766,285130,62195.0,109674.15,0.5670889630783553,5593670190.0,23.00785634118967,-20.348837209302328,1.5492894177889687,1.9780238632367195,4.341498968024679,89.056,-33.007334963325185,https://finance.naver.com/item/main.naver?code=285130
종근당,KOSPI,68400.0,944110152000,11.56,0.89,5882.0,76180.0,0.83259,478465317190.0,18611682320.0,20423787600.0,,47.06703,제약,98100.0,63000.0,0.1574937078,13802780,185750,13899.0,24283.05,0.572374557561756,1667313340.0,-2.005730659025784,-26.76659528907923,3.660454514568804,7.721186663166185,3.889870728625717,83.259,-30.27522935779816,https://finance.naver.com/item/main.naver?code=185750
파라다이스,KOSPI,10030.0,929072701460,9.28,0.51,1087.0,19694.0,0.8746,318088896490.0,35550352990.0,21023431100.0,,15.60994,"호텔,레스토랑,레저",24000.0,9160.0,0.0794083458,92629382,034230,355734.0,489955.65,0.7260534703498164,4811431822.25,-32.04607046070461,-49.72431077694236,1.59426470538711,5.519447547476389,11.176231984921744,87.46000000000001,-58.20833333333333,https://finance.naver.com/item/main.naver?code=034230
롯데칠성,KOSPI,98700.0,915825850800,20.93,0.65,4697.0,151359.0,1.66726,1112889927260.0,55845209060.0,28202210050.0,,17.14445,음료,154800.0,93900.0,0.164075766,9278884,005300,9072.0,16432.25,0.5520850766024129,1620728535.0,-2.6627218934911268,-29.04385334291877,0.9043801061936132,3.1032181766528586,5.018035269444317,166.726,-36.240310077519375,https://finance.naver.com/item/main.naver?code=005300
유안타증권,KOSPI,4700.0,905596479400,10.71,0.51,443.0,9275.0,11.89739,1807167813000.0,86473094000.0,61860691000.0,,8.27693,증권,8400.0,3340.0,0.6877767534,192680102,003470,215106.0,274440.65,0.7837978812541071,1274606701.45,-1.9812304483837306,-9.441233140655104,1.0441747605538756,4.776280323450135,4.785006316400125,1189.739,-44.047619047619044,https://finance.naver.com/item/main.naver?code=003470
경동나비엔,KOSPI,61300.0,893054689600,9.83,1.14,6206.0,53311.0,0.86668,388199645860.0,84261176700.0,68456389090.0,,11.89363,가정용기기와용품,83200.0,53000.0,0.0871942189,14568592,009450,11465.0,66512.75,0.17237296608544977,4469103610.0,-11.030478955007261,-4.665629860031107,0.6560245967878339,11.641124720976908,21.70562946118397,86.668,-26.322115384615387,https://finance.naver.com/item/main.naver?code=009450
한샘,KOSPI,38200.0,898996049600,13.32,1.55,2808.0,24081.0,1.41573,417232957620.0,11284642520.0,4769177800.0,,27.88349,가구,54800.0,28300.0,0.1284084833,23533928,009240,34839.0,54220.95,0.6425376169174462,2129477271.25,18.266253869969052,-23.061430010070495,0.764077353864143,11.660645322038121,2.7046383354686054,141.57299999999998,-30.29197080291971,https://finance.naver.com/item/main.naver?code=009240
CJ CGV,KOSPI,5400.0,894147103800,-5.6,1.57,-964.0,3444.0,4.12308,593957859690.0,11469683500.0,22608767780.0,,891.14405,방송과엔터테인먼트,6660.0,4150.0,0.0533361144,165582797,079160,172483.0,737814.95,0.23377542024595735,3979073075.75,21.896162528216713,-2.527075812274371,0.7707948991816986,-27.990708478513355,1.9310601438940949,412.308,-18.918918918918916,https://finance.naver.com/item/main.naver?code=079160
지역난방공사,KOSPI,75700.0,876510920800,2.69,0.38,28102.0,198762.0,2.19079,653113000000.0,33094000000.0,10408000000.0,,2.58303,복합유틸리티,116700.0,60400.0,0.0303304054,11578744,071320,8610.0,18096.05,0.4757944413283562,1317713305.0,7.988587731811703,-18.77682403433476,0.7082761155058701,14.138517422847425,5.06711702262855,219.07899999999998,-35.132819194515854,https://finance.naver.com/item/main.naver?code=071320
세방전지,KOSPI,64300.0,891198000000,6.05,0.53,10646.0,121686.0,0.43443,530187002750.0,35322669570.0,36266527870.0,,10.29196,자동차부품,77700.0,46900.0,0.2486898268,13860000,004490,153380.0,81696.8,1.8774297157293798,5158338990.0,23.416506717850293,-6.676342525399126,1.8774297157293798,8.74874677448515,6.6623039393245485,43.443,-17.245817245817243,https://finance.naver.com/item/main.naver?code=004490
큐리옥스바이오시스템즈,KOSDAQ,50700.0,872622390900,-28.97,15.45,-1645.0,3084.0,0.08874,1175624880.0,-4457198940.0,-4840960880.0,,-33.26304,생명과학도구및서비스,149200.0,31650.0,0.0707401981,17211487,445680,67727.0,140195.1,0.4830910638103614,6732628951.25,-26.945244956772328,-57.608695652173914,0.5569096209496622,-53.33981841763943,-379.13445145869997,8.874,-66.01876675603218,https://finance.naver.com/item/main.naver?code=445680
티엘비,KOSDAQ,37150.0,880501809000,39.78,6.01,934.0,6185.0,0.90367,88243337680.0,12772973580.0,10758976870.0,,30.41324,반도체와반도체장비,67608.254,14232.062,0.0515776798,23701260,356860,541647.0,688918.1,0.7862284355716594,24434924977.5,-64.98586239396795,-38.6963696369637,1.2134040316258203,15.101050929668553,14.474717203375844,90.36699999999999,-45.05108799289507,https://finance.naver.com/item/main.naver?code=356860
디아이,KOSPI,31200.0,882960000000,159.44,4.97,196.0,6287.0,0.93874,168631873360.0,39589999870.0,31839433080.0,,30.41324,반도체와반도체장비,41700.0,13280.0,0.1551751943,28300000,003160,640904.0,413781.3,1.5488955155779152,11709227265.0,6.849315068493156,-13.33333333333333,7.111157512434709,3.1175441386989027,23.477174914307078,93.874,-25.179856115107913,https://finance.naver.com/item/main.naver?code=003160
해성디에스,KOSPI,50800.0,863600000000,35.62,1.5,1401.0,33198.0,0.60685,211085611180.0,24866714290.0,19079524110.0,,30.41324,반도체와반도체장비,108500.0,22350.0,0.213059,17000000,195870,85628.0,97398.3,0.8791529215602325,5322629652.5,-37.20642768850433,-21.362229102167184,1.2403912593956978,4.220133742996566,11.780392870452593,60.685,-53.17972350230416,https://finance.naver.com/item/main.naver?code=195870
리브스메드,KOSDAQ,33750.0,852365396250,-33.5,4.71,-1030.0,7328.0,0.14613,12507068190.0,-12189597350.0,-11028339070.0,,-32.98986,건강관리장비와용품,95900.0,29900.0,0.0364272472,25255271,491000,193139.0,186006.6,1.0383448759345097,7254639983.75,-16.871921182266014,-62.37458193979932,1.0383448759345097,-14.055676855895197,-97.46166859269358,14.613000000000001,-64.80709071949948,https://finance.naver.com/item/main.naver?code=491000
씨어스,KOSDAQ,22450.0,860853376900,50.0,20.49,427.0,1042.0,0.25646,28375516330.0,12949759750.0,12939614540.0,,562.67204,건강관리기술,64235.101,17676.326,0.0485133769,38345362,458870,166494.0,277997.35,0.5989049895619509,6313276204.75,-23.247863247863243,-83.89526542324248,0.7572913914467171,40.978886756238005,45.637089381555576,25.646,-65.0502612271132,https://finance.naver.com/item/main.naver?code=458870
덕산네오룩스,KOSDAQ,33350.0,828119819650,14.9,1.75,2165.0,18395.0,0.534,94584555040.0,18499176470.0,19940655100.0,,15.94641,디스플레이장비및부품,57300.0,24500.0,0.1048904686,24831179,213420,196936.0,147259.2,1.3373425904799157,4935541872.5,-9.986504723346833,-20.119760479041915,1.3373425904799157,11.76950258222343,19.558348043374167,53.400000000000006,-41.79755671902269,https://finance.naver.com/item/main.naver?code=213420
신성델타테크,KOSDAQ,30850.0,847879795800,38.77,3.41,797.0,9059.0,1.86099,299159226420.0,13940746670.0,12717818550.0,,11.89363,가정용기기와용품,83000.0,22600.0,0.0356420773,27483948,065350,69237.0,143770.2,0.4815810230492828,4420008108.75,-23.35403726708074,-56.05413105413106,0.8111903579462224,8.797880560768297,4.659975504291518,186.099,-62.83132530120482,https://finance.naver.com/item/main.naver?code=065350
인바디,KOSDAQ,60000.0,808852920000,25.22,2.56,2423.0,23830.0,0.12091,73253798830.0,17743448300.0,14529649050.0,,-32.98986,건강관리장비와용품,73500.0,26000.0,0.3279306206,13480882,041830,46110.0,120620.95,0.38227190218614593,7737803527.5,29.87012987012987,87.5,1.8527046918466485,10.167855644146034,24.221881436042924,12.091000000000001,-18.36734693877551,https://finance.naver.com/item/main.naver?code=041830
SK오션플랜트,KOSPI,13190.0,824086521510,22.18,1.06,625.0,13037.0,0.4433,170484462290.0,19344277350.0,13789266670.0,,-40.24179,에너지장비및서비스,31600.0,11010.0,0.0454895184,62478129,100090,1052204.0,1293236.2,0.8136208992603208,17636344750.75,-13.337713534822605,-31.658031088082904,6.076816439255258,4.794047710362814,11.346651237398229,44.330000000000005,-58.25949367088607,https://finance.naver.com/item/main.naver?code=100090
미래에셋벤처투자,KOSDAQ,15200.0,807432785600,25.74,2.1,582.0,7122.0,1.77531,86096545310.0,22352587040.0,16370905610.0,,14.36921,창업투자,70700.0,6090.0,0.041115027,53120578,100790,291610.0,1172228.8,0.2487654287285895,19847608206.5,-63.895486935866984,-30.434782608695656,0.4619012943548222,8.171861836562764,25.962234558328763,177.531,-78.50070721357851,https://finance.naver.com/item/main.naver?code=100790
GST,KOSDAQ,43750.0,806312500000,16.98,2.55,2533.0,16838.0,0.2973,99243908460.0,15459264220.0,12190073400.0,,30.41324,반도체와반도체장비,70800.0,19980.0,0.226853337,18430000,083450,118466.0,132970.1,0.8909220945159851,6224163478.75,-27.083333333333336,37.79527559055118,1.0930577626097897,15.043354317614918,15.577040908491444,29.73,-38.206214689265536,https://finance.naver.com/item/main.naver?code=083450
에스에이엠티,KOSDAQ,8040.0,803960338680,10.26,1.6,777.0,4983.0,1.78915,2580464421810.0,147642182850.0,105128279690.0,,250.96527,전자장비와기기,19950.0,2915.0,0.0736241919,99995067,031330,548753.0,754211.9,0.7275846482931388,6966037165.75,-46.71968190854871,52.851711026615966,0.7670735505499183,15.59301625526791,5.72153530202289,178.915,-59.69924812030075,https://finance.naver.com/item/main.naver?code=031330
GS피앤엘,KOSPI,40550.0,804140602550,43.72,0.99,979.0,43209.0,0.93131,158960998740.0,29360307070.0,19221773190.0,,15.60994,"호텔,레스토랑,레저",67000.0,32250.0,0.1070026228,19830841,499790,66240.0,54947.65,1.2055110637124609,2330866895.0,-20.177165354330707,-20.955165692007792,1.4884349012196154,2.2657316762711472,18.470132487040008,93.131,-39.47761194029851,https://finance.naver.com/item/main.naver?code=499790
알지노믹스,KOSDAQ,28650.0,803788241400,-3.98,13.35,-7092.0,2113.0,0.10619,807823290.0,-6851726570.0,-6366999350.0,,-71.79167,생물공학,122625.0,19990.0,0.0938684753,28055436,476830,208361.0,393889.7,0.5289831138006401,13013944768.75,-69.1271551724138,-80.64189189189189,0.5811626960542507,-335.6365357311879,-848.1714571512292,10.619,-76.63608562691131,https://finance.naver.com/item/main.naver?code=476830
인제니아테라퓨틱스(Reg.S),KOSDAQ,16230.0,802485971610,,,,,0.66886,7419250000.0,530611000.0,691450000.0,,-71.79167,생물공학,21100.0,9900.0,0.0052168885,49444607,950260,,,,,,,,,7.151814536509756,66.886,-23.080568720379148,https://finance.naver.com/item/main.naver?code=950260
빙그레,KOSPI,86100.0,798063569100,14.37,1.07,6284.0,84119.0,0.44906,442070092910.0,69725485930.0,56411830110.0,,34.32074,식품,96000.0,61500.0,0.2177255638,9269031,005180,98453.0,148962.1,0.6609265041242034,12534646600.0,27.934621099554224,5.128205128205132,0.6609265041242034,7.470369357695645,15.772495594764255,44.906,-10.312500000000002,https://finance.naver.com/item/main.naver?code=005180
피노,KOSDAQ,9460.0,788225051020,-75.56,7.05,-135.0,1447.0,0.18342,104407384320.0,2323925300.0,-1740380860.0,,-78.68198,전기제품,19150.0,3445.0,0.3868722992,83321887,033790,3556582.0,1950217.8,1.8236845135963788,14981418102.25,-1.1494252873563204,57.929883138564264,3.043030373325482,-9.32964754664824,2.225824653242304,18.342,-50.600522193211496,https://finance.naver.com/item/main.naver?code=033790
아이티센글로벌,KOSDAQ,34100.0,791274370700,17.74,6.6,2010.0,5404.0,1.45518,2292427258510.0,8294110930.0,37059152190.0,,33.41967,IT서비스,75500.0,16000.0,0.0334249433,23204527,124500,238631.0,745580.45,0.3200606990164509,25522416032.5,-21.42857142857143,-41.7094017094017,0.961344949428328,37.19467061435973,0.36180475952771957,145.518,-54.83443708609271,https://finance.naver.com/item/main.naver?code=124500
필옵틱스,KOSDAQ,33500.0,785315274500,-35.05,5.19,-736.0,4970.0,1.21,8196676120.0,-15176871030.0,-3368230280.0,,250.96527,전자장비와기기,64900.0,19380.0,0.017519353,23442247,161580,1024951.0,85795.2,11.946484185595464,2348699288.75,-18.491484184914842,-36.31178707224335,11.946484185595464,-14.808853118712273,-185.15884741338297,121.0,-48.38212634822804,https://finance.naver.com/item/main.naver?code=161580
샘씨엔에스,KOSDAQ,13020.0,784036914780,51.74,4.77,264.0,2862.0,0.40181,31265241800.0,9529353440.0,11265118030.0,,30.41324,반도체와반도체장비,16960.0,4805.0,0.0793841345,60217889,252990,736229.0,466151.6,1.579376752112403,6568039090.5,-9.708737864077666,18.256130790190728,1.579376752112403,9.224318658280922,30.479065221878436,40.181,-23.231132075471695,https://finance.naver.com/item/main.naver?code=252990
유일로보틱스,KOSDAQ,66200.0,779925039000,-30.4,8.48,-2138.0,7669.0,0.23086,9959811150.0,-1456691140.0,-1282753190.0,,176.74372,기계,155000.0,53800.0,0.1582787874,11781345,388720,20895.0,20944.85,0.997619939985247,1450820312.5,-20.623501199040774,-45.915032679738566,1.429611575160481,-27.878471769461466,-14.625690367633126,23.086000000000002,-57.29032258064516,https://finance.naver.com/item/main.naver?code=388720
SNT에너지,KOSPI,37600.0,777597440800,7.66,1.77,4270.0,18458.0,0.46079,108055984080.0,21269561320.0,18130221350.0,,-40.24179,에너지장비및서비스,67900.0,21200.0,0.0127929392,20680783,100840,1163748.0,216945.7,5.364236304291811,6818482477.5,14.112291350531114,-18.17192600652884,5.364236304291811,23.133600606782966,19.68383472798039,46.079,-44.62444771723122,https://finance.naver.com/item/main.naver?code=100840
SGC에너지,KOSPI,54100.0,779544915300,-13.17,1.15,-4260.0,48667.0,3.36963,576959944060.0,44880845870.0,7694153020.0,,-40.24179,에너지장비및서비스,70700.0,20150.0,0.0539107535,14409333,005090,97686.0,201569.85,0.48462604898500444,11876213847.5,3.6398467432950277,7.341269841269837,1.727073766240338,-8.753364702981486,7.778849525355038,336.96299999999997,-23.47949080622348,https://finance.naver.com/item/main.naver?code=005090
HS효성첨단소재,KOSPI,172000.0,770551056000,-35.68,0.96,-4843.0,180761.0,3.47837,952698172430.0,77593421080.0,45193271410.0,,-31.79194,화학,282000.0,135000.0,0.0807009367,4479948,298050,5299.0,17145.1,0.309067896950149,2997267727.5,-11.52263374485597,-31.474103585657375,0.9741558812722003,-2.6792283733770006,8.144596402666156,347.837,-39.00709219858156,https://finance.naver.com/item/main.naver?code=298050
다우데이타,KOSDAQ,20200.0,773660000000,3.5,0.48,5713.0,42047.0,11.8618,16370867719470.0,831560581240.0,684798148870.0,,8.27693,증권,31450.0,15940.0,0.1388667102,38300000,032190,37043.0,59278.15,0.624901418144797,1176056219.0,8.369098712446355,-23.77358490566037,1.019498752913173,13.587176255143055,5.0795143879332585,1186.18,-35.77106518282989,https://finance.naver.com/item/main.naver?code=032190
쎄트렉아이,KOSDAQ,69800.0,764399204400,50.64,3.11,1396.0,22735.0,0.74194,51141250850.0,1367100770.0,-215161170.0,,40.34295,우주항공과국방,224000.0,45650.0,0.1154469825,10951278,099320,25878.0,41483.8,0.6238097763464292,3115161910.0,-38.6103781882146,-63.30178759200842,1.0307638162366997,6.140312293820101,2.6731860235679004,74.194,-68.83928571428571,https://finance.naver.com/item/main.naver?code=099320
넥슨게임즈,KOSDAQ,11550.0,760685009700,-11.91,2.86,-974.0,4052.0,0.68208,41454225430.0,10653536180.0,8654096880.0,,18.03224,게임엔터테인먼트,15420.0,7860.0,0.0331250112,65860174,225570,104085.0,215673.0,0.482605611272621,2226369940.0,21.323529411764696,-2.613827993254636,0.9618496520194925,-24.03751233958539,25.699518129918175,68.208,-25.09727626459144,https://finance.naver.com/item/main.naver?code=225570
로보스타,KOSDAQ,77400.0,754650000000,-143.34,8.58,-533.0,8904.0,0.2935,26369469060.0,499640800.0,1098222270.0,,176.74372,기계,171600.0,28800.0,0.0463158974,9750000,090360,317108.0,170484.05,1.8600449719489889,14113626937.5,-27.18720602069614,-3.4912718204488824,2.310468340000135,-5.98607367475292,1.894770042063183,29.349999999999998,-54.89510489510489,https://finance.naver.com/item/main.naver?code=090360
휴림로봇,KOSDAQ,6300.0,753221882700,-42.36,5.87,-148.0,1068.0,0.29516,25443658470.0,-5301195910.0,-7590786860.0,,176.74372,기계,26600.0,2610.0,0.0777817123,119559029,090710,1201558.0,1065225.4,1.1279847438861297,7435517726.25,-45.40727902946274,-56.34095634095634,1.4072758685626536,-13.857677902621724,-20.83503799679795,29.516,-76.31578947368422,https://finance.naver.com/item/main.naver?code=090710
LS머트리얼즈,KOSDAQ,11130.0,752974094670,1826.67,4.01,6.0,2736.0,0.47748,51297766950.0,532787050.0,-286651690.0,,-78.68198,전기제품,32725.0,8700.0,0.0973264776,67652659,417200,378438.0,430667.65,0.8787239998174926,5020450054.0,-31.759656652360512,-36.689419795221845,0.9358074608111382,0.21929824561403508,1.0386164577481671,47.748000000000005,-65.98930481283422,https://finance.naver.com/item/main.naver?code=417200
차바이오텍,KOSDAQ,8090.0,752150324140,-4.94,2.17,-1637.0,3732.0,1.78436,316429568470.0,-28194836530.0,30678723030.0,,-11.05155,건강관리업체및서비스,23950.0,7600.0,0.0788553574,92972846,085660,123322.0,349195.95,0.35315988057708,2973127851.0,-31.09028960817717,-62.632794457274834,1.0332994984621098,-43.863879957127544,-8.910304010566286,178.436,-66.22129436325679,https://finance.naver.com/item/main.naver?code=085660
보령,KOSPI,8750.0,750638061250,11.8,0.9,766.0,10008.0,0.71037,279622584600.0,23798692280.0,24054889960.0,,47.06703,제약,10800.0,7410.0,0.0571067432,85787207,003850,86506.0,96143.0,0.8997638933671718,868504134.0,4.166666666666674,-12.060301507537686,1.5470393060337206,7.653876898481215,8.511005044189838,71.03699999999999,-18.981481481481477,https://finance.naver.com/item/main.naver?code=003850
클로봇,KOSDAQ,24250.0,750628170750,-300.61,10.78,-82.0,2287.0,0.2414,8859369110.0,-2839891890.0,-2633137160.0,,176.74372,기계,77953.663,19796.252,0.0632413099,30953739,466100,294193.0,545571.05,0.539238656449971,16177149192.5,-32.73231622746186,-67.31805929919136,0.9278864778473856,-3.585483165719283,-32.05523841189184,24.14,-68.8917761311614,https://finance.naver.com/item/main.naver?code=466100
이노션,KOSPI,18710.0,748400000000,8.18,0.71,2294.0,26618.0,1.53594,499051454740.0,44586457500.0,36476935430.0,,11.20754,광고,22650.0,16730.0,0.200486825,40000000,214320,62219.0,58428.7,1.0648705173998396,1112826101.0,-9.174757281553402,-6.683291770573563,1.0648705173998396,8.61822826658652,8.93424056307561,153.594,-17.39514348785872,https://finance.naver.com/item/main.naver?code=214320
에스디바이오센서,KOSPI,6170.0,745021959340,-1.44,0.32,-4279.0,19476.0,0.20615,186477165600.0,-7300169520.0,16309680440.0,,-32.98986,건강관리장비와용품,10930.0,5800.0,0.0600148894,120749102,137310,98132.0,242091.55,0.4053507856841761,1519244130.25,-13.585434173669464,-26.895734597156395,0.6776568616294125,-21.970630519613884,-3.9147793224501903,20.615,-43.54986276303752,https://finance.naver.com/item/main.naver?code=137310
온코닉테라퓨틱스,KOSDAQ,16290.0,739693713600,45.79,10.15,359.0,1619.0,0.084,24399301130.0,2789195800.0,3768045440.0,,47.06703,제약,28900.0,8350.0,0.0,45407840,476060,295379.0,896140.95,0.32961221111478056,14785400986.5,2.581863979848875,-30.680851063829785,3.2865309860017,22.174181593576282,11.431457750117943,8.4,-43.63321799307959,https://finance.naver.com/item/main.naver?code=476060
레이크머티리얼즈,KOSDAQ,11170.0,734210221160,94.53,5.4,117.0,2049.0,1.65619,37205660670.0,6079887510.0,2630386340.0,,-31.79194,화학,28700.0,9200.0,0.0976477938,65730548,281740,188214.0,387314.75,0.485945861860412,4751453711.5,-28.853503184713382,-52.76955602536998,1.562796149643152,5.710102489019034,16.34129699758937,165.619,-61.08013937282231,https://finance.naver.com/item/main.naver?code=281740
코미팜,KOSDAQ,9920.0,732954030400,-95.2,10.04,-102.0,967.0,0.87594,16701768500.0,1638211200.0,517899710.0,,47.06703,제약,10790.0,5650.0,0.041450958,73886495,041960,374043.0,337407.95,1.1085779099158748,3088517577.5,18.518518518518512,10.344827586206895,2.718664453519841,-10.548086866597725,9.808609190098641,87.59400000000001,-8.06302131603337,https://finance.naver.com/item/main.naver?code=041960
OCI,KOSPI,81800.0,732314091000,-11.34,0.63,-6994.0,125846.0,0.97496,535009757000.0,43260886000.0,29786694000.0,,-31.79194,화학,163200.0,53700.0,0.1056608242,8952495,456040,30937.0,43453.45,0.7119572784209309,3448128317.5,-22.902921771913288,-6.939704209328779,1.3410902931758009,-5.557586256217917,8.085999448417535,97.49600000000001,-49.877450980392155,https://finance.naver.com/item/main.naver?code=456040
지엔씨에너지,KOSDAQ,44500.0,731976450500,17.5,3.32,2565.0,13535.0,0.65809,66495947820.0,10160166380.0,14089767580.0,,52.37524,전기장비,58000.0,18350.0,0.0824373215,16448909,119850,398147.0,725220.55,0.5490012658907694,36785800468.75,109.41176470588236,14.102564102564097,0.9457426433931029,18.950868119689694,15.2793767336062,65.809,-23.275862068965512,https://finance.naver.com/item/main.naver?code=119850
영풍,KOSPI,39450.0,726301444350,-87.14,0.2,-451.0,195772.0,0.42849,853191924780.0,1511094000.0,386236712730.0,,94.7569,핸드셋,71797.387,31000.0,0.162405599,18410683,000670,17084.0,29123.6,0.5866033045365271,1141654332.5,-15.343347639484984,-38.93188854489165,0.9955500006867284,-0.23037002227080483,0.1771106776930224,42.849,-45.05371065941439,https://finance.naver.com/item/main.naver?code=000670
씨엠티엑스,KOSDAQ,75100.0,725048293800,-20.02,3.89,-3737.0,19207.0,0.43555,47897115680.0,15575157710.0,10087479220.0,,30.41324,반도체와반도체장비,170300.0,56500.0,0.0777633043,9654438,388210,48065.0,43658.45,1.1009323510110873,3286049585.0,-32.52470799640611,-51.23376623376623,1.6558306582116407,-19.456448169938042,32.51794495112696,43.555,-55.901350557839116,https://finance.naver.com/item/main.naver?code=388210
비에이치,KOSPI,21400.0,721426913200,22.05,0.95,991.0,23055.0,0.71322,414237053660.0,7891040600.0,7612387660.0,,250.96527,전자장비와기기,43400.0,12440.0,0.1007254549,33711538,090460,1502842.0,1575176.8,0.9540782977504493,29972603395.25,-15.91355599214146,10.65149948293691,3.8243421309912637,4.298416829321188,1.9049576879418557,71.322,-50.69124423963134,https://finance.naver.com/item/main.naver?code=090460
원익QnC,KOSDAQ,27100.0,712404800000,30.08,1.39,856.0,18524.0,1.61183,271857366890.0,30873452910.0,26732383080.0,,30.41324,반도체와반도체장비,45400.0,17380.0,0.1221027085,26288000,074600,148745.0,220010.5,0.6760813688437597,6122642861.25,-25.138121546961322,-13.0016051364366,0.825824222025767,4.621032174476355,11.356489347037684,161.18300000000002,-40.308370044052865,https://finance.naver.com/item/main.naver?code=074600
SNT모티브,KOSPI,26800.0,711279289600,8.99,0.62,2921.0,42534.0,0.2689,258025087410.0,25841587050.0,23814373280.0,,10.29196,자동차부품,40800.0,24100.0,0.12433859,26540272,064960,35639.0,82639.7,0.43125761589163564,2214791405.0,-7.26643598615917,-28.05369127516778,1.1314174664235228,6.867447218695631,10.015145158710054,26.889999999999997,-34.31372549019608,https://finance.naver.com/item/main.naver?code=064960
케이아이엔엑스,KOSDAQ,144600.0,705648000000,38.64,3.24,3535.0,42214.0,0.36784,42506109550.0,8818013550.0,6772364780.0,,33.41967,IT서비스,163700.0,80000.0,0.4361997951,4880000,093320,7582.0,12305.45,0.6161497547834496,1796010495.0,26.398601398601397,21.105527638190956,1.1146280713017402,8.373999147202351,20.745284956336356,36.784,-11.667684789248622,https://finance.naver.com/item/main.naver?code=093320
선익시스템,KOSDAQ,68600.0,694755143600,6.13,4.12,10959.0,16300.0,1.96832,20242142080.0,-10142570890.0,-7953600180.0,,15.94641,디스플레이장비및부품,144000.0,36250.0,0.0174546335,10127626,171090,27529.0,49684.6,0.5540751057671793,3388023560.0,-11.82519280205655,-47.63358778625955,1.6280296107848307,67.23312883435582,-50.10621331435689,196.832,-52.361111111111114,https://finance.naver.com/item/main.naver?code=171090
대한해운,KOSPI,2115.0,682610624100,3.76,0.31,560.0,6684.0,0.6381,312832991250.0,62926691080.0,57477832570.0,,10.21966,해운사,3385.0,1639.0,0.1255334157,322747340,005880,1196850.0,1965992.4,0.6087765140902884,4048487388.4,8.684480986639254,-2.5345622119815614,1.3324486910529258,8.378216636744465,20.11510705074972,63.81,-37.518463810930584,https://finance.naver.com/item/main.naver?code=005880
하이젠알앤엠,KOSDAQ,21800.0,673358400000,-76.41,5.24,-251.0,3657.0,0.50818,20799513680.0,-1464487810.0,-888725670.0,,176.74372,기계,91200.0,11000.0,0.0193719891,30888000,160190,729810.0,204362.05,3.5711620626236624,4012609019.5,-15.830115830115831,-68.40579710144927,3.5711620626236624,-6.8635493573967725,-7.040971402173668,50.818,-76.09649122807018,https://finance.naver.com/item/main.naver?code=160190
인텔리안테크,KOSDAQ,63500.0,681831059500,87.15,2.42,724.0,26101.0,0.89625,97246184450.0,7136001850.0,4745480380.0,,-319.55513,통신장비,180200.0,39000.0,0.2253669547,10737497,189300,18170.0,70740.6,0.2568539141596198,4876945340.0,-38.942307692307686,-47.52066115702479,0.8569053697593744,2.77384008275545,7.338079010872699,89.625,-64.76137624861265,https://finance.naver.com/item/main.naver?code=189300
TKG휴켐스,KOSPI,16460.0,672861558480,10.45,0.69,1561.0,23511.0,0.36185,397199442610.0,32818441450.0,22288367510.0,,-31.79194,화학,21550.0,14300.0,0.0805734777,40878588,069260,51841.0,50408.05,1.0284270071942874,812834868.5,2.49066002490661,-13.231418028466003,1.0343784375709832,6.639445365998895,8.262459089657785,36.185,-23.61948955916473,https://finance.naver.com/item/main.naver?code=069260
E1,KOSPI,97500.0,668850000000,5.39,0.28,18124.0,349725.0,6.43643,4402807537000.0,117898702210.0,99298166770.0,,9.33717,가스유틸리티,114500.0,71000.0,0.0718542274,6860000,017940,7365.0,8050.05,0.9149011496823001,751493265.0,14.840989399293282,-5.797101449275366,1.7807342811535332,5.182357566659518,2.6778073131566913,643.6429999999999,-14.847161572052403,https://finance.naver.com/item/main.naver?code=017940
맵스리얼티,KOSPI,7200.0,668407183200,,,,,,,,,,32.90158,부동산,8190.0,4725.0,0.0271229832,92834331,094800,162664.0,87578.8,1.8573444714931011,607693350.25,25.0,5.263157894736836,1.8573444714931011,,,,-12.08791208791209,https://finance.naver.com/item/main.naver?code=094800
미원에스씨,KOSPI,133100.0,665500000000,10.32,1.41,12662.0,92934.0,0.26608,162829067100.0,37109592760.0,32974900490.0,,-31.79194,화학,149200.0,89600.0,0.0057538,5000000,268280,677.0,2281.6,0.2967215988779804,290341272.5,26.88274547187799,1.44817073170731,0.642093267882188,13.624722921643318,22.790521017484842,26.607999999999997,-10.790884718498662,https://finance.naver.com/item/main.naver?code=268280
루닛,KOSDAQ,8870.0,660444056600,-11.81,4.09,-762.0,2202.0,0.64416,21813709920.0,-15368887350.0,-23557162140.0,,562.67204,건강관리기술,24550.0,8350.0,0.1078687929,74458180,328130,208356.0,419336.45,0.49687071085759416,4046840121.25,-44.975186104218366,-78.20638820638821,0.7707987226009091,-34.60490463215259,-70.45517432093918,64.416,-63.869653767820765,https://finance.naver.com/item/main.naver?code=328130
태웅,KOSDAQ,32850.0,657242465850,119.56,1.06,271.0,30459.0,0.35025,105494491890.0,3195829370.0,4283695790.0,,-40.24179,에너지장비및서비스,61300.0,19980.0,0.0387899346,20007381,044490,377901.0,294057.2,1.2851275194077887,10017149963.75,4.451510333863284,-7.464788732394368,4.779811546869112,0.8897206080304673,3.0293803143128253,35.025,-46.411092985318106,https://finance.naver.com/item/main.naver?code=044490
LF,KOSPI,22450.0,656438000000,6.17,0.37,3646.0,61158.0,0.71262,465388608270.0,44077822710.0,35247387720.0,,9.12262,"섬유,의류,신발,호화품",26450.0,17010.0,0.1330892613,29240000,093050,13931.0,24580.65,0.5667466075958121,557920322.5,2.0454545454545503,-0.44345898004434225,1.5633028418695192,5.961607639229537,9.471186429305076,71.262,-15.122873345935728,https://finance.naver.com/item/main.naver?code=093050
대상,KOSPI,18820.0,652075830500,-2.27,0.65,-8447.0,29733.0,2.03409,1165775349440.0,46450513750.0,19596078820.0,,34.32074,식품,24150.0,15880.0,0.1658519641,34648025,001680,122278.0,168089.55,0.7274574772792242,3058606887.5,5.670971364402022,-16.725663716814154,1.4913062709728238,-28.409511317391452,3.984516722910061,203.409,-22.070393374741204,https://finance.naver.com/item/main.naver?code=001680
티에프이,KOSDAQ,52700.0,650696438700,33.23,5.6,1586.0,9411.0,0.3179,33608936550.0,6082266000.0,5946518100.0,,30.41324,반도체와반도체장비,77700.0,23500.0,0.0266345006,12347181,425420,115761.0,120653.2,0.9594523808734455,5236738058.75,-8.027923211169286,23.708920187793424,1.3762917187443018,16.85261927531612,18.09716886147652,31.790000000000003,-32.17503217503217,https://finance.naver.com/item/main.naver?code=425420
명인제약,KOSPI,44550.0,650430000000,6.65,0.82,6718.0,54409.0,0.06377,76106145640.0,27612131000.0,24322263200.0,,47.06703,제약,134500.0,39100.0,0.0093266438,14600000,317450,4999.0,19465.5,0.25681333641570986,912836472.5,2.886836027713624,-32.70392749244713,0.7267216357144692,12.347221966953995,36.2810792319084,6.376999999999999,-66.87732342007435,https://finance.naver.com/item/main.naver?code=317450
한국쉘석유,KOSPI,498500.0,648050000000,13.46,4.63,37098.0,107971.0,0.51145,95483718880.0,15564070340.0,12754026000.0,,-31.79194,화학,620000.0,401000.0,0.5848338462,1300000,002960,574.0,1446.75,0.3967513392085709,733214375.0,0.9109311740890691,-1.870078740157477,0.884741662346639,34.35922608848672,16.30023476521718,51.144999999999996,-19.596774193548384,https://finance.naver.com/item/main.naver?code=002960
자화전자,KOSPI,29900.0,646004509800,13.4,1.41,2284.0,21665.0,0.67795,235193567600.0,22449691440.0,17462465570.0,,-319.55513,통신장비,60000.0,16600.0,0.1325429513,21605502,033240,87211.0,121940.15,0.7151951182608846,3601452505.0,-14.57142857142857,-28.4688995215311,1.7234192347639397,10.542349411493191,9.545197884910182,67.795,-50.16666666666667,https://finance.naver.com/item/main.naver?code=033240
롯데손해보험,KOSPI,2080.0,645499545600,12.97,1.03,158.0,1985.0,12.72626,802034000000.0,3057000000.0,1313000000.0,,9.16061,손해보험,3280.0,1576.0,0.0074080372,310336320,000400,307223.0,447742.4,0.6861601670960802,925110028.75,11.587982832618016,-9.565217391304348,1.9961254507055841,7.959697732997481,0.3811559110960383,1272.626,-36.58536585365854,https://finance.naver.com/item/main.naver?code=000400
파미셀,KOSPI,10740.0,644443110360,15.65,5.09,671.0,2064.0,0.28447,38980267330.0,13228721470.0,10378281870.0,,-31.79194,화학,21150.0,8140.0,0.0840970739,60004014,005690,360375.0,1114799.45,0.32326442213440276,13247927295.5,-22.2302679217958,-33.86699507389162,0.4299544640069566,32.509689922480625,33.936969590300656,28.447,-49.21985815602837,https://finance.naver.com/item/main.naver?code=005690
지투지바이오,KOSDAQ,38300.0,636907015800,-44.03,10.68,-862.0,3553.0,0.69077,1602828350.0,-2701811410.0,-5709782720.0,,47.06703,제약,124000.0,22400.0,0.0546251566,16629426,456160,48458.0,142034.15,0.34117147179041096,5767042177.5,-17.099567099567103,-64.60258780036969,0.9575302840901291,-24.26118772867999,-168.5652371946129,69.077,-69.11290322580645,https://finance.naver.com/item/main.naver?code=456160
안랩,KOSDAQ,57100.0,635323492600,10.1,1.39,5714.0,41556.0,0.37293,71308784760.0,5381783020.0,6412906570.0,,161.19616,소프트웨어,75000.0,50800.0,0.2699377504,11126506,053800,9780.0,32762.35,0.2985133850288517,1951531490.0,0.35149384885764245,-12.423312883435578,0.5951953995974038,13.750120319568776,7.5471529042503915,37.293,-23.86666666666667,https://finance.naver.com/item/main.naver?code=053800
대한유화,KOSPI,97500.0,633750000000,18.84,0.33,5134.0,297102.0,0.35582,956254316740.0,-3876526720.0,-1466147000.0,,-31.79194,화학,202500.0,79300.0,0.1252801538,6500000,006650,31032.0,41997.4,0.7389028844642763,3811077970.0,-19.354838709677423,-48.657187993680886,1.80396881711725,1.728026065122416,-0.4053865851519084,35.582,-51.85185185185186,https://finance.naver.com/item/main.naver?code=006650
JW중외제약,KOSPI,27200.0,633377296000,10.85,1.8,2534.0,15290.0,0.60975,222020100170.0,33339146160.0,27891601210.0,,47.06703,제약,39250.0,20700.0,0.0734724359,23285930,001060,34143.0,100926.3,0.3382963608098186,2868858067.5,2.6415094339622636,-24.861878453038678,3.2023962039626936,16.5729234793983,15.016273812358582,60.975,-30.700636942675164,https://finance.naver.com/item/main.naver?code=001060
금양,KOSPI,9900.0,633275240400,-9.24,1.38,-1071.0,7186.0,1.73047,17364980930.0,-7939945900.0,-19439242690.0,,-31.79194,화학,9900.0,9900.0,0.0509119237,63967196,001570,,,,,,,,-14.903979961035347,-45.72389645578493,173.047,0.0,https://finance.naver.com/item/main.naver?code=001570
미코,KOSDAQ,18710.0,625227916380,19.27,4.94,937.0,3658.0,2.59694,349190198260.0,19502426670.0,16339179160.0,,30.41324,반도체와반도체장비,29250.0,11300.0,0.2385114747,33416778,059090,166833.0,215035.35,0.7758398793500696,3940126831.0,-15.530474040632058,17.451349654739488,0.7758398793500696,25.615090213231273,5.585044129869558,259.694,-36.034188034188034,https://finance.naver.com/item/main.naver?code=059090
동원시스템즈,KOSPI,21800.0,632009947600,11.83,0.74,1834.0,29468.0,0.71912,402189492880.0,31383311600.0,19869773830.0,,17.74109,포장재,30700.0,17520.0,0.1387816862,28991282,014820,18702.0,44724.35,0.4181614713237867,972510200.0,1.631701631701632,-17.580340264650285,1.359729096118781,6.223700285054975,7.803115734145679,71.91199999999999,-28.990228013029316,https://finance.naver.com/item/main.naver?code=014820
케이엠더블유,KOSDAQ,14730.0,621483755730,-21.77,4.56,-673.0,3211.0,0.62953,24322069200.0,-6264120700.0,-14945111640.0,,-319.55513,통신장비,40000.0,11500.0,0.0602950803,42191701,032500,90144.0,212285.25,0.42463619116259843,3285855124.75,-44.41509433962264,-21.229946524064168,1.0819734296188737,-20.959202740579258,-25.754883963573295,62.953,-63.175000000000004,https://finance.naver.com/item/main.naver?code=032500
카프로,KOSPI,3660.0,618539985360,-19.16,8.06,-191.0,454.0,2.6708,12364023680.0,-272943640.0,-3519164710.0,,-31.79194,화학,3660.0,3660.0,0.0007656746,168999996,006380,,,,,,,,-42.070484581497794,-2.207563225889907,267.08,0.0,https://finance.naver.com/item/main.naver?code=006380
솔루엠,KOSPI,12890.0,616351282040,45.94,1.29,281.0,9997.0,1.51509,491846718660.0,21825989790.0,5393351980.0,,250.96527,전자장비와기기,24350.0,11520.0,0.1903141435,47816236,248070,42048.0,96911.75,0.4338792767646854,1323484874.75,-29.0588882773803,-30.248917748917748,1.088732790399513,2.810843252975893,4.437559296819809,151.50900000000001,-47.063655030800824,https://finance.naver.com/item/main.naver?code=248070
NHN KCP,KOSDAQ,15300.0,614457348300,13.2,2.02,1195.0,7810.0,1.18032,383375286300.0,15440751570.0,12973130870.0,,33.41967,IT서비스,25500.0,10900.0,0.1045590915,40160611,060250,312418.0,655321.25,0.47674022473710415,9861965079.0,5.299380591878866,-28.504672897196258,1.7614811056409356,15.30089628681178,4.027581360035101,118.03200000000001,-40.0,https://finance.naver.com/item/main.naver?code=060250
RF머트리얼즈,KOSDAQ,33750.0,607123316250,80.31,11.03,424.0,3087.0,0.33402,25059802340.0,5290262130.0,5234561980.0,,40.34295,우주항공과국방,63420.571,3852.04,0.1096755049,17988839,327260,821829.0,490701.1,1.6748057014748898,17667322202.5,-48.07692307692307,-21.144859813084118,1.6748057014748898,13.735017816650469,21.11055010819371,33.402,-46.783828231379374,https://finance.naver.com/item/main.naver?code=327260
현대그린푸드,KOSPI,18680.0,606569245160,7.08,0.84,2654.0,22431.0,0.36388,594973411000.0,38127340000.0,30574126000.0,,34.32074,식품,19950.0,14650.0,0.1588578655,32471587,453340,23556.0,36884.3,0.6386457110477899,686868492.25,8.478513356562134,17.189460476787954,0.8102905572289564,11.831839864473274,6.408242670192197,36.388,-6.365914786967419,https://finance.naver.com/item/main.naver?code=453340
전진건설로봇,KOSPI,41500.0,605590617500,19.11,3.88,2172.0,10701.0,0.42007,47254266110.0,9608408670.0,9528508440.0,,176.74372,기계,74350.0,25600.0,0.0019975953,14592545,079900,157696.0,162776.6,0.968787897031883,6596184981.25,-18.145956607495073,-30.71786310517529,5.919100165502904,20.297168488926268,20.33342057970647,42.007,-44.18291862811029,https://finance.naver.com/item/main.naver?code=079900
현대바이오,KOSDAQ,6280.0,606054992160,-26.43,5.39,-235.0,1153.0,0.27103,520398890.0,-5538393300.0,-11559025750.0,,45.04075,화장품,21500.0,4565.0,0.0738156446,96505572,048410,807189.0,893885.25,0.9030118798805551,6294199662.5,-30.83700440528634,-59.94897959183674,0.9380958014465504,-20.38161318300087,-1064.2592454415112,27.102999999999998,-70.79069767441861,https://finance.naver.com/item/main.naver?code=048410
이엔에프테크놀로지,KOSDAQ,42200.0,602946679200,11.54,1.34,3635.0,31327.0,0.60771,179010795050.0,27254732720.0,15387720440.0,,30.41324,반도체와반도체장비,65000.0,33300.0,0.2246356971,14287836,102710,84219.0,76633.65,1.0989819746286391,3617473677.5,-9.149623250807315,-27.73972602739726,1.0989819746286391,11.60340919973186,15.225189471052516,60.771,-35.07692307692307,https://finance.naver.com/item/main.naver?code=102710
금호건설,KOSPI,16110.0,600258181140,9.12,2.35,1765.0,6840.0,4.05512,511651231360.0,16540377110.0,13582221570.0,,35.85997,건설,19380.0,3200.0,0.0,37259974,002990,2978365.0,13440918.1,0.2215894016942191,208672559279.25,334.2318059299191,224.7983870967742,1.4969067477615239,25.804093567251464,3.232744513491089,405.51199999999994,-16.87306501547987,https://finance.naver.com/item/main.naver?code=002990
LX세미콘,KOSPI,36550.0,594460165000,7.12,0.52,5081.0,69207.0,0.27208,401152905700.0,22006367300.0,17887139690.0,,15.94641,디스플레이장비및부품,67300.0,29500.0,0.290636732,16264300,108320,85972.0,89595.6,0.959556049627437,3374687763.75,-24.871531346351496,-37.41438356164384,0.981845090607128,7.341742887280188,5.485780356395409,27.208,-45.690936106983656,https://finance.naver.com/item/main.naver?code=108320
예스티,KOSDAQ,27450.0,594328871250,-969.64,4.26,-28.0,6379.0,0.68439,41945739920.0,4565708670.0,1931655300.0,,30.41324,반도체와반도체장비,44000.0,15200.0,0.0488351637,21651325,122640,347332.0,412908.25,0.8411844519938751,11424276778.75,-0.3629764065335772,18.83116883116882,1.3350738329883212,-0.4389402727700266,10.884797070472086,68.43900000000001,-37.61363636363636,https://finance.naver.com/item/main.naver?code=122640
미원상사,KOSPI,131800.0,593100000000,13.76,1.42,9449.0,91715.0,0.20439,130051444920.0,20307360800.0,18692204910.0,,-31.79194,화학,161900.0,109100.0,0.0289322222,4500000,002840,1828.0,5164.2,0.35397544634212463,659512257.5,3.4536891679748827,-6.986591390261109,0.5311568103481662,10.302567737011394,15.614867495314561,20.439,-18.591723285979,https://finance.naver.com/item/main.naver?code=002840
세진중공업,KOSPI,10360.0,588960364160,11.54,2.56,891.0,4019.0,1.04641,93498436620.0,20367628830.0,20623415280.0,,20.72131,조선,27400.0,8500.0,0.0240051374,56849456,075580,87001.0,142845.95,0.6090547194372679,1542717549.75,-30.423102753525853,-47.49113025848961,0.9985862392318438,22.16969395371983,21.78392448718572,104.641,-62.18978102189781,https://finance.naver.com/item/main.naver?code=075580
DI동일,KOSPI,28300.0,586252074300,-58.85,1.1,-469.0,25027.0,1.11321,180226705070.0,3346400680.0,6149202150.0,,9.12262,"섬유,의류,신발,호화품",35715.144,14981.313,0.0487517608,20715621,001530,80170.0,41194.65,1.946126499436213,1096409087.5,26.05790645879733,17.671517671517666,2.2141952899223565,-1.8739761058057298,1.85677293423317,111.321,-20.761904249917063,https://finance.naver.com/item/main.naver?code=001530
넥센타이어,KOSPI,5990.0,585030583230,4.14,0.3,1469.0,19967.0,1.31441,891293882270.0,34334021880.0,216140460.0,,10.29196,자동차부품,10110.0,5710.0,0.108380261,97667877,002350,150496.0,69584.6,2.162777396147998,445282259.25,-13.688760806916422,-33.29621380846325,2.162777396147998,7.3571392798116895,3.8521550033032965,131.441,-40.7517309594461,https://finance.naver.com/item/main.naver?code=002350
프로텍,KOSDAQ,64800.0,583200000000,11.34,1.55,5293.0,38739.0,0.23721,77314344470.0,23097012500.0,34943233830.0,,30.41324,반도체와반도체장비,101900.0,27250.0,0.0682154444,9000000,053610,36658.0,25567.3,1.4337845607475175,1610262852.5,-23.31360946745562,10.580204778156999,1.4337845607475175,13.663233434007074,29.87416197903902,23.721,-36.40824337585868,https://finance.naver.com/item/main.naver?code=053610
GKL,KOSPI,9420.0,582680411400,12.59,1.34,761.0,7137.0,0.40095,120451186020.0,20834975560.0,18014742930.0,,15.60994,"호텔,레스토랑,레저",17700.0,8990.0,0.1198430475,61855670,114090,42183.0,120794.4,0.3492132085593372,1133260387.0,-23.476848090982937,-27.981651376146786,1.2849271158265616,10.662743449628694,17.297443261821027,40.095,-46.77966101694915,https://finance.naver.com/item/main.naver?code=114090
에이치브이엠,KOSDAQ,47200.0,580523372800,45.71,6.4,1060.0,7571.0,1.09639,29152193590.0,2011205120.0,-8998967850.0,,29.9981,비철금속,144000.0,21950.0,0.0530903413,12299224,295310,61551.0,129138.8,0.4766266993343596,6515731008.75,-57.05186533212011,-37.06666666666667,1.5269462005222287,14.000792497688549,6.89898382360461,109.639,-67.22222222222223,https://finance.naver.com/item/main.naver?code=295310
나노신소재,KOSDAQ,47300.0,580001634300,345.59,2.28,136.0,20643.0,0.47852,36547748440.0,5339739830.0,6048713930.0,,-31.79194,화학,95300.0,33200.0,0.0632812684,12262191,121600,18613.0,49507.15,0.37596589583524803,2417730261.25,-14.77477477477478,-33.753501400560225,1.1880102167060718,0.6588189701109335,14.610311326746125,47.852,-50.36726128016789,https://finance.naver.com/item/main.naver?code=121600
한국단자,KOSPI,56900.0,575543500000,5.35,0.49,10428.0,114828.0,0.38091,395077399000.0,17838281000.0,25210175000.0,,10.29196,자동차부품,94000.0,53900.0,0.2815713297,10115000,025540,26025.0,29452.3,0.8836321781320984,1702244705.0,-25.229960578186596,-29.49194547707559,0.9241383525225534,9.081408715644269,4.515135779761474,38.091,-39.46808510638298,https://finance.naver.com/item/main.naver?code=025540
스카이랩스,KOSDAQ,30550.0,573178397350,-2.2,15.4,-10684.0,1526.0,,,,,,562.67204,건강관리기술,30550.0,8200.0,0.0015726488,18761977,386380,,,,,,,,-700.1310615989514,,,0.0,https://finance.naver.com/item/main.naver?code=386380
동운아나텍,KOSDAQ,27350.0,571886749600,564.42,8.57,52.0,3424.0,0.5289,26113542080.0,-5069646830.0,19334900320.0,,30.41324,반도체와반도체장비,56400.0,16280.0,0.0272573766,20909936,094170,217881.0,96769.15,2.2515543435072027,3107662877.5,-26.1808367071525,-6.655290102389078,3.064871397547669,1.5186915887850467,-19.413861261980127,52.89,-51.50709219858156,https://finance.naver.com/item/main.naver?code=094170
SK증권,KOSPI,2460.0,568985909100,17.61,0.84,138.0,2887.0,11.9167,1010726000000.0,22548000000.0,33501000000.0,,8.27693,증권,6190.0,1253.344,0.0052306862,231295085,001510,2452889.0,9078733.75,0.27017963821221214,26001607412.65,-14.583333333333337,15.764705882352947,0.33454522223432315,4.780048493245584,2.230871670462618,1191.67,-60.25848142164782,https://finance.naver.com/item/main.naver?code=001510
PI첨단소재,KOSPI,19340.0,567944667480,18.39,1.57,1035.0,12094.0,0.2924,77501049490.0,22983465580.0,17471381660.0,,-31.79194,화학,32150.0,14880.0,0.1461320897,29366322,178920,29114.0,40889.45,0.712017403022051,798506345.75,-14.801762114537443,-3.5411471321695753,0.7913777270176049,8.557962626095584,29.655683027835085,29.24,-39.84447900466564,https://finance.naver.com/item/main.naver?code=178920
가비아,KOSDAQ,42200.0,566352864800,34.42,3.13,1232.0,13565.0,0.68073,88761097960.0,12477291590.0,8716451850.0,,33.41967,IT서비스,47900.0,24900.0,0.4293760288,13420684,079940,7538.0,35585.3,0.21182904176724657,1536875016.25,36.12903225806452,32.288401253918494,1.1404428233006325,9.082196830077404,14.057162289298025,68.073,-11.899791231732781,https://finance.naver.com/item/main.naver?code=079940
지아이이노베이션,KOSDAQ,8770.0,565805372620,-13.39,4.44,-604.0,1824.0,0.09202,,-14384745240.0,-14253166320.0,,-71.79167,생물공학,21000.0,6470.0,0.0855410361,64516006,358570,402268.0,403969.9,0.9957870623529129,3354700899.0,-36.54124457308249,-45.66294919454771,1.391846273695144,-33.114035087719294,,9.202,-58.23809523809524,https://finance.naver.com/item/main.naver?code=358570
KG스틸,KOSPI,5650.0,565050268050,4.01,0.26,1394.0,21234.0,0.63214,896376295810.0,43109837880.0,93398852820.0,,44.0108,철강,7900.0,4825.0,0.0617749639,100008897,016380,123314.0,228209.9,0.5403534202503923,1276174125.75,-2.9209621993127155,-6.6115702479338845,1.0335791742601876,6.564943015917867,4.8093460393265195,63.214000000000006,-28.481012658227844,https://finance.naver.com/item/main.naver?code=016380
에스티큐브,KOSDAQ,8300.0,564261315300,-25.08,7.58,-321.0,1062.0,0.30703,1502008590.0,-6057902320.0,-5525384660.0,,-17.40575,판매업체,22500.0,6010.0,0.0566148967,67983291,052020,154579.0,128517.4,1.202786548747485,1094201428.5,-26.28774422735346,-7.054871220604708,1.202786548747485,-30.225988700564972,-403.3200848738155,30.703000000000003,-63.111111111111114,https://finance.naver.com/item/main.naver?code=052020
KG모빌리티,KOSPI,2730.0,552483509760,11.36,0.36,232.0,7336.0,1.54015,1233964507110.0,5222308100.0,14897226260.0,,7.5133,자동차,4670.0,2525.0,0.1780485271,202374912,003620,944631.0,425848.6,2.218232019548732,1169191263.95,-11.935483870967744,-32.509270704573545,2.4043779878576568,3.162486368593239,0.4232138015242333,154.015,-41.54175588865097,https://finance.naver.com/item/main.naver?code=003620
에프에스티,KOSDAQ,25500.0,552069619500,-42.02,2.17,-608.0,11763.0,1.11633,89302520310.0,9622218030.0,6999938380.0,,30.41324,반도체와반도체장비,51000.0,15000.0,0.0755377801,21649789,036810,63510.0,189935.6,0.33437649392741536,4846599947.5,-19.303797468354432,-42.111237230419974,1.2782332537976029,-5.168749468672957,10.77485606968084,111.63300000000001,-50.0,https://finance.naver.com/item/main.naver?code=036810
한양이엔지,KOSDAQ,31400.0,549500000000,11.75,0.78,2541.0,38303.0,0.40489,354702606140.0,28525210470.0,21874531130.0,,30.41324,반도체와반도체장비,39400.0,18820.0,0.1950795429,17500000,045100,125811.0,92589.7,1.3588012489510173,2928908450.0,0.0,-5.988023952095811,1.3588012489510173,6.633945121792027,8.042007579369516,40.489000000000004,-20.304568527918786,https://finance.naver.com/item/main.naver?code=045100
인카금융서비스,KOSDAQ,11050.0,544363409850,7.2,2.43,1480.0,4391.0,3.57111,338806116000.0,32329191000.0,21998071000.0,,9.16061,손해보험,17330.0,8100.0,0.0257615873,49263657,211050,90418.0,82404.2,1.097249897456683,885344171.0,12.410986775178024,-21.352313167259783,2.0213047393215393,33.705306308358004,9.542091914302988,357.111,-36.23773802654357,https://finance.naver.com/item/main.naver?code=211050
부국증권,KOSPI,52100.0,540271060600,10.2,0.56,5109.0,93587.0,7.70459,583134951810.0,24450365170.0,24392309200.0,,8.27693,증권,104600.0,44800.0,0.0107858466,10369886,001270,5816.0,2315.45,2.511822755835799,127294695.0,-10.327022375215144,-42.303433001107415,2.511822755835799,5.459091540491735,4.192917110200341,770.459,-50.19120458891013,https://finance.naver.com/item/main.naver?code=001270
아난티,KOSDAQ,5470.0,532236415300,-12.86,0.75,-444.0,7660.0,1.15971,55123302630.0,-5364779880.0,-9198407320.0,,15.60994,"호텔,레스토랑,레저",10480.0,3150.0,0.0481156461,97300990,025980,4167955.0,7741440.9,0.5383952488741469,40930900926.45,19.82475355969331,-36.395348837209305,1.2489127185612177,-5.796344647519582,-9.732326664114463,115.971,-47.80534351145038,https://finance.naver.com/item/main.naver?code=025980
와이지-원,KOSDAQ,14290.0,531498373120,19.38,1.24,736.0,11486.0,1.97651,213294648260.0,47746853000.0,30386443870.0,,176.74372,기계,28500.0,4900.0,0.2156426213,37193728,019210,368079.0,898023.85,0.4098766419176952,14413554970.5,0.21037868162692153,51.21693121693123,1.029259968986347,6.4078008009750995,22.385396628328888,197.651,-49.859649122807014,https://finance.naver.com/item/main.naver?code=019210
쿠쿠홈시스,KOSPI,23550.0,528399121500,4.41,0.49,5330.0,48373.0,0.23288,318271750680.0,54024014770.0,42770892680.0,,11.89363,가정용기기와용품,27950.0,20150.0,0.0952849114,22437330,284740,10226.0,15265.15,0.669891877904901,346855573.75,4.434589800443467,-9.77011494252874,0.9863643658922447,11.018543402311206,16.974178404013422,23.288,-15.742397137745979,https://finance.naver.com/item/main.naver?code=284740
인텍플러스,KOSDAQ,40600.0,526077666800,-148.7,10.66,-270.0,3765.0,1.83294,8960989870.0,-5117444750.0,-6094354380.0,,30.41324,반도체와반도체장비,54100.0,10960.0,0.0027817699,12957578,064290,687523.0,320781.2,2.143277099780162,10936494873.75,-7.727272727272727,152.80199252801992,2.143277099780162,-7.171314741035857,-57.10802962887402,183.294,-24.95378927911276,https://finance.naver.com/item/main.naver?code=064290
동국제강,KOSPI,10490.0,520388098330,63.31,0.28,166.0,38029.0,1.26785,995514578460.0,45563446840.0,11645015990.0,,44.0108,철강,17710.0,7760.0,0.2642359399,49608017,460860,60744.0,190333.0,0.31914591794381425,1924173968.25,14.895947426067902,2.142161635832518,1.3840111804048694,0.4365089799889558,4.576873892744379,126.785,-40.76792772444946,https://finance.naver.com/item/main.naver?code=460860
네패스,KOSDAQ,22550.0,519985005100,29.97,4.02,719.0,5360.0,1.77757,153704779820.0,14594820420.0,18272718840.0,,30.41324,반도체와반도체장비,41150.0,11400.0,0.1126241056,23059202,033640,109127.0,162036.5,0.673471717791979,3255834550.5,-28.526148969889064,20.395088093966905,1.2879814115955355,13.414179104477611,9.495358854221479,177.757,-45.20048602673147,https://finance.naver.com/item/main.naver?code=033640
HLB이노베이션,KOSDAQ,16300.0,517582767200,-14.42,2.29,-1155.0,7280.0,0.20642,10589385980.0,-9233286200.0,-8408744730.0,,30.41324,반도체와반도체장비,29100.0,7460.0,0.0,31753544,024850,205236.0,167589.55,1.224634829558287,2403438713.25,16.84587813620071,517.4242424242424,3.2835161858242357,-15.865384615384615,-87.19378269371573,20.642,-43.986254295532646,https://finance.naver.com/item/main.naver?code=024850
위메이드,KOSDAQ,15200.0,516016941600,-27.44,1.26,-551.0,12033.0,1.08178,108274192350.0,-20961901130.0,3457086680.0,,18.03224,게임엔터테인먼트,34850.0,12570.0,0.0740363863,33948483,112040,47751.0,236844.95,0.201612911738249,3921057408.75,-15.036333147009506,-41.53846153846153,0.7077414992382147,-4.579074212582066,-19.360016154394337,108.178,-56.3845050215208,https://finance.naver.com/item/main.naver?code=112040
신풍제약,KOSPI,9820.0,514749886040,58.2,1.9,172.0,5267.0,0.31819,63887734790.0,-8028496490.0,-7979206790.0,,47.06703,제약,15900.0,6310.0,0.0453285196,52418522,019170,306481.0,805114.2,0.38066773632858547,8269117639.5,8.990011098779128,-19.7056418642682,1.5035494343535365,3.2656161002468194,-12.566569336649353,31.818999999999996,-38.23899371069183,https://finance.naver.com/item/main.naver?code=019170
동성화인텍,KOSDAQ,17120.0,513420137280,9.18,1.98,1869.0,8649.0,0.74618,224533797660.0,35940409070.0,26571928310.0,,-31.79194,화학,34300.0,14050.0,0.1606008758,29989494,033500,59566.0,110602.95,0.5385570638034519,1932716365.25,-5.67493112947658,-41.86757215619694,1.4175842506913243,21.609434616718694,16.00668115203873,74.618,-50.08746355685132,https://finance.naver.com/item/main.naver?code=033500
애경케미칼,KOSPI,10550.0,513243879950,-172.79,0.71,-61.0,14790.0,1.11819,503302782000.0,42845427000.0,16155636000.0,,-31.79194,화학,19960.0,7000.0,0.0,48648709,161000,125490.0,324042.25,0.38726431507002557,3360628539.75,0.764087870105068,0.764087870105068,1.549905915046572,-0.4124408384043272,8.512853203342715,111.819,-47.14428857715431,https://finance.naver.com/item/main.naver?code=161000
가온칩스,KOSDAQ,43050.0,510523234200,-33.98,8.93,-1239.0,4714.0,1.32786,21310472300.0,328112080.0,729241980.0,,30.41324,반도체와반도체장비,83200.0,34950.0,0.0020700163,11858844,399720,35710.0,78881.85,0.45270236435884803,3622924705.0,-14.243027888446214,-38.146551724137936,0.6066414517407996,-26.2834111158252,1.5396753079001446,132.786,-48.25721153846154,https://finance.naver.com/item/main.naver?code=399720
쏠리드,KOSDAQ,8400.0,510354885600,13.97,1.45,610.0,5886.0,0.59985,70130784810.0,3536137930.0,-187511460.0,,-319.55513,통신장비,20900.0,6220.0,0.1770708316,60756534,050890,420351.0,575160.85,0.7308407726290829,5509851153.0,-32.367149758454104,-0.11890606420927874,0.9233869099400629,10.36357458375807,5.042204988266122,59.985,-59.80861244019139,https://finance.naver.com/item/main.naver?code=050890
솔루스첨단소재,KOSPI,7260.0,509741283480,-10.12,0.98,-736.0,7584.0,1.16121,101870141990.0,-21675841070.0,59273096010.0,,250.96527,전자장비와기기,16900.0,5330.0,0.0290550382,70212298,336370,150879.0,84776.8,1.779720395202461,644676331.5,-35.120643431635386,-18.882681564245807,1.779720395202461,-9.70464135021097,-21.27791386815559,116.12100000000001,-57.04142011834319,https://finance.naver.com/item/main.naver?code=336370
현대차증권,KOSPI,8200.0,507030960800,7.85,0.34,1009.0,23342.0,7.94166,1042300000000.0,19120000000.0,32724000000.0,,8.27693,증권,14880.0,6560.0,0.02885179,61833044,001500,244807.0,88789.15,2.7571724698344338,709989265.25,-7.657657657657657,-37.16475095785441,2.7571724698344338,4.322680147373833,1.8344046819533726,794.1659999999999,-44.892473118279575,https://finance.naver.com/item/main.naver?code=001500
하나투어,KOSPI,32800.0,508069769600,15.76,3.31,2062.0,9807.0,2.5637,115435401980.0,5440143060.0,6947813450.0,,15.60994,"호텔,레스토랑,레저",53400.0,28600.0,0.1144748731,15489932,039130,19888.0,27130.0,0.7330630298562477,872952508.75,-4.927536231884055,-31.808731808731807,1.021747143383708,21.02579789945957,4.712716347574675,256.37,-38.57677902621723,https://finance.naver.com/item/main.naver?code=039130
메디톡스,KOSDAQ,69400.0,506515691800,29.35,1.08,2371.0,64588.0,0.50751,68702321980.0,4764632330.0,3127722620.0,,-71.79167,생물공학,141100.0,65600.0,0.1460214343,7298497,086900,11139.0,36556.75,0.3047043295697785,2588061870.0,-16.58653846153846,-46.118012422360245,1.640627243942637,3.6709605499473588,6.935183837581263,50.751000000000005,-50.81502480510276,https://finance.naver.com/item/main.naver?code=086900
우리기술투자,KOSDAQ,6030.0,506520000000,4.38,0.62,1420.0,9971.0,0.21217,85401278590.0,75773788100.0,60451358120.0,,14.36921,창업투자,13140.0,3725.0,0.0119086905,84000000,041190,1837407.0,6968195.5,0.26368476602012675,44306329651.35,15.07633587786259,-23.37992376111817,2.110112869250009,14.241299769331059,88.72676071254122,21.217,-54.10958904109589,https://finance.naver.com/item/main.naver?code=041190
태영건설,KOSPI,1699.0,505605542522,8.83,0.83,191.0,2037.0,5.10139,320064703530.0,37170590680.0,-11465821050.0,,35.85997,건설,2275.0,1510.0,0.0051945784,297590078,009410,286787.0,332841.1,0.8616333740033909,550734826.45,-2.636103151862468,-9.095773140716956,0.9590372102483739,9.37653411880216,11.61346136266974,510.139,-25.318681318681325,https://finance.naver.com/item/main.naver?code=009410
월덱스,KOSDAQ,30200.0,498631988600,11.89,1.41,2482.0,20992.0,0.22079,75412635610.0,16531239360.0,15049602870.0,,30.41324,반도체와반도체장비,35400.0,20700.0,0.2032583988,16510993,101160,33436.0,64187.2,0.5209138270558616,1856963355.0,17.50972762645915,-2.4232633279482996,0.8993537652366828,11.823551829268293,21.92104708485735,22.078999999999997,-14.689265536723163,https://finance.naver.com/item/main.naver?code=101160
에이프릴바이오,KOSDAQ,18180.0,501018656760,-41.49,4.29,-429.0,4150.0,0.01506,,-2915112840.0,-1985455620.0,,47.06703,제약,76700.0,16600.0,0.103049547,27558782,397030,167918.0,313000.7,0.536478033435708,6807287707.25,-57.81902552204177,-74.81994459833795,0.6651582568345693,-10.337349397590362,,1.506,-76.29726205997393,https://finance.naver.com/item/main.naver?code=397030
네오셈,KOSDAQ,11460.0,502740619440,89.6,4.02,126.0,2805.0,0.35658,36000174210.0,11417108680.0,8799651570.0,,30.41324,반도체와반도체장비,21400.0,6700.0,0.0,43869164,253590,365808.0,489136.05,0.7478655478368442,5429544942.75,-12.718964204112716,-36.04910714285714,2.3985433091672554,4.491978609625669,31.71403730826557,35.658,-46.44859813084112,https://finance.naver.com/item/main.naver?code=253590
삼지전자,KOSDAQ,30250.0,493635290500,5.96,0.92,5030.0,32565.0,1.52143,2690378225730.0,158401255460.0,113401741930.0,,-319.55513,통신장비,64500.0,11150.0,0.0561952853,16318522,037460,61771.0,73639.0,0.8388353997202569,2434287220.0,-26.932367149758452,28.72340425531914,0.9875745189369763,15.446031014893292,5.887694672261921,152.143,-53.100775193798455,https://finance.naver.com/item/main.naver?code=037460
서희건설,KOSDAQ,2365.0,490946887640,3.5,0.4,664.0,5846.0,0.47296,200542329430.0,36427105910.0,150188955090.0,,35.85997,건설,4000.0,1623.0,0.0393465032,207588536,035890,262206.0,290205.35,0.9035188358863819,629325838.3,2.1598272138228847,-29.402985074626862,1.6556276443559708,11.358193636674649,18.164297788669604,47.296,-40.87499999999999,https://finance.naver.com/item/main.naver?code=035890
세미파이브,KOSDAQ,14380.0,489285827200,-7.32,2.22,-1979.0,6513.0,0.56543,46801507510.0,-11038068320.0,-12232124310.0,,30.41324,반도체와반도체장비,51300.0,12630.0,0.0575322171,34025440,490470,162115.0,205977.6,0.7870516017275665,3270108217.25,-46.641929499072354,-47.42230347349178,1.0620863627889634,-30.38538307999386,-23.58485635882886,56.543,-71.96881091617934,https://finance.naver.com/item/main.naver?code=490470
천보,KOSDAQ,39950.0,489508348750,-6.9,1.09,-5752.0,36443.0,0.88198,51002936720.0,-3812961740.0,-2807709910.0,,-78.68198,전기제품,80600.0,25900.0,0.0423952453,12253025,278280,26239.0,36889.8,0.7112806249966115,1417658178.75,-6.76779463243874,-25.88126159554731,1.081870869454429,-15.78355239689378,-7.475965082035771,88.198,-50.43424317617866,https://finance.naver.com/item/main.naver?code=278280
성우하이텍,KOSDAQ,6090.0,487200000000,2.83,0.28,2110.0,21208.0,1.47204,1126339978030.0,65055337050.0,16133391190.0,,10.29196,자동차부품,11990.0,4880.0,0.0652449625,80000000,015750,217717.0,204961.8,1.0622320842225235,1241362097.75,-7.866868381240543,-31.418918918918916,1.0622320842225235,9.949075820445115,5.77581709953895,147.204,-49.20767306088407,https://finance.naver.com/item/main.naver?code=015750
바이오노트,KOSPI,4780.0,487015309440,-5.54,0.32,-865.0,15047.0,0.04095,36367636560.0,8457087990.0,9072183450.0,,-32.98986,건강관리장비와용품,6320.0,4050.0,0.0056212014,101886048,377740,35142.0,64919.8,0.5413140521073694,313160833.4,-0.6237006237006182,-14.946619217081846,1.0561184723304755,-5.7486542167874,23.254433859201544,4.095,-24.367088607594933,https://finance.naver.com/item/main.naver?code=377740
한솔테크닉스,KOSPI,9170.0,487108721890,-20.53,0.93,-412.0,9050.0,1.16071,335110968130.0,14233351620.0,10675506830.0,,250.96527,전자장비와기기,16430.0,4229.091,0.0635829186,53119817,004710,1229783.0,842579.75,1.459544927349607,6565482883.25,-20.53726169844021,47.90322580645161,4.895267183907517,-4.552486187845304,4.24735474921204,116.071,-44.18746195982958,https://finance.naver.com/item/main.naver?code=004710
삼양사,KOSPI,47050.0,485247775450,-1.49,0.29,-31276.0,160164.0,1.27212,705531575520.0,43080556720.0,36713288840.0,,34.32074,식품,54000.0,40750.0,0.0530767157,10313449,145990,6429.0,7914.4,0.812316789649247,360684520.0,7.665903890160175,-7.925636007827785,2.1769180228444354,-19.527484328563222,6.106113208079768,127.21199999999999,-12.870370370370365,https://finance.naver.com/item/main.naver?code=145990
삼천리,KOSPI,133400.0,483812051800,4.2,0.28,32566.0,491062.0,1.19641,1157298325450.0,28065612760.0,32194708110.0,,9.33717,가스유틸리티,161900.0,107600.0,0.1202671132,3626777,004690,5260.0,8318.2,0.6323483445937823,1061586482.5,11.166666666666657,-12.524590163934423,1.11334182876103,6.631749147765455,2.42509750017024,119.64099999999999,-17.603458925262505,https://finance.naver.com/item/main.naver?code=004690
에코프로에이치엔,KOSDAQ,22750.0,477179703000,36.37,1.58,631.0,14535.0,0.46928,51527505750.0,5762214320.0,5072378450.0,,15.16342,상업서비스와공급품,46900.0,20000.0,0.0823307079,20974932,383310,75600.0,165277.3,0.4574130869756464,4051979448.75,-16.20626151012892,-40.36697247706422,3.986524465247194,4.34124527003784,11.182793027003834,46.928,-51.49253731343284,https://finance.naver.com/item/main.naver?code=383310
현대힘스,KOSDAQ,13370.0,474777671270,21.95,1.86,604.0,7122.0,0.26852,72768240800.0,12183282680.0,8714265380.0,,20.72131,조선,33450.0,10380.0,0.0109483428,35510671,460930,86856.0,300055.5,0.28946644870698923,4377703472.5,0.45078888054095323,-31.54121863799283,0.9497976207734903,8.480763830384722,16.74258240416333,26.851999999999997,-60.029895366218234,https://finance.naver.com/item/main.naver?code=460930
일동제약,KOSPI,15040.0,475839310080,15.96,1.92,942.0,7821.0,1.24604,147860721010.0,1980086310.0,5102288430.0,,47.06703,제약,45050.0,11250.0,0.0586751443,31638252,249420,410712.0,519043.7,0.7912859745720833,8174570873.5,-19.009154550350026,-61.23711340206186,7.405998762724603,12.044495588799386,1.3391564010201764,124.604,-66.61487236403995,https://finance.naver.com/item/main.naver?code=249420
아이에스동서,KOSPI,15710.0,474237392960,-8.7,0.38,-1810.0,41857.0,1.14339,113793757500.0,5098559700.0,6167495380.0,,35.85997,건설,34450.0,14320.0,0.0693946952,30186976,010780,98587.0,153031.8,0.6442255792586901,2459446312.75,-36.138211382113816,-49.56661316211878,0.7301162242096088,-4.324246840432902,4.480526710790792,114.33899999999998,-54.39767779390421,https://finance.naver.com/item/main.naver?code=010780
아이센스,KOSDAQ,16480.0,473920452320,-88.07,1.44,-187.0,11419.0,0.64609,88674090940.0,6607677160.0,3969941330.0,,-32.98986,건강관리장비와용품,27600.0,14000.0,0.2532928585,28757309,099190,19680.0,42988.7,0.45779472279924727,776741668.5,-0.6630500301386344,-29.872340425531917,1.7922151635197157,-1.6376215080129608,7.451643529642707,64.60900000000001,-40.289855072463766,https://finance.naver.com/item/main.naver?code=099190
로킷헬스케어,KOSDAQ,27050.0,470921294500,-114.41,34.32,-222.0,740.0,15.09902,8215797440.0,-13452986170.0,-9342591750.0,,-32.98986,건강관리장비와용품,153800.0,15960.0,0.0540113928,17409290,376900,146617.0,153707.5,0.9538701754956654,4616687855.0,-46.43564356435643,-60.27900146842878,2.1868288795276745,-30.0,-163.74534874121727,1509.902,-82.41222366710012,https://finance.naver.com/item/main.naver?code=376900
성일하이텍,KOSDAQ,36300.0,469036474500,-5.85,3.58,-6364.0,10382.0,3.0814,76814493290.0,6330532520.0,9298405090.0,,-78.68198,전기제품,85500.0,23800.0,0.0305319626,12921115,365340,36002.0,53971.7,0.6670532890385147,1935486640.0,-28.962818003913892,-42.38095238095239,1.0750819410913497,-61.29840107879021,8.24132562601195,308.14,-57.54385964912281,https://finance.naver.com/item/main.naver?code=365340
엠앤씨솔루션,KOSPI,17050.0,468221985000,9.98,2.34,1660.0,7090.0,0.94423,93508776250.0,12509247200.0,9896897460.0,,40.34295,우주항공과국방,76666.667,13010.0,0.0732835913,27461700,484870,80656.0,170485.35,0.4730963686909168,3010860490.0,-76.31944444444446,-87.00457317073172,1.4706659545820213,23.413258110014105,13.377618338792024,94.423,-77.76086966190925,https://finance.naver.com/item/main.naver?code=484870
유진로봇,KOSDAQ,12210.0,466855284060,-63.92,15.52,-186.0,766.0,0.53985,8203314920.0,-2954307100.0,-2899773090.0,,176.74372,기계,49450.0,9250.0,0.2040450329,38235486,056080,496174.0,289165.2,1.7158842073665848,3738026571.0,-35.66912539515279,-66.59370725034199,2.2318799080940583,-24.281984334203656,-36.013576570092226,53.98500000000001,-75.30839231547017,https://finance.naver.com/item/main.naver?code=056080
한국기업평가,KOSDAQ,103200.0,468581044800,18.37,3.5,5656.0,29647.0,0.37152,42983101350.0,20867118650.0,16628608770.0,,15.16342,상업서비스와공급품,115000.0,92400.0,0.8085128688,4540514,034950,735.0,1121.8,0.6551970048136923,115441785.0,3.096903096903092,0.6829268292682933,1.0652522731324656,19.07781563058657,48.547261585627766,37.152,-10.26086956521739,https://finance.naver.com/item/main.naver?code=034950
티앤엘,KOSDAQ,29000.0,466033480000,12.4,2.34,2391.0,12698.0,0.12938,56017242490.0,24958923590.0,19948377450.0,,-32.98986,건강관리장비와용품,35800.0,21812.805,0.131790304,16070120,340570,77482.0,92869.15,0.8343136552881124,2929714648.75,-51.01351351351351,-46.983546617915906,1.0177976217075315,18.82973696645141,44.55578761210101,12.937999999999999,-18.99441340782123,https://finance.naver.com/item/main.naver?code=340570
엔켐,KOSDAQ,21250.0,465608622500,-6.56,0.96,-3154.0,21543.0,1.37562,102320994520.0,-11950418670.0,-27757910630.0,,-78.68198,전기제품,105000.0,14020.0,0.0277340681,21910994,348370,121792.0,367554.0,0.3313581133656551,8106112164.75,-39.11174785100287,-72.03947368421053,0.7204682849322821,-14.64048646892262,-11.67934178714822,137.562,-79.76190476190477,https://finance.naver.com/item/main.naver?code=348370
고려제강,KOSPI,17170.0,463590000000,48.37,0.26,356.0,67342.0,0.38861,483129826870.0,5338049300.0,26734280270.0,,44.0108,철강,28300.0,15300.0,0.0681532593,27000000,002240,6933.0,18792.05,0.3689326071397213,322161273.5,-5.295091009376729,-26.93617021276595,0.8985182563903353,0.5286448278934395,1.104889204333136,38.861000000000004,-39.328621908127204,https://finance.naver.com/item/main.naver?code=002240
대덕,KOSPI,14760.0,461797566480,140.97,0.82,103.0,17702.0,0.32226,481519040900.0,67413498950.0,58252050800.0,,250.96527,전자장비와기기,24350.0,8020.0,0.150580025,31287098,008060,75217.0,71889.2,1.046290680658569,1123570026.5,-24.770642201834857,19.32093775262733,1.7475643072951152,0.5818551576093097,14.00017304071682,32.226,-39.383983572895275,https://finance.naver.com/item/main.naver?code=008060
한화갤러리아,KOSPI,2380.0,461385871800,135.29,0.55,17.0,4193.0,1.40484,150903680820.0,15135023480.0,5085497810.0,,36.09319,백화점과일반상점,4120.0,999.0,0.0165051297,193859610,452260,2495469.0,1145579.95,2.1783455620011507,2387418563.25,-6.299212598425196,-24.444444444444446,2.8611708855414237,0.4054376341521584,10.029591987257929,140.484,-42.23300970873787,https://finance.naver.com/item/main.naver?code=452260
비나텍,KOSDAQ,64200.0,460982578800,-63.67,5.02,-933.0,11841.0,1.94717,35384414520.0,497894840.0,-38637148640.0,,52.37524,전기장비,204500.0,43142.21,0.1195034158,7180414,126340,111183.0,75335.35,1.4758410228398753,5059010837.5,-38.20981713185756,-48.05825242718447,1.4758410228398753,-7.879402077527235,1.4071021006114983,194.717,-68.60635696821515,https://finance.naver.com/item/main.naver?code=126340
NICE,KOSPI,12540.0,460934748780,11.7,0.58,1079.0,21761.0,1.70692,802368727420.0,74856224570.0,-14552091320.0,,33.41967,IT서비스,15430.0,10660.0,0.0889967361,36757157,034310,9036.0,55427.0,0.16302524040630018,727610397.0,1.292407108239102,-16.344229486324213,0.8430367871254082,4.9584118376912825,9.329404550785354,170.692,-18.729747245625404,https://finance.naver.com/item/main.naver?code=034310
덕산하이메탈,KOSDAQ,10070.0,457550610140,-4.31,2.21,-2333.0,4544.0,0.99162,90753036170.0,10078195950.0,12438888740.0,,30.41324,반도체와반도체장비,21100.0,4490.0,0.0572364788,45437002,077360,499579.0,810088.4,0.6166968938204769,8063669693.75,-29.87465181058496,-14.005123825789923,1.0259448228119301,-51.342429577464785,11.105078546486716,99.16199999999999,-52.274881516587676,https://finance.naver.com/item/main.naver?code=077360
젬백스,KOSDAQ,10380.0,459514327140,-38.4,7.82,-275.0,1351.0,1.20665,22705381330.0,997171660.0,-9865224650.0,,30.41324,반도체와반도체장비,61000.0,8980.0,0.0719062189,44269203,082270,54814.0,210417.05,0.2605017036404607,2366317390.75,-19.597211463981413,-77.72532188841201,0.7522346691962463,-20.355292376017765,4.391785566192911,120.665,-82.98360655737704,https://finance.naver.com/item/main.naver?code=082270
명신산업,KOSPI,8610.0,451767845130,6.63,0.6,1302.0,14406.0,0.91115,497054350040.0,44136149520.0,30217492180.0,,10.29196,자동차부품,14940.0,5390.0,0.0560261778,52470133,009900,326232.0,265763.75,1.2275263274242632,2189639053.75,8.030112923462983,-24.60595446584939,5.515503901491456,9.037900874635568,8.87954194877244,91.115,-42.36947791164659,https://finance.naver.com/item/main.naver?code=009900
원텍,KOSDAQ,5050.0,450867262300,12.48,2.8,393.0,1749.0,0.61117,47493484530.0,11088331790.0,15446428880.0,,-32.98986,건강관리장비와용품,11430.0,4130.0,0.0326340045,89280646,336570,369246.0,527266.05,0.7003030064234175,2665553336.45,-32.03230148048453,-34.75452196382429,0.7332066989710412,22.46998284734134,23.34705886445515,61.117,-55.818022747156604,https://finance.naver.com/item/main.naver?code=336570
유니드,KOSPI,64600.0,437186960000,6.59,0.4,9830.0,162961.0,0.42625,399849385220.0,24243282160.0,43059042210.0,,-31.79194,화학,101600.0,55800.0,0.1223285951,6767600,014830,7087.0,12134.95,0.5840155913291772,773865782.5,-11.50684931506849,-21.315468940316684,1.4907354377232702,6.032118114150011,6.0631035225079,42.625,-36.417322834645674,https://finance.naver.com/item/main.naver?code=014830
세아제강지주,KOSPI,105500.0,436944813500,6.58,0.2,15656.0,510476.0,1.44088,1166898744310.0,-50795879560.0,-74622910590.0,,44.0108,철강,260000.0,94200.0,0.0836095312,4141657,003030,8819.0,22640.35,0.3895257802993329,2371592627.5,-21.26865671641791,-25.704225352112676,1.2553692853688216,3.066941442888598,-4.353066605623623,144.088,-59.42307692307692,https://finance.naver.com/item/main.naver?code=003030
아이쓰리시스템,KOSDAQ,59700.0,436240735500,22.51,3.13,2657.0,19122.0,0.39699,39475966070.0,4759291460.0,3830778130.0,,40.34295,우주항공과국방,137900.0,49250.0,0.0445274978,7307215,214430,8565.0,24237.15,0.35338313291785545,1587363010.0,-18.442622950819676,-43.41232227488152,0.8550510270390701,13.894990063800858,12.056174766085972,39.699,-56.70775924583032,https://finance.naver.com/item/main.naver?code=214430
디어유,KOSDAQ,18360.0,435837134160,23.01,2.04,785.0,8842.0,0.26447,23352262000.0,9405775550.0,4532356890.0,,20.01555,양방향미디어와서비스,50300.0,17610.0,0.033483672,23738406,376300,31963.0,73613.3,0.43420142827451014,1394858911.25,-22.20338983050848,-52.1875,1.0610446753507858,8.878081881927166,40.27779214707338,26.447,-63.49900596421472,https://finance.naver.com/item/main.naver?code=376300
앱클론,KOSDAQ,21850.0,435954018650,-22.13,7.31,-976.0,2954.0,0.21537,1684169880.0,-6254858540.0,-6058717130.0,,-71.79167,생물공학,95800.0,11820.0,0.0751419059,19952129,174900,95746.0,234584.3,0.4081517816835995,6777499412.5,-26.43097643097643,-64.64401294498381,0.8892709358639943,-33.03994583615437,-371.3911888746045,21.537,-77.19206680584551,https://finance.naver.com/item/main.naver?code=174900
브이티,KOSDAQ,12350.0,431531699300,7.18,1.77,1728.0,6998.0,0.36806,131668235840.0,10678686240.0,3222848790.0,,45.04075,화장품,32350.0,10290.0,0.0689266546,34941838,018290,160583.0,279734.7,0.5740546310486329,3693633314.75,0.0,-28.612716763005785,0.8010161056172151,24.692769362675048,8.110297955975105,36.806,-61.82380216383307,https://finance.naver.com/item/main.naver?code=018290
아세아,KOSPI,207500.0,427211790000,11.03,0.29,18725.0,722172.0,0.61333,508745051000.0,36403767000.0,25661370000.0,,7.5794,건축자재,402000.0,157800.0,0.0533311768,2058852,002030,1330.0,5418.9,0.24543726586576614,1037316527.5,7.3460941541645175,-28.81646655231561,0.5864658879108307,2.5928726120647156,7.155601205052312,61.333000000000006,-48.38308457711443,https://finance.naver.com/item/main.naver?code=002030
케이씨,KOSPI,38750.0,427045731250,9.63,0.49,3947.0,77202.0,0.22074,250415628920.0,22174308420.0,25460061230.0,,30.41324,반도체와반도체장비,43000.0,21900.0,0.1396637278,11020535,029460,17465.0,33570.3,0.5202515318600072,1213458220.0,23.21144674085851,10.556348074179734,1.3165804297250843,5.112561850729256,8.855001788679893,22.073999999999998,-9.883720930232553,https://finance.naver.com/item/main.naver?code=029460
오킨스전자,KOSDAQ,20150.0,424982743250,45.61,7.72,424.0,2506.0,0.795,35083034140.0,8394249820.0,8810271020.0,,30.41324,반도체와반도체장비,27500.0,6270.0,0.0752546293,21090955,080580,162815.0,423061.75,0.38484925663924946,7559465844.25,9.095831077422844,26.332288401253923,0.46983448633680547,16.919393455706306,23.926806861979127,79.5,-26.727272727272723,https://finance.naver.com/item/main.naver?code=080580
드림텍,KOSPI,6450.0,424970047050,6300.0,1.12,1.0,5644.0,0.84621,257336437900.0,104648000.0,-4986530520.0,,94.7569,핸드셋,9120.0,3565.0,0.5876027666,65886829,192650,517870.0,574754.45,0.9010282565015374,3331558935.0,42.85714285714286,-17.201540436456998,1.487621365958976,0.01771793054571226,0.04066583063556115,84.621,-29.276315789473685,https://finance.naver.com/item/main.naver?code=192650
DB증권,KOSPI,9980.0,423614962220,4.9,0.36,2029.0,27483.0,10.06084,1266119918000.0,47540149000.0,40408052000.0,,8.27693,증권,19350.0,7550.0,0.0946669221,42446389,016610,62863.0,55447.15,1.133746279114436,530924044.0,-3.5748792270531404,-36.148432501599494,1.2898949720589787,7.382745697340173,3.7547903894518777,1006.0840000000001,-48.423772609819125,https://finance.naver.com/item/main.naver?code=016610
뉴로메카,KOSDAQ,18080.0,423224305920,-13.86,22.42,-1244.0,769.0,1.48097,2822194670.0,-5266954960.0,-4579129890.0,,176.74372,기계,88302.605,14700.0,0.0501451529,23408424,348340,586161.0,373688.95,1.5685799647005885,7563853189.5,-60.567066521265,-77.8702570379437,1.5685799647005885,-161.76853055916774,-186.6262103032035,148.09699999999998,-79.52495285954474,https://finance.naver.com/item/main.naver?code=348340
쏘카,KOSPI,11150.0,423030353300,-20.23,2.26,-560.0,5020.0,2.09698,120992525210.0,6811456130.0,6464833190.0,,14.30449,도로와철도운송,21000.0,9000.0,0.0031950233,37939942,403550,14122.0,18766.4,0.7525151334299599,203752366.75,-0.44642857142856984,-5.428329092451234,1.1350605337198396,-11.155378486055776,5.6296503591256855,209.69799999999998,-46.904761904761905,https://finance.naver.com/item/main.naver?code=403550
조광피혁,KOSPI,63600.0,422885176800,19.74,0.39,3248.0,162644.0,0.15358,21301429930.0,-1445886840.0,587452110.0,,9.12262,"섬유,의류,신발,호화품",84300.0,57600.0,0.0062170465,6649138,004700,1080.0,886.85,1.2177933134126402,57007960.0,4.6052631578947345,-16.535433070866144,2.9835936178609685,1.9969995819089548,-6.787745445969692,15.357999999999999,-24.555160142348754,https://finance.naver.com/item/main.naver?code=004700
유진투자증권,KOSPI,4345.0,420884586210,6.19,0.35,703.0,12331.0,11.37046,1501779433860.0,87588776890.0,67516856640.0,,8.27693,증권,6920.0,3105.0,0.1091036111,96866418,001200,307845.0,400940.1,0.7678079593435528,1749590428.35,-1.1376564277588153,-18.018867924528305,1.1111335583544775,5.701078582434515,5.832332958833505,1137.046,-37.21098265895954,https://finance.naver.com/item/main.naver?code=001200
한컴,KOSDAQ,17380.0,420243950720,12.2,1.13,1427.0,15357.0,0.45194,119951671880.0,14337143760.0,24144238030.0,,161.19616,소프트웨어,27800.0,14800.0,0.0542047509,24179744,030520,47939.0,111590.85,0.4295961541649696,1999370845.25,-12.619406737053795,-23.6043956043956,1.1962091874020135,9.29217946213453,11.952433455319339,45.194,-37.482014388489205,https://finance.naver.com/item/main.naver?code=030520
신대양제지,KOSPI,10410.0,419500306200,13.64,0.52,770.0,20359.0,0.29568,174536333480.0,14766524150.0,14530743950.0,,17.74109,포장재,18150.0,8200.0,0.0193658118,40297820,016590,5278.0,9721.75,0.5429063697379587,97311790.25,10.158730158730167,-31.105228325612178,1.2818679764445702,3.7821111056535193,8.46042990337716,29.568,-42.64462809917355,https://finance.naver.com/item/main.naver?code=016590
흥아해운,KOSPI,1739.0,418098899361,13.57,1.62,127.0,1062.0,0.70802,49963892320.0,3141141300.0,2171035810.0,,10.21966,해운사,4795.0,1524.0,0.0216242786,240424899,003280,3432692.0,8017290.25,0.4281611233920339,14383349230.35,-6.050783360345758,-3.1737193763919813,3.002807214070864,11.958568738229754,6.2868226516104215,70.80199999999999,-63.73305526590198,https://finance.naver.com/item/main.naver?code=003280
마키나락스,KOSDAQ,23450.0,416348559200,-22.15,23.92,-1052.0,974.0,0.11983,3992151500.0,-1802194750.0,-1546819520.0,,161.19616,소프트웨어,83600.0,13420.0,0.0,17754736,477850,555749.0,1410501.35,0.39400813051331,39550632527.5,16.666666666666675,-60.916666666666664,0.6800376334272916,-108.00821355236138,-45.143445833656365,11.983,-71.94976076555024,https://finance.naver.com/item/main.naver?code=477850
일진하이솔루스,KOSPI,11490.0,417238553100,-194.91,1.24,-55.0,8677.0,0.08217,25881611990.0,-646390460.0,966208040.0,,10.29196,자동차부품,21200.0,8000.0,0.0328434379,36313190,271940,132642.0,34511.05,3.843464629444772,380047723.5,-6.585365853658532,-28.277153558052436,3.843464629444772,-0.633859628903999,-2.4974891836325686,8.217,-45.80188679245283,https://finance.naver.com/item/main.naver?code=271940
한전산업,KOSPI,12730.0,414998000000,96.0,3.79,125.0,3167.0,1.17041,124664357570.0,15923944470.0,11783967530.0,,3.11688,전기유틸리티,27800.0,8810.0,0.0220916258,32600000,130660,1806563.0,603143.3,2.995246734896997,8031540859.25,0.8716323296354966,-47.06860706860707,2.995246734896997,3.9469529523208084,12.77345408133883,117.041,-54.20863309352518,https://finance.naver.com/item/main.naver?code=130660
페니트리움바이오,KOSDAQ,6470.0,413861656910,-18.81,15.31,-311.0,382.0,0.48833,2115649290.0,-1858687390.0,-1510311800.0,,47.06703,제약,20884.542,2234.16,0.016072006,63966253,187660,2792775.0,1401252.1,1.9930567811459479,6195493778.8,2.0504731861198833,-65.34547402249598,2.806861092304518,-81.41361256544502,-87.85422984732976,48.833,-69.02014896951056,https://finance.naver.com/item/main.naver?code=187660
자이에스앤디,KOSPI,10620.0,411870362400,12.55,0.95,895.0,11817.0,0.79968,303336739840.0,9035841110.0,9852411010.0,,35.85997,건설,11920.0,3050.0,0.0433943179,38782520,317400,892569.0,1713706.4,0.520841259623002,17021776520.75,210.9809663250366,133.40659340659343,1.177373790516275,7.573834306507574,2.978815264766841,79.96799999999999,-10.906040268456374,https://finance.naver.com/item/main.naver?code=317400
세아제강,KOSPI,145000.0,411263500000,13.51,0.36,10714.0,400720.0,0.81422,495160536290.0,34934804580.0,32517667270.0,,44.0108,철강,189000.0,112000.0,0.0410556006,2836300,306200,4716.0,7511.45,0.6278414953171492,1041402190.0,4.316546762589923,9.18674698795181,2.9819808425803274,2.673687362747055,7.055248150781504,81.42200000000001,-23.28042328042328,https://finance.naver.com/item/main.naver?code=306200
광전자,KOSPI,7090.0,410821279670,83.18,1.48,85.0,4784.0,0.08436,36825118540.0,1302341750.0,2606483150.0,,250.96527,전자장비와기기,22450.0,1760.0,0.1802174809,57943763,017900,701127.0,3686718.8,0.19017642462994466,31211331392.5,-22.002200220022004,268.31168831168833,0.19017642462994466,1.7767558528428091,3.536558201667095,8.436,-68.41870824053451,https://finance.naver.com/item/main.naver?code=017900
삼영무역,KOSPI,22200.0,409966245600,6.63,0.64,3325.0,34228.0,0.15574,123412537990.0,9033245960.0,23070316130.0,,-31.79194,화학,24550.0,14510.0,0.2024552189,18466948,002810,9708.0,19489.6,0.4981118134800099,446536608.75,3.0162412993039345,6.2200956937799035,0.9094594039898203,9.714269019516186,7.319552864824767,15.573999999999998,-9.57230142566191,https://finance.naver.com/item/main.naver?code=002810
코스모로보틱스,KOSDAQ,12610.0,409202393860,-14.02,24.14,-902.0,524.0,0.14521,1243441650.0,-3317212760.0,-7220870940.0,,176.74372,기계,68500.0,10000.0,0.0,32450626,439960,734364.0,1584579.35,0.46344413108753435,24965473342.0,-36.91845922961481,-47.458333333333336,0.9104252178977341,-172.13740458015266,-266.776712843743,14.521,-81.5912408759124,https://finance.naver.com/item/main.naver?code=439960
원익머트리얼즈,KOSDAQ,32100.0,404716800000,8.28,0.77,3863.0,41679.0,0.22896,92296563340.0,14582865140.0,13190022950.0,,-31.79194,화학,56100.0,24250.0,0.1700651174,12608000,104830,50302.0,56270.0,0.8939399324684557,1955119100.0,-26.37614678899083,-30.81896551724138,0.8939399324684557,9.268456536865088,15.800008811032292,22.896,-42.78074866310161,https://finance.naver.com/item/main.naver?code=104830
부광약품,KOSPI,4105.0,405018474455,26.84,1.18,152.0,3452.0,0.39671,56987922650.0,1409953890.0,1388990360.0,,47.06703,제약,9890.0,3445.0,0.0677288429,98664671,003000,313284.0,545163.1,0.5746610509772213,2407369125.8,-5.086705202312136,-26.827094474153302,8.784512378038793,4.40324449594438,2.4741275421802027,39.671,-58.49342770475228,https://finance.naver.com/item/main.naver?code=003000
율촌화학,KOSPI,16110.0,399528000000,96.79,1.38,168.0,11783.0,1.40649,156111443010.0,9539955220.0,5789586580.0,,17.74109,포장재,39200.0,11150.0,0.0561852419,24800000,008730,30195.0,62757.45,0.4811380959551416,981462448.75,-8.98305084745763,-38.97727272727273,1.4253447200292555,1.425782907578715,6.110990351545787,140.649,-58.9030612244898,https://finance.naver.com/item/main.naver?code=008730
한라캐스트,KOSDAQ,10930.0,398970707360,84.84,3.76,128.0,2892.0,1.23708,49036916050.0,3256343740.0,1972104940.0,,10.29196,자동차부품,25350.0,5090.0,0.0194211595,36502352,125490,1632827.0,2504568.25,0.6519395109316746,29592017288.25,-13.869188337273442,-38.178733031674206,1.167568102805743,4.426002766251729,6.640596518508018,123.708,-56.8836291913215,https://finance.naver.com/item/main.naver?code=125490
KCC글라스,KOSPI,24950.0,398464274400,-4.78,0.29,-5246.0,86505.0,0.78101,577146098540.0,4810796100.0,-11814926190.0,,7.5794,건축자재,31450.0,21000.0,0.0467263667,15970512,344820,4270.0,9793.95,0.43598343875555823,244452826.25,13.667425968109349,-13.96551724137931,0.8339842453759718,-6.064389341656551,0.8335490982560251,78.101,-20.66772655007949,https://finance.naver.com/item/main.naver?code=344820
엑시콘,KOSDAQ,30500.0,398049308500,45.66,2.16,715.0,15111.0,0.23597,31468619660.0,4134899030.0,7586545460.0,,30.41324,반도체와반도체장비,41700.0,10110.0,0.040980639,13050797,092870,302829.0,348568.85,0.8687781481334319,8643653173.5,10.30741410488245,-1.7713365539452464,2.9205793919909944,4.7316524386208725,13.139753426350318,23.597,-26.85851318944844,https://finance.naver.com/item/main.naver?code=092870
코스모화학,KOSPI,10360.0,397909242080,-13.03,1.8,-791.0,5730.0,1.07269,206139203620.0,7636150170.0,1549079930.0,,-31.79194,화학,21650.0,7160.0,0.0469869373,38408228,005420,62077.0,110405.3,0.5622646738879383,1178575228.5,-15.56642216788916,-39.3087287639133,1.3273819282226487,-13.804537521815007,3.7043658051947217,107.26899999999999,-52.147806004618936,https://finance.naver.com/item/main.naver?code=005420
하이록코리아,KOSDAQ,33800.0,397763267200,8.12,0.89,4211.0,38609.0,0.07898,59250816360.0,16990737920.0,14848728080.0,,176.74372,기계,48100.0,27550.0,0.2922637588,11768144,013030,16145.0,36094.25,0.4473011629276131,1195306190.0,1.9607843137254832,-12.093628088426534,0.9410917251362751,10.906783392473256,28.675955815978227,7.898,-29.729729729729726,https://finance.naver.com/item/main.naver?code=013030
엘티씨,KOSDAQ,37400.0,395098312400,71.76,2.87,501.0,12514.0,0.55374,140878399400.0,23201268460.0,21567320600.0,,30.41324,반도체와반도체장비,60700.0,12250.0,0.0352563004,10564126,170920,238740.0,242700.75,0.9836805201467239,8940087068.75,-35.29411764705882,60.86021505376345,0.9836805201467239,4.003516062010548,16.469003451781123,55.374,-38.38550247116969,https://finance.naver.com/item/main.naver?code=170920
코세스,KOSDAQ,23750.0,393892847500,26.84,4.79,827.0,4635.0,0.69988,18555106000.0,5730276920.0,6214325490.0,,30.41324,반도체와반도체장비,51400.0,11630.0,0.0166756487,16584962,089890,101996.0,134570.85,0.7579353180870894,3151346318.75,-37.086092715231786,-9.523809523809524,0.7579353180870894,17.84250269687163,30.88248011086544,69.988,-53.793774319066145,https://finance.naver.com/item/main.naver?code=089890
아세아시멘트,KOSPI,10920.0,392882730240,23.3,0.36,463.0,30144.0,0.93557,277710635000.0,23561341000.0,12754116000.0,,7.5794,건축자재,14550.0,8310.0,0.0419319471,35978272,183190,39854.0,53840.35,0.7402255000199665,558438487.25,14.345549738219887,-13.880126182965302,1.9297237109342715,1.5359607218683653,8.48413349384333,93.557,-24.948453608247423,https://finance.naver.com/item/main.naver?code=183190
파인엠텍,KOSDAQ,9260.0,390817670320,-23.55,2.1,-397.0,4459.0,1.13955,95213286430.0,7330620600.0,-4850414920.0,,94.7569,핸드셋,13780.0,5340.0,0.025123604,42204932,441270,2067244.0,910753.75,2.2698166216718842,7831072784.5,27.548209366391173,-5.798575788402848,7.711825507169199,-8.903341556402781,7.699157202592109,113.95500000000001,-32.801161103047896,https://finance.naver.com/item/main.naver?code=441270
국일제지,KOSDAQ,3480.0,392337242760,-176.5,3.33,-20.0,1060.0,0.09826,15252420660.0,-199968620.0,-208086610.0,,-5.9958,종이와목재,5970.0,2610.0,0.0,112740587,078130,50189.0,70041.95,0.7165562923362356,249313436.75,-2.2471910112359605,1018.9710610932476,1.1190579359940722,-1.8867924528301887,-1.3110615321830494,9.826,-41.708542713567844,https://finance.naver.com/item/main.naver?code=078130
한솔아이원스,KOSDAQ,13880.0,390627255120,12.97,1.75,1029.0,7607.0,0.21287,53737600590.0,6560670110.0,5164961520.0,,30.41324,반도체와반도체장비,19900.0,7050.0,0.0476494229,28143174,114810,293838.0,350858.9,0.8374819621220951,4316770193.0,-9.870129870129873,-14.373843306600865,1.0214562036191757,13.527014591823322,12.208714267046883,21.287,-30.251256281407034,https://finance.naver.com/item/main.naver?code=114810
신도리코,KOSPI,40200.0,390572305800,17.17,0.32,2330.0,124856.0,0.06689,71264703500.0,-8790840250.0,-2157716070.0,,19.36484,사무용전자제품,73200.0,37000.0,0.11496389,9715729,029530,5372.0,6857.75,0.783347307790456,281445005.0,-5.633802816901412,-31.748726655348047,0.8285516386569939,1.8661498045748701,-12.335475794128575,6.689,-45.08196721311475,https://finance.naver.com/item/main.naver?code=029530
카페24,KOSDAQ,16130.0,389993865970,9.98,1.47,1615.0,10998.0,0.56917,83427216580.0,8233172650.0,8832864770.0,,33.41967,IT서비스,43950.0,15010.0,0.1869470761,24178169,042000,22698.0,49736.8,0.4563622911003522,848435409.75,-16.726897263810013,-51.342383107088985,1.0544707339434785,14.684488088743407,9.868689125095106,56.916999999999994,-63.299203640500565,https://finance.naver.com/item/main.naver?code=042000
뉴파워프라즈마,KOSDAQ,8910.0,389301279840,41.52,1.24,211.0,7057.0,1.15405,208752572460.0,27290312720.0,28741958130.0,,30.41324,반도체와반도체장비,13280.0,4710.0,0.0816528437,43692624,144960,953634.0,1272755.15,0.7492674455098454,13902197652.25,6.962785114045622,47.02970297029702,0.7492674455098454,2.989939067592461,13.073042596986065,115.405,-32.9066265060241,https://finance.naver.com/item/main.naver?code=144960
켐트로닉스,KOSDAQ,23150.0,388226125050,32.31,1.54,667.0,14012.0,2.13358,175294692610.0,10020719400.0,5693083360.0,,250.96527,전자장비와기기,48900.0,16250.0,0.0789077442,16770027,089010,126130.0,50844.75,2.4806887633433146,1135228690.0,-20.98976109215017,-30.375939849624057,2.4806887633433146,4.760205538110191,5.716499028464225,213.35799999999998,-52.65848670756645,https://finance.naver.com/item/main.naver?code=089010
파이버프로,KOSDAQ,11800.0,387679855000,41.23,8.4,285.0,1398.0,0.43538,13339235270.0,2698929120.0,2361164790.0,,250.96527,전자장비와기기,29950.0,5280.0,0.02926339,32854225,368770,72770.0,166120.15,0.4380564308423752,2186360313.25,-22.31731402238315,-13.93143690736689,0.8699667078316508,20.386266094420602,20.23301235318867,43.538,-60.60100166944908,https://finance.naver.com/item/main.naver?code=368770
프레스티지바이오파마,KOSPI,6450.0,387620199750,,,,,0.38182,509200000.0,-26351567000.0,-29376796000.0,,47.06703,제약,15350.0,4945.0,0.6349867641,60096155,950210,40300.0,41542.75,0.9700850328878083,268736686.5,-1.3761467889908285,-39.43661971830986,2.1843763352209473,,-5175.091712490181,38.182,-57.98045602605863,https://finance.naver.com/item/main.naver?code=950210
마이크로컨텍솔,KOSDAQ,46550.0,386959257300,20.93,4.35,2031.0,9781.0,0.26706,41896605610.0,13904493270.0,11471038720.0,,30.41324,반도체와반도체장비,47000.0,15500.0,0.1491313481,8312766,098120,139975.0,230260.5,0.6078984454563419,8751560863.75,61.913043478260875,48.484848484848484,0.6078984454563419,20.76474798077906,33.18763672511273,26.706000000000003,-0.9574468085106425,https://finance.naver.com/item/main.naver?code=098120
INVENI,KOSPI,14160.0,385860000000,3.52,0.48,4003.0,29078.0,1.02636,193743999000.0,11239000000.0,8851765000.0,,9.33717,가스유틸리티,18190.0,11840.0,0.0498079266,27250000,015360,9087.0,25581.65,0.35521555489970347,363272500.75,-4.77471418964358,-81.68175937904269,0.74127353004986,13.766421349473829,5.800953865931094,102.636,-22.155030236393625,https://finance.naver.com/item/main.naver?code=015360
메카로,KOSDAQ,37650.0,383752896000,29.3,1.82,1278.0,20599.0,0.08695,25345823740.0,4485384720.0,4691396000.0,,30.41324,반도체와반도체장비,48000.0,12160.0,0.0271835364,10192640,241770,10388.0,13069.65,0.7948185299529827,499502688.75,-5.757196495619521,31.873905429071804,1.1476971456771987,6.204184669158697,17.696740757023825,8.695,-21.562499999999996,https://finance.naver.com/item/main.naver?code=241770
다날,KOSDAQ,5070.0,383522466990,-5.54,1.29,-938.0,4033.0,1.34834,60530648810.0,1797242990.0,-8195072770.0,,33.41967,IT서비스,11450.0,3805.0,0.0393838985,75645457,064260,1093282.0,4398773.65,0.2485424545543506,23284731299.05,0.9960159362549792,-40.2122641509434,0.8368630197646109,-23.25812050582693,2.96914542522314,134.834,-55.720524017467255,https://finance.naver.com/item/main.naver?code=064260
네오위즈,KOSDAQ,17690.0,382748959710,7.1,0.67,2522.0,26889.0,0.16354,102073078790.0,7942472240.0,18405602210.0,,18.03224,게임엔터테인먼트,31550.0,16100.0,0.2134474038,21636459,095660,40057.0,46573.9,0.8600739899385708,859625033.75,-10.339584389254941,-32.480916030534345,1.091984995888255,9.379300085536837,7.7811626083508685,16.354,-43.93026941362916,https://finance.naver.com/item/main.naver?code=095660
아주IB투자,KOSDAQ,3150.0,381608028900,45.5,1.43,70.0,2227.0,0.21582,58377531800.0,38141675400.0,30142331300.0,,14.36921,창업투자,19950.0,1913.0,0.0853665553,121145406,027360,786471.0,4380749.2,0.17952888058508348,16907578046.05,-64.40677966101696,-45.78313253012048,0.34940347646471065,3.1432420296362817,65.33622478365898,21.582,-84.21052631578947,https://finance.naver.com/item/main.naver?code=027360
타이거일렉,KOSDAQ,60200.0,380120258000,72.34,6.55,835.0,9226.0,0.97438,33502698090.0,6884665920.0,4641601940.0,,30.41324,반도체와반도체장비,87900.0,15300.0,0.0592161589,6314290,219130,55779.0,48198.5,1.1572766787348154,3384237482.5,-19.19463087248322,103.72250423011846,1.4699005155762108,9.0505094298721,20.549586488543017,97.438,-31.51308304891922,https://finance.naver.com/item/main.naver?code=219130
토모큐브,KOSDAQ,28200.0,380028106800,-76.99,9.65,-365.0,2912.0,0.09527,4963787180.0,-586621980.0,-202919240.0,,-33.26304,생명과학도구및서비스,67800.0,26300.0,0.0149572868,13476174,475960,31530.0,39701.9,0.7941685410521915,1289988376.25,-26.75324675324675,-57.012195121951216,1.2844473438298922,-12.534340659340659,-11.818032456419697,9.527,-58.4070796460177,https://finance.naver.com/item/main.naver?code=475960
노타,KOSDAQ,17750.0,379715632500,-18.06,14.01,-999.0,1288.0,0.87818,3823408190.0,-6191205310.0,-6195547260.0,,33.41967,IT서비스,65300.0,15130.0,0.006815682,21392430,486990,101880.0,121339.6,0.8396269643216229,2377880888.25,-34.862385321100916,-53.65535248041775,1.2798212619787768,-77.56211180124224,-161.92896500543407,87.818,-72.8177641653905,https://finance.naver.com/item/main.naver?code=486990
제주은행,KOSPI,10010.0,378363555570,44.56,0.59,226.0,17124.0,12.85435,98100000000.0,4998000000.0,4763000000.0,,9.3501,은행,18840.0,8000.0,0.0077996364,37798557,006220,114918.0,462071.4,0.24870182400382276,4619791041.25,-18.41890790546047,-37.162586315128685,0.9603494178605297,1.3197850969399672,5.09480122324159,1285.435,-46.86836518046709,https://finance.naver.com/item/main.naver?code=006220
삼양바이오팜,KOSPI,50200.0,373280674000,165.61,1.58,301.0,31593.0,0.16096,35859168670.0,746349830.0,1330448180.0,,-32.98986,건강관리장비와용품,150900.0,23250.0,0.0267471056,7435870,0120G0,39596.0,102854.8,0.3849698798694859,5810978685.0,1.6194331983805599,-48.30072090628218,1.2119317717792462,0.9527426961668725,2.081336120389207,16.096,-66.73293571901921,https://finance.naver.com/item/main.naver?code=0120G0
제주항공,KOSPI,4625.0,372964555625,-3.16,1.38,-1490.0,3415.0,10.09029,461809076650.0,-44963476490.0,-43455647420.0,,143.92314,항공사,6790.0,3985.0,0.02738099,80640985,089590,202883.0,143542.1,1.413404151116641,628516620.05,11.44578313253013,-24.05582922824302,2.5836810245913915,-43.63103953147877,-9.73637781573473,1009.029,-31.885125184094253,https://finance.naver.com/item/main.naver?code=089590
글로벌텍스프리,KOSDAQ,5300.0,372501649000,10.69,2.7,504.0,1993.0,0.24304,46904130950.0,9038744530.0,11935460190.0,,28.92124,기타금융,7230.0,3955.0,0.1941291769,70283330,204620,359496.0,1001582.45,0.3589280143636702,5487855008.35,11.696522655426755,7.942973523421593,1.480334444757893,25.288509784244855,19.270679036000775,24.304000000000002,-26.694329183955745,https://finance.naver.com/item/main.naver?code=204620
현대퓨처넷,KOSPI,3390.0,370191525600,48.99,0.51,69.0,6666.0,0.05719,71566798000.0,6601167000.0,8919362000.0,,45.04075,화장품,3750.0,2770.0,0.0077776091,109201040,126560,56140.0,104137.6,0.5390944289094428,342704465.25,11.696869851729819,-2.164502164502169,2.1221057523891464,1.035103510351035,9.223784191099343,5.718999999999999,-9.599999999999998,https://finance.naver.com/item/main.naver?code=126560
LS증권,KOSDAQ,6690.0,371169161100,18.22,0.48,370.0,14185.0,14.66132,2299403169950.0,58075048890.0,43573079880.0,,8.27693,증권,9190.0,4660.0,0.0244702394,55481190,078020,36634.0,62294.35,0.5880790151915865,415001471.25,6.359300476947527,-16.997518610421835,2.0821631496275343,2.608389143461403,2.5256575118691704,1466.132,-27.203482045701854,https://finance.naver.com/item/main.naver?code=078020
BGF,KOSPI,3865.0,369945397215,6.29,0.21,618.0,18674.0,0.21301,123573334570.0,13646457780.0,14491484250.0,,-31.79194,화학,5420.0,3605.0,0.0551857197,95716791,027410,41368.0,67345.8,0.6142625078327082,271406146.9,-5.036855036855037,-12.258796821793416,0.8400820838122051,3.3094141587233588,11.043205904806069,21.301000000000002,-28.69003690036901,https://finance.naver.com/item/main.naver?code=027410
제이에스코퍼레이션,KOSPI,12690.0,368222659020,4.87,0.72,2692.0,18174.0,2.26251,453516257270.0,56475627040.0,28353430820.0,,9.12262,"섬유,의류,신발,호화품",16090.0,9500.0,0.0315922268,29016758,194370,79775.0,69277.25,1.1515324294772094,916696960.5,8.461538461538453,-6.000000000000005,1.306835938204822,14.812369318807086,12.452834079193185,226.25099999999998,-21.13113735239279,https://finance.naver.com/item/main.naver?code=194370
한중엔시에스,KOSDAQ,40500.0,367130313000,88.44,3.86,450.0,10316.0,2.03417,42577655450.0,-6946439820.0,-2199544440.0,,52.37524,전기장비,73000.0,23200.0,0.0148001985,9064946,107640,76931.0,127728.2,0.6023023889790978,4894337230.0,-3.456495828367101,-28.4452296819788,1.3717487602581107,4.362155874369911,-16.31475417465712,203.417,-44.52054794520548,https://finance.naver.com/item/main.naver?code=107640
한세실업,KOSPI,9140.0,365600000000,6.27,0.49,1454.0,18656.0,1.33173,561596038210.0,36093623010.0,13141328650.0,,9.12262,"섬유,의류,신발,호화품",15540.0,7800.0,0.058572,40000000,105630,24573.0,82143.15,0.29914849868796123,760901537.75,7.656065959952896,-36.039188243526944,1.8831637208945604,7.793739279588337,6.4269725130260555,133.173,-41.184041184041185,https://finance.naver.com/item/main.naver?code=105630
서울바이오시스,KOSDAQ,7970.0,365571012510,-22.82,4.52,-341.0,1721.0,2.80288,214143532510.0,10195901750.0,8161538060.0,,15.94641,디스플레이장비및부품,19270.0,2135.0,0.0258842349,45868383,092190,136314.0,259455.5,0.5253848925923713,2040115300.75,-14.48497854077253,93.91727493917274,0.9187933961700562,-19.814061592097616,4.761246641676594,280.288,-58.64037363777893,https://finance.naver.com/item/main.naver?code=092190
큐로셀,KOSDAQ,24000.0,365451648000,-7.44,69.11,-3232.0,348.0,1.26981,,-9739048920.0,-17646524510.0,,-71.79167,생물공학,66000.0,20650.0,0.016561797,15227152,372320,12788.0,24627.45,0.5192579824545375,620118223.75,-16.083916083916083,-55.88235294117647,1.9949284233649849,-928.735632183908,,126.98100000000001,-63.63636363636363,https://finance.naver.com/item/main.naver?code=372320
신세계인터내셔날,KOSPI,10410.0,364204260000,84.63,0.43,123.0,24118.0,0.57306,291576304400.0,6964738250.0,6808584570.0,,9.12262,"섬유,의류,신발,호화품",17130.0,9550.0,0.0685774024,34986000,031430,39454.0,110744.4,0.3562618064660606,1178826286.75,-28.157349896480333,-21.670428893905193,0.8001126919284407,0.509992536694585,2.388650293216351,57.306000000000004,-39.229422066549915,https://finance.naver.com/item/main.naver?code=031430
에이스침대,KOSDAQ,32900.0,364861000000,6.19,0.46,5302.0,70896.0,0.09387,84791570730.0,16622531820.0,22394602760.0,,27.88349,가구,39850.0,26400.0,0.0181601443,11090000,003800,2228.0,2286.65,0.9743511250081998,75086593.75,0.6116207951070374,-8.864265927977844,1.4807688102682963,7.478560144436922,19.603990911939555,9.386999999999999,-17.440401505646175,https://finance.naver.com/item/main.naver?code=003800
메가스터디교육,KOSDAQ,34900.0,361746038400,4.37,0.74,8072.0,48011.0,0.81182,204742632020.0,28412084840.0,21415876120.0,,10.7911,교육서비스,50800.0,34700.0,0.2672883035,10365216,215200,31002.0,40914.65,0.7577237004349298,1510111458.75,-10.282776349614398,-27.29166666666667,0.9157111205888355,16.812813730186832,13.876975478768195,81.182,-31.299212598425196,https://finance.naver.com/item/main.naver?code=215200
동화기업,KOSDAQ,7140.0,360979014900,-7.18,0.4,-1001.0,17795.0,1.65221,233505042650.0,-864710220.0,-8090164280.0,,7.5794,건축자재,12980.0,4500.0,0.5061110778,50557285,025900,31226.0,269073.5,0.11605007553698153,2081208352.0,-7.03125,-29.862475442043223,0.5036207578970059,-5.625175611126721,-0.37031757866407683,165.221,-44.992295839753474,https://finance.naver.com/item/main.naver?code=025900
보성파워텍,KOSDAQ,7330.0,360121609920,16.34,3.01,415.0,2253.0,0.14493,24391145190.0,4726421090.0,4161270850.0,,52.37524,전기장비,18200.0,3800.0,0.0471349338,49129824,006910,1358925.0,1485597.6,0.9147328994069457,11115040215.0,-7.6826196473551605,-34.9600709849157,0.9147328994069457,18.41988459831336,19.377610412231736,14.493,-59.72527472527472,https://finance.naver.com/item/main.naver?code=006910
풀무원,KOSPI,9420.0,359095505640,113.45,1.13,84.0,8405.0,2.74249,893550879140.0,24638411320.0,10306279890.0,,34.32074,식품,15950.0,8100.0,0.0119619495,38120542,017810,31244.0,36021.0,0.8673829155215014,341999062.0,-4.170905391658186,-27.426810477657938,0.9834818578051692,0.9994051160023795,2.7573596417602197,274.249,-40.94043887147335,https://finance.naver.com/item/main.naver?code=017810
PS일렉트로닉스,KOSDAQ,7670.0,358277688210,15.81,2.79,482.0,2734.0,1.41643,74419754160.0,4170900910.0,5997877750.0,,94.7569,핸드셋,14990.0,4065.0,0.0,46711563,332570,1107581.0,4379113.3,0.2529235770172925,40941481380.25,-1.7925736235595346,39.45454545454545,0.6335542859783966,17.62984637893197,5.604561526812762,141.643,-48.832555036691126,https://finance.naver.com/item/main.naver?code=332570
네오팜,KOSDAQ,22350.0,358225554150,12.9,1.84,1779.0,12490.0,0.12539,43571648900.0,9789095200.0,8405205330.0,,45.04075,화장품,26000.0,15590.0,0.2748896321,16027989,092730,59117.0,96905.5,0.6100479332958397,2304691850.0,32.64094955489614,18.253968253968257,1.050136473161998,14.243394715772617,22.466662261202604,12.539,-14.038461538461533,https://finance.naver.com/item/main.naver?code=092730
시노펙스,KOSDAQ,3885.0,358205558655,48.19,2.06,80.0,1867.0,0.53497,53806934130.0,-1898878410.0,-2022096610.0,,94.7569,핸드셋,8330.0,2990.0,0.0036635459,92202203,025320,183648.0,753866.65,0.24360807047241045,3238735938.7,-12.302483069977422,-42.44444444444444,0.8466072879069527,4.284949116229245,-3.5290589228002163,53.49699999999999,-53.36134453781513,https://finance.naver.com/item/main.naver?code=025320
동아에스티,KOSPI,36700.0,357013232700,-12.42,0.55,-2975.0,66929.0,1.00974,224659014800.0,6293596660.0,1447418120.0,,47.06703,제약,56460.988,31600.0,0.1921489377,9727881,170900,5304.0,7018.6,0.7557062662069358,264304798.75,-0.27173913043477826,-29.82791586998088,0.8816573105747585,-4.44500889001778,2.8013995635130864,100.974,-34.999366288099665,https://finance.naver.com/item/main.naver?code=170900
슈프리마,KOSDAQ,50900.0,354992429900,11.15,1.34,4662.0,38917.0,0.09494,40339162620.0,10159018420.0,18868062160.0,,250.96527,전자장비와기기,65000.0,30200.0,0.2934542208,6974311,236200,22800.0,24206.45,0.941897717343931,1402615582.5,21.190476190476183,7.838983050847448,1.0107223487954657,11.979340648045842,25.1840091865546,9.494,-21.69230769230769,https://finance.naver.com/item/main.naver?code=236200
국도화학,KOSPI,38500.0,356542032000,15.45,0.39,2538.0,100377.0,1.2519,534253619370.0,47954010280.0,43892831830.0,,-31.79194,화학,44450.0,29050.0,0.2002869721,9260832,007690,16989.0,21375.4,0.7947921442405755,830988570.0,22.416534181240056,-3.1446540880503138,1.9313790619122915,2.528467676858244,8.975888705545524,125.19,-13.38582677165354,https://finance.naver.com/item/main.naver?code=007690
메디포스트,KOSDAQ,9050.0,354801657150,-3.7,1.4,-2408.0,6371.0,1.04207,18783950500.0,-24338992640.0,32159849580.0,,-71.79167,생물공학,29100.0,7250.0,0.023241123,39204603,078160,38697.0,59530.65,0.6500348979895231,560431939.5,-13.397129186602875,-58.769931662870164,0.9837285499150438,-37.79626432271229,-129.5733431580327,104.20700000000001,-68.90034364261169,https://finance.naver.com/item/main.naver?code=078160
아세아제지,KOSPI,8980.0,354256599800,11.66,0.4,758.0,22004.0,0.23394,229485570750.0,12443111010.0,11361912020.0,,17.74109,포장재,11380.0,6800.0,0.04899635,39449510,002310,82404.0,96631.45,0.8527658438324169,784310846.25,18.469656992084428,-16.309412861136995,1.162965059512198,3.444828213052172,5.4221757687569125,23.394000000000002,-21.089630931458704,https://finance.naver.com/item/main.naver?code=002310
삼립,KOSPI,40900.0,352926468100,23.47,0.68,1732.0,59413.0,1.53625,847831492830.0,110210380.0,-3052252960.0,,34.32074,식품,57800.0,34650.0,0.0199333434,8629009,005610,2126.0,3455.5,0.6152510490522356,138866490.0,1.2376237623762387,-23.836126629422715,1.3040081030241644,2.915186911955296,0.012999090141382428,153.625,-29.23875432525952,https://finance.naver.com/item/main.naver?code=005610
감성코퍼레이션,KOSDAQ,3920.0,352262740480,9.66,2.52,387.0,1485.0,0.28475,58549423710.0,9099136650.0,7229233980.0,,9.12262,"섬유,의류,신발,호화품",7700.0,3540.0,0.1511389723,89862944,036620,215961.0,365685.1,0.5905654892693195,1458392467.2,-22.067594433399606,-34.883720930232556,1.4698684742692552,26.060606060606062,15.54094997598739,28.475,-49.09090909090909,https://finance.naver.com/item/main.naver?code=036620
헥토파이낸셜,KOSDAQ,25200.0,352060531200,36.02,2.0,701.0,12613.0,1.87539,50136973070.0,4609083920.0,4219677250.0,,33.41967,IT서비스,45000.0,14180.0,0.0405859252,13970656,234340,674092.0,905105.1,0.7447665470010058,20282252198.0,9.80392156862746,-8.196721311475407,3.1256138099321285,5.557757868865456,9.192984015139707,187.539,-43.99999999999999,https://finance.naver.com/item/main.naver?code=234340
인벤티지랩,KOSDAQ,26200.0,348661949600,-34.99,5.19,-766.0,5163.0,0.7477,175764220.0,-10284860020.0,-4222805980.0,,47.06703,제약,101700.0,22650.0,0.1073003706,13307708,389470,36281.0,43982.45,0.8248972033163228,1321703886.25,-40.990990990990994,-72.00854700854701,1.550436594596254,-14.836335463877589,-5851.509493797998,74.77000000000001,-74.23795476892823,https://finance.naver.com/item/main.naver?code=389470
한국철강,KOSPI,9550.0,348097500000,-35.79,0.41,-271.0,23878.0,0.14835,173809519340.0,-6284385120.0,-1795105040.0,,44.0108,철강,11720.0,7610.0,0.0555615912,36450000,104700,26482.0,40043.75,0.6613266739503668,394214425.0,12.089201877934276,-6.372549019607843,2.243995629779928,-1.1349359242817656,-3.6156737236622294,14.835,-18.515358361774748,https://finance.naver.com/item/main.naver?code=104700
넥스틸,KOSPI,13240.0,344266480000,9.37,0.73,1386.0,17845.0,0.79293,167465318820.0,5492244230.0,449133500.0,,44.0108,철강,23000.0,9030.0,0.0128163987,26002000,092790,567886.0,627944.0,0.904357713426675,8154525528.75,-4.404332129963895,13.550600343053176,4.028477061648809,7.7668814794059955,3.279630832640241,79.293,-42.434782608695656,https://finance.naver.com/item/main.naver?code=092790
더블유씨피,KOSDAQ,10080.0,341138891520,-2.1,0.38,-4789.0,26430.0,1.16619,36236878610.0,-15498673110.0,809747260.0,,-78.68198,전기제품,21350.0,5520.0,0.0207906807,33843144,393890,167961.0,319299.2,0.5260301309868612,3071128393.25,-19.999999999999996,0.9009009009008917,4.261379295657489,-18.119561104805147,-42.770441893753386,116.619,-52.78688524590164,https://finance.naver.com/item/main.naver?code=393890
현대코퍼레이션,KOSPI,25950.0,343291667700,3.61,0.45,7226.0,57671.0,3.19572,2816432723330.0,62936540860.0,40296711110.0,,16.59376,무역회사와판매업체,32850.0,20050.0,0.1045561686,13228966,011760,10111.0,20332.4,0.4972851212842556,538710947.5,5.91836734693878,-5.978260869565222,0.8627117310302768,12.52969430042829,2.234619003630493,319.572,-21.00456621004566,https://finance.naver.com/item/main.naver?code=011760
위메이드맥스,KOSDAQ,4055.0,339822324730,-9.57,0.74,-428.0,5563.0,0.24586,33703193750.0,-15429327600.0,-14377202490.0,,18.03224,게임엔터테인먼트,8160.0,2600.0,0.0923437537,83803286,101730,64121.0,694414.55,0.09233821497547826,3111960711.1,20.505200594353635,-33.524590163934434,0.3659744744691769,-7.6936904547905804,-45.78001632263708,24.586,-50.306372549019606,https://finance.naver.com/item/main.naver?code=101730
엠케이전자,KOSDAQ,13640.0,335053751120,220.79,0.79,63.0,17572.0,1.52081,488955111700.0,25237604030.0,33224848160.0,,30.41324,반도체와반도체장비,37000.0,7830.0,0.1203111066,24564058,033160,706249.0,1105468.7,0.6388683822527043,17527924669.25,-51.28571428571429,36.26373626373627,1.3922528968934174,0.35852492601866603,5.161538027949816,152.081,-63.13513513513514,https://finance.naver.com/item/main.naver?code=033160
DB,KOSPI,1672.0,336362815976,5.82,0.64,259.0,2351.0,1.13013,229964349370.0,12908986250.0,25156357830.0,,33.41967,IT서비스,2545.0,1257.0,0.0552312859,201173933,012030,1980504.0,504706.15,3.924073443527486,758229807.0,-12.460732984293198,-17.4320987654321,3.924073443527486,11.016588685665674,5.613472821054602,113.013,-34.30255402750492,https://finance.naver.com/item/main.naver?code=012030
큐렉소,KOSDAQ,8130.0,335442092700,121.34,3.47,67.0,2342.0,0.10478,23617960750.0,2436183150.0,2484812140.0,,-32.98986,건강관리장비와용품,22550.0,6970.0,0.0562252256,41259790,060280,226927.0,186687.45,1.2155450192286625,1688940582.25,-23.084200567644274,-52.14832254267216,1.2155450192286625,2.860802732707088,10.314959770605936,10.478,-63.94678492239467,https://finance.naver.com/item/main.naver?code=060280
제우스,KOSDAQ,10780.0,334363152200,-52.6,0.93,-192.0,10867.0,0.6616,82392309250.0,-9635418610.0,-7864716710.0,,30.41324,반도체와반도체장비,20950.0,6580.0,0.0752160026,31016990,079370,452114.0,175093.4,2.582130451519018,1720265826.25,-6.666666666666665,-40.04449388209122,2.582130451519018,-1.7668169688046378,-11.694560691051393,66.16,-48.544152744630075,https://finance.naver.com/item/main.naver?code=079370
GRT,KOSDAQ,4005.0,334459728720,,,,,0.835,277436640000.0,41673993000.0,28322192000.0,,-31.79194,화학,7490.0,2120.0,0.653659842,83510544,900290,277804.0,411909.75,0.6744292894256569,1595571348.6,25.745682888540024,-26.378676470588236,1.1449207016828322,,15.02108481417595,83.5,-46.5287049399199,https://finance.naver.com/item/main.naver?code=900290
한섬,KOSPI,15500.0,332893407000,7.2,0.23,2153.0,66913.0,0.18125,363202589000.0,4606386000.0,3300630000.0,,9.12262,"섬유,의류,신발,호화품",28750.0,14180.0,0.2497024025,21476994,020000,27178.0,117429.0,0.23144197770567748,1857498315.75,-30.180180180180184,-34.73684210526316,0.6228188948215517,3.217610927622435,1.2682690430931922,18.125,-46.08695652173913,https://finance.naver.com/item/main.naver?code=020000
엠씨넥스,KOSPI,19050.0,331498575000,6.05,0.8,3145.0,23796.0,0.5877,294668492130.0,2187694730.0,792768020.0,,94.7569,핸드셋,32500.0,15600.0,0.1252150677,17401500,097520,22728.0,43282.8,0.5251046605117968,864354018.75,-10.14150943396226,-30.219780219780223,1.1726367055735765,13.216506975962346,0.7424257388994432,58.77,-41.38461538461539,https://finance.naver.com/item/main.naver?code=097520
신라젠,KOSDAQ,2390.0,331143017960,-13.51,2.97,-175.0,797.0,0.06613,2244329080.0,-6183107000.0,-5487443200.0,,47.06703,제약,5400.0,1780.0,0.025266611,138553564,215600,763553.0,3663253.15,0.20843577244996023,9972165397.0,-5.346534653465351,-33.97790055248618,0.3438539321258756,-21.9573400250941,-275.4991260016111,6.6129999999999995,-55.74074074074073,https://finance.naver.com/item/main.naver?code=215600
프로티나,KOSDAQ,29750.0,330378153000,-33.94,11.85,-906.0,2594.0,0.16613,349276450.0,-3955963410.0,-3111949030.0,,-71.79167,생물공학,120100.0,15500.0,0.0218537385,11105148,468530,53427.0,137620.15,0.38822076563642754,4760036227.5,-10.256410256410254,-63.76370280146163,0.5571422498812856,-34.926754047802625,-1132.6167023284852,16.613,-75.22897585345545,https://finance.naver.com/item/main.naver?code=468530
코오롱,KOSPI,25650.0,331081992000,-2.21,0.19,-11476.0,132503.0,1.9159,1706697417660.0,99841066440.0,55380453280.0,,30.80952,복합기업,88200.0,20200.0,0.1399185601,12907680,002020,18937.0,47505.8,0.3986250099987791,1266712412.5,-50.2906976744186,-62.77213352685052,0.5002757558024493,-8.660935978808027,5.849957081255153,191.59,-70.91836734693877,https://finance.naver.com/item/main.naver?code=002020
나이스정보통신,KOSDAQ,7270.0,330785000000,7.4,0.8,982.0,9066.0,1.7915,316161218510.0,21282587050.0,19485062500.0,,15.16342,상업서비스와공급품,8060.0,4190.0,0.2832392088,45500000,036800,106458.0,207748.6,0.5124366662398687,1561398365.75,-74.21985815602837,-72.56603773584906,1.9590360657063393,10.831678799911758,6.7315615590995845,179.15,-9.801488833746896,https://finance.naver.com/item/main.naver?code=036800
신성이엔지,KOSPI,16240.0,329772395680,-47.38,1.4,-340.0,11470.0,1.93973,201805601950.0,3063706090.0,-2136406990.0,,30.41324,반도체와반도체장비,49700.0,11300.0,0.0,20306182,011930,78865.0,156042.35,0.5054076665725683,2556126722.5,-19.6039603960396,562.8571428571429,0.7603576849489898,-2.964254577157803,1.518147197300833,193.97299999999998,-67.32394366197182,https://finance.naver.com/item/main.naver?code=011930
덴티움,KOSPI,38050.0,328139052550,19.73,0.58,1903.0,65218.0,0.65957,89345998980.0,14688440420.0,13890294420.0,,-32.98986,건강관리장비와용품,60600.0,35000.0,0.1332179407,8623891,145720,4788.0,17352.35,0.2759280443282899,672715592.5,-14.781634938409848,-24.653465346534652,0.94938149587808,2.917906099543071,16.439953201808162,65.957,-37.211221122112214,https://finance.naver.com/item/main.naver?code=145720
HLB생명과학,KOSDAQ,2660.0,324299374280,-3.28,1.1,-819.0,2440.0,0.65828,14656102030.0,-7559347460.0,-8696739140.0,,-32.98986,건강관리장비와용품,5330.0,1608.0,0.0533667569,121917058,067630,131486.0,257190.85,0.5112390273604213,738425637.25,-11.036789297658867,-31.53153153153153,1.4004891698130006,-33.5655737704918,-51.57815798857399,65.828,-50.093808630394,https://finance.naver.com/item/main.naver?code=067630
매커스,KOSDAQ,27150.0,323134874550,10.06,1.81,2604.0,14459.0,1.33,66835794640.0,13035437850.0,14185810910.0,,30.41324,반도체와반도체장비,33850.0,16000.0,0.3265904247,11901837,093520,15196.0,32596.1,0.466190740610073,852862780.0,39.73237261966032,-16.33281972265023,0.7109439472820368,18.009544228508194,19.503677513244572,133.0,-19.793205317577545,https://finance.naver.com/item/main.naver?code=093520
엔젤로보틱스,KOSDAQ,21300.0,327870495300,-31.93,9.56,-642.0,2144.0,0.17056,788302490.0,-3485917720.0,-1138909920.0,,-32.98986,건강관리장비와용품,43950.0,14860.0,0.0206855319,15392981,455900,143092.0,66211.95,2.161120462393873,1455952232.5,-2.9612756264236872,-38.17126269956459,2.161120462393873,-29.94402985074627,-442.20559546881555,17.055999999999997,-51.5358361774744,https://finance.naver.com/item/main.naver?code=455900
넥스틴,KOSDAQ,31200.0,326882556000,-130.21,2.12,-240.0,14724.0,0.7613,20832585960.0,-786341950.0,1296585760.0,,30.41324,반도체와반도체장비,100400.0,24800.0,0.1462981071,10477005,348210,95690.0,62924.6,1.5207089119358725,2114810620.0,-46.666666666666664,-62.089914945321986,1.5207089119358725,-1.6299918500407498,-3.77457676886504,76.13,-68.92430278884463,https://finance.naver.com/item/main.naver?code=348210
에이디테크놀로지,KOSDAQ,24500.0,329819171500,83.81,2.23,278.0,10456.0,1.33294,45945836760.0,-1173866600.0,-6540691260.0,,30.41324,반도체와반도체장비,62000.0,20750.0,0.0199076557,13462007,200710,72514.0,94133.9,0.7703282239448276,2551324862.5,-34.491978609625676,-46.15384615384615,1.2590681996602713,2.65876052027544,-2.5548922008575907,133.294,-60.483870967741936,https://finance.naver.com/item/main.naver?code=200710
엑스게이트,KOSDAQ,11330.0,323397764360,84.04,6.76,136.0,1692.0,0.40595,12091873230.0,373332340.0,581291010.0,,161.19616,소프트웨어,30550.0,6100.0,0.0295870246,28543492,356680,251784.0,762686.45,0.3301278002251122,9229191457.25,-30.362630608481865,38.84803921568627,0.4217290080346911,8.037825059101655,3.0874648857032385,40.595,-62.91325695581015,https://finance.naver.com/item/main.naver?code=356680
진에어,KOSPI,6180.0,322596000000,-32.49,1.41,-189.0,4355.0,6.35724,360297536790.0,-73103330430.0,-67543910600.0,,143.92314,항공사,8600.0,4710.0,0.0126260728,52200000,272450,179913.0,90463.1,1.9887998531998128,509835701.25,17.267552182163183,-12.588401697312591,2.0758408677129125,-4.339839265212399,-20.289711409436695,635.724,-28.13953488372093,https://finance.naver.com/item/main.naver?code=272450
스틱인베스트먼트,KOSPI,8440.0,327225864280,19.98,1.18,417.0,7052.0,0.31904,20298531270.0,3056316850.0,1710080960.0,,14.36921,창업투자,13390.0,5990.0,0.4865673651,38770837,026890,15196.0,34458.75,0.4409910400116081,289049925.0,28.072837632776924,-29.135180520570948,1.5641600464323284,5.913216108905275,15.056837410286189,31.904,-36.967886482449586,https://finance.naver.com/item/main.naver?code=026890
유니슨,KOSDAQ,1241.0,322037370444,-10.97,2.88,-113.0,431.0,1.71334,5763640730.0,-4942929730.0,-10262047820.0,,-40.24179,에너지장비및서비스,1794.0,681.0,0.0156073248,259498284,018000,1106163.0,4452299.8,0.24844755512645397,4881387431.55,38.814317673378085,-2.2834645669291387,0.7722822259183895,-26.218097447795824,-85.76054548771293,171.334,-30.82497212931996,https://finance.naver.com/item/main.naver?code=018000
에이플러스에셋,KOSPI,13990.0,316281625070,14.26,1.86,979.0,7506.0,0.98019,198958559150.0,10117889620.0,9059878900.0,,9.16061,손해보험,14990.0,5600.0,0.1206700303,22607693,244920,35405.0,38049.05,0.930509434532531,503375131.5,41.74265450861196,-5.280974949221395,3.18107810838904,13.042899014122037,5.085425660110386,98.019,-6.671114076050699,https://finance.naver.com/item/main.naver?code=244920
저스템,KOSDAQ,14080.0,322000884480,92.7,6.04,163.0,2503.0,0.65303,29324457320.0,9275628920.0,6789924500.0,,30.41324,반도체와반도체장비,22250.0,3009.455,0.0452155657,22869381,417840,1281152.0,1046794.15,1.2238815052606091,13916935798.0,-7.307439104674129,92.34972677595627,1.4592907306560703,6.512185377546944,31.631033504834182,65.303,-36.71910112359551,https://finance.naver.com/item/main.naver?code=417840
아스플로,KOSDAQ,24100.0,321367209900,-33.03,7.08,-769.0,3589.0,1.43655,31714304450.0,4419623410.0,8819092120.0,,176.74372,기계,26700.0,3540.0,0.0584942832,13334739,159010,177102.0,231073.3,0.7664321234863569,5096974830.0,30.12958963282937,309.86394557823127,3.3721377588843024,-21.426581220395654,13.935741258232134,143.655,-9.737827715355806,https://finance.naver.com/item/main.naver?code=159010
디케이티,KOSDAQ,16040.0,320819729200,14.5,1.66,1159.0,10140.0,0.75265,147976022850.0,10049203340.0,10492094370.0,,94.7569,핸드셋,34950.0,6660.0,0.0731128536,20001230,290550,416574.0,404390.65,1.0301276748114725,6910130437.75,-25.221445221445226,42.0726306465899,1.6294639848868908,11.429980276134122,6.7911024681252945,75.265,-54.10586552217453,https://finance.naver.com/item/main.naver?code=290550
유바이오로직스,KOSDAQ,8620.0,316804886340,7.8,1.84,1127.0,4782.0,0.31719,33219694670.0,8576674710.0,7502444750.0,,-71.79167,생물공학,17700.0,6950.0,0.0639332383,36752307,206650,83301.0,154131.05,0.5404556706776474,1389181139.75,-5.689277899343548,-42.34113712374582,0.9388504133333291,23.567544960267668,25.818041963357995,31.719,-51.29943502824859,https://finance.naver.com/item/main.naver?code=206650
SIMPAC,KOSPI,4850.0,317049194800,13.02,0.41,381.0,12180.0,1.05468,461111549990.0,26833708000.0,17082685000.0,,29.9981,비철금속,6900.0,3725.0,0.0129113279,65370968,009160,69530.0,79320.8,0.87656705429093,393249639.35,6.9459757442116965,-6.9097888675623835,0.9432708696836138,3.12807881773399,5.819352822669901,105.468,-29.71014492753623,https://finance.naver.com/item/main.naver?code=009160
LX하우시스,KOSPI,35350.0,317007134500,-8.14,0.43,-4396.0,83591.0,1.60847,939692000000.0,54903000000.0,47092000000.0,,7.5794,건축자재,43000.0,27000.0,0.1476094682,8967670,108670,23251.0,23761.65,0.9785094890295918,819506141.25,9.782608695652172,11.338582677165366,1.9068120269425732,-5.258939359500425,5.842659084040303,160.847,-17.79069767441861,https://finance.naver.com/item/main.naver?code=108670
빛과전자,KOSDAQ,2800.0,315537311600,-7.14,2.87,-380.0,947.0,0.24435,4329240330.0,-2077767050.0,1035464940.0,,-319.55513,통신장비,8100.0,592.0,0.0079751342,112691897,069540,5678041.0,8424321.2,0.6740057584698932,25468699241.35,-15.789473684210531,154.54545454545453,0.6740057584698932,-40.12671594508976,-47.99380241382904,24.435000000000002,-65.4320987654321,https://finance.naver.com/item/main.naver?code=069540
한국자산신탁,KOSPI,2565.0,313889120190,6.44,0.29,404.0,8853.0,0.55607,78793804650.0,31034236630.0,23352535160.0,,32.90158,부동산,3470.0,2040.0,0.0537663064,122373926,123890,136245.0,263958.8,0.5161600977122187,653342749.2,7.098121085594999,-13.926174496644295,1.0344303732249125,4.563424827742009,39.38664564790755,55.60699999999999,-26.0806916426513,https://finance.naver.com/item/main.naver?code=123890
광동제약,KOSPI,6280.0,312742794240,12.17,0.48,521.0,13201.0,0.85871,439815610350.0,2822601170.0,3163818430.0,,47.06703,제약,12800.0,5150.0,0.1612332521,49799808,009290,93507.0,148057.05,0.6315606045102209,934551246.25,0.0,-34.17190775681341,0.7721280411841247,3.9466707067646394,0.6417692104547649,85.871,-50.9375,https://finance.naver.com/item/main.naver?code=009290
퍼시스,KOSPI,27150.0,312225000000,6.77,0.4,3976.0,66786.0,0.12806,87598314290.0,-5417281160.0,31702740020.0,,27.88349,가구,50800.0,23500.0,0.2008396522,11500000,016800,142.0,982.7,0.14449984735931617,26868230.0,-2.8622540250447193,-36.41686182669789,1.6973644041925307,5.953343515107957,-6.184229918016154,12.806000000000001,-46.555118110236215,https://finance.naver.com/item/main.naver?code=016800
서연이화,KOSPI,11550.0,312178447350,5.24,0.27,2220.0,43348.0,1.51921,1254454868840.0,51061941590.0,34111193460.0,,10.29196,자동차부품,18310.0,9390.0,0.0699704167,27028437,200880,22761.0,52273.7,0.4354197234938411,646151959.5,-0.345125107851596,-30.379746835443033,1.022732272634231,5.121343545261603,4.070448675225535,151.921,-36.9197160021846,https://finance.naver.com/item/main.naver?code=200880
넥센,KOSPI,5910.0,310534904070,3.43,0.22,1757.0,26875.0,1.14897,1008641751940.0,49074520690.0,22868368410.0,,10.29196,자동차부품,8090.0,4965.0,0.0256649777,52543977,005720,28605.0,21350.25,1.3397969578810554,130905686.75,-3.1147540983606503,-14.71861471861472,1.3397969578810554,6.537674418604651,4.8654064335142895,114.897,-26.946847960444998,https://finance.naver.com/item/main.naver?code=005720
툴젠,KOSDAQ,34800.0,313117489200,-8.51,5.8,-4181.0,6133.0,0.10352,487200050.0,-6891483130.0,-6781643680.0,,-71.79167,생물공학,139815.385,32000.0,0.0215460095,8997629,199800,19967.0,15904.9,1.255399279467334,593806710.0,-21.266968325791858,-29.268292682926834,1.255399279467334,-68.17218327082993,-1414.5078864421298,10.352,-75.11003527973692,https://finance.naver.com/item/main.naver?code=199800
남해화학,KOSPI,6250.0,310492768750,10.46,0.56,608.0,11459.0,1.01992,504927562930.0,12919837130.0,8337343030.0,,-31.79194,화학,12820.0,5250.0,0.0212051033,49678843,025860,316620.0,822035.6,0.38516580060522926,5106614489.75,0.32102728731941976,-15.196743554952509,0.7529016991478228,5.305873112837071,2.558750616628771,101.99199999999999,-51.24804992199687,https://finance.naver.com/item/main.naver?code=025860
수산인더스트리,KOSPI,21600.0,308577600000,6.1,0.54,3475.0,39100.0,0.23014,92617220410.0,5862779530.0,18373341290.0,,-40.24179,에너지장비및서비스,36400.0,19430.0,0.0273770125,14286000,126720,23906.0,20899.5,1.1438551161511041,458111498.75,-9.812108559498956,-22.719141323792492,1.1438551161511041,8.887468030690538,6.330118204850583,23.014000000000003,-40.65934065934066,https://finance.naver.com/item/main.naver?code=126720
케이카,KOSPI,6290.0,307083133920,6.07,1.39,1050.0,4587.0,1.79833,439157235900.0,-33635105620.0,-27103154680.0,,7.5133,자동차,16970.0,5990.0,0.0769694127,48820848,381970,35161.0,131305.85,0.2677793868285381,878626102.75,-26.17370892018779,-57.785234899328856,0.8847282889528532,22.890778286461742,-7.659012050904476,179.833,-62.934590453741905,https://finance.naver.com/item/main.naver?code=381970
이수화학,KOSPI,11720.0,308167660680,-9.21,3.22,-1279.0,3655.0,1.51095,743435315000.0,96559250000.0,77841970000.0,,-31.79194,화학,17990.0,5060.0,0.0572560783,26294169,005950,247355.0,675454.45,0.36620530074233726,9011403267.0,-22.996057818659654,24.28419936373276,1.0491721536515157,-34.99316005471956,12.988251708220236,151.095,-34.8526959421901,https://finance.naver.com/item/main.naver?code=005950
애경산업,KOSPI,11660.0,307939842100,19.35,0.74,604.0,15841.0,0.29289,194164692920.0,4526677820.0,4611370980.0,,45.04075,화장품,19100.0,10120.0,0.0171384746,26409935,018250,11788.0,65979.05,0.17866277250127122,800090981.0,-0.34188034188034067,-27.352024922118378,9.20449748821785,3.8128906003408876,2.3313599150928477,29.288999999999998,-38.952879581151834,https://finance.naver.com/item/main.naver?code=018250
디아이티,KOSDAQ,16050.0,303345000000,9.6,1.23,1644.0,12787.0,0.15321,41600866280.0,14097114500.0,13678428590.0,,30.41324,반도체와반도체장비,29000.0,11660.0,0.0645657143,18900000,110990,43867.0,74709.45,0.5871680222515359,1223439052.0,-30.967741935483872,-29.912663755458514,0.87241975412749,12.856807695315556,33.88658881552502,15.321000000000002,-44.655172413793096,https://finance.naver.com/item/main.naver?code=110990
에스티아이,KOSDAQ,19800.0,307039530600,18.59,1.04,1045.0,18772.0,0.18532,72460474670.0,2896079740.0,4328589420.0,,30.41324,반도체와반도체장비,43200.0,17320.0,0.0327645876,15507047,039440,41701.0,88989.45,0.4686061100501239,1924706317.25,-33.77926421404682,-48.099606815203146,0.7335925775471137,5.566801619433198,3.9967716926908725,18.532,-54.16666666666667,https://finance.naver.com/item/main.naver?code=039440
인탑스,KOSDAQ,19280.0,303511544000,17.33,0.42,1023.0,42138.0,0.1535,155007375290.0,1867198440.0,4402051820.0,,94.7569,핸드셋,24950.0,13000.0,0.0750988737,15742300,049070,578543.0,50488.6,11.458883787627306,927208525.5,5.934065934065935,-2.131979695431474,11.458883787627306,2.427737434144952,1.2045868375660822,15.35,-22.72545090180361,https://finance.naver.com/item/main.naver?code=049070
쿠콘,KOSDAQ,29950.0,302247373400,14.36,1.8,2127.0,16970.0,0.92563,17958595020.0,4957780910.0,13198391680.0,,33.41967,IT서비스,47400.0,13000.0,0.030282017,10091732,294570,130329.0,219097.1,0.5948458468870651,6155515729.5,38.33718244803694,-12.554744525547445,2.94143099109938,12.533883323512079,27.60673039554962,92.56299999999999,-36.81434599156118,https://finance.naver.com/item/main.naver?code=294570
한국토지신탁,KOSPI,1194.0,301472140620,12.21,0.25,97.0,4754.0,0.91416,55219853660.0,4404196640.0,19151147690.0,,32.90158,부동산,1878.0,1039.0,0.0423978678,252489230,034830,255475.0,313840.45,0.81402827455798,358819383.0,-1.3223140495867813,-25.79241765071473,1.1561925812940939,2.0403870424905346,7.975748481909324,91.416,-36.421725239616606,https://finance.naver.com/item/main.naver?code=034830
KG케미칼,KOSPI,4515.0,299812416540,4.42,0.3,1023.0,14858.0,1.27037,2581225451600.0,90911935490.0,135006841140.0,,7.5133,자동차,7400.0,3570.0,0.1199407213,66403636,001390,80688.0,220929.3,0.36522091003773605,1003450857.9,0.2219755826859071,-17.003676470588236,0.5221579935300569,6.8851797011710865,3.5220455242934037,127.037,-38.986486486486484,https://finance.naver.com/item/main.naver?code=001390
한국피아이엠,KOSDAQ,49550.0,300989344350,-5020.0,5.29,-10.0,9488.0,0.65829,10502526840.0,179762940.0,760923620.0,,10.29196,자동차부품,178400.0,11730.0,0.0199436756,6074457,448900,102452.0,93108.1,1.100355393354606,5410434327.5,-36.064516129032256,-60.89187056037885,1.2294633871811367,-0.10539629005059022,1.7116160971410572,65.82900000000001,-72.22533632286996,https://finance.naver.com/item/main.naver?code=448900
한국알콜,KOSDAQ,14430.0,298318691580,9.56,0.54,1507.0,26443.0,0.18057,128648249610.0,17230920990.0,17843089220.0,,-31.79194,화학,16265.0,8840.0,0.2405389294,20673506,017890,31297.0,101886.9,0.30717393502010565,1486530316.0,24.7191011235955,16.18357487922706,0.4367784278449929,5.699050788488447,13.393824667056037,18.057000000000002,-11.281893636643103,https://finance.naver.com/item/main.naver?code=017890
휴온스글로벌,KOSDAQ,23600.0,298771563200,10.05,0.53,2367.0,44802.0,0.41409,214141005640.0,19504181320.0,-343623370.0,,47.06703,제약,76700.0,20100.0,0.0647026196,12659812,084110,34085.0,53970.75,0.6315457910071659,1397012843.75,-11.27819548872181,-62.65822784810127,1.5562133192516316,5.283246283648051,9.108102047857741,41.409,-69.23076923076923,https://finance.naver.com/item/main.naver?code=084110
씨앤씨인터내셔널,KOSDAQ,21800.0,297131841800,16.4,0.84,1329.0,26036.0,0.2004,73321341720.0,1600640910.0,-6233460270.0,,45.04075,화장품,45900.0,16550.0,0.0053174267,13629901,352480,10289.0,26790.85,0.384049031665662,585162534.75,8.457711442786064,-28.990228013029316,0.6626516142638252,5.104470732831464,2.1830491265592733,20.04,-52.50544662309369,https://finance.naver.com/item/main.naver?code=352480
네패스아크,KOSDAQ,24400.0,297290698000,84.46,1.71,280.0,13841.0,0.66153,30932193330.0,5102398120.0,9351322520.0,,30.41324,반도체와반도체장비,63500.0,14880.0,0.082521363,12184045,330860,190694.0,178055.05,1.070983384071387,4811055015.0,-48.08510638297873,22.061030515257627,1.7676499487096828,2.0229752185535728,16.495429423853274,66.15299999999999,-61.5748031496063,https://finance.naver.com/item/main.naver?code=330860
한국정보통신,KOSDAQ,7930.0,296933069030,7.62,0.83,1038.0,9544.0,0.82891,237610744000.0,11941965000.0,10182505000.0,,33.41967,IT서비스,16500.0,6915.0,0.6332096838,37444271,025770,26580.0,24093.3,1.1032112662026372,190878722.25,5.8744993324432615,-2.937576499388006,1.1032112662026372,10.875943000838223,5.025852282167847,82.891,-51.93939393939394,https://finance.naver.com/item/main.naver?code=025770
한양디지텍,KOSDAQ,19400.0,295741010800,18.3,1.61,1025.0,11658.0,0.86445,258011869430.0,15383354250.0,11142168570.0,,30.41324,반도체와반도체장비,44300.0,9100.0,0.0518757664,15244382,078350,88378.0,119856.4,0.7373657143047848,2650196351.75,-27.881040892193308,-24.660194174757276,1.0605691477468038,8.792245668210672,5.962266109689029,86.44500000000001,-56.2076749435666,https://finance.naver.com/item/main.naver?code=078350
한양증권,KOSPI,19500.0,294634977000,4.43,0.44,4383.0,44072.0,9.62336,813033256780.0,25478083540.0,19700533490.0,,8.27693,증권,31500.0,16990.0,0.102682712,15109486,001750,6841.0,7366.85,0.9286194234985101,143917124.0,-11.363636363636365,-25.85551330798479,1.606113874994061,9.945089852967872,3.133707425561579,962.336,-38.095238095238095,https://finance.naver.com/item/main.naver?code=001750
한국화장품제조,KOSPI,12990.0,294353400000,8.44,2.21,1510.0,5776.0,0.96112,71182564340.0,13952906540.0,10837864320.0,,45.04075,화장품,15690.0,6750.0,0.0234255958,22660000,003350,606213.0,2324606.5,0.26078091066165393,29342446620.0,58.02919708029197,-75.49056603773585,0.44773771388835054,26.142659279778393,19.601578939127048,96.112,-17.20841300191205,https://finance.naver.com/item/main.naver?code=003350
리파인,KOSDAQ,16970.0,294090100000,29.91,1.32,567.0,12867.0,0.04644,14114004530.0,4860802370.0,4838631290.0,,15.16342,상업서비스와공급품,18150.0,8420.0,0.0366871898,17330000,377450,212305.0,280802.1,0.7560662829800775,4534290290.0,77.69633507853403,35.75999999999999,1.1087986877591016,4.406621590114246,34.43956929210366,4.644,-6.501377410468323,https://finance.naver.com/item/main.naver?code=377450
대한제강,KOSPI,8550.0,293877145800,14.5,0.28,598.0,30821.0,0.40836,387727240070.0,16292618910.0,8866776050.0,,44.0108,철강,15503.954,6800.0,0.0350217371,34371596,084010,30436.0,24691.1,1.2326708814107108,205278911.25,3.762135922330101,-33.618012422360245,1.3192202858519873,1.940235553680932,4.202082605044346,40.836,-44.852777555970555,https://finance.naver.com/item/main.naver?code=084010
펨트론,KOSDAQ,13060.0,292446794420,-70.78,10.48,-180.0,1216.0,1.37005,24004276740.0,1393395010.0,-2224344850.0,,250.96527,전자장비와기기,34700.0,8670.0,0.0320017942,22392557,168360,60254.0,75568.75,0.7973401703746589,975152590.5,-43.58531317494601,-52.50909090909091,1.2153568770159622,-14.802631578947366,5.804778144713224,137.005,-62.36311239193084,https://finance.naver.com/item/main.naver?code=168360
티로보틱스,KOSDAQ,13010.0,293480139430,-5.9,5.71,-2230.0,2304.0,0.60575,10837745650.0,-1412108040.0,-966213990.0,,176.74372,기계,30900.0,9800.0,0.0170621184,22558043,117730,58329.0,69479.1,0.8395186466145934,969516154.0,-17.18650541056652,-46.239669421487605,1.5107132936379428,-96.78819444444444,-13.029536636154587,60.575,-57.896440129449836,https://finance.naver.com/item/main.naver?code=117730
인화정공,KOSDAQ,6410.0,292902841110,11.65,0.87,553.0,7394.0,0.21733,31829877540.0,5133675670.0,9386222410.0,,20.72131,조선,17000.0,5480.0,0.0095153765,45694671,101930,20725.0,24812.3,0.8352712162919198,186549574.25,-26.575028636884312,-85.59550561797752,0.8352712162919198,7.4790370570733025,16.12848074438429,21.733,-62.29411764705882,https://finance.naver.com/item/main.naver?code=101930
TYM,KOSPI,7040.0,291456000000,7.64,0.71,984.0,10601.0,0.92038,262526157410.0,27598651920.0,26475872200.0,,176.74372,기계,9900.0,5380.0,0.1995814493,41400000,002900,330094.0,289849.2,1.138847373047778,2043398618.5,15.032679738562083,-4.217687074829934,1.4692053661007172,9.2821431940383,10.512724595628704,92.038,-28.888888888888886,https://finance.naver.com/item/main.naver?code=002900
유나이티드제약,KOSPI,18230.0,290053428250,7.08,0.65,2614.0,28664.0,0.14814,77221337750.0,13297698400.0,37705892560.0,,47.06703,제약,21800.0,16100.0,0.0897979514,15910775,033270,18660.0,28516.0,0.6543694767849628,516724952.75,-0.10958904109589218,-9.07730673316708,1.8947257679899003,9.119452972369523,17.22023832719733,14.814,-16.37614678899083,https://finance.naver.com/item/main.naver?code=033270
휴메딕스,KOSDAQ,25800.0,289732194000,5.15,0.96,5017.0,26994.0,0.08597,50421305090.0,11685116180.0,2447365520.0,,47.06703,제약,72400.0,21050.0,0.0665463632,11229930,200670,11293.0,26628.35,0.4240968741961106,698036937.5,-6.521739130434778,-39.365452408930665,1.6176743958976054,18.58561161739646,23.174957806313298,8.597000000000001,-64.36464088397791,https://finance.naver.com/item/main.naver?code=200670
한라IMS,KOSDAQ,16860.0,288469204800,11.35,1.48,1511.0,11613.0,0.46431,42836209120.0,9193629960.0,8363809400.0,,20.72131,조선,22150.0,13100.0,0.0080102024,17109680,092460,22336.0,20768.05,1.075498181100296,370928502.0,-8.419337316675723,8.634020618556693,1.268775835959563,13.011280461551708,21.462286576865978,46.431,-23.882618510158014,https://finance.naver.com/item/main.naver?code=092460
TCC스틸,KOSPI,11040.0,289399214880,-39.37,1.2,-284.0,9346.0,1.30313,182686709690.0,1170027180.0,-6051561930.0,,44.0108,철강,22950.0,6310.0,0.0427014549,26213697,002710,179816.0,142011.8,1.266204639332788,1698244896.75,-7.537688442211055,-28.91178364455892,11.917382921700874,-3.038733147870747,0.6404555547502127,130.313,-51.8954248366013,https://finance.naver.com/item/main.naver?code=002710
퍼스텍,KOSPI,5900.0,287754434200,18.71,3.35,303.0,1691.0,4.06274,92241612170.0,3412773070.0,2685184330.0,,40.34295,우주항공과국방,18730.0,3700.0,0.1183145316,48771938,010820,616172.0,354105.4,1.7400807782089738,2194528292.75,-22.976501305483033,-12.202380952380953,1.7400807782089738,17.9183914843288,3.699819408739634,406.274,-68.49973304858517,https://finance.naver.com/item/main.naver?code=010820
AP시스템,KOSDAQ,19080.0,287169664680,11.73,0.76,1605.0,24853.0,0.82639,162843598280.0,9594698000.0,9494953930.0,,15.94641,디스플레이장비및부품,31100.0,15600.0,0.153616404,15050821,265520,24259.0,46302.8,0.5239207996060713,906220172.75,-17.93548387096774,-17.04347826086956,0.9156249730037924,6.45797288053756,5.891971254223013,82.639,-38.649517684887456,https://finance.naver.com/item/main.naver?code=265520
포스코스틸리온,KOSPI,4755.0,285300000000,16.35,0.73,285.0,6401.0,0.33444,298198950560.0,9587102740.0,7047150790.0,,29.9981,비철금속,10500.0,3560.0,0.0337106333,60000000,058430,185725.0,407497.9,0.4557692199149983,1919582216.6,-8.381502890173408,-90.05230125523013,2.44791936351083,4.452429307920638,3.2150021728768623,33.444,-54.714285714285715,https://finance.naver.com/item/main.naver?code=058430
롯데이노베이트,KOSPI,18790.0,284280805930,28.48,0.66,657.0,28166.0,0.87228,274495717300.0,12378062000.0,8673338500.0,,33.41967,IT서비스,25400.0,15260.0,0.017666833,15129367,286940,13948.0,13374.05,1.042915197714978,249271786.25,-3.9366053169734183,-20.884210526315794,1.5663168598891137,2.332599588155933,4.509382558589012,87.22800000000001,-26.0236220472441,https://finance.naver.com/item/main.naver?code=286940
송원산업,KOSPI,11830.0,283920000000,122.78,0.38,97.0,31671.0,0.60917,328509000000.0,39811000000.0,29619000000.0,,-31.79194,화학,16730.0,8470.0,0.1614945833,24000000,004430,130374.0,185340.35,0.7034302028673195,2187312739.75,14.854368932038842,22.84527518172379,2.746827660571484,0.30627387831138897,12.1186938561805,60.917,-29.288702928870293,https://finance.naver.com/item/main.naver?code=004430
KG이니시스,KOSDAQ,10290.0,283535125860,5.78,0.55,1798.0,18729.0,1.60002,371847338760.0,28611433550.0,19681696830.0,,33.41967,IT서비스,12280.0,8920.0,0.0867314495,27554434,035600,49237.0,55275.6,0.8907546910390842,563938827.75,3.5211267605633756,-10.677083333333337,0.932635738010985,9.600085429013829,7.694403204662052,160.002,-16.205211726384363,https://finance.naver.com/item/main.naver?code=035600
한텍,KOSDAQ,25450.0,283033038450,8.33,1.64,2881.0,14605.0,0.36215,46339420660.0,10597133380.0,8975739320.0,,-40.24179,에너지장비및서비스,62200.0,20800.0,0.048475152,11121141,098070,141579.0,68336.8,2.0717826998044977,1759489540.0,-15.72847682119205,-29.207232267037554,2.0717826998044977,19.726121191372815,22.868506401391855,36.215,-59.083601286173625,https://finance.naver.com/item/main.naver?code=098070
제이브이엠,KOSDAQ,23400.0,282903472800,9.45,1.14,2461.0,20312.0,0.36942,49306359680.0,13523560610.0,11578547350.0,,-32.98986,건강관리장비와용품,34500.0,19930.0,0.1976829901,12089892,054950,10476.0,15726.05,0.6661558369711402,381132145.0,6.363636363636371,-8.235294117647063,0.8170519615542364,12.11599054745963,27.4276192721758,36.942,-32.173913043478265,https://finance.naver.com/item/main.naver?code=054950
진성티이씨,KOSDAQ,12860.0,283339531780,8.07,0.89,1633.0,14795.0,0.71953,152844599740.0,11492081690.0,33983526640.0,,176.74372,기계,21100.0,11210.0,0.1440874743,22032623,036890,98452.0,67856.55,1.4508842550940182,895869583.25,-14.551495016611293,-15.67213114754098,1.4508842550940182,11.037512673200405,7.518801259284845,71.953,-39.052132701421804,https://finance.naver.com/item/main.naver?code=036890
트리니티항공,KOSPI,2770.0,282833872070,-0.41,3.78,-6830.0,740.0,23.11601,469700730250.0,-181982906080.0,-211381152430.0,,143.92314,항공사,9278.935,2465.0,0.0056798668,102106091,091810,84411.0,470607.6,0.17936599408934323,350515862.3,226.26619552414607,107.18025430067316,0.4663694338977951,-922.972972972973,-38.74443754497442,2311.601,-70.1474361012336,https://finance.naver.com/item/main.naver?code=091810
에이블씨엔씨,KOSPI,10870.0,282773930070,20.55,3.26,548.0,3450.0,1.10789,65238290820.0,10407609700.0,9240011220.0,,45.04075,화장품,16790.0,8710.0,0.0971012288,26014161,078520,128989.0,134858.8,0.9564744755255127,1636402480.25,-0.09191176470588758,-5.395996518711921,1.0402806490937189,15.884057971014492,15.95322251577038,110.789,-35.259082787373444,https://finance.naver.com/item/main.naver?code=078520
대원강업,KOSPI,4560.0,282720000000,7.48,0.48,587.0,9057.0,0.94883,472011656000.0,38487335000.0,30865344000.0,,10.29196,자동차부품,6200.0,3140.0,0.0265456774,62000000,000430,188033.0,254003.1,0.7402783666813515,1065127927.05,-7.785642062689591,3.167420814479649,0.7402783666813515,6.481174781936623,8.153895038558115,94.883,-26.451612903225808,https://finance.naver.com/item/main.naver?code=000430
에코아이,KOSDAQ,9530.0,282384659370,159.33,2.26,60.0,4227.0,0.15494,17756462210.0,6163158360.0,5808554340.0,,15.16342,상업서비스와공급품,15700.0,5840.0,0.0044925052,29631129,448280,6477.0,19140.3,0.33839594990674127,166911508.25,9.540229885057471,-18.54700854700855,0.5181214505519768,1.4194464158977997,34.70938234829831,15.494,-39.29936305732484,https://finance.naver.com/item/main.naver?code=448280
하림,KOSDAQ,2655.0,281986758810,7.3,0.86,363.0,3065.0,1.69477,425793631000.0,17304976000.0,8920902000.0,,34.32074,식품,3565.0,2550.0,0.0508691852,106209702,136480,207350.0,216058.7,0.9596928982725528,578216127.75,-7.65217391304348,-15.445859872611468,0.9596928982725528,11.843393148450245,4.064169762088339,169.477,-25.525946704067326,https://finance.naver.com/item/main.naver?code=136480
삼양컴텍,KOSDAQ,6810.0,280643164500,10.49,1.79,649.0,3797.0,0.68551,46789798590.0,11483135120.0,9291731560.0,,40.34295,우주항공과국방,22650.0,4710.0,0.0459795028,41210450,484590,178448.0,164481.85,1.0849099763894923,1085640026.25,-13.797468354430375,-47.045101088646966,2.005734979269749,17.092441401106136,24.5419631330796,68.551,-69.93377483443707,https://finance.naver.com/item/main.naver?code=484590
CJ프레시웨이,KOSDAQ,23550.0,279575850300,5.98,0.62,3961.0,38342.0,3.19376,923161888240.0,23533221970.0,10139289660.0,,7.97295,식품과기본식료품소매,36400.0,19800.0,0.1830059606,11871586,051500,7505.0,7560.25,0.9926920406071228,181581042.5,-0.21186440677966045,-29.49101796407185,0.9926920406071228,10.330707839966616,2.549197737665046,319.37600000000003,-35.302197802197796,https://finance.naver.com/item/main.naver?code=051500
한스바이오메드,KOSDAQ,19600.0,279522793200,-8.14,7.88,-2413.0,2492.0,0.9429,36345572940.0,4095164850.0,1786216180.0,,-32.98986,건강관리장비와용품,57800.0,7310.0,0.0655120228,14261367,042520,104922.0,135935.4,0.7718519237814433,2713456388.25,-23.883495145631073,-61.111111111111114,0.7929133985702033,-96.8298555377207,11.267300303011814,94.28999999999999,-66.08996539792388,https://finance.naver.com/item/main.naver?code=042520
LB세미콘,KOSDAQ,3955.0,277178288730,-1.49,0.88,-2600.0,4381.0,1.3202,144854953990.0,13108569880.0,8970908830.0,,30.41324,반도체와반도체장비,6812.108,2885.0,0.2682848393,70083006,061970,463396.0,856266.65,0.5411818853391055,4114780954.7,-17.94605809128631,-20.899999999999995,1.125370233676624,-59.34718100890207,9.049445337509786,132.02,-41.94161337430352,https://finance.naver.com/item/main.naver?code=061970
우진,KOSPI,13770.0,278121915900,29.25,1.31,441.0,9841.0,0.26127,30892672790.0,814200890.0,327947250.0,,176.74372,기계,31700.0,10330.0,0.096651594,20197670,105840,428678.0,228589.75,1.8753159317073491,3144964715.75,-21.53846153846154,-45.68047337278106,1.8753159317073491,4.481251905294177,2.635579302363109,26.127,-56.5615141955836,https://finance.naver.com/item/main.naver?code=105840
유니셈,KOSDAQ,9030.0,276897933690,29.21,1.08,305.0,8275.0,0.17474,80144122690.0,5347885540.0,5258194440.0,,30.41324,반도체와반도체장비,14390.0,6000.0,0.1708542884,30664223,036200,434558.0,240991.15,1.8032114457315134,2196855849.5,-16.543438077634008,-17.383348581884718,1.8032114457315134,3.6858006042296076,6.6728355873153555,17.474,-37.24808895066018,https://finance.naver.com/item/main.naver?code=036200
삼양엔씨켐,KOSDAQ,12650.0,276886742000,18.32,2.32,691.0,5448.0,0.19275,38008074720.0,5587144970.0,7127750610.0,,30.41324,반도체와반도체장비,25000.0,8035.0,0.0302251707,21888280,482630,99030.0,148983.75,0.6647033652999069,2079840685.0,-18.12297734627831,-33.700209643605874,0.7917507781888964,12.683553597650512,14.699889460751933,19.275000000000002,-49.4,https://finance.naver.com/item/main.naver?code=482630
아이마켓코리아,KOSPI,8170.0,273113622800,12.18,0.69,666.0,11758.0,2.40448,1007697787270.0,17725447890.0,19077545550.0,,15.16342,상업서비스와공급품,10330.0,6890.0,0.0396144168,33428840,122900,30647.0,102928.95,0.297749078369108,829608180.0,7.077326343381385,3.417721518987338,0.42904352954149444,5.664228610307875,1.7590043477242139,240.448,-20.90997095837367,https://finance.naver.com/item/main.naver?code=122900
서울가스,KOSPI,55900.0,276705000000,7.06,0.2,7866.0,284280.0,0.42706,275500139500.0,-2348497860.0,2575041530.0,,9.33717,가스유틸리티,84200.0,51800.0,0.0292527273,4950000,017390,3321.0,4093.4,0.8113060047881956,226464925.0,1.821493624772308,-17.307692307692314,1.5510333707920065,2.766990291262136,-0.8524488823353209,42.706,-33.6104513064133,https://finance.naver.com/item/main.naver?code=017390
에이팩트,KOSDAQ,6250.0,273897225000,50.73,3.77,123.0,1657.0,2.12357,45223916450.0,1109690790.0,4390179670.0,,30.41324,반도체와반도체장비,13100.0,2800.0,0.0214705762,43823556,200470,655940.0,809482.3,0.810320373898231,4977419689.95,-38.544739429695184,-29.378531073446325,1.2215375184855801,7.423053711526856,2.4537697685402478,212.357,-52.290076335877856,https://finance.naver.com/item/main.naver?code=200470
폰드그룹,KOSDAQ,4780.0,275192496560,8.19,1.21,600.0,4078.0,0.78616,149183477720.0,21710800440.0,16282404700.0,,9.12262,"섬유,의류,신발,호화품",7250.0,3560.0,0.0105251453,57571652,472850,44013.0,84925.55,0.5182539294711662,442824490.05,6.9351230425055865,-23.027375201288248,2.195205094344399,14.713094654242276,14.553086422042421,78.616,-34.06896551724138,https://finance.naver.com/item/main.naver?code=472850
상신이디피,KOSDAQ,20750.0,276560544250,136.75,1.72,151.0,12012.0,1.20281,86036945970.0,6399286250.0,5366212570.0,,-78.68198,전기제품,31550.0,9750.0,0.0454261743,13328219,091580,176545.0,323106.55,0.5463987034617528,6330674506.0,24.028690974297675,25.150784077201436,0.8878371546475923,1.257076257076257,7.437835197255084,120.28099999999999,-34.231378763866886,https://finance.naver.com/item/main.naver?code=091580
일성아이에스,KOSPI,20550.0,273315000000,120.88,0.38,170.0,53943.0,0.03758,17090884670.0,-1563119470.0,216945170.0,,47.06703,제약,29300.0,17120.0,0.0037206767,13300000,003120,1058.0,7218.95,0.1465587100617126,146693353.0,4.846938775510212,-17.800000000000004,0.9901717008706252,0.3151474704780972,-9.145924861009549,3.758,-29.86348122866894,https://finance.naver.com/item/main.naver?code=003120
화신,KOSPI,7800.0,272379198000,4.04,0.47,1920.0,16443.0,1.99374,498388345910.0,5800422000.0,7030664460.0,,10.29196,자동차부품,16720.0,6410.0,0.0126692671,34920410,010690,131103.0,579731.3,0.22614442242466465,5102374827.5,-21.765295887662994,-49.774629748873146,0.40817012985153633,11.676701331873746,1.1638358014590198,199.374,-53.34928229665073,https://finance.naver.com/item/main.naver?code=010690
바이오니아,KOSDAQ,10560.0,272556672960,-95.32,1.28,-109.0,8124.0,0.69739,96153096480.0,1176049270.0,-1100049010.0,,-71.79167,생물공학,15640.0,5470.0,0.0575304246,25810291,064550,2244110.0,758692.1,2.9578665706417664,7302035782.25,38.76478318002627,-18.13953488372093,7.250495952178756,-1.3417035942885278,1.2231007768373015,69.73899999999999,-32.48081841432226,https://finance.naver.com/item/main.naver?code=064550
광주신세계,KOSPI,35700.0,272290040400,6.08,0.31,5830.0,113441.0,0.3894,48351900170.0,13896916240.0,12103885870.0,,36.09319,백화점과일반상점,59600.0,29450.0,0.0415021452,7627172,037710,18279.0,66392.5,0.27531724215837633,2611128320.0,-2.3255813953488413,-8.578745198463512,0.8894528749482246,5.139235373454042,28.74119981043136,38.940000000000005,-40.10067114093959,https://finance.naver.com/item/main.naver?code=037710
HEM파마,KOSDAQ,37600.0,271439927200,-11.45,55.59,-3389.0,698.0,2.50117,4574549690.0,-2859222390.0,1404750930.0,,-11.05155,건강관리업체및서비스,97500.0,22850.0,0.0101816738,7219147,376270,10444.0,10894.3,0.9586664586067944,440115832.5,-11.425206124852771,-52.94117647058824,1.0797389460543587,-485.5300859598854,-62.50281631545683,250.11700000000002,-61.43589743589744,https://finance.naver.com/item/main.naver?code=376270
에스바이오메딕스,KOSDAQ,21950.0,271853559600,-27.84,26.82,-684.0,710.0,0.92258,4816104620.0,-3686242210.0,-6405353060.0,,-71.79167,생물공학,42600.0,13910.0,0.0211603788,12385128,304360,82993.0,20307.05,4.0869057790274805,396420470.5,-26.34228187919463,-42.463958060288334,4.0869057790274805,-96.3380281690141,-76.53991141911696,92.258,-48.474178403755865,https://finance.naver.com/item/main.naver?code=304360
파트론,KOSDAQ,5420.0,271000000000,8.0,0.52,674.0,10321.0,0.4069,355039030210.0,4476500290.0,3936222200.0,,94.7569,핸드셋,8730.0,4950.0,0.25229792,50000000,091700,62400.0,100196.3,0.6227774877914654,562583223.5,-13.831478537360887,-36.9767441860465,1.2173902629139,6.530374963666312,1.2608473742597315,40.69,-37.91523482245132,https://finance.naver.com/item/main.naver?code=091700
사조대림,KOSPI,29650.0,271726446550,-3.46,0.42,-8909.0,72933.0,2.16947,879223955830.0,20441773570.0,-112386073460.0,,34.32074,식품,43950.0,23200.0,0.0162820162,9164467,003960,4719.0,6135.9,0.769080330513861,189916340.0,18.36327345309381,-20.080862533692724,1.21286200883326,-12.215320910973086,2.3249791403491358,216.947,-32.53697383390216,https://finance.naver.com/item/main.naver?code=003960
바텍,KOSDAQ,18240.0,270941629440,6.83,0.55,2701.0,33371.0,0.38247,121362551530.0,24473090870.0,22189947960.0,,-32.98986,건강관리장비와용품,27350.0,16030.0,0.2227018304,14854256,043150,20305.0,64926.7,0.3127372868172878,1316578524.25,-4.402515723270439,-33.30895795246801,0.7448861562346462,8.093853945042103,20.165273852165523,38.247,-33.30895795246801,https://finance.naver.com/item/main.naver?code=043150
비츠로넥스텍,KOSDAQ,9330.0,270350213190,-35.42,4.59,-264.0,2035.0,1.21622,6670405540.0,-3119672680.0,-2436899340.0,,40.34295,우주항공과국방,31100.0,6540.0,0.0027749438,28976443,488900,22676.0,149413.05,0.15176719838059663,1606869746.25,-17.360496014171833,-52.276214833759596,0.24226130180730535,-12.972972972972974,-46.76886077304379,121.62200000000001,-70.0,https://finance.naver.com/item/main.naver?code=488900
현대약품,KOSPI,8420.0,269440000000,82.81,2.53,96.0,3141.0,0.75472,55585357880.0,976252400.0,1211880920.0,,47.06703,제약,15960.0,3500.0,0.0060131875,32000000,004310,11814147.0,3826004.25,3.087855169005628,29294216159.25,46.945898778359506,-29.36241610738255,5.117238434850144,3.0563514804202483,1.7563121606729144,75.472,-47.24310776942355,https://finance.naver.com/item/main.naver?code=004310
선진,KOSPI,11260.0,267758341040,2.2,0.46,5002.0,23678.0,1.40279,541130013760.0,43398691730.0,23759256750.0,,34.32074,식품,13950.0,8370.0,0.0774628964,23779604,136490,140156.0,101539.5,1.3803101256161396,1062317272.25,21.72972972972973,-9.558232931726906,3.4624161040777235,21.125095024917645,8.020011942868878,140.279,-19.2831541218638,https://finance.naver.com/item/main.naver?code=136490
KG에코솔루션,KOSDAQ,5580.0,265624751160,2.85,0.16,1964.0,34152.0,1.18977,2150308765160.0,51655482290.0,112760760890.0,,7.5133,자동차,7600.0,4745.0,0.0258721498,47603002,151860,27665.0,76479.05,0.36173304976983894,434745924.0,-1.7605633802816878,-14.809160305343516,1.4320130807064155,5.750761302412743,2.4022355824865187,118.977,-26.57894736842106,https://finance.naver.com/item/main.naver?code=151860
이뮨온시아,KOSDAQ,2910.0,265792151190,-7.71,7.85,-375.0,368.0,0.04849,,-4273817150.0,-3901969400.0,,47.06703,제약,15499.001,2300.0,0.0328917882,91337509,424870,97114.0,171009.05,0.5678880737598391,531393041.75,-30.29940119760479,-65.23297491039426,0.8309326319279594,-101.90217391304348,,4.849,-81.22459634656454,https://finance.naver.com/item/main.naver?code=424870
사피엔반도체,KOSDAQ,32600.0,269126724600,-59.83,22.35,-585.0,1566.0,0.93915,7214957820.0,311641700.0,103805630.0,,30.41324,반도체와반도체장비,56000.0,19000.0,0.0406887789,8255421,452430,75698.0,28775.15,2.6306726463632684,837052615.0,-10.192837465564741,-4.5387994143484605,3.957129676126797,-37.35632183908046,4.319383533138937,93.915,-41.785714285714285,https://finance.naver.com/item/main.naver?code=452430
엔케이젠바이오텍코리아,KOSDAQ,3670.0,265496721770,-22.8,37.07,-161.0,99.0,0.92638,2138035750.0,-129894050.0,-190677320.0,,-33.26304,생명과학도구및서비스,3685.0,3670.0,0.0,72342431,182400,,,,,,,,-162.62626262626264,-6.075391863770285,92.638,-0.4070556309362261,https://finance.naver.com/item/main.naver?code=182400
아이티켐,KOSDAQ,21000.0,268443021000,-16.6,4.02,-1265.0,5224.0,2.0607,15090540510.0,-2772663280.0,-1458214830.0,,47.06703,제약,55200.0,17470.0,0.0,12783001,309710,381262.0,216715.4,1.7592750676693951,7279669845.0,-43.548387096774185,-43.548387096774185,1.7592750676693951,-24.215160796324657,-18.373518683195265,206.07000000000002,-61.95652173913043,https://finance.naver.com/item/main.naver?code=309710
오이솔루션,KOSDAQ,21400.0,264884021200,-8.06,3.69,-2642.0,5774.0,0.52626,19651552520.0,-870134580.0,-2423475520.0,,-319.55513,통신장비,57900.0,9720.0,0.0332863997,12377758,138080,142119.0,372181.75,0.38185375827804563,9231702387.5,-30.065359477124186,8.905852417302796,0.5070936444358166,-45.75684101143055,-4.427815965758618,52.626,-63.03972366148531,https://finance.naver.com/item/main.naver?code=138080
한미글로벌,KOSPI,24200.0,265172710000,12.49,1.06,1826.0,21462.0,0.8424,119662587870.0,6248267710.0,5839211550.0,,35.85997,건설,34750.0,13740.0,0.0332449316,10957550,053690,787708.0,389491.0,2.0224035985427133,8357326150.0,36.10798650168729,19.8019801980198,2.0224035985427133,8.508060758549995,5.221571604976522,84.24000000000001,-30.35971223021583,https://finance.naver.com/item/main.naver?code=053690
세보엠이씨,KOSDAQ,26250.0,264727890000,6.69,0.87,3612.0,27833.0,0.70051,289840009640.0,18059542460.0,15131096890.0,,35.85997,건설,29300.0,12410.0,0.1211202284,10084872,011560,63764.0,58839.05,1.0837020652100942,1410536613.75,13.636363636363647,43.521049753963915,1.1059152042733524,12.977400926957209,6.230865946503079,70.051,-10.409556313993173,https://finance.naver.com/item/main.naver?code=011560
지노믹트리,KOSDAQ,10550.0,262264581100,-28.5,2.23,-374.0,4790.0,0.02032,842315520.0,-2644007220.0,-2476249320.0,,-32.98986,건강관리장비와용품,33300.0,10010.0,0.028981944,24859202,228760,58464.0,104588.55,0.5589904439826348,1267352870.75,-14.017929910350446,-49.15662650602409,3.5872569224833883,-7.807933194154488,-313.8974834513319,2.032,-68.31831831831832,https://finance.naver.com/item/main.naver?code=228760
스맥,KOSDAQ,3860.0,263419500840,-8.96,2.65,-424.0,1435.0,2.21517,47760971380.0,1608784220.0,2864123590.0,,176.74372,기계,8340.0,2415.0,0.0380289263,68243394,099440,256365.0,366904.25,0.6987245309913963,1492443269.05,18.952234206471495,-34.353741496598644,0.6987245309913963,-29.54703832752613,3.3684076632362663,221.517,-53.71702637889688,https://finance.naver.com/item/main.naver?code=099440
KH바텍,KOSDAQ,11060.0,261872508520,11.77,0.87,925.0,12563.0,0.78792,103888068900.0,4974995270.0,3093857800.0,,94.7569,핸드셋,19960.0,8250.0,0.0736831707,23677442,060720,128669.0,152246.0,0.8451387885396003,1663736926.5,2.788104089219323,-37.230419977298524,1.8345572297465944,7.362891029212768,4.788803298277498,78.792,-44.58917835671342,https://finance.naver.com/item/main.naver?code=060720
마녀공장,KOSDAQ,15970.0,261800362200,28.74,2.14,557.0,7488.0,0.13542,25810066400.0,2524227810.0,2806846810.0,,45.04075,화장품,21250.0,11060.0,0.0302100985,16393260,439090,76089.0,436758.1,0.1742131399509248,8072363651.5,13.342796309439308,19.804951237809455,0.22549553173713321,7.438568376068376,9.78001284801034,13.542000000000002,-24.847058823529412,https://finance.naver.com/item/main.naver?code=439090
대아티아이,KOSDAQ,3705.0,261103861785,13.09,1.73,290.0,2189.0,0.83468,30464709510.0,1798023880.0,1938808990.0,,14.30449,도로와철도운송,5140.0,2065.0,0.0568929455,70473377,045390,1720253.0,3003695.7,0.5727121425782246,10148380277.95,31.382978723404253,-21.17021276595744,3.4048455707414034,13.24805847418913,5.901989248936712,83.468,-27.91828793774319,https://finance.naver.com/item/main.naver?code=045390
매일유업,KOSDAQ,34050.0,260946873900,4.45,0.4,7724.0,86122.0,0.53666,480004585600.0,20405358500.0,16279052570.0,,34.32074,식품,41650.0,31100.0,0.1406381669,7663638,267980,1556.0,2426.8,0.6411735618922036,83200253.75,1.3392857142857206,-14.875000000000005,0.7375968353387176,8.96867234852883,4.251075742223076,53.666000000000004,-18.24729891956782,https://finance.naver.com/item/main.naver?code=267980
인투셀,KOSDAQ,17350.0,260631006000,-24.54,11.07,-744.0,1650.0,0.85723,760301100.0,-2206673700.0,-2071193310.0,,47.06703,제약,74900.0,13050.0,0.0478217223,15021960,287840,45339.0,47129.15,0.9620160770987807,934484021.75,-27.253668763102723,-65.84645669291338,1.4545138200031191,-45.09090909090909,-290.2368153880088,85.723,-76.83578104138851,https://finance.naver.com/item/main.naver?code=287840
필에너지,KOSDAQ,11980.0,259293706360,-16.24,1.97,-716.0,5893.0,0.78448,2390732760.0,-7143555190.0,-3797379860.0,,-78.68198,전기제품,22850.0,7330.0,0.0158577837,21643882,378340,44375.0,49186.6,0.9021766090764558,548004589.5,-6.039215686274513,-25.543816034804223,4.080013662257607,-12.150008484642797,-298.8019116783258,78.448,-47.5711159737418,https://finance.naver.com/item/main.naver?code=378340
키다리스튜디오,KOSPI,7030.0,260558274980,40.22,1.31,179.0,5485.0,0.68512,64427044210.0,5515919170.0,2025425790.0,,20.01555,양방향미디어와서비스,7340.0,2800.0,0.060515518,37063766,020120,764576.0,984874.45,0.7763182403604846,5346308301.5,116.3076923076923,92.3392612859097,0.7763182403604846,3.263445761166819,8.56149655418128,68.512,-4.223433242506813,https://finance.naver.com/item/main.naver?code=020120
에스비비테크,KOSDAQ,38800.0,258542713600,-24.29,19.12,-1554.0,1974.0,0.4137,2703873670.0,-2951877100.0,-3227679050.0,,176.74372,기계,115000.0,21450.0,0.0401578937,6663472,389500,207894.0,106219.85,1.957204797408394,4035251198.75,-30.3411131059246,-37.31825525040387,1.957204797408394,-78.72340425531915,-109.17215300225176,41.370000000000005,-66.26086956521739,https://finance.naver.com/item/main.naver?code=389500
티엠씨,KOSPI,10740.0,258771976500,-450.43,2.23,-23.0,4647.0,1.03116,106351589330.0,1341527850.0,1772507620.0,,20.72131,조선,38700.0,8820.0,0.0256216168,24094225,217590,886912.0,510943.25,1.7358326976626073,6650980990.75,-51.73033707865169,-32.1969696969697,1.7358326976626073,-0.49494297396169573,1.2614083705297081,103.11600000000001,-72.24806201550388,https://finance.naver.com/item/main.naver?code=217590
세방,KOSPI,13500.0,258060640500,4.45,0.24,3011.0,54806.0,0.24661,307315327730.0,8457630130.0,22427741420.0,,8.64377,항공화물운송과물류,17110.0,11700.0,0.127861831,19115603,004360,6190.0,19755.45,0.3133312579566651,263006260.75,0.0741289844329085,-14.61100569259962,1.6579222442414625,5.493924022917199,2.7521016255429585,24.661,-21.098772647574513,https://finance.naver.com/item/main.naver?code=004360
넥스트바이오메디컬,KOSDAQ,31050.0,257009730300,-817.11,5.3,-38.0,5864.0,0.29323,4935531420.0,-1033899060.0,-633068600.0,,-32.98986,건강관리장비와용품,101000.0,30150.0,0.0204906536,8277286,389650,12201.0,29264.85,0.4169165398079949,1021865933.75,-23.52216748768473,-59.14473684210526,1.0076935299514607,-0.6480218281036835,-20.948079791577946,29.323,-69.25742574257426,https://finance.naver.com/item/main.naver?code=389650
비덴트,KOSDAQ,3320.0,256309348520,29.12,0.4,114.0,8348.0,0.09303,3112694570.0,-2120518270.0,-2221502940.0,,20.32448,디스플레이패널,3320.0,3320.0,0.015392114,77201611,121800,,,,,,,,1.3655965500718734,-68.12484239338652,9.303,0.0,https://finance.naver.com/item/main.naver?code=121800
에어부산,KOSPI,1566.0,255124689552,-6.7,1.11,-229.0,1383.0,16.46658,235319319020.0,-35515179760.0,-61757044860.0,,143.92314,항공사,2240.0,1400.0,0.008770912,162914872,298690,106766.0,100702.3,1.0602141162614955,152218607.4,-1.1987381703470024,-15.896885069817401,1.0602141162614955,-16.55820679681851,-15.092334920866202,1646.6580000000001,-30.08928571428572,https://finance.naver.com/item/main.naver?code=298690
큐에이드,KOSDAQ,4080.0,253187202960,19.81,4.46,206.0,915.0,1.87686,23530444080.0,-699583090.0,-1975495220.0,,15.16342,상업서비스와공급품,4080.0,4080.0,0.0002250559,62055687,377460,,,,,,,,22.51366120218579,-2.9730976925956933,187.686,0.0,https://finance.naver.com/item/main.naver?code=377460
아이스크림미디어,KOSDAQ,19000.0,253344727000,5.02,1.21,3893.0,16098.0,0.28016,77184300230.0,32329056830.0,41805699690.0,,10.7911,교육서비스,27550.0,14130.0,0.0712416209,13333933,461300,32774.0,42430.65,0.7724133379997714,781235075.0,17.647058823529417,24.183006535947715,1.0231518960939792,24.18312833892409,41.885534666587986,28.016000000000002,-31.034482758620683,https://finance.naver.com/item/main.naver?code=461300
사조산업,KOSPI,50500.0,252500000000,-8.64,0.47,-5823.0,106906.0,1.1148,186669459570.0,16382254270.0,-44108186000.0,,34.32074,식품,72800.0,39150.0,0.012025,5000000,007160,1956.0,6063.25,0.32259926607017686,314577766.25,19.81020166073546,-19.968304278922343,0.4227105925040201,-5.446841150169308,8.776076337145417,111.48,-30.631868131868135,https://finance.naver.com/item/main.naver?code=007160
휴온스,KOSDAQ,21100.0,252770931500,5.79,0.66,3651.0,32090.0,0.60447,146980812510.0,2927452840.0,-1077068150.0,,47.06703,제약,41500.0,20800.0,0.1610945715,11979665,243070,13508.0,47818.0,0.28248776611317916,1100025238.75,-28.595600676818954,-26.22377622377622,1.5182148981555064,11.3773761296354,1.9917244911139866,60.446999999999996,-49.15662650602409,https://finance.naver.com/item/main.naver?code=243070
한국공항,KOSPI,79900.0,252991764500,5.96,0.6,13258.0,132482.0,0.34892,173873700020.0,12924050320.0,10333016570.0,,6.48527,운송인프라,95900.0,54200.0,0.1302339757,3166355,005430,3816.0,9277.8,0.4113044040613077,780967057.5,0.8838383838383868,19.253731343283587,0.7787406497229947,10.00739723132199,7.43301046593786,34.892,-16.684045881126174,https://finance.naver.com/item/main.naver?code=005430
싸이맥스,KOSDAQ,23050.0,251803801150,16.32,1.31,1425.0,17779.0,0.26224,62515652940.0,11289841680.0,9006494590.0,,30.41324,반도체와반도체장비,47850.0,12350.0,0.0660269091,10924243,160980,164341.0,183540.05,0.895395855019109,5132385807.5,-47.0723306544202,0.0,0.9916037398921925,8.015073963664998,18.059223808852376,26.223999999999997,-51.828631138975965,https://finance.naver.com/item/main.naver?code=160980
삼진제약,KOSPI,18780.0,250149600000,9.55,0.82,1963.0,22942.0,0.59612,79630293310.0,7150958150.0,6098509140.0,,47.06703,제약,25900.0,16580.0,0.0360232733,13320000,005500,18308.0,37119.85,0.4932131999455817,677344623.25,-0.582318687136052,-0.5296610169491567,1.1892828230717527,8.556359515299452,8.980198179305185,59.611999999999995,-27.49034749034749,https://finance.naver.com/item/main.naver?code=005500
대한제당,KOSPI,2905.0,250532763075,-4.11,0.56,-708.0,5203.0,1.48195,336628472000.0,13379268000.0,12432993000.0,,34.32074,식품,3260.0,2150.0,0.0,86241915,001790,179194.0,173043.7,1.03554188912974,488027488.0,20.539419087136924,2.4691358024691468,1.4757023803813718,-13.607534114933692,3.974490904025492,148.19500000000002,-10.889570552147243,https://finance.naver.com/item/main.naver?code=001790
유진기업,KOSDAQ,3230.0,249714087490,-21.41,0.25,-149.0,12870.0,1.80627,368273504130.0,14248462460.0,-11408064010.0,,7.5794,건축자재,5200.0,2950.0,0.0471895004,77310863,023410,170607.0,313805.55,0.5436710727391533,1050327289.9,-4.71976401179941,-32.07150368033649,1.8077436807602671,-1.1577311577311578,3.868989297413673,180.627,-37.88461538461539,https://finance.naver.com/item/main.naver?code=023410
HLB제약,KOSDAQ,7610.0,249603099160,60.54,2.24,130.0,3516.0,0.36152,62277890620.0,-30962000.0,-56665320.0,,47.06703,제약,20503.321,5528.986,0.0,32799356,047920,198393.0,175921.85,1.1277337067567217,1421222045.75,-28.94491129785247,-50.93488072211476,5.647638425812371,3.6973833902161544,-0.04971587780472582,36.152,-62.884061562514674,https://finance.naver.com/item/main.naver?code=047920
셀바스AI,KOSDAQ,9170.0,246808624300,-41.21,2.25,-223.0,4090.0,0.19775,33344024530.0,1780045870.0,-297610430.0,,-32.98986,건강관리장비와용품,17580.0,6100.0,0.0104523201,26914790,108860,142308.0,457876.75,0.3107997949229787,4576133253.5,4.441913439635536,-23.90041493775934,0.7348833501591858,-5.452322738386308,5.338425385329453,19.775000000000002,-47.83845278725825,https://finance.naver.com/item/main.naver?code=108860
남양유업,KOSPI,43950.0,249347995650,48.87,0.36,888.0,120319.0,0.16962,258038155820.0,1278332550.0,1518194680.0,,34.32074,식품,60100.0,39500.0,0.0679865345,5673447,003920,3094.0,3575.0,0.8654545454545455,155760275.0,-1.457399103139012,-13.654223968565816,0.8654545454545455,0.7380380488534646,0.4954044668075089,16.962,-26.87188019966722,https://finance.naver.com/item/main.naver?code=003920
제테마,KOSDAQ,6580.0,245349111420,-33.7,3.41,-184.0,1818.0,2.01879,20082245180.0,2305643430.0,1351121990.0,,-32.98986,건강관리장비와용품,11280.0,3800.0,0.028926761,37287099,216080,235422.0,333837.8,0.7051987522084078,1751182253.0,35.9504132231405,-32.09494324045408,5.160874532482541,-10.121012101210122,11.481004286792599,201.87900000000002,-41.666666666666664,https://finance.naver.com/item/main.naver?code=216080
서흥,KOSPI,21300.0,246422106900,5.43,0.48,3911.0,43882.0,0.91757,212900400980.0,22491978470.0,16566368520.0,,47.06703,제약,30800.0,16000.0,0.0604911543,11569113,008490,19470.0,79710.75,0.24425814585862007,2075853986.25,17.42006615214995,-4.697986577181212,0.2547084301678255,8.912538170548288,10.564554301667526,91.757,-30.84415584415584,https://finance.naver.com/item/main.naver?code=008490
덕산테코피아,KOSDAQ,11980.0,245309476320,-3.17,2.11,-3752.0,5642.0,7.02264,42181814090.0,-10561938960.0,-18128395900.0,,30.41324,반도체와반도체장비,33000.0,7850.0,0.0178708519,20476584,317330,133167.0,132901.35,1.0019988510274727,1604490942.75,-22.709677419354833,-37.046768260641095,2.7074442810400345,-66.50124069478908,-25.039081859933347,702.264,-63.696969696969695,https://finance.naver.com/item/main.naver?code=317330
유니테스트,KOSDAQ,11560.0,244310496560,-11.09,2.37,-1022.0,4773.0,0.94726,50527384900.0,7880932740.0,6969281360.0,,30.41324,반도체와반도체장비,23700.0,6030.0,0.0866509455,21134126,086390,105682.0,202516.15,0.521844801019573,2137822980.25,-23.443708609271518,-40.9903011740684,2.722454480790791,-21.41210978420281,15.597349349461384,94.726,-51.223628691983116,https://finance.naver.com/item/main.naver?code=086390
에이유브랜즈,KOSDAQ,16840.0,241321410000,28.23,3.59,615.0,4838.0,0.46304,30272543120.0,6274259070.0,4732567310.0,,9.12262,"섬유,의류,신발,호화품",28700.0,10450.0,0.0214542663,14330250,481070,12229.0,54224.05,0.22552723376435363,1072815426.0,28.844682478959438,-13.106295149638802,0.5058825373611894,12.711864406779661,20.725906789954553,46.304,-41.32404181184669,https://finance.naver.com/item/main.naver?code=481070
뷰웍스,KOSDAQ,27000.0,242228097000,10.83,0.95,2434.0,27823.0,0.41988,63877066590.0,10696407740.0,16243346440.0,,-32.98986,건강관리장비와용품,34900.0,18010.0,0.3022352894,8971411,100120,7422.0,24989.55,0.2970041477337527,689688841.25,8.000000000000007,3.6468330134356908,0.6194189171073509,8.74815799877799,16.74530204816032,41.988,-22.636103151862464,https://finance.naver.com/item/main.naver?code=100120
삼영전자,KOSPI,12190.0,243800000000,45.09,0.43,269.0,28401.0,0.0864,41685108790.0,3112098050.0,5487252360.0,,-78.68198,전기제품,17990.0,10070.0,0.40288925,20000000,005680,10481.0,29368.6,0.35687775379146436,379317945.5,-7.0884146341463445,-0.9748172217709183,0.7272392963913841,0.9471497482483011,7.465730905676738,8.64,-32.24013340744858,https://finance.naver.com/item/main.naver?code=005680
알멕,KOSDAQ,37550.0,239996356550,-157.56,1.37,-205.0,23535.0,1.24311,55217090660.0,2601088840.0,3506548200.0,,10.29196,자동차부품,104000.0,18900.0,0.0865357581,6391381,354320,299918.0,68607.55,4.371501387237993,2161278011.25,-33.890845070422536,-27.087378640776695,4.371501387237993,-0.8710431272572764,4.710658980597585,124.31099999999999,-63.894230769230774,https://finance.naver.com/item/main.naver?code=354320
더즌,KOSDAQ,3360.0,241101917280,19.51,3.3,173.0,1022.0,1.80378,15006965450.0,3640110900.0,2731243730.0,,33.41967,IT서비스,5530.0,1588.0,0.005557446,71756523,462860,2066650.0,4641342.65,0.4452698617284806,13446599290.95,37.704918032786885,-22.66973532796318,1.4388289130086096,16.927592954990214,24.256142336890633,180.378,-39.24050632911392,https://finance.naver.com/item/main.naver?code=462860
상아프론테크,KOSDAQ,15050.0,240635006850,34.69,1.15,433.0,13041.0,0.92511,55832322730.0,3579752210.0,4967601250.0,,250.96527,전자장비와기기,30050.0,10600.0,0.046969683,15989037,089980,5944.0,20414.1,0.29117129826933347,298948936.5,-15.354330708661411,-32.51121076233184,0.7954795949858187,3.3202975231960736,6.411612548006204,92.511,-49.91680532445923,https://finance.naver.com/item/main.naver?code=089980
흥국화재,KOSPI,3730.0,239625065850,1.85,0.29,1992.0,12842.0,9.40558,949301000000.0,35505000000.0,26831000000.0,,9.16061,손해보험,7480.0,2870.0,0.0131257205,64242645,000540,77383.0,82753.3,0.9351047027731825,302132781.3,2.0519835841313228,-28.952380952380953,6.728964282995361,15.511602554119296,3.740120362245484,940.558,-50.13368983957219,https://finance.naver.com/item/main.naver?code=000540
일신방직,KOSPI,10400.0,238784000000,6.74,0.25,1555.0,42582.0,0.19401,138516423590.0,12489780750.0,30041092150.0,,9.12262,"섬유,의류,신발,호화품",17800.0,9300.0,0.1056301829,22960000,003200,37500.0,34525.3,1.0861600044025685,371655726.25,-2.5304592314901564,-28.02768166089965,1.11891859013535,3.6517777464656427,9.016823006468153,19.401,-41.57303370786517,https://finance.naver.com/item/main.naver?code=003200
디지털대성,KOSDAQ,8620.0,238561448040,10.77,1.62,801.0,5322.0,0.86306,69024696300.0,15111354870.0,20130395550.0,,10.7911,교육서비스,9180.0,6760.0,0.0376188666,27675342,068930,18686.0,30837.3,0.605954477207797,255470259.5,13.870541611624843,-5.06607929515418,0.605954477207797,15.050732807215333,21.89267853395829,86.30600000000001,-6.100217864923751,https://finance.naver.com/item/main.naver?code=068930
KPX케미칼,KOSPI,54300.0,237763898700,5.11,0.34,10650.0,158214.0,0.38459,244962263730.0,23038622510.0,61185868770.0,,-31.79194,화학,57000.0,45000.0,0.296865583,4378709,025000,2857.0,4691.05,0.6090320930282133,249386232.5,8.600000000000009,1.3059701492537323,0.7620895108770958,6.731389131176761,9.40496799759877,38.458999999999996,-4.736842105263161,https://finance.naver.com/item/main.naver?code=025000
지씨셀,KOSDAQ,15100.0,238585194400,-0.81,1.19,-18158.0,12404.0,0.77035,41603971180.0,-1009284590.0,2174866170.0,,-11.05155,건강관리업체및서비스,28450.0,11610.0,0.0344659585,15800344,144510,28670.0,55474.0,0.5168186898366802,789040764.25,-9.526662672258833,-40.316205533596836,2.7705231279518334,-146.3882618510158,-2.4259332976492076,77.035,-46.924428822495614,https://finance.naver.com/item/main.naver?code=144510
코오롱글로벌,KOSPI,9370.0,238222495830,-0.98,0.35,-9556.0,26910.0,3.2187,750494505250.0,52208362990.0,32238057510.0,,35.85997,건설,13570.0,7900.0,0.008613332,25423959,003070,7347.0,44844.4,0.1638331653450598,464840831.0,2.9670329670329565,-9.205426356589152,0.43189339137105187,-35.510962467484205,6.956528345615093,321.87,-30.95062638172439,https://finance.naver.com/item/main.naver?code=003070
서호전기,KOSDAQ,46200.0,237930000000,9.86,2.5,4588.0,18120.0,0.32486,23953326780.0,4198541320.0,5217573130.0,,6.48527,운송인프라,59900.0,36400.0,0.0219939806,5150000,065710,8281.0,7778.0,1.064669580869118,348210232.5,0.9836065573770592,-9.765625,1.1691951658524042,25.32008830022075,17.52800919288423,32.486,-22.871452420701168,https://finance.naver.com/item/main.naver?code=065710
다올투자증권,KOSPI,3895.0,237248757870,6.13,0.43,641.0,9169.0,11.59949,1060502871630.0,17114292400.0,17113433550.0,,8.27693,증권,5740.0,3005.0,0.0467971309,60911106,030210,42778.0,58090.4,0.7364039497059754,222840534.5,10.96866096866096,-16.95095948827292,1.0150214148981587,6.990947758752318,1.6137902930611796,1159.9489999999998,-32.14285714285714,https://finance.naver.com/item/main.naver?code=030210
케이프,KOSDAQ,7660.0,236389246900,3.75,0.77,2008.0,9768.0,13.48029,161093349960.0,2793384940.0,-680924110.0,,8.27693,증권,17500.0,6880.0,0.0231171105,30860215,064820,19139.0,68707.7,0.27855684297393163,564895141.0,-22.937625754527158,-37.72357723577235,1.4197389812204455,20.55692055692056,1.7340162959511403,1348.029,-56.22857142857143,https://finance.naver.com/item/main.naver?code=064820
강원에너지,KOSDAQ,9030.0,235891033140,-37.65,6.67,-234.0,1321.0,1.50366,47481157920.0,-94530510.0,-761624640.0,,250.96527,전자장비와기기,20250.0,6040.0,0.0096502941,26123038,114190,75770.0,179268.2,0.4226628035535583,1647412136.25,-6.0353798126951075,-42.41071428571429,0.5396551089373351,-17.713853141559426,-0.1990905743269203,150.36599999999999,-55.407407407407405,https://finance.naver.com/item/main.naver?code=114190
삼미금속,KOSDAQ,10200.0,235126105800,97.09,2.0,86.0,4178.0,1.22631,22258663140.0,2606524970.0,1279299170.0,,176.74372,기계,20850.0,4020.0,0.0021167747,23051579,012210,17004888.0,486130.95,34.980056299645184,4175797341.75,16.8384879725086,-43.048576214405365,34.980056299645184,2.0584011488750598,11.710159561721099,122.631,-51.07913669064747,https://finance.naver.com/item/main.naver?code=012210
피에이치에이,KOSDAQ,11180.0,234780000000,4.72,0.26,2369.0,43257.0,0.37439,316817781260.0,11381660300.0,14374783300.0,,10.29196,자동차부품,15600.0,9730.0,0.1508147143,21000000,043370,13041.0,16349.7,0.7976293142993449,180251157.5,-5.733558178752107,-17.73362766740251,3.2534541918200333,5.476570266084102,3.592494163280411,37.439,-28.333333333333332,https://finance.naver.com/item/main.naver?code=043370
BYC,KOSPI,37750.0,235792162500,15.93,0.55,2367.0,68791.0,0.38004,43426502660.0,2992635670.0,3698689540.0,,9.12262,"섬유,의류,신발,호화품",71500.0,29150.0,0.0493929861,6246150,001460,1264.0,1803.15,0.7009954801319912,67705647.5,5.153203342618395,-28.095238095238095,1.2539167567867342,3.4408570888633685,6.891265671173899,38.004,-47.2027972027972,https://finance.naver.com/item/main.naver?code=001460
LS네트웍스,KOSPI,2965.0,233650942440,-7.48,0.27,-405.0,11323.0,10.8324,2379092704890.0,63054037910.0,35834276490.0,,8.27693,증권,4965.0,2560.0,0.009006305,78803016,000680,65488.0,83743.4,0.7820078955475894,251376861.7,-3.104575163398693,-13.682678311499274,0.8932405419412157,-3.5767906031970322,2.650339676986878,1083.24,-40.28197381671702,https://finance.naver.com/item/main.naver?code=000680
대명에너지,KOSDAQ,13030.0,233449714750,16.29,1.43,807.0,9190.0,1.27054,25345510560.0,3397394790.0,16526211150.0,,-40.24179,에너지장비및서비스,27600.0,10590.0,0.0109774186,17916325,389260,49861.0,175822.4,0.2835873017317475,2511044826.75,-7.061340941512128,-35.01246882793018,0.3625647244037165,8.781284004352557,13.404325716609279,127.054,-52.789855072463766,https://finance.naver.com/item/main.naver?code=389260
대동,KOSPI,8130.0,234362412450,-11.95,0.47,-703.0,17840.0,2.37606,467080858520.0,41232575820.0,21418694530.0,,176.74372,기계,13640.0,5470.0,0.0310782667,28826865,000490,232870.0,1103117.3,0.21110175681226284,9274707571.5,8.54472630173564,-28.053097345132738,0.6391287671764372,-3.9405829596412554,8.827716886247536,237.606,-40.39589442815249,https://finance.naver.com/item/main.naver?code=000490
덕양에너젠,KOSDAQ,9120.0,232276933440,35.64,3.74,250.0,2381.0,0.6209,35315791420.0,3189414260.0,462223360.0,,-139.5926,석유와가스,42800.0,5900.0,0.0191943433,25468962,0001A0,80393.0,60474.6,1.329368032198642,536889569.75,-11.969111969111967,-57.87528868360277,1.39870292651791,10.499790004199916,9.031127809283,62.09,-78.69158878504673,https://finance.naver.com/item/main.naver?code=0001A0
갤럭시아머니트리,KOSDAQ,5950.0,233417536100,28.87,2.02,212.0,3035.0,2.4011,35926429590.0,5601261750.0,3612290940.0,,33.41967,IT서비스,12250.0,4055.0,0.0286423054,39229838,094480,464743.0,1602333.2,0.2900414220962282,9864342278.0,0.6768189509306355,-41.32149901380671,2.0462953647843034,6.985172981878089,15.590922376430893,240.11,-51.42857142857142,https://finance.naver.com/item/main.naver?code=094480
나무가,KOSDAQ,16480.0,232126024160,7.97,1.14,1741.0,12226.0,0.38801,93206654780.0,2152255990.0,2283054250.0,,94.7569,핸드셋,28600.0,11050.0,0.0615506204,14085317,190510,1852580.0,34764.25,53.2898020236306,476165478.25,5.035054174633524,-27.400881057268723,53.2898020236306,14.240143955504662,2.309122664127438,38.801,-42.37762237762238,https://finance.naver.com/item/main.naver?code=190510
슈어소프트테크,KOSDAQ,4330.0,231475300670,26.71,2.17,164.0,2019.0,0.3842,26447518870.0,2755203840.0,2753063030.0,,161.19616,소프트웨어,10880.0,3000.0,0.0483402836,53458499,298830,149353.0,178756.15,0.835512512436635,764449133.75,-13.745019920318724,-48.63582443653618,1.0102253824553729,8.122833085685983,10.417626899305432,38.42,-60.20220588235294,https://finance.naver.com/item/main.naver?code=298830
칩스앤미디어,KOSDAQ,10790.0,230423406460,37.63,2.66,291.0,4120.0,0.23069,7091905740.0,1126870850.0,2177371120.0,,30.41324,반도체와반도체장비,21150.0,7740.0,0.0241058953,21355274,094360,126469.0,48424.85,2.611654966406711,514345110.0,-21.470160116448323,-40.90909090909091,2.611654966406711,7.063106796116505,15.889535074390315,23.069,-48.98345153664303,https://finance.naver.com/item/main.naver?code=094360
케이티알파,KOSDAQ,4725.0,231615441225,5.35,0.77,890.0,6183.0,0.54574,96365650140.0,12721918040.0,13321504320.0,,21.98819,인터넷과카탈로그소매,6100.0,4220.0,0.0109717753,49019141,036030,14492.0,29494.85,0.4913400135955938,138781578.8,2.4945770065075923,-3.1762295081967262,1.0621176239241767,14.394306970726184,13.201714533672112,54.574,-22.540983606557376,https://finance.naver.com/item/main.naver?code=036030
한진,KOSPI,14910.0,231382564560,-140.28,0.16,-106.0,94858.0,1.8592,864122121550.0,29830881270.0,2967477400.0,,8.64377,항공화물운송과물류,23650.0,13700.0,0.0533605574,15518616,002320,12180.0,20450.45,0.5955859162023329,307591075.25,-7.1606475716064715,-29.669811320754715,1.1954749161998879,-0.11174597819899217,3.4521603516516293,185.92,-36.95560253699789,https://finance.naver.com/item/main.naver?code=002320
PKC,KOSPI,5110.0,230093534790,22.27,1.01,229.0,5057.0,1.77804,71575091710.0,5448094140.0,3954831400.0,,-31.79194,화학,8200.0,4075.0,0.0156264238,45028089,001340,66848.0,103696.95,0.6446476969669793,524836426.45,-10.50788091068301,-25.834542815674887,0.7900328794627036,4.528376507810955,7.611718001108517,177.804,-37.68292682926829,https://finance.naver.com/item/main.naver?code=001340
KSS해운,KOSPI,10190.0,230064979750,6.32,0.42,1619.0,24109.0,2.29983,159897316520.0,32012343410.0,17011433210.0,,10.21966,해운사,14400.0,8540.0,0.0761458131,22577525,044450,19194.0,45487.8,0.4219592945800852,461258828.5,6.0353798126951075,-5.822550831792972,1.2415636720175518,6.7153345223775345,20.020563263171393,229.983,-29.236111111111107,https://finance.naver.com/item/main.naver?code=044450
KBI메탈,KOSDAQ,5310.0,229876463160,-5230.0,1.5,-1.0,3484.0,1.4752,279852511250.0,12865536880.0,11310437550.0,,52.37524,전기장비,11760.0,1620.0,0.0134542936,43291236,024840,954765.0,5997995.65,0.15918067563120022,34341293184.25,18.131256952169082,119.42148760330578,2.0535361675362336,-0.02870264064293915,4.597256184171547,147.52,-54.84693877551021,https://finance.naver.com/item/main.naver?code=024840
더본코리아,KOSPI,15430.0,228795577100,-13.09,0.93,-1179.0,16648.0,0.29641,83216576480.0,-5562003640.0,-4405558260.0,,15.60994,"호텔,레스토랑,레저",27000.0,12130.0,0.0053857676,14827970,475560,31537.0,132623.5,0.23779345289484896,2398787859.25,-3.802992518703241,-34.756871035940804,0.7445362247263871,-7.081931763575204,-6.68376887787105,29.641000000000002,-42.851851851851855,https://finance.naver.com/item/main.naver?code=475560
골프존,KOSDAQ,36350.0,228111335250,8.62,0.5,4269.0,73255.0,0.41119,101208044200.0,6623879860.0,8242673600.0,,15.60994,"호텔,레스토랑,레저",63400.0,34100.0,0.1672193791,6275415,215000,8463.0,24834.15,0.34078073942534776,892059531.25,-15.95375722543353,-33.66788321167883,1.5880551579176254,5.827588560507816,6.544815594806247,41.119,-42.66561514195584,https://finance.naver.com/item/main.naver?code=215000
잇츠한불,KOSPI,10400.0,228064876000,11.18,0.48,949.0,22121.0,0.05857,49663192940.0,7333928060.0,14508253000.0,,45.04075,화장품,14200.0,8200.0,0.0130552186,21929315,226320,12461.0,60162.6,0.2071220326249198,658751377.25,6.995884773662553,-10.034602076124566,0.8294355629577179,4.290041137380769,14.767330946402094,5.856999999999999,-26.76056338028169,https://finance.naver.com/item/main.naver?code=226320
신성에스티,KOSDAQ,25100.0,226898427800,409.68,2.17,62.0,11704.0,1.61894,59873653620.0,1671690670.0,1229126390.0,,-78.68198,전기제품,51900.0,13800.0,0.014485754,9039778,416180,10412.0,23666.1,0.4399541960863852,557579468.0,-1.7612524461839585,-35.887611749680715,1.5959537059338043,0.5297334244702666,2.792030499106862,161.894,-51.637764932562625,https://finance.naver.com/item/main.naver?code=416180
미창석유,KOSPI,130800.0,227549097600,2.93,0.42,45517.0,316865.0,0.14551,135946149450.0,8156045310.0,79400019670.0,,-31.79194,화학,169000.0,104000.0,0.3051121131,1739672,003650,1642.0,3045.85,0.5390941773232432,441635670.0,4.723779023218566,-3.039288361749448,1.4133985586946174,14.364792577280545,5.99946768849068,14.551,-22.60355029585799,https://finance.naver.com/item/main.naver?code=003650
삼부토건,KOSPI,5820.0,227794235460,-1.04,-0.56,-5602.0,-10365.0,1.81696,21981751620.0,-6946231990.0,176408096330.0,,35.85997,건설,347.0,347.0,0.0,39139903,001470,,,,,,,,54.047274481427884,-31.59999307643892,181.696,1577.2334293948127,https://finance.naver.com/item/main.naver?code=001470
미원화학,KOSPI,10290.0,226304677200,8.33,1.16,1235.0,8899.0,0.31198,105425225120.0,24349042190.0,19658859070.0,,-31.79194,화학,15400.0,8320.0,0.0050710509,21992680,134380,1713.0,8452.15,0.2026703264849772,91099504.5,2.8999999999999915,-90.61131386861314,3.684151369769822,13.87796381615912,23.09603053945084,31.197999999999997,-33.18181818181818,https://finance.naver.com/item/main.naver?code=134380
모토닉,KOSPI,10410.0,226241508540,8.31,0.46,1248.0,22319.0,0.10298,73661865890.0,5812353760.0,7031852190.0,,10.29196,자동차부품,11980.0,9290.0,0.112343093,21733094,009680,7736.0,11301.9,0.6844866792309258,114937029.5,4.728370221327971,-7.219251336898392,1.4125058618462383,5.591648371342802,7.89058719837432,10.298,-13.105175292153593,https://finance.naver.com/item/main.naver?code=009680
디아이씨,KOSPI,5810.0,225942585890,-20.9,1.59,-278.0,3657.0,3.01322,196618790360.0,8729606730.0,5428742960.0,,10.29196,자동차부품,15150.0,3790.0,0.0116283785,38888569,092200,189585.0,830538.45,0.22826757749746565,5322544406.55,-40.714285714285715,-42.92730844793713,0.3180852132733891,-7.6018594476346735,4.439863918406013,301.322,-61.650165016501646,https://finance.naver.com/item/main.naver?code=092200
제닉,KOSDAQ,28350.0,225912078000,13.21,6.08,2414.0,5246.0,0.62969,49209965810.0,9987427080.0,11214382210.0,,45.04075,화장품,38900.0,15570.0,0.0326968833,7968680,123330,690943.0,368831.45,1.873329945155165,11705986977.5,27.130044843049326,39.6551724137931,1.873329945155165,46.016012199771254,20.29553753107962,62.968999999999994,-27.120822622107966,https://finance.naver.com/item/main.naver?code=123330
에스엔시스,KOSDAQ,23900.0,225533879600,11.34,1.34,2169.0,18298.0,0.36237,41075547290.0,6071907970.0,5481901550.0,,20.72131,조선,57600.0,19000.0,0.080265656,9436564,0008Z0,18226.0,17750.3,1.0267995470499092,424649616.25,-8.076923076923082,-26.57450076804916,2.601702506436511,11.853754508689475,14.782293531310364,36.237,-58.50694444444444,https://finance.naver.com/item/main.naver?code=0008Z0
SBS,KOSPI,12120.0,224841004560,28.06,0.17,433.0,69877.0,0.69627,285351328160.0,7793303540.0,6609529880.0,,891.14405,방송과엔터테인먼트,20800.0,10500.0,0.0,18551238,034120,3758.0,7250.6,0.5183019336330786,88562135.0,-1.3832384052074875,-34.41558441558441,0.85303285245359,0.6196602601714442,2.7311257285020236,69.627,-41.730769230769226,https://finance.naver.com/item/main.naver?code=034120
코스맥스비티아이,KOSPI,23400.0,224731751400,8.05,0.85,3056.0,28837.0,2.04411,238977044740.0,16260419820.0,46549998450.0,,-11.05155,건강관리업체및서비스,29150.0,11810.0,0.0575846053,9603921,044820,38360.0,59628.95,0.6433116799809488,1503864946.25,31.534569983136596,55.069582504970185,0.6433116799809488,10.597496272150362,6.804176458743499,204.411,-19.725557461406517,https://finance.naver.com/item/main.naver?code=044820
경방,KOSPI,8180.0,224256908600,4.32,0.26,1888.0,31241.0,0.54323,117107557440.0,11166155600.0,-2197989990.0,,9.12262,"섬유,의류,신발,호화품",15210.0,6200.0,0.0274568151,27415270,000050,9938.0,24985.5,0.3977506954033339,211500357.0,0.0,-19.803921568627448,1.189409857717476,6.043340482058833,9.534957302581411,54.323,-46.21959237343852,https://finance.naver.com/item/main.naver?code=000050
도우인시스,KOSDAQ,20450.0,224079279900,438.78,1.39,49.0,15451.0,0.32066,58892453300.0,8199988240.0,9822089810.0,,15.94641,디스플레이장비및부품,34250.0,11670.0,0.0081437951,10957422,484120,65874.0,46850.1,1.4060588984868763,947645602.25,23.789346246973373,-9.513274336283184,4.47651125611258,0.3171315772441913,13.923665564124155,32.066,-40.29197080291971,https://finance.naver.com/item/main.naver?code=484120
베뉴지,KOSDAQ,4650.0,224130000000,1.97,0.47,2331.0,9718.0,0.49008,14064019250.0,5867699120.0,219445783120.0,,15.60994,"호텔,레스토랑,레저",7300.0,2310.0,0.0057010996,48200000,019010,202098.0,928846.65,0.21757951110659654,4703608556.4,0.0,-24.390243902439025,0.2827721884984997,23.986416958221856,41.72135301933692,49.008,-36.3013698630137,https://finance.naver.com/item/main.naver?code=019010
미래반도체,KOSDAQ,15460.0,223211480000,15.61,2.0,979.0,7635.0,1.24661,340148059390.0,28153149400.0,18997225470.0,,30.41324,반도체와반도체장비,47850.0,10520.0,0.0333972849,14438000,254490,33350.0,86571.45,0.38523092774812023,1451961344.25,-36.37860082304527,-25.493975903614462,0.5214767686113609,12.822527832351016,8.276733799536611,124.661,-67.6907001044932,https://finance.naver.com/item/main.naver?code=254490
DXVX,KOSDAQ,2265.0,222942663480,-3.96,2.44,-587.0,954.0,0.28143,6404418470.0,-6035537520.0,-5917036360.0,,-11.05155,건강관리업체및서비스,5360.0,1319.0,0.049286884,98429432,180400,54751.0,78723.85,0.6954817377452956,205907422.0,-14.204545454545459,-50.867678958785255,1.2282681804815185,-61.530398322851156,-94.24021163314146,28.143,-57.74253731343284,https://finance.naver.com/item/main.naver?code=180400
LIG아큐버,KOSDAQ,29250.0,222412495500,-187.34,1.35,-158.0,21991.0,0.46219,63669079000.0,5643627050.0,4582919620.0,,-319.55513,통신장비,62500.0,19990.0,0.0794188888,7603846,073490,20188.0,40914.2,0.4934228214165253,1263266445.0,-13.589364844903983,-16.309012875536478,0.8467231425764161,-0.7184757400754854,8.863999823210888,46.219,-53.2,https://finance.naver.com/item/main.naver?code=073490
아스트,KOSDAQ,5280.0,222371196960,-16.42,0.67,-310.0,7610.0,0.73126,56996960540.0,3822532340.0,1754157800.0,,40.34295,우주항공과국방,10390.0,3990.0,0.0,42115757,067390,58610.0,727905.2,0.08051872688916084,485145177.1,725.0,467.13211600429645,0.20557622063972067,-4.07358738501971,6.706554707101228,73.126,-49.18190567853705,https://finance.naver.com/item/main.naver?code=067390
에이직랜드,KOSDAQ,20350.0,222337140300,-8.25,3.96,-2443.0,5085.0,1.70494,59739940880.0,7980160420.0,9028299180.0,,30.41324,반도체와반도체장비,34800.0,13910.0,0.0078447449,10925658,445090,9657.0,50784.4,0.19015681981080804,1121220204.5,-24.768946395563773,-34.14239482200647,0.3951213364734052,-48.0432645034415,13.3581659145425,170.494,-41.52298850574713,https://finance.naver.com/item/main.naver?code=445090
바이넥스,KOSDAQ,6800.0,222252478400,-67.13,1.15,-101.0,5881.0,0.93672,37809540710.0,-9154005880.0,-15018771870.0,,47.06703,제약,19200.0,5500.0,0.0725796523,32684188,053030,33601.0,102735.8,0.3270622314714053,724152019.75,-13.043478260869568,-57.20578980490875,0.6265975443808293,-1.7173950008501957,-24.21083596389447,93.672,-64.58333333333333,https://finance.naver.com/item/main.naver?code=053030
오픈엣지테크놀로지,KOSDAQ,8410.0,221574317300,-6.96,12.31,-1208.0,683.0,1.28199,2942294270.0,-6254481180.0,-6106602540.0,,30.41324,반도체와반도체장비,22700.0,7600.0,0.0299833033,26346530,394280,56318.0,71690.15,0.7855751452605414,670525709.0,-37.23880597014926,-47.2396486825596,1.2151041670299199,-176.86676427525623,-212.5715719114662,128.19899999999998,-62.95154185022027,https://finance.naver.com/item/main.naver?code=394280
인피니트헬스케어,KOSDAQ,9100.0,222007767800,8.94,1.23,1083.0,7866.0,0.27189,25485285630.0,4926911040.0,25367573390.0,,562.67204,건강관리기술,10980.0,5250.0,0.1348208416,24396458,071200,79473.0,94156.35,0.8440535343606671,918500189.0,22.807017543859654,27.80898876404494,0.8440535343606671,13.768115942028986,19.33237520477419,27.189000000000004,-17.122040072859747,https://finance.naver.com/item/main.naver?code=071200
한국캐피탈,KOSDAQ,1401.0,221084507988,2.46,0.29,578.0,4820.0,5.7209,157053902000.0,38681025000.0,25976723000.0,,28.92124,기타금융,2500.0,1224.0,0.0068325303,157804788,023760,91137.0,150625.55,0.6050567118261145,144349926.9,55.49389567147613,27.94520547945205,0.6050567118261145,11.991701244813278,24.629139745919844,572.09,-43.96,https://finance.naver.com/item/main.naver?code=023760
채비,KOSDAQ,4695.0,220428329745,-5.07,2.5,-899.0,1822.0,0.6346,28953504370.0,-10035636350.0,-11377239200.0,,-78.68198,전기제품,30750.0,3555.0,0.0274148075,46949591,0011T0,71189.0,126979.9,0.5606320370389329,625379681.9,-43.70503597122302,-79.17960088691795,1.0979454228582635,-49.34138309549945,-34.66121482827607,63.46000000000001,-84.73170731707317,https://finance.naver.com/item/main.naver?code=0011T0
무학,KOSPI,7730.0,220305000000,4.07,0.34,1898.0,22743.0,0.25766,37902358510.0,2410797600.0,25544836490.0,,17.14445,음료,10490.0,7080.0,0.0237625263,28500000,033920,17140.0,19986.7,0.8575702842390189,155221059.75,-0.7702182284980763,-18.717139852786534,0.8777837261779082,8.34542496592358,6.3605477199102145,25.766,-26.31077216396568,https://finance.naver.com/item/main.naver?code=033920
클리오,KOSDAQ,12160.0,219747652480,16.38,0.89,755.0,13864.0,0.29667,86805271280.0,11617333900.0,13721492710.0,,45.04075,화장품,15330.0,8800.0,0.0289613622,18071353,237880,55703.0,215063.1,0.2590077051804796,2885668187.75,15.370018975332078,-6.245181187355431,0.40984250668757216,5.4457587997691865,13.383212480872277,29.666999999999998,-20.67840834964123,https://finance.naver.com/item/main.naver?code=237880
티씨머티리얼즈,KOSDAQ,6270.0,219691708500,118.43,2.72,51.0,2222.0,0.80715,123830504790.0,3811388910.0,2641318930.0,,52.37524,전기장비,10410.0,2990.0,0.0284852826,35038550,125020,892653.0,893514.95,0.999035326717253,5099028958.75,-10.68376068376068,-0.4761904761904745,2.071328521140021,2.295229522952295,3.077907916521544,80.715,-39.76945244956772,https://finance.naver.com/item/main.naver?code=125020
큐라클,KOSDAQ,9910.0,219575790720,-8.97,5.69,-1120.0,1765.0,0.27297,7184603330.0,2358590980.0,3227579410.0,,47.06703,제약,20750.0,4135.0,0.0177557044,22156992,365270,46266.0,115460.45,0.4007086409242299,1289381361.25,-16.371308016877638,-46.74905964535196,0.98384338533238,-63.45609065155807,32.82840919207713,27.297,-52.24096385542168,https://finance.naver.com/item/main.naver?code=365270
신흥에스이씨,KOSDAQ,5680.0,219010774800,-37.35,0.72,-151.0,7821.0,1.46984,131556472230.0,5196061820.0,-194996620.0,,-78.68198,전기제품,12290.0,3425.0,0.0687356151,38558235,243840,148531.0,287071.4,0.5174008974770736,1598122871.7,-2.73972602739726,-10.832025117739407,1.1497871261295969,-1.9306993990538295,3.949681632474708,146.984,-53.78356387306753,https://finance.naver.com/item/main.naver?code=243840
GS글로벌,KOSPI,2655.0,219127143420,11.04,0.4,241.0,6576.0,1.87525,1134888565000.0,11717467000.0,7858181000.0,,16.59376,무역회사와판매업체,5690.0,2200.0,0.0506277649,82533764,001250,209800.0,424041.65,0.4947627196526567,1166896101.2,-6.349206349206349,2.115384615384608,0.7955421360142335,3.6648418491484183,1.032477316396258,187.525,-53.339191564147626,https://finance.naver.com/item/main.naver?code=001250
아이씨티케이,KOSDAQ,15000.0,217535250000,-29.8,4.7,-499.0,3161.0,0.47558,1723536120.0,-1939948300.0,-12812875010.0,,-319.55513,통신장비,39950.0,11000.0,0.0353037266,14502350,456010,78991.0,221699.1,0.35629824388100806,3707874618.25,-33.62831858407079,-13.892078071182546,0.5050403903308583,-15.78614362543499,-112.55628921777398,47.558,-62.45306633291614,https://finance.naver.com/item/main.naver?code=456010
휴스틸,KOSPI,3870.0,217447850250,-14.29,0.2,-268.0,18820.0,0.34882,242023351920.0,-805730600.0,-14250732950.0,,44.0108,철강,7300.0,3110.0,0.0250712807,56188075,005010,271693.0,347460.35,0.781939579580807,1322209439.0,-15.686274509803921,-10.520231213872833,5.524851972318569,-1.4240170031880977,-0.332914404171351,34.882000000000005,-46.986301369863014,https://finance.naver.com/item/main.naver?code=005010
효성화학,KOSPI,57000.0,216133227000,0.7,0.57,80426.0,98013.0,1.93079,871289334300.0,170770733910.0,155951871660.0,,-31.79194,화학,87500.0,38900.0,0.0241641791,3791811,298000,25387.0,50940.25,0.49836818625742907,3448835427.5,3.6363636363636376,3.6363636363636376,0.608222378178356,82.0564618979115,19.599773254104896,193.079,-34.857142857142854,https://finance.naver.com/item/main.naver?code=298000
우주일렉트로,KOSDAQ,23400.0,216227021400,8.79,0.72,2684.0,32705.0,0.30274,44983936610.0,447277900.0,3535839820.0,,94.7569,핸드셋,51700.0,18800.0,0.1015773979,9240471,065680,14086.0,17809.45,0.7909284116017058,436903146.25,-41.05793450881612,-25.358851674641148,1.1150260114714379,8.206696223818987,0.9943058204927521,30.274,-54.73887814313346,https://finance.naver.com/item/main.naver?code=065680
아이엠바이오로직스,KOSDAQ,14550.0,215871787950,115.0,2.55,128.0,5770.0,0.01953,,-2677728840.0,-2122500000.0,,47.06703,제약,104000.0,13190.0,0.0473378951,14836549,493280,64783.0,76696.4,0.8446680678623769,1279060039.25,-45.91078066914498,-86.00961538461537,0.8446680678623769,2.218370883882149,,1.9529999999999998,-86.00961538461537,https://finance.naver.com/item/main.naver?code=493280
백산,KOSPI,10920.0,215900182680,6.89,0.86,1581.0,12658.0,0.67397,126464943050.0,16339089740.0,9115931640.0,,9.12262,"섬유,의류,신발,호화품",15000.0,9050.0,0.0597887955,19771079,035150,7456.0,17812.05,0.41859303112218976,187300527.5,2.824858757062154,-18.018018018018022,0.7548260868344745,12.4901248222468,12.919856954776844,67.39699999999999,-27.200000000000003,https://finance.naver.com/item/main.naver?code=035150
케이엔알시스템,KOSDAQ,19190.0,214871255170,-25.51,9.54,-778.0,2081.0,1.50759,4507080280.0,-1933299190.0,-2091253740.0,,176.74372,기계,45300.0,8510.0,0.0159580525,11197043,199430,380220.0,239947.2,1.5845986116945727,3893543098.0,28.791946308724835,-42.458770614692654,2.751897084025152,-37.385872176838056,-42.89471387006224,150.759,-57.63796909492274,https://finance.naver.com/item/main.naver?code=199430
대원산업,KOSDAQ,10710.0,214602696000,2.78,0.37,3836.0,29170.0,0.30498,258546932200.0,13127008760.0,20031399020.0,,10.29196,자동차부품,18930.0,9510.0,0.1534358905,20037600,005710,5077.0,9913.85,0.5121118435320284,110127475.0,1.9029495718363432,-35.208711433756804,4.353404580460668,13.150497086047308,5.077224722142729,30.497999999999998,-43.42313787638668,https://finance.naver.com/item/main.naver?code=005710
JTC,KOSDAQ,4400.0,214601706000,,,,,0.98736,46377564000.0,1971840000.0,1001795000.0,,36.09319,백화점과일반상점,7450.0,3350.0,0.1718146975,48773115,950170,2795.0,13958.3,0.2002392841535144,58846281.75,-8.42872008324662,-10.93117408906883,1.3200031522463338,,4.251711021303318,98.736,-40.93959731543624,https://finance.naver.com/item/main.naver?code=950170
세나테크놀로지,KOSDAQ,39200.0,214327960000,12.32,1.28,3280.0,31550.0,0.21128,75459826780.0,18002385630.0,14771768140.0,,-319.55513,통신장비,176400.0,27000.0,0.0239361323,5467550,061090,13293.0,25586.3,0.5195358453547406,1123780748.75,-9.468822170900692,-7.873090481786138,0.9806029007711158,10.396196513470683,23.856913536901178,21.128,-77.77777777777779,https://finance.naver.com/item/main.naver?code=061090
비츠로테크,KOSDAQ,8180.0,214316204500,32.18,0.82,252.0,9877.0,0.40381,123206867640.0,11817356980.0,11637323480.0,,-78.68198,전기제품,23800.0,6520.0,0.0817239297,26200025,042370,72367.0,122696.65,0.5898042041082622,1062888367.25,-24.747010119595213,-22.09523809523809,0.8776686242044913,2.551381998582565,9.591475870102723,40.381,-65.63025210084034,https://finance.naver.com/item/main.naver?code=042370
DSC인베스트먼트,KOSDAQ,8010.0,213066000000,11.94,1.64,669.0,4874.0,0.47042,16987618510.0,12165651570.0,9495631470.0,,14.36921,창업투자,19700.0,6120.0,0.0751712406,26600000,241520,122134.0,146285.0,0.8349044673069693,1207361620.75,-27.04918032786885,-55.49999999999999,0.8349044673069693,13.725892490767336,71.61481500681522,47.042,-59.34010152284264,https://finance.naver.com/item/main.naver?code=241520
바디텍메드,KOSDAQ,9750.0,213602229750,8.95,0.9,1091.0,10787.0,0.16133,50417300180.0,8239188530.0,7649799090.0,,-33.26304,생명과학도구및서비스,15000.0,9580.0,0.0363548873,21907921,206640,29220.0,31290.1,0.9338416943378257,329206972.0,-6.159769008662175,-26.801801801801805,1.487531199964206,10.11402614257903,16.34198677950708,16.133,-35.0,https://finance.naver.com/item/main.naver?code=206640
우리로,KOSDAQ,4855.0,212770370145,-268.89,5.36,-18.0,903.0,0.42176,14727621030.0,2554875340.0,1272413110.0,,18.6464,컴퓨터와주변기기,16200.0,1206.0,0.0259903714,43824999,046970,533683.0,789750.85,0.6757612226691494,3913755809.85,-20.40983606557377,235.29005524861878,1.3154857636430528,-1.9933554817275747,17.347508703515302,42.176,-70.03086419753086,https://finance.naver.com/item/main.naver?code=046970
아이엘,KOSDAQ,5720.0,211157666720,-14.47,8.84,-394.0,645.0,2.88187,24870125990.0,2762638400.0,-596457000.0,,15.94641,디스플레이장비및부품,10400.0,2400.0,0.0103371262,36915676,307180,237806.0,416596.25,0.5708308704171005,2248985825.6,-7.443365695792881,-38.62660944206009,0.6820752707207518,-61.08527131782946,11.10826057379374,288.187,-44.99999999999999,https://finance.naver.com/item/main.naver?code=307180
티엑스알로보틱스,KOSDAQ,13670.0,211214008050,-13.33,3.85,-1032.0,3578.0,0.65791,10143464550.0,-1560723570.0,-1442557110.0,,176.74372,기계,26500.0,7540.0,0.0171218986,15450915,484810,425510.0,555172.85,0.7664459816433747,8653078148.0,12.881915772089192,-27.710206240084613,3.1699118571810563,-28.84292901062046,-15.386494055426061,65.791,-48.41509433962264,https://finance.naver.com/item/main.naver?code=484810
오리엔탈정공,KOSDAQ,4625.0,210778182125,10.98,1.68,420.0,2752.0,0.66903,59676885480.0,8819279030.0,6784191750.0,,20.72131,조선,12990.0,3530.0,0.0442635276,45573661,014940,70130.0,144594.85,0.48501035825273164,695513323.25,-11.736641221374045,-42.042606516290725,1.1187189585244564,15.261627906976743,14.778383555146618,66.903,-64.39568899153194,https://finance.naver.com/item/main.naver?code=014940
DS단석,KOSPI,11940.0,210784389960,-17.37,0.77,-678.0,15304.0,2.57033,310076582520.0,6289708730.0,2518116230.0,,-31.79194,화학,26450.0,9560.0,0.0288027949,17653634,017860,39870.0,93009.8,0.4286645063208393,1113377627.5,-20.13377926421405,-37.58494511238892,0.4286645063208393,-4.430214323052796,2.0284371940903703,257.03299999999996,-54.85822306238185,https://finance.naver.com/item/main.naver?code=017860
바이오다인,KOSDAQ,7090.0,211027490270,239.31,4.64,29.0,1495.0,0.00861,587322130.0,-680661050.0,-323040920.0,,-32.98986,건강관리장비와용품,16860.0,6600.0,0.0428381463,29764103,314930,34501.0,35629.75,0.968320013471888,267532267.75,-30.694037145650043,-48.13460131675201,1.7615896827791382,1.939799331103679,-115.89228725299353,0.861,-57.94780545670226,https://finance.naver.com/item/main.naver?code=314930
코텍,KOSDAQ,11880.0,211007677320,5.31,0.42,2221.0,27942.0,0.22142,129613502290.0,16038491670.0,16180359510.0,,20.32448,디스플레이패널,14500.0,8430.0,0.1244689312,17761589,052330,9153.0,29095.65,0.31458310778415327,354136252.0,5.882352941176472,17.275419545903258,0.8698894851979591,7.948607830506048,12.374090188624901,22.142,-18.068965517241374,https://finance.naver.com/item/main.naver?code=052330
미래나노텍,KOSDAQ,6800.0,210867993200,14.07,0.65,487.0,10551.0,0.94572,106692096700.0,2600443780.0,-9834903200.0,,15.94641,디스플레이장비및부품,14160.0,5220.0,0.0262241543,31009999,095500,43627.0,138805.7,0.3143026547180699,998593026.25,-4.225352112676061,-40.29850746268657,0.7709625757443678,4.615676239219031,2.437334967098833,94.572,-51.9774011299435,https://finance.naver.com/item/main.naver?code=095500
씨메스로보틱스,KOSDAQ,17800.0,210162713200,-12.45,3.56,-1439.0,5040.0,0.23036,3744361940.0,-4770689860.0,-4301313780.0,,176.74372,기계,46950.0,13420.0,0.0212905274,11806894,475400,22077.0,35703.2,0.6183479351990858,702210532.0,-27.198364008179954,-51.49863760217983,1.085560958121401,-28.5515873015873,-127.40995492545788,23.036,-62.087326943556974,https://finance.naver.com/item/main.naver?code=475400
강스템바이오텍,KOSDAQ,2225.0,209270481525,-15.0,3.1,-151.0,730.0,0.20977,641994660.0,-6062121030.0,-6249329260.0,,-71.79167,생물공학,4690.0,1287.0,0.0199304126,94054149,217730,235830.0,503904.45,0.46800539268903063,1280044489.8,-17.439703153988873,1.5981735159817267,1.2580341372258173,-20.684931506849317,-944.2634663035982,20.977,-52.55863539445629,https://finance.naver.com/item/main.naver?code=217730
삼영,KOSPI,6180.0,210120000000,15.15,2.34,400.0,2595.0,1.17978,54043032230.0,7175900400.0,6405369840.0,,-31.79194,화학,13980.0,4365.0,0.0446287353,34000000,003720,223063.0,389992.85,0.571966896316176,2808424932.25,-24.72594397076736,-17.928286852589636,0.571966896316176,15.414258188824661,13.278123199046856,117.97800000000001,-55.793991416309005,https://finance.naver.com/item/main.naver?code=003720
바이오플러스,KOSDAQ,3390.0,208962047580,13.32,1.19,253.0,2841.0,0.48058,25401735860.0,6247133160.0,3743710740.0,,-32.98986,건강관리장비와용품,7350.0,3065.0,0.0313729778,61640722,099430,89608.0,235507.4,0.3804891056501834,840874639.2,-25.33039647577092,-33.39882121807466,0.5725000573230395,8.905315029919041,24.593331709418067,48.058,-53.87755102040816,https://finance.naver.com/item/main.naver?code=099430
옵티코어,KOSDAQ,8450.0,206658126350,-8.19,8.95,-1032.0,944.0,4.03899,3387568940.0,-1873164040.0,-9701268010.0,,-319.55513,통신장비,11100.0,2494.0,0.002192375,24456583,380540,,,,,,,,-109.32203389830508,-55.295230095007305,403.899,-23.873873873873876,https://finance.naver.com/item/main.naver?code=380540
한농화성,KOSPI,13300.0,207972658600,52.53,1.19,253.0,11152.0,0.46942,72385860390.0,7779235310.0,5905198100.0,,-31.79194,화학,29450.0,9250.0,0.0403573131,15637042,011500,31837.0,72563.55,0.4387464505250914,985657421.25,-16.299559471365644,-50.557620817843876,2.3425810892658916,2.268651362984218,10.746899004981213,46.942,-54.83870967741935,https://finance.naver.com/item/main.naver?code=011500
아모텍,KOSDAQ,11200.0,209224960000,23.33,1.18,484.0,9535.0,1.28965,62299515040.0,-575237190.0,-2409255440.0,,94.7569,핸드셋,32339.232,7351.042,0.0844732024,18680800,052710,298048.0,379320.4,0.785742079782685,4670497328.25,-59.493670886075954,-15.022761760242798,1.3563520443403518,5.0760356581017305,-0.9233413608928792,128.965,-65.36714291792705,https://finance.naver.com/item/main.naver?code=052710
성신양회,KOSPI,8490.0,208141459770,8.05,0.36,1044.0,23623.0,1.22651,503228825770.0,18935122740.0,19365922770.0,,7.5794,건축자재,15310.0,6780.0,0.0466905936,24516073,004980,108098.0,74582.75,1.4493699950725871,616556414.5,5.860349127182052,-13.807106598984776,2.365184979100395,4.419421749989417,3.7627261735308997,122.651,-44.546048334421954,https://finance.naver.com/item/main.naver?code=004980
메가터치,KOSDAQ,7090.0,206170896990,-51.52,2.82,-138.0,2519.0,0.15059,25216164730.0,4771813600.0,4080083150.0,,250.96527,전자장비와기기,10990.0,3245.0,0.372726594,29079111,446540,166676.0,246242.9,0.6768763688211924,1856700674.25,-12.143742255266421,77.25,0.9126679388522472,-5.478364430329496,18.923629549115812,15.059000000000001,-35.48680618744313,https://finance.naver.com/item/main.naver?code=446540
천일고속,KOSPI,143800.0,205521836000,-36.46,21.4,-3941.0,6716.0,7.07281,12363550850.0,-1078313560.0,-1251599340.0,,14.30449,도로와철도운송,518000.0,36800.0,0.0049810386,1429220,000650,1503.0,2413.55,0.622734146796213,377739755.0,-26.520183955033218,-46.839186691312385,1.0623355637960679,-58.68076235854676,-8.721714118238127,707.281,-72.23938223938224,https://finance.naver.com/item/main.naver?code=000650
대화제약,KOSDAQ,11010.0,204969316500,116.6,2.65,94.0,4138.0,1.57031,41291264990.0,3328677030.0,1983280770.0,,47.06703,제약,24900.0,7460.0,0.0055052332,18616650,067080,41205.0,121439.65,0.339304337586612,1322994795.0,2.7052238805970186,-33.83413461538461,2.4036712885783187,2.2716288061865635,8.061455687555577,157.031,-55.78313253012048,https://finance.naver.com/item/main.naver?code=067080
금화피에스시,KOSDAQ,34200.0,205200000000,6.39,0.51,5180.0,65215.0,0.26843,137037842320.0,16823880350.0,14228602070.0,,35.85997,건설,42500.0,28350.0,0.2333833333,6000000,036190,7379.0,11350.9,0.6500806103480782,395263626.25,4.747320061255733,-4.602510460251041,0.6500806103480782,7.942957908456644,12.276813517476578,26.843,-19.529411764705884,https://finance.naver.com/item/main.naver?code=036190
드림시큐리티,KOSDAQ,2015.0,204934535260,23.28,1.63,87.0,1244.0,2.92383,108304341200.0,8161426430.0,4783122850.0,,15.16342,상업서비스와공급품,4810.0,1400.0,0.0381238452,101704484,203650,356651.0,921260.35,0.3871337781985299,1925199802.3,-31.11111111111111,22.865853658536594,0.701825493738008,6.993569131832797,7.535641082871016,292.38300000000004,-58.10810810810811,https://finance.naver.com/item/main.naver?code=203650
삼목에스폼,KOSDAQ,13800.0,202860000000,19.29,0.3,715.0,45432.0,0.2051,82875525020.0,-3059226800.0,2362295790.0,,-8.87118,건축제품,23500.0,12570.0,0.0181670068,14700000,018310,1593.0,8887.15,0.1792475653049628,123416129.75,-5.47945205479452,-30.792377131394176,1.128483259537647,1.573780595175207,-3.691351335948375,20.51,-41.276595744680854,https://finance.naver.com/item/main.naver?code=018310
이지바이오,KOSDAQ,6160.0,203784627200,7.52,1.95,840.0,3240.0,1.92182,148130264730.0,15060340610.0,10857210180.0,,34.32074,식품,8560.0,5400.0,0.05844029,33081920,353810,117536.0,92788.45,1.2667093803161924,591408612.25,-6.240487062404876,-15.961800818553884,1.2667093803161924,25.925925925925924,10.166957196391152,192.18200000000002,-28.037383177570096,https://finance.naver.com/item/main.naver?code=353810
영진약품,KOSPI,1108.0,202645145948,-1116.0,2.23,-1.0,500.0,1.63933,61578186350.0,-1497358690.0,-2431269460.0,,47.06703,제약,2320.0,1081.0,0.0294647905,182892731,003520,386549.0,310665.85,1.2442597086226246,374408796.65,-10.71716357775987,-44.875621890547265,1.2442597086226246,-0.2,-2.4316381802628393,163.933,-52.241379310344826,https://finance.naver.com/item/main.naver?code=003520
YG PLUS,KOSPI,3175.0,202130374250,8.98,1.07,353.0,2963.0,0.48857,62117127350.0,3773000490.0,2749235090.0,,891.14405,방송과엔터테인먼트,9200.0,2715.0,0.050456913,63663110,037270,94429.0,183774.7,0.5138302497569034,615424340.55,-15.10695187165776,-54.44763271162123,0.7783552360580646,11.9136010799865,6.074009940512807,48.857,-65.48913043478262,https://finance.naver.com/item/main.naver?code=037270
동아지질,KOSPI,17920.0,201100336640,12.2,0.95,1453.0,18566.0,1.01488,111943502470.0,5035723760.0,5524581210.0,,35.85997,건설,19240.0,13200.0,0.0732597958,11222117,028100,14303.0,17637.05,0.8109632846762923,312165164.0,20.268456375838916,0.11173184357542443,1.3168301955258959,7.826133792954863,4.498451137304316,101.488,-6.8607068607068555,https://finance.naver.com/item/main.naver?code=028100
JW신약,KOSDAQ,3580.0,200612828740,13.33,4.48,245.0,729.0,0.51981,21543453050.0,3583998170.0,3571783220.0,,47.06703,제약,3900.0,1246.0,0.0124784823,56037103,067290,56221912.0,15482358.0,3.6313533119438266,44319814206.25,175.17294388931592,57.01754385964912,4.77165971746681,33.6076817558299,16.636136099825464,51.981,-8.20512820512821,https://finance.naver.com/item/main.naver?code=067290
케이엔제이,KOSDAQ,24750.0,198628526250,7.46,1.97,3271.0,12376.0,1.53727,34351360320.0,6261519370.0,360116910.0,,30.41324,반도체와반도체장비,44600.0,16180.0,0.0642429438,8025395,272110,51923.0,83762.75,0.619881749345622,2231052430.0,-30.57503506311361,-24.77203647416414,0.8124255710324697,26.430187459599225,18.22786437471714,153.727,-44.506726457399104,https://finance.naver.com/item/main.naver?code=272110
그래피,KOSDAQ,17940.0,200697955380,-15.25,9.59,-1190.0,1893.0,1.07106,6278652830.0,-3691905270.0,-3563149750.0,,-32.98986,건강관리장비와용품,69000.0,8210.0,0.0335475161,11187177,318060,53654.0,98592.4,0.5442001614728925,1927133850.75,-19.91071428571428,-64.47524752475248,1.0170459386321866,-62.86318013734813,-58.80091430377748,107.106,-74.0,https://finance.naver.com/item/main.naver?code=318060
한국정보인증,KOSDAQ,5060.0,200199638760,7.69,0.98,654.0,5107.0,0.70435,36910570760.0,8538656170.0,6046410210.0,,33.41967,IT서비스,7750.0,3780.0,0.0189708134,39565146,053300,56765.0,89750.25,0.6324773468597581,432303953.6,-6.813996316758752,-22.153846153846157,1.293689989721477,12.805952614059136,23.13336259555581,70.435,-34.70967741935483,https://finance.naver.com/item/main.naver?code=053300
엠로,KOSDAQ,16150.0,199659123100,67.77,2.09,238.0,7728.0,0.17311,17766244380.0,-1111164460.0,-1053201640.0,,161.19616,소프트웨어,48600.0,11900.0,0.0246319724,12362794,058970,18073.0,45966.15,0.39318063401002695,769576066.75,-23.45971563981043,-60.41666666666667,1.0422887276833062,3.0797101449275366,-6.254357624681058,17.311,-66.76954732510288,https://finance.naver.com/item/main.naver?code=058970
아스테라시스,KOSDAQ,5270.0,198297409840,20.52,4.11,250.0,1247.0,0.12901,11222466670.0,79277640.0,1298373210.0,,-32.98986,건강관리장비와용품,17480.0,4050.0,0.0111522683,37627592,450950,13154.0,20463.3,0.6428093220546051,113108999.75,-28.78378378378378,-59.770992366412216,0.6807308694101147,20.04811547714515,0.7064190282865862,12.901000000000002,-69.8512585812357,https://finance.naver.com/item/main.naver?code=450950
데브시스터즈,KOSDAQ,16230.0,197505304500,16.64,1.05,953.0,15161.0,1.0024,52668441030.0,-15974564350.0,-14972710280.0,,18.03224,게임엔터테인먼트,58200.0,13100.0,0.0224403512,12169150,194480,62032.0,106070.55,0.5848183119631226,1885391093.25,16.26074498567336,-58.1701030927835,2.2717804329288382,6.285865048479651,-30.33042945186259,100.24,-72.11340206185567,https://finance.naver.com/item/main.naver?code=194480
HDC랩스,KOSPI,7560.0,196239463560,14.16,0.65,534.0,11616.0,0.55591,153732976510.0,5705679460.0,6914560140.0,,35.85997,건설,8790.0,7210.0,0.0427307208,25957601,039570,5285.0,10464.3,0.5050505050505051,79738490.25,-2.8277634961439535,-9.569377990430628,0.885009030704395,4.597107438016529,3.7114219665348496,55.591,-13.993174061433445,https://finance.naver.com/item/main.naver?code=039570
이노스페이스,KOSDAQ,5790.0,196174301880,-1.47,3.25,-3938.0,1776.0,0.17664,2471751400.0,-15819040030.0,-15966669140.0,,40.34295,우주항공과국방,20809.196,4810.0,0.0289384743,33881572,462350,138603.0,292961.35,0.4731101901325892,1979589622.5,-61.52823920265781,-68.20428336079077,0.4747588717760893,-221.73423423423424,-639.9931655748228,17.663999999999998,-72.17576306167716,https://finance.naver.com/item/main.naver?code=462350
코메론,KOSDAQ,21750.0,196794000000,8.94,0.8,2510.0,28066.0,0.05213,23711527520.0,9875061780.0,14357992170.0,,176.74372,기계,23650.0,10180.0,0.2253860522,9048000,049430,43079.0,27373.45,1.5737512078309457,576174548.5,20.833333333333325,38.44684914067473,3.9335195234798683,8.943205301788641,41.64667068231123,5.213,-8.033826638477803,https://finance.naver.com/item/main.naver?code=049430
대한제분,KOSPI,11630.0,196547000000,-7.7,0.19,-1519.0,61093.0,0.53184,351123357970.0,7028056060.0,12224109470.0,,34.32074,식품,16400.0,10500.0,0.0743305917,16900000,001130,14297.0,13584.5,1.0524494828665023,158145293.25,1.9281332164767795,-92.52570694087403,1.7451507232507637,-2.486373234249423,2.001591719967681,53.184,-29.08536585365854,https://finance.naver.com/item/main.naver?code=001130
계룡건설,KOSPI,22000.0,196479954000,1.95,0.21,11283.0,106029.0,2.32476,840067986790.0,69009628490.0,38800079610.0,,35.85997,건설,33300.0,16300.0,0.0916353737,8930907,013580,46773.0,97429.65,0.4800694655066502,2142830684.5,12.474437627811863,-22.398589065255734,3.5971698553777007,10.641428288487113,8.214767087327541,232.476,-33.933933933933936,https://finance.naver.com/item/main.naver?code=013580
지투파워,KOSDAQ,10460.0,195700711020,33.0,4.35,297.0,2252.0,0.96203,10416736730.0,412619330.0,349207910.0,,52.37524,전기장비,18460.0,5350.0,0.0117076746,18709437,388050,3368815.0,2638716.55,1.2766869560127632,26418005273.25,23.49468713105076,-7.678729037952337,1.2766869560127632,13.188277087033748,3.9611189251972196,96.203,-43.33694474539544,https://finance.naver.com/item/main.naver?code=388050
한선엔지니어링,KOSDAQ,10190.0,196133757300,19.65,2.57,518.0,3957.0,0.64325,23644816780.0,5603074580.0,2031145250.0,,176.74372,기계,37300.0,7840.0,0.0438206287,19247670,452280,342710.0,280175.55,1.2231973846397375,3186262436.75,-54.91150442477877,-0.9718172983479101,1.5445280646366182,13.090725296942127,23.69684075851824,64.325,-72.68096514745308,https://finance.naver.com/item/main.naver?code=452280
대성에너지,KOSPI,7110.0,195525000000,7.69,0.55,905.0,12713.0,0.84526,161046909120.0,2733815670.0,3075582200.0,,9.33717,가스유틸리티,16150.0,6400.0,0.0167795273,27500000,117580,134805.0,62201.05,2.167246372850619,426462835.75,0.4237288135593209,-11.567164179104472,3.63440810082788,7.118697396365925,1.6975275619620658,84.526,-55.97523219814242,https://finance.naver.com/item/main.naver?code=117580
와이씨켐,KOSDAQ,9660.0,195335729400,40.52,3.82,229.0,2432.0,2.39348,27064804070.0,2120718390.0,-465534750.0,,30.41324,반도체와반도체장비,17700.0,7400.0,0.0296676885,20221090,112290,148385.0,88357.55,1.6793697878675902,921787927.5,-27.368421052631575,-63.75234521575985,1.6793697878675902,9.416118421052632,7.83570568076165,239.34799999999998,-45.42372881355933,https://finance.naver.com/item/main.naver?code=112290
SAMG엔터,KOSDAQ,19080.0,194755989960,5.31,2.14,3560.0,8830.0,0.45055,37458325950.0,2069946400.0,-350312380.0,,891.14405,방송과엔터테인먼트,66100.0,18010.0,0.0418875168,10207337,419530,25256.0,104938.85,0.24067349699372537,2391288959.0,-26.61538461538462,-45.71834992887624,0.5931168485265467,40.31710079275198,5.525998152621661,45.055,-71.13464447806355,https://finance.naver.com/item/main.naver?code=419530
스카이라이프,KOSPI,4105.0,195081730275,27.89,0.36,147.0,11465.0,0.85278,249926108840.0,11100581290.0,10427966750.0,,891.14405,방송과엔터테인먼트,5510.0,3895.0,0.0622255918,47522955,053210,39868.0,31756.15,1.2554418592933967,130691726.6,-6.171428571428573,-19.509803921568626,1.2554418592933967,1.2821631051024858,4.441545279731648,85.27799999999999,-25.499092558983673,https://finance.naver.com/item/main.naver?code=053210
네오티스,KOSDAQ,14130.0,194920778340,43.73,3.47,330.0,4154.0,0.75249,22575611640.0,4494698700.0,4157010150.0,,10.29196,자동차부품,36300.0,3090.0,0.1048268995,13794818,085910,168716.0,152694.9,1.104922299304037,2710893965.5,-52.263513513513516,-32.39234449760765,2.135094230390144,7.944150216658643,19.909532338145766,75.249,-61.074380165289256,https://finance.naver.com/item/main.naver?code=085910
코오롱생명과학,KOSDAQ,14820.0,194002736460,7.42,0.33,2001.0,45249.0,0.55551,50590987740.0,-785008530.0,-2185648850.0,,47.06703,제약,72700.0,13210.0,0.0291219587,13090603,102940,37430.0,173692.4,0.21549589964788327,2895844839.75,-69.8780487804878,-76.77115987460816,0.386723886594923,4.422197175628191,-1.5516766227897332,55.550999999999995,-79.61485557083907,https://finance.naver.com/item/main.naver?code=102940
신세계 I&C,KOSPI,13890.0,194194701000,6.43,0.42,2156.0,32954.0,0.30628,174955496530.0,15236657210.0,12842179200.0,,33.41967,IT서비스,29300.0,10310.0,0.059502178,13980900,035510,60298.0,52390.45,1.1509349509309426,708579443.75,-7.028112449799195,-20.44673539518901,5.734041223161856,6.542453116465376,8.708875978290477,30.628,-52.593856655290104,https://finance.naver.com/item/main.naver?code=035510
동원개발,KOSDAQ,2145.0,194783374500,7.47,0.18,290.0,11867.0,0.37071,69813246060.0,1951097660.0,5885914570.0,,35.85997,건설,3630.0,1919.0,0.0307303093,90808100,013120,73390.0,83416.4,0.8798030123572823,185007040.7,-6.126914660831506,-31.46964856230032,0.8798030123572823,2.4437515800117975,2.7947384917801372,37.071,-40.90909090909091,https://finance.naver.com/item/main.naver?code=013120
국보디자인,KOSDAQ,25800.0,193500000000,4.41,0.55,6006.0,47874.0,0.36786,105617551520.0,7083761310.0,74730394460.0,,35.85997,건설,27400.0,19660.0,0.1365985333,7500000,066620,4885.0,6837.65,0.7144267401812027,172540513.75,4.453441295546567,7.949790794979084,2.943993916038405,12.54543175836571,6.706992548164309,36.786,-5.839416058394164,https://finance.naver.com/item/main.naver?code=066620
환인제약,KOSPI,10380.0,193068726600,12.09,0.45,857.0,22777.0,0.13433,71418439120.0,7894213000.0,7699034960.0,,47.06703,제약,12140.0,9160.0,0.1264857605,18600070,016580,41083.0,39905.9,1.0294968914371057,405428795.75,1.764705882352935,-4.155124653739617,1.869272463470314,3.7625675023049565,11.05346615981881,13.433,-14.497528830313012,https://finance.naver.com/item/main.naver?code=016580
한국유니온제약,KOSDAQ,2410.0,192441519730,-0.64,-0.86,-3770.0,-2802.0,1.30415,5944304300.0,-1252491540.0,2136249520.0,,47.06703,제약,2725.0,2725.0,0.0005947559,79851253,080720,,,,,,,,134.5467523197716,-21.070447890764946,130.415,-11.559633027522931,https://finance.naver.com/item/main.naver?code=080720
솔트룩스,KOSDAQ,15290.0,192560042950,-17.39,2.75,-885.0,5600.0,0.61851,11526290870.0,-3519948240.0,-3279174940.0,,33.41967,IT서비스,38350.0,9960.0,0.014442361,12593855,304100,70197.0,228935.25,0.30662381612268097,3889385102.75,-1.608751608751613,-40.62135922330097,0.38965165914816524,-15.803571428571427,-30.538429748996954,61.851,-60.13037809647979,https://finance.naver.com/item/main.naver?code=304100
KZ정밀,KOSDAQ,12220.0,192465000000,20.56,0.33,591.0,36900.0,0.25597,34270020660.0,6978754620.0,6856153460.0,,176.74372,기계,19130.0,11110.0,0.042900127,15750000,036560,1905.0,7793.85,0.24442348774995667,96068592.75,0.16393442622950616,-13.761467889908252,0.43098083745517296,1.6016260162601628,20.364022214161103,25.596999999999998,-36.12127548353372,https://finance.naver.com/item/main.naver?code=036560
노바렉스,KOSDAQ,10500.0,191675904000,5.24,0.73,2000.0,14257.0,0.40109,101784947810.0,10966592940.0,7670886300.0,,-11.05155,건강관리업체및서비스,21500.0,10340.0,0.0683911474,18254848,194700,81189.0,239380.7,0.3391626810348537,3252017204.25,-28.61998640380693,-24.078091106290678,0.4719302767516345,14.028196675317389,10.774277706042673,40.109,-51.162790697674424,https://finance.naver.com/item/main.naver?code=194700
해성산업,KOSDAQ,6080.0,192007324160,-7.91,0.27,-775.0,23076.0,1.14593,659043299310.0,27316269660.0,14588426040.0,,-5.9958,종이와목재,9090.0,5350.0,0.0159365287,31580152,034810,8798.0,39591.45,0.22221969642435427,242783543.5,-1.2987012987012991,-28.38633686690224,1.5730669121742196,-3.3584676720402147,4.1448368701418214,114.59299999999999,-33.11331133113311,https://finance.naver.com/item/main.naver?code=034810
비보존 제약,KOSDAQ,3175.0,192784939550,-4.98,2.22,-622.0,1394.0,0.71591,13282472890.0,-1937664490.0,-2840010670.0,,47.06703,제약,8049.244,2070.0,0.0148478584,60719666,082800,245730.0,798062.3,0.3079082923726631,2628316057.0,-19.108280254777064,-24.043062200956932,0.3413843756308248,-44.61979913916787,-14.588130584168654,71.59100000000001,-60.5553018395268,https://finance.naver.com/item/main.naver?code=082800
에프앤가이드,KOSDAQ,16750.0,191123061000,19.9,2.85,866.0,6042.0,0.16594,14920954800.0,7862713710.0,6163555030.0,,33.41967,IT서비스,37000.0,8140.0,0.1030886744,11410332,064850,19648.0,32655.0,0.601684274996172,566704953.75,-30.641821946169767,-17.8921568627451,1.3223396110855918,14.333002317113538,52.69578130482642,16.594,-54.72972972972974,https://finance.naver.com/item/main.naver?code=064850
교촌에프앤비,KOSPI,3800.0,189867304000,10.83,1.01,351.0,3776.0,0.90069,132272708200.0,7847786370.0,5193492460.0,,34.32074,식품,5050.0,3495.0,0.0204005878,49965080,339770,39147.0,44069.85,0.8882943781292653,168029636.5,-5.000000000000004,-15.649278579356274,0.9437064115262476,9.295550847457628,5.93303522457099,90.069,-24.752475247524753,https://finance.naver.com/item/main.naver?code=339770
카나프테라퓨틱스,KOSDAQ,14330.0,190597311400,-2.8,13.74,-5564.0,1135.0,0.04364,74959410.0,-4696394940.0,-4343195800.0,,47.06703,제약,70000.0,9170.0,0.0273242971,13300580,0082N0,66415.0,65471.8,1.0144062023649876,1005019549.25,-26.700767263427107,-71.6798418972332,1.2149200113636711,-490.22026431718064,-6265.250673664587,4.364,-79.52857142857142,https://finance.naver.com/item/main.naver?code=0082N0
나우로보틱스,KOSDAQ,14640.0,190003512480,-21.06,11.83,-701.0,1248.0,2.32187,6164866600.0,-4154889080.0,-8273984100.0,,176.74372,기계,38250.0,10700.0,0.0094155034,12978382,459510,109529.0,68051.4,1.609503992570322,1114722821.5,-21.961620469083154,-48.35978835978836,2.1914905497903057,-56.169871794871796,-67.39625282402704,232.187,-61.725490196078425,https://finance.naver.com/item/main.naver?code=459510
AJ네트웍스,KOSPI,4170.0,188704005030,6.69,0.42,635.0,10216.0,2.76176,327848505000.0,21486266000.0,28331292000.0,,14.30449,도로와철도운송,5570.0,3825.0,0.0650243447,45252759,095570,125116.0,102959.85,1.215192135575178,454850756.3,-4.247990815154989,-18.71345029239766,1.215192135575178,6.215740015661707,6.553717852091472,276.17600000000004,-25.1346499102334,https://finance.naver.com/item/main.naver?code=095570
아이티엠반도체,KOSDAQ,8360.0,189629328240,-1.92,1.99,-4522.0,4375.0,12.8251,66981834860.0,-8262237880.0,-65926254090.0,,250.96527,전자장비와기기,19620.0,6610.0,0.0244166385,22682934,084850,13654.0,19112.35,0.7144071765115227,164214048.75,-20.982986767485823,-18.039215686274513,0.8520145351042651,-103.36000000000001,-12.33504262352481,1282.51,-57.39041794087666,https://finance.naver.com/item/main.naver?code=084850
에스엠벡셀,KOSPI,1696.0,188682984960,113.27,2.69,15.0,631.0,0.43802,36149595950.0,764903420.0,-948212880.0,,10.29196,자동차부품,3495.0,1321.0,0.0063999976,111251760,010580,133937.0,507871.2,0.2637223768546041,915865069.8,-18.851674641148332,-18.067632850241544,6.4211792281192555,2.3771790808240887,2.1159390579578523,43.802,-51.47353361945637,https://finance.naver.com/item/main.naver?code=010580
헥토이노베이션,KOSDAQ,14540.0,188923556180,6.19,0.85,2427.0,17664.0,1.14987,102828587180.0,12880295230.0,8921575140.0,,33.41967,IT서비스,25700.0,12210.0,0.1547088603,12993367,214180,60525.0,81421.95,0.7433499197697918,1193457217.5,-3.452855245683928,-35.663716814159294,1.6029584160045296,13.739809782608695,12.525986773943732,114.987,-43.42412451361868,https://finance.naver.com/item/main.naver?code=214180
슈피겐코리아,KOSDAQ,30350.0,188666617050,6.12,0.33,4967.0,91806.0,0.07943,110317441460.0,12575472880.0,15231954040.0,,94.7569,핸드셋,34950.0,21000.0,0.1193577338,6216363,192440,13286.0,8280.55,1.6044827940173056,241061557.5,0.33057851239668423,23.12373225152129,1.6044827940173056,5.410321765461952,11.399351465706118,7.943,-13.16165951359084,https://finance.naver.com/item/main.naver?code=192440
사조씨푸드,KOSPI,10900.0,187682118700,-6.4,0.87,-1637.0,11978.0,1.06059,83890211920.0,10484028730.0,4625103380.0,,34.32074,식품,11240.0,6480.0,0.0443268632,17218543,014710,9863.0,15067.55,0.6545855165571045,152071668.5,52.44755244755244,21.111111111111104,0.6545855165571045,-13.666722324261146,12.497320593250922,106.059,-3.0249110320284656,https://finance.naver.com/item/main.naver?code=014710
현대사료,KOSDAQ,994.0,187340898626,43.22,2.45,23.0,406.0,0.48044,29524987020.0,296016000.0,-619654860.0,,34.32074,식품,994.0,994.0,0.0238011824,188471729,016790,,,,,,,,5.665024630541872,1.0025948522838672,48.044,0.0,https://finance.naver.com/item/main.naver?code=016790
대성산업,KOSPI,4160.0,188179588480,-2.55,0.25,-1626.0,16698.0,1.69976,365855736190.0,3012632130.0,-2584066430.0,,-139.5926,석유와가스,13140.0,3585.0,0.0298258371,45235478,128820,43748.0,96623.25,0.4527688729161977,406839789.2,-19.691119691119695,-50.5938242280285,0.8641501915946731,-9.737693136902623,0.8234481059046314,169.976,-68.34094368340944,https://finance.naver.com/item/main.naver?code=128820
더핑크퐁컴퍼니,KOSDAQ,13000.0,186563130000,8.95,1.01,1443.0,12838.0,0.10457,21704662490.0,2656650680.0,21541578060.0,,891.14405,방송과엔터테인먼트,61500.0,9500.0,0.0356359587,14351010,403850,124436.0,110368.45,1.127459885501699,1397307563.25,13.835376532399302,-35.0,6.682697818081164,11.24006854650257,12.239999959566292,10.456999999999999,-78.86178861788618,https://finance.naver.com/item/main.naver?code=403850
동성케미컬,KOSPI,3710.0,187984182610,5.61,0.41,670.0,9170.0,0.73224,352378978740.0,46133195770.0,31340729120.0,,-31.79194,화학,4773.456,3150.0,0.0388514287,50669591,102260,68639.0,73990.0,0.9276794161373159,274659242.3,-2.8795811518324554,-16.158192090395485,1.3588052439518854,7.306434023991276,13.091926179864153,73.224,-22.278533624275575,https://finance.naver.com/item/main.naver?code=102260
SJG세종,KOSPI,6890.0,186390340110,2.75,0.36,2541.0,19312.0,1.40996,524581498840.0,34025396460.0,33485949530.0,,10.29196,자동차부품,12640.0,5240.0,0.0717432186,27052299,033530,42505.0,60564.15,0.7018178245711365,421132631.5,4.711246200607899,-31.306081754735793,1.0431913929279946,13.157622203811101,6.486198338149535,140.996,-45.49050632911392,https://finance.naver.com/item/main.naver?code=033530
티이엠씨,KOSDAQ,8450.0,185248488100,11.04,0.89,759.0,9438.0,0.55838,86461337820.0,5858763870.0,5292344620.0,,30.41324,반도체와반도체장비,30300.0,6300.0,0.059794102,21922898,425040,109144.0,140586.05,0.7763501428484548,1302876450.0,-50.20624631703006,-10.95890410958904,0.8338309526443058,8.041958041958042,6.7761661081362154,55.838,-72.11221122112211,https://finance.naver.com/item/main.naver?code=425040
이연제약,KOSPI,9940.0,184752901340,-6.17,0.83,-1616.0,12010.0,1.28034,35845295000.0,-7031997860.0,-6804366510.0,,47.06703,제약,13200.0,9100.0,0.0104673685,18586811,102460,24111.0,42204.5,0.5712897913729579,424193993.25,0.40404040404040664,-9.636363636363631,0.9208022841166227,-13.455453788509574,-19.617631435311107,128.034,-24.696969696969695,https://finance.naver.com/item/main.naver?code=102460
한국비엔씨,KOSDAQ,2695.0,184324217770,63.33,0.78,42.0,3417.0,0.17611,24606572850.0,-366262890.0,-1737934320.0,,-32.98986,건강관리장비와용품,6180.0,2050.0,0.0465637007,68394886,256840,363819.0,1108274.9,0.3282750516139994,3035197757.25,-4.770318021201414,-40.376106194690266,3.796968604089112,1.2291483757682178,-1.4884758321799372,17.610999999999997,-56.39158576051779,https://finance.naver.com/item/main.naver?code=256840
티쓰리,KOSDAQ,3285.0,183060632700,10.71,1.8,308.0,1835.0,0.12823,25802746480.0,5173827280.0,5593544860.0,,18.03224,게임엔터테인먼트,3795.0,1660.0,0.0352914122,55726220,204610,65015.0,150982.0,0.4306142454067372,499691581.3,33.53658536585367,45.67627494456763,1.0139751758487767,16.78474114441417,20.051459576252054,12.823,-13.438735177865613,https://finance.naver.com/item/main.naver?code=204610
에스오에스랩,KOSDAQ,10240.0,184458946560,-10.16,6.84,-1000.0,1486.0,3.91849,455980250.0,-5177308500.0,-6243283870.0,,250.96527,전자장비와기기,28700.0,6550.0,0.0182322559,18013569,464080,114401.0,137304.05,0.8331946508497019,1365953928.75,-0.3891050583657574,-47.27085478887745,0.8949990914324815,-67.29475100942126,-1135.4238478530594,391.849,-64.3205574912892,https://finance.naver.com/item/main.naver?code=464080
HLB테라퓨틱스,KOSDAQ,2080.0,184246626720,-20.48,1.26,-105.0,1705.0,0.30543,12558348050.0,-4731982440.0,-9042240740.0,,47.06703,제약,4160.0,1342.0,0.0391383691,88580109,115450,280919.0,261470.95,1.0743793909036548,578888699.05,-14.40329218106996,-25.84670231729055,1.4716395836707672,-6.158357771260997,-37.67997527349945,30.543,-50.0,https://finance.naver.com/item/main.naver?code=115450
녹십자웰빙,KOSDAQ,10150.0,182327393500,18.33,1.63,564.0,6351.0,1.13391,52082475760.0,4628645090.0,3965020990.0,,47.06703,제약,15890.0,6680.0,0.0153566524,17963290,234690,1013986.0,695010.55,1.4589505152116036,7389893272.5,27.833753148614605,-1.0721247563352798,15.044603279763162,8.880491261218705,8.887144903266787,113.39099999999999,-36.12334801762115,https://finance.naver.com/item/main.naver?code=234690
우양피앤엘,KOSPI,5860.0,182643800240,-21.17,1.41,-273.0,4112.0,1.03838,9125576850.0,-167045910.0,-305270080.0,,-139.5926,석유와가스,8460.0,4375.0,0.002062251,31167884,002420,7354.0,14752.5,0.4984917810540586,85712976.0,5.585585585585595,17.907444668008043,0.7479410269445856,-6.639105058365759,-1.8305243903567587,103.83800000000001,-30.73286052009456,https://finance.naver.com/item/main.naver?code=002420
BGF에코머티리얼즈,KOSDAQ,2925.0,183593179575,13.1,0.45,226.0,6634.0,0.67439,102653009360.0,1201814520.0,927978380.0,,-31.79194,화학,6520.0,2460.0,0.0095570597,62766899,126600,19522.0,37168.1,0.5252353496681295,108173726.25,-3.7828947368421018,-26.96629213483146,1.695809040548212,3.406692794694001,1.1707542988684185,67.43900000000001,-55.13803680981595,https://finance.naver.com/item/main.naver?code=126600
HB테크놀러지,KOSDAQ,1919.0,182154930362,5.86,0.58,320.0,3208.0,0.30438,28535978680.0,516788200.0,10604293450.0,,15.94641,디스플레이장비및부품,6140.0,1575.0,0.0206249991,94921798,078150,921757.0,540440.8,1.705565160883486,1067602989.25,-32.90209790209791,-9.052132701421801,1.705565160883486,9.975062344139651,1.8110056984385159,30.438,-68.74592833876221,https://finance.naver.com/item/main.naver?code=078150
HS효성,KOSPI,48850.0,182011533950,9.09,0.34,5292.0,139520.0,0.83416,430921091740.0,35762681620.0,27112020950.0,,30.80952,복합기업,75400.0,37400.0,0.050031576,3725927,487570,3147.0,3461.3,0.9091959668332706,161386515.0,-2.689243027888444,-26.54135338345864,0.9091959668332706,3.7930045871559632,8.29912536320634,83.416,-35.212201591511935,https://finance.naver.com/item/main.naver?code=487570
퓨쳐켐,KOSDAQ,8100.0,181662102000,-16.52,3.45,-492.0,2354.0,0.24137,4271637850.0,-3219119590.0,2318297080.0,,47.06703,제약,33928.4,6410.0,0.0650045346,22427420,220100,31044.0,50216.05,0.6182087201203599,410376587.25,-30.17241379310345,-65.23605150214593,3.3195561976698684,-20.900594732370433,-75.36031150206237,24.137,-76.12619516393346,https://finance.naver.com/item/main.naver?code=220100
서연,KOSPI,7750.0,181968791000,3.01,0.19,2575.0,40447.0,1.23318,1356856518230.0,66974388820.0,46812070110.0,,10.29196,자동차부품,11990.0,6550.0,0.0657837846,23479844,007860,5973.0,28928.85,0.20647208582435875,232226209.0,-6.738868832731648,-31.77816901408451,0.9013839125993602,6.366355972012758,4.935996394620054,123.318,-35.3628023352794,https://finance.naver.com/item/main.naver?code=007860
경농,KOSPI,9330.0,182145624750,8.94,0.63,1044.0,14751.0,0.75991,121952525580.0,13536273720.0,9905856650.0,,-31.79194,화학,11900.0,8550.0,0.0114709765,19522575,002100,15023.0,83566.95,0.17977202709923001,789692359.25,2.753303964757703,-3.1152647975077885,0.5546211749980106,7.077486272117145,11.099625576118388,75.991,-21.596638655462186,https://finance.naver.com/item/main.naver?code=002100
지놈앤컴퍼니,KOSDAQ,3445.0,180171519125,-16.76,1.43,-205.0,2402.0,0.51277,6253653470.0,-7973730580.0,-42647856380.0,,47.06703,제약,10180.0,2470.0,0.0384870962,52299425,314130,119712.0,410258.7,0.29179637141150205,1655870909.65,-38.80994671403197,-45.833333333333336,0.6192263564428981,-8.534554537885096,-127.50515547833834,51.276999999999994,-66.15913555992141,https://finance.naver.com/item/main.naver?code=314130
사람인,KOSDAQ,16820.0,180524535420,1.94,0.67,8746.0,25433.0,0.1523,35192356250.0,6443132240.0,6749210020.0,,15.16342,상업서비스와공급품,18400.0,12570.0,0.2327805477,10732731,143240,6138.0,11766.6,0.5216460149915864,200502367.25,6.119873817034693,18.11797752808988,2.4116567232675536,34.38839303267409,18.30832864451922,15.229999999999999,-8.58695652173913,https://finance.naver.com/item/main.naver?code=143240
도화엔지니어링,KOSPI,5350.0,180402000000,24.18,0.7,220.0,7625.0,2.02685,169612698910.0,4491439240.0,3419723840.0,,35.85997,건설,7650.0,4465.0,0.0096405101,33720000,002150,20025.0,55750.6,0.35918895940133383,293618837.25,7.000000000000006,-19.42771084337349,1.6586547947466037,2.8852459016393444,2.648055993957888,202.685,-30.065359477124186,https://finance.naver.com/item/main.naver?code=002150
석경에이티,KOSDAQ,33000.0,180015000000,47.07,4.06,699.0,8109.0,0.22955,5168301790.0,1275560010.0,1132870500.0,,-31.79194,화학,75300.0,28650.0,0.01351989,5455000,357550,1164.0,3705.4,0.31413612565445026,125588795.0,-25.0,-43.103448275862064,0.729745776434393,8.620051794302627,24.680447501499327,22.955000000000002,-56.17529880478087,https://finance.naver.com/item/main.naver?code=357550
원익,KOSDAQ,9890.0,179930560090,15.9,0.64,632.0,15605.0,0.39977,54031094690.0,3921639990.0,11242703460.0,,45.04075,화장품,17800.0,4215.0,0.0097492572,18193181,032940,855436.0,2436588.2,0.3510794314771778,21102193020.25,37.361111111111114,-16.680707666385842,6.013532775049965,4.049983979493752,7.258116853823085,39.977000000000004,-44.438202247191015,https://finance.naver.com/item/main.naver?code=032940
압타바이오,KOSDAQ,6400.0,179797792000,-10.64,3.85,-607.0,1680.0,0.28897,1602804790.0,-3574709530.0,1115500140.0,,-11.05155,건강관리업체및서비스,10890.0,3870.0,0.014229781,28093405,293780,16134.0,58581.65,0.27541047409897124,363292288.5,25.0,-14.209115281501338,1.4724235319421695,-36.13095238095238,-223.02837827181685,28.897000000000002,-41.23048668503214,https://finance.naver.com/item/main.naver?code=293780
코칩,KOSDAQ,20500.0,179787583000,56.02,2.86,357.0,7001.0,0.17815,17996033150.0,4410030760.0,3490983980.0,,-78.68198,전기제품,36500.0,9310.0,0.0031256107,8770126,126730,214613.0,1212372.95,0.17701896103835046,23691570802.0,-2.3809523809523836,1.7369727047146455,1.227477072958449,5.099271532638195,24.505571440337118,17.815,-43.83561643835616,https://finance.naver.com/item/main.naver?code=126730
한솔제지,KOSPI,7550.0,179694348800,46.44,0.26,163.0,29322.0,1.92434,592742934640.0,50803654220.0,29963959460.0,,-5.9958,종이와목재,9390.0,5930.0,0.0555119758,23800576,213500,29118.0,52111.15,0.5587671736279088,397845181.75,19.462025316455687,-14.592760180995478,0.9221826806739056,0.5558965964122502,8.570942182694322,192.434,-19.595314164004265,https://finance.naver.com/item/main.naver?code=213500
에브리봇,KOSDAQ,14150.0,179571749450,-13.97,2.9,-1017.0,4906.0,0.42895,9837802680.0,-1226926360.0,7609482820.0,,11.89363,가정용기기와용품,31900.0,9470.0,0.0,12690583,270660,43281.0,77429.9,0.5589701136124418,1136524048.75,14.297253634895002,-37.93859649122807,0.8607915030240256,-20.72971871178149,-12.471548778817345,42.895,-55.64263322884013,https://finance.naver.com/item/main.naver?code=270660
니어스랩,KOSDAQ,31050.0,179393113800,-20.1,-1.74,-1565.0,-18059.0,1.89947,16921667690.0,680466850.0,-155950700.0,,40.34295,우주항공과국방,42000.0,25150.0,0.0515572675,5777556,417030,,,,,,,,8.666039094080514,4.021275340385792,189.947,-26.07142857142857,https://finance.naver.com/item/main.naver?code=417030
대원제약,KOSPI,8000.0,179420664000,-124.15,0.65,-65.0,12407.0,1.0793,152831677190.0,-8919930.0,3777595600.0,,47.06703,제약,13670.0,7060.0,0.1302899648,22427583,003220,36997.0,47529.7,0.7783975072428397,385370162.0,-13.41991341991342,-30.008748906386707,7.819931537543894,-0.5238977996292415,-0.005836440562587534,107.92999999999999,-41.477688368690565,https://finance.naver.com/item/main.naver?code=003220
일진파워,KOSDAQ,11880.0,179135062920,9.06,1.16,1250.0,9773.0,1.1392,86381019170.0,5603242490.0,3896060560.0,,35.85997,건설,24500.0,9010.0,0.0401550292,15078709,094820,144367.0,118976.2,1.213410749376766,1446738908.5,-10.407239819004522,-35.88774959525094,1.213410749376766,12.790340734677171,6.486659388647266,113.92,-51.51020408163265,https://finance.naver.com/item/main.naver?code=094820
윤성에프앤씨,KOSDAQ,22400.0,178730675200,-9.23,1.0,-2401.0,22214.0,0.52536,59821694080.0,17074073000.0,15990023820.0,,250.96527,전자장비와기기,43900.0,11230.0,0.0125274344,7979048,372170,13449.0,35040.05,0.38381794546526043,724999130.5,2.9885057471264354,-33.62962962962963,1.1160086814944612,-10.808499144683532,28.541607292442627,52.536,-48.974943052391794,https://finance.naver.com/item/main.naver?code=372170
듀켐바이오,KOSDAQ,6240.0,177769612800,27.73,3.66,229.0,1737.0,0.50469,11196128400.0,1931234680.0,1204698030.0,,47.06703,제약,12770.0,5100.0,0.0082956693,28488720,176750,20525.0,36485.3,0.5625553305029697,234028768.75,0.9708737864077666,-40.85308056872038,5.6395863539562505,13.18364997121474,17.24912944013754,50.468999999999994,-51.13547376664056,https://finance.naver.com/item/main.naver?code=176750
대양전기공업,KOSDAQ,18640.0,178335087120,6.82,0.63,2680.0,29042.0,0.24645,70834320840.0,7559162520.0,7664418020.0,,20.72131,조선,36650.0,14000.0,0.0735711823,9567333,108380,42225.0,40503.1,1.0425127953169018,724732642.5,0.8658008658008587,-40.82539682539682,2.239186630159173,9.228014599545487,10.671610075961024,24.645,-49.14051841746249,https://finance.naver.com/item/main.naver?code=108380
대창단조,KOSPI,6570.0,178333583400,5.71,0.51,1142.0,12806.0,0.27176,102055392610.0,15725020380.0,12462235920.0,,176.74372,기계,7490.0,5170.0,0.0869792238,27143620,015230,54587.0,94985.45,0.5746880180069684,595609512.5,9.136212624584727,-3.3823529411764697,2.826527641865149,8.91769483054818,15.408318931359604,27.176000000000002,-12.283044058744997,https://finance.naver.com/item/main.naver?code=015230
코스맥스엔비티,KOSDAQ,8610.0,177607080000,-11.74,3.99,-731.0,2152.0,2.62063,102264020040.0,8473334190.0,30310832410.0,,-11.05155,건강관리업체및서비스,11200.0,2860.0,0.032233566,20628000,222040,232282.0,532248.05,0.43641681730914744,4986699465.5,24.782608695652165,149.2040520984081,0.8600463637208252,-33.968401486988846,8.285743301197922,262.063,-23.124999999999996,https://finance.naver.com/item/main.naver?code=222040
SP삼화,KOSPI,6490.0,176550513810,20.81,0.51,308.0,12503.0,0.98353,177546898930.0,13751021060.0,9556792060.0,,7.5794,건축자재,14300.0,5180.0,0.2070510566,27203469,000390,80902.0,94034.35,0.8603451823721863,597084779.25,-0.6125574272588086,-25.144175317185702,1.6040521362672258,2.463408781892346,7.745007737601492,98.35300000000001,-54.61538461538462,https://finance.naver.com/item/main.naver?code=000390
이랜텍,KOSDAQ,7000.0,177038470000,6.6,0.65,1056.0,10776.0,1.28684,213541859660.0,7108932600.0,3228852910.0,,94.7569,핸드셋,14490.0,5700.0,0.0653622345,25291210,054210,44038.0,97895.65,0.44984634148708347,710958015.0,-19.44764096662831,-40.77834179357021,0.6721544828600658,9.799554565701559,3.3290581112849713,128.684,-51.69082125603865,https://finance.naver.com/item/main.naver?code=054210
현대비앤지스틸,KOSPI,11690.0,176271300590,11.94,0.34,976.0,34303.0,0.41561,202786746880.0,9531629210.0,5300223690.0,,29.9981,비철금속,25500.0,9250.0,0.047925861,15078811,004560,31583.0,29215.0,1.0810542529522507,347280079.5,-6.554756195043964,-47.46067415730337,1.3385931884306008,2.8452321954348014,4.700321572612625,41.561,-54.15686274509803,https://finance.naver.com/item/main.naver?code=004560
동부건설,KOSPI,7680.0,176230371840,3.34,0.31,2251.0,24189.0,2.05007,596121494460.0,18034855480.0,23100809810.0,,35.85997,건설,10610.0,5230.0,0.0795620261,22946663,005960,29311.0,53286.7,0.5500622106454331,405422924.5,27.15231788079471,-15.789473684210531,1.2845043885247163,9.305882839307122,3.025365742991196,205.00699999999998,-27.615457115928365,https://finance.naver.com/item/main.naver?code=005960
매드업,KOSDAQ,9340.0,175661116000,13.28,3.97,616.0,2059.0,1.27927,18262357060.0,3789871370.0,4238792010.0,,11.20754,광고,22500.0,4560.0,0.0157506088,18807400,0039P0,10192553.0,2592138.8,3.932101552586613,23010072758.25,-7.341269841269837,-7.341269841269837,3.932101552586613,29.917435648372997,20.752367055077173,127.92699999999999,-58.48888888888889,https://finance.naver.com/item/main.naver?code=0039P0
JW생명과학,KOSPI,11110.0,175921894940,6.1,0.79,1847.0,14245.0,0.34847,63245757500.0,9346122010.0,8014213790.0,,47.06703,제약,15580.0,10550.0,0.1449973267,15834554,234080,14209.0,19718.25,0.7206014732544723,224317921.5,-0.6261180679785316,-16.277317256970612,1.0458838892903781,12.965952965952965,14.777468686338368,34.847,-28.69062901155327,https://finance.naver.com/item/main.naver?code=234080
엘오티베큠,KOSDAQ,9800.0,174538323400,-18.96,0.62,-500.0,15352.0,0.35504,81458228770.0,8738173640.0,7962423900.0,,30.41324,반도체와반도체장비,17940.0,6070.0,0.0831457752,17810033,083310,59528.0,84521.2,0.7042966734973001,815910429.0,-9.175162187210384,-29.190751445086704,0.9634150958576073,-3.2569046378322044,10.727183455796126,35.504000000000005,-45.373467112597545,https://finance.naver.com/item/main.naver?code=083310
방림,KOSPI,5470.0,175645955660,26.44,0.96,208.0,5755.0,0.37123,31527782270.0,1582071060.0,5462288420.0,,9.12262,"섬유,의류,신발,호화품",6280.0,4460.0,0.0,32110778,003610,51206.0,75888.2,0.674755759129878,416975961.0,4.99040307101728,-7.757166947723437,0.674755759129878,3.614248479582971,5.01802203038368,37.123,-12.898089171974526,https://finance.naver.com/item/main.naver?code=003610
화승엔터프라이즈,KOSPI,2875.0,174194168500,-6.04,0.38,-477.0,7621.0,2.01272,397514062000.0,7290491770.0,-1579103870.0,,9.12262,"섬유,의류,신발,호화품",7140.0,2800.0,0.0565102808,60589276,241590,16877.0,40080.05,0.4210823090290556,121767699.8,-23.025435073627843,-48.47670250896058,0.8239760179939895,-6.2590211258365045,1.8340210993592474,201.272,-59.73389355742297,https://finance.naver.com/item/main.naver?code=241590
이크레더블,KOSDAQ,14460.0,174150456000,13.55,4.09,1069.0,3547.0,0.36012,23016513280.0,12258218740.0,9733842520.0,,15.16342,상업서비스와공급품,18490.0,13320.0,0.0985222027,12043600,092130,2297.0,4629.4,0.49617661035987387,65987051.5,3.359542530378845,-5.736636245110827,0.8515142351060613,30.138144911192555,53.2583653782681,36.012,-21.795565170362362,https://finance.naver.com/item/main.naver?code=092130
유화증권,KOSPI,3070.0,174076414050,13.38,0.35,229.0,8871.0,0.81785,5454662920.0,-2431772970.0,705841510.0,,8.27693,증권,4940.0,2630.0,0.0176181914,56702415,003460,14420.0,42418.45,0.33994641482656723,131901182.55,0.32679738562091387,-26.378896882494008,0.9997772195825166,2.5814451583812423,-44.581544371581444,81.785,-37.854251012145745,https://finance.naver.com/item/main.naver?code=003460
DH오토넥스,KOSPI,4200.0,174035631000,41.58,4.81,101.0,874.0,0.66541,7815513600.0,-1910947440.0,-4737127330.0,,10.29196,자동차부품,1984.0,1984.0,0.0208810206,41437055,000300,,,,,,,,11.556064073226544,-24.45069560111827,66.541,111.69354838709675,https://finance.naver.com/item/main.naver?code=000300
큐알티,KOSDAQ,14120.0,173524930120,56.52,1.83,247.0,7641.0,0.66803,18495957190.0,1226107620.0,1105317380.0,,30.41324,반도체와반도체장비,24200.0,8060.0,0.0481230788,12289301,405100,63878.0,91262.65,0.6999358445103228,1080130784.25,-6.7371202113606365,-20.94064949608063,1.8416186687544138,3.232561183091218,6.629057406463429,66.803,-41.65289256198347,https://finance.naver.com/item/main.naver?code=405100
아이디스,KOSDAQ,16120.0,172748206800,9.23,0.66,1745.0,24487.0,0.31574,83750597990.0,8555358550.0,6076610240.0,,250.96527,전자장비와기기,20750.0,13670.0,0.0225869906,10716390,143160,3141.0,5994.95,0.5239409836612482,94514820.0,4.0000000000000036,-14.300903774587981,1.379994828981059,7.126230244619594,10.215280553604558,31.574,-22.313253012048197,https://finance.naver.com/item/main.naver?code=143160
미래산업,KOSPI,6200.0,172227803600,13.09,1.14,479.0,5490.0,0.36263,30798429920.0,10360254660.0,10723734180.0,,30.41324,반도체와반도체장비,13400.0,2046.0,0.1037203426,27778678,025560,442558.0,697725.85,0.6342863747989271,5757428111.75,-77.53623188405797,-58.192852326365475,0.6342863747989271,8.72495446265938,33.6389052523493,36.263,-53.73134328358209,https://finance.naver.com/item/main.naver?code=025560
모두투어,KOSDAQ,9130.0,172557000000,10.73,1.77,836.0,5081.0,1.11876,42245111230.0,-856131380.0,-215737110.0,,15.60994,"호텔,레스토랑,레저",17500.0,7690.0,0.1031920106,18900000,080160,31579.0,39376.35,0.8019788527885393,354433587.5,2.699662542182235,-27.48212867355043,1.1098794073092098,16.453454044479432,-2.0265809583003906,111.876,-47.82857142857143,https://finance.naver.com/item/main.naver?code=080160
코난테크놀로지,KOSDAQ,13710.0,171614760480,-16.58,5.83,-830.0,2361.0,0.76461,4171608450.0,-2820698750.0,-2677645300.0,,161.19616,소프트웨어,29750.0,10010.0,0.005575959,12517488,402030,17667.0,54802.15,0.32237786291231274,806739801.75,-4.459930313588856,-31.960297766749378,0.32237786291231274,-35.15459551037696,-67.61657484896503,76.461,-53.91596638655463,https://finance.naver.com/item/main.naver?code=402030
나이벡,KOSDAQ,15150.0,172222063950,36.44,3.76,416.0,4032.0,0.34617,6060942840.0,102547480.0,381340000.0,,-32.98986,건강관리장비와용품,54300.0,11230.0,0.0236848085,11367793,138610,36673.0,156183.6,0.23480698357574034,2808501724.25,-19.027258150721536,-52.73010920436818,2.288991930010577,10.317460317460316,1.691939401296185,34.617,-72.09944751381215,https://finance.naver.com/item/main.naver?code=138610
지누스,KOSPI,7800.0,171021341400,-9.17,0.26,-844.0,29617.0,0.66482,147542224520.0,-26700835150.0,-22055421060.0,,27.88349,가구,17470.0,7100.0,0.0764173716,21925813,013890,5291.0,23173.9,0.2283172016794756,177560004.0,-16.666666666666664,-37.5,1.5290909169367262,-2.849714690886991,-18.097080504829034,66.482,-55.35203205495134,https://finance.naver.com/item/main.naver?code=013890
이랜시스,KOSDAQ,5620.0,170255719440,40.21,3.16,140.0,1780.0,0.2648,20733808020.0,1368218240.0,184357710.0,,250.96527,전자장비와기기,9530.0,3525.0,0.0148253755,30294612,264850,250811.0,1730302.65,0.1449520984089113,11416769859.5,7.45697896749522,-29.219143576826202,0.3252494585268075,7.865168539325842,6.598972261536354,26.479999999999997,-41.02833158447009,https://finance.naver.com/item/main.naver?code=264850
잉글우드랩,KOSDAQ,8560.0,170068932960,,,,,0.3116,51302029000.0,8633679000.0,6616895000.0,,45.04075,화장품,16910.0,7000.0,0.1151444247,19867866,950140,12367.0,63512.9,0.19471634896217932,586262953.5,-5.518763796909488,-29.256198347107443,0.4048311445391409,,16.829118006229344,31.16,-49.37906564163217,https://finance.naver.com/item/main.naver?code=950140
하이비젼시스템,KOSDAQ,11340.0,169443550080,-8.52,0.59,-1350.0,19368.0,0.4544,50339337650.0,-5722134830.0,768797630.0,,94.7569,핸드셋,21500.0,8000.0,0.11192561,14942112,126700,32703.0,75186.25,0.43495984970656204,840645864.0,-1.647875108412833,-39.84084880636605,0.774357013416682,-6.970260223048327,-11.367123798459435,45.440000000000005,-47.25581395348837,https://finance.naver.com/item/main.naver?code=126700
아바코,KOSDAQ,11540.0,169375453460,5.7,0.73,1987.0,15532.0,1.0308,16487860500.0,-11028132010.0,-7580390450.0,,-78.68198,전기제품,17500.0,9110.0,0.0512607642,14677249,083930,25052.0,43577.95,0.5748778912271,491397474.25,-10.054559625876847,-23.271276595744684,0.9855901895339272,12.792943600309039,-66.88637382636759,103.08,-34.05714285714285,https://finance.naver.com/item/main.naver?code=083930
셀비온,KOSDAQ,13060.0,168542578060,-21.57,7.18,-591.0,1776.0,1.30607,472050830.0,-2641657880.0,14401888780.0,,47.06703,제약,42200.0,9930.0,0.0361004214,12905251,308430,14273.0,13936.75,1.0241268588444221,187892042.25,-26.58797077009556,-52.851985559566785,1.0241268588444221,-33.27702702702703,-559.6130145560808,130.607,-69.05213270142181,https://finance.naver.com/item/main.naver?code=308430
강남제비스코,KOSPI,12990.0,168870000000,-61.11,0.27,-207.0,47663.0,0.43952,178519987200.0,12368816920.0,6891422540.0,,7.5794,건축자재,18880.0,11110.0,0.0497866154,13000000,000860,22407.0,17597.85,1.27328054279358,213299067.5,0.6976744186046435,-26.8169014084507,1.27328054279358,-0.43429914189203367,6.9285333894534356,43.952000000000005,-31.197033898305083,https://finance.naver.com/item/main.naver?code=000860
흥구석유,KOSDAQ,11230.0,168450000000,983.64,2.01,11.0,5394.0,0.21738,27392682980.0,-691412610.0,-542112330.0,,-139.5926,석유와가스,36200.0,8920.0,0.014467,15000000,024060,1124854.0,1638332.2,0.6865848086242827,18047497553.0,-7.723911257189808,-36.22941510505394,5.539960088680428,0.2039302929180571,-2.5240777272705106,21.738,-68.97790055248618,https://finance.naver.com/item/main.naver?code=024060
삼익THK,KOSPI,8120.0,168084000000,-3.73,1.07,-2174.0,7604.0,1.59445,77684488160.0,1691586140.0,-18341280.0,,176.74372,기계,14650.0,6760.0,0.3770417391,20700000,004380,18537.0,22945.8,0.8078602620087336,195178215.0,-5.691056910569103,-32.50207813798836,1.0439819051852628,-28.590215675960025,2.177508251732298,159.445,-44.57337883959044,https://finance.naver.com/item/main.naver?code=004380
EDGC,KOSDAQ,741.0,167118555474,2.04,-2.55,364.0,-291.0,0.69186,1223555640.0,-716261990.0,-730475010.0,,-33.26304,생명과학도구및서비스,415.0,415.0,0.0046554242,225531114,245620,,,,,,,,-125.08591065292096,-58.53938853160776,69.186,78.55421686746989,https://finance.naver.com/item/main.naver?code=245620
엠아이텍,KOSDAQ,5110.0,165388614580,8.12,1.31,628.0,3891.0,0.1464,19752327280.0,5801680650.0,5827677230.0,,-32.98986,건강관리장비와용품,7860.0,4000.0,0.0627217511,32365678,179290,10555.0,53113.65,0.1987248099123295,275532684.2,5.4695562435500555,-27.10413694721826,1.4883179747579012,16.139809817527627,29.372137104443524,14.64,-34.98727735368957,https://finance.naver.com/item/main.naver?code=179290
유성티엔에스,KOSDAQ,4760.0,167672761200,2.82,0.3,1687.0,15883.0,0.14965,13582595540.0,859734750.0,59381313020.0,,14.30449,도로와철도운송,5980.0,2110.0,0.0138779238,35225370,024800,16925.0,28681.7,0.5900975186268597,126734451.55,5.777777777777771,13.875598086124397,3.1446183454955596,10.621419127368885,6.329679386153613,14.965,-20.40133779264214,https://finance.naver.com/item/main.naver?code=024800
레드캡투어,KOSDAQ,10040.0,167877052880,7.04,0.83,1416.0,12037.0,2.51291,98226670040.0,15737165330.0,9128823160.0,,14.30449,도로와철도운송,13330.0,9000.0,0.0699093023,16720822,038390,7776.0,13000.75,0.5981193392688884,129575704.0,3.292181069958855,-15.345699831365934,1.1134742226410015,11.763728503780012,16.021275406762225,251.29100000000003,-24.68117029257314,https://finance.naver.com/item/main.naver?code=038390
바이오솔루션,KOSDAQ,6400.0,165914144000,557.27,4.63,11.0,1324.0,0.6042,4703519580.0,-482470150.0,-736043900.0,,-71.79167,생물공학,13450.0,5240.0,0.020937171,25924085,086820,61119.0,107312.6,0.5695416940787941,726066601.0,-9.859154929577462,-28.49162011173184,0.6061170822438371,0.8308157099697886,-10.257640938745705,60.419999999999995,-52.41635687732342,https://finance.naver.com/item/main.naver?code=086820
탑코미디어,KOSDAQ,3350.0,165135399150,-64.73,5.39,-55.0,661.0,0.74495,15488193740.0,3666965400.0,3175459120.0,,20.01555,양방향미디어와서비스,4300.0,850.0,0.0234205483,49294149,134580,436596.0,1012493.35,0.4312087580624604,2967287834.65,172.8013029315961,79.04863709246392,1.3821819175404955,-8.32072617246596,23.675875066888207,74.495,-22.093023255813947,https://finance.naver.com/item/main.naver?code=134580
모베이스전자,KOSDAQ,2255.0,165141445535,8.08,0.66,274.0,3346.0,2.15031,262792833090.0,2843078150.0,2056819420.0,,10.29196,자동차부품,7070.0,1262.0,0.0440419739,73233457,012860,380868.0,416197.85,0.9151128483724749,990983362.55,-24.5819397993311,-55.079681274900395,1.0053968322998306,8.188882247459652,1.0818705048270159,215.031,-68.1046676096181,https://finance.naver.com/item/main.naver?code=012860
비엠티,KOSDAQ,16620.0,164968208700,8.13,1.12,2063.0,15049.0,0.7982,48647105460.0,6295774410.0,4882986640.0,,176.74372,기계,22200.0,10610.0,0.0324885892,9925885,086670,32664.0,83581.55,0.3908039513505074,1431775644.5,8.627450980392148,23.752792256142975,0.4774259390978033,13.708552063260019,12.941724590739915,79.82000000000001,-25.135135135135133,https://finance.naver.com/item/main.naver?code=086670
그린광학,KOSDAQ,14050.0,164420701050,66.42,2.51,212.0,5602.0,0.58292,15353192950.0,214771970.0,377811700.0,,40.34295,우주항공과국방,55000.0,11000.0,0.0615561185,11702541,0015G0,22395.0,41314.6,0.5420601917966046,631351091.25,-24.66487935656837,-66.30695443645084,0.8086245540317467,3.7843627275972866,1.398874948679649,58.292,-74.45454545454547,https://finance.naver.com/item/main.naver?code=0015G0
코리아에프티,KOSDAQ,5920.0,164819098880,3.71,0.63,1577.0,9358.0,0.98264,216993397410.0,14405116580.0,11422977770.0,,10.29196,자동차부품,9550.0,4600.0,0.4433278843,27841064,123410,124949.0,93658.2,1.3340956798230161,533532214.0,-2.310231023102305,-31.24274099883856,1.3340956798230161,16.85189142979269,6.63850455909593,98.264,-38.01047120418848,https://finance.naver.com/item/main.naver?code=123410
재영솔루텍,KOSDAQ,7060.0,164957881340,16.23,1.63,440.0,4370.0,0.87871,48976872050.0,7968557170.0,6528826800.0,,94.7569,핸드셋,40500.0,3560.0,0.0,23365139,049630,309619.0,704856.35,0.4392653907423832,5745968640.0,-22.92576419213974,73.89162561576354,0.6628584675444862,10.068649885583524,16.270041014185185,87.871,-82.5679012345679,https://finance.naver.com/item/main.naver?code=049630
빅솔론,KOSDAQ,8560.0,164685026800,6.74,0.62,1261.0,13716.0,0.19531,42691334840.0,10295216650.0,7887753050.0,,18.6464,컴퓨터와주변기기,9870.0,5290.0,0.0953846906,19238905,093190,9242.0,53925.05,0.171386025604056,467706369.5,11.168831168831161,15.363881401617242,0.27638361021454777,9.193642461358998,24.115471414948146,19.531000000000002,-13.272543059777098,https://finance.naver.com/item/main.naver?code=093190
아나패스,KOSDAQ,13520.0,163908570800,60.94,2.19,224.0,6221.0,0.94997,18148800490.0,-4190473020.0,-2869100950.0,,15.94641,디스플레이장비및부품,22900.0,10750.0,0.040487107,12123415,123860,6909.0,16762.7,0.41216510466690925,226605557.5,-9.68603874415498,-18.75,1.4019817809780046,3.600707281787494,-23.089531577081104,94.997,-40.96069868995633,https://finance.naver.com/item/main.naver?code=123860
오로라,KOSDAQ,15230.0,163918814700,6.7,0.84,2279.0,18082.0,2.17803,91165080960.0,12176952580.0,10487551590.0,,10.2259,레저용장비와제품,26400.0,9040.0,0.0663252156,10762890,039830,34465.0,127148.9,0.271060150736656,2374519078.25,-12.06697459584296,12.067696835908759,0.8146904928001737,12.603694281606018,13.357035886736956,217.80300000000003,-42.31060606060606,https://finance.naver.com/item/main.naver?code=039830
제일일렉트릭,KOSDAQ,7370.0,163761400000,24.36,1.03,298.0,7066.0,0.49529,49896972970.0,3009747390.0,2693764980.0,,52.37524,전기장비,22300.0,5410.0,0.0355325833,22220000,199820,116452.0,178907.65,0.650905648808198,1359956665.75,-20.75268817204301,-30.537229029217716,3.455771734746949,4.217378998018681,6.03192380389403,49.529,-66.9506726457399,https://finance.naver.com/item/main.naver?code=199820
범한퓨얼셀,KOSDAQ,18540.0,162428940000,91.84,0.9,185.0,18795.0,1.14293,17824990760.0,-3233268860.0,-3988110250.0,,-78.68198,전기제품,44200.0,11810.0,0.0282194955,8761000,382900,560289.0,69524.8,8.058836559040802,1244069777.75,-29.37142857142857,-42.15288611544462,8.058836559040802,0.9843043362596435,-18.13896513907646,114.293,-58.05429864253393,https://finance.naver.com/item/main.naver?code=382900
피델릭스,KOSDAQ,4900.0,162347113600,-52.3,3.44,-89.0,1353.0,0.405,33434395550.0,9612339470.0,9528789880.0,,30.41324,반도체와반도체장비,9790.0,850.0,0.3556587057,33132064,032580,1056249.0,1194236.9,0.8844551696568747,5575072094.55,-8.921933085501854,349.54128440366975,0.8844551696568747,-6.577974870657798,28.7498526947349,40.5,-49.94892747701737,https://finance.naver.com/item/main.naver?code=032580
웅진,KOSPI,2025.0,161852337000,1.26,0.86,1554.0,2289.0,15.04081,342316262750.0,53551439320.0,12364721710.0,,2.35548,출판,5200.0,1690.0,0.0592794832,79927080,016880,64855.0,123712.85,0.5242381854431452,260041376.8,5.744125326370764,-4.481132075471694,1.3898637045383724,67.88990825688074,15.643849021309752,1504.0810000000001,-61.057692307692314,https://finance.naver.com/item/main.naver?code=016880
해태제과식품,KOSPI,5570.0,162180698540,6.38,0.48,878.0,11639.0,1.27424,160091672560.0,9290178030.0,4502125680.0,,34.32074,식품,7380.0,5350.0,0.0106076137,29116822,101530,27008.0,108593.6,0.24870710612780125,650195788.5,-0.3577817531305927,-18.328445747800583,0.402988758085191,7.5436034023541545,5.803036398734718,127.424,-24.52574525745257,https://finance.naver.com/item/main.naver?code=101530
지앤비에스 에코,KOSDAQ,5080.0,161701688280,25.08,1.35,199.0,3701.0,0.24794,36663511990.0,5079369770.0,5116378020.0,,30.41324,반도체와반도체장비,10150.0,2550.0,0.0706471397,31831041,382800,888026.0,1032415.5,0.8601440020999297,5729741084.0,-18.06451612903226,30.59125964010283,0.8601440020999297,5.3769251553634145,13.85401859861489,24.794,-49.95073891625616,https://finance.naver.com/item/main.naver?code=382800
인터로조,KOSDAQ,14150.0,161504520050,13.8,1.13,1007.0,12297.0,0.60163,29448340190.0,5983531050.0,4777134780.0,,-32.98986,건강관리장비와용품,23100.0,12420.0,0.0473815479,11413747,119610,22900.0,40008.45,0.572379084918311,573924548.75,-21.169916434540394,-20.94972067039106,1.0955185717017282,8.188989184353908,20.318737869076482,60.163,-38.74458874458875,https://finance.naver.com/item/main.naver?code=119610
아이텍,KOSDAQ,6080.0,161354298880,-28.54,0.82,-213.0,7422.0,0.36563,14245360460.0,1083265460.0,2768341020.0,,30.41324,반도체와반도체장비,9730.0,4300.0,0.0187065707,26538536,119830,75987.0,242100.2,0.313865911717545,1619060209.75,-2.2508038585209,-27.876631079478052,1.6236665645051098,-2.869846402586904,7.604338711131497,36.563,-37.51284686536485,https://finance.naver.com/item/main.naver?code=119830
노루페인트,KOSPI,8030.0,160600000000,10.0,0.4,804.0,20328.0,0.78684,229927647730.0,24348212490.0,18556302420.0,,7.5794,건축자재,10570.0,7000.0,0.0539801,20000000,090350,23903.0,39276.0,0.6085904878297179,314859261.0,2.8169014084507005,-9.470124013528746,0.8258478460128322,3.9551357733175916,10.589510539677107,78.684,-24.030274361400195,https://finance.naver.com/item/main.naver?code=090350
GC메디아이,KOSDAQ,3075.0,160506202425,4.25,1.11,729.0,2787.0,0.43712,51525002630.0,3959770140.0,155068740.0,,562.67204,건강관리기술,4390.0,2645.0,0.0211928665,52197139,032620,15501.0,59537.55,0.2603566992595429,183282224.0,-1.6000000000000014,-24.816625916870414,1.09687079834491,26.157158234660926,7.685143013839377,43.712,-29.954441913439634,https://finance.naver.com/item/main.naver?code=032620
네오오토,KOSDAQ,11880.0,160217814240,7.25,0.78,1260.0,11647.0,0.44623,63398708940.0,4109514860.0,2336624060.0,,10.29196,자동차부품,16100.0,4995.0,0.005915686,13486348,212560,1438382.0,355721.65,4.043560463637791,4050960758.25,22.47422680412372,21.846153846153847,4.043560463637791,10.818236455739676,6.48201663521131,44.623000000000005,-26.2111801242236,https://finance.naver.com/item/main.naver?code=212560
대한약품,KOSDAQ,26750.0,160500000000,5.78,0.53,4701.0,51057.0,0.16617,56607645480.0,8079815830.0,6752967660.0,,47.06703,제약,31700.0,24000.0,0.2024121667,6000000,023910,6045.0,6006.5,1.0064097228002997,160376531.25,1.5180265654648917,-11.27694859038143,1.8423374677432782,9.207356483929725,14.27336495183265,16.617,-15.615141955835965,https://finance.naver.com/item/main.naver?code=023910
와이솔,KOSDAQ,6230.0,159787532170,-4.1,0.57,-1522.0,11034.0,0.2558,81310276850.0,-1843555530.0,1573762430.0,,94.7569,핸드셋,9340.0,5270.0,0.1116504281,25648079,122990,34188.0,44513.1,0.7680435647034244,266139939.0,-16.26344086021505,-13.351877607788598,0.8993532241070606,-13.793728475620808,-2.267309375174019,25.580000000000002,-33.29764453961456,https://finance.naver.com/item/main.naver?code=122990
SYTS,KOSPI,53300.0,159900000000,5.99,0.32,9071.0,171777.0,0.05801,35341736030.0,1613039040.0,6482148350.0,,9.12262,"섬유,의류,신발,호화품",62700.0,49050.0,0.038852,3000000,002170,631.0,3725.9,0.1693550551544593,211131962.5,7.676767676767682,-12.191103789126856,2.667543412329907,5.280683677092975,4.564119427044456,5.801,-14.992025518341311,https://finance.naver.com/item/main.naver?code=002170
셀레믹스,KOSDAQ,14260.0,159448974300,-29.29,5.13,-494.0,2819.0,0.60477,1376271730.0,-924430010.0,-5232091790.0,,-71.79167,생물공학,19840.0,2535.0,0.0113432345,11181555,331920,16136.0,99844.45,0.161611386511719,1114151303.25,-5.998681608437706,187.7901109989909,1.2727898245721219,-17.523944661227386,-67.1691490749432,60.477000000000004,-28.125,https://finance.naver.com/item/main.naver?code=331920
버킷스튜디오,KOSDAQ,1153.0,159637252154,-4.18,1.21,-276.0,950.0,0.09556,5241145890.0,-1092759710.0,-1821896950.0,,33.41967,IT서비스,1153.0,1153.0,0.0050308183,138453818,066410,,,,,,,,-29.05263157894737,-20.849633514017675,9.556000000000001,0.0,https://finance.naver.com/item/main.naver?code=066410
에치에프알,KOSDAQ,11980.0,159441820000,-497.5,1.09,-24.0,10988.0,0.79553,24143777030.0,-7672896900.0,-4757762540.0,,-319.55513,통신장비,39700.0,11250.0,0.0991664287,13309000,230240,104849.0,155628.35,0.6737140116180631,2208737887.0,-51.102040816326536,-30.67129629629629,0.8326889027609686,-0.2184200946487077,-31.78001888629933,79.553,-69.82367758186399,https://finance.naver.com/item/main.naver?code=230240
티케이케미칼,KOSDAQ,1751.0,159157904934,1.39,0.13,1282.0,13505.0,0.20355,129538053690.0,21468721270.0,41079029990.0,,-31.79194,화학,2915.0,1358.0,0.0408811404,90895434,104480,177567.0,257810.0,0.6887514060742407,443036508.15,2.4575775307197123,-11.520970186963108,1.0958069896435358,9.492780451684562,16.573293065972113,20.355,-39.931389365351635,https://finance.naver.com/item/main.naver?code=104480
일양약품,KOSPI,8330.0,158983581120,22.32,0.65,375.0,12934.0,0.7581,65144070800.0,-6766557060.0,-2344396020.0,,47.06703,제약,16240.0,7290.0,0.0551487755,19085664,007570,5882.0,21050.9,0.2794179821290301,179995554.5,1.585365853658538,-38.88481291269259,0.9973920354949194,2.8993350858203186,-10.387065126424368,75.81,-48.706896551724135,https://finance.naver.com/item/main.naver?code=007570
경동제약,KOSDAQ,5160.0,158766832560,16.17,0.65,316.0,7812.0,0.3293,52261526410.0,3703349340.0,5757026640.0,,47.06703,제약,6270.0,4700.0,0.0190089196,30768766,011040,70227.0,164268.45,0.427513621757556,891474743.5,1.17647058823529,-11.794871794871797,16.851026475260465,4.0450588837685615,7.08618671208842,32.93,-17.703349282296653,https://finance.naver.com/item/main.naver?code=011040
화신정공,KOSDAQ,4525.0,158627992750,16.56,1.44,294.0,3381.0,0.54184,101535378320.0,10272730480.0,8105920710.0,,10.29196,자동차부품,7880.0,1230.0,0.0483673937,35055910,126640,1714326.0,2426030.05,0.7066384029332201,11275163685.0,-1.8438177874186557,197.5016436554898,1.3842903553482366,8.695652173913043,10.117390263346783,54.184,-42.5761421319797,https://finance.naver.com/item/main.naver?code=126640
바이오비쥬,KOSDAQ,10760.0,158745368120,37.52,2.71,298.0,4118.0,0.05487,9875617430.0,2701051940.0,2529350540.0,,45.04075,화장품,18450.0,5230.0,0.002348358,14753287,489460,58524.0,127140.5,0.4603096574262332,1487609370.75,51.977401129943516,-0.09285051067781103,1.510124625905986,7.236522583778533,27.3507146175467,5.487,-41.680216802168026,https://finance.naver.com/item/main.naver?code=489460
메디아나,KOSDAQ,8500.0,158084895500,29.65,1.16,286.0,7340.0,0.10277,21144137050.0,2950303180.0,3108957230.0,,-32.98986,건강관리장비와용품,29600.0,4850.0,0.0505869835,18598223,041920,37466.0,56197.4,0.6666856473787043,516694187.25,-38.76080691642652,-58.7378640776699,0.8756810813311647,3.896457765667575,13.953291983604505,10.277,-71.28378378378379,https://finance.naver.com/item/main.naver?code=041920
오르비텍,KOSDAQ,4660.0,157766317780,149.14,1.9,29.0,2282.0,0.6127,16568819690.0,-1394960590.0,-5075790200.0,,-40.24179,에너지장비및서비스,16410.0,3240.0,0.0661126089,33855433,046120,315933.0,249890.75,1.264284492323145,1185547848.8,-33.52353780313837,-22.33333333333334,1.264284492323145,1.2708150744960562,-8.419191083610615,61.27,-71.60268129189518,https://finance.naver.com/item/main.naver?code=046120
나노엔텍,KOSDAQ,4135.0,157514774155,88.62,1.73,47.0,2404.0,0.08655,12508087350.0,687368310.0,2117623270.0,,-33.26304,생명과학도구및서비스,9390.0,3015.0,0.0137215308,38093053,039860,242210.0,343861.3,0.7043828427333928,1410771443.75,-6.022727272727268,-39.45827232796486,5.385706388011678,1.9550748752079867,5.4953910279496085,8.655,-55.96379126730564,https://finance.naver.com/item/main.naver?code=039860
메가스터디,KOSDAQ,13190.0,157237449210,5.61,0.46,2393.0,29432.0,0.5306,33685006540.0,7366926110.0,10500226220.0,,10.7911,교육서비스,13710.0,10680.0,0.1892164045,11920959,072870,17368.0,20484.6,0.8478564384952599,270891247.75,2.5660964230171057,14.596003475238927,0.8478564384952599,8.130606142973635,21.870045063675384,53.059999999999995,-3.792851932895691,https://finance.naver.com/item/main.naver?code=072870
동국씨엠,KOSPI,5250.0,156967944000,-2.94,0.16,-1773.0,32899.0,1.66143,773358200170.0,22032184790.0,5623430670.0,,44.0108,철강,7790.0,4230.0,0.2159731862,29898656,460850,22714.0,42489.9,0.5345740987858291,224430342.5,3.34645669291338,-11.912751677852352,0.8003549078722237,-5.389221556886228,2.8488978050736224,166.143,-32.60590500641849,https://finance.naver.com/item/main.naver?code=460850
금호전기,KOSPI,12680.0,156927882880,-42.7,6.09,-285.0,2000.0,1.22805,7881579810.0,-1027629400.0,-787109700.0,,15.94641,디스플레이장비및부품,14350.0,2325.0,0.180474395,12376016,001210,4559574.0,9657016.25,0.47215142668937726,92698234172.35,1737.6811594202898,1251.81236673774,1.6703127117550414,-14.249999999999998,-13.03836825576724,122.805,-11.637630662020904,https://finance.naver.com/item/main.naver?code=001210
쓰리빌리언,KOSDAQ,4890.0,155612284170,-28.27,6.51,-171.0,743.0,0.98079,3794622270.0,-1666940060.0,6717678280.0,,562.67204,건강관리기술,20100.0,4260.0,0.1255240898,31822553,394800,109133.0,102209.1,1.067742500423152,565035939.75,-34.2741935483871,-66.159169550173,1.4434233351042127,-23.014804845222073,-43.92901167472461,98.07900000000001,-75.67164179104478,https://finance.naver.com/item/main.naver?code=394800
우양에이치씨,KOSDAQ,10560.0,156182495040,-33.38,0.8,-299.0,12468.0,0.35393,19836790350.0,2014872620.0,2619648450.0,,-40.24179,에너지장비및서비스,21400.0,7970.0,0.0031521279,14790009,101970,15719.0,20005.15,0.7857476699749814,217854393.25,27.690447400241847,-15.452361889511613,0.881872917723686,-2.3981392364453,10.157251170424352,35.393,-50.65420560747664,https://finance.naver.com/item/main.naver?code=101970
아가방컴퍼니,KOSDAQ,4730.0,155558045280,11.09,0.72,417.0,6452.0,0.32142,50400206580.0,7192273810.0,11873166530.0,,9.12262,"섬유,의류,신발,호화품",5670.0,3115.0,0.0390633704,32887536,013990,47936.0,71574.35,0.6697371334842719,336619434.9,18.844221105527637,-4.733131923464251,2.034052701840813,6.463112213267204,14.270326052302462,32.141999999999996,-16.57848324514991,https://finance.naver.com/item/main.naver?code=013990
알루코,KOSPI,1607.0,155606022124,9.97,0.47,160.0,3371.0,1.50881,142402975630.0,5924445650.0,-2153245150.0,,29.9981,비철금속,3495.0,1380.0,0.0436018821,96830132,001780,160615.0,369410.15,0.43478772849094693,644155273.0,-16.519480519480524,-28.258928571428577,0.7237402653933575,4.746366063482646,4.160338380423491,150.881,-54.020028612303285,https://finance.naver.com/item/main.naver?code=001780
유니퀘스트,KOSPI,7170.0,154872731340,7.79,0.65,955.0,11427.0,1.8253,216298440440.0,16573774540.0,12929732430.0,,30.41324,반도체와반도체장비,9520.0,4075.0,0.5852101532,21600102,077500,87697.0,244950.6,0.35801912712195844,1783619260.75,0.0,6.537890044576522,0.7018598852176724,8.357399142382077,7.66245679177584,182.53,-24.68487394957983,https://finance.naver.com/item/main.naver?code=077500
제일약품,KOSPI,10500.0,154401156000,6.55,0.73,1605.0,14485.0,1.07735,146604024530.0,-7044294000.0,-6675327720.0,,47.06703,제약,19290.0,8810.0,0.0162710699,14704872,271980,50538.0,117049.55,0.4317658632604739,1316971715.75,3.4482758620689724,-33.670246367656354,7.992777417768799,11.080428028995511,-4.804979960532056,107.735,-45.56765163297045,https://finance.naver.com/item/main.naver?code=271980
코데즈컴바인,KOSDAQ,4070.0,154019390140,35.34,2.23,117.0,1855.0,0.2787,12262379810.0,1617459220.0,5978998450.0,,9.12262,"섬유,의류,신발,호화품",5960.0,1878.0,0.0114703793,37842602,047770,5572533.0,4156531.7,1.34066895243455,15523849486.6,53.584905660377366,-24.489795918367353,3.8445050232625433,6.307277628032345,13.190418540787313,27.87,-31.711409395973156,https://finance.naver.com/item/main.naver?code=047770
안트로젠,KOSDAQ,15340.0,153493574000,-109.57,1.73,-138.0,8739.0,0.02747,2199724180.0,-477805720.0,-149867790.0,,47.06703,제약,61800.0,13500.0,0.0423218837,10006100,065660,13296.0,30115.1,0.44150608830785887,473179742.5,-37.76876267748479,-57.27019498607242,0.8692981261891876,-1.579128046687264,-21.721165059884918,2.7470000000000003,-75.1779935275081,https://finance.naver.com/item/main.naver?code=065660
KG파이낸셜,KOSDAQ,4230.0,153339132780,6.58,0.43,644.0,9858.0,0.7215,62245653800.0,8813477070.0,6717952130.0,,33.41967,IT서비스,6380.0,3640.0,0.0487103779,36250386,046440,23211.0,80037.8,0.2900004747756685,329577735.7,1.8050541516245522,-20.48872180451128,0.6080002198960991,6.532765266788395,14.159184669050742,72.15,-33.69905956112853,https://finance.naver.com/item/main.naver?code=046440
조선내화,KOSPI,12910.0,153050218880,68.35,0.69,188.0,18686.0,1.23708,126215849000.0,1005183000.0,-4560412000.0,,29.9981,비철금속,18800.0,12820.0,0.0043668719,11855168,462520,4469.0,11782.95,0.3792768364458815,157556590.5,-9.148486980999293,-9.212376933895916,1.2917817694210703,1.0061008241464198,0.7963999830163959,123.708,-31.32978723404255,https://finance.naver.com/item/main.naver?code=462520
아이패밀리에스씨,KOSDAQ,9150.0,152634672750,7.29,1.51,1273.0,6134.0,0.37877,58660342220.0,6814957280.0,6180534420.0,,45.04075,화장품,25000.0,6160.0,0.0481839488,16681385,114840,35056.0,64097.6,0.5469159531714136,601161390.5,1.2168141592920456,-31.306306306306308,1.2595791418087416,20.75317900228236,11.617656873601511,37.877,-63.4,https://finance.naver.com/item/main.naver?code=114840
삼화전기,KOSPI,23050.0,152448551000,15.98,1.6,1427.0,14219.0,0.45258,53621967270.0,1367992950.0,1014507480.0,,-78.68198,전기제품,59500.0,17800.0,0.2609702109,6613820,009470,26402.0,45931.4,0.5748137439747101,1103734536.25,-26.00321027287319,-48.66369710467706,0.7362066037612613,10.035867501230749,2.551180084669057,45.257999999999996,-61.260504201680675,https://finance.naver.com/item/main.naver?code=009470
푸른저축은행,KOSDAQ,10100.0,152336280000,5.94,0.37,1696.0,27355.0,3.84928,24847414400.0,1312363210.0,4868584450.0,,28.92124,기타금융,14050.0,9410.0,0.0168240645,15082800,007330,9142.0,9298.2,0.9832010496655266,93812767.75,-3.349282296650713,-11.403508771929827,2.663311178507668,6.199963443611771,5.281689228799597,384.928,-28.11387900355872,https://finance.naver.com/item/main.naver?code=007330
지어소프트,KOSDAQ,9840.0,152268391200,11.87,1.01,915.0,10737.0,0.37547,145103021570.0,9900705620.0,7606603530.0,,-17.40575,판매업체,11640.0,6270.0,0.1884212213,15474430,051160,106038.0,161318.65,0.6573201548612018,1661822436.75,37.23849372384937,34.61012311901506,1.7635840617312382,8.521933500977926,6.82322498379108,37.547000000000004,-15.463917525773196,https://finance.naver.com/item/main.naver?code=051160
모트렉스,KOSDAQ,6200.0,152131700200,21.73,0.64,301.0,10261.0,1.78384,186411461810.0,18313198280.0,18661850960.0,,10.29196,자동차부품,11570.0,4240.0,0.0276801455,24537371,118990,95683.0,146499.7,0.6531276173261787,876109622.75,-7.185628742514972,-35.214211076280044,1.0571762262994395,2.9334372868141507,9.824073102686002,178.38400000000001,-46.413137424373375,https://finance.naver.com/item/main.naver?code=118990
스트라드비젼,KOSDAQ,2810.0,151249154820,-0.99,5.13,-2836.0,548.0,0.49288,6419628710.0,-11148801250.0,-11307539730.0,,161.19616,소프트웨어,11080.0,2410.0,0.0046433721,53825322,475040,577751.0,1127108.1,0.5125959080588631,3688718939.75,-60.97222222222223,-60.97222222222223,0.5125959080588631,-517.5182481751824,-173.66738410639329,49.288,-74.63898916967509,https://finance.naver.com/item/main.naver?code=475040
대한화섬,KOSPI,114500.0,152056000000,12.92,0.17,8883.0,657488.0,0.17754,27708307850.0,-1144857490.0,2045358000.0,,-31.79194,화학,148800.0,101200.0,0.0046536145,1328000,003830,131.0,437.85,0.2991892200525294,49440545.0,0.17497812773403787,-13.059984813971148,0.847322142286171,1.3510512739396003,-4.131820305295186,17.754,-23.0510752688172,https://finance.naver.com/item/main.naver?code=003830
한국주철관,KOSPI,6660.0,151851330000,8.44,0.4,789.0,16819.0,0.20702,111848769020.0,7234873030.0,5964228390.0,,44.0108,철강,7880.0,6130.0,0.0255926844,22800500,000970,23608.0,17329.15,1.3623287928144194,115974855.75,-0.29940119760478723,-4.44763271162123,1.3623287928144194,4.691123134550211,6.4684422487531466,20.702,-15.482233502538067,https://finance.naver.com/item/main.naver?code=000970
하나제약,KOSPI,8500.0,151070041000,16.8,0.48,507.0,17808.0,0.34646,60903578030.0,7285591660.0,8449874810.0,,47.06703,제약,12390.0,8120.0,0.0,17772946,293480,11527.0,33238.8,0.3467935063841053,286733514.5,-4.49438202247191,-18.11175337186898,0.5721024826407691,2.8470350404312668,11.962501868792092,34.646,-31.396287328490715,https://finance.naver.com/item/main.naver?code=293480
앤로보틱스,KOSDAQ,1717.0,151051244678,12.72,1.56,136.0,1110.0,0.39271,7712154670.0,-8314980.0,-201853070.0,,176.74372,기계,4980.0,728.0,0.0489101692,87973934,138360,336879.0,892429.3,0.3774853649471168,1797153820.55,-27.09129511677283,-20.692840646651266,1.3174007173453404,12.252252252252251,-0.10781656172359935,39.271,-65.52208835341365,https://finance.naver.com/item/main.naver?code=138360
DMS,KOSDAQ,6700.0,151220500800,1.13,0.35,5910.0,19235.0,0.34816,28806665820.0,-5631978580.0,-2577711380.0,,15.94641,디스플레이장비및부품,9190.0,4230.0,0.0424387902,22570224,068790,18408.0,77704.85,0.23689640994094963,585328897.25,32.14990138067062,-16.040100250626566,1.170004188927718,30.725240447101637,-19.550956071041757,34.816,-27.09466811751904,https://finance.naver.com/item/main.naver?code=068790
제이오,KOSDAQ,4715.0,150963328195,-18.74,0.82,-250.0,5708.0,0.21184,8934848500.0,-1551627560.0,-2476476750.0,,35.85997,건설,15840.0,3205.0,0.0188787611,32017673,418550,58764.0,79167.1,0.7422780422675581,366599150.3,-16.696113074204945,-42.848484848484844,0.9980155898094031,-4.379817799579538,-17.3660198043649,21.184,-70.23358585858585,https://finance.naver.com/item/main.naver?code=418550
에스앤디,KOSDAQ,52100.0,150712483400,7.58,1.81,7124.0,29812.0,0.39047,49922511690.0,8303293740.0,6577474140.0,,34.32074,식품,134600.0,42100.0,0.0486135358,2892754,260970,39574.0,26989.55,1.4662712049663666,1515778332.5,2.964426877470361,-17.43264659270999,1.4662712049663666,23.896417549979873,16.632363755173873,39.047,-61.292719167904906,https://finance.naver.com/item/main.naver?code=260970
디오,KOSDAQ,11250.0,150928065000,-109.1,0.76,-100.0,14316.0,0.76231,44949617770.0,4407797260.0,5034095310.0,,-32.98986,건강관리장비와용품,19400.0,10500.0,0.1485221039,13415828,039840,34526.0,25325.85,1.3632711241675997,293377747.0,-15.73033707865169,-36.93946188340808,1.3632711241675997,-0.6985191394244202,9.806083963948243,76.23100000000001,-42.01030927835051,https://finance.naver.com/item/main.naver?code=039840
유비쿼스,KOSDAQ,10240.0,150174648320,6.29,0.77,1627.0,13350.0,0.16404,35697994090.0,9005649770.0,10013099210.0,,-319.55513,통신장비,19000.0,8600.0,0.0607777727,14665493,264450,41817.0,42135.0,0.9924528301886792,446705699.25,-11.724137931034484,-14.66666666666666,0.9924528301886792,12.187265917602996,25.227327191817572,16.404,-46.10526315789474,https://finance.naver.com/item/main.naver?code=264450
피아이이,KOSDAQ,4185.0,150779272500,-6.14,2.46,-626.0,1566.0,2.02212,11008389060.0,-2980091980.0,-10564623880.0,,33.41967,IT서비스,9850.0,1815.0,0.0158680489,36028500,452450,599390.0,83420.7,7.185147091788969,285391803.4,-3.57142857142857,-29.426644182124782,7.185147091788969,-39.97445721583653,-27.071099720016615,202.21200000000002,-57.51269035532995,https://finance.naver.com/item/main.naver?code=452450
자람테크놀로지,KOSDAQ,21850.0,150876041700,-19.29,3.7,-1104.0,5756.0,0.23158,6095369340.0,-313619440.0,-239950500.0,,-319.55513,통신장비,64900.0,14450.0,0.0181896464,6905082,389020,13252.0,28352.55,0.4674006394486563,631941362.0,-30.303030303030297,-52.7056277056277,0.714327282731183,-19.17998610145935,-5.145208149109468,23.158,-66.33281972265024,https://finance.naver.com/item/main.naver?code=389020
코스텍시스,KOSDAQ,19220.0,149865067000,-241.45,6.05,-76.0,3033.0,0.94567,5343257960.0,1186105760.0,902598640.0,,30.41324,반도체와반도체장비,64100.0,10890.0,0.1660943782,7797350,355150,35098.0,111843.35,0.3138139192003816,2379180702.5,-42.455089820359284,-7.596153846153841,0.8396207731617481,-2.50576986482031,22.198175137327638,94.56700000000001,-70.01560062402497,https://finance.naver.com/item/main.naver?code=355150
삼보판지,KOSDAQ,9350.0,149677605000,5.58,0.25,1703.0,37462.0,0.28379,153516901410.0,16503318820.0,14683209030.0,,17.74109,포장재,11150.0,7710.0,0.0411144844,16008300,023600,10417.0,23834.55,0.4370546118974346,221322947.25,9.741784037558677,-10.526315789473683,0.5533144112223642,4.545939885750895,10.750164098169442,28.378999999999998,-16.143497757847534,https://finance.naver.com/item/main.naver?code=023600
폴라리스오피스,KOSDAQ,3015.0,149796635895,30.77,1.68,98.0,1798.0,0.2665,84115661730.0,3593299510.0,7845018570.0,,10.29196,자동차부품,6150.0,2355.0,0.0309448798,49683793,041020,102705.0,228529.25,0.44941730653734696,690706590.05,-10.930576070901033,-29.638273045507578,0.9148588200416358,5.450500556173527,4.2718554857643625,26.650000000000002,-50.97560975609756,https://finance.naver.com/item/main.naver?code=041020
케이알엠,KOSDAQ,4550.0,149438907800,-10.29,2.05,-431.0,2159.0,0.38024,1592811800.0,-2367129340.0,-1752348300.0,,30.41324,반도체와반도체장비,6230.0,2960.0,0.0,32843716,093640,16772.0,34944.45,0.4799617678916109,152366958.5,36.8421052631579,34.020618556701024,0.78095377091355,-19.96294580824456,-148.61324734033238,38.024,-26.96629213483146,https://finance.naver.com/item/main.naver?code=093640
인터플렉스,KOSDAQ,6410.0,149529095520,4.5,0.48,1410.0,13306.0,0.22978,90881456040.0,-5165293500.0,-3979379670.0,,250.96527,전자장비와기기,14670.0,5500.0,0.0720177051,23327472,051370,43298.0,87157.65,0.4967779649864355,570883892.5,-30.7027027027027,-46.134453781512605,3.473911928557046,10.596723282729597,-5.683550555931432,22.978,-56.30538513974097,https://finance.naver.com/item/main.naver?code=051370
롯데하이마트,KOSPI,6310.0,148964662720,-59.62,0.16,-106.0,40757.0,1.06518,591095945180.0,917831190.0,-4469675410.0,,32.40387,전문소매,10120.0,5830.0,0.0275833168,23607712,071840,7963.0,14813.1,0.5375647231167008,94546515.5,-4.248861911987856,-26.542491268917345,1.657654373493732,-0.26007802340702213,0.15527617766359453,106.518,-37.64822134387352,https://finance.naver.com/item/main.naver?code=071840
신라교역,KOSPI,9330.0,149280000000,31.16,0.24,294.0,38108.0,0.17488,128967003910.0,505625880.0,20300207730.0,,34.32074,식품,10530.0,8580.0,0.041835125,16000000,004970,18612.0,16232.6,1.1465815704200188,150212043.5,2.64026402640265,-7.071713147410364,2.394194398925619,0.7714915503306392,0.39205832861935175,17.488,-11.396011396011396,https://finance.naver.com/item/main.naver?code=004970
삼양패키징,KOSPI,9850.0,148423799100,8.55,0.39,1156.0,25622.0,0.81249,131481150710.0,17046516240.0,13565674690.0,,17.74109,포장재,17540.0,7900.0,0.0259762048,15068406,272550,15648.0,22892.9,0.6835307016585928,225318368.25,10.79865016872892,-20.628525382755846,0.6835307016585928,4.51174771680587,12.964988629889973,81.24900000000001,-43.842645381984035,https://finance.naver.com/item/main.naver?code=272550
씨피시스템,KOSDAQ,4080.0,148661348400,75.46,3.41,54.0,1194.0,0.08336,6847425420.0,1872657830.0,1788210660.0,,176.74372,기계,6190.0,1811.0,0.0045391166,36436605,413630,1707854.0,2547025.5,0.6705288188123755,10315414424.95,58.13953488372092,-13.191489361702125,1.7867119901233812,4.522613065326634,27.34834941802112,8.336,-34.08723747980614,https://finance.naver.com/item/main.naver?code=413630
KT나스미디어,KOSDAQ,12860.0,148766576180,21.91,0.73,596.0,17839.0,0.94095,32263750890.0,7819522440.0,6818261110.0,,11.20754,광고,15160.0,9040.0,0.0496415031,11568163,089600,18994.0,56115.15,0.3384825666508955,690987780.25,25.09727626459144,-1.000769822940728,0.7881294089029433,3.3409944503615674,24.23624725674294,94.095,-15.171503957783639,https://finance.naver.com/item/main.naver?code=089600
쎌바이오텍,KOSDAQ,15740.0,147956000000,10.68,0.82,1479.0,19234.0,0.05985,15814220700.0,1639720770.0,3606098050.0,,-71.79167,생물공학,18500.0,11350.0,0.0416942553,9400000,049960,6501.0,12202.55,0.5327574974083287,191033238.75,-2.5386996904024794,9.002770083102485,0.8894862139470849,7.689508162628679,10.368647315008067,5.985,-14.918918918918923,https://finance.naver.com/item/main.naver?code=049960
한국석유,KOSPI,11500.0,145982380000,27.5,0.7,412.0,16160.0,1.08645,231630791280.0,13790541370.0,12035890830.0,,-31.79194,화학,33575.0,9690.0,0.0481621412,12694120,004090,75790.0,135074.55,0.5610975568676705,1519613393.75,-5.427631578947367,-29.447852760736193,6.885545796747056,2.5495049504950495,5.953673643211672,108.645,-65.74832464631422,https://finance.naver.com/item/main.naver?code=004090
에코앤드림,KOSDAQ,8180.0,145490412520,-16.71,0.67,-490.0,12165.0,1.27745,20211721540.0,-5279990600.0,-5369536100.0,,-31.79194,화학,26900.0,4855.0,0.0197308979,17786114,101360,37615.0,84694.1,0.44412774915844194,728639764.75,-24.747010119595213,-60.09756097560975,2.5182273617642785,-4.027949034114262,-26.12340858521446,127.745,-69.59107806691449,https://finance.naver.com/item/main.naver?code=101360
동화약품,KOSPI,5220.0,145802273400,16.65,0.38,313.0,13692.0,0.57335,136932529610.0,10289858450.0,6460857060.0,,47.06703,제약,7560.0,4450.0,0.0325426839,27931470,000020,60742.0,97645.4,0.6220671941535393,506051497.25,-1.6949152542372836,-17.14285714285714,0.786488662036307,2.2860064271107214,7.514546382299904,57.335,-30.952380952380953,https://finance.naver.com/item/main.naver?code=000020
넥써쓰,KOSDAQ,1786.0,145353690370,-32.2,3.58,-56.0,504.0,1.65005,5792798870.0,-5152122250.0,8591323050.0,,18.03224,게임엔터테인먼트,3380.0,1360.0,0.0145960723,81385045,205500,57424.0,148915.6,0.38561440171479683,247788041.55,-14.54545454545455,2.34957020057307,0.6251662015262336,-11.11111111111111,-88.94011971798358,165.005,-47.159763313609474,https://finance.naver.com/item/main.naver?code=205500
디바이스,KOSDAQ,10560.0,146390872320,7.95,0.85,1304.0,12226.0,0.37641,23335819600.0,7746892910.0,8048479930.0,,15.94641,디스플레이장비및부품,29700.0,5679.734,0.0743513635,13862772,187870,69825.0,91424.05,0.7637487072602888,1077630147.75,-56.54320987654321,-45.45454545454546,0.9571223326903588,10.665794209062653,33.197432285600975,37.641000000000005,-64.44444444444444,https://finance.naver.com/item/main.naver?code=187870
세경하이테크,KOSDAQ,4070.0,144659269260,2.96,0.85,1409.0,4921.0,0.39862,86291471790.0,3325287490.0,20791799320.0,,94.7569,핸드셋,6450.0,2580.0,0.0173258913,35542818,148150,99936.0,113079.4,0.8837683963657396,412646021.85,15.789473684210531,-14.675052410901468,1.451413785357899,28.632391790286526,3.8535528726320267,39.861999999999995,-36.899224806201545,https://finance.naver.com/item/main.naver?code=148150
플리토,KOSDAQ,8750.0,144422696250,22.86,8.57,391.0,1043.0,0.28976,8106229090.0,1398160020.0,1555847090.0,,20.01555,양방향미디어와서비스,20200.0,5510.0,0.0808213602,16505451,300080,59702.0,52582.6,1.135394598213097,454222403.25,16.047745358090193,-31.906614785992215,1.5433242175168211,37.488015340364335,17.24797072074853,28.976000000000003,-56.68316831683169,https://finance.naver.com/item/main.naver?code=300080
한신공영,KOSPI,12440.0,143939532880,2.43,0.17,5174.0,72296.0,1.62762,258893384710.0,20476931680.0,18897417180.0,,35.85997,건설,19510.0,7280.0,0.0472960932,11570702,004960,22028.0,39576.2,0.5565971467700285,454729222.25,21.60312805474096,-12.394366197183093,1.4416492740586515,7.15668916675888,7.9094070723117476,162.762,-36.23782675550999,https://finance.naver.com/item/main.naver?code=004960
링크솔루션,KOSDAQ,25000.0,143800800000,-18.9,3.74,-1344.0,6788.0,0.96706,4269317270.0,-4636180450.0,56723470.0,,176.74372,기계,93300.0,16020.0,0.0622013229,5752032,474650,31110.0,35421.6,0.8782776610881496,877684108.75,-34.64052287581699,-70.30878859857482,1.685384059443955,-19.79964643488509,-108.59301749668279,96.706,-73.20471596998928,https://finance.naver.com/item/main.naver?code=474650
이엘씨,KOSDAQ,11760.0,143339464800,15.84,0.76,706.0,14791.0,0.07724,18303231270.0,4679483660.0,4486534720.0,,30.41324,반도체와반도체장비,13620.0,6130.0,0.0263094678,12188730,041520,12145.0,34264.6,0.3544474472195794,408356327.75,23.141361256544513,41.346153846153854,0.6000070043134897,4.773172875397201,25.566434641898066,7.724,-13.656387665198233,https://finance.naver.com/item/main.naver?code=041520
새로닉스,KOSDAQ,11530.0,143243808220,-4.69,1.66,-2579.0,7276.0,1.15832,42727319950.0,-4490058700.0,14285577910.0,,11.89363,가정용기기와용품,23200.0,6560.0,0.0461529025,12423574,042600,23830.0,22932.45,1.0391388621800113,268466840.5,-6.639676113360327,-14.59259259259259,1.5287507440330186,-35.44529961517317,-10.508636406997486,115.83200000000001,-50.30172413793104,https://finance.naver.com/item/main.naver?code=042600
텔레칩스,KOSDAQ,9450.0,143113001850,-2.25,0.97,-4175.0,9686.0,1.75889,59173535680.0,3179899770.0,-4097427360.0,,30.41324,반도체와반도체장비,19530.0,7050.0,0.0171815899,15144233,054450,22963.0,48338.85,0.47504233137528096,469540483.5,-23.357664233576646,-33.59100491918482,0.8753207823520833,-43.103448275862064,5.373854601483228,175.889,-51.61290322580645,https://finance.naver.com/item/main.naver?code=054450
동성제약,KOSPI,1473.0,142320533811,-1.27,1.49,-1126.0,957.0,0.82611,22084859670.0,-2034695910.0,-5894240580.0,,47.06703,제약,2525.0,973.0,0.0085110142,96619507,002210,89039.0,144803.0,0.6148974814057719,226023879.05,-18.166666666666664,-18.166666666666664,0.6148974814057719,-117.65935214211076,-9.213080546596926,82.611,-41.663366336633665,https://finance.naver.com/item/main.naver?code=002210
에스텍,KOSDAQ,13100.0,142921000000,2.62,0.46,4949.0,27942.0,0.4467,127105592710.0,12542767610.0,12601623830.0,,250.96527,전자장비와기기,16670.0,11220.0,0.578659945,10910000,069510,9822.0,8968.15,1.0952091568495175,113481268.0,9.257714762301926,-15.647134578235677,1.5000864169310282,17.711688497602175,9.867990339824914,44.67,-21.415716856628674,https://finance.naver.com/item/main.naver?code=069510
이구산업,KOSPI,4265.0,142630130000,13.09,0.98,327.0,4355.0,1.76169,190753069480.0,20339975520.0,8689989260.0,,29.9981,비철금속,7170.0,3305.0,0.0460905448,33442000,025820,62626.0,193660.75,0.32337993114247465,868250146.9,-5.537098560354369,-24.379432624113473,0.7325438944132975,7.508610792192883,10.662987272208795,176.169,-40.516039051603904,https://finance.naver.com/item/main.naver?code=025820
티움바이오,KOSDAQ,4725.0,141931794375,-6.83,3.36,-640.0,1302.0,1.79903,4477378400.0,-4244922430.0,-4501849720.0,,47.06703,제약,13700.0,3415.0,0.0415314026,30038475,321550,1184049.0,91645.6,12.9198674022539,409167610.1,-8.607350096711796,-24.641148325358852,12.9198674022539,-49.155145929339476,-94.80821254687788,179.903,-65.51094890510949,https://finance.naver.com/item/main.naver?code=321550
져스텍,KOSDAQ,11620.0,140024544100,-74.22,10.86,-147.0,1005.0,0.39875,5036610460.0,1099152730.0,1161530820.0,,176.74372,기계,42500.0,5180.0,0.0106104368,12050305,153890,178979.0,2052457.5,0.08720229286111893,26396808327.0,-33.71363377067884,-33.71363377067884,0.12017544821269137,-14.626865671641792,21.82326266304105,39.875,-72.65882352941176,https://finance.naver.com/item/main.naver?code=153890
SV인베스트먼트,KOSDAQ,2350.0,141324847550,-23.42,1.75,-98.0,1313.0,0.18542,9148729350.0,1570657980.0,776140510.0,,14.36921,창업투자,5030.0,1439.0,0.0072541539,60138233,289080,692181.0,2069900.65,0.33440300625056574,5114137796.35,-0.6342494714587699,-40.65656565656566,0.33440300625056574,-7.463823305407463,17.168045090327215,18.542,-53.280318091451285,https://finance.naver.com/item/main.naver?code=289080
만호제강,KOSPI,4000.0,140459840000,-36.45,0.72,-110.0,5544.0,0.27063,37671951740.0,1262268800.0,305285520.0,,44.0108,철강,6240.0,2810.0,0.0030409261,35114960,001080,23312.0,33656.9,0.6926365767494926,137403566.65,-0.990099009900991,-20.159680638722556,2.556058341677338,-1.984126984126984,3.35068596581293,27.063,-35.89743589743589,https://finance.naver.com/item/main.naver?code=001080
멀티캠퍼스,KOSDAQ,23750.0,140761001250,5.42,0.62,4417.0,38888.0,0.35251,87637655690.0,8808922170.0,6864178900.0,,10.7911,교육서비스,33500.0,21500.0,0.0405962497,5926779,067280,1868.0,2661.25,0.7019257867543448,63939513.75,-5.753968253968256,-18.103448275862068,1.4275246594645374,11.358259617362682,10.051526482131987,35.251,-29.104477611940293,https://finance.naver.com/item/main.naver?code=067280
효성ITX,KOSPI,12080.0,139623056000,9.25,1.91,1299.0,6308.0,1.82173,133994248020.0,3471087550.0,3055053550.0,,15.16342,상업서비스와공급품,13430.0,11410.0,0.0115549134,11558200,094280,7034.0,5763.15,1.2205130874608505,69419392.75,0.24896265560165887,-4.806934594168633,1.6742580012666686,20.59289790741915,2.5904750400046312,182.173,-10.052122114668649,https://finance.naver.com/item/main.naver?code=094280
디엔에프,KOSDAQ,12100.0,140019481800,109.91,0.9,109.0,13305.0,0.07995,21694844470.0,704554810.0,657131030.0,,30.41324,반도체와반도체장비,26000.0,9600.0,0.0480911536,11571858,092070,57236.0,18801.95,3.0441523352630977,245068977.0,-30.25936599423631,-45.24886877828054,3.0441523352630977,0.8192408868846299,3.2475679232191337,7.994999999999999,-53.46153846153846,https://finance.naver.com/item/main.naver?code=092070
태경산업,KOSPI,4775.0,139567281250,5.99,0.46,801.0,10506.0,0.67704,240703335870.0,22084681630.0,18078248620.0,,29.9981,비철금속,5410.0,4300.0,0.0267166061,29228750,015890,9530.0,45162.15,0.21101741170427005,215377194.3,1.9210245464247544,-2.9471544715447107,0.6777578126816372,7.624214734437464,9.175062551658021,67.704,-11.737523105360449,https://finance.naver.com/item/main.naver?code=015890
제넥신,KOSDAQ,3055.0,139126209170,-5.05,0.56,-598.0,5426.0,0.65777,972206380.0,-10495861220.0,-26267788560.0,,-71.79167,생물공학,7490.0,2140.0,0.0387575506,45540494,095700,300182.0,874794.6,0.3431456938577353,2816423079.65,1.1589403973509826,-30.09153318077803,3.793266442202547,-11.021009952082565,-1079.5918887098849,65.777,-59.21228304405874,https://finance.naver.com/item/main.naver?code=095700
선광,KOSDAQ,21100.0,139260000000,3.35,0.31,6290.0,68798.0,0.61306,51645812970.0,12346022220.0,13379014090.0,,6.48527,운송인프라,30450.0,17280.0,0.0808033333,6600000,003100,13747.0,10769.7,1.276451526040651,223822299.75,14.736269711799888,-5.803571428571431,1.4930778016100725,9.14270763684991,23.905175482805454,61.306000000000004,-30.706075533661735,https://finance.naver.com/item/main.naver?code=003100
이수앱지스,KOSDAQ,3410.0,139042552220,-12.13,1.2,-280.0,2822.0,0.29992,14928552480.0,479283630.0,3169613490.0,,47.06703,제약,6350.0,2890.0,0.0176763219,40774942,086890,29796.0,59967.65,0.49686789460650865,206410702.35,5.572755417956654,-36.73469387755102,3.7160202209024367,-9.922041105598867,3.2105164291186523,29.992,-46.2992125984252,https://finance.naver.com/item/main.naver?code=086890
시너지이노베이션,KOSDAQ,1577.0,138944680651,45.57,0.66,35.0,2401.0,0.22124,31407849780.0,5378199710.0,7708060020.0,,-32.98986,건강관리장비와용품,2960.0,1385.0,0.141281104,88106963,048870,212272.0,254663.25,0.8335399787758933,417909983.2,-14.756756756756761,-28.48072562358277,1.2326003064831694,1.4577259475218658,17.123743738180856,22.124,-46.722972972972975,https://finance.naver.com/item/main.naver?code=048870
지니언스,KOSDAQ,15260.0,138554696000,17.67,2.14,867.0,7171.0,0.30767,13184435290.0,2569533910.0,2688450300.0,,161.19616,소프트웨어,30000.0,11000.0,0.2673972422,9079600,263860,50646.0,95820.55,0.5285505040411478,1608033311.5,9.000000000000007,0.1312335958005173,1.8523792651993751,12.090363965974062,19.48914650860257,30.767,-49.133333333333326,https://finance.naver.com/item/main.naver?code=263860
레메디,KOSDAQ,18140.0,138331848740,20.27,9.11,777.0,1729.0,1.03018,6184057520.0,2832625820.0,1858930380.0,,-32.98986,건강관리장비와용품,34650.0,6980.0,0.0108029449,7625791,387690,7173572.0,2745431.15,2.6129127295725483,37860431055.5,-17.545454545454543,-17.545454545454543,2.9396584940766046,44.93927125506073,45.80529548502647,103.01800000000001,-47.64790764790765,https://finance.naver.com/item/main.naver?code=387690
와이바이오로직스,KOSDAQ,8990.0,138480728370,-3.08,4.95,-2822.0,1752.0,1.91841,1547361600.0,-3789058440.0,-7826675900.0,,-71.79167,생물공학,38000.0,7230.0,0.0681131739,15403863,338840,42962.0,52483.15,0.818586536821818,521529358.25,-33.65313653136531,-64.8828125,0.818586536821818,-161.0730593607306,-244.8722031101198,191.841,-76.3421052631579,https://finance.naver.com/item/main.naver?code=338840
일진다이아,KOSPI,9730.0,138194946750,19.81,0.33,483.0,29014.0,0.12117,55098104960.0,5732399970.0,8236200160.0,,29.9981,비철금속,17190.0,7440.0,0.0459891678,14202975,081000,19077.0,39133.4,0.48748639269779775,382675657.0,-4.607843137254896,-37.82747603833866,0.5617963172124067,1.664713586544427,10.40398753126191,12.117,-43.397324025596276,https://finance.naver.com/item/main.naver?code=081000
제룡산업,KOSDAQ,6900.0,138000000000,11.45,1.53,600.0,4503.0,0.1224,16282469860.0,5835144490.0,9443123520.0,,52.37524,전기장비,15410.0,5040.0,0.04586505,20000000,147830,104053.0,161707.55,0.6434640806814524,1134011925.75,-7.133243606998652,-11.538461538461542,0.6434640806814524,13.324450366422386,35.83697399824329,12.24,-55.223880597014926,https://finance.naver.com/item/main.naver?code=147830
이노테크,KOSDAQ,15410.0,137810089000,13.9,2.22,1110.0,6961.0,0.55581,19558861110.0,893662870.0,3206184870.0,,15.94641,디스플레이장비및부품,85000.0,8760.0,0.0096450816,8942900,469610,34945.0,267418.35,0.13067540054749424,4538557429.75,8.292340126493315,-32.41228070175438,0.29833031278519223,15.945984772302829,4.5690946163684885,55.581,-81.87058823529412,https://finance.naver.com/item/main.naver?code=469610
헬릭스미스,KOSDAQ,2980.0,137356535060,-335.56,0.98,-9.0,3083.0,0.01133,809963840.0,-2184091730.0,-2069898580.0,,-71.79167,생물공학,9960.0,2725.0,0.0399880918,46092797,084990,43653.0,120659.1,0.36178788006872253,378832652.1,-35.00545256270448,-53.51014040561623,0.7301065564056088,-0.2919234511839118,-269.6529921632057,1.133,-70.08032128514057,https://finance.naver.com/item/main.naver?code=084990
인포바인,KOSDAQ,9300.0,137933405700,10.53,0.72,893.0,12978.0,0.09725,6660043940.0,2161449410.0,2019961040.0,,33.41967,IT서비스,20160.0,6050.0,0.0856565959,14831549,115310,4458.0,7678.35,0.5805934868819472,63401160.5,19.845360824742265,-89.3103448275862,1.1205532438609858,6.880875327477269,32.45398122703677,9.725,-53.86904761904761,https://finance.naver.com/item/main.naver?code=115310
동국산업,KOSDAQ,2530.0,137238539460,-13.2,0.36,-194.0,7195.0,0.94694,163391223980.0,-855131390.0,-10567984910.0,,44.0108,철강,3945.0,2125.0,0.018819352,54244482,005160,26794.0,33788.2,0.7929987392048112,87282831.25,3.476482617586907,-15.666666666666663,0.9193446232708461,-2.6963168867268936,-0.5233643332671728,94.694,-35.868187579214194,https://finance.naver.com/item/main.naver?code=005160
HT로보틱스,KOSDAQ,5180.0,137215610000,105.0,2.02,54.0,2803.0,1.06255,37448791370.0,2040595960.0,3193916530.0,,250.96527,전자장비와기기,7340.0,2270.0,0.0307062043,26489500,396300,1354700.0,2206577.85,0.6139370972114127,11062414644.7,16.013437849944,18.671248568155786,3.449147737978064,1.9265073135925792,5.449030223268324,106.25500000000001,-29.427792915531338,https://finance.naver.com/item/main.naver?code=396300
퓨릿,KOSDAQ,7980.0,137169720240,8.98,1.28,893.0,6252.0,0.13646,44879954950.0,6489149530.0,5257741180.0,,30.41324,반도체와반도체장비,13400.0,5990.0,0.0719793163,17189188,445180,13709.0,38083.8,0.3599693307915701,329592255.5,-14.834578441835644,-19.393939393939398,0.5782248620148199,14.28342930262316,14.45890384076689,13.645999999999999,-40.44776119402985,https://finance.naver.com/item/main.naver?code=445180
인선이엔티,KOSDAQ,3010.0,137146472120,-12.21,0.43,-249.0,7036.0,0.49029,50259843160.0,2317409170.0,1238689770.0,,15.16342,상업서비스와공급품,4850.0,2680.0,0.0393098554,45563612,060150,21762.0,51627.25,0.4215215801732612,159182072.25,-9.337349397590366,-30.081300813008127,0.6486884348866151,-3.538942581011938,4.610856350312574,49.029,-37.93814432989691,https://finance.naver.com/item/main.naver?code=060150
동양이엔피,KOSDAQ,18120.0,136836042960,2.78,0.31,6525.0,58388.0,0.15003,105678454260.0,2721164730.0,9198494560.0,,-78.68198,전기제품,38050.0,17500.0,0.0780190258,7551658,079960,17282.0,27676.3,0.6244331792905844,525729186.0,-14.52830188679245,-45.09090909090909,0.9178972622785561,11.175241487976981,2.57494751324157,15.003,-52.3784494086728,https://finance.naver.com/item/main.naver?code=079960
안국약품,KOSDAQ,10480.0,136684561600,15.94,0.72,658.0,14551.0,0.84175,91850924880.0,8640460430.0,8574459990.0,,47.06703,제약,13650.0,7280.0,0.0465507935,13042420,001540,34133.0,91880.2,0.37149462016843676,1084016601.5,-5.415162454873645,29.86369268897151,0.6079220550238246,4.522025977596042,9.40704782373009,84.175,-23.22344322344322,https://finance.naver.com/item/main.naver?code=001540
에이치엠넥스,KOSDAQ,2225.0,136538517850,12.65,1.02,181.0,2239.0,0.21217,13363135990.0,1382505430.0,1254706860.0,,15.94641,디스플레이장비및부품,10240.0,801.0,0.0356391867,61365626,036170,194150.0,258122.35,0.752162685641131,652789230.2,-47.83118405627198,-12.228796844181456,1.9899129230769825,8.083966056275123,10.34566609989277,21.217,-78.271484375,https://finance.naver.com/item/main.naver?code=036170
남선알미늄,KOSPI,1057.0,136436598130,37.57,0.48,28.0,2196.0,0.54686,82818261980.0,-930088110.0,-782532690.0,,29.9981,비철금속,3485.0,881.0,0.0702106515,129079090,008350,618682.0,944878.4,0.654774201632718,969108953.85,-14.412955465587041,-9.270386266094421,1.1362679049494622,1.2750455373406193,-1.1230471248293155,54.686,-69.6700143472023,https://finance.naver.com/item/main.naver?code=008350
삼일제약,KOSPI,6280.0,136224573080,-3.82,0.99,-1633.0,6277.0,1.98471,50602012210.0,-6330463200.0,-7690298150.0,,47.06703,제약,12860.0,5500.0,0.0388645743,21691811,000520,35469.0,80609.85,0.440008262017607,511309916.0,-11.424541607898453,-43.82826475849731,0.5321930260383811,-26.015612553767724,-12.510299340920222,198.471,-51.16640746500778,https://finance.naver.com/item/main.naver?code=000520
바이젠셀,KOSDAQ,6640.0,136115086400,-8.15,3.08,-807.0,2133.0,0.28031,571215460.0,-2536253730.0,-2342350490.0,,47.06703,제약,17360.0,3070.0,0.0182666106,20499260,308080,170437.0,236184.3,0.7216271360966838,1609046808.25,-28.371089536138083,-5.5476529160739645,10.292724791614008,-37.83403656821378,-444.00999405723365,28.031,-61.75115207373272,https://finance.naver.com/item/main.naver?code=308080
제이아이테크,KOSDAQ,4125.0,135237069000,16.49,1.47,215.0,2405.0,0.62665,21881928370.0,6341394480.0,3916891480.0,,30.41324,반도체와반도체장비,6160.0,2480.0,0.0589730699,32784744,417500,1470874.0,307217.95,4.787721550775272,1212637833.2,21.5022091310751,-12.9746835443038,4.787721550775272,8.93970893970894,28.9800531871497,62.665000000000006,-33.03571428571429,https://finance.naver.com/item/main.naver?code=417500
메쎄이상,KOSDAQ,3140.0,135749908700,8.63,1.68,365.0,1878.0,0.29216,19382589560.0,6650626450.0,5431701940.0,,20.01555,양방향미디어와서비스,4385.0,2600.0,0.0310957127,43232455,408920,1974.0,20157.4,0.09792929643704049,63160559.15,3.630363036303641,-6.824925816023741,0.6311329834204807,19.435569755058573,34.31237311925002,29.215999999999998,-28.39224629418472,https://finance.naver.com/item/main.naver?code=408920
화승인더,KOSPI,2440.0,134980800000,6.22,0.35,395.0,6972.0,2.0174,458189180480.0,21685893610.0,8127876610.0,,9.12262,"섬유,의류,신발,호화품",4510.0,2300.0,0.0529295372,55320000,006060,25618.0,69473.1,0.36874704022132304,172859272.6,-10.786106032906762,-30.484330484330478,0.7392357617552693,5.665519219736087,4.732956283970261,201.73999999999998,-45.8980044345898,https://finance.naver.com/item/main.naver?code=006060
모다이노칩,KOSDAQ,1687.0,134490376314,-28.49,0.37,-59.0,4518.0,1.67357,93684764250.0,6395361750.0,2594808730.0,,32.40387,전문소매,2380.0,1269.0,0.000744591,79721622,080420,3038.0,2395.3,1.268317121028681,3982488.35,10.333551340745583,-16.069651741293534,1.268317121028681,-1.3058875608676406,6.826469385068661,167.357,-29.117647058823525,https://finance.naver.com/item/main.naver?code=080420
나우IB,KOSDAQ,1418.0,134610669100,23.7,1.31,61.0,1101.0,0.60321,8829063830.0,5056829340.0,3927728200.0,,14.36921,창업투자,3350.0,1092.0,0.0197064151,94929950,293580,140973.0,158879.2,0.8872967638306335,234763279.25,-9.218950064020481,-33.11320754716981,1.1115048414141058,5.540417801998183,57.27480780938017,60.321000000000005,-57.67164179104478,https://finance.naver.com/item/main.naver?code=293580
프레스티지바이오로직스,KOSDAQ,1722.0,133890040914,-4.61,0.99,-373.0,1739.0,1.49172,2269602680.0,-16327903360.0,-14649592000.0,,47.06703,제약,3850.0,1650.0,0.4167498268,77752637,334970,80324.0,230428.1,0.3485859580493872,414493731.2,-8.840656431974592,-37.60869565217392,1.6692929377970829,-21.449108683151234,-719.4168170439418,149.172,-55.27272727272727,https://finance.naver.com/item/main.naver?code=334970
서산,KOSDAQ,6710.0,134200000000,-137.35,1.93,-49.0,3495.0,0.05607,12976014920.0,-325586170.0,420480890.0,,7.5794,건축자재,10300.0,952.0,0.00608665,20000000,079650,5164104.0,5839591.0,0.8843263166889599,34765615501.45,585.3932584269663,326.3024142312579,3.8048020828855993,-1.402002861230329,-2.5091383757440995,5.607,-34.85436893203884,https://finance.naver.com/item/main.naver?code=079650
큐리오시스,KOSDAQ,8760.0,133675532640,-14.24,4.63,-602.0,1852.0,0.29209,3473285420.0,-1869245490.0,-2081849420.0,,-33.26304,생명과학도구및서비스,48218.865,8150.0,0.0594477739,15259764,494120,60255.0,114083.2,0.5281671622114387,1194199584.5,-67.55555555555556,-88.20995962314939,0.7490498162744383,-32.50539956803456,-53.81779105271458,29.209000000000003,-81.83283658792051,https://finance.naver.com/item/main.naver?code=494120
알에스오토메이션,KOSDAQ,10410.0,133662734400,-24.04,2.25,-428.0,4565.0,0.56616,18315715600.0,-1449325890.0,-888841510.0,,176.74372,기계,28800.0,7355.0,0.0424381456,12839840,140670,61608.0,53957.2,1.141793866249546,551265284.5,-9.399477806788514,-49.95192307692308,1.2311424610617305,-9.375684556407448,-7.91301809687414,56.616,-63.854166666666664,https://finance.naver.com/item/main.naver?code=140670
에이스테크,KOSDAQ,1771.0,133721894614,-4.45,1.94,-399.0,914.0,3.32945,28725227710.0,-8129919970.0,-9530825060.0,,-319.55513,통신장비,7890.0,1330.0,0.0,75506434,088800,73349.0,131585.2,0.5574259111207035,261837088.95,-33.29566854990584,-38.4,1.2367424299997263,-43.65426695842451,-28.302369095475484,332.945,-77.55386565272498,https://finance.naver.com/item/main.naver?code=088800
켄코아에어로스페이스,KOSDAQ,9660.0,133058839620,-8.11,0.79,-1183.0,12229.0,0.3893,28473502330.0,1183958760.0,333635220.0,,40.34295,우주항공과국방,39600.0,7300.0,0.0929721762,13774207,274090,66483.0,116304.15,0.571630505016373,1259399101.25,-54.21800947867299,-56.681614349775785,0.6883847222992473,-9.673726388093876,4.158107233449002,38.93,-75.60606060606061,https://finance.naver.com/item/main.naver?code=274090
윈스테크넷,KOSDAQ,10840.0,133112446640,6.4,0.63,1694.0,17202.0,0.08873,20568753660.0,3164896270.0,4462559580.0,,161.19616,소프트웨어,14580.0,9870.0,0.0859125262,12279746,136540,5267.0,11946.05,0.44089887452337806,127198601.0,4.633204633204624,-7.112253641816624,2.693107763654095,9.84769212882223,15.386913190344465,8.873000000000001,-25.65157750342936,https://finance.naver.com/item/main.naver?code=136540
그래디언트,KOSDAQ,11880.0,132748652520,-4.05,0.31,-2961.0,38707.0,1.56097,1008380083080.0,7838132330.0,13972261920.0,,21.98819,인터넷과카탈로그소매,15300.0,7220.0,0.0330738083,11174129,035080,22735.0,48990.9,0.4640657754807525,568159474.0,33.48314606741574,8.59232175502742,1.6017260348350408,-7.649779109721757,0.7772993994545369,156.097,-22.352941176470587,https://finance.naver.com/item/main.naver?code=035080
디씨엠,KOSPI,11640.0,132696000000,8.57,0.38,1369.0,30605.0,0.12197,50175411210.0,3257475180.0,3276116340.0,,29.9981,비철금속,13230.0,10310.0,0.0536320175,11400000,024090,871.0,6186.35,0.14079384451251545,71059259.25,5.9144676979071775,-6.506024096385543,7.67900296620786,4.473125306322497,6.492174356810816,12.197,-12.01814058956916,https://finance.naver.com/item/main.naver?code=024090
마크로젠,KOSDAQ,12230.0,132590322000,65.78,0.85,187.0,14505.0,1.16377,51004029210.0,697800000.0,4299202490.0,,-33.26304,생명과학도구및서비스,20900.0,10440.0,0.0419561127,10841400,038290,11172.0,42361.05,0.26373283948344056,546557954.5,-5.486862442040186,-30.903954802259893,0.46512067099375487,1.2892106170286108,1.3681272064348737,116.377,-41.483253588516746,https://finance.naver.com/item/main.naver?code=038290
경보제약,KOSPI,5510.0,131726798600,677.5,0.89,8.0,6096.0,1.50062,75221833770.0,930325040.0,2973734610.0,,47.06703,제약,9300.0,4700.0,0.0221359894,23906860,214390,35198.0,35646.25,0.9874250447101729,192959132.0,4.752851711026618,-6.451612903225811,4.292709611810499,0.13123359580052493,1.2367752730471622,150.062,-40.75268817204301,https://finance.naver.com/item/main.naver?code=214390
SG,KOSDAQ,1201.0,131585525702,-51.45,1.07,-22.0,1058.0,0.91001,23027309090.0,686823430.0,1244551550.0,,7.5794,건축자재,3397.241,1035.0,0.0179786385,109563302,255220,2681577.0,1588210.45,1.6884267447050232,1962392969.65,-34.51472191930207,-60.03327787021631,2.7316701007728543,-2.0793950850661624,2.9826473745395843,91.001,-64.6477833041577,https://finance.naver.com/item/main.naver?code=255220
엘케이켐,KOSDAQ,20600.0,131659502800,28.46,2.12,708.0,9491.0,0.10108,7643902930.0,1899628840.0,1856878480.0,,30.41324,반도체와반도체장비,59500.0,14550.0,0.0233327252,6391238,489500,6042.0,16593.35,0.36412177167359217,348645829.25,-27.464788732394364,-44.17344173441734,0.902590495590101,7.4596986618902115,24.851556297824416,10.108,-65.3781512605042,https://finance.naver.com/item/main.naver?code=489500
한독,KOSPI,9530.0,131166469490,-58.83,0.45,-162.0,21292.0,2.05665,140725980750.0,2774300540.0,-12733786640.0,,47.06703,제약,12490.0,6460.0,0.0220053964,13763533,002390,7166.0,12712.65,0.5636904972606026,120082173.5,22.17948717948719,-14.529147982062785,2.1113615178581964,-0.7608491452188616,1.9714202915583519,205.665,-23.698959167333868,https://finance.naver.com/item/main.naver?code=002390
솔본,KOSDAQ,4795.0,131124055615,6.22,0.65,814.0,7775.0,0.20291,34988322100.0,16043798170.0,37302322140.0,,562.67204,건강관리기술,5130.0,3155.0,0.0116513945,27345997,035610,21066.0,41119.0,0.5123179065638755,203131289.3,42.92101341281669,19.875,1.6053892361195554,10.469453376205788,45.85472296769556,20.291,-6.530214424951264,https://finance.naver.com/item/main.naver?code=035610
메쥬,KOSDAQ,13250.0,130933187500,30.73,10.82,422.0,1199.0,0.09428,5668414580.0,874700940.0,1097834700.0,,-32.98986,건강관리장비와용품,73500.0,10370.0,0.0410118653,9881750,0088M0,30367.0,76307.05,0.3979579868439417,992478413.0,-31.02550754815201,-66.02564102564102,0.9982170716860368,35.19599666388657,15.431139124619216,9.428,-81.97278911564626,https://finance.naver.com/item/main.naver?code=0088M0
경인양행,KOSPI,3145.0,130883467925,22.9,0.54,138.0,5881.0,1.04284,118964470060.0,13343569410.0,10374871510.0,,-31.79194,화학,6430.0,2565.0,0.0610841192,41616365,012610,117676.0,160457.75,0.7333768546548858,514614774.55,-22.916666666666664,-29.79910714285714,0.7333768546548858,2.34653970413195,11.216432438416394,104.28399999999999,-51.08864696734059,https://finance.naver.com/item/main.naver?code=012610
아진엑스텍,KOSDAQ,7120.0,130367669920,155.22,3.17,46.0,2254.0,0.10183,8872557400.0,1810935640.0,1742822260.0,,30.41324,반도체와반도체장비,14500.0,3502.062,0.0174597951,18310066,059120,669896.0,1387812.8,0.4826991075453404,10277609864.25,2.5936599423631135,-7.891332470892632,5.0158054458065235,2.0408163265306123,20.41052605644456,10.183,-50.89655172413793,https://finance.naver.com/item/main.naver?code=059120
경동도시가스,KOSPI,22100.0,130288472600,3.97,0.27,5576.0,80675.0,0.87967,447475292560.0,7090256930.0,7231969190.0,,9.33717,가스유틸리티,24300.0,18370.0,0.0848847391,5895406,267290,3454.0,9751.8,0.3541910211448143,208797861.25,9.677419354838701,-2.643171806167399,1.0098648454644272,6.911682677409359,1.5845024402211656,87.967,-9.053497942386834,https://finance.naver.com/item/main.naver?code=267290
고려신용정보,KOSDAQ,9100.0,130130000000,9.56,2.06,951.0,4407.0,0.79979,43322733880.0,3847433580.0,3349781180.0,,15.16342,상업서비스와공급품,11940.0,8820.0,0.037579021,14300000,049720,15191.0,39767.35,0.38199678882299176,369298924.0,-6.474820143884896,-13.744075829383885,0.6972805580457335,21.57930565010211,8.880865161134656,79.979,-23.78559463986599,https://finance.naver.com/item/main.naver?code=049720
신흥,KOSPI,14010.0,130293000000,45.08,1.14,311.0,12292.0,0.33961,26282382230.0,3643861210.0,3951864420.0,,-32.98986,건강관리장비와용품,14760.0,13150.0,0.0215936559,9300000,004080,385.0,2822.2,0.13641839699525193,39660962.5,1.7429193899782147,0.28632784538296097,1.8496208631564028,2.530100878620241,13.864272949507287,33.961000000000006,-5.081300813008127,https://finance.naver.com/item/main.naver?code=004080
지씨지놈,KOSDAQ,5500.0,130079361500,29.78,1.66,185.0,3310.0,0.09967,8288372330.0,432631990.0,780805070.0,,-33.26304,생명과학도구및서비스,9520.0,4100.0,0.0289442726,23650793,340450,25557.0,101067.2,0.2528713568793832,568510547.0,5.769230769230771,-33.17132442284325,1.0930549179160005,5.589123867069486,5.21974608252185,9.966999999999999,-42.226890756302524,https://finance.naver.com/item/main.naver?code=340450
화승코퍼레이션,KOSPI,2595.0,129882998940,1.53,0.43,1681.0,6040.0,1.91329,449059034970.0,21866407330.0,15403614940.0,,10.29196,자동차부품,4000.0,1911.0,0.0715507776,50051252,013520,38750.0,89958.8,0.4307527445897455,234892340.5,7.010309278350513,-25.323741007194243,0.9148743647091779,27.831125827814567,4.869383672786099,191.329,-35.12499999999999,https://finance.naver.com/item/main.naver?code=013520
엠디바이스,KOSDAQ,12110.0,129780254240,11.38,2.65,1035.0,4452.0,1.1765,28105925910.0,4834672440.0,13497755510.0,,30.41324,반도체와반도체장비,38000.0,8010.0,0.0273271347,10716784,226590,16734.0,39439.45,0.42429597775831057,485484500.25,-21.465629053177693,-58.87945670628183,1.4572971986171208,23.247978436657682,17.201612412561857,117.65,-68.13157894736842,https://finance.naver.com/item/main.naver?code=226590
신원,KOSPI,1130.0,129690544090,-37.52,0.46,-31.0,2556.0,1.97538,309913109250.0,7558109000.0,-1044732210.0,,9.12262,"섬유,의류,신발,호화품",1890.0,898.0,0.0244700739,114770393,009270,603301.0,1708150.4,0.35318962545686844,2028201875.0,4.339796860572487,-24.716855429713526,1.355841382585515,-1.2128325508607198,2.4387832506636697,197.53799999999998,-40.21164021164021,https://finance.naver.com/item/main.naver?code=009270
아크릴,KOSDAQ,16110.0,129368519640,-28.03,3.01,-585.0,5448.0,0.24241,5473699580.0,-1495145460.0,-1531092020.0,,33.41967,IT서비스,77000.0,11500.0,0.0555788285,8030324,0007C0,49763.0,102476.1,0.48560591201265463,1709507454.5,-31.00642398286938,-60.61124694376527,8.68289288917123,-10.737885462555067,-27.3150807447127,24.241,-79.07792207792208,https://finance.naver.com/item/main.naver?code=0007C0
넥사다이내믹스,KOSDAQ,4335.0,128743613070,-7.6,5.21,-490.0,715.0,3.3217,864712240.0,-2610886820.0,-3012317400.0,,15.94641,디스플레이장비및부품,4450.0,771.0,0.041849523,29698642,351320,1595363.0,1243271.85,1.2831972347801488,2836668336.0,288.44086021505376,219.45467943994106,1.8058319264608138,-68.53146853146853,-301.9370721524654,332.16999999999996,-2.5842696629213457,https://finance.naver.com/item/main.naver?code=351320
톱텍,KOSDAQ,3380.0,128518568100,-8.16,0.31,-405.0,10549.0,0.39362,40843433210.0,-6506930800.0,-2880135850.0,,176.74372,기계,5260.0,2550.0,0.0215516324,38023245,108230,795892.0,1577962.15,0.5043796519453905,5350185249.85,-2.5936599423631135,-30.165289256198346,1.3327575696286504,-3.839226466963693,-15.931400199743395,39.362,-35.74144486692015,https://finance.naver.com/item/main.naver?code=108230
LG헬로비전,KOSPI,1654.0,128097114710,71.3,0.28,23.0,5845.0,1.71932,243276212060.0,2967704150.0,1144229990.0,,891.14405,방송과엔터테인먼트,3660.0,1435.0,0.0488649605,77446865,037560,58706.0,131750.05,0.44558616865800055,218100748.7,-25.15837104072398,-32.07392197125256,1.171627638850991,0.39349871685201027,1.2198908084231703,171.932,-54.8087431693989,https://finance.naver.com/item/main.naver?code=037560
디와이파워,KOSPI,11590.0,127973395720,5.07,0.41,2278.0,28321.0,0.25595,115860516580.0,10531062960.0,10303130440.0,,176.74372,기계,16390.0,9910.0,0.1334459306,11041708,210540,33248.0,41148.3,0.8080042188863209,476436393.5,-5.387755102040814,-20.343642611683855,1.0846620638033648,8.0435012887963,9.089432078207984,25.595000000000002,-29.286150091519215,https://finance.naver.com/item/main.naver?code=210540
라이콤,KOSDAQ,4175.0,127814118000,506.88,5.72,8.0,709.0,0.4257,4530334520.0,128132380.0,112584380.0,,-319.55513,통신장비,9330.0,2110.0,0.0120146037,30614160,388790,221707.0,348817.95,0.6355951578753329,1463775767.55,-52.5028441410694,34.02889245585874,0.8299142862344097,1.1283497884344147,2.828320501153632,42.57,-55.2518756698821,https://finance.naver.com/item/main.naver?code=388790
와이엠티,KOSDAQ,7080.0,127533548040,-67.77,0.64,-103.0,10941.0,0.64176,41213202210.0,1577651540.0,-2115927480.0,,-31.79194,화학,23500.0,6200.0,0.0552938002,18013213,251370,88988.0,88676.05,1.0035178607978141,689977717.25,-49.751596877217885,-49.101365923795825,2.538520829468611,-0.9414130335435518,3.828024650841612,64.176,-69.87234042553192,https://finance.naver.com/item/main.naver?code=251370
세종텔레콤,KOSDAQ,9090.0,127260000000,27.78,0.52,316.0,17031.0,1.18806,69478150250.0,1378155720.0,-166143620.0,,7.9394,다각화된통신서비스,15450.0,5110.0,0.0037924286,14000000,036630,19971.0,17222.1,1.159614681136447,137006299.25,-26.157595450852966,17.59379042690814,1.159614681136447,1.855440079854383,1.9835814785526762,118.80599999999998,-41.16504854368932,https://finance.naver.com/item/main.naver?code=036630
씨앤지하이테크,KOSDAQ,13050.0,126861294600,6.28,0.86,2078.0,15198.0,0.2305,72301012700.0,9327500860.0,5688758350.0,,30.41324,반도체와반도체장비,26100.0,9850.0,0.0302048971,9721172,264660,17919.0,24472.65,0.732205135120226,330983026.25,-9.813407049067035,-32.6625386996904,1.1911256034798028,13.672851691011974,12.900926987983945,23.05,-50.0,https://finance.naver.com/item/main.naver?code=264660
팜스토리,KOSDAQ,1138.0,126792090800,4.2,0.45,272.0,2550.0,1.88763,362985033940.0,17636031170.0,13336520860.0,,34.32074,식품,1656.0,925.0,0.0211054547,111416600,027710,288651.0,375304.5,0.7691114814770407,409995216.9,8.899521531100474,-15.390334572490705,1.9711540895459554,10.666666666666668,4.858611105414106,188.763,-31.28019323671497,https://finance.naver.com/item/main.naver?code=027710
토니모리,KOSPI,5250.0,126287694750,11.35,1.07,466.0,4938.0,0.82598,53962074930.0,2260503900.0,1930571100.0,,45.04075,화장품,11300.0,4190.0,0.0228343209,24054799,214420,32932.0,166554.7,0.1977248315418298,973441057.25,-3.492647058823528,-35.5036855036855,0.5145276596817742,9.437019036046983,4.189060377927169,82.598,-53.53982300884957,https://finance.naver.com/item/main.naver?code=214420
노머스,KOSDAQ,11550.0,125695785600,8.74,1.26,1359.0,9419.0,0.13821,16146752440.0,3548362730.0,4594269450.0,,891.14405,방송과엔터테인먼트,36950.0,8740.0,0.0271795222,10882752,473980,9565.0,25462.2,0.375654892350229,290480686.5,-20.344827586206893,-37.05722070844687,1.9794047647100408,14.428283257245992,21.975705289255057,13.821,-68.74154262516915,https://finance.naver.com/item/main.naver?code=473980
라온로보틱스,KOSDAQ,9470.0,125548525000,30.32,3.14,310.0,2998.0,0.56818,18216404460.0,449949290.0,318060190.0,,30.41324,반도체와반도체장비,23950.0,7020.0,0.0381286819,13257500,232680,87252.0,181928.25,0.47959566477443716,1804905474.25,-31.177325581395355,-42.986152919927754,0.5793767597940397,10.340226817878586,2.470022506296503,56.818000000000005,-60.45929018789145,https://finance.naver.com/item/main.naver?code=232680
코맥스,KOSDAQ,2885.0,125692107675,-3.04,4.56,-950.0,633.0,1.91633,18264739230.0,2237285030.0,1696559520.0,,-319.55513,통신장비,2885.0,2885.0,0.0021235576,43567455,036690,,,,,,,,-150.07898894154818,12.24920324252557,191.633,0.0,https://finance.naver.com/item/main.naver?code=036690
나노팀,KOSDAQ,6210.0,125272640880,129.2,2.67,50.0,2423.0,1.71274,14178441940.0,1414404600.0,726620730.0,,250.96527,전자장비와기기,15930.0,3330.0,0.0050215816,20172728,417010,170876.0,942616.95,0.18127830185951993,6167806588.05,-23.238566131025962,-45.092838196286465,1.5643374543604378,2.063557573256294,9.975740677187552,171.274,-61.01694915254237,https://finance.naver.com/item/main.naver?code=417010
우진엔텍,KOSDAQ,13440.0,125246795520,22.71,2.37,572.0,5483.0,0.11292,11378032760.0,1043635770.0,984312300.0,,-40.24179,에너지장비및서비스,34900.0,10750.0,0.0265911704,9318958,457550,89554.0,70076.1,1.2779535390810846,980591470.5,-36.0,-53.81443298969072,1.2779535390810846,10.43224512128397,9.172374451838017,11.292,-61.48997134670486,https://finance.naver.com/item/main.naver?code=457550
금강공업,KOSPI,4270.0,125236354390,-2.4,0.34,-1769.0,12448.0,1.46985,229092311770.0,17990210710.0,10968265040.0,,-8.87118,건축제품,8470.0,3420.0,0.0306755446,29329357,014280,84766.0,111401.6,0.7609046907764341,501814702.5,4.2735042735042805,-22.504537205081665,0.7609046907764341,-14.21111825192802,7.852821673064912,146.985,-49.586776859504134,https://finance.naver.com/item/main.naver?code=014280
퀄리타스반도체,KOSDAQ,8820.0,125134385040,-5.19,3.32,-1644.0,2568.0,1.65964,6343237350.0,-865044580.0,-1800431740.0,,30.41324,반도체와반도체장비,32150.0,5720.0,0.026578614,14187572,432720,109273.0,79075.7,1.3818783773017502,711939933.25,-33.18181818181818,-36.1794500723589,1.3818783773017502,-64.01869158878505,-13.637272772080648,165.964,-72.5660964230171,https://finance.naver.com/item/main.naver?code=432720
나인테크,KOSDAQ,2180.0,125165343100,-6.52,1.38,-338.0,1599.0,0.85431,12723389290.0,-469678000.0,580797050.0,,-78.68198,전기제품,4720.0,1274.0,0.0174053795,57415295,267320,137630.0,244904.45,0.561974272006899,530578886.65,-14.003944773175547,-40.59945504087194,0.9259447919382436,-21.138211382113823,-3.6914535057820275,85.431,-53.813559322033896,https://finance.naver.com/item/main.naver?code=267320
유니트론텍,KOSDAQ,6030.0,125130960090,9.44,0.9,640.0,6717.0,2.39771,340100315050.0,38540229360.0,17783063020.0,,30.41324,반도체와반도체장비,9060.0,4470.0,0.0300352704,20751403,142210,127606.0,454602.55,0.28069794153156424,2988315865.25,-10.930576070901033,-0.658978583196046,0.5336287708900885,9.528063123418193,11.332018129513932,239.77100000000002,-33.443708609271525,https://finance.naver.com/item/main.naver?code=142210
국전,KOSDAQ,2310.0,124708325280,-27.21,1.22,-86.0,1920.0,0.6596,40483784420.0,1495899900.0,6132526260.0,,47.06703,제약,6000.0,1700.0,0.0122896947,53986288,307750,142884.0,377633.55,0.37836680559764885,897668713.2,-5.327868852459017,-44.27020506634499,6.534702756150772,-4.479166666666667,3.6950594452355303,65.96,-61.5,https://finance.naver.com/item/main.naver?code=307750
AP위성,KOSDAQ,8280.0,124881477120,-41.69,1.11,-195.0,7297.0,0.26804,6760100200.0,-2317459810.0,-1500798930.0,,-319.55513,통신장비,22400.0,5720.0,0.0202450501,15082304,211270,47574.0,49570.4,0.9597259654955377,406048783.25,-34.23351866560762,-51.40845070422535,0.9597259654955377,-2.672331094970536,-34.281441715908294,26.804,-63.035714285714285,https://finance.naver.com/item/main.naver?code=211270
삼성제약,KOSPI,1324.0,124670592596,10.72,1.03,123.0,1286.0,0.67548,9901023840.0,-4989648880.0,-56645723410.0,,47.06703,제약,2320.0,1140.0,0.0301961366,94162079,001360,203817.0,263425.4,0.7737181000769098,343124366.2,-1.1940298507462699,-33.50075339025616,1.492931205570913,9.564541213063764,-50.39528194894236,67.548,-42.931034482758626,https://finance.naver.com/item/main.naver?code=001360
노바텍,KOSDAQ,11780.0,124583289180,6.2,0.69,1885.0,16898.0,0.09522,9525688370.0,-151210360.0,23205334990.0,,94.7569,핸드셋,31900.0,9510.0,0.0487078509,10575831,285490,12737.0,19253.05,0.661557519457956,229100521.25,-15.857142857142858,-54.074074074074076,1.3389047449624865,11.155166291868861,-1.5873956204175093,9.522,-63.07210031347963,https://finance.naver.com/item/main.naver?code=285490
아이앤씨,KOSDAQ,6970.0,124531972380,22.38,2.94,281.0,2140.0,0.4506,8979582930.0,348649690.0,553966320.0,,30.41324,반도체와반도체장비,7350.0,2135.0,0.0216005571,17866854,052860,200137.0,73604.85,2.7190735393116077,432173016.6,38.568588469184895,101.15440115440117,2.7190735393116077,13.130841121495326,3.8826935807362712,45.06,-5.170068027210883,https://finance.naver.com/item/main.naver?code=052860
고스트스튜디오,KOSDAQ,9530.0,124052572270,,,,,0.08889,21816371000.0,4798388000.0,4680609000.0,,18.03224,게임엔터테인먼트,10430.0,6920.0,0.2969308198,13017059,950190,7483.0,31822.45,0.23514845651419045,294280514.25,6.36160714285714,15.655339805825253,0.6900160107094205,,21.994437113303583,8.889,-8.628954937679767,https://finance.naver.com/item/main.naver?code=950190
HDC현대EP,KOSPI,3895.0,124250500000,3.09,0.29,1279.0,13772.0,1.00969,301411989750.0,12833261170.0,8053857610.0,,10.29196,자동차부품,6600.0,3400.0,0.0319972727,31900000,089470,23916.0,61763.65,0.38721804815615657,243223781.35,-2.988792029887921,-35.29900332225914,0.8610080524709922,9.286959047342433,4.2577142271759945,100.969,-40.98484848484848,https://finance.naver.com/item/main.naver?code=089470
텔코웨어,KOSPI,13410.0,123909432570,11.18,0.61,1195.0,21758.0,0.16537,10303557600.0,3144129060.0,3075578380.0,,161.19616,소프트웨어,27450.0,11630.0,0.0149751999,9240077,078000,223.0,3069.4,0.0726526356942725,40015159.0,-4.077253218884125,-29.42105263157895,1.0435264221020395,5.4922327419799615,30.514985037789277,16.537,-51.14754098360657,https://finance.naver.com/item/main.naver?code=078000
샘표,KOSPI,43000.0,123659400000,8.9,0.4,4834.0,107294.0,0.34185,100345032300.0,4401133670.0,1568660750.0,,34.32074,식품,73100.0,39750.0,0.0450118228,2875800,007540,1643.0,3073.85,0.5345088407046538,137152630.0,1.0575793184488758,-33.84615384615385,0.6708199814564797,4.505377747124722,4.386000551419425,34.185,-41.17647058823529,https://finance.naver.com/item/main.naver?code=007540
대동기어,KOSDAQ,6440.0,123531539040,-18.53,1.11,-341.0,5700.0,2.77493,67034193540.0,1645701860.0,572364030.0,,176.74372,기계,18803.303,5453.846,0.0515160738,19181916,008830,233283.0,861576.05,0.27076309746539495,5471833329.0,-50.38520801232666,-73.76782077393077,0.452564808411283,-5.982456140350878,2.455018510841027,277.493,-65.75069816191336,https://finance.naver.com/item/main.naver?code=008830
KCTC,KOSPI,4115.0,123450000000,5.86,0.39,707.0,10550.0,1.30727,290934509200.0,15626815960.0,10631723470.0,,8.64377,항공화물운송과물류,8390.0,3370.0,0.0706607667,30000000,009070,79645.0,105995.15,0.7514023047280938,427886833.4,-3.062426383981154,-43.31955922865014,1.0351322678443307,6.701421800947867,5.37124867138312,130.727,-50.95351609058403,https://finance.naver.com/item/main.naver?code=009070
오늘이엔엠,KOSDAQ,4900.0,123410954100,-0.8,37.65,-6397.0,136.0,5.70312,4531139330.0,-1564081850.0,-8109776350.0,,-319.55513,통신장비,8600.0,1362.586,0.0,25185909,192410,66491.0,213340.05,0.3116667498671722,1036745143.25,3.594080338266381,62.25165562913908,2.988219980261559,-4703.676470588235,-34.51851148439525,570.312,-43.02325581395349,https://finance.naver.com/item/main.naver?code=192410
조일알미늄,KOSPI,973.0,123212664533,15.44,0.59,63.0,1655.0,1.07218,154139388820.0,10020716520.0,7455858200.0,,29.9981,비철금속,2235.0,852.0,0.0237246716,126631721,018470,1020145.0,1202531.45,0.8483312432286075,1222021302.2,-32.80386740331491,-20.245901639344265,1.0439211381955957,3.8066465256797586,6.50107451230518,107.21799999999999,-56.46532438478747,https://finance.naver.com/item/main.naver?code=018470
아바텍,KOSDAQ,8980.0,122735972940,17.96,0.82,506.0,11122.0,0.05716,16906770690.0,335757730.0,1309743500.0,,15.94641,디스플레이장비및부품,19490.0,6750.0,0.0234810487,13667703,149950,40178.0,94266.5,0.4262171609214302,858768986.5,-35.857142857142854,-16.62024141132776,3.0195350416107525,4.549541449379608,1.9859364993847919,5.716,-53.925089789635706,https://finance.naver.com/item/main.naver?code=149950
사조동아원,KOSPI,8700.0,122795802000,-0.88,0.95,-9740.0,9010.0,3.20354,168495606040.0,4786125360.0,-13060687000.0,,34.32074,식품,15360.0,6240.0,0.0,14114460,008040,76585.0,311998.5,0.24546592371437684,525838054.6,754.6168958742634,724.6445497630331,1.8587012437559796,-108.10210876803552,2.8405045523049415,320.354,-43.359375,https://finance.naver.com/item/main.naver?code=008040
어보브반도체,KOSDAQ,6890.0,122509388170,11.27,0.96,613.0,7205.0,0.79028,68856734950.0,3521730990.0,3223115560.0,,30.41324,반도체와반도체장비,16850.0,5410.0,0.051923954,17780753,102120,96751.0,96042.7,1.0073748447305209,730872070.5,-32.71484375,-45.790715971675844,1.0073748447305209,8.507980569049272,5.114577379478258,79.02799999999999,-59.10979228486647,https://finance.naver.com/item/main.naver?code=102120
동방메디컬,KOSDAQ,5850.0,122463549000,10.45,1.01,572.0,5905.0,0.50252,33940580990.0,6357463130.0,3994914040.0,,-32.98986,건강관리장비와용품,11440.0,4500.0,0.0096397047,20933940,240550,58604.0,114066.6,0.5137700255815462,715715474.75,-4.255319148936165,-24.02597402597403,8.131705512393637,9.68670618120237,18.731155874653755,50.251999999999995,-48.86363636363637,https://finance.naver.com/item/main.naver?code=240550
라온텍,KOSDAQ,3975.0,122328868050,-18.76,7.41,-217.0,549.0,2.53614,1461728850.0,-2971913740.0,-3271634490.0,,30.41324,반도체와반도체장비,12500.0,2635.0,0.027706588,30774558,418420,122386.0,260150.35,0.47044334170605573,1118772534.7,-27.1978021978022,-41.19822485207101,8.774641279552382,-39.526411657559194,-203.31498143448425,253.614,-68.19999999999999,https://finance.naver.com/item/main.naver?code=418420
HB솔루션,KOSDAQ,1671.0,122218467294,4.61,0.5,362.0,3367.0,0.32972,10170713890.0,-502801840.0,16954343080.0,,15.94641,디스플레이장비및부품,3070.0,1360.0,0.0164609647,73140914,297890,72890.0,230489.6,0.3162398650524796,397567732.35,-4.240687679083099,-24.21768707482993,0.6469315752207475,10.751410751410752,-4.943623873780998,32.972,-45.5700325732899,https://finance.naver.com/item/main.naver?code=297890
시지메드텍,KOSDAQ,1183.0,122155439588,18.49,1.28,63.0,910.0,0.39374,15316112380.0,332758090.0,1096136520.0,,-32.98986,건강관리장비와용품,3555.0,850.0,0.0307896831,103259036,056090,1076845.0,462545.6,2.3280839770176174,522108594.2,-5.359999999999998,-55.94040968342644,2.3280839770176174,6.923076923076923,2.172601517566039,39.373999999999995,-66.72292545710268,https://finance.naver.com/item/main.naver?code=056090
엠에스씨,KOSDAQ,6940.0,122144000000,5.46,0.66,1307.0,10750.0,0.46518,56261884280.0,11663119110.0,9692333810.0,,34.32074,식품,13280.0,5740.0,0.0204591477,17600000,009780,15034.0,42224.0,0.3560534293292914,299246809.75,12.662337662337663,-9.870129870129873,0.3560534293292914,12.15813953488372,20.730054208557693,46.518,-47.74096385542169,https://finance.naver.com/item/main.naver?code=009780
신영와코루,KOSPI,13570.0,122130000000,19.44,0.31,697.0,43200.0,0.10785,59372205960.0,-45059200.0,206414920.0,,9.12262,"섬유,의류,신발,호화품",22450.0,11400.0,0.2587676667,9000000,005800,4529.0,4615.95,0.9811631408485795,62336683.0,5.275407292474776,-21.2420197330238,2.409904786663634,1.6134259259259258,-0.07589275027166265,10.785,-39.55456570155902,https://finance.naver.com/item/main.naver?code=005800
켐트로스,KOSDAQ,3790.0,121553088450,-8.6,1.86,-446.0,2061.0,0.27218,23955659980.0,3583872870.0,3770049490.0,,-31.79194,화학,9570.0,2630.0,0.0277368569,32072055,220260,62035.0,85590.65,0.7247871116763338,333742449.85,-16.885964912280706,-37.04318936877077,0.7247871116763338,-21.63998059194566,14.96044305601302,27.217999999999996,-60.397074190177634,https://finance.naver.com/item/main.naver?code=220260
쇼박스,KOSDAQ,1942.0,121254596000,-8.09,1.13,-241.0,1721.0,0.7382,67583339120.0,12496545780.0,9827492120.0,,891.14405,방송과엔터테인먼트,3200.0,1688.0,0.0217221884,62438000,086980,37368.0,118659.6,0.3149176299262765,238384065.4,-23.693516699410612,-35.05016722408026,0.9005508193184537,-14.00348634514817,18.490571704087177,73.82,-39.31249999999999,https://finance.naver.com/item/main.naver?code=086980
현대리바트,KOSPI,6020.0,121087496040,16.25,0.29,368.0,20785.0,0.95628,373133396360.0,5558530630.0,3754439390.0,,27.88349,가구,9300.0,5100.0,0.0369348483,20114202,079430,6559.0,24230.6,0.27069077942766584,145008956.5,-2.4311183144246407,-20.370370370370374,1.4974041088540937,1.7705075775799854,1.4896899297207684,95.628,-35.26881720430107,https://finance.naver.com/item/main.naver?code=079430
KCC건설,KOSDAQ,5640.0,120696000000,2.47,0.2,2276.0,27706.0,1.52975,379868908170.0,16294439590.0,8950355870.0,,35.85997,건설,7840.0,4450.0,0.0318386449,21400000,021320,11595.0,13750.35,0.8432512626951314,77801923.75,14.28571428571428,-20.45133991537377,0.8432512626951314,8.214827113260666,4.289490200316123,152.975,-28.061224489795922,https://finance.naver.com/item/main.naver?code=021320
지에프아이,KOSDAQ,14980.0,120431904740,-23.21,1.81,-601.0,7719.0,0.12592,15537620040.0,2954750110.0,2283564520.0,,250.96527,전자장비와기기,23800.0,8350.0,0.0129337436,8039513,493330,289942.0,79531.4,3.645629273469347,1007707046.0,20.32128514056224,-6.199123356293046,4.596322961748442,-7.785982640238373,19.016748397716643,12.592,-37.05882352941177,https://finance.naver.com/item/main.naver?code=493330
신화프리텍,KOSDAQ,1844.0,120340291928,-17.41,1.12,-107.0,1661.0,0.84713,25091615810.0,1528348210.0,212651200.0,,176.74372,기계,2965.0,1648.0,0.0102218247,65260462,095190,78927.0,84802.75,0.9307127422164965,161165966.55,-1.6533333333333289,-21.864406779661017,1.5259174967792908,-6.441902468392535,6.09107130275322,84.71300000000001,-37.80775716694772,https://finance.naver.com/item/main.naver?code=095190
파세코,KOSDAQ,6010.0,120200000000,33.24,1.44,185.0,4285.0,0.61411,46702021360.0,2351568590.0,2419792910.0,,11.89363,가정용기기와용품,9980.0,4990.0,0.01110725,20000000,037070,122160.0,256235.25,0.4767493933797165,1491566506.25,-7.538461538461538,-26.796589524969548,0.6724367548961355,4.3173862310385065,5.035260833515237,61.411,-39.77955911823648,https://finance.naver.com/item/main.naver?code=037070
현대에버다임,KOSDAQ,6730.0,120074721760,25.65,0.62,260.0,10745.0,0.84063,79716688880.0,3202238740.0,2961075660.0,,176.74372,기계,11320.0,5020.0,0.035602413,17841712,041440,95961.0,109178.55,0.8789363844821166,723088695.25,-11.33069828722003,-23.522727272727273,8.200200497258848,2.419730107026524,4.01702427056451,84.063,-40.54770318021201,https://finance.naver.com/item/main.naver?code=041440
강동씨앤엘,KOSDAQ,1970.0,120035835120,178.45,0.89,11.0,2208.0,2.17661,19655028310.0,2456859240.0,1624772510.0,,7.5794,건축자재,2930.0,910.0,0.0047975038,60931896,198440,2572999.0,4513421.7,0.5700772431700765,8644808137.25,87.61904761904762,80.40293040293041,7.761450475589285,0.4981884057971014,12.499901812657322,217.661,-32.76450511945392,https://finance.naver.com/item/main.naver?code=198440
금강철강,KOSDAQ,6410.0,119995200000,-1507.5,0.74,-4.0,8115.0,0.23059,51955191950.0,1175051350.0,1467669540.0,,44.0108,철강,8130.0,3720.0,0.0041593483,18720000,053260,5169205.0,1368037.25,3.7785557374260095,8587929277.75,31.083844580777086,49.766355140186924,5.365910175326001,-0.04929143561306223,2.261662994394923,23.058999999999997,-21.156211562115622,https://finance.naver.com/item/main.naver?code=053260
비씨엔씨,KOSDAQ,9360.0,119788559280,104.89,1.53,90.0,6182.0,1.46017,26766057170.0,1838067680.0,460659910.0,,30.41324,반도체와반도체장비,19050.0,7120.0,0.0337021093,12797923,146320,8228.0,17347.45,0.4743060219225304,173975277.5,-30.46062407132244,-39.9615137908916,1.0513360753309564,1.455839534131349,6.86715891072723,146.017,-50.86614173228347,https://finance.naver.com/item/main.naver?code=146320
유아이엘,KOSDAQ,3875.0,119515171875,5.4,0.6,715.0,6445.0,0.40368,89763249160.0,6845777690.0,4132527150.0,,94.7569,핸드셋,4345.0,2905.0,0.0624144346,30842625,049520,116209.0,82757.35,1.4042136438636568,314556070.65,6.456043956043955,-4.320987654320985,3.7244426023791237,11.093871217998448,7.626481610305381,40.367999999999995,-10.817031070195625,https://finance.naver.com/item/main.naver?code=049520
제이엘케이,KOSDAQ,4645.0,119496768340,-8.7,2.88,-540.0,1631.0,1.00277,520149440.0,-3347223280.0,-3741861400.0,,562.67204,건강관리기술,9210.0,3765.0,0.0166156338,25725892,322510,35308.0,103737.05,0.34036055584769376,534273531.25,8.275058275058278,-43.422655298416565,0.37182472414629103,-33.108522378908646,-643.511849210104,100.27699999999999,-49.5656894679696,https://finance.naver.com/item/main.naver?code=322510
KX,KOSDAQ,2665.0,119444857610,5.86,0.32,461.0,8467.0,0.8568,112037439830.0,25156255250.0,17399916060.0,,30.80952,복합기업,4460.0,2250.0,0.0227753186,44819834,122450,20595.0,31651.5,0.650680062556277,86515847.45,-3.0909090909090886,-25.14044943820225,1.820482441590446,5.4446675327743,22.453436358569814,85.68,-40.246636771300444,https://finance.naver.com/item/main.naver?code=122450
코윈테크,KOSDAQ,10140.0,118577991480,69.59,0.69,148.0,15009.0,0.77023,58382472470.0,-7405178120.0,-7745283310.0,,176.74372,기계,21150.0,7340.0,0.0233173498,11694082,282880,21565.0,51902.7,0.4154889822687452,535839376.75,-17.08912510220768,-38.358662613981764,1.5913815658915627,0.9860750216536744,-12.683906327888344,77.023,-52.05673758865248,https://finance.naver.com/item/main.naver?code=282880
현대바이오랜드,KOSDAQ,3965.0,118950000000,498.13,0.88,8.0,4538.0,0.14241,40273303100.0,7044462840.0,5962956500.0,,45.04075,화장품,5320.0,3125.0,0.028339,30000000,052260,25430.0,59326.25,0.42864667832536185,237888746.25,9.07840440165062,-11.198208286674127,0.9363983059775395,0.17628911414720141,17.491644086178766,14.241000000000001,-25.469924812030076,https://finance.naver.com/item/main.naver?code=052260
오로스테크놀로지,KOSDAQ,12650.0,118486756300,-17.74,1.79,-695.0,6873.0,1.0508,11366242000.0,-2294089350.0,-3570652520.0,,30.41324,반도체와반도체장비,52000.0,10910.0,0.0920405845,9366542,322310,87378.0,143318.15,0.6096785368775692,2011254384.25,-55.1418439716312,-55.614035087719294,0.6404003959024032,-10.112032591299288,-20.18335831667142,105.08,-75.67307692307692,https://finance.naver.com/item/main.naver?code=322310
KBI동양철관,KOSPI,1143.0,118605574701,-29.95,0.83,-38.0,1363.0,0.75155,60304860130.0,-82673200.0,-2305687160.0,,44.0108,철강,3284.336,890.0,0.0203038817,103766907,008970,921217.0,966247.55,0.9533964665680135,1108580209.75,-15.333333333333332,-32.804232804232804,10.553806837595603,-2.7879677182685256,-0.13709210140240813,75.155,-65.19844498248656,https://finance.naver.com/item/main.naver?code=008970
와이투솔루션,KOSPI,3220.0,118188148680,-12.4,1.2,-262.0,2706.0,1.20951,87367181260.0,665400880.0,448483520.0,,250.96527,전자장비와기기,9900.0,2400.0,0.0506570412,36704394,011690,118930.0,133473.2,0.8910402987266357,454541999.05,-24.590163934426236,-61.111111111111114,0.8910402987266357,-9.682187730968218,0.7616142244761257,120.95100000000001,-67.47474747474747,https://finance.naver.com/item/main.naver?code=011690
레이언스,KOSDAQ,7070.0,117298468980,-21.07,0.47,-336.0,15058.0,0.12337,36458028610.0,2511659980.0,2566964340.0,,-32.98986,건강관리장비와용품,8020.0,4835.0,0.0352187636,16591014,228850,41815.0,88616.3,0.47186578541419577,617865466.0,3.0612244897959107,21.269296740994847,0.5328477943674019,-2.23137202815779,6.889182097221466,12.337,-11.845386533665836,https://finance.naver.com/item/main.naver?code=228850
NICE인프라,KOSDAQ,3435.0,117297445680,14.74,0.57,234.0,6019.0,2.53329,110468183590.0,9647416970.0,4984736140.0,,15.16342,상업서비스와공급품,4845.0,2840.0,0.0259726796,34147728,063570,18525.0,20547.9,0.9015519834143635,68209033.05,2.080237741456159,-19.55503512880562,1.518062673071214,3.8876889848812093,8.733208654725559,253.329,-29.10216718266254,https://finance.naver.com/item/main.naver?code=063570
슈프리마에이치큐,KOSDAQ,11960.0,117281063640,8.48,0.49,1429.0,24654.0,0.02575,4241492010.0,136209580.0,4824398670.0,,250.96527,전자장비와기기,15600.0,5860.0,0.1463790582,9806109,094840,19047.0,33316.65,0.5716961339150245,434711256.0,18.650793650793652,67.97752808988764,2.5710568139353747,5.79621968037641,3.2113600515776994,2.5749999999999997,-23.33333333333333,https://finance.naver.com/item/main.naver?code=094840
인천도시가스,KOSPI,26650.0,116587194100,5.71,0.46,4650.0,57765.0,1.0096,196532483810.0,3300107110.0,4171226400.0,,9.33717,가스유틸리티,28300.0,24750.0,0.0238740281,4374754,034590,304.0,1291.3,0.23542166808642453,34288668.75,2.6974951830443183,-1.8416206261510082,1.2305428637806861,8.049857179953259,1.6791662355371317,100.96000000000001,-5.830388692579502,https://finance.naver.com/item/main.naver?code=034590
성우,KOSDAQ,7760.0,116754399200,24.84,0.53,316.0,14759.0,0.11066,24714838790.0,763648390.0,1939243760.0,,-78.68198,전기제품,15440.0,6420.0,0.0124920326,15045670,458650,3519.0,12923.25,0.27229992455458185,103686891.0,-30.3411131059246,-41.122913505311075,1.193817344708181,2.141066467917881,3.089837633531252,11.065999999999999,-49.740932642487046,https://finance.naver.com/item/main.naver?code=458650
일승,KOSDAQ,3805.0,116915272335,15.8,2.57,243.0,1494.0,0.39174,16228790690.0,5932655530.0,6752450410.0,,20.72131,조선,10430.0,2850.0,0.0093355473,30726747,333430,184715.0,452232.7,0.40845122433649755,1854213882.9,-0.7822685788787531,-33.12829525483304,4.211413725721293,16.265060240963855,36.55636235209834,39.174,-63.51869606903164,https://finance.naver.com/item/main.naver?code=333430
수산세보틱스,KOSPI,1875.0,116998368750,7.45,0.59,254.0,3199.0,0.41563,73026974750.0,6439581950.0,5308106900.0,,176.74372,기계,4045.0,1330.0,0.0227378651,62399130,017550,183862.0,403373.0,0.4558113706172699,764216973.1,-17.763157894736846,-1.2118018967333999,1.3202891616444332,7.939981244138794,8.818086702954925,41.563,-53.64647713226205,https://finance.naver.com/item/main.naver?code=017550
엔에프씨,KOSDAQ,6510.0,116292036000,11.87,1.83,563.0,3660.0,0.32325,26883918000.0,4997970450.0,3539831160.0,,45.04075,화장품,9850.0,4020.0,0.0339553058,17863600,265740,255413.0,618378.1,0.41303694293184057,4354461721.5,28.149606299212593,-22.867298578199048,1.1179956081885825,15.382513661202186,18.590930272886563,32.324999999999996,-33.90862944162436,https://finance.naver.com/item/main.naver?code=265740
제노코,KOSDAQ,11970.0,116544480570,-46.73,2.07,-260.0,5883.0,0.38631,10856051800.0,-695873470.0,193180040.0,,40.34295,우주항공과국방,36900.0,9710.0,0.2105374677,9736381,361390,12596.0,18797.3,0.670096237225559,244581015.25,-28.409090909090907,-55.830258302583026,1.0633974028184898,-4.419513853476118,-6.410005062798245,38.631,-67.56097560975608,https://finance.naver.com/item/main.naver?code=361390
나라스페이스테크놀로지,KOSDAQ,10070.0,116511239310,-11.1,2.43,-905.0,4128.0,0.38384,1947464110.0,-3666505160.0,-3508679510.0,,40.34295,우주항공과국방,64600.0,7520.0,0.0374973218,11570133,478340,26469.0,95084.15,0.2783744714550217,1070118595.75,-53.70114942528736,-78.61995753715499,0.4507586174982897,-21.9234496124031,-188.2707435363212,38.384,-84.41176470588235,https://finance.naver.com/item/main.naver?code=478340
플래스크,KOSDAQ,2370.0,116064014460,395.0,2.8,6.0,845.0,0.12079,2525636750.0,-863185970.0,200136980.0,,35.85997,건설,2370.0,2370.0,0.0154579261,48972158,041590,,,,,,,,0.7100591715976331,-34.17696428435325,12.078999999999999,0.0,https://finance.naver.com/item/main.naver?code=041590
동양,KOSPI,1083.0,116013160656,5.1,0.14,210.0,7624.0,0.95332,146110177710.0,-3603405280.0,-16792743040.0,,7.5794,건축자재,2660.0,970.0,0.0311864043,107122032,001520,193549.0,149759.25,1.292400970223876,167471748.7,73.5576923076923,12.11180124223603,1.292400970223876,2.7544596012591813,-2.4662246918568886,95.332,-59.285714285714285,https://finance.naver.com/item/main.naver?code=001520
아로마티카,KOSDAQ,9220.0,115959220840,22.9,2.99,442.0,3380.0,0.19181,17742639520.0,2245683870.0,1754882240.0,,45.04075,화장품,31500.0,4500.0,0.0546223472,12576922,0015N0,602378.0,675068.75,0.8923209673088852,6475452691.75,60.627177700348426,-29.076923076923077,1.2101641499476905,13.076923076923078,12.65698864855256,19.181,-70.73015873015873,https://finance.naver.com/item/main.naver?code=0015N0
케이엔솔,KOSDAQ,8890.0,115568284230,-2.05,0.9,-4188.0,9562.0,2.25728,136973158300.0,-5548440340.0,-6618433010.0,,176.74372,기계,18430.0,6490.0,0.0118731763,12999807,053080,27371.0,126432.1,0.2164877432234377,1244186023.5,-20.766488413547236,-41.16479152878888,0.27159241996296823,-43.798368542145994,-4.050750095027925,225.728,-51.763429191535536,https://finance.naver.com/item/main.naver?code=053080
탑런토탈솔루션,KOSDAQ,2955.0,115675123890,16.75,0.61,169.0,4656.0,2.04378,178757459180.0,299280670.0,-822960850.0,,10.29196,자동차부품,5280.0,1721.0,0.0082468105,39145558,336680,57717.0,21077.1,2.7383748238609678,56813756.85,-2.1523178807947074,-27.573529411764707,3.4930327227180213,3.6297250859106533,0.16742275895667047,204.378,-44.03409090909091,https://finance.naver.com/item/main.naver?code=336680
컨텍,KOSDAQ,7000.0,115554418000,-14.02,1.23,-497.0,5646.0,0.33516,17981050730.0,-7913424170.0,4906063100.0,,40.34295,우주항공과국방,26350.0,5760.0,0.0453178605,16507774,451760,31181.0,77014.65,0.40487102129270214,602555824.75,-47.3288186606471,-60.0,0.6398912414715902,-8.802692171448813,-44.00979836399138,33.516,-73.43453510436433,https://finance.naver.com/item/main.naver?code=451760
디와이,KOSPI,4390.0,115543188870,7.68,0.28,570.0,15901.0,0.76386,370529148220.0,23953781820.0,20170716290.0,,10.29196,자동차부품,5640.0,3615.0,0.040978155,26319633,013570,21676.0,59892.85,0.36191298293535873,259255375.1,15.374507227332469,-15.900383141762454,0.9930400707263054,3.5846802087918994,6.464749651970039,76.386,-22.163120567375884,https://finance.naver.com/item/main.naver?code=013570
코아스템켐온,KOSDAQ,2185.0,115521771560,-2.53,1.99,-903.0,1147.0,1.3426,5397604610.0,-4281847180.0,-3677628840.0,,-71.79167,생물공학,6100.0,1014.0,0.0119178838,52870376,166480,125283.0,100766.05,1.2433056570144407,217886370.95,-13.636363636363635,-32.45749613601237,2.842008791651553,-78.72711421098518,-79.32865575346393,134.26,-64.18032786885246,https://finance.naver.com/item/main.naver?code=166480
엠플러스,KOSDAQ,9400.0,114890522400,5.44,1.09,1735.0,8620.0,1.04731,32030174830.0,4037155970.0,3634106650.0,,-78.68198,전기제품,20100.0,6990.0,0.0577659241,12222396,259630,34961.0,73555.45,0.47530128630849244,705878882.25,-19.863597612958227,-28.57142857142857,1.0037869389691723,20.127610208816705,12.604227080954713,104.731,-53.233830845771145,https://finance.naver.com/item/main.naver?code=259630
킵스파마,KOSDAQ,5710.0,114646219370,-11.26,1.82,-499.0,3088.0,1.93652,74884347020.0,-2396693500.0,-9046561580.0,,29.9981,비철금속,12880.0,5110.0,0.0258759934,20078147,256940,51417.0,31959.5,1.6088174095339414,187328796.0,-9.365079365079366,-29.85257985257985,1.6088174095339414,-16.159326424870464,-3.200526672630122,193.65200000000002,-55.66770186335403,https://finance.naver.com/item/main.naver?code=256940
디에스케이,KOSDAQ,4455.0,114539787450,-6.75,1.0,-619.0,4200.0,0.30607,6431036960.0,-3063851520.0,-2088759390.0,,250.96527,전자장비와기기,9280.0,3845.0,0.0094555158,25710390,109740,15788.0,22790.9,0.6927326257409755,102344927.75,-30.062794348508636,-36.71875,0.6927326257409755,-14.738095238095239,-47.64164067251761,30.607,-51.99353448275862,https://finance.naver.com/item/main.naver?code=109740
하나기술,KOSDAQ,14300.0,114327213000,-19.45,1.12,-726.0,12570.0,2.41823,5292954430.0,-6370321630.0,1225596120.0,,250.96527,전자장비와기기,35850.0,9250.0,0.0044700941,7994910,299030,20535.0,37349.0,0.5498139173739591,535235375.75,-18.14539210074413,-54.81832543443919,0.7269003186162949,-5.7756563245823385,-120.35474165229117,241.82299999999998,-60.111576011157595,https://finance.naver.com/item/main.naver?code=299030
그린케미칼,KOSPI,4770.0,114480000000,11.62,0.9,414.0,5344.0,0.76754,91921547950.0,7523029800.0,9622212920.0,,-31.79194,화학,7780.0,4095.0,0.0198316667,24000000,083420,31967.0,130859.5,0.24428490098158712,662010103.55,4.950495049504955,-20.895522388059707,0.24428490098158712,7.747005988023951,8.18418528383801,76.754,-38.688946015424165,https://finance.naver.com/item/main.naver?code=083420
액트로,KOSDAQ,11330.0,114036574630,14.84,1.49,802.0,7978.0,0.6619,52552861580.0,-404486980.0,1666900040.0,,94.7569,핸드셋,32700.0,4550.0,0.1232652403,10065011,290740,84811.0,69471.25,1.2208071684329849,676610125.25,-2.074330164217808,-61.26495726495727,1.2457527394425751,10.052644773126097,-0.7696764131183587,66.19,-65.35168195718654,https://finance.naver.com/item/main.naver?code=290740
태림포장,KOSPI,1609.0,113926757460,-11.91,0.37,-136.0,4398.0,1.20122,212333009000.0,4469541000.0,5061985000.0,,17.74109,포장재,2830.0,1500.0,0.0098593564,70805940,011280,17365.0,30952.2,0.5610263567694703,52464146.3,-16.285119667013525,-21.512195121951216,0.818487861929039,-3.0923146884947705,2.1049675794873703,120.122,-43.14487632508835,https://finance.naver.com/item/main.naver?code=011280
엘앤케이바이오,KOSDAQ,5090.0,113767368770,-5.29,2.03,-802.0,2087.0,0.93953,11735121310.0,1274542510.0,7978711340.0,,-32.98986,건강관리장비와용품,16400.0,2730.0,0.0771943174,22351153,156100,1128377.0,106906.45,10.554807497583168,435467479.4,-2.6768642447418722,-56.120689655172406,10.554807497583168,-38.428366075706755,10.860923175237291,93.953,-68.96341463414635,https://finance.naver.com/item/main.naver?code=156100
아톤,KOSDAQ,4640.0,113596906880,73.48,1.19,66.0,4089.0,0.60178,17438099160.0,3150541960.0,3684104440.0,,161.19616,소프트웨어,11370.0,3300.0,0.0402135161,24482092,158430,226622.0,209589.95,1.0812636770035968,973338183.65,-7.5697211155378525,-35.19553072625698,3.7852912317599197,1.6140865737344092,18.0670033533632,60.178,-59.19085312225154,https://finance.naver.com/item/main.naver?code=158430
혜인,KOSPI,8900.0,113143448300,7.71,0.82,1382.0,13026.0,0.92614,64151484330.0,7104310530.0,9648485650.0,,176.74372,기계,13290.0,3925.0,0.0745024659,12712747,003010,929508.0,1848566.25,0.5028264472533781,15133639106.5,89.36170212765957,60.36036036036037,1.013047814759141,10.609550130508214,11.074273033894116,92.61399999999999,-33.03235515425131,https://finance.naver.com/item/main.naver?code=003010
토비스,KOSDAQ,11730.0,113096765640,3.75,0.58,3180.0,20712.0,0.82934,188093380450.0,15813622460.0,14010119140.0,,15.94641,디스플레이장비및부품,20950.0,8210.0,0.1547955188,9641668,051360,11256.0,47960.65,0.23469239887282595,587188996.75,-36.45720476706392,-24.711168164313225,0.5802048137379289,15.353418308227115,8.407325351996459,82.934,-44.00954653937947,https://finance.naver.com/item/main.naver?code=051360
극동유화,KOSPI,3240.0,112976920800,95.44,0.55,34.0,5888.0,1.31558,257785199020.0,13125227210.0,8417737730.0,,-139.5926,석유와가스,6470.0,2950.0,0.0420128009,34869420,014530,18966.0,73401.55,0.25838691417279336,236542136.35,-2.114803625377648,-8.732394366197182,2.802297771641062,0.577445652173913,5.091536387619249,131.558,-49.9227202472952,https://finance.naver.com/item/main.naver?code=014530
경동인베스트,KOSPI,47800.0,113048099400,5.59,0.21,8482.0,227089.0,0.23162,62466481510.0,-2497771090.0,576837190.0,,29.9981,비철금속,103700.0,39000.0,0.040758166,2365023,012320,4084.0,4335.95,0.9418927801289222,205299267.5,-2.149437052200609,-49.36440677966102,0.9418927801289222,3.7350994543989358,-3.9985781648357164,23.162,-53.90549662487947,https://finance.naver.com/item/main.naver?code=012320
핑거,KOSDAQ,9390.0,112827582630,299.06,1.93,32.0,4960.0,0.84823,22551758660.0,369689800.0,6732534660.0,,33.41967,IT서비스,25650.0,6200.0,0.0408771278,12015717,163730,62012.0,136761.85,0.45343054367866475,1376053037.25,-33.35699077359829,-13.135985198889921,2.2354114104189144,0.6451612903225806,1.6392947688630506,84.82300000000001,-63.39181286549708,https://finance.naver.com/item/main.naver?code=163730
아이비김영,KOSDAQ,2510.0,112816104050,5.48,1.54,478.0,1702.0,1.00975,28318970010.0,3059124000.0,2070839280.0,,10.7911,교육서비스,3150.0,1790.0,0.0233343727,44946655,339950,194156.0,114741.05,1.6921232636445283,312356384.05,-0.1988071570576566,1.2096774193548487,1.6921232636445283,28.08460634547591,10.802384404940439,100.975,-20.317460317460323,https://finance.naver.com/item/main.naver?code=339950
성도이엔지,KOSDAQ,7410.0,112706100000,3.6,0.37,1982.0,19295.0,1.24222,174639903980.0,10238285530.0,5672440060.0,,35.85997,건설,14450.0,4690.0,0.0450692308,15210000,037350,103088.0,116566.65,0.8843695859836411,901263497.25,-17.575083426028925,-31.955922865013775,1.0571548551837082,10.272091215340762,5.862512115886472,124.22200000000001,-48.719723183391004,https://finance.naver.com/item/main.naver?code=037350
NH농우바이오,KOSDAQ,7030.0,112694843830,9.15,0.41,767.0,17324.0,0.26286,46099500120.0,2499820670.0,3196744540.0,,-71.79167,생물공학,9020.0,6400.0,0.0232836518,16030561,054050,13709.0,18347.5,0.747186265158741,125834917.5,-1.540616246498594,-14.372716199756397,1.6541218149611663,4.42738397598707,5.422663290258688,26.285999999999998,-22.062084257206205,https://finance.naver.com/item/main.naver?code=054050
씨에스베어링,KOSDAQ,4130.0,112625100000,9.81,1.09,412.0,3703.0,0.52027,37804488030.0,3417104500.0,3165402600.0,,176.74372,기계,9600.0,3050.0,0.0276215988,27270000,297090,107931.0,78285.45,1.3786853112551567,308891221.6,-4.508670520231217,-40.66091954022989,1.3786853112551567,11.126113961652715,9.038885799189595,52.027,-56.97916666666667,https://finance.naver.com/item/main.naver?code=297090
케이에스피,KOSDAQ,2795.0,112334543750,16.83,1.33,164.0,2074.0,0.71895,31358494370.0,4296757010.0,2953443750.0,,20.72131,조선,8260.0,2050.0,0.027541542,40191250,073010,34498.0,128717.4,0.2680134931252496,378770698.0,-19.914040114613186,-26.544021024967147,0.894719750398936,7.907425265188042,13.702051378176547,71.895,-66.16222760290557,https://finance.naver.com/item/main.naver?code=073010
지오엘리먼트,KOSDAQ,8870.0,111891147200,20.92,1.94,433.0,4668.0,0.24806,17374246560.0,3393715360.0,2890462490.0,,30.41324,반도체와반도체장비,11920.0,5110.0,0.0382418412,12614560,311320,42080.0,106561.95,0.39488766862843633,911177983.75,23.709902370990243,20.352781546811393,0.7505399441357821,9.27592116538132,19.533021753088324,24.806,-25.587248322147648,https://finance.naver.com/item/main.naver?code=311320
중앙첨단소재,KOSDAQ,1006.0,111758259254,-18.87,1.07,-53.0,936.0,0.24033,4899947040.0,-1045496910.0,-2110957360.0,,-319.55513,통신장비,4355.0,805.0,0.0431628791,111091709,051980,528040.0,1201121.3,0.4396225427023898,1292119027.3,-26.029411764705877,-54.37641723356009,5.935415515485405,-5.662393162393163,-21.336902245376105,24.032999999999998,-76.90011481056257,https://finance.naver.com/item/main.naver?code=051980
루미르,KOSDAQ,6260.0,111538776960,2090.0,1.82,3.0,3445.0,0.15049,4235109550.0,-1056255100.0,-879919270.0,,40.34295,우주항공과국방,22650.0,4040.0,0.0407123345,17817696,474170,23817.0,53348.65,0.4464405378580339,353553664.0,-39.39980638915779,-61.118012422360245,0.886226736759037,0.08708272859216255,-24.94044339419744,15.049000000000001,-72.36203090507726,https://finance.naver.com/item/main.naver?code=474170
현대이지웰,KOSDAQ,4960.0,111490398880,4.86,1.03,1035.0,4862.0,1.25407,30068122000.0,3483010000.0,2846986000.0,,15.16342,상업서비스와공급품,6690.0,4765.0,0.1665598877,22477903,090850,78690.0,105892.0,0.7431156272428512,536995077.75,-5.343511450381677,-22.257053291536057,1.4562195444415065,21.287535993418345,11.58372977201569,125.407,-25.85949177877429,https://finance.naver.com/item/main.naver?code=090850
넵튠,KOSDAQ,2385.0,111464508555,-2.68,0.34,-895.0,7036.0,0.13685,26601422610.0,-945995070.0,-6280591800.0,,18.03224,게임엔터테인먼트,6430.0,2025.0,0.0197894785,46735643,217270,27204.0,55866.3,0.48694830335998623,141096092.65,-13.11475409836066,-49.255319148936174,0.8241283206512692,-12.720295622512792,-3.556182253367088,13.685,-62.908242612752716,https://finance.naver.com/item/main.naver?code=217270
HS화성,KOSPI,10960.0,111244000000,3.68,0.24,2916.0,45678.0,0.71038,81598558570.0,-5442584810.0,1040017390.0,,35.85997,건설,15780.0,9580.0,0.01897133,10150000,002460,2638.0,11201.9,0.23549576411144538,125394889.5,-10.016420361247945,-20.23289665211062,1.125344807577286,6.383817154866675,-6.6699521479059385,71.038,-30.544993662864385,https://finance.naver.com/item/main.naver?code=002460
와이엔텍,KOSDAQ,6100.0,111017919900,3.58,0.31,1681.0,19155.0,0.44863,34132042830.0,6368918660.0,6533515520.0,,10.21966,해운사,8190.0,5360.0,0.0366201916,18199659,067900,16430.0,24281.75,0.6766398632717988,146284445.5,-2.7113237639553422,-14.446002805049085,0.9434657716186025,8.775776559645001,18.659646865326522,44.863,-25.518925518925517,https://finance.naver.com/item/main.naver?code=067900
하이텍팜,KOSDAQ,10440.0,111010326120,9.68,0.85,1079.0,12290.0,0.10316,23379278700.0,6292944830.0,5245361130.0,,47.06703,제약,25000.0,9540.0,0.4618926072,10633173,106190,16345.0,31238.65,0.5232300371494927,362918923.25,-27.500000000000004,-33.924050632911396,1.0908281887981714,8.779495524816925,26.916762106950713,10.316,-58.24,https://finance.naver.com/item/main.naver?code=106190
파워로직스,KOSDAQ,3035.0,111113641425,-9.01,0.56,-337.0,5394.0,0.76962,200535182230.0,4625806290.0,3641735140.0,,94.7569,핸드셋,6850.0,2400.0,0.057892469,36610755,047310,65741.0,95393.65,0.6891548860956679,293109864.85,-22.27912932138284,-50.650406504065046,0.6891548860956679,-6.247682610307749,2.3067305390305624,76.962,-55.693430656934304,https://finance.naver.com/item/main.naver?code=047310
동남합성,KOSPI,31700.0,110950000000,15.44,1.95,2046.0,16202.0,0.96675,62020077070.0,5353449990.0,4105401960.0,,-31.79194,화학,35100.0,26100.0,0.0021648571,3500000,023450,978.0,1494.15,0.6545527557474149,45412353.75,9.310344827586214,1.9292604501607746,1.1785965264531673,12.628070608566844,8.631801576056958,96.675,-9.686609686609682,https://finance.naver.com/item/main.naver?code=023450
세명전기,KOSDAQ,7260.0,110685960000,8.54,1.21,837.0,5911.0,0.1596,12646054580.0,5588161830.0,4777026530.0,,52.37524,전기장비,17970.0,5090.0,0.0471202283,15246000,017510,73738.0,179757.8,0.4102075125530019,1375101496.0,-12.424607961399282,-33.149171270718234,0.6870800599473291,14.16004060226696,44.1889744714355,15.959999999999999,-59.59933222036729,https://finance.naver.com/item/main.naver?code=017510
진로발효,KOSDAQ,16670.0,110374070400,9.02,1.2,1835.0,13837.0,0.20052,28770533360.0,4694746100.0,3426537480.0,,17.14445,음료,19500.0,16000.0,0.0054350321,6621120,018120,614.0,1464.05,0.41938458385984084,24267749.5,-1.4192785334121827,-7.6454293628808845,3.4602643352344526,13.261545132615451,16.317897347454664,20.052,-14.512820512820513,https://finance.naver.com/item/main.naver?code=018120
진흥기업,KOSPI,7570.0,110122107180,-4.01,0.48,-1950.0,16440.0,1.21915,220255855070.0,506610490.0,697696490.0,,35.85997,건설,16450.0,6210.0,0.0,14547174,002780,262183.0,1744273.55,0.15031071244530422,1370707706.8,579.5332136445243,868.0306905370845,1.3968537217112533,-11.861313868613138,0.23000999898004662,121.91499999999999,-53.98176291793313,https://finance.naver.com/item/main.naver?code=002780
도이치모터스,KOSDAQ,3760.0,109722628000,31.42,0.29,120.0,13187.0,3.52921,710940942050.0,12906535450.0,2979815580.0,,7.5133,자동차,5820.0,3500.0,0.038309,29181550,067990,28944.0,99407.55,0.29116500708447196,370780411.35,-11.216056670602125,-15.219842164599772,0.8960084017763238,0.9099871085159627,1.8154159771392504,352.921,-35.39518900343642,https://finance.naver.com/item/main.naver?code=067990
우림피티에스,KOSDAQ,8120.0,109620000000,43.92,1.27,181.0,6273.0,0.14676,14204534960.0,959530170.0,1838953200.0,,176.74372,기계,24000.0,4940.0,0.0318419259,13500000,101170,62205.0,85537.45,0.7272253264505781,721692551.75,-13.247863247863245,-51.43540669856459,0.751495397629927,2.8853817949944207,6.755097387574032,14.676,-66.16666666666666,https://finance.naver.com/item/main.naver?code=101170
로체시스템즈,KOSDAQ,7170.0,109676643510,9.11,0.83,821.0,9007.0,0.23442,46912671660.0,7513771360.0,6501389660.0,,30.41324,반도체와반도체장비,14070.0,5150.0,0.4729908333,15296603,071280,134517.0,210393.2,0.6393600173389634,1379018648.75,1.5580736543909346,-26.310380267214796,2.1859594321489477,9.115132674586434,16.01650704196965,23.442,-49.04051172707889,https://finance.naver.com/item/main.naver?code=071280
상상인,KOSDAQ,1980.0,109550059740,-0.95,0.3,-2203.0,6994.0,9.49147,126036063120.0,-4517111240.0,-6364489300.0,,28.92124,기타금융,2545.0,1601.0,0.040996334,55328313,038540,184598.0,102004.6,1.809702699682171,222688109.25,4.210526315789465,-7.042253521126762,1.809702699682171,-31.498427223334286,-3.583983130050024,949.1469999999999,-22.200392927308442,https://finance.naver.com/item/main.naver?code=038540
STX,KOSPI,3530.0,109493282310,-0.66,-0.96,-5382.0,-3692.0,-3.54316,42377000000.0,-18939000000.0,-57471000000.0,,16.59376,무역회사와판매업체,3530.0,3530.0,0.0220342578,31017927,011810,,,,,,,,145.77464788732394,-44.69169596715199,-354.316,0.0,https://finance.naver.com/item/main.naver?code=011810
상상인증권,KOSPI,1010.0,109420491200,-18.36,0.55,-55.0,1839.0,7.00305,58667594290.0,2179641990.0,2607396190.0,,8.27693,증권,1782.0,587.0,0.0107588147,108337120,001290,3155405.0,2152277.4,1.4660772816738215,2501944409.05,-10.301953818827714,-32.666666666666664,1.8557375550196271,-2.990755845568244,3.7152401021010064,700.305,-43.32210998877666,https://finance.naver.com/item/main.naver?code=001290
NPC,KOSPI,2980.0,109425600000,8.94,0.26,339.0,11789.0,0.42469,115248825840.0,7988638760.0,6761891110.0,,17.74109,포장재,4435.0,2415.0,0.0116659314,36720000,004250,13551.0,34471.55,0.3931067793586305,101907480.7,-4.487179487179482,-25.5,0.7747258246292957,2.8755619645432184,6.931644380560225,42.469,-32.80721533258174,https://finance.naver.com/item/main.naver?code=004250
씨이랩,KOSDAQ,11560.0,108459203040,-27.13,4.31,-425.0,2678.0,0.13377,2013914270.0,-2720024460.0,-2570658410.0,,33.41967,IT서비스,19100.0,3400.0,0.0520019432,9382284,189330,188304.0,648448.75,0.2903914920030303,9640830922.5,40.63260340632604,163.92694063926942,0.6794152968912347,-15.87005227781927,-135.06158134526748,13.377,-39.47643979057591,https://finance.naver.com/item/main.naver?code=189330
한국무브넥스,KOSPI,3560.0,108403495200,5.23,0.27,685.0,13184.0,1.55036,444046269860.0,8702559450.0,7522919230.0,,10.29196,자동차부품,7950.0,3115.0,0.0304950145,30450420,010100,40458.0,59436.05,0.680697993894278,218042134.55,-2.732240437158473,-39.96627318718381,0.9361994950875773,5.195691747572815,1.9598316753665703,155.036,-55.22012578616352,https://finance.naver.com/item/main.naver?code=010100
한국경제TV,KOSDAQ,4905.0,107910000000,29.02,0.54,169.0,9011.0,0.15864,29304954930.0,3137552840.0,4826795720.0,,891.14405,방송과엔터테인먼트,6200.0,4270.0,0.0128390909,22000000,039340,254.0,12858.15,0.019754008158249826,62136352.75,4.472843450479225,-19.059405940594054,4.127887759903252,1.8754855177005882,10.706560878508746,15.864,-20.887096774193548,https://finance.naver.com/item/main.naver?code=039340
서울옥션,KOSDAQ,6090.0,108245286030,-11.71,1.05,-521.0,5836.0,1.19363,4265472250.0,386034390.0,-354091450.0,,-17.40575,판매업체,9950.0,4100.0,0.0253258264,17774267,063170,23687.0,44892.1,0.5276429483138458,259505786.5,27.40585774058577,-31.34160090191658,1.641736519343047,-8.927347498286498,9.050214545411707,119.363,-38.79396984924624,https://finance.naver.com/item/main.naver?code=063170
케이엔더블유,KOSDAQ,6710.0,107490979200,-18.46,0.87,-363.0,7691.0,1.68972,18412542530.0,-1836768960.0,-7586667520.0,,30.41324,반도체와반도체장비,11400.0,4105.0,0.0129553195,16019520,105330,13512.0,31714.2,0.4260552055546096,207600913.0,-26.826608505997818,-4.279600570613407,0.8554212308681916,-4.719802366402289,-9.975640012819023,168.972,-41.14035087719298,https://finance.naver.com/item/main.naver?code=105330
삼보모터스,KOSDAQ,4010.0,107130185570,4.44,0.22,909.0,18124.0,2.11928,460286095990.0,5046021630.0,5310886240.0,,10.29196,자동차부품,9990.0,3520.0,0.0,26715757,053700,107633.0,372447.5,0.2889883809127461,1634432256.8,-9.684684684684687,-49.36868686868687,0.3926002993710523,5.015449128227764,1.0962793953501537,211.928,-59.85985985985987,https://finance.naver.com/item/main.naver?code=053700
SM C&C,KOSDAQ,1105.0,106869655100,-49.59,1.29,-22.0,843.0,1.21474,27230261950.0,-1557345950.0,-4366299610.0,,11.20754,광고,1900.0,777.0,0.0297735751,96714620,048550,457897.0,797140.8,0.574424242241772,1080201003.05,12.410986775178024,-7.685881370091896,1.2717853608797842,-2.6097271648873073,-5.719173590248918,121.47399999999999,-41.84210526315789,https://finance.naver.com/item/main.naver?code=048550
세운메디칼,KOSDAQ,2445.0,107091000000,8.85,0.69,279.0,3584.0,0.0549,17713365850.0,3443003310.0,3381498620.0,,-32.98986,건강관리장비와용품,3430.0,2050.0,0.0274157078,43800000,100700,69335.0,423245.4,0.16381749216884578,1047608522.0,12.413793103448278,-5.4158607350096695,2.5777362258396663,7.7845982142857135,19.437318345683014,5.489999999999999,-28.71720116618076,https://finance.naver.com/item/main.naver?code=100700
엠에스오토텍,KOSDAQ,1706.0,106843878094,-0.87,0.51,-1973.0,3331.0,1.59477,504849615790.0,35479419000.0,5059511630.0,,10.29196,자동차부품,3355.0,1260.0,0.0122199231,62628299,123040,51710.0,278019.65,0.18599404754304236,487541744.9,-7.533875338753393,-42.84757118927973,0.8049215226333821,-59.23146202341639,7.027720313202776,159.477,-49.150521609538,https://finance.naver.com/item/main.naver?code=123040
리센스메디컬,KOSDAQ,9710.0,106807096710,-3.55,13.65,-2890.0,751.0,0.49895,1686868060.0,-2789695430.0,-2816018780.0,,-32.98986,건강관리장비와용품,39900.0,8060.0,0.0495554379,10999701,394420,54611.0,133167.45,0.4100927065885845,1555479689.0,-46.501377410468315,-47.37127371273713,0.9683897979573837,-384.8202396804261,-165.37721569047906,49.895,-75.6641604010025,https://finance.naver.com/item/main.naver?code=394420
그린리소스,KOSDAQ,6300.0,106691867100,10.19,1.5,619.0,4219.0,1.05554,14419018410.0,331120840.0,-3779735760.0,,30.41324,반도체와반도체장비,24850.0,4825.0,0.0742818944,16935217,402490,70183.0,87608.0,0.8011026390283993,614176246.75,-43.75,-32.97872340425532,0.8011026390283993,14.671723157146243,2.296417346761679,105.55399999999999,-74.64788732394366,https://finance.naver.com/item/main.naver?code=402490
대창,KOSPI,1169.0,106543243331,41.93,0.32,28.0,3725.0,1.99686,496772128420.0,22379185010.0,8804360100.0,,29.9981,비철금속,2095.0,950.0,0.046196631,91140499,012800,319475.0,325548.8,0.9813428892995459,390348565.3,-6.479999999999997,-22.73628552544613,0.9813428892995459,0.7516778523489933,4.504919605932348,199.686,-44.20047732696898,https://finance.naver.com/item/main.naver?code=012800
두올,KOSPI,3710.0,106380629040,3.8,0.39,994.0,9739.0,0.97335,209247332940.0,8265793530.0,7743318720.0,,10.29196,자동차부품,5420.0,3040.0,0.0337763894,28674024,016740,20579.0,38170.85,0.5391286806555264,128721730.0,-14.810562571756602,-19.34782608695652,0.9736487398106147,10.20638669267892,3.950250363463486,97.33500000000001,-31.549815498154977,https://finance.naver.com/item/main.naver?code=016740
HS애드,KOSPI,6560.0,106322144640,6.14,0.5,1072.0,13081.0,1.26877,102766285150.0,3769731060.0,2755826690.0,,11.20754,광고,9390.0,5750.0,0.2297493084,16207644,035000,21614.0,54839.3,0.3941334043286475,363761157.25,-11.827956989247312,-25.36973833902162,0.8665318485101012,8.195092118339577,3.6682566218070596,126.877,-30.138445154419593,https://finance.naver.com/item/main.naver?code=035000
우리손에프앤지,KOSDAQ,1535.0,106279782005,4.47,0.32,344.0,4805.0,0.61803,77006804060.0,17017743660.0,12469440280.0,,34.32074,식품,2150.0,1360.0,0.0418981622,69237643,073560,17821.0,108056.0,0.16492374324424372,165105331.2,-2.786573780873969,-19.885177453027136,1.242809284074924,7.159209157127992,22.099013025836772,61.803,-28.604651162790695,https://finance.naver.com/item/main.naver?code=073560
세원정공,KOSPI,10630.0,106300000000,2.3,0.17,4646.0,63677.0,0.12091,38386118130.0,-670017130.0,2020851480.0,,10.29196,자동차부품,17820.0,9030.0,0.0335052,10000000,021820,3642.0,14821.2,0.24572909076188162,153565555.0,-9.99153259949196,-36.040914560770155,4.192035732599249,7.296197999277604,-1.7454672747342999,12.091000000000001,-40.347923681257015,https://finance.naver.com/item/main.naver?code=021820
대정화금,KOSDAQ,14780.0,106273978980,7.78,0.57,1889.0,25600.0,0.16828,32308597560.0,5262253230.0,4819958390.0,,-31.79194,화학,15210.0,12030.0,0.0313138743,7190391,120240,4310.0,14517.15,0.29689022983161295,214568311.25,8.997050147492637,9.562638991845818,0.5391554127359709,7.37890625,16.287470294021638,16.828000000000003,-2.827087442472054,https://finance.naver.com/item/main.naver?code=120240
티앤알바이오팹,KOSDAQ,2220.0,105815198880,-2.02,4.56,-1093.0,485.0,3.3744,9535077990.0,-928004890.0,-3782538300.0,,-71.79167,생물공학,4925.0,1127.0,0.0264682289,47664504,246710,136488.0,148218.0,0.9208598145974173,361616677.2,4.225352112676051,-33.830104321907605,1.2364625079275122,-225.36082474226805,-9.732535916048652,337.44,-54.9238578680203,https://finance.naver.com/item/main.naver?code=246710
케이씨에스,KOSDAQ,8810.0,105720000000,41.52,5.34,211.0,1640.0,0.58425,5984119100.0,263137200.0,441238480.0,,33.41967,IT서비스,27500.0,6120.0,0.030422,12000000,115500,27932.0,62830.6,0.4445604530276649,572296007.5,-25.21222410865874,-6.475583864118894,0.6125040983215185,12.865853658536587,4.397258737714629,58.425000000000004,-67.96363636363635,https://finance.naver.com/item/main.naver?code=115500
나무에이엑스,KOSDAQ,3060.0,105895167840,-35.65,2.9,-85.0,1045.0,1.32822,35482626780.0,343147090.0,209867500.0,,33.41967,IT서비스,11100.0,1308.0,0.0534326098,34606264,242040,190037.0,251307.65,0.756192658679511,862732422.15,-58.87096774193547,-47.241379310344826,1.2020286688447408,-8.133971291866029,0.9670847993514871,132.822,-72.43243243243242,https://finance.naver.com/item/main.naver?code=242040
삼익악기,KOSPI,1167.0,105649577805,5.0,0.31,232.0,3698.0,0.96887,53941601820.0,2907715560.0,30929836350.0,,10.2259,레저용장비와제품,1361.0,1045.0,0.0178826426,90530915,002450,166277.0,149218.4,1.1143196817550651,167951197.15,-6.863527533918601,-3.3140016570008313,1.1143196817550651,6.273661438615467,5.390487975686889,96.887,-14.254224834680384,https://finance.naver.com/item/main.naver?code=002450
비아트론,KOSDAQ,8720.0,105640271200,8.6,0.49,1028.0,17991.0,0.13256,25666161020.0,3489696070.0,4875016060.0,,15.94641,디스플레이장비및부품,12890.0,6500.0,0.040829537,12114710,141000,6640.0,31578.75,0.21026798084154694,275120976.25,0.11481056257176547,-9.637305699481868,1.6094683925107864,5.71396809515869,13.596486312388919,13.256,-32.35065942591155,https://finance.naver.com/item/main.naver?code=141000
조선선재,KOSPI,83900.0,105516918900,8.4,0.48,9974.0,176087.0,0.06829,16445491210.0,3955054570.0,2852055470.0,,44.0108,철강,141800.0,76000.0,0.0094994557,1257651,120030,188.0,399.85,0.47017631611854444,33647942.5,-3.563218390804601,-22.601476014760145,0.5076903838939602,5.664245515001108,24.04947665895837,6.829000000000001,-40.832157968970385,https://finance.naver.com/item/main.naver?code=120030
KEC,KOSPI,2625.0,105400648500,-3.94,0.32,-660.0,8115.0,0.42394,67823572940.0,-3272334040.0,-2785577740.0,,30.41324,반도체와반도체장비,10450.0,2140.0,0.0302588662,40152628,092220,126042.0,227627.0,0.553721658678452,606025357.0,-34.53865336658354,101.14942528735634,1.2140387563865447,-8.133086876155268,-4.824773892249623,42.394,-74.88038277511961,https://finance.naver.com/item/main.naver?code=092220
애니플러스,KOSDAQ,2020.0,105368928720,8.18,0.89,250.0,2310.0,0.78846,32305275700.0,3278554180.0,1058938490.0,,891.14405,방송과엔터테인먼트,4325.0,1800.0,0.0217447533,52162836,310200,123131.0,509900.5,0.24148044569479732,1161407916.0,-9.82142857142857,-38.787878787878796,0.7753571530131859,10.822510822510822,10.148664912957235,78.846,-53.294797687861276,https://finance.naver.com/item/main.naver?code=310200
샘표식품,KOSPI,22950.0,104842163700,5.31,0.4,4368.0,58052.0,0.40925,100574215090.0,4662432860.0,1780687180.0,,34.32074,식품,34750.0,20450.0,0.0766267699,4568286,248170,15107.0,7493.3,2.0160676871338397,176522431.25,0.21834061135370675,-23.244147157190632,2.0160676871338397,7.524288568869289,4.635813320370205,40.925,-33.9568345323741,https://finance.naver.com/item/main.naver?code=248170
에이티넘인베스트,KOSDAQ,2185.0,104880000000,4.01,0.49,545.0,4446.0,0.01839,2218315550.0,-5074400910.0,-3415822570.0,,14.36921,창업투자,4000.0,1870.0,0.088988375,48000000,021080,125815.0,170342.1,0.7386019075730544,385426526.05,-21.54398563734291,-37.12230215827338,1.2055387364603347,12.25820962663068,-228.75018434595566,1.839,-45.375,https://finance.naver.com/item/main.naver?code=021080
태경비케이,KOSPI,3810.0,105091611000,4.42,0.45,866.0,8538.0,0.52624,119529936620.0,9897161010.0,9005692300.0,,29.9981,비철금속,5210.0,3590.0,0.0402251741,27583100,014580,25449.0,63835.05,0.39866812981269695,250133030.25,-3.90920554854981,-16.447368421052634,0.7304607735092241,10.142890606699462,8.280068817792701,52.624,-26.87140115163148,https://finance.naver.com/item/main.naver?code=014580
한국제지,KOSPI,2755.0,104773046720,-3.11,0.26,-880.0,10680.0,0.93346,220386265500.0,4681874410.0,1149308380.0,,-5.9958,종이와목재,4285.0,2525.0,0.0055528846,38030144,027970,38096.0,42243.85,0.9018117430111129,48997886.5,283.70473537604454,229.54545454545453,1.4188574194823627,-8.239700374531834,2.1243948207834213,93.34599999999999,-35.70595099183197,https://finance.naver.com/item/main.naver?code=027970
메타바이오메드,KOSDAQ,3835.0,104202491575,8.82,0.84,438.0,4594.0,0.49272,26990707740.0,6266505930.0,6297812240.0,,-32.98986,건강관리장비와용품,6600.0,3265.0,0.053323259,27171445,059210,34935.0,82552.45,0.42318550206565647,333126843.4,3.6486486486486447,-24.656188605108053,0.6832989208678846,9.53417501088376,23.217271626831376,49.272,-41.89393939393939,https://finance.naver.com/item/main.naver?code=059210
에스투더블유,KOSDAQ,9600.0,103924665600,-17.33,4.48,-561.0,2170.0,0.6975,2085113560.0,-3162840390.0,-3069040390.0,,33.41967,IT서비스,40000.0,8010.0,0.0126689,10825486,488280,40510.0,91309.45,0.44365616045217665,975073283.75,-36.254980079681275,-47.76931447225245,1.0438678581461174,-25.852534562211982,-151.6867210819923,69.75,-76.0,https://finance.naver.com/item/main.naver?code=488280
엔알비,KOSDAQ,9530.0,103864448990,-171.55,1.22,-58.0,8135.0,1.27407,19852947430.0,1874722070.0,5974765410.0,,35.85997,건설,29650.0,5600.0,0.066406831,10898683,475230,58705.0,120331.35,0.4878612265216005,1118869286.25,-8.100289296046292,-65.65765765765765,0.5160334360081558,-0.7129686539643515,9.443041526252609,127.40700000000001,-67.858347386172,https://finance.naver.com/item/main.naver?code=475230
푸드나무,KOSDAQ,2710.0,103384529830,36.33,2.67,75.0,1019.0,2.03779,12911739880.0,-3635754330.0,-5899231480.0,,34.32074,식품,3980.0,1839.0,0.0031062977,38149273,290720,11598.0,41137.4,0.28193322864352144,118974194.25,-15.707620528771383,18.59956236323852,2.271120683368419,7.360157016683022,-28.15851592264264,203.77900000000002,-31.909547738693465,https://finance.naver.com/item/main.naver?code=290720
한컴위드,KOSDAQ,3660.0,103274516460,11.93,0.65,314.0,5802.0,0.70937,99815476480.0,-712663640.0,6601192190.0,,29.9981,비철금속,8980.0,2795.0,0.0303442089,28217081,054920,155799.0,248990.4,0.6257229194378578,966916767.7,-10.29411764705882,-25.458248472505097,0.7872673002653918,5.41192692175112,-0.7139811030635076,70.937,-59.24276169265033,https://finance.naver.com/item/main.naver?code=054920
나인앤컴퍼니,KOSDAQ,4555.0,103188286750,14.86,1.34,329.0,3656.0,0.09795,14131563020.0,1893107720.0,8016882440.0,,9.12262,"섬유,의류,신발,호화품",7100.0,3900.0,0.0065516016,22653850,366030,91443.0,77724.7,1.176498590538143,392894718.2,-3.801478352692711,-19.09413854351687,1.176498590538143,8.99890590809628,13.396308089351038,9.795,-35.84507042253521,https://finance.naver.com/item/main.naver?code=366030
아시아나IDT,KOSPI,9270.0,102897000000,8.13,0.59,1138.0,15701.0,0.19874,45048046670.0,2257364750.0,4957536680.0,,33.41967,IT서비스,12880.0,8610.0,0.008836036,11100000,267850,2787.0,9551.55,0.2917851029414074,90108017.0,0.8705114254624613,-14.007421150278299,1.3219843899681205,7.247945990701229,5.011015830578298,19.874,-28.027950310559003,https://finance.naver.com/item/main.naver?code=267850
삼성공조,KOSPI,12640.0,102716608960,13.6,0.34,905.0,35993.0,0.14391,31891753500.0,2497832560.0,6312759680.0,,10.29196,자동차부품,20000.0,8790.0,0.0269551484,8126314,006660,548106.0,953599.05,0.5747761598546055,13896737687.75,12.555654496883339,-5.459985041136872,0.5747761598546055,2.5143777956824938,7.832220827870126,14.391000000000002,-36.8,https://finance.naver.com/item/main.naver?code=006660
워트,KOSDAQ,6370.0,102684400000,28.55,1.54,221.0,4097.0,0.05844,7705145480.0,2077020370.0,1918373540.0,,30.41324,반도체와반도체장비,10960.0,4125.0,0.0176890819,16120000,396470,78371.0,622355.65,0.1259263895169908,4344129035.75,-3.3383915022761723,-11.772853185595567,0.37069479484921525,5.394190871369295,26.956277144815182,5.844,-41.879562043795616,https://finance.naver.com/item/main.naver?code=396470
한국화장품,KOSPI,6390.0,102674520000,90.57,3.04,70.0,2088.0,0.73506,21048383240.0,-316140960.0,-542069460.0,,45.04075,화장품,13080.0,4905.0,0.017324247,16068000,123690,25005.0,208720.5,0.11980136115043803,1433131964.25,-4.769001490312963,-33.298538622129435,0.2799868723963386,3.3524904214559386,-1.5019726522235255,73.506,-51.146788990825684,https://finance.naver.com/item/main.naver?code=123690
그리드위즈,KOSDAQ,12890.0,102382047500,47.7,0.77,270.0,16771.0,0.44665,20856501640.0,-1652130960.0,-946447140.0,,3.11688,전기유틸리티,29800.0,10700.0,0.0138336219,7942750,453450,11337.0,38409.8,0.2951590479513041,563846723.75,-14.181091877496677,-36.34567901234568,0.8807387697931256,1.6099218889750164,-7.921419366090775,44.665,-56.744966442953015,https://finance.naver.com/item/main.naver?code=453450
박셀바이오,KOSDAQ,4400.0,102332318000,-7.94,1.74,-577.0,2638.0,0.1015,1624755010.0,-5024586500.0,-4046283680.0,,47.06703,제약,11520.0,3350.0,0.057325073,23257345,323990,183337.0,175189.05,1.0465094707688638,830904343.0,-13.555992141453832,-51.75438596491229,7.5292148681667035,-21.872630780894617,-309.25194685197494,10.15,-61.80555555555556,https://finance.naver.com/item/main.naver?code=323990
동구바이오제약,KOSDAQ,3595.0,102331646240,1.94,0.64,1859.0,5610.0,1.23457,59475096590.0,-6453596050.0,-6141466610.0,,47.06703,제약,6390.0,3315.0,0.0160078738,28464992,006620,76653.0,127760.6,0.5999737008123005,466165840.05,-10.572139303482587,-35.688729874776385,0.5999737008123005,33.13725490196078,-10.850921511719061,123.457,-43.74021909233177,https://finance.naver.com/item/main.naver?code=006620
다산네트웍스,KOSDAQ,2380.0,102074553840,-12.95,0.36,-185.0,6733.0,0.81751,159155497710.0,16330363610.0,9059583330.0,,-319.55513,통신장비,6050.0,1950.0,0.0632462554,42888468,039560,84777.0,110400.15,0.7679065653443407,272329977.95,-25.039370078740152,-38.42173350582148,1.0242739706422501,-2.7476607752859055,10.260634313591757,81.75099999999999,-60.66115702479339,https://finance.naver.com/item/main.naver?code=039560
크라운제과,KOSPI,8090.0,101317946500,8.41,0.46,964.0,17790.0,0.55562,110668996160.0,3527298610.0,3027623160.0,,34.32074,식품,10160.0,7560.0,0.0304016736,12523850,264900,2289.0,9419.9,0.24299621015085088,77146823.75,0.7471980074719831,-8.068181818181818,2.1266680113377,5.4187745924676785,3.1872509306042662,55.562,-20.374015748031493,https://finance.naver.com/item/main.naver?code=264900
태양금속,KOSPI,2770.0,101659000000,28.62,0.64,94.0,4175.0,2.59043,159273838600.0,3891627220.0,5501280470.0,,10.29196,자동차부품,3790.0,1951.0,0.0367987466,36700000,004100,522273.0,245899.95,2.1239247913633164,611831861.0,-8.580858085808584,-2.6362038664323406,2.1239247913633164,2.251497005988024,2.44335620602039,259.043,-26.912928759894463,https://finance.naver.com/item/main.naver?code=004100
KC코트렐,KOSPI,918.0,100782913662,-7.12,1.97,-129.0,467.0,2.53272,15546540630.0,-3008906350.0,-102509420.0,,15.16342,상업서비스와공급품,918.0,918.0,0.0011785092,109785309,119650,,,,,,,,-27.62312633832976,-19.354185742092,253.272,0.0,https://finance.naver.com/item/main.naver?code=119650
옵투스제약,KOSDAQ,5730.0,101114960700,7.82,0.58,731.0,9824.0,0.09815,24640171920.0,2320029010.0,3904107820.0,,47.06703,제약,20750.0,4610.0,0.0393933332,17646590,131030,12433.0,37305.1,0.3332788278278305,218420980.5,-1.0362694300518172,-51.35823429541596,1.6212528581882906,7.440960912052118,9.415636455510574,9.815,-72.3855421686747,https://finance.naver.com/item/main.naver?code=131030
비투엔,KOSDAQ,1350.0,100304034750,-6.02,2.53,-223.0,531.0,0.59188,2726381960.0,-881550300.0,-2064595340.0,,33.41967,IT서비스,1692.0,521.0,0.0077784329,74299285,307870,875606.0,1316090.1,0.6653085529630531,1470868704.55,29.31034482758621,44.84978540772533,3.9014555310460883,-41.99623352165725,-32.334071782077075,59.187999999999995,-20.21276595744681,https://finance.naver.com/item/main.naver?code=307870
무림P&P,KOSPI,1605.0,100101160020,-2.98,0.17,-544.0,9575.0,2.53085,207911110300.0,-5058683720.0,-62577461910.0,,-5.9958,종이와목재,4420.0,1415.0,0.0242468597,62368324,009580,30617.0,32883.4,0.9310776866139145,54981992.55,-9.577464788732392,-36.30952380952381,1.1662115231393346,-5.681462140992167,-2.433099276272779,253.085,-63.68778280542986,https://finance.naver.com/item/main.naver?code=009580
계양전기,KOSPI,3670.0,99907782430,-2.81,5.19,-1281.0,694.0,13.58827,97434303730.0,-5111010620.0,-6110029000.0,,10.29196,자동차부품,13494.09,1253.901,0.0003407067,27222829,012200,171090.0,297708.75,0.5746891886785322,1267744513.8,-37.901861252115054,-59.934497816593876,1.0600360251420222,-184.58213256484152,-5.2455966988414175,1358.827,-72.80290853255018,https://finance.naver.com/item/main.naver?code=012200
위더스제약,KOSDAQ,7560.0,99789580800,19.55,0.99,376.0,7425.0,0.38575,29072007090.0,1076549230.0,1968271720.0,,47.06703,제약,11950.0,5910.0,0.0054371015,13199680,330350,698922.0,907190.05,0.7704251165453148,7628887917.0,14.719271623672237,-23.248730964467,10.235179497394178,5.063973063973064,3.7030440542590006,38.574999999999996,-36.73640167364016,https://finance.naver.com/item/main.naver?code=330350
스톰테크,KOSDAQ,3710.0,99698822580,9.7,1.06,380.0,3491.0,0.45234,20768506820.0,4586653940.0,3727859410.0,,11.89363,가정용기기와용품,4200.0,3330.0,0.0165354457,26872998,352090,26212.0,36868.4,0.7109611483004415,134547064.05,3.6312849162011274,0.6784260515603879,0.861442319167634,10.88513319965626,22.084659141614686,45.234,-11.66666666666667,https://finance.naver.com/item/main.naver?code=352090
팜스코,KOSPI,2715.0,99716365245,2.24,0.44,1169.0,5917.0,4.45611,433735332760.0,20265044070.0,-3912455620.0,,34.32074,식품,4865.0,2185.0,0.0091361773,36727943,036580,161594.0,58167.7,2.7780709912889803,152234970.5,5.642023346303504,-27.69640479360852,2.7780709912889803,19.756633429102585,4.672214260490812,445.611,-44.19321685508736,https://finance.naver.com/item/main.naver?code=036580
RF시스템즈,KOSDAQ,6910.0,99609170200,16.84,1.79,396.0,3732.0,0.5707,11583711330.0,1665586490.0,2100953030.0,,40.34295,우주항공과국방,17750.0,3885.0,0.0798776571,14415220,474610,112825.0,81223.15,1.3890744202853498,599485596.0,-15.525672371638144,8.307210031347957,1.4165050235062295,10.610932475884244,14.378694725294055,57.07,-61.070422535211264,https://finance.naver.com/item/main.naver?code=474610
아스타,KOSDAQ,6070.0,99434491000,-25.94,9.98,-234.0,608.0,0.23348,1169452240.0,-838601480.0,-810733970.0,,-32.98986,건강관리장비와용품,11080.0,5720.0,0.0106567855,16381300,246720,,,,,,,,-38.48684210526316,-71.70891219978338,23.348,-45.21660649819494,https://finance.naver.com/item/main.naver?code=246720
까뮤이앤씨,KOSPI,1662.0,99305879460,5.0,0.89,336.0,1881.0,1.32834,109250618990.0,12194238760.0,8716943510.0,,35.85997,건설,2005.0,997.0,0.0162519416,59750830,013700,131515.0,883422.4,0.1488698950807677,1537618746.6,48.26048171275647,25.909090909090903,9.841091871793154,17.862838915470494,11.161711368533457,132.834,-17.107231920199506,https://finance.naver.com/item/main.naver?code=013700
아남전자,KOSPI,1286.0,99182518520,17.93,0.73,71.0,1735.0,0.80783,67459513000.0,1678007000.0,2175655000.0,,39.08742,전자제품,1938.0,1024.0,0.0121990171,77124820,008700,285487.0,244762.15,1.1663854072208468,301847041.4,4.129554655870438,1.6600790513833896,1.8222507033869413,4.092219020172911,2.4874282742005565,80.783,-33.64293085655314,https://finance.naver.com/item/main.naver?code=008700
아미노로직스,KOSDAQ,1124.0,99069721928,28.13,1.76,40.0,638.0,0.53537,8245846300.0,1983553520.0,989990210.0,,47.06703,제약,1940.0,855.0,0.0241450672,88140322,074430,110245.0,162391.05,0.6788859361399536,188513530.05,-7.413509060955514,-26.003949967083607,1.5108837586800505,6.269592476489027,24.055184244702694,53.537,-42.061855670103085,https://finance.naver.com/item/main.naver?code=074430
세이브존I&C,KOSPI,2400.0,98498148000,11.71,0.18,205.0,13059.0,0.28939,31291394570.0,2686355680.0,31438310450.0,,36.09319,백화점과일반상점,4135.0,2050.0,0.0945962314,41040895,067830,14738.0,42550.4,0.3463657215913364,101573738.9,1.0526315789473717,-25.69659442724458,1.8118983605324508,1.5697986063251397,8.584966304363723,28.938999999999997,-41.958887545344616,https://finance.naver.com/item/main.naver?code=067830
메드팩토,KOSDAQ,2855.0,97855470455,-7.73,2.15,-374.0,1342.0,0.0702,1049247910.0,-3632237770.0,-3193899910.0,,47.06703,제약,8650.0,2235.0,0.0437116473,34275121,235980,53122.0,111466.8,0.47657239644450183,302136052.45,-16.27565982404692,-48.185117967332125,1.036129143386192,-27.86885245901639,-346.1753638375129,7.02,-66.9942196531792,https://finance.naver.com/item/main.naver?code=235980
LB인베스트먼트,KOSDAQ,4220.0,97976748580,7.83,0.77,541.0,5521.0,0.08717,8536884630.0,3435016380.0,3153890210.0,,14.36921,창업투자,7750.0,3600.0,0.0244990371,23217239,309960,38493.0,45354.4,0.8487158908507223,201327798.15,-5.698324022346368,-39.97155049786629,1.2182500485068704,9.798949465676507,40.237352721492734,8.717,-45.54838709677419,https://finance.naver.com/item/main.naver?code=309960
NI스틸,KOSPI,3405.0,97383398385,5.08,0.36,673.0,9590.0,0.99082,76242949640.0,7905056990.0,4732064510.0,,7.5794,건축자재,4650.0,2800.0,0.0100536302,28600117,008260,64579.0,174277.7,0.37055228523213235,595963108.65,15.033783783783793,-7.972972972972969,1.6835716789927797,7.017726798748697,10.368246542566476,99.08200000000001,-26.774193548387093,https://finance.naver.com/item/main.naver?code=008260
한빛레이저,KOSDAQ,4065.0,97237064205,35.91,2.85,104.0,1311.0,0.35852,4450792480.0,509483950.0,472032540.0,,-78.68198,전기제품,10590.0,2615.0,0.0341834013,23920557,452190,4274847.0,302973.0,14.109663237318177,1197479847.2,-17.545638945233264,-11.91765980498375,14.109663237318177,7.9328756674294425,11.447038977651907,35.852000000000004,-61.61473087818696,https://finance.naver.com/item/main.naver?code=452190
씨씨에스,KOSDAQ,2205.0,97355245995,-9.93,3.56,-222.0,620.0,0.17237,4564175030.0,-737515980.0,-597573300.0,,891.14405,방송과엔터테인먼트,1493.0,1493.0,0.0030755318,44152039,066790,,,,,,,,-35.80645161290323,-16.158801429663843,17.237,47.68921634293368,https://finance.naver.com/item/main.naver?code=066790
HL D&I,KOSPI,2560.0,96918018560,10.92,0.21,234.0,12211.0,2.50182,445593489410.0,26516343610.0,10550828810.0,,35.85997,건설,4120.0,2110.0,0.0293010563,37858601,014790,22121.0,59457.3,0.37204851212550855,151099150.45,1.9920318725099584,-30.5291723202171,1.0830461524489003,1.916304970927852,5.950792424079103,250.182,-37.86407766990292,https://finance.naver.com/item/main.naver?code=014790
에이럭스,KOSDAQ,7110.0,96873039000,-10.26,2.1,-697.0,3399.0,1.58408,21912577230.0,-1259660480.0,-32710640.0,,10.7911,교육서비스,15650.0,5020.0,0.0155496921,13624900,475580,22822.0,193931.55,0.11768069713257075,1611916669.75,-9.426751592356686,-23.38362068965517,0.37266241619788015,-20.506031185642836,-5.748572916723954,158.408,-54.56869009584664,https://finance.naver.com/item/main.naver?code=475580
모나용평,KOSPI,2010.0,96747999330,-3.14,0.27,-646.0,7586.0,1.76247,34022853450.0,-8194169140.0,-9197844250.0,,15.60994,"호텔,레스토랑,레저",4240.0,1978.0,0.021208899,48133333,070960,21374.0,81647.95,0.2617824452420422,184537413.5,-18.623481781376515,-38.24884792626728,1.3115699781807137,-8.515686791457949,-24.084308954397827,176.24699999999999,-52.594339622641506,https://finance.naver.com/item/main.naver?code=070960
링네트,KOSDAQ,4335.0,96632109240,7.94,0.76,562.0,5843.0,0.53462,57974359780.0,621073390.0,1710662770.0,,33.41967,IT서비스,7400.0,3410.0,0.0589692481,22291144,042500,210784.0,122390.25,1.722228690602397,534538037.35,5.218446601941751,13.185378590078333,4.072375046214874,9.618346739688516,1.0712897776824746,53.461999999999996,-41.418918918918926,https://finance.naver.com/item/main.naver?code=042500
다원시스,KOSDAQ,2530.0,96553495610,-0.49,-0.19,-5162.0,-13604.0,-2.2198,-1127637730.0,-22875101590.0,-24972429840.0,,176.74372,기계,7040.0,2015.0,0.0545771336,38163437,068240,,,,,,,,37.9447221405469,2028.5860415472264,-221.98000000000002,-64.0625,https://finance.naver.com/item/main.naver?code=068240
모비스,KOSDAQ,3000.0,96513942000,-90.91,2.86,-33.0,1048.0,0.18024,401341800.0,-693663900.0,-489322780.0,,161.19616,소프트웨어,9440.0,2130.0,0.0337405242,32171314,250060,385178.0,158113.8,2.436080848098016,464079751.15,-6.25,-40.0,2.436080848098016,-3.1488549618320607,-172.83619598058314,18.024,-68.22033898305084,https://finance.naver.com/item/main.naver?code=250060
아비코전자,KOSDAQ,7250.0,96373771500,9.78,0.8,716.0,8782.0,0.30731,37302215890.0,4025788430.0,4478636810.0,,-78.68198,전기제품,14260.0,4360.0,0.1976460577,13292934,036010,91198.0,154572.45,0.5900016464771051,1091944810.25,-31.988742964352724,-16.184971098265898,4.085922167889556,8.153040309724437,10.79235732770298,30.731,-49.15848527349228,https://finance.naver.com/item/main.naver?code=036010
라온시큐어,KOSDAQ,8670.0,96287528760,28.85,1.82,313.0,4975.0,0.35209,12175896120.0,-673730240.0,207758790.0,,161.19616,소프트웨어,16960.0,6320.0,0.0158455542,11105828,042510,116720.0,215679.85,0.5411724831967382,1962261921.75,4.5838359469239975,-7.0739549839228255,1.3033484583747623,6.29145728643216,-5.533311333802674,35.209,-48.87971698113207,https://finance.naver.com/item/main.naver?code=042510
황금에스티,KOSPI,5660.0,96220000000,5.37,0.25,1061.0,22693.0,0.27963,103997412140.0,12362902920.0,12101078170.0,,29.9981,비철금속,6580.0,4915.0,0.0559462941,17000000,032560,12425.0,27438.2,0.45283582742308165,154990757.0,3.8532110091743066,-10.301109350237713,1.1584214707961893,4.675450579473846,11.88770245874697,27.962999999999997,-13.981762917933127,https://finance.naver.com/item/main.naver?code=032560
오성첨단소재,KOSDAQ,9810.0,95569108290,2.61,0.31,3720.0,30910.0,0.22869,11441072440.0,-2380272080.0,132993609200.0,,15.94641,디스플레이장비및부품,20700.0,6990.0,0.0,9742009,052420,35510.0,43666.2,0.8132147977153955,428300054.25,19.63414634146341,547.0976253298153,2.896840118902034,12.034940148819153,-20.804623801507894,22.869,-52.60869565217392,https://finance.naver.com/item/main.naver?code=052420
SKAI,KOSDAQ,1770.0,95902352400,-4.15,6.56,-424.0,268.0,0.90811,2738335080.0,-2420187250.0,-6883030280.0,,33.41967,IT서비스,6160.0,1413.0,0.0104998476,54182120,357880,246170.0,656186.85,0.3751522908452067,1281453165.15,-58.20543093270366,-24.034334763948493,0.5293248409351696,-158.2089552238806,-88.38170564575319,90.81099999999999,-71.26623376623377,https://finance.naver.com/item/main.naver?code=357880
영보화학,KOSPI,4785.0,95700000000,5.56,0.49,863.0,9810.0,0.09647,31828213020.0,5060227260.0,4456935400.0,,-31.79194,화학,5410.0,4260.0,0.52550935,20000000,014440,15098.0,19568.2,0.7715579358346705,90999951.9,5.512679162072764,-2.1472392638036797,2.06661828885641,8.797145769622833,15.898559107984756,9.647,-11.552680221811462,https://finance.naver.com/item/main.naver?code=014440
YTN,KOSDAQ,2010.0,95830729800,-6.47,0.41,-309.0,4834.0,0.49826,32871874490.0,-825867590.0,557869800.0,,891.14405,방송과엔터테인먼트,4900.0,1770.0,0.0065702358,47676980,040300,11403.0,15442.5,0.738416707139388,31193863.15,-12.418300653594772,-42.97872340425531,0.759009227780476,-6.392221762515515,-2.5123836191673172,49.826,-58.97959183673469,https://finance.naver.com/item/main.naver?code=040300
삼기에너지솔루션즈,KOSDAQ,1661.0,95002954640,-8.71,1.51,-194.0,1122.0,2.23662,64308136790.0,3807233130.0,4715563160.0,,10.29196,자동차부품,2465.0,865.0,0.013493929,57196240,419050,538168.0,3686990.35,0.14596403812122807,6564811479.2,26.987767584097867,-2.3515579071134662,0.5897010281027723,-17.290552584670234,5.920297679331972,223.66199999999998,-32.616632860040575,https://finance.naver.com/item/main.naver?code=419050
오상헬스케어,KOSDAQ,6640.0,95014522240,29.38,0.32,226.0,20439.0,0.22283,19136783670.0,-8083381930.0,-4270745470.0,,-33.26304,생명과학도구및서비스,16880.0,5200.0,0.0114950883,14309416,036220,3651.0,15738.15,0.23198406420068432,110080519.25,3.750000000000009,-37.53527751646284,0.6333654209675216,1.1057292431136554,-42.24002355564069,22.283,-60.66350710900474,https://finance.naver.com/item/main.naver?code=036220
에스피소프트,KOSDAQ,3970.0,95321939080,26.26,1.47,155.0,2772.0,0.2736,13102284830.0,851505050.0,622307090.0,,33.41967,IT서비스,7290.0,2520.0,0.0153312933,24010564,443670,679177.0,1829782.5,0.37117908822496665,7687754763.95,13.428571428571434,-23.65384615384616,8.533178123629447,5.591630591630592,6.498905046319314,27.36,-45.541838134430726,https://finance.naver.com/item/main.naver?code=443670
동아엘텍,KOSDAQ,5450.0,95294961300,1.93,0.56,2811.0,9726.0,1.34357,55481522480.0,990686720.0,2724324730.0,,15.94641,디스플레이장비및부품,14620.0,3545.0,0.1043839991,17485314,088130,36516.0,68852.65,0.5303499574816656,377391810.25,-18.045112781954884,-45.82504970178927,1.2164963875754964,28.901912399753236,1.7856155990620535,134.357,-62.722298221614224,https://finance.naver.com/item/main.naver?code=088130
벽산,KOSPI,1453.0,94968080000,3.51,0.26,407.0,5403.0,0.7922,162600105890.0,9825089090.0,7627545880.0,,7.5794,건축자재,2325.0,1296.0,0.0275365973,65360000,007210,51313.0,82323.0,0.623313047386514,120386512.7,-5.280312907431551,-27.204408817635272,1.343622074025485,7.532852119193041,6.042486280203738,79.22,-37.50537634408602,https://finance.naver.com/item/main.naver?code=007210
에스와이,KOSDAQ,1940.0,94880356000,-6.27,0.52,-302.0,3640.0,1.27228,152403501400.0,-1013344000.0,-5364618900.0,,7.5794,건축자재,3670.0,1479.0,0.0222140003,48907400,109610,178436.0,154070.0,1.158148893360161,296152606.65,-6.0532687651331685,-35.00837520938024,1.158148893360161,-8.296703296703296,-0.6649086081955332,127.22800000000001,-47.13896457765667,https://finance.naver.com/item/main.naver?code=109610
티에이치엔,KOSPI,5260.0,94680000000,1.37,0.42,3815.0,12483.0,1.53802,287696640830.0,15499731790.0,13210056250.0,,10.29196,자동차부품,10270.0,4810.0,0.0782121111,18000000,019180,41147.0,118775.8,0.3464257870711037,685390102.25,-23.546511627906973,-35.69682151589242,0.7711924482933392,30.56156372666827,5.387526161335611,153.802,-48.78286270691334,https://finance.naver.com/item/main.naver?code=019180
원익피앤이,KOSDAQ,1991.0,94482026969,44.44,0.87,45.0,2304.0,2.5945,43185675820.0,-938063230.0,-1410871710.0,,-78.68198,전기제품,4625.0,1515.0,0.0345501683,47454559,217820,76383.0,196336.6,0.3890410651911055,385031100.95,-6.962616822429901,-49.72222222222222,2.025348304900869,1.953125,-2.1721629039913446,259.45,-56.951351351351356,https://finance.naver.com/item/main.naver?code=217820
나노,KOSDAQ,3060.0,94372939800,13.36,2.2,229.0,1393.0,1.66415,25950413450.0,582526310.0,383360220.0,,-31.79194,화학,7560.0,1685.0,0.0189254958,30840830,187790,120689.0,170162.9,0.709255660311384,536932067.65,-34.68516542155816,-24.630541871921185,0.9037340101749559,16.439339554917446,2.2447669711404923,166.415,-59.523809523809526,https://finance.naver.com/item/main.naver?code=187790
웹케시,KOSDAQ,7280.0,94308294080,7.35,0.82,984.0,8851.0,0.19185,20326789990.0,3336009470.0,2782869680.0,,161.19616,소프트웨어,14530.0,5700.0,0.0262384252,12954436,053580,15118.0,21067.3,0.7176050087101812,149731927.75,9.63855421686748,-20.350109409190374,1.7244734731076123,11.117387865777879,16.411885357408565,19.185,-49.89676531314522,https://finance.naver.com/item/main.naver?code=053580
피에스텍,KOSDAQ,5120.0,94315878400,9.03,0.63,559.0,8061.0,0.36001,23333907470.0,1451469080.0,8774574510.0,,-78.68198,전기제품,16990.0,3715.0,0.081957237,18421070,002230,28175.0,46075.5,0.6114963483847163,240861772.25,-8.571428571428575,-56.013745704467354,0.8258619005762281,6.934623495844187,6.220428712448305,36.001,-69.86462625073572,https://finance.naver.com/item/main.naver?code=002230
한일사료,KOSDAQ,2390.0,94174807150,14.81,0.58,162.0,4159.0,0.35521,119772795030.0,-377176920.0,-229457900.0,,34.32074,식품,5340.0,2000.0,0.0319999767,39403685,005860,189242.0,428714.2,0.4414176157449415,1052015514.85,-6.4579256360078325,-22.02283849918434,2.109151038150824,3.8951671074777594,-0.31491034329250384,35.521,-55.243445692883896,https://finance.naver.com/item/main.naver?code=005860
에프엔에스테크,KOSDAQ,11320.0,94028187640,9.87,1.02,1125.0,10847.0,0.38185,14043472520.0,3759177220.0,3496455510.0,,15.94641,디스플레이장비및부품,24150.0,9550.0,0.1610758818,8306377,083500,85862.0,72054.5,1.1916257832612813,886442136.5,-38.17586018569088,-32.052821128451384,1.267276852937707,10.371531298976675,26.768145945715144,38.185,-53.12629399585922,https://finance.naver.com/item/main.naver?code=083500
야스,KOSDAQ,7170.0,93625860000,-15.59,0.64,-460.0,11182.0,0.61056,87220392860.0,28015616950.0,28398333930.0,,15.94641,디스플레이장비및부품,13450.0,3650.0,0.0553102313,13058000,255440,44396.0,280550.75,0.15824587886505384,2135539464.5,-13.405797101449279,-31.714285714285715,0.3375289497532978,-4.113754247898408,32.12048929310452,61.056,-46.69144981412639,https://finance.naver.com/item/main.naver?code=255440
컴퍼니케이,KOSDAQ,5990.0,93503900000,12.91,1.14,464.0,5253.0,0.06709,1045860130.0,-3982193720.0,-3151751160.0,,14.36921,창업투자,11100.0,4815.0,0.0106862908,15610000,307930,20463.0,70697.95,0.28944262174504354,456807733.25,-15.988779803646569,-17.945205479452053,0.6801753091850613,8.833047782219685,-380.75777111801744,6.709,-46.03603603603603,https://finance.naver.com/item/main.naver?code=307930
대림제지,KOSDAQ,10640.0,93472400000,13.99,0.33,765.0,32201.0,0.16026,47589284810.0,6235889400.0,6083221000.0,,17.74109,포장재,10990.0,7070.0,0.0352045532,8785000,017650,11416.0,18866.45,0.6050952881967726,197206004.0,21.04664391353812,6.081754735792622,1.065860296982209,2.37570261793112,13.103557712406817,16.026,-3.1847133757961776,https://finance.naver.com/item/main.naver?code=017650
위드텍,KOSDAQ,9540.0,93240144000,14.4,0.73,659.0,12943.0,0.27279,18301939470.0,2648170660.0,3383250170.0,,30.41324,반도체와반도체장비,12670.0,6700.0,0.0206815298,9773600,348350,13777.0,22669.85,0.6077234741297363,220220594.5,13.571428571428568,-3.8306451612903247,0.7801551399766651,5.09155528084679,14.469344433909878,27.278999999999996,-24.704025256511443,https://finance.naver.com/item/main.naver?code=348350
이지케어텍,KOSDAQ,6840.0,93428743320,38.95,2.44,171.0,2727.0,0.38992,20454883180.0,276333870.0,723497900.0,,562.67204,건강관리기술,11810.631,5780.0,0.0103078715,13659173,099750,20362.0,15821.25,1.2870032393142135,105647609.75,-8.433734939759042,-23.48993288590604,1.5751599905190803,6.270627062706271,1.3509432812121296,38.992,-42.086074825299335,https://finance.naver.com/item/main.naver?code=099750
한울소재과학,KOSDAQ,2690.0,93184760750,-2.13,2.49,-1302.0,1116.0,3.15095,2735814090.0,-3539950570.0,-8204258680.0,,-319.55513,통신장비,3950.0,1790.0,0.0066434525,34641175,091440,293886.0,299606.2,0.9809076047157902,942274963.6,46.03691639522258,-15.14195583596214,0.9809076047157902,-116.66666666666667,-129.39295045446602,315.09499999999997,-31.898734177215193,https://finance.naver.com/item/main.naver?code=091440
큐브엔터,KOSDAQ,5990.0,93112070140,-16.04,0.53,-359.0,10823.0,0.6276,21549455110.0,-2038952870.0,-2667346450.0,,891.14405,방송과엔터테인먼트,16930.0,4520.0,0.0348078746,15544586,182360,18325.0,13836.2,1.3244243361616628,79717233.25,-5.8176100628930865,-49.28027095681625,1.3244243361616628,-3.317010071144784,-9.461737475922657,62.760000000000005,-64.619019492026,https://finance.naver.com/item/main.naver?code=182360
나이스디앤비,KOSDAQ,6020.0,92708000000,6.66,0.74,839.0,7506.0,0.19357,31987861340.0,11078451980.0,8895124470.0,,15.16342,상업서비스와공급품,6590.0,5200.0,0.446755974,15400000,130580,92075.0,3696.85,24.906339180653802,20355963.5,12.104283054003728,2.3809523809523725,24.906339180653802,11.177724487077006,34.63329999541632,19.357,-8.649468892261003,https://finance.naver.com/item/main.naver?code=130580
스모트로닉,KOSDAQ,2395.0,92633659115,-8.91,1.2,-275.0,2034.0,2.06868,105230489990.0,3035466720.0,3063978460.0,,10.29196,자동차부품,4200.0,1777.0,0.0240545146,38677937,066590,128257.0,112342.4,1.14166156322101,298541072.75,12.705882352941167,-23.11396468699839,1.14166156322101,-13.52015732546706,2.8845886019236997,206.868,-42.97619047619048,https://finance.naver.com/item/main.naver?code=066590
CMG제약,KOSDAQ,624.0,92429098944,-9.0,0.46,-70.0,1363.0,0.56664,28258871010.0,-2950628480.0,2131949380.0,,47.06703,제약,2205.0,526.0,0.0677304155,148123556,058820,571471.0,1615982.5,0.3536368741616942,1022062130.25,-43.27272727272727,-68.38905775075987,2.5163286112318666,-5.135730007336757,-10.441423788501167,56.664,-71.70068027210884,https://finance.naver.com/item/main.naver?code=058820
미래컴퍼니,KOSDAQ,10460.0,92235066640,-3.26,0.8,-3154.0,12792.0,0.21031,23340149330.0,4486775600.0,5574473290.0,,15.94641,디스플레이장비및부품,21750.0,8000.0,0.0320465772,8817884,049950,15269.0,40672.4,0.3754142858547811,473450373.25,-8.245614035087723,-39.32714617169374,0.49431555551184586,-24.65603502188868,19.223422852025084,21.031,-51.9080459770115,https://finance.naver.com/item/main.naver?code=049950
웨이비스,KOSDAQ,7010.0,92174560100,47.97,1.68,143.0,4091.0,0.47586,7749337870.0,-707458950.0,43323756980.0,,40.34295,우주항공과국방,24650.0,5630.0,0.0784075759,13149010,289930,55373.0,60167.75,0.920310299122038,415631363.75,-34.30178069353327,-58.49615156897572,0.920310299122038,3.495477878269372,-9.129282551207178,47.586,-71.56186612576066,https://finance.naver.com/item/main.naver?code=289930
풍국주정,KOSDAQ,7320.0,92232000000,8.94,0.53,812.0,13637.0,0.15117,41862904810.0,4399306250.0,3742772370.0,,-31.79194,화학,13140.0,6500.0,0.0161287302,12600000,023900,3911.0,6846.05,0.5712783283791383,50815269.5,-2.7888446215139417,-20.693391115926328,0.6432906566560279,5.954388795189558,10.508841347648469,15.116999999999999,-44.29223744292238,https://finance.naver.com/item/main.naver?code=023900
아진산업,KOSDAQ,2365.0,91777566430,3.97,0.27,598.0,8952.0,3.48987,222117996370.0,5899713850.0,-2584248450.0,,10.29196,자동차부품,4895.0,2250.0,0.032975102,38806582,013310,72798.0,134402.15,0.5416431210363822,339975446.25,-19.83050847457627,-33.753501400560225,0.7795783028768514,6.680071492403932,2.6561169947582126,348.98699999999997,-51.685393258426956,https://finance.naver.com/item/main.naver?code=013310
청담글로벌,KOSDAQ,4450.0,92083480650,47.74,1.04,93.0,4268.0,0.82187,65904018610.0,1946827650.0,-938213020.0,,21.98819,인터넷과카탈로그소매,9730.0,3290.0,0.0,20692917,362320,22247.0,224319.35,0.09917557268242798,1270420920.4,9.336609336609335,-18.943533697632052,0.19015746969666236,2.1790065604498596,2.95403480859147,82.187,-54.26515930113052,https://finance.naver.com/item/main.naver?code=362320
아모그린텍,KOSDAQ,5560.0,91722152400,15.29,1.11,357.0,4917.0,1.46853,35784078180.0,1814458780.0,525645820.0,,-31.79194,화학,16750.0,4350.0,0.0733656669,16496790,125210,34447.0,92623.25,0.3719044624324886,531666255.0,-37.94642857142857,-27.129750982961998,0.632184683651243,7.26052471018914,5.070575720500508,146.85299999999998,-66.80597014925374,https://finance.naver.com/item/main.naver?code=125210
정상제이엘에스,KOSDAQ,5830.0,91400128160,13.06,1.04,444.0,5585.0,0.29033,24890996790.0,2628889080.0,2844648770.0,,10.7911,교육서비스,6850.0,5530.0,0.0459952549,15677552,040420,9304.0,14125.05,0.6586879338480218,82069119.5,2.640845070422526,-0.1712328767123239,0.8255545998067264,7.949865711727842,10.561606279488817,29.032999999999998,-14.890510948905112,https://finance.naver.com/item/main.naver?code=040420
크레오에스지,KOSDAQ,4620.0,91735625520,-10.42,1.89,-440.0,2430.0,0.92222,3181067640.0,-136726310.0,1783638390.0,,33.41967,IT서비스,12800.0,1180.0,0.0,19856196,040350,187469.0,113814.95,1.6471386228259117,676589089.25,-61.33891213389122,411.0619469026549,5.27460584044539,-18.106995884773664,-4.298126461718368,92.22200000000001,-63.90625,https://finance.naver.com/item/main.naver?code=040350
페이퍼코리아,KOSPI,2565.0,91305438030,-4.51,0.33,-545.0,7410.0,0.77568,80315912560.0,5452909020.0,2612119990.0,,-5.9958,종이와목재,5200.0,1701.0,0.0026606989,35596662,001020,14251.0,30582.55,0.4659846873462154,69421789.95,13.245033112582782,202.1201413427562,1.4232626121758978,-7.3549257759784075,6.7893258585917255,77.568,-50.67307692307692,https://finance.naver.com/item/main.naver?code=001020
에이엘티,KOSDAQ,10130.0,90767423670,-9.68,0.94,-1012.0,10470.0,1.10929,16435240220.0,2131623100.0,1479437970.0,,30.41324,반도체와반도체장비,21200.0,6970.0,0.074772727,8960259,172670,34305.0,61044.0,0.5619716925496363,630538855.25,-19.34713375796179,-23.431594860166292,0.5619716925496363,-9.665711556829034,12.969832332636265,110.92900000000002,-52.21698113207547,https://finance.naver.com/item/main.naver?code=172670
서원인텍,KOSDAQ,4870.0,90582000000,13.81,0.42,354.0,11528.0,0.15229,43656330250.0,1245789690.0,2532681740.0,,94.7569,핸드셋,5750.0,4500.0,0.0361535484,18600000,093920,11462.0,10013.15,1.1446947264347385,48847418.6,2.310924369747891,-7.590132827324481,1.1446947264347385,3.070784177654407,2.8536289762926192,15.229000000000001,-15.30434782608696,https://finance.naver.com/item/main.naver?code=093920
KTcs,KOSPI,2185.0,90468723250,3.57,0.39,616.0,5605.0,0.88871,238407515950.0,9655374110.0,7601425530.0,,15.16342,상업서비스와공급품,3195.0,2040.0,0.0656434514,41404450,058850,34264.0,73517.0,0.46606907245943113,163507144.55,-7.218683651804669,-21.82468694096601,1.1280520151801625,10.990187332738627,4.049945351565583,88.871,-31.61189358372457,https://finance.naver.com/item/main.naver?code=058850
에스트래픽,KOSDAQ,3300.0,89785674000,17.72,0.84,180.0,3783.0,0.82576,18799815570.0,-2708230140.0,-2521649660.0,,33.41967,IT서비스,4170.0,2510.0,0.0267106688,27207780,234300,207655.0,130330.2,1.5932991739443352,383166662.0,14.3847487001733,-8.46047156726768,3.489344756625863,4.758128469468676,-14.405620788757556,82.57600000000001,-20.863309352517987,https://finance.naver.com/item/main.naver?code=234300
엑셈,KOSDAQ,1329.0,89759828046,14.6,0.78,92.0,1717.0,0.10588,12644149490.0,2587951570.0,15045258190.0,,161.19616,소프트웨어,2590.0,1250.0,0.069574142,67539374,205100,148179.0,399767.0,0.37066341143716214,558187709.8,-22.8670922809054,-30.345911949685533,0.664734707967391,5.358182877111241,20.46758124812395,10.588000000000001,-48.687258687258684,https://finance.naver.com/item/main.naver?code=205100
한국수출포장,KOSPI,2680.0,89779841880,-25.23,0.34,-108.0,8011.0,0.3037,77202976110.0,-9728582440.0,889700080.0,,17.74109,포장재,3785.0,2150.0,0.0253588208,33499941,002200,32422.0,47838.95,0.677732266280928,124526949.8,7.200000000000006,-15.45741324921136,2.7486598263548845,-1.3481462988390962,-12.601304936921814,30.37,-29.194187582562748,https://finance.naver.com/item/main.naver?code=002200
이스트소프트,KOSDAQ,7630.0,89676015660,-4.24,1.51,-1715.0,4825.0,2.09591,29736292420.0,-331500390.0,-1329744300.0,,161.19616,소프트웨어,23350.0,6800.0,0.0364666902,11753082,047560,20950.0,37671.35,0.5561255436824005,297161884.75,-23.54709418837675,-51.33928571428572,1.215273676149116,-35.5440414507772,-1.1148006796470695,209.591,-67.32334047109208,https://finance.naver.com/item/main.naver?code=047560
KTis,KOSPI,2575.0,89615150000,2.18,0.33,1188.0,7801.0,0.85489,155355530000.0,7127065030.0,5790447010.0,,15.16342,상업서비스와공급품,3210.0,2370.0,0.0677951842,34802000,058860,22338.0,47930.5,0.4660498012747624,121800858.65,-0.3868471953578312,-15.573770491803273,1.1404637965387383,15.228816818356622,4.587583737765884,85.489,-19.781931464174452,https://finance.naver.com/item/main.naver?code=058860
금양그린파워,KOSDAQ,7350.0,89078325000,3680.0,0.93,2.0,7927.0,0.73466,84210500820.0,1798513200.0,1170737200.0,,-40.24179,에너지장비및서비스,20200.0,6200.0,0.0118071703,12119500,282720,10874.0,24684.4,0.44052113885692984,191043894.0,-6.369426751592355,-40.7258064516129,0.533008701852182,0.025230225810521003,2.1357350716204895,73.466,-63.613861386138616,https://finance.naver.com/item/main.naver?code=282720
지엘팜텍,KOSDAQ,5730.0,88871159730,0.0,4.12,0.0,1285.0,1.46379,9701712920.0,231013140.0,81529000.0,,47.06703,제약,6650.0,3760.0,0.0102317238,15509801,204840,133918.0,120115.7,1.1149083758409601,455247887.75,498.12108559498955,428.110599078341,1.1149083758409601,0.0,2.381158274883277,146.379,-13.83458646616541,https://finance.naver.com/item/main.naver?code=204840
인트론바이오,KOSDAQ,2870.0,88659345460,-10.16,1.3,-283.0,2210.0,0.09971,2034765640.0,-1636052820.0,-2258879680.0,,-33.26304,생명과학도구및서비스,7010.0,2250.0,0.0248542993,30891758,048530,37928.0,87294.9,0.434481281266145,239816959.7,12.328767123287676,-30.9265944645006,1.3962900467266703,-12.805429864253393,-80.40497577893049,9.971,-59.05848787446505,https://finance.naver.com/item/main.naver?code=048530
에이치피오,KOSDAQ,2145.0,88574506020,10.49,0.58,204.0,3681.0,0.39154,78492968840.0,3896301660.0,2387171880.0,,-11.05155,건강관리업체및서비스,3295.0,1926.0,0.0121816822,41293476,357230,14985.0,33530.7,0.446903882114003,73608539.6,-5.088495575221241,-15.049504950495052,1.8458904824533937,5.541972290138549,4.963886215008912,39.153999999999996,-34.90136570561456,https://finance.naver.com/item/main.naver?code=357230
삼아제약,KOSDAQ,13890.0,88479300000,6.6,0.37,2120.0,37375.0,0.08766,18779042200.0,1869015190.0,4351469950.0,,47.06703,제약,17480.0,11950.0,0.0282733124,6370000,009300,1188.0,3155.35,0.3765033989890187,43112147.0,2.812731310140637,-15.045871559633028,0.5482751517264329,5.672240802675585,9.95266515775762,8.766,-20.537757437070937,https://finance.naver.com/item/main.naver?code=009300
이니텍,KOSDAQ,4015.0,88414575975,26.13,0.62,163.0,6900.0,0.07507,9490066600.0,-431457170.0,6451198010.0,,161.19616,소프트웨어,10250.0,2165.0,0.0214599975,22021065,053350,125037.0,116841.55,1.0701415720691825,473210497.3,68.34381551362682,12.7808988764045,2.002755013092517,2.36231884057971,-4.546408241223513,7.507,-60.829268292682926,https://finance.naver.com/item/main.naver?code=053350
삼익제약,KOSDAQ,8780.0,88393422640,-68.28,0.9,-99.0,7503.0,0.19171,15702065310.0,-227511310.0,-77462080.0,,47.06703,제약,25050.0,3705.0,0.0171510793,10067588,014950,4266737.0,1213898.45,3.5149043974806955,7708359287.1,54.305799648506145,-35.67765567765567,7.234479127969889,-1.319472211115554,-1.4489260202930592,19.171,-64.95009980039922,https://finance.naver.com/item/main.naver?code=014950
디앤씨미디어,KOSDAQ,7110.0,88253522010,11.14,0.93,642.0,7665.0,0.17159,15935034930.0,2249569130.0,2164972820.0,,2.35548,출판,16800.0,5780.0,0.0175542721,12412591,263720,7910.0,10541.3,0.7503818314629126,76658064.75,-23.794212218649513,-40.40234702430847,0.9781525997742214,8.37573385518591,14.11712707177605,17.159,-57.67857142857142,https://finance.naver.com/item/main.naver?code=263720
신스틸,KOSDAQ,2125.0,88126686750,63.79,1.01,33.0,2089.0,1.83829,100940929140.0,739312630.0,-421443400.0,,44.0108,철강,2435.0,1335.0,0.0126685674,41471382,162300,13913853.0,2555463.2,5.4447479423691165,5134739890.55,30.608481868469582,23.045744064852336,5.4447479423691165,1.5797032072762087,0.7324210667553996,183.829,-12.73100616016427,https://finance.naver.com/item/main.naver?code=162300
크레버스,KOSDAQ,8610.0,88150729800,12.32,1.55,702.0,5570.0,2.6762,55501418480.0,2394474400.0,2918957390.0,,10.7911,교육서비스,14310.0,7900.0,0.0283653931,10238180,096240,9768.0,10705.45,0.9124324526292682,91431131.5,-6.209150326797386,-26.28424657534246,0.9124324526292682,12.603231597845602,4.314258023626643,267.62,-39.832285115303975,https://finance.naver.com/item/main.naver?code=096240
광무,KOSDAQ,1475.0,88085719700,-2.77,0.41,-516.0,3491.0,0.15516,951639250.0,-890669240.0,13443361440.0,,33.41967,IT서비스,3130.0,1171.0,0.0105973744,59719132,029480,57108.0,126134.1,0.45275623324699665,190853196.55,-3.6577400391900716,-43.59464627151052,0.610556542600296,-14.7808650816385,-93.59315938261268,15.516,-52.87539936102237,https://finance.naver.com/item/main.naver?code=029480
동일산업,KOSPI,36150.0,87671522250,-6.09,0.19,-6009.0,189781.0,0.14376,103121421800.0,8049509870.0,10999171280.0,,44.0108,철강,42150.0,32000.0,0.0398558478,2425215,004890,207.0,1291.35,0.16029736322453247,46261872.5,-0.6868131868131844,-8.712121212121215,10.255933712781198,-3.1662811345709003,7.805856173716953,14.376,-14.234875444839856,https://finance.naver.com/item/main.naver?code=004890
오스테오닉,KOSDAQ,4235.0,87501880235,11.18,1.24,374.0,3363.0,0.57818,13183087920.0,2421580540.0,1818099070.0,,-32.98986,건강관리장비와용품,8190.0,3710.0,0.0627364743,20661601,226400,31566.0,96480.0,0.3271766169154229,436299292.65,-6.718061674008813,-32.88431061806656,0.6388370646766169,11.12102289622361,18.368841615068284,57.818000000000005,-48.29059829059828,https://finance.naver.com/item/main.naver?code=226400
아이진,KOSDAQ,2020.0,87324163680,-3.54,1.51,-562.0,1322.0,0.30104,1339438540.0,-3948183230.0,-3840839260.0,,-71.79167,생물공학,2805.0,1182.0,0.0167633731,43229784,185490,100615.0,252251.95,0.3988670850710966,499797960.75,41.061452513966486,54.43425076452599,0.5763047619651701,-42.511346444780635,-294.76404568738184,30.104,-27.98573975044564,https://finance.naver.com/item/main.naver?code=185490
동방,KOSPI,1819.0,87260642354,5.03,0.49,360.0,3677.0,2.89537,242037009930.0,5284654290.0,1368195450.0,,8.64377,항공화물운송과물류,3560.0,1617.0,0.0482405838,47971766,004140,102933.0,117984.2,0.8724303762707211,217455161.1,-5.604566683964707,-31.228733459357283,1.0437329744152184,9.790590155017677,2.183407525786402,289.53700000000003,-48.90449438202247,https://finance.naver.com/item/main.naver?code=004140
HLB글로벌,KOSPI,1722.0,87242555610,-11.58,1.19,-150.0,1457.0,0.58548,31163761420.0,-874926340.0,-1637026760.0,,-17.40575,판매업체,3230.0,1000.0,0.0203743898,50663505,003580,138461.0,138250.1,1.0015254961840896,220697908.05,18.02604523646334,-12.633181126331817,1.4078253831281133,-10.29512697323267,-2.807511995129374,58.548,-46.68730650154799,https://finance.naver.com/item/main.naver?code=003580
APS이노베이션,KOSDAQ,4045.0,87081140230,1003.75,0.51,4.0,7818.0,0.32971,15848951550.0,534941890.0,2195103960.0,,-78.68198,전기제품,8440.0,2270.0,0.024630095,21528094,079810,134056.0,91524.85,1.4646951073943306,327395864.95,9.918478260869556,-17.36465781409602,2.5628995841020226,0.051163980557687394,3.3752509641560486,32.971000000000004,-52.073459715639814,https://finance.naver.com/item/main.naver?code=079810
삼원강재,KOSPI,2190.0,87030503640,8.23,0.34,269.0,6511.0,0.20096,93327024340.0,2599678370.0,4324189060.0,,10.29196,자동차부품,2530.0,2050.0,0.0074208185,39739956,023000,9393.0,32578.05,0.2883229659233748,72342410.8,-2.6666666666666616,-10.245901639344257,0.8063404654360835,4.1314698203041,2.785557975714626,20.096,-13.438735177865613,https://finance.naver.com/item/main.naver?code=023000
대봉엘에스,KOSDAQ,7840.0,86918779360,8.57,0.61,919.0,12898.0,0.57489,33650372440.0,3670051140.0,1808261560.0,,47.06703,제약,13890.0,6780.0,0.0531579669,11086579,078140,7652.0,18331.6,0.4174212834668005,150961618.75,-5.655836341756915,-29.811996418979415,1.8234633092583301,7.12513567995038,10.906420565014109,57.489000000000004,-43.5565154787617,https://finance.naver.com/item/main.naver?code=078140
제이씨케미칼,KOSDAQ,3900.0,86844474600,-21.86,0.6,-183.0,6691.0,1.79457,142806357960.0,11454819130.0,8754915130.0,,-40.24179,에너지장비및서비스,6480.0,2400.0,0.0465540084,22267814,137950,88741.0,140363.95,0.6322207375896731,486635911.95,27.035830618892497,18.181818181818187,1.1576049263361425,-2.7350171872664775,8.02122489056719,179.457,-39.81481481481482,https://finance.naver.com/item/main.naver?code=137950
엠엑스로보틱스,KOSDAQ,3715.0,86646501585,-9.33,1.44,-415.0,2686.0,1.29536,28732580760.0,-1474402480.0,-847738810.0,,176.74372,기계,7580.0,2475.0,0.025544411,23323419,007820,186533.0,2460316.15,0.07581667908817329,11820902493.15,12.235649546827787,-35.39130434782609,0.08444565142573242,-15.45048399106478,-5.131465538426629,129.536,-50.98944591029024,https://finance.naver.com/item/main.naver?code=007820
남화토건,KOSDAQ,7380.0,86641200000,8.25,0.53,931.0,14580.0,0.12774,18613422450.0,49918950.0,709347630.0,,35.85997,건설,12190.0,3200.0,0.0114890971,11740000,091590,507189.0,1890304.5,0.26831074041245734,13040299655.55,109.06515580736541,99.1902834008097,2.965181535567418,6.385459533607682,0.2681879172628997,12.774,-39.458572600492204,https://finance.naver.com/item/main.naver?code=091590
지아이에스,KOSDAQ,1805.0,86535642120,-19.18,1.78,-95.0,1025.0,2.26002,34006796210.0,2580414850.0,-879849590.0,,30.41324,반도체와반도체장비,4140.0,1260.0,0.0196307285,47942184,306620,218042.0,448332.3,0.48634015438994693,837951443.3,-27.800000000000004,-41.109298531810765,0.48634015438994693,-9.268292682926829,7.587938699268607,226.00199999999998,-56.40096618357489,https://finance.naver.com/item/main.naver?code=306620
미투온,KOSDAQ,2645.0,86554255270,104.6,0.57,25.0,4588.0,0.066,24851428530.0,4765416320.0,4339822010.0,,18.03224,게임엔터테인먼트,6900.0,1738.0,0.0092622093,32723726,201490,396297.0,1490195.6,0.2659362301163686,3854819154.8,16.777041942604853,-26.52777777777777,0.9646424939115374,0.5448997384481256,19.1756233016839,6.6000000000000005,-61.66666666666667,https://finance.naver.com/item/main.naver?code=201490
스톤브릿지벤처스,KOSDAQ,4750.0,86534692500,7.65,0.91,637.0,5362.0,0.20075,15995221330.0,1726190000.0,583869040.0,,14.36921,창업투자,7270.0,4000.0,0.0234908329,18217830,330730,50011.0,26815.0,1.8650382248741375,131350150.85,-12.844036697247708,-21.746293245469516,1.8650382248741375,11.879895561357703,10.79191068623994,20.075000000000003,-34.66299862448419,https://finance.naver.com/item/main.naver?code=330730
엑세스바이오,KOSDAQ,2455.0,86351762470,,,,,0.14797,9535889000.0,-23636652000.0,-37956505000.0,,-33.26304,생명과학도구및서비스,5280.0,1945.0,0.047971512,35173834,950130,118538.0,167766.15,0.7065668491528238,416823707.75,-4.28849902534113,-23.520249221183796,0.8061518965536254,,-247.8704607404721,14.796999999999999,-53.503787878787875,https://finance.naver.com/item/main.naver?code=950130
창해에탄올,KOSDAQ,9390.0,86302410150,5.37,0.5,1749.0,18768.0,0.32873,31100200620.0,4426211000.0,3463682300.0,,17.14445,음료,13460.0,8770.0,0.0203798655,9190885,004650,6387.0,17151.6,0.3723850836073603,160536228.0,2.960526315789469,-4.573170731707322,0.673406562653047,9.319053708439897,14.232097902138872,32.873000000000005,-30.23774145616642,https://finance.naver.com/item/main.naver?code=004650
동양파일,KOSDAQ,4310.0,86200000000,-11.32,0.71,-363.0,5777.0,0.06184,20675965600.0,2344283320.0,2430098300.0,,7.5794,건축자재,7300.0,1550.0,0.02020985,20000000,228340,4834797.0,2122229.45,2.2781688379642455,7685175583.1,153.678634490877,81.47368421052632,4.421485150910519,-6.283538168599619,11.338204780143375,6.184,-40.95890410958904,https://finance.naver.com/item/main.naver?code=228340
중앙백신,KOSDAQ,9310.0,86180631110,14.16,0.82,656.0,11383.0,0.16097,11901478580.0,1143505640.0,1288899450.0,,47.06703,제약,10350.0,8560.0,0.0254201758,9256781,072020,12005.0,7065.85,1.6990171033916655,65590742.75,-1.062699256110522,-2.0000000000000018,1.6990171033916655,5.762979882280594,9.608097282312631,16.097,-10.048309178743963,https://finance.naver.com/item/main.naver?code=072020
뉴로핏,KOSDAQ,7060.0,86123993960,-3.19,4.39,-2302.0,1672.0,0.41928,782420640.0,-5232362280.0,-5659902660.0,,562.67204,건강관리기술,36700.0,5480.0,0.0728279989,12198866,380550,41693.0,40900.25,1.019382522111723,334564214.75,-43.42948717948718,-73.85185185185186,1.019382522111723,-137.6794258373206,-668.7403185069351,41.928,-80.76294277929155,https://finance.naver.com/item/main.naver?code=380550
LS티라유텍,KOSDAQ,4005.0,86091904530,-10.06,1.28,-398.0,3141.0,0.59787,16789687290.0,-2646097400.0,-6798073730.0,,33.41967,IT서비스,11660.0,3270.0,0.0272663337,21496106,322180,71631.0,87164.8,0.8217881530158962,376036487.25,-23.859315589353614,-53.43023255813954,1.1834823231396159,-12.671123845908946,-15.76025422210231,59.787,-65.65180102915951,https://finance.naver.com/item/main.naver?code=322180
엑스페릭스,KOSDAQ,2350.0,86113738400,-3.65,0.97,-646.0,2444.0,0.49832,5258600800.0,-807673180.0,757219710.0,,250.96527,전자장비와기기,4735.0,2010.0,0.0184450208,36644144,317770,32314.0,85791.35,0.37665801971877116,221332968.05,-8.737864077669899,-38.40104849279161,1.0116870756783753,-26.432078559738137,-15.359089056541428,49.832,-50.36958817317846,https://finance.naver.com/item/main.naver?code=317770
동신건설,KOSDAQ,10230.0,85932000000,569.44,0.88,18.0,11585.0,0.10986,9753076410.0,-573146780.0,234016920.0,,35.85997,건설,30200.0,8170.0,0.0085040476,8400000,025950,15634.0,89292.0,0.17508847377144648,1050041086.75,-12.264150943396224,-41.80887372013652,0.23162209380459617,0.15537332757876565,-5.8765742818578,10.986,-66.12582781456953,https://finance.naver.com/item/main.naver?code=025950
한국파마,KOSDAQ,7890.0,86053870890,-33.06,1.27,-242.0,6307.0,0.77279,25905813720.0,2164976320.0,1323286350.0,,47.06703,제약,14950.0,6350.0,0.0188366766,10906701,032300,37144.0,8605.4,4.316359495200688,68172710.0,-8.786127167630053,-42.197802197802204,4.316359495200688,-3.8370065007134926,8.357106028013236,77.279,-47.224080267558534,https://finance.naver.com/item/main.naver?code=032300
네오이뮨텍,KOSDAQ,2510.0,85871718400,,,,,0.35061,1169571000.0,-4207783000.0,-446259000.0,,47.06703,제약,4530.0,1115.0,0.0102589337,34211840,950220,427412.0,2327672.2,0.1836220753076829,6778791539.95,56.87500000000001,352.2522522522523,0.3555187023327425,,-359.7714888621554,35.061,-44.59161147902869,https://finance.naver.com/item/main.naver?code=950220
삼영엠텍,KOSDAQ,6600.0,85800000000,9.83,1.06,666.0,6172.0,1.29837,131393130950.0,3176195380.0,1459936440.0,,20.72131,조선,22800.0,5160.0,0.0552299231,13000000,054540,67082.0,85508.4,0.7845077208788844,570622491.25,-22.444183313748532,-51.470588235294116,1.1328711565179561,10.790667530784187,2.4173222428261196,129.837,-71.05263157894737,https://finance.naver.com/item/main.naver?code=054540
와이제이링크,KOSDAQ,3015.0,85756085190,-28.17,1.17,-109.0,2619.0,0.77603,18494846870.0,2471663490.0,3192233390.0,,250.96527,전자장비와기기,10350.0,2390.0,0.0454586493,28443146,209640,97374.0,134318.15,0.7249504255381719,465539411.4,-44.780219780219774,-29.39110070257611,0.7835501010101762,-4.161893852615503,13.364065717187525,77.603,-70.86956521739131,https://finance.naver.com/item/main.naver?code=209640
선진뷰티사이언스,KOSDAQ,7020.0,85667025600,14.46,1.02,496.0,7045.0,0.98075,23572034610.0,1676131380.0,2310684060.0,,45.04075,화장품,11880.0,6000.0,0.015232626,12203280,086710,16468.0,24515.7,0.6717328079557181,196204125.5,-6.772908366533869,-27.628865979381445,2.1422190677810544,7.0404542228530875,7.1106775793080335,98.075,-40.90909090909091,https://finance.naver.com/item/main.naver?code=086710
새빗켐,KOSDAQ,15150.0,85598318100,-4.63,1.9,-3298.0,8056.0,0.84394,17378914490.0,867184760.0,828014340.0,,-78.68198,전기제품,42750.0,9300.0,0.0138839381,5650054,107600,10062.0,35029.7,0.28724196895777016,613216181.0,-17.618270799347467,-51.36436597110754,0.3896978849376387,-40.938430983118174,4.989867235372996,84.394,-64.56140350877193,https://finance.naver.com/item/main.naver?code=107600
로젠,KOSDAQ,1525.0,85638359025,3.81,0.2,400.0,7584.0,1.40182,190148236920.0,2880726320.0,-1811518190.0,,8.64377,항공화물운송과물류,2485.0,1390.0,0.0,56156301,033290,3852.0,29546.8,0.13036944779130058,45715118.0,-1.5493867010974771,-27.380952380952383,0.9274439194768976,5.274261603375527,1.5149897609684342,140.18200000000002,-38.6317907444668,https://finance.naver.com/item/main.naver?code=033290
대성하이텍,KOSDAQ,5240.0,85143167040,-13.14,1.27,-411.0,4260.0,1.94266,23116906250.0,-2188817370.0,1932081040.0,,176.74372,기계,15350.0,3330.0,0.0905220948,16248696,129920,121501.0,146162.75,0.8312719896143169,909474858.5,-9.027777777777779,-28.80434782608695,1.1457912498225438,-9.647887323943662,-9.468470159150296,194.26600000000002,-65.86319218241043,https://finance.naver.com/item/main.naver?code=129920
아주스틸,KOSPI,2190.0,84874356660,-2.04,0.58,-1092.0,3813.0,7.09948,294487892270.0,1057025560.0,-8769055060.0,,44.0108,철강,4545.0,1955.0,0.1477155424,38755414,139990,23835.0,93110.2,0.25598699175815326,223409622.9,2.8169014084507005,-29.126213592233007,1.3812664992664607,-28.638867033831627,0.3589368485923593,709.948,-51.81518151815181,https://finance.naver.com/item/main.naver?code=139990
제너셈,KOSDAQ,6450.0,84841758450,85.07,1.58,71.0,3826.0,0.97366,23289263740.0,4174121880.0,1102029180.0,,30.41324,반도체와반도체장비,9670.0,3965.0,0.0551656671,13153761,217190,2142329.0,223031.5,9.605499671571057,1519694624.25,18.566176470588225,3.5313001605136396,9.605499671571057,1.8557239937271301,17.922944780907017,97.366,-33.29886246122027,https://finance.naver.com/item/main.naver?code=217190
차AI헬스케어,KOSPI,4660.0,84830514180,26.52,1.16,181.0,4147.0,0.50221,2908602220.0,-1134111230.0,10401453950.0,,45.04075,화장품,19780.0,3795.0,0.0023833259,18203973,025620,9388.0,10358.2,0.9063350775231217,52110655.9,-26.148969889064976,-54.97584541062802,1.5031569191558378,4.364600916325054,-38.9916236122518,50.221000000000004,-76.44084934277048,https://finance.naver.com/item/main.naver?code=025620
SBI인베스트먼트,KOSDAQ,1046.0,84760818202,8.88,0.56,116.0,1824.0,0.04017,5213371780.0,2618345490.0,2547293360.0,,14.36921,창업투자,1922.0,820.0,0.06054175,81033287,019550,230077.0,197235.3,1.166510254503124,202765912.35,10.805084745762716,31.407035175879393,1.166510254503124,6.359649122807018,50.22364796703604,4.0169999999999995,-45.577523413111344,https://finance.naver.com/item/main.naver?code=019550
로보로보,KOSDAQ,4150.0,84446084100,-62.01,2.83,-67.0,1469.0,0.08501,2218118040.0,-1207454900.0,-1318931080.0,,10.7911,교육서비스,15300.0,3135.0,0.0218143845,20348454,215100,114887.0,131031.5,0.8767891690166105,559053342.35,-17.33067729083665,-52.84090909090908,1.596990036746889,-4.560925799863853,-54.43600738218603,8.501,-72.87581699346406,https://finance.naver.com/item/main.naver?code=215100
에코플라스틱,KOSDAQ,2050.0,84397208500,41.4,0.24,50.0,8738.0,3.81505,633464444000.0,25880097000.0,18041575000.0,,10.29196,자동차부품,5180.0,1641.0,0.0195660512,41169370,038110,60264.0,147328.75,0.40904439900562517,293922999.85,-10.087719298245613,-39.349112426035504,1.557224913670957,0.5722133211261158,4.085485340989399,381.505,-60.424710424710426,https://finance.naver.com/item/main.naver?code=038110
한성크린텍,KOSDAQ,1562.0,83990619086,781.0,1.35,2.0,1161.0,1.76146,50483710910.0,1501748810.0,-664350490.0,,35.85997,건설,2745.0,1074.0,0.0104641326,53771203,066980,187617.0,749120.75,0.2504496104266235,1281343942.2,-10.435779816513758,11.016346837242352,1.399287097574056,0.17226528854435832,2.974719534142899,176.14600000000002,-43.09653916211293,https://finance.naver.com/item/main.naver?code=066980
아리바이오랩,KOSDAQ,2900.0,83972330400,-4.41,5.98,-597.0,441.0,1.13794,,-2458560510.0,-2662328520.0,,47.06703,제약,6720.0,1824.0,0.0,28955976,261780,568220.0,285235.8,1.9921061802200146,685087964.8,7.606679035250474,15.537848605577697,1.9921061802200146,-135.37414965986395,,113.794,-56.845238095238095,https://finance.naver.com/item/main.naver?code=261780
셀루메드,KOSDAQ,1009.0,83975227728,-24.61,6.59,-41.0,153.0,1.82949,30813927150.0,1564142100.0,2630369000.0,,35.85997,건설,2975.0,598.0,0.0170585361,83226192,049180,,,,,,,,-26.797385620915033,5.076088135036692,182.949,-66.08403361344537,https://finance.naver.com/item/main.naver?code=049180
인지컨트롤스,KOSPI,5310.0,83946836070,5.15,0.37,1043.0,14627.0,1.71649,183652612690.0,9285839570.0,16847963690.0,,10.29196,자동차부품,8460.0,4770.0,0.0337234712,15809197,023800,22802.0,38136.1,0.5979111655360669,204156142.75,-6.183745583038869,-27.160493827160494,0.8786163241652922,7.13064880016408,5.056197912999045,171.649,-37.23404255319149,https://finance.naver.com/item/main.naver?code=023800
에이치엔에스하이텍,KOSDAQ,10920.0,83924841000,9.08,0.77,1216.0,14317.0,0.16071,22825812730.0,1967339640.0,1532525250.0,,250.96527,전자장비와기기,24200.0,8500.0,0.0278495984,7685425,044990,8933.0,10172.2,0.8781777786516191,121421167.75,-17.771084337349397,-34.256472004816374,1.0358624486345136,8.493399455193128,8.618924825464473,16.070999999999998,-54.876033057851245,https://finance.naver.com/item/main.naver?code=044990
엔지켐생명과학,KOSDAQ,990.0,83793832650,-4.23,0.54,-234.0,1837.0,0.13086,23543043250.0,-4068322970.0,-2762954100.0,,47.06703,제약,1766.0,966.0,0.0282302028,84640235,183490,,,,,,,,-12.738160043549266,-17.280361450298063,13.086,-43.94110985277463,https://finance.naver.com/item/main.naver?code=183490
MDS테크,KOSDAQ,1967.0,83653893890,9.05,0.55,220.0,3618.0,0.41784,57637262850.0,4200330460.0,6597444240.0,,161.19616,소프트웨어,4554.081,1550.0,0.0266211946,42528670,086960,112874.0,191479.25,0.5894842391538508,384687618.35,-20.364372469635626,46.572280178837566,0.8189608012356431,6.0807075732448865,7.287525903045203,41.784,-56.80797069705172,https://finance.naver.com/item/main.naver?code=086960
케이옥션,KOSDAQ,3225.0,83489735250,-16.45,0.8,-197.0,4059.0,0.88007,4026211830.0,109223950.0,18336370.0,,-17.40575,판매업체,4840.0,2535.0,0.0147215208,25888290,102370,35023.0,45529.9,0.7692307692307692,146558991.2,21.928166351606816,-16.124837451235376,2.0371887484927487,-4.853412170485341,2.712821744403846,88.007,-33.367768595041326,https://finance.naver.com/item/main.naver?code=102370
사조오양,KOSPI,8860.0,83485467540,7.99,0.34,1123.0,26231.0,0.76506,92117106930.0,475656990.0,2150486800.0,,34.32074,식품,10530.0,7550.0,0.041673021,9422739,006090,6592.0,7751.3,0.8504379910466631,69249599.5,8.180708180708173,1.2571428571428678,3.154825642150349,4.281194007090846,0.5163611905022732,76.506,-15.859449192782527,https://finance.naver.com/item/main.naver?code=006090
케이엔에스,KOSDAQ,9500.0,83329782000,-77.64,1.54,-127.0,6412.0,0.80635,17233778850.0,1716276410.0,-21122340.0,,-78.68198,전기제품,20400.0,5920.0,0.0081813307,8771556,432470,90236.0,400607.55,0.22524787663138152,4004224362.75,5.204872646733105,-40.662086196127426,1.4203975936050133,-1.9806612601372424,9.958793279977595,80.635,-53.431372549019606,https://finance.naver.com/item/main.naver?code=432470
조흥,KOSPI,139000.0,83400000000,10.24,0.55,13470.0,252447.0,2.38765,126187444570.0,5626706310.0,1160225530.0,,34.32074,식품,164400.0,132300.0,0.0003616667,600000,002600,3.0,21.25,0.1411764705882353,2922655.0,1.1644832605531397,-13.44956413449564,0.8941176470588236,5.335773449476524,4.459006463894825,238.765,-15.450121654501213,https://finance.naver.com/item/main.naver?code=002600
드림씨아이에스,KOSDAQ,3380.0,83149500720,11.35,1.06,299.0,3211.0,0.89448,20011130040.0,2267023110.0,-4447331570.0,,47.06703,제약,8640.0,2360.0,0.5015033875,24600444,223250,49138.0,81127.25,0.6056904431001914,282564670.6,-13.994910941475824,-42.8087986463621,0.6056904431001914,9.31174089068826,11.328811043996394,89.44800000000001,-60.879629629629626,https://finance.naver.com/item/main.naver?code=223250
하이로닉,KOSDAQ,4830.0,83071392180,22.93,1.13,215.0,4348.0,0.11652,10798088920.0,1098768970.0,772283200.0,,-32.98986,건강관리장비와용품,9510.0,3770.0,0.0119007764,17199046,149980,83661.0,20915.5,3.9999521885682867,106634277.05,-12.972972972972974,-33.83561643835616,3.9999521885682867,4.944802207911684,10.175587348284218,11.652,-49.21135646687698,https://finance.naver.com/item/main.naver?code=149980
이엠텍,KOSDAQ,4835.0,82837745560,-6.72,0.39,-715.0,12360.0,0.82477,40430175940.0,-7317923270.0,-5657396610.0,,94.7569,핸드셋,10540.0,3400.0,0.0613573762,17132936,091120,14107.0,34113.2,0.41353493662277363,151107115.75,13.231850117096023,-33.12586445366529,0.6240399610707879,-5.784789644012945,-18.100151928253023,82.477,-54.12713472485768,https://finance.naver.com/item/main.naver?code=091120
테라뷰,KOSDAQ,2320.0,82816882240,,,,,0.31481,2014872000.0,-3198265000.0,-2809467000.0,,30.41324,반도체와반도체장비,20800.0,1700.0,0.0,35696932,950250,74683.0,82015.4,0.910597278072167,196212909.5,-27.500000000000004,-70.17994858611824,1.1100842036983298,,-158.73291206587814,31.480999999999998,-88.84615384615384,https://finance.naver.com/item/main.naver?code=950250
DKME,KOSPI,1552.0,82871070016,-24.87,0.57,-60.0,2640.0,0.46859,16476411270.0,-5483457530.0,-5810109450.0,,176.74372,기계,4260.0,1341.0,0.0,53396308,015590,142671.0,85442.0,1.6697993960815525,126961836.25,-25.02415458937198,-48.00670016750419,8.438121766812575,-2.272727272727273,-33.28065462886446,46.859,-63.568075117370896,https://finance.naver.com/item/main.naver?code=015590
대원미디어,KOSDAQ,6570.0,82643675220,13.92,0.75,454.0,8448.0,0.94729,124485053380.0,6994467330.0,3723756320.0,,891.14405,방송과엔터테인먼트,9640.0,3800.0,0.0322182797,12578946,048910,34654.0,46819.6,0.7401601038881153,269069926.0,30.61630218687872,-17.35849056603773,2.671188989226734,5.37405303030303,5.618720593426475,94.729,-31.84647302904564,https://finance.naver.com/item/main.naver?code=048910
KT밀리의서재,KOSDAQ,9630.0,82488548070,5.22,0.95,1847.0,10150.0,0.29167,23845799800.0,3392419860.0,2717703690.0,,2.35548,출판,16050.0,9090.0,0.0765338721,8565789,418470,9076.0,38868.8,0.23350347836825422,381325215.5,-7.49279538904899,-29.963636363636358,0.7170532663730292,18.19704433497537,14.226488054302964,29.166999999999998,-40.0,https://finance.naver.com/item/main.naver?code=418470
코아시아,KOSDAQ,3140.0,82628710640,-5.37,0.98,-565.0,3100.0,2.28908,132073290990.0,-3037150120.0,-3352006170.0,,94.7569,핸드셋,7850.0,1706.0,0.0520687994,26314876,045970,59029.0,124906.35,0.47258606147725873,395884953.65,-11.549295774647883,-42.700729927007295,0.5410613631732895,-18.225806451612904,-2.2995944882072785,228.908,-60.0,https://finance.naver.com/item/main.naver?code=045970
블랙야크아이앤씨,KOSDAQ,3190.0,82398650620,-13.67,2.11,-229.0,1484.0,1.46604,24875955800.0,5868202970.0,4958059500.0,,9.12262,"섬유,의류,신발,호화품",4150.0,2010.0,0.0161535109,25830298,478560,34996.0,249916.5,0.14003077027727262,820166521.1,18.14814814814816,-5.760709010339737,0.19966268733757075,-15.431266846361186,23.589859288944385,146.604,-23.13253012048193,https://finance.naver.com/item/main.naver?code=478560
케이앤에스아이앤씨,KOSDAQ,8030.0,82394882460,-21.1,4.94,-354.0,1513.0,1.76912,3795272770.0,-1475256190.0,-1536422310.0,,-319.55513,통신장비,24600.0,6940.0,0.0113936599,10260882,487400,,,,,,,,-23.397224058162593,-38.87088700610049,176.912,-67.35772357723577,https://finance.naver.com/item/main.naver?code=487400
KNN,KOSDAQ,6200.0,82106426400,7.09,0.35,850.0,17200.0,0.07185,14150855230.0,983652090.0,18915826880.0,,891.14405,방송과엔터테인먼트,8950.0,4415.0,0.0,13242972,058400,22107.0,15051.45,1.4687621458397695,82094046.0,795.9537572254336,705.1948051948052,1.4687621458397695,4.941860465116279,6.951184744754116,7.185,-30.72625698324022,https://finance.naver.com/item/main.naver?code=058400
누리플렉스,KOSDAQ,6930.0,82351622430,-11.78,1.09,-578.0,6261.0,1.10051,25251323970.0,-88624730.0,4907473460.0,,33.41967,IT서비스,19350.0,2855.0,0.2813531301,11883351,040160,10435.0,34951.1,0.29855998809765644,210365952.1,-21.07061503416856,-25.24271844660194,0.753252401211979,-9.231752116275356,-0.3509706267492793,110.05100000000002,-64.18604651162792,https://finance.naver.com/item/main.naver?code=040160
로스웰,KOSDAQ,1779.0,81886846974,,,,,1.15542,234198078000.0,5825487000.0,7325102000.0,,-319.55513,통신장비,2145.0,857.0,0.5747111659,46029706,900260,4930.0,16403.45,0.3005465313699252,27116642.05,10.428305400372428,0.3950338600451575,2.0471303292904843,,2.487418790857882,115.54199999999999,-17.062937062937067,https://finance.naver.com/item/main.naver?code=900260
한일철강,KOSPI,3045.0,81293765700,-131.09,0.44,-23.0,6789.0,1.22891,61757186190.0,2856034840.0,1709279860.0,,44.0108,철강,6470.0,2330.0,0.0140636225,26697460,002220,123816.0,270728.8,0.4573432896684801,901806975.85,-46.95121951219512,-28.26855123674912,0.5536167559565145,-0.33878332596847843,4.624619443012224,122.89099999999999,-52.93663060278207,https://finance.naver.com/item/main.naver?code=002220
제일엠앤에스,KOSDAQ,3935.0,81063616775,-5.16,-7.08,-762.0,-556.0,-3.57903,111617300830.0,3753011000.0,4137501040.0,,-78.68198,전기제품,3935.0,3935.0,0.0076687816,20600665,412540,,,,,,,,137.0503597122302,3.362391826439224,-357.903,0.0,https://finance.naver.com/item/main.naver?code=412540
모베이스,KOSDAQ,3540.0,81940482660,6.74,0.22,525.0,16124.0,1.24933,332794351550.0,8352598880.0,6998894050.0,,10.29196,자동차부품,9140.0,2840.0,0.0312449602,23147029,101330,41377.0,60232.65,0.6869530063844111,211519274.95,-1.392757660167132,-39.48717948717949,1.1624260264159056,3.2560158769536094,2.509837934777893,124.933,-61.269146608315104,https://finance.naver.com/item/main.naver?code=101330
빅텍,KOSDAQ,2770.0,81703374310,17.66,1.29,154.0,2116.0,1.03558,22574277310.0,624364990.0,-567383410.0,,40.34295,우주항공과국방,7050.0,2500.0,0.022746287,29495803,065450,403566.0,286454.1,1.408833038172608,823414081.2,-19.241982507288636,-37.04545454545455,1.408833038172608,7.277882797731569,2.7658249317395316,103.55799999999999,-60.709219858156025,https://finance.naver.com/item/main.naver?code=065450
쎄니트,KOSDAQ,2400.0,81199010400,-15.09,0.87,-159.0,2744.0,1.36474,36524731470.0,725961620.0,-258217770.0,,44.0108,철강,2555.0,1601.0,0.0032529559,33832921,037760,30312.0,23109.7,1.3116570098270424,54417455.75,-1.6393442622950838,31.147540983606547,1.3116570098270424,-5.794460641399417,1.9875892054025825,136.47400000000002,-6.06653620352251,https://finance.naver.com/item/main.naver?code=037760
일성건설,KOSPI,1503.0,81199394640,30.0,1.13,51.0,1354.0,4.46446,107353073060.0,3717741850.0,624789610.0,,35.85997,건설,2830.0,1105.0,0.6519917305,54024880,013360,251884.0,747968.95,0.33675729453742703,1202762620.55,25.041597337770384,-16.03351955307263,0.7499014497861175,3.766617429837518,3.463097742830465,446.44599999999997,-46.89045936395759,https://finance.naver.com/item/main.naver?code=013360
아이로보틱스,KOSDAQ,2085.0,81634997460,48.02,1.83,43.0,1126.0,0.27446,12086117180.0,-828650420.0,-1045247550.0,,-31.79194,화학,5080.0,1002.0,0.0315282863,39153476,066430,399931.0,1752470.45,0.22820983942981748,4311307817.4,-39.2128279883382,-22.056074766355138,0.4229942935699715,3.818827708703375,-6.856216993917975,27.445999999999998,-58.95669291338584,https://finance.naver.com/item/main.naver?code=066430
리메드,KOSDAQ,2685.0,81288409905,162.06,2.13,17.0,1296.0,0.4471,7369232950.0,945356110.0,272134340.0,,-32.98986,건강관리장비와용품,4595.0,2300.0,0.0,30275013,302550,20127.0,30761.85,0.6542844464815998,88252079.65,-8.673469387755105,-21.029411764705884,0.7767413208243328,1.3117283950617282,12.828419408291333,44.71,-41.56692056583242,https://finance.naver.com/item/main.naver?code=302550
주성코퍼레이션,KOSPI,1550.0,81855856500,39.74,2.83,39.0,548.0,0.51043,24250955710.0,-267142090.0,524011740.0,,10.21966,해운사,2850.0,702.0,0.0070030371,52810230,109070,287907.0,290371.85,0.9915114016734061,470450808.65,-6.62650602409639,92.54658385093168,1.010690258026045,7.116788321167883,-1.1015734521746814,51.043000000000006,-45.614035087719294,https://finance.naver.com/item/main.naver?code=109070
테이팩스,KOSPI,16900.0,80894385000,40.8,0.53,423.0,32645.0,0.30033,40696984980.0,3183429710.0,3200695950.0,,250.96527,전자장비와기기,23300.0,10150.0,0.0434972267,4786650,055490,15996.0,27979.35,0.5717073484552,427360421.5,-1.2273524254821755,6.962025316455689,1.1108549698259609,1.2957573901056822,7.822274086309969,30.032999999999998,-27.467811158798284,https://finance.naver.com/item/main.naver?code=055490
대한뉴팜,KOSDAQ,5640.0,80961748800,5.2,0.57,1087.0,9971.0,0.88796,55966274830.0,2150354890.0,11263588620.0,,47.06703,제약,7900.0,5030.0,0.0024761545,14354920,054670,12484.0,18809.1,0.6637212838466487,108987787.0,-0.35335689045936647,-14.932126696832581,0.8982885943506069,10.90161468257948,3.842233374530995,88.79599999999999,-28.607594936708857,https://finance.naver.com/item/main.naver?code=054670
동인기연,KOSPI,13200.0,80889600000,6.83,0.52,1967.0,25695.0,0.92566,71294801030.0,9027580630.0,8447005070.0,,9.12262,"섬유,의류,신발,호화품",17450.0,10850.0,0.0186094974,6128000,111380,4386.0,10445.7,0.41988569459203307,142887114.5,2.3255813953488413,-14.341336794289427,0.41988569459203307,7.655185833819809,12.662326704862114,92.566,-24.35530085959885,https://finance.naver.com/item/main.naver?code=111380
서남,KOSDAQ,3050.0,80822495950,-17.36,7.76,-165.0,369.0,0.79467,1197639390.0,-1606422440.0,-1602809200.0,,52.37524,전기장비,7150.0,2295.0,0.0086047572,26499179,294630,2719354.0,117233.25,23.196098376527136,329799486.5,4.631217838765012,-30.205949656750576,23.196098376527136,-44.71544715447154,-134.1323985678193,79.467,-57.34265734265735,https://finance.naver.com/item/main.naver?code=294630
아이씨디,KOSDAQ,4435.0,80602909625,-37.69,0.73,-117.0,6033.0,0.96272,29017603890.0,1766358210.0,4515973500.0,,15.94641,디스플레이장비및부품,6960.0,3610.0,0.0315706129,18174275,040910,2959.0,10265.3,0.288252657009537,45735712.1,-0.893854748603351,-17.87037037037037,0.7578930961589043,-1.9393336648433617,6.087195264970584,96.272,-36.27873563218391,https://finance.naver.com/item/main.naver?code=040910
TP,KOSPI,1720.0,80663442000,2.11,0.28,819.0,6164.0,1.8896,274359189460.0,14010128720.0,4108943070.0,,9.12262,"섬유,의류,신발,호화품",2235.0,1520.0,0.0766467828,46897350,007980,105654.0,195947.1,0.5391965484561905,357776661.75,-1.4891179839633395,-13.78446115288221,0.5391965484561905,13.286826735885787,5.106491511210196,188.96,-23.042505592841167,https://finance.naver.com/item/main.naver?code=007980
화천기공,KOSPI,36600.0,80520000000,6.89,0.23,5173.0,154300.0,0.28907,74917929030.0,6483608760.0,9314433440.0,,176.74372,기계,44850.0,29450.0,0.1031913636,2200000,000850,14320.0,16704.4,0.8572591652498742,600267960.0,13.31269349845201,-8.38548185231539,1.7238571873278896,3.3525599481529484,8.65428188411844,28.907,-18.394648829431436,https://finance.naver.com/item/main.naver?code=000850
해치텍,KOSDAQ,14650.0,80386747500,-5.06,7.07,-2482.0,1776.0,0.59262,4984041150.0,-112532020.0,31415760.0,,30.41324,반도체와반도체장비,21400.0,12090.0,0.0157617342,5487150,0155E0,,,,,,,,-139.75225225225225,-2.257846928089669,59.262,-31.542056074766357,https://finance.naver.com/item/main.naver?code=0155E0
대교,KOSPI,1000.0,80467700000,-1.81,0.3,-552.0,3375.0,1.15393,158618635460.0,-3721661380.0,-1192365110.0,,10.7911,교육서비스,2335.0,818.0,0.0221034278,80467700,019680,167620.0,95903.75,1.7477940122257993,95575397.35,-15.61181434599156,-40.68801897983393,2.43861162884663,-16.355555555555558,-2.346295168412616,115.39299999999999,-57.17344753747323,https://finance.naver.com/item/main.naver?code=019680
HRS,KOSDAQ,4915.0,80383842000,5.79,0.6,846.0,8112.0,0.13408,24722696830.0,4381926350.0,6915694980.0,,-31.79194,화학,5640.0,4275.0,0.0329461076,16354800,036640,23264.0,33466.85,0.6951356342171433,164477699.7,4.574468085106376,-4.932301740812384,0.6951356342171433,10.428994082840237,17.72430564566366,13.408000000000001,-12.85460992907801,https://finance.naver.com/item/main.naver?code=036640
디알텍,KOSDAQ,960.0,80137973760,-2.99,1.11,-321.0,867.0,1.78056,37003506460.0,1865837660.0,2065530370.0,,-32.98986,건강관리장비와용품,2365.0,681.0,0.0149585294,83477056,214680,1142322.0,703120.15,1.6246469397868912,766658394.0,-39.660590823381526,-51.92789183775663,12.265034645927868,-37.0242214532872,5.042326629280202,178.05599999999998,-59.40803382663849,https://finance.naver.com/item/main.naver?code=214680
조이시티,KOSDAQ,1145.0,80039445670,-8.93,0.95,-132.0,1240.0,1.46328,38635295040.0,583126850.0,-1011167290.0,,18.03224,게임엔터테인먼트,3335.0,911.0,0.0287001302,69903446,067000,162045.0,160515.7,1.0095274169442614,186397672.4,-3.3755274261603407,-55.62015503875969,1.4363766285790112,-10.64516129032258,1.5093112383282579,146.328,-65.6671664167916,https://finance.naver.com/item/main.naver?code=067000
제이스로보틱스,KOSDAQ,4580.0,80042800520,-3.22,0.59,-1428.0,7841.0,0.98286,4040519900.0,-4162588290.0,-6862289740.0,,250.96527,전자장비와기기,10100.0,2965.0,0.0158632168,17476594,090470,42753.0,120472.95,0.35487634361074416,637167157.95,-15.498154981549817,-39.257294429708224,13.567518683654713,-18.21196275985206,-103.02110602152956,98.286,-54.65346534653466,https://finance.naver.com/item/main.naver?code=090470
파워넷,KOSDAQ,3135.0,79983229920,4.87,0.53,652.0,6040.0,0.79468,104243907940.0,6900411980.0,373905620.0,,-78.68198,전기제품,10400.0,2420.0,0.0745584054,25512992,037030,154594.0,225730.95,0.6848595640075054,793418424.05,-39.71153846153847,2.450980392156854,0.9728572887324489,10.794701986754966,6.619487043762493,79.468,-69.85576923076924,https://finance.naver.com/item/main.naver?code=037030
액스비스,KOSDAQ,8550.0,79803477000,11.34,2.06,734.0,4036.0,0.80097,12045816090.0,-331289180.0,-268121290.0,,250.96527,전자장비와기기,50600.0,6890.0,0.0531583267,9333740,0011A0,33478.0,36653.2,0.9133718201957811,330247687.75,-35.66591422121896,-81.41304347826087,1.3377822400226993,18.18632309217047,-2.750242719337416,80.097,-83.10276679841897,https://finance.naver.com/item/main.naver?code=0011A0
알서포트,KOSDAQ,1521.0,81019233243,44.62,0.82,34.0,1857.0,0.13777,14166058440.0,2580213270.0,2117310630.0,,161.19616,소프트웨어,3090.0,1278.0,0.1935393008,53267083,131370,19390.0,92625.9,0.20933669740321012,140746146.25,-8.373493975903612,-32.69911504424778,1.7744388988393096,1.830910070005385,18.214052136862428,13.777000000000001,-50.77669902912621,https://finance.naver.com/item/main.naver?code=131370
엠오티,KOSDAQ,6880.0,79671638400,23.37,1.35,300.0,5203.0,1.33992,31138939870.0,1203506420.0,1086741140.0,,-78.68198,전기제품,11660.0,4835.0,0.0180446245,11580180,413390,16511.0,32821.25,0.5030582320904902,239618099.75,4.878048780487809,-23.47052280311457,2.0270099402064212,5.765904285988853,3.8649563055917873,133.992,-40.99485420240138,https://finance.naver.com/item/main.naver?code=413390
휴마시스,KOSDAQ,3235.0,79823628235,-4.8,0.35,-690.0,9505.0,0.40305,7738386940.0,-3311300290.0,-17103413700.0,,-33.26304,생명과학도구및서비스,7240.0,1898.0,0.0,24675001,205470,71916.0,175164.7,0.4105621737713135,544812873.7,22.075471698113212,307.9445145018916,0.6209184841466345,-7.259337190952131,-42.79057529268496,40.305,-55.31767955801106,https://finance.naver.com/item/main.naver?code=205470
서한,KOSDAQ,3945.0,79606048485,2.65,0.14,1470.0,27140.0,1.27089,147604662550.0,22252890320.0,19460050250.0,,35.85997,건설,6190.0,3335.0,0.0419760708,20178973,011370,22534.0,143634.3,0.15688453245499162,125351503.0,328.80434782608694,247.2711267605634,0.4111761605688892,5.416359616801769,15.076007719242607,127.08900000000001,-36.268174474959615,https://finance.naver.com/item/main.naver?code=011370
제닉스로보틱스,KOSDAQ,6060.0,79494595200,-10.66,1.6,-561.0,3730.0,0.66947,4476681840.0,-2530427990.0,-565679950.0,,176.74372,기계,19940.0,4560.0,0.0142085788,13117920,381620,46868.0,89762.25,0.5221348618155183,576622094.75,-25.91687041564792,-50.89141004862236,0.5885102033427192,-15.040214477211796,-56.524633209135985,66.947,-69.6088264794383,https://finance.naver.com/item/main.naver?code=381620
테라젠이텍스,KOSDAQ,2140.0,79506084640,7.16,0.56,296.0,3789.0,0.675,69256482440.0,2646694300.0,-7181381750.0,,47.06703,제약,3470.0,1845.0,0.0225572652,37152376,066700,23519.0,103192.75,0.22791329817259448,223837537.05,-9.894736842105267,-21.755027422303474,0.5575876212233902,7.81208762206387,3.8215834919033758,67.5,-38.32853025936599,https://finance.naver.com/item/main.naver?code=066700
블루콤,KOSDAQ,4635.0,79258500000,4.69,0.42,998.0,11033.0,0.15857,1942281500.0,158708700.0,572954250.0,,32.90158,부동산,5490.0,2685.0,0.0158166082,17100000,033560,21497.0,32973.25,0.6519527192496948,153493158.3,25.780189959294432,50.0,0.6519527192496948,9.045590501223602,8.171251180634732,15.857,-15.573770491803273,https://finance.naver.com/item/main.naver?code=033560
센서뷰,KOSDAQ,1116.0,78814432116,-3.5,4.26,-319.0,262.0,2.00138,2526704040.0,-2197787310.0,-2611158470.0,,-319.55513,통신장비,4663.794,789.397,0.0330806363,70622251,321370,1191196.0,3895606.05,0.3057793793086444,5546482638.35,-59.56521739130435,-47.48235294117647,1.4077660650516755,-121.7557251908397,-86.9823800178829,200.138,-76.07098426731541,https://finance.naver.com/item/main.naver?code=321370
오파스넷,KOSDAQ,6040.0,78800696920,5.89,1.15,971.0,4962.0,1.14518,47340933030.0,1936505170.0,3631120190.0,,33.41967,IT서비스,8570.0,5300.0,0.0459745711,13046473,173130,125856.0,39194.45,3.211066872988395,222041190.75,-18.817204301075275,-16.804407713498627,3.211066872988395,19.568722289399435,4.090551339097678,114.51800000000001,-29.5215869311552,https://finance.naver.com/item/main.naver?code=173130
에스와이스틸텍,KOSDAQ,1574.0,78969154000,-27.94,0.79,-54.0,1912.0,0.68765,37647005660.0,-2651224790.0,-3158607520.0,,7.5794,건축자재,4635.0,1110.0,0.0513255865,50171000,365330,511852.0,441247.7,1.1600105790919704,680591568.85,-24.5083932853717,-58.578947368421055,1.1600105790919704,-2.8242677824267783,-7.042325793301883,68.765,-66.04099244875944,https://finance.naver.com/item/main.naver?code=365330
SY동아,KOSDAQ,5170.0,78584000000,2.64,0.39,1888.0,12809.0,0.68436,98694462230.0,2185669860.0,-645786100.0,,10.29196,자동차부품,8640.0,4015.0,0.0158601974,15200000,041930,5889890.0,170547.1,34.535269142659125,927913735.35,-1.7110266159695797,-24.635568513119534,34.535269142659125,14.739636193301584,2.214582065310272,68.43599999999999,-40.16203703703704,https://finance.naver.com/item/main.naver?code=041930
디와이피엔에프,KOSDAQ,7480.0,78675395480,2.8,0.48,2703.0,15819.0,0.54439,36761810910.0,1075892390.0,1523417560.0,,176.74372,기계,16600.0,7200.0,0.0361161202,10518101,104460,14479.0,8732.2,1.6581159387096034,69619505.0,-24.2914979757085,-50.0,1.6581159387096034,17.08704722169543,2.9266577553374398,54.43900000000001,-54.939759036144586,https://finance.naver.com/item/main.naver?code=104460
THE E&M,KOSDAQ,2000.0,78842708000,-2.48,2.78,-809.0,722.0,1.155,7325592240.0,-4072556460.0,954631420.0,,20.01555,양방향미디어와서비스,4500.0,860.0,0.0066478437,39421354,089230,190386.0,440114.15,0.43258322869192,936999176.2,-14.346895074946463,36.79890560875514,1.3812961932716772,-112.04986149584488,-55.593545567040735,115.5,-55.55555555555556,https://finance.naver.com/item/main.naver?code=089230
동일고무벨트,KOSPI,5640.0,78396000000,7.42,0.33,767.0,17082.0,0.48413,103548476290.0,7509054320.0,7166812470.0,,-31.79194,화학,8700.0,5200.0,0.0362817266,13900000,163560,18547.0,90699.0,0.20448957540876966,530687445.0,-8.589951377633708,-20.33898305084746,0.37257301624053185,4.4901065449010655,7.251728455153689,48.413000000000004,-35.17241379310345,https://finance.naver.com/item/main.naver?code=163560
디케이락,KOSDAQ,7700.0,78297550100,11.52,0.59,682.0,13415.0,0.70928,39520297780.0,3806757080.0,3487598890.0,,176.74372,기계,11680.0,6170.0,0.0823417347,10168513,105740,50752.0,103282.05,0.4913922603201621,797415343.5,14.074074074074083,-22.379032258064512,6.2033141286409395,5.08386134923593,9.63240991044982,70.928,-34.07534246575342,https://finance.naver.com/item/main.naver?code=105740
한솔로지스틱스,KOSPI,2780.0,78273193500,4.97,0.55,563.0,5100.0,1.02997,182813293830.0,6118166710.0,3936095370.0,,8.64377,항공화물운송과물류,3750.0,2470.0,0.0458309781,28155825,009180,10955.0,39997.55,0.2738917758712721,111053438.75,1.090909090909098,-3.6395147313691534,1.8339373286613805,11.03921568627451,3.3466749500664585,102.997,-25.86666666666667,https://finance.naver.com/item/main.naver?code=009180
기도산업,KOSDAQ,13350.0,78240438450,1.58,0.43,8396.0,31281.0,0.93231,71101987740.0,5908372690.0,4184843270.0,,9.12262,"섬유,의류,신발,호화품",29500.0,12840.0,0.0244934613,5860707,282620,,,,,,,,26.84057415044276,8.309715210220647,93.231,-54.7457627118644,https://finance.naver.com/item/main.naver?code=282620
가온그룹,KOSDAQ,4235.0,78029633605,10.39,0.57,395.0,7147.0,2.80329,127024697630.0,7899385850.0,3565054000.0,,39.08742,전자제품,10920.0,3200.0,0.0723874695,18424943,078890,75879.0,63625.4,1.19258975189154,280082316.9,-25.701754385964914,-45.77464788732394,1.1933598845743996,5.526794459213656,6.218779495157299,280.329,-61.21794871794872,https://finance.naver.com/item/main.naver?code=078890
네오리진,KOSDAQ,1469.0,78018610566,-2.98,1.55,-490.0,943.0,0.18109,4019267380.0,-1915287410.0,-3343622890.0,,18.03224,게임엔터테인먼트,1859.0,907.0,0.6230048254,53110014,094860,184746.0,101182.85,1.8258627820821414,135144513.9,11.203633610900843,5.078683834048636,1.8258627820821414,-51.961823966065744,-47.6526498219683,18.109,-20.97902097902098,https://finance.naver.com/item/main.naver?code=094860
예스24,KOSDAQ,3110.0,77750000000,-7.62,0.46,-414.0,6912.0,1.97547,135760359260.0,-3472397770.0,-887315250.0,,21.98819,인터넷과카탈로그소매,3985.0,2715.0,0.01065768,25000000,053280,13462.0,13153.2,1.023477176656631,41933478.6,9.507042253521124,-15.832205683355882,1.2622783809263145,-5.989583333333334,-2.557740557646783,197.547,-21.95734002509411,https://finance.naver.com/item/main.naver?code=053280
대림바스,KOSPI,4690.0,77817605600,5.83,0.46,812.0,10213.0,0.89101,80255346120.0,6570677790.0,4312689350.0,,-8.87118,건축제품,6450.0,3845.0,0.0199899471,16592240,005750,59819.0,65699.3,0.910496763283627,312421099.4,6.712172923777016,-12.336448598130845,0.910496763283627,7.9506511309115835,8.187215067486397,89.101,-27.286821705426355,https://finance.naver.com/item/main.naver?code=005750
DRB동일,KOSPI,4045.0,77956712380,17.59,0.19,232.0,20966.0,0.88038,218500373520.0,11181238830.0,8588487730.0,,-31.79194,화학,6470.0,3900.0,0.0149832683,19272364,004840,16616.0,29390.35,0.5653556354381626,125441406.25,-6.365740740740744,-34.12052117263844,3.138172903691178,1.10655346751884,5.117263027917226,88.03800000000001,-37.480680061823804,https://finance.naver.com/item/main.naver?code=004840
리드코프,KOSDAQ,2990.0,77724607480,5.72,0.18,522.0,16721.0,1.752,113151600270.0,2445861440.0,4518829350.0,,-139.5926,석유와가스,4205.0,2655.0,0.0267057877,25994852,012700,5236.0,23660.8,0.22129429266973222,71851593.05,5.840707964601766,-19.407008086253374,0.86746855558561,3.1218228574846,2.161579185944994,175.2,-28.894173602853744,https://finance.naver.com/item/main.naver?code=012700
폴레드,KOSDAQ,3085.0,77689126185,8.14,1.86,379.0,1660.0,0.41861,25266411060.0,2064207790.0,1667059340.0,,11.89363,가정용기기와용품,26000.0,3000.0,0.0608624254,25182861,487580,143905.0,257616.4,0.5586018591984051,893023615.2,-20.181112548512292,-84.575,0.5919537731293505,22.83132530120482,8.16977047154872,41.861,-88.13461538461539,https://finance.naver.com/item/main.naver?code=487580
피스피스스튜디오,KOSDAQ,5480.0,77645632280,4.95,0.6,1139.0,9418.0,0.249,19039903490.0,205500280.0,88740980.0,,9.12262,"섬유,의류,신발,호화품",42000.0,4455.0,0.0244994128,14168911,0117P0,156952.0,400541.95,0.39184909345949903,2232872298.3,-42.85714285714286,-60.087399854333576,11.626242894158777,12.093862815884476,1.0793136641051324,24.9,-86.95238095238096,https://finance.naver.com/item/main.naver?code=0117P0
원준,KOSDAQ,5080.0,77579631480,-5.76,0.72,-866.0,6969.0,0.79167,3464106420.0,-14229240680.0,-18804976480.0,,-78.68198,전기제품,12150.0,3230.0,0.0172215306,15271581,382840,24050.0,126370.9,0.19031280144400334,664817080.8,-25.94752186588921,-51.34099616858238,0.5395308571831016,-12.426460037308079,-410.7622271027112,79.167,-58.18930041152264,https://finance.naver.com/item/main.naver?code=382840
DSR제강,KOSPI,5390.0,77616000000,3.24,0.43,1713.0,13053.0,0.41974,64084048030.0,7719792080.0,12011632540.0,,44.0108,철강,6150.0,3325.0,0.0967414583,14400000,069730,39408.0,43980.2,0.8960395814480153,252824887.5,4.255319148936176,25.494761350407448,0.8960395814480153,13.123419903470468,12.046355243329968,41.974000000000004,-12.357723577235769,https://finance.naver.com/item/main.naver?code=069730
젝시믹스,KOSDAQ,2610.0,77455599750,6.61,0.68,400.0,3915.0,0.44097,74377729110.0,5347854380.0,4380718640.0,,9.12262,"섬유,의류,신발,호화품",6330.0,2550.0,0.0457620388,29676475,337930,67660.0,72054.1,0.9390166555407672,204800758.8,-23.7956204379562,-52.02205882352941,2.4786237008025913,10.217113665389528,7.190128609722486,44.096999999999994,-58.76777251184835,https://finance.naver.com/item/main.naver?code=337930
동국S&C,KOSDAQ,1357.0,77543051000,-44.93,0.4,-30.0,3331.0,0.34113,5034036760.0,-3059603740.0,-12811090630.0,,-40.24179,에너지장비및서비스,2795.0,1229.0,0.0238392629,57143000,100130,76557.0,235686.9,0.3248250114876983,344938425.7,-13.456632653061229,-33.64303178484107,0.828624755979225,-0.9006304413089163,-60.77833527779006,34.113,-51.44901610017889,https://finance.naver.com/item/main.naver?code=100130
우리넷,KOSDAQ,7170.0,77395073640,20.28,0.78,354.0,9217.0,0.39201,22420023220.0,504853200.0,711617260.0,,-319.55513,통신장비,21350.0,5290.0,0.0614619282,10794292,115440,27739.0,67351.85,0.4118520872106705,502716399.0,-26.08247422680412,-0.139275766016711,0.8511867157323815,3.840729087555604,2.2517960621452024,39.201,-66.4168618266979,https://finance.naver.com/item/main.naver?code=115440
케이피에프,KOSDAQ,3875.0,77273793000,3.87,0.29,1000.0,13491.0,1.01341,213567493240.0,8918017440.0,5323249150.0,,176.74372,기계,6880.0,3310.0,0.045177464,19941624,024880,18875.0,41872.0,0.45077856324035154,160705502.7,-8.066429418742583,-39.82919254658385,2.9932890714558655,7.412348973389666,4.175737283191422,101.341,-43.67732558139535,https://finance.naver.com/item/main.naver?code=024880
엠엑스온,KOSDAQ,4535.0,77154880140,43.19,1.0,105.0,4551.0,0.70315,40414004060.0,281534300.0,1396796570.0,,250.96527,전자장비와기기,7940.0,3785.0,0.0101723932,17013204,347890,15121.0,181407.15,0.08335393615962768,923602905.25,-7.259713701431492,-25.28830313014827,0.1025538409042863,2.3071852340145025,0.6966256042881191,70.31500000000001,-42.884130982367765,https://finance.naver.com/item/main.naver?code=347890
에이텍,KOSDAQ,9350.0,77231000000,149.52,0.7,63.0,13373.0,0.57947,53575930510.0,10471555740.0,9616944070.0,,18.6464,컴퓨터와주변기기,13450.0,7300.0,0.0614530266,8260000,045660,5108.0,26327.65,0.19401655673787824,244489282.0,10.259433962264142,-9.311348205625603,0.5171749092683927,0.47109848201600235,19.545261538752882,57.947,-30.483271375464682,https://finance.naver.com/item/main.naver?code=045660
남광토건,KOSPI,7840.0,77087364480,14.84,0.63,539.0,12722.0,2.1974,80296104000.0,2256202000.0,1410098000.0,,35.85997,건설,13400.0,6420.0,0.0063255067,9832572,001260,27460.0,135311.1,0.20293974404169354,1114568164.75,7.397260273972606,-10.807736063708761,1.7437519907827221,4.23675522716554,2.8098523933365436,219.74,-41.492537313432834,https://finance.naver.com/item/main.naver?code=001260
폴라리스AI,KOSDAQ,5360.0,77083307040,-98.18,0.82,-55.0,6604.0,0.18986,11062505600.0,499248410.0,-783448260.0,,33.41967,IT서비스,14860.027,3760.0,0.0,14381214,039980,114169.0,1022368.6,0.11167107440506291,6382496074.0,-15.855572998430144,259.0087073007368,1.8145109307934535,-0.8328285887341006,4.51297769286553,18.986,-63.93007899649172,https://finance.naver.com/item/main.naver?code=039980
데이타솔루션,KOSDAQ,4750.0,77070555000,73.0,2.19,65.0,2170.0,1.37066,30118621330.0,1247328640.0,1422716920.0,,33.41967,IT서비스,8730.0,4115.0,0.030393433,16225380,263800,158121.0,516889.25,0.30590885765180836,2864184793.05,9.826589595375722,-2.3638232271325776,2.1852050511787584,2.995391705069124,4.141386905905895,137.066,-45.58991981672394,https://finance.naver.com/item/main.naver?code=263800
한신기계,KOSPI,2375.0,77059608625,-165.71,0.86,-14.0,2703.0,0.37041,14349599290.0,1118382300.0,2147015550.0,,176.74372,기계,5910.0,1767.0,0.0715990935,32446151,011700,145224.0,130780.4,1.1104416258093721,325142771.75,-11.545623836126628,-51.530612244897966,1.1104416258093721,-0.5179430262671105,7.79382251307451,37.041000000000004,-59.81387478849407,https://finance.naver.com/item/main.naver?code=011700
세미티에스,KOSDAQ,2555.0,77035909755,0.0,0.0,0.0,0.0,0.08299,2493545400.0,-414342710.0,-17496827020.0,,30.41324,반도체와반도체장비,8430.0,2260.0,0.0177318256,30151041,0017J0,226846.0,423531.95,0.5356054011981859,1257822137.15,-33.97932816537468,-53.033088235294116,0.5824967868421733,,-16.616609827918115,8.299,-69.69157769869514,https://finance.naver.com/item/main.naver?code=0017J0
휴비츠,KOSDAQ,7080.0,77015496600,-15.36,0.71,-461.0,10000.0,1.0084,32531453240.0,2134410660.0,1001544420.0,,-32.98986,건강관리장비와용품,10090.0,6270.0,0.0327240702,10877895,065510,11627.0,35318.15,0.3292075037905439,242777830.5,1.1428571428571344,-22.197802197802197,0.6348860288548522,-4.61,6.561067666585435,100.84,-29.831516352824583,https://finance.naver.com/item/main.naver?code=065510
태웅로직스,KOSDAQ,1987.0,76938251457,-14.18,0.33,-141.0,6137.0,1.51943,355643914000.0,5902575520.0,2299783920.0,,10.21966,해운사,3330.0,1410.0,0.0348450605,38720811,124560,29999.0,46212.85,0.6491484511342624,88828022.85,-5.155131264916468,-28.267148014440437,0.9432008629634399,-2.297539514420727,1.6596869193155939,151.943,-40.330330330330334,https://finance.naver.com/item/main.naver?code=124560
양지사,KOSDAQ,4800.0,76704000000,-41.29,0.36,-116.0,13435.0,0.13921,7537875160.0,-7696856100.0,-5059907270.0,,15.16342,상업서비스와공급품,9820.0,4000.0,0.0089012516,15980000,030960,31071.0,84216.65,0.3689412960501279,394925457.05,-12.408759124087588,-45.14285714285714,3.063325363808701,-0.8634164495720135,-102.10909489246569,13.921,-51.12016293279022,https://finance.naver.com/item/main.naver?code=030960
뉴엔AI,KOSDAQ,8510.0,76481072000,-61.91,1.4,-136.0,6023.0,0.07715,5310501310.0,226790950.0,412070580.0,,33.41967,IT서비스,30950.0,5450.0,0.0139042193,8987200,463020,36958.0,883358.85,0.04183803671633561,10851225208.0,1.5513126491646823,-40.15471167369902,0.159362188990352,-2.258010957994355,4.270612824686413,7.715,-72.50403877221325,https://finance.naver.com/item/main.naver?code=463020
선바이오,KOSDAQ,6280.0,76702921480,26.29,2.54,229.0,2373.0,1.14164,2236153290.0,284365640.0,631335020.0,,-71.79167,생물공학,8500.0,4840.0,0.0031326755,12213841,067370,5331.0,11853.7,0.44973299476112943,73971574.5,8.089500860585197,14.598540145985407,1.122012536170141,9.65023177412558,12.716732849741263,114.164,-26.117647058823536,https://finance.naver.com/item/main.naver?code=067370
초록뱀미디어,KOSDAQ,3120.0,76296261600,26.83,0.28,115.0,11069.0,0.28179,25172521870.0,-506542460.0,-5782589400.0,,891.14405,방송과엔터테인먼트,8000.0,2765.0,0.0,24453930,047820,4942.0,9820.0,0.5032586558044807,31178923.3,-17.894736842105264,-32.54054054054054,0.7331975560081466,1.0389375734031983,-2.0122833247140206,28.179,-61.0,https://finance.naver.com/item/main.naver?code=047820
엠게임,KOSDAQ,4065.0,76310513310,4.73,0.57,861.0,7129.0,0.18038,21259345960.0,2442698580.0,717449070.0,,18.03224,게임엔터테인먼트,6980.0,3770.0,0.1145494486,18772574,058630,12288.0,28206.95,0.4356373163351585,118430226.95,-4.912280701754391,-25.275735294117652,1.669375809862463,12.077430214616355,11.489998726188471,18.038,-41.7621776504298,https://finance.naver.com/item/main.naver?code=058630
TJ미디어,KOSDAQ,3650.0,76275557450,18.82,0.9,191.0,4010.0,0.66855,19623004700.0,768480590.0,378826180.0,,39.08742,전자제품,4481.815,2995.0,0.0063483935,20897413,032540,16687.0,7335.9,2.2747038536512223,23659966.95,2.8169014084507005,-42.96875,6.520399678294416,4.763092269326683,3.9162228300337714,66.855,-18.559779910594255,https://finance.naver.com/item/main.naver?code=032540
SCL사이언스,KOSDAQ,2240.0,76198185280,-18.63,3.11,-120.0,719.0,2.44584,7590079040.0,405628350.0,-129799940.0,,-11.05155,건강관리업체및서비스,3250.0,1389.0,0.0053214202,34017047,246960,71711.0,137070.4,0.5231691160162953,284397318.6,26.55367231638419,11.72069825436408,0.5231691160162953,-16.689847009735743,5.3441913827553496,244.584,-31.07692307692308,https://finance.naver.com/item/main.naver?code=246960
삐아,KOSDAQ,7450.0,76182783650,15.43,1.66,486.0,4524.0,0.21959,21795737810.0,1769739650.0,1543017040.0,,45.04075,화장품,12550.0,6200.0,0.0132680063,10225877,451250,6263.0,58029.3,0.10792823625306526,467606028.75,1.775956284153013,-14.367816091954023,0.3736388341751494,10.742705570291777,8.119659290395914,21.959,-40.63745019920319,https://finance.naver.com/item/main.naver?code=451250
동방아그로,KOSPI,5590.0,76122255430,7.11,0.41,786.0,13754.0,0.44532,48896147090.0,2135199640.0,1816001240.0,,-31.79194,화학,6280.0,5270.0,0.309045875,13617577,007590,1231.0,5501.55,0.22375512355608873,30550163.5,-3.9518900343642582,-6.521739130434778,0.9308285846715926,5.714701177839173,4.366805499152878,44.532,-10.987261146496818,https://finance.naver.com/item/main.naver?code=007590
테라사이언스,KOSDAQ,654.0,76111715580,-3.89,2.31,-168.0,283.0,1.11217,3889837360.0,-2128254550.0,-3717316290.0,,176.74372,기계,654.0,654.0,0.0057463488,116378770,073640,,,,,,,,-59.36395759717315,-54.71320142804119,111.21700000000001,0.0,https://finance.naver.com/item/main.naver?code=073640
에스넷,KOSDAQ,3820.0,76066292440,15.78,0.69,249.0,5721.0,1.81231,186051978870.0,3123358920.0,2732452040.0,,33.41967,IT서비스,6280.0,2835.0,0.0495756917,19912642,038680,40758.0,245627.05,0.1659344929640282,1026466349.3,13.521545319465078,18.818040435458784,0.5165229155339366,4.352385946512848,1.6787560868580618,181.231,-39.171974522293,https://finance.naver.com/item/main.naver?code=038680
화일약품,KOSDAQ,9020.0,75926607680,-317.67,0.39,-30.0,24580.0,0.04045,24463367370.0,-912073530.0,4374222210.0,,47.06703,제약,13800.0,7090.0,0.0,8417584,061250,18204.0,12343.45,1.4747902733838594,107104676.5,17.14285714285715,750.1413760603205,4.535198830148783,-0.12205044751830757,-3.7283237266775346,4.045,-34.63768115942029,https://finance.naver.com/item/main.naver?code=061250
한국가구,KOSDAQ,5070.0,76050000000,4.94,0.39,1029.0,13102.0,0.28025,37041050870.0,3669150210.0,2806124060.0,,7.97295,식품과기본식료품소매,8590.0,4375.0,0.0418109333,15000000,004590,16390.0,45431.55,0.36076250975368435,231257395.55,-5.586592178770955,4.0000000000000036,0.8788386044499912,7.85376278430774,9.905632059083102,28.025,-40.977881257275904,https://finance.naver.com/item/main.naver?code=004590
서플러스글로벌,KOSDAQ,2050.0,75825400000,-4.8,0.39,-421.0,5163.0,1.4718,38775951640.0,-359145460.0,-1702667630.0,,30.41324,반도체와반도체장비,2730.0,1213.0,0.0147573537,36988000,140070,67271.0,164479.05,0.40899433696875076,307317797.55,16.015846066779858,0.0,0.4532552929993212,-8.154173929885726,-0.926206694639874,147.18,-24.90842490842491,https://finance.naver.com/item/main.naver?code=140070
중앙에너비스,KOSDAQ,12170.0,75784172100,-47.22,1.01,-252.0,11730.0,0.07911,14951404380.0,-966820860.0,-837016320.0,,-139.5926,석유와가스,38000.0,11170.0,0.0320987357,6227130,000440,20580.0,36154.2,0.5692284713809185,442637513.5,-22.484076433121015,-37.39711934156379,8.173711491334341,-2.1483375959079285,-6.466421718171735,7.911,-67.97368421052632,https://finance.naver.com/item/main.naver?code=000440
씨티씨바이오,KOSDAQ,3130.0,75686592600,22.87,1.02,136.0,3042.0,0.90575,33687242570.0,3793665920.0,2602170920.0,,47.06703,제약,7680.0,2570.0,0.0180275687,24181020,060590,33744.0,52338.85,0.644721846200289,164181456.8,-0.4769475357710662,-24.669073405535503,0.9706556410773259,4.470742932281394,11.261432015746013,90.575,-59.24479166666667,https://finance.naver.com/item/main.naver?code=060590
트루엔,KOSDAQ,7230.0,75686466930,6.21,0.69,1156.0,10450.0,0.0534,16665812910.0,4454341540.0,4019418800.0,,250.96527,전자장비와기기,9080.0,5100.0,0.0406386235,10468391,417790,19096.0,18450.8,1.0349686734450538,121223837.25,14.3987341772152,-8.015267175572516,1.3059054349946886,11.062200956937799,26.727418362696596,5.34,-20.374449339207047,https://finance.naver.com/item/main.naver?code=417790
포커스에이아이,KOSDAQ,2070.0,75680992620,-4.16,2.55,-455.0,742.0,0.65777,10598880490.0,-1166344350.0,-2507916530.0,,250.96527,전자장비와기기,3695.0,1317.0,0.0085673846,36560866,331380,142001.0,56445.2,2.5157320728777646,117779264.8,14.491150442477885,-30.303030303030297,2.5157320728777646,-61.32075471698113,-11.004410806409611,65.777,-43.978349120433016,https://finance.naver.com/item/main.naver?code=331380
HC보광산업,KOSDAQ,2070.0,75221164890,-30.58,0.83,-69.0,2530.0,0.95338,14968926000.0,2392566060.0,2789687350.0,,7.5794,건축자재,4555.0,1600.0,0.0057279937,36338727,225530,10096.0,17804.5,0.5670476564913365,36243106.4,-7.9999999999999964,-30.067567567567565,1.567525063888343,-2.727272727272727,15.983551926170254,95.338,-54.55543358946213,https://finance.naver.com/item/main.naver?code=225530
KX하이텍,KOSDAQ,980.0,75134728200,12.1,0.46,80.0,2108.0,0.39625,40447310190.0,7272672270.0,4309266240.0,,30.41324,반도체와반도체장비,2430.0,795.0,0.0665278084,76668090,052900,646234.0,1128059.45,0.57287228966523,1277984869.15,-32.96853625170999,-24.557351809083915,0.706386529539733,3.795066413662239,17.98060794608305,39.625,-59.67078189300412,https://finance.naver.com/item/main.naver?code=052900
바이오에프디엔씨,KOSDAQ,8640.0,75130848000,11.51,1.1,782.0,8184.0,0.0469,5362219500.0,2102923480.0,1969840060.0,,-71.79167,생물공학,19450.0,6330.0,0.1092492841,8695700,251120,20571.0,14762.9,1.3934254109964845,132620126.5,-7.692307692307687,-39.874739039665975,1.3934254109964845,9.555229716520039,39.21740764248834,4.6899999999999995,-55.578406169665804,https://finance.naver.com/item/main.naver?code=251120
이녹스,KOSDAQ,8000.0,75086752000,3.22,0.43,2469.0,18657.0,0.54891,26169598920.0,5267216740.0,11241248360.0,,10.2259,레저용장비와제품,17300.0,5120.0,0.007768401,9385844,088390,8041.0,7686.5,1.0461198204644506,59393321.5,-4.191616766467066,-39.163498098859314,3.369674103948481,13.2336388486895,20.127235255312044,54.891,-53.75722543352601,https://finance.naver.com/item/main.naver?code=088390
대영포장,KOSPI,692.0,75009027908,46.0,0.37,15.0,1865.0,0.42888,79986998740.0,2527444080.0,1955359270.0,,17.74109,포장재,1637.0,576.0,0.0196188094,108394549,014160,188719.0,773075.3,0.24411464187253168,560882336.95,-13.715710723192021,-34.593572778827976,0.24411464187253168,0.8042895442359249,3.159818620292941,42.888,-57.72755039706781,https://finance.naver.com/item/main.naver?code=014160
유라테크,KOSDAQ,6500.0,74880000000,6.36,0.46,964.0,13417.0,0.2161,54246367850.0,1108012170.0,2524488070.0,,10.29196,자동차부품,9760.0,5130.0,0.0185934028,11520000,048430,82201.0,59425.0,1.3832730332351704,385218148.0,4.3338683788122,-19.753086419753085,13.67761043331931,7.184914660505329,2.0425554998702093,21.61,-33.40163934426229,https://finance.naver.com/item/main.naver?code=048430
웅진씽크빅,KOSPI,1317.0,74841270945,-3.06,0.27,-412.0,4654.0,1.81492,190878290190.0,3808431350.0,1117116830.0,,10.7911,교육서비스,3438.977,1055.0,0.0207046517,56827085,095720,84730.0,26391.95,3.2104486405892705,32870098.15,0.7651109410864665,16.34275618374559,3.2104486405892705,-8.852599914052428,1.995214514028333,181.49200000000002,-61.703727591083045,https://finance.naver.com/item/main.naver?code=095720
한일단조,KOSDAQ,2275.0,74840786475,45.78,0.49,45.0,4222.0,0.96785,43149338220.0,4990930900.0,2950905830.0,,10.29196,자동차부품,4800.0,1750.0,0.0604097346,32897049,024740,1142424.0,105541.75,10.824379925479727,223753305.25,-2.3605150214592308,-1.93965517241379,10.824379925479727,1.065845570819517,11.566645297207991,96.785,-52.60416666666667,https://finance.naver.com/item/main.naver?code=024740
오가닉티코스메틱,KOSDAQ,3630.0,74705752110,,,,,0.28273,78827846000.0,14150363000.0,14000714000.0,,45.04075,화장품,24800.0,1541.0,0.0,20580097,900300,125840.0,1290413.05,0.09751916256581565,4796268601.4,2900.0,2735.9375,0.47724796335560926,,17.95097001635691,28.273,-85.36290322580645,https://finance.naver.com/item/main.naver?code=900300
다스코,KOSPI,3685.0,74625859935,-13.28,0.45,-273.0,8046.0,1.53938,80365349580.0,-3923730800.0,-4077116070.0,,7.5794,건축자재,5800.0,2270.0,0.0154189487,20251251,058730,1810058.0,3517196.05,0.5146309657660397,13214475261.6,43.9453125,6.811594202898541,4.115097877469753,-3.392990305741984,-4.882366368722265,153.938,-36.46551724137931,https://finance.naver.com/item/main.naver?code=058730
삼호개발,KOSPI,3095.0,74651400000,3.77,0.3,838.0,10609.0,0.48008,95582312810.0,1151302620.0,3445794460.0,,35.85997,건설,5500.0,2700.0,0.0649968076,24120000,010960,93211.0,243514.8,0.38277344949875736,778133560.3,-0.9600000000000053,-24.787363304981767,2.2241071179246603,7.898953718540862,1.2045142936524011,48.008,-43.72727272727273,https://finance.naver.com/item/main.naver?code=010960
금호에이치티,KOSPI,7130.0,74557903770,-2.57,0.21,-2300.0,28000.0,0.37062,93991816550.0,2538969930.0,2624837940.0,,10.29196,자동차부품,11530.0,2500.0,0.0,10456929,214330,1213855.0,399491.6,3.038499432779062,2897335819.0,107.56914119359533,1309.0909090909092,3.038499432779062,-8.214285714285714,2.7012670072711775,37.062,-38.161318300086734,https://finance.naver.com/item/main.naver?code=214330
정다운,KOSDAQ,2280.0,74520080880,12.31,0.57,186.0,3997.0,0.7716,42055049000.0,2880364880.0,2853722790.0,,34.32074,식품,2785.0,2050.0,0.0184498061,32684246,208140,8533.0,14572.0,0.5855750754872358,33028322.05,1.7857142857142794,-16.63619744058501,2.2806066428767497,4.653490117588191,6.849034654554796,77.16,-18.132854578096946,https://finance.naver.com/item/main.naver?code=208140
종근당바이오,KOSPI,13570.0,74444504340,-25.93,0.59,-526.0,23156.0,1.4509,41085659450.0,-5003107040.0,-5405120110.0,,47.06703,제약,24900.0,11770.0,0.0151634299,5485962,063160,4234.0,5701.4,0.7426246185147508,80034273.75,-12.957023733162288,-35.68720379146919,1.9286491037289089,-2.271549490412852,-12.177258700419861,145.09,-45.502008032128515,https://finance.naver.com/item/main.naver?code=063160
뉴프렉스,KOSDAQ,3030.0,74237305830,8.36,0.68,360.0,4434.0,0.52931,37117508650.0,1420686160.0,1584280580.0,,250.96527,전자장비와기기,7280.0,2260.0,0.0346500258,24500761,085670,44066.0,84323.1,0.5225851516369773,255353364.0,-22.307692307692307,-47.395833333333336,0.8178541823059161,8.119079837618404,3.827536415216812,52.931,-58.37912087912087,https://finance.naver.com/item/main.naver?code=085670
SK디앤디,KOSPI,3985.0,74190267270,15.58,0.19,259.0,20844.0,2.19733,84026049060.0,-42817140620.0,-44863405250.0,,32.90158,부동산,9396.15,2507.228,0.0035482432,18617382,210980,310538.0,645240.85,0.4812745504256279,2876673421.6,-65.34782608695653,-69.18020108275329,9.67057339906486,1.2425638073306469,-50.95698429117596,219.733,-57.58901252108577,https://finance.naver.com/item/main.naver?code=210980
시공테크,KOSDAQ,3700.0,74177489000,2.27,0.37,1617.0,9842.0,0.32622,23778367250.0,315288990.0,8803651360.0,,15.60994,"호텔,레스토랑,레저",5990.0,3150.0,0.0002207705,20047970,020710,61939.0,118513.05,0.5226344271791166,429186808.5,0.27100271002709064,-6.565656565656564,0.6828361939887633,16.42958748221906,1.3259488621953217,32.622,-38.230383973288816,https://finance.naver.com/item/main.naver?code=020710
지엠비코리아,KOSPI,3875.0,73905085000,5.05,0.25,762.0,15206.0,1.27589,215775493040.0,9933152390.0,8185264620.0,,10.29196,자동차부품,7140.0,3510.0,0.5646426646,19072280,013870,6112.0,13549.15,0.451098408387242,53142152.1,-1.273885350318471,-29.800724637681164,1.4253292641973851,5.011179797448376,4.6034664317317135,127.589,-45.728291316526615,https://finance.naver.com/item/main.naver?code=013870
이월드,KOSPI,521.0,73881026553,-4.05,0.35,-131.0,1515.0,0.89341,29177807830.0,2482286260.0,307273100.0,,9.12262,"섬유,의류,신발,호화품",2100.0,420.0,0.0235169207,141806193,084680,366278.0,736404.35,0.4973870673088773,392487134.5,-55.95942519019442,-68.57659831121833,1.3906436049705573,-8.646864686468646,8.507446050994162,89.34100000000001,-75.19047619047619,https://finance.naver.com/item/main.naver?code=084680
녹십자엠에스,KOSDAQ,3080.0,73806135480,19.02,1.58,169.0,2040.0,0.72874,27112896310.0,742651780.0,-4027548010.0,,-32.98986,건강관리장비와용품,6660.0,2200.0,0.0112640175,23963031,142280,403487.0,1295949.2,0.311344765674457,4105193467.2,-11.111111111111116,-19.160104986876636,6.0974674007283625,8.284313725490195,2.7391089889798645,72.87400000000001,-53.753753753753756,https://finance.naver.com/item/main.naver?code=142280
피제이메탈,KOSDAQ,2970.0,73666005930,9.72,1.0,307.0,2977.0,1.10979,122814735230.0,11786193890.0,9299004000.0,,29.9981,비철금속,4140.0,2450.0,0.0232342227,24803369,128660,23234.0,313135.45,0.07419792297550469,966355129.15,6.071428571428572,-5.863708399366086,0.16904505701925476,10.312395028552233,9.596726213615597,110.979,-28.260869565217394,https://finance.naver.com/item/main.naver?code=128660
현대공업,KOSDAQ,4800.0,73632000000,6.05,0.44,793.0,10837.0,0.50509,85515790490.0,6264284880.0,10599271690.0,,10.29196,자동차부품,7320.0,4050.0,0.0484001304,15340000,170030,12507.0,28009.0,0.44653504230782964,139850591.3,-5.3254437869822535,-27.0516717325228,0.7191974008354457,7.317523299806219,7.325296116782701,50.509,-34.42622950819673,https://finance.naver.com/item/main.naver?code=170030
키스트론,KOSDAQ,4120.0,73534213200,7.57,0.39,551.0,10628.0,0.14245,24847978640.0,3277432940.0,5813589960.0,,52.37524,전기장비,7820.0,3315.0,0.0256847364,17848110,475430,69522.0,272488.5,0.25513737276986004,1232300321.25,-4.519119351100809,-11.302475780409038,0.3704926996919136,5.184418517124577,13.189937851620753,14.245,-47.314578005115095,https://finance.naver.com/item/main.naver?code=475430
뷰노,KOSDAQ,5240.0,73369552520,-12.71,2.04,-413.0,2579.0,0.3435,6111075520.0,-4208921610.0,-5383790400.0,,562.67204,건강관리기술,28350.0,5000.0,0.014510182,14001823,338220,32232.0,41538.2,0.7759604412324078,261629340.25,-33.0779054916986,-72.49343832020998,2.0999706294447043,-16.013958898797984,-68.87366382930905,34.35,-81.51675485008818,https://finance.naver.com/item/main.naver?code=338220
삼현철강,KOSDAQ,4755.0,73430941950,11.63,0.37,411.0,12759.0,0.12569,61402095340.0,5401551250.0,4911449320.0,,44.0108,철강,6140.0,4110.0,0.0397322004,15442890,017480,7066.0,22747.1,0.31063300376751324,110181711.15,-5.841584158415847,2.148227712137496,3.2817370126301815,3.22125558429344,8.797014531979977,12.568999999999999,-22.55700325732899,https://finance.naver.com/item/main.naver?code=017480
포바이포,KOSDAQ,5140.0,73346437900,-5.51,1.82,-926.0,2799.0,0.9195,11130390210.0,-602620920.0,-564860060.0,,891.14405,방송과엔터테인먼트,14710.0,3980.0,0.0210708188,14269735,389140,26650.0,39973.25,0.6666958528515945,204761232.9,-19.56181533646323,-53.90134529147982,0.955564033447368,-33.0832440157199,-5.414194009645597,91.95,-65.05778382053025,https://finance.naver.com/item/main.naver?code=389140
영화테크,KOSDAQ,6860.0,73334634800,3.78,0.78,1822.0,8856.0,0.35874,28071643600.0,3988678600.0,6404214500.0,,10.29196,자동차부품,11120.0,5930.0,0.0185359835,10690180,265560,8381.0,8300.9,1.0096495560722332,58993420.75,-8.533333333333337,-22.045454545454547,1.4826103193629607,20.573622402890695,14.208924339578036,35.874,-38.30935251798561,https://finance.naver.com/item/main.naver?code=265560
유니크,KOSDAQ,3795.0,73322037525,6.73,0.53,559.0,7054.0,1.15654,121438562660.0,4866785810.0,4618912920.0,,10.29196,자동차부품,5130.0,3410.0,0.02728789,19320695,011320,4857.0,17677.5,0.27475604582095886,67438268.1,-7.326007326007322,-7.888349514563108,1.3470230519021356,7.924581797561666,4.007611506096198,115.654,-26.023391812865494,https://finance.naver.com/item/main.naver?code=011320
수젠텍,KOSDAQ,4370.0,73167784000,-2.92,0.89,-1525.0,4991.0,0.27301,3083568470.0,-4225462130.0,-3771504210.0,,-32.98986,건강관리장비와용품,8250.0,3530.0,0.0208995891,16743200,253840,218255.0,628314.9,0.3473656282860712,2886254745.0,-10.35897435897436,-17.85714285714286,0.47096925442958615,-30.55499899819675,-137.03156492581468,27.301,-47.03030303030303,https://finance.naver.com/item/main.naver?code=253840
다이나믹솔루션,KOSDAQ,1705.0,73038599040,-3.58,1.26,-496.0,1408.0,0.74878,4171842160.0,-950024250.0,-4835040010.0,,-32.98986,건강관리장비와용품,3480.0,1200.0,0.0,42837888,290660,804473.0,1193596.1,0.673990975674267,2306622850.05,53.1895777178796,107.67356881851401,0.7045197282397286,-35.22727272727273,-22.77229611198905,74.878,-51.00574712643677,https://finance.naver.com/item/main.naver?code=290660
레이,KOSDAQ,4655.0,72804297755,23.08,0.95,201.0,4896.0,1.23356,34146708690.0,5654007300.0,2543511710.0,,-32.98986,건강관리장비와용품,11690.0,3680.0,0.0045577305,15640021,228670,12285.0,199609.2,0.061545259436939774,1164774355.6,2.3076923076922995,-18.333333333333336,0.45445801095340294,4.105392156862745,16.557986162970366,123.356,-60.17964071856288,https://finance.naver.com/item/main.naver?code=228670
성창기업지주,KOSPI,5200.0,72541664000,-3.52,0.11,-1480.0,48555.0,0.27104,34722061500.0,390614530.0,951378570.0,,-5.9958,종이와목재,9245.0,4395.0,0.0058349916,13950320,000180,3581.0,7708.2,0.4645701979709919,40614855.75,3.1746031746031855,211.9376124775045,1.6911860097039517,-3.0480897950777472,1.1249750536845284,27.104,-43.75338020551649,https://finance.naver.com/item/main.naver?code=000180
일지테크,KOSDAQ,5390.0,72837765000,1.54,0.37,3457.0,14517.0,2.34774,206970740760.0,3478765030.0,1562538490.0,,10.29196,자동차부품,8240.0,3715.0,0.0811671292,13513500,019540,24057.0,73153.8,0.32885509706946187,418130301.0,-10.31613976705491,3.0592734225621365,0.6233169021978352,23.813460081284013,1.680800395855915,234.774,-34.5873786407767,https://finance.naver.com/item/main.naver?code=019540
동국생명과학,KOSDAQ,2265.0,72444077100,8.29,0.56,275.0,4107.0,0.63952,24257952550.0,21875370.0,-887872160.0,,-32.98986,건강관리장비와용품,4395.0,2155.0,0.0222236083,31984140,303810,26955.0,69402.25,0.38838798453940615,163114913.5,-19.82300884955752,-39.43850267379679,0.6278903061500167,6.695885074263453,0.0901781383029377,63.952,-48.4641638225256,https://finance.naver.com/item/main.naver?code=303810
CJ씨푸드,KOSPI,2020.0,72580161460,25.56,0.81,78.0,2447.0,0.93362,48254180050.0,-578078690.0,741599380.0,,34.32074,식품,3350.0,1710.0,0.0258037588,35930773,011150,34297.0,53685.85,0.638846176413338,108490057.85,-0.7371007371007376,-29.122807017543863,0.9236325772992325,3.187576624438088,-1.197986763843063,93.362,-39.701492537313435,https://finance.naver.com/item/main.naver?code=011150
폴라리스AI파마,KOSDAQ,5440.0,72261424000,11.53,0.52,464.0,10233.0,0.33008,14704831570.0,778795830.0,6749227020.0,,47.06703,제약,10200.0,4110.0,0.015167183,13283350,041910,27697.0,120078.45,0.23065754096592686,686054715.0,3.0303030303030276,-17.948717948717952,0.5701356071801393,4.534349653083162,5.296190073940439,33.007999999999996,-46.666666666666664,https://finance.naver.com/item/main.naver?code=041910
네오뷰,KOSDAQ,13680.0,72178074000,0.0,0.0,0.0,0.0,,,,,,15.94641,디스플레이장비및부품,25600.0,12730.0,0.1621127048,5276175,0218L0,14284.0,49578.3,0.2881099190573295,768259412.0,-23.788300835654596,-23.788300835654596,1.0531018610964877,,,,-46.56249999999999,https://finance.naver.com/item/main.naver?code=0218L0
센코,KOSDAQ,1912.0,72294337552,12.84,1.22,148.0,1553.0,0.23394,12637590200.0,1411387020.0,1029813800.0,,250.96527,전자장비와기기,2625.0,1212.0,0.0246225118,37810846,347000,25853.0,43411.55,0.5955327556836832,79618547.3,10.712217718587148,-16.8695652173913,1.9068197288509623,9.52994204764971,11.168165747295715,23.394000000000002,-27.161904761904765,https://finance.naver.com/item/main.naver?code=347000
엔브이에이치코리아,KOSDAQ,1709.0,72068530000,-5.36,0.34,-314.0,4978.0,3.84637,408933387270.0,4900608130.0,849947250.0,,10.29196,자동차부품,2505.0,1591.0,0.0118466445,42170000,067570,78607.0,94733.45,0.8297702659409111,163136326.8,-4.364857302742031,-29.233954451345756,1.2175108158733794,-6.3077541181197265,1.1983878750316743,384.637,-31.77644710578842,https://finance.naver.com/item/main.naver?code=067570
신일제약,KOSDAQ,6020.0,72158218300,9.29,0.46,651.0,13180.0,0.13853,24198110810.0,2259914000.0,2242169590.0,,47.06703,제약,6820.0,4820.0,0.0307454731,11986415,012790,13621.0,21287.85,0.6398485521083623,125197000.5,12.734082397003753,-4.746835443037978,1.546609920682455,4.939301972685888,9.33921667581619,13.852999999999998,-11.730205278592376,https://finance.naver.com/item/main.naver?code=012790
아이큐어,KOSDAQ,1920.0,72112066560,-2.34,2.98,-897.0,705.0,2.51734,37653685940.0,2396373110.0,2262695780.0,,45.04075,화장품,3300.0,1778.0,0.0201360187,37558368,175250,,,,,,,,-127.23404255319149,6.364245757556239,251.73399999999998,-41.81818181818182,https://finance.naver.com/item/main.naver?code=175250
레이저쎌,KOSDAQ,4935.0,72066017205,-2.8,3.51,-1837.0,1467.0,1.01687,2061285500.0,-1050574200.0,-3623551490.0,,30.41324,반도체와반도체장비,14640.0,1573.0,0.0388664883,14603043,412350,216816.0,212644.9,1.0196153305346143,995728190.75,-16.919191919191924,4.665959703075284,4.084066911550665,-125.22154055896387,-50.966942716086635,101.687,-66.29098360655738,https://finance.naver.com/item/main.naver?code=412350
한국컴퓨터,KOSDAQ,4480.0,71999379200,2.9,0.36,1555.0,12463.0,0.77422,77758425370.0,1204149220.0,1809838420.0,,15.94641,디스플레이장비및부품,5930.0,4415.0,0.0252564044,16071290,054040,21671.0,45864.2,0.4725036084789444,216383312.0,-9.219858156028371,-18.840579710144922,0.6891867731258804,12.47693171788494,1.5485771661016339,77.422,-24.451939291736934,https://finance.naver.com/item/main.naver?code=054040
아미코젠,KOSDAQ,1019.0,71997839353,-1.87,0.59,-543.0,1703.0,0.65866,13392562820.0,-1301362640.0,-20841809420.0,,-71.79167,생물공학,4400.0,926.0,0.0274964738,70655387,092040,227737.0,693805.5,0.3282432900863426,699478649.65,-21.312741312741313,-24.40652818991098,0.7839632288876349,-31.88490898414563,-9.717054588361453,65.866,-76.8409090909091,https://finance.naver.com/item/main.naver?code=092040
라이온켐텍,KOSDAQ,2005.0,71983028800,8.34,0.51,241.0,3936.0,0.16806,42021891570.0,5189769520.0,4493944700.0,,7.5794,건축자재,3650.0,1863.0,0.0326265899,35901760,171120,17836.0,51525.25,0.346160377678905,104494889.5,-2.669902912621358,-7.17592592592593,0.8139116258533438,6.122967479674797,12.35015684944808,16.805999999999997,-45.06849315068493,https://finance.naver.com/item/main.naver?code=171120
써니전자,KOSPI,2025.0,71902561950,21.63,0.91,101.0,2388.0,0.0237,3545337180.0,244575830.0,333626450.0,,250.96527,전자장비와기기,2590.0,1418.0,0.061569973,35507438,004770,2264476.0,2359734.6,0.9596316467114564,5132363780.95,23.02551640340218,26.011200995644067,3.953489515303967,4.2294807370184255,6.898521003297069,2.37,-21.814671814671815,https://finance.naver.com/item/main.naver?code=004770
자이글,KOSDAQ,5310.0,71849132100,-13.28,3.71,-400.0,1431.0,1.58968,2722182640.0,721151110.0,596850740.0,,-32.98986,건강관리장비와용품,6270.0,4560.0,0.0049191074,13530910,234920,,,,,,,,-27.952480782669465,26.4916504647168,158.968,-15.311004784688997,https://finance.naver.com/item/main.naver?code=234920
국제약품,KOSPI,3395.0,71837629640,12.2,0.74,280.0,4617.0,0.86384,48317716300.0,2133719620.0,1666952970.0,,47.06703,제약,5470.0,2810.0,0.0371140943,21159832,002720,23490.0,104593.75,0.22458320884374067,358131625.35,-1.736613603473225,-28.90052356020942,1.7313175978488198,6.064544076239983,4.416019181767496,86.384,-37.93418647166362,https://finance.naver.com/item/main.naver?code=002720
APS,KOSDAQ,3900.0,71737461900,-18.78,0.33,-205.0,11700.0,0.67811,17883247360.0,-3948936630.0,-7207038220.0,,30.41324,반도체와반도체장비,10770.0,3280.0,0.025216833,18394221,054620,24994.0,25087.0,0.9962929007055447,98647173.55,-7.253269916765759,-40.0,1.2401243672021365,-1.7521367521367521,-22.081764852353974,67.81099999999999,-63.788300835654596,https://finance.naver.com/item/main.naver?code=054620
에이치엘지노믹스,KOSDAQ,9200.0,71595881200,6.32,0.64,1409.0,13925.0,0.07611,6607737350.0,2116193350.0,1787529850.0,,47.06703,제약,25550.0,8650.0,0.0117574026,7782161,0156T0,105170.0,567717.7,0.18525052151800095,5965918947.0,-37.79580797836376,-37.79580797836376,0.5262069510955886,10.118491921005386,32.02599071223677,7.611,-63.992172211350294,https://finance.naver.com/item/main.naver?code=0156T0
이상네트웍스,KOSDAQ,7300.0,71796018300,4.64,0.48,1579.0,15272.0,0.21512,28763080700.0,8982032880.0,8297844400.0,,4.93107,다각화된소비자서비스,8200.0,6100.0,0.051084227,9835071,080010,7062.0,4678.5,1.5094581596665597,36570000.75,9.281437125748493,-3.9473684210526327,1.5094581596665597,10.339182818229439,31.227645514341585,21.512,-10.97560975609756,https://finance.naver.com/item/main.naver?code=080010
대창솔루션,KOSDAQ,1937.0,71387673994,-9.72,2.15,-193.0,872.0,3.20409,18885891350.0,-135882350.0,-1142729460.0,,20.72131,조선,4180.0,1348.0,0.0298749725,36854762,096350,250962.0,352956.3,0.7110285324273855,709979750.2,4.083825900053739,-13.719376391982186,0.7110285324273855,-22.13302752293578,-0.7194913254650276,320.409,-53.66028708133972,https://finance.naver.com/item/main.naver?code=096350
해성옵틱스,KOSDAQ,1207.0,71498069260,-5.04,3.14,-240.0,385.0,3.06386,55887149870.0,405852010.0,-8040387370.0,,94.7569,핸드셋,2930.0,485.0,0.0062729906,59236180,076610,443447.0,2373939.3,0.1867979522475575,3331727127.5,-8.560606060606057,-6.723338485316843,0.27855556374166773,-62.33766233766234,0.7261991548040273,306.386,-58.80546075085324,https://finance.naver.com/item/main.naver?code=076610
아이디피,KOSDAQ,5370.0,71279908620,6.25,0.93,857.0,5785.0,0.0846,11882043630.0,2587167090.0,2426448120.0,,18.6464,컴퓨터와주변기기,5740.0,4380.0,0.0114371052,13273726,332370,885.0,5618.7,0.15750974424688985,30561687.25,5.7086614173228245,6.547619047619047,2.3870290280669906,14.81417458945549,21.773755176827272,8.459999999999999,-6.445993031358888,https://finance.naver.com/item/main.naver?code=332370
아이티센엔텍,KOSDAQ,5460.0,71115173220,3.13,0.72,1772.0,7642.0,1.75983,138834251410.0,8310266340.0,5156611920.0,,33.41967,IT서비스,7950.0,4050.0,0.0,13024757,010280,17168.0,60867.3,0.2820562108061307,337905902.0,-5.699481865284972,350.1236603462489,0.3946289715495841,23.187647212771527,5.985746496704506,175.983,-31.320754716981135,https://finance.naver.com/item/main.naver?code=010280
CG인바이츠,KOSDAQ,925.0,71127118350,-19.3,0.78,-46.0,1144.0,1.08925,4613583000.0,-5872550000.0,-7492407960.0,,-33.26304,생명과학도구및서비스,1985.0,711.0,0.021994915,76894182,083790,259759.0,195037.15,1.3318437025971719,170177367.25,9.98810939357908,-36.294765840220386,1.3318437025971719,-4.020979020979021,-127.28827030964871,108.92500000000001,-53.40050377833754,https://finance.naver.com/item/main.naver?code=083790
제일연마,KOSPI,9360.0,71136000000,4.54,0.57,2042.0,16369.0,0.10673,21596273260.0,2069757850.0,2286354480.0,,29.9981,비철금속,12900.0,8030.0,0.0637093421,7600000,001560,3941.0,4958.25,0.7948368880149246,44918172.75,-4.489795918367346,-6.212424849699394,8.186557757273231,12.474799926690695,9.583865813707526,10.673,-27.441860465116275,https://finance.naver.com/item/main.naver?code=001560
팅크웨어,KOSDAQ,6410.0,71211407840,-2.58,0.4,-2461.0,16025.0,0.74608,133793639140.0,-3550866920.0,-657021520.0,,39.08742,전자제품,10730.0,5500.0,0.0285975222,11109424,084730,39051.0,184360.25,0.21181897941665842,1354930680.0,-10.349650349650352,-30.326086956521735,18.882676715832183,-15.357254290171607,-2.6539878448813377,74.60799999999999,-40.26095060577819,https://finance.naver.com/item/main.naver?code=084730
티에스아이,KOSDAQ,3575.0,70939482900,58.61,0.7,61.0,5136.0,1.23969,116645573200.0,7092944340.0,5189808430.0,,250.96527,전자장비와기기,6550.0,2345.0,0.027197361,19843212,277880,25465.0,84620.05,0.3009334076262068,303773075.85,-7.14285714285714,-36.948853615520285,3.5400475419241655,1.1876947040498442,6.080765986582678,123.969,-45.41984732824428,https://finance.naver.com/item/main.naver?code=277880
라파스,KOSDAQ,7950.0,70933580850,-16.49,2.37,-484.0,3370.0,1.46809,7582172960.0,-1770064330.0,-2315920030.0,,45.04075,화장품,16670.0,6240.0,0.0,8922463,214260,13482.0,18287.65,0.73721883347505,155323687.5,13.571428571428568,-26.524953789279117,5.339395712407007,-14.362017804154304,-23.345079825243133,146.809,-52.30953809238152,https://finance.naver.com/item/main.naver?code=214260
선도전기,KOSPI,3935.0,70830000000,12.63,1.87,312.0,2105.0,1.29444,3013066930.0,-1026263200.0,-1334617300.0,,52.37524,전기장비,16590.0,3000.0,0.0214193889,18000000,007610,100953.0,299987.45,0.33652407792392647,1351433319.65,-28.193430656934304,-39.46153846153846,0.3608517622987228,14.821852731591449,-34.06041829943685,129.44400000000002,-76.2808921036769,https://finance.naver.com/item/main.naver?code=007610
싸이토젠,KOSDAQ,3055.0,70660766085,-5.64,1.96,-535.0,1538.0,0.62235,6833976920.0,-1216357300.0,-2197751800.0,,-11.05155,건강관리업체및서비스,11200.0,2260.0,0.0208151504,23129547,217330,70719.0,58385.6,1.2112404428489216,194654116.2,-24.004975124378113,-44.25182481751825,1.2112404428489216,-34.78543563068921,-17.79867439177714,62.235,-72.72321428571429,https://finance.naver.com/item/main.naver?code=217330
옵티팜,KOSDAQ,4810.0,70562497980,-28.21,2.77,-170.0,1731.0,0.62805,6588058670.0,-206123170.0,-216938910.0,,47.06703,제약,6250.0,4075.0,0.0084426963,14669958,153710,4474.0,5037.35,0.8881654044289159,23945337.3,5.021834061135366,-13.33333333333333,1.4716070950003473,-9.820912767186597,-3.1287391373519746,62.805,-23.040000000000006,https://finance.naver.com/item/main.naver?code=153710
신신제약,KOSDAQ,4630.0,70239415000,7.52,0.93,613.0,4933.0,0.79278,33999386650.0,4064750580.0,3648227140.0,,47.06703,제약,6990.0,3900.0,0.0380235325,15170500,002800,41150.0,128582.75,0.3200273753672246,603356317.8,2.094818081587646,-20.71917808219178,9.007677935026276,12.42651530508818,11.955364435964023,79.278,-33.76251788268956,https://finance.naver.com/item/main.naver?code=002800
셀리드,KOSDAQ,2385.0,70364600145,-5.09,0.96,-474.0,2515.0,0.80406,2065576350.0,-2502457760.0,-19023860570.0,,-71.79167,생물공학,4760.0,973.0,0.0062814339,29502977,299660,599965.0,2788355.7,0.21516802895699425,6598825032.3,-0.41753653444676075,-14.20863309352518,1.2793672629356434,-18.846918489065605,-121.1505815313968,80.406,-49.89495798319328,https://finance.naver.com/item/main.naver?code=299660
피제이전자,KOSDAQ,4740.0,70460100000,7.55,0.51,629.0,9377.0,0.41712,50657912840.0,1755981390.0,1841019240.0,,-32.98986,건강관리장비와용품,12250.0,3980.0,0.0312139253,14865000,006140,24753.0,34137.5,0.7250970340534603,164749196.3,-4.6277665995975825,-36.884154460719046,1.0342878066642256,6.707902314172977,3.466351635027212,41.711999999999996,-61.30612244897959,https://finance.naver.com/item/main.naver?code=006140
세원물산,KOSDAQ,8430.0,70390500000,3.8,0.18,2230.0,47436.0,0.2823,41587303920.0,-1732014410.0,1950916080.0,,10.29196,자동차부품,14000.0,7970.0,0.0187752096,8350000,024830,170.0,2704.25,0.0628640103540723,23274249.5,-16.945812807881776,-32.613908872901675,2.9797540907830267,4.701070916603423,-4.16476724081901,28.23,-39.78571428571429,https://finance.naver.com/item/main.naver?code=024830
마음AI,KOSDAQ,9870.0,70178414250,-8.91,2.72,-1106.0,3622.0,1.17,961613110.0,-3014282110.0,-1352287320.0,,33.41967,IT서비스,26500.0,7730.0,0.0023371811,7110275,377480,25219.0,56550.45,0.44595577930856434,610714561.5,-23.606811145510832,-39.81707317073171,0.6505164857220411,-30.53561568194368,-313.4610040830246,117.0,-62.75471698113208,https://finance.naver.com/item/main.naver?code=377480
한울반도체,KOSDAQ,10150.0,70173750500,-2.81,2.0,-3557.0,4998.0,3.26558,14107507390.0,-3351533720.0,-11353912330.0,,250.96527,전자장비와기기,29050.0,7079.615,0.0,6913670,320000,153462.0,313958.95,0.4887963856421357,3476639374.5,-10.651408450704224,434.2105263157895,7.4661066359153,-71.16846738695479,-23.757093491765307,326.558,-65.06024096385542,https://finance.naver.com/item/main.naver?code=320000
DSR,KOSPI,4380.0,70080000000,4.78,0.29,935.0,15284.0,0.60055,88213945280.0,4074908970.0,11034165980.0,,29.9981,비철금속,4800.0,3630.0,0.0296843125,16000000,155660,6941.0,30435.25,0.2280579262532754,138025639.7,5.288461538461542,8.819875776397513,0.8248330472067751,6.117508505626799,4.6193478333452,60.055,-8.750000000000002,https://finance.naver.com/item/main.naver?code=155660
아이에스티이,KOSDAQ,7200.0,69947841600,-14.35,3.26,-497.0,2184.0,1.52129,16849737150.0,2073401490.0,1770703470.0,,30.41324,반도체와반도체장비,15580.0,5590.0,0.0732450449,9714978,212710,44504.0,76651.25,0.5806037083543973,607143285.25,-29.064039408866993,-19.282511210762333,1.1616248919619707,-22.756410256410255,12.30524530763971,152.129,-53.78690629011553,https://finance.naver.com/item/main.naver?code=212710
싸이닉솔루션,KOSDAQ,2960.0,69870800000,37.59,1.92,79.0,1548.0,1.20884,49996308220.0,753029910.0,1045787600.0,,30.41324,반도체와반도체장비,12700.0,1959.0,0.0442345266,23605000,234030,40596.0,42282.2,0.9601203343250825,132099350.7,-36.06911447084234,-66.40181611804768,1.2124014360652946,5.103359173126615,1.506171029041632,120.88399999999999,-76.69291338582678,https://finance.naver.com/item/main.naver?code=234030
삼정펄프,KOSPI,28000.0,69999188000,2.25,0.25,12556.0,114819.0,0.11071,29636958120.0,-10366920.0,13542267620.0,,6.39053,가정용품,36450.0,24750.0,0.1738688169,2499971,009770,1190.0,2410.0,0.49377593360995853,66986517.5,9.589041095890405,-21.126760563380287,0.49377593360995853,10.935472352136841,-0.03497970324088038,11.071,-23.182441700960222,https://finance.naver.com/item/main.naver?code=009770
아이크래프트,KOSDAQ,4785.0,69898973760,5.81,1.28,842.0,3826.0,0.89287,40029794860.0,-291419290.0,-1694874240.0,,33.41967,IT서비스,8610.0,2250.0,0.0792528116,14607936,052460,239856.0,638248.65,0.3758033800776547,3974438208.3,66.72473867595818,41.15044247787611,2.8040341330921734,22.007318348144274,-0.728005954112951,89.287,-44.42508710801394,https://finance.naver.com/item/main.naver?code=052460
아이티센씨티에스,KOSPI,5740.0,69483538040,1.33,0.31,4360.0,18920.0,1.03661,260610992970.0,6817519900.0,11517425960.0,,33.41967,IT서비스,9980.0,4570.0,0.0215249779,12105146,031820,8661.0,29484.2,0.29375055114264587,176561236.5,-3.529411764705881,592.400482509047,1.7242116116428459,23.044397463002113,2.6159755666119553,103.661,-42.48496993987976,https://finance.naver.com/item/main.naver?code=031820
오텍,KOSDAQ,2530.0,69475937850,-5.99,0.56,-431.0,4600.0,3.8123,250977984960.0,5113284940.0,1823105810.0,,176.74372,기계,5200.0,1650.0,0.0177382014,27460845,067170,306786.0,535233.55,0.5731815578451687,1383146642.45,-6.985294117647056,35.72961373390557,3.401003169550937,-9.369565217391305,2.037344008804174,381.23,-51.34615384615384,https://finance.naver.com/item/main.naver?code=067170
동양고속,KOSPI,23950.0,69348877550,20.95,1.14,1136.0,20914.0,1.92742,33678029660.0,-1403800940.0,-2195818300.0,,14.30449,도로와철도운송,172800.0,7170.0,0.0422562888,2895569,084670,6860.0,19127.25,0.3586506162673672,497642938.75,-33.748271092669434,-52.052052052052055,0.5233371237370766,5.431768193554556,-4.168298900417324,192.742,-86.1400462962963,https://finance.naver.com/item/main.naver?code=084670
알에프텍,KOSDAQ,7660.0,69309388180,-1.67,0.24,-4492.0,30621.0,0.63879,53866482930.0,-2290467880.0,-1068736360.0,,94.7569,핸드셋,15407.95,5400.0,0.0,9048223,061040,7404.0,8152.3,0.9082099530193933,54867745.0,15.18796992481204,223.89006342494713,0.9082099530193933,-14.66967114072042,-4.252120716655075,63.879,-50.285404612553904,https://finance.naver.com/item/main.naver?code=061040
내츄럴엔도텍,KOSDAQ,2180.0,69225682000,-21.47,2.89,-102.0,759.0,0.64086,6154196120.0,-193945390.0,-254289110.0,,45.04075,화장품,4100.0,1668.0,0.012337403,31754900,168330,4411.0,17209.85,0.2563067080770605,35346739.95,-1.8018018018018056,-20.727272727272727,0.7381819132647873,-13.438735177865613,-3.1514333670601324,64.086,-46.829268292682926,https://finance.naver.com/item/main.naver?code=168330
디에이테크놀로지,KOSDAQ,6090.0,69131518050,-4.14,-3.33,-1470.0,-1830.0,-8.03797,2086564900.0,-143448460.0,4879647810.0,,-78.68198,전기제품,203.0,203.0,0.0223283938,11351645,196490,,,,,,,,80.32786885245902,-6.87486212386684,-803.7969999999999,2900.0,https://finance.naver.com/item/main.naver?code=196490
동일금속,KOSDAQ,7590.0,69069000000,13.2,0.43,596.0,18440.0,0.19097,30302254820.0,2361857140.0,2404305070.0,,176.74372,기계,8880.0,6910.0,0.0,9100000,109860,5942.0,1692.45,3.5108865845372095,12391788.75,2.8455284552845628,0.0,3.5108865845372095,3.2321041214750545,7.794328026180858,19.097,-14.527027027027028,https://finance.naver.com/item/main.naver?code=109860
크리스에프앤씨,KOSDAQ,2940.0,68887022400,4.79,0.17,615.0,17440.0,0.95408,89809446530.0,10880128990.0,7041304960.0,,9.12262,"섬유,의류,신발,호화품",4950.0,2525.0,0.0077066838,23430960,110790,560.0,9441.6,0.05931198102016607,28048840.9,-10.502283105022837,-29.916567342073897,0.8544102694458566,3.5263761467889907,12.114682152467775,95.408,-40.6060606060606,https://finance.naver.com/item/main.naver?code=110790
KT지니뮤직,KOSDAQ,1184.0,68808678592,-2.53,0.48,-474.0,2474.0,0.59287,77216249500.0,1893651820.0,-464697770.0,,891.14405,방송과엔터테인먼트,2135.0,1140.0,0.0131164631,58115438,043610,41687.0,81507.35,0.5114508078105839,98965342.2,-18.84852638793695,-34.51327433628318,1.1112249386098307,-19.15925626515764,2.4524006698874956,59.287,-44.54332552693209,https://finance.naver.com/item/main.naver?code=043610
탑머티리얼,KOSDAQ,8390.0,68731240770,-2.16,0.61,-3837.0,13681.0,0.91482,5082813710.0,-9646573000.0,-10048772820.0,,250.96527,전자장비와기기,28650.0,6520.0,0.0,8192043,360070,5774.0,27197.35,0.2123000954137076,239404011.75,-28.71707731520816,-57.411167512690355,0.7312844817601716,-28.046195453548716,-189.78804950142467,91.482,-70.7155322862129,https://finance.naver.com/item/main.naver?code=360070
나래나노텍,KOSDAQ,6400.0,68543673600,1.8,0.62,3613.0,10520.0,0.15485,20684329430.0,3001943930.0,2759542970.0,,15.94641,디스플레이장비및부품,7080.0,2860.0,0.0241462401,10709949,137080,12356.0,30305.1,0.4077201527135697,196641900.5,52.01900237529691,51.30023640661938,0.4077201527135697,34.344106463878326,14.51313149966593,15.485,-9.6045197740113,https://finance.naver.com/item/main.naver?code=137080
TPC로보틱스,KOSDAQ,4375.0,68678710625,-24.33,1.71,-163.0,2317.0,2.21488,24855735930.0,-593048390.0,-1038739620.0,,176.74372,기계,10690.0,1900.0,0.0413820469,15697991,048770,9116624.0,340402.45,26.781898896438612,1154830020.4,4.042806183115344,29.821958456973285,26.781898896438612,-7.034958998705222,-2.385961902999667,221.488,-59.07390084190833,https://finance.naver.com/item/main.naver?code=048770
파로스아이바이오,KOSDAQ,5290.0,68483980280,-6.21,4.8,-831.0,1076.0,1.70146,,-2280091590.0,-2334621520.0,,-71.79167,생물공학,12120.0,3710.0,0.0183834582,12945932,388870,45495.0,43797.65,1.0387543623915894,237723563.0,-14.262560777957855,-39.26521239954076,1.2929004181731212,-77.23048327137546,,170.146,-56.353135313531354,https://finance.naver.com/item/main.naver?code=388870
화천기계,KOSPI,3115.0,68530000000,24.13,0.47,126.0,6446.0,0.33117,56893945310.0,905157760.0,2381181540.0,,176.74372,기계,6760.0,2450.0,0.0421374091,22000000,010660,97299.0,95126.35,1.0228396233010095,270570340.55,10.460992907801426,-46.84300341296929,2.1553123819004933,1.9547005895128762,1.59095621698941,33.117000000000004,-53.92011834319527,https://finance.naver.com/item/main.naver?code=010660
페스카로,KOSDAQ,6930.0,68376438900,22.39,1.08,305.0,6312.0,0.504,10512889620.0,531201560.0,1378930580.0,,10.29196,자동차부품,47000.0,4450.0,0.0323263128,9866730,0015S0,7316.0,17642.7,0.41467575824562,125654560.75,-27.51046025104602,-65.43640897755611,0.6275116620471923,4.832065906210393,5.05285967227724,50.4,-85.25531914893617,https://finance.naver.com/item/main.naver?code=0015S0
팜젠사이언스,KOSPI,3020.0,68416182300,-0.49,0.46,-6256.0,6677.0,0.31529,47717245820.0,1797971590.0,-13583136930.0,,47.06703,제약,4630.0,2590.0,0.0172504946,22654365,004720,24244.0,18831.95,1.287386595652601,60650737.45,-3.205128205128205,-23.057324840764327,1.287386595652601,-93.69477310169238,3.767970173262611,31.529,-34.7732181425486,https://finance.naver.com/item/main.naver?code=004720
블루엠텍,KOSDAQ,2020.0,68370024940,-15.75,1.59,-134.0,1325.0,1.31135,54967444210.0,181822720.0,1975628710.0,,-11.05155,건강관리업체및서비스,6660.0,1341.0,0.0386877574,33846547,439580,142481.0,130379.45,1.0928179249107126,239240691.15,-16.70103092783505,-49.68866749688667,1.6215132062606492,-10.11320754716981,0.33078256159292513,131.135,-69.66966966966967,https://finance.naver.com/item/main.naver?code=439580
풍원정밀,KOSDAQ,2900.0,68338529000,-2.98,6.0,-1090.0,542.0,7.48979,10201217070.0,-4544121860.0,-4007949080.0,,15.94641,디스플레이장비및부품,19970.0,2870.0,0.004877613,23565010,371950,305052.0,77175.45,3.9527077587497064,308096453.5,-60.544217687074834,-84.375,3.9527077587497064,-201.1070110701107,-44.54489919015124,748.979,-85.47821732598898,https://finance.naver.com/item/main.naver?code=371950
삼일씨엔에스,KOSPI,5360.0,68243235920,46.07,0.26,117.0,21058.0,0.71986,79595802520.0,2470959930.0,1781582970.0,,7.5794,건축자재,11070.0,3990.0,0.0149002348,12731947,004440,16432.0,30468.2,0.5393164020191544,157181664.6,15.392895586652312,-6.457242582897038,1.4143270688783716,0.555608319878431,3.1043847185021134,71.986,-51.58084914182475,https://finance.naver.com/item/main.naver?code=004440
현대에이치티,KOSDAQ,7920.0,68310000000,5.8,0.58,1367.0,13750.0,0.4525,36435347870.0,200858090.0,-1490524920.0,,-319.55513,통신장비,12450.0,5550.0,0.0360406957,8625000,039010,20092.0,67175.6,0.29909669582407894,518893570.5,-27.27272727272727,-13.725490196078427,1.291436176230655,9.941818181818181,0.5512726013119303,45.25,-36.385542168674704,https://finance.naver.com/item/main.naver?code=039010
애드바이오텍,KOSDAQ,2515.0,68199866145,-9.15,2.68,-275.0,937.0,1.03814,2904941570.0,-1936051200.0,-284156260.0,,47.06703,제약,4385.0,1300.0,0.0110626659,27117243,179530,136888.0,175591.1,0.7795839310762334,433944284.4,5.672268907563027,64.59424083769633,0.9172332766296242,-29.34898612593383,-66.64682071385002,103.81400000000001,-42.64538198403649,https://finance.naver.com/item/main.naver?code=179530
피앤에스로보틱스,KOSDAQ,5070.0,68218269600,23.63,1.54,212.0,3261.0,0.05403,1728956720.0,-457578940.0,217796420.0,,-32.98986,건강관리장비와용품,14800.0,3605.0,0.0162053855,13455280,460940,77999.0,194818.75,0.40036700779570755,1114170191.5,-3.7950664136622403,-46.40591966173362,0.40036700779570755,6.501073290401717,-26.465609850546173,5.4030000000000005,-65.74324324324324,https://finance.naver.com/item/main.naver?code=460940
지니너스,KOSDAQ,1730.0,68148628830,-3.24,6.18,-521.0,273.0,0.33399,3606850290.0,-4594620820.0,-7745896470.0,,-71.79167,생물공학,6480.0,1610.0,0.0416426359,39392271,389030,517168.0,268487.55,1.9262271192835572,542777355.05,-39.93055555555556,-50.712250712250714,2.071805564168618,-190.84249084249086,-127.38595867809086,33.399,-73.30246913580247,https://finance.naver.com/item/main.naver?code=389030
앱튼,KOSDAQ,2935.0,67971412590,-2.31,0.62,-1300.0,4840.0,0.92334,3368075840.0,-1325409790.0,-3870730020.0,,-40.24179,에너지장비및서비스,11600.0,730.0,0.0,23158914,270520,135263.0,304149.55,0.444725300431975,1011918749.95,203.20247933884298,1240.1826484018266,2.421371328676962,-26.859504132231404,-39.35213614429775,92.334,-74.69827586206897,https://finance.naver.com/item/main.naver?code=270520
특수건설,KOSDAQ,3880.0,68079764280,-3.45,0.78,-1113.0,4922.0,1.33536,55414601130.0,1988798010.0,1663261520.0,,35.85997,건설,7690.0,3145.0,0.0220650118,17546331,026150,18278.0,25175.35,0.7260276421181832,97817389.4,-5.36585365853659,-43.768115942028984,0.7260276421181832,-22.612759041040228,3.588942209174032,133.536,-49.544863459037714,https://finance.naver.com/item/main.naver?code=026150
잉크테크,KOSDAQ,3460.0,67837718420,27.11,0.87,128.0,3991.0,0.9615,23311582300.0,2380435190.0,2139409840.0,,18.6464,컴퓨터와주변기기,4450.0,2735.0,0.00828806,19606277,049550,3692.0,8259.4,0.4470058357749958,28723445.55,13.628899835796382,4.8484848484848575,1.4832796571179505,3.2072162365321977,10.211384020895055,96.15,-22.247191011235955,https://finance.naver.com/item/main.naver?code=049550
남화산업,KOSDAQ,3290.0,67734520000,10.35,0.37,324.0,9175.0,0.07961,5493246360.0,1093409430.0,2938370880.0,,15.60994,"호텔,레스토랑,레저",7820.0,2600.0,0.0120218574,20588000,111710,53578.0,507566.4,0.10555860277591267,1753242536.5,-4.499274310595069,-19.85383678440926,3.945708384164121,3.5313351498637604,19.904613016482298,7.961,-57.92838874680306,https://finance.naver.com/item/main.naver?code=111710
신일전자,KOSPI,989.0,67793498269,16.34,0.82,61.0,1221.0,0.9297,71885680270.0,6976105130.0,5242596250.0,,11.89363,가정용기기와용품,1501.0,947.0,0.0277101633,68547521,002700,442596.0,717703.1,0.6166839741949004,721477661.7,-12.322695035460995,-28.177196804647785,0.6166839741949004,4.995904995904995,9.704443365908206,92.97,-34.11059293804131,https://finance.naver.com/item/main.naver?code=002700
엔케이,KOSPI,9130.0,67727015620,-16.21,0.39,-560.0,23370.0,0.31718,36792105840.0,3144228500.0,3552445950.0,,20.72131,조선,17610.0,6950.0,0.0,7418074,085310,6348.0,16821.3,0.3773786806013804,157646446.0,-2.352941176470591,813.0000000000001,1.5235445536314078,-2.396234488660676,8.545932417332924,31.718000000000004,-48.15445769449177,https://finance.naver.com/item/main.naver?code=085310
모델솔루션,KOSDAQ,10580.0,67677086000,10.02,0.95,1068.0,11302.0,0.17463,20042763420.0,1786417700.0,1730254160.0,,176.74372,기계,31500.0,8560.0,0.034033486,6396700,417970,8458.0,12033.0,0.7029003573506192,131958387.5,-23.6101083032491,-51.35632183908045,0.7151998670323277,9.449654928331269,8.91303091577379,17.463,-66.41269841269842,https://finance.naver.com/item/main.naver?code=417970
휴비스,KOSPI,1963.0,67723500000,27.89,0.26,71.0,7534.0,2.23059,238728537020.0,3341868770.0,-1594832070.0,,9.12262,"섬유,의류,신발,호화품",4070.0,1630.0,0.0149502899,34500000,079980,47386.0,57279.4,0.8272782186964248,115096590.6,-0.6075949367088662,-29.767441860465116,0.8518245652014511,0.9423944783647464,1.3998614542341152,223.059,-51.76904176904177,https://finance.naver.com/item/main.naver?code=079980
팬스타엔터프라이즈,KOSDAQ,1168.0,67593263760,-35.78,0.74,-32.0,1540.0,0.6646,19881636570.0,306574210.0,1246381320.0,,10.21966,해운사,1978.0,680.0,0.0080098398,57870945,054300,493774.0,352825.3,1.3994858078488137,384864340.75,40.38461538461537,57.62483130904184,2.103610483715312,-2.0779220779220777,1.5419968518215401,66.46,-40.95045500505561,https://finance.naver.com/item/main.naver?code=054300
이노메트리,KOSDAQ,6870.0,67554138960,-16.54,1.19,-437.0,6059.0,0.36755,14630713380.0,-2155044590.0,-2224997940.0,,-78.68198,전기제품,11540.0,4030.0,0.0084333617,9833208,302430,139973.0,497454.5,0.2813784979329768,3685498531.75,-9.486166007905139,-1.5759312320916874,1.1459399804404222,-7.212411288991582,-14.729593383641285,36.754999999999995,-40.46793760831889,https://finance.naver.com/item/main.naver?code=302430
딜리셔스,KOSDAQ,3045.0,67457285700,15.68,-0.52,185.0,-5574.0,0.55887,9750985370.0,2557613420.0,2651022880.0,,33.41967,IT서비스,7360.0,2750.0,0.0213000588,22153460,483350,,,,,,,,-3.3189809831359884,26.229281687456783,55.887,-58.627717391304344,https://finance.naver.com/item/main.naver?code=483350
팬젠,KOSDAQ,4995.0,67504972455,32.44,2.25,154.0,2218.0,0.08222,3955577500.0,-219711970.0,-48194340.0,,-71.79167,생물공학,8510.0,4220.0,0.0719400905,13514509,222110,5726.0,7486.2,0.7648740348908659,36619575.15,8.58695652173913,-3.0097087378640808,0.7648740348908659,6.943192064923355,-5.5544852805942995,8.222,-41.30434782608695,https://finance.naver.com/item/main.naver?code=222110
한국전자인증,KOSDAQ,3545.0,67355000000,14.13,1.01,252.0,3523.0,0.35055,10542335410.0,1625637870.0,1222133080.0,,33.41967,IT서비스,4945.0,2990.0,0.0343805789,19000000,041460,25965.0,37699.4,0.6887377517944583,130665720.65,10.954616588419409,-12.899262899262897,0.7906226624296407,7.152994606869145,15.420092482145757,35.055,-28.311425682507586,https://finance.naver.com/item/main.naver?code=041460
빛샘전자,KOSDAQ,8360.0,67319819600,8.89,0.81,943.0,10357.0,0.3747,41224605150.0,3630055570.0,2985389630.0,,250.96527,전자장비와기기,25700.0,4600.0,0.0198859749,8052610,072950,88473.0,526621.5,0.16800111655145109,5026687364.75,-18.834951456310677,31.446540880503136,0.2098566047911071,9.104953171767887,8.805555703424366,37.47,-67.47081712062257,https://finance.naver.com/item/main.naver?code=072950
예림당,KOSDAQ,2920.0,67260088840,0.53,0.26,5479.0,11107.0,0.0122,2399656490.0,-263229690.0,9767110700.0,,2.35548,출판,4035.0,2505.0,0.0185323377,23034277,036000,10398.0,55194.95,0.1883867998793368,163710169.65,-3.1509121061359835,-9.175738724727832,0.33740405598700607,49.32925182317457,-10.969473801644002,1.22,-27.63320941759604,https://finance.naver.com/item/main.naver?code=036000
넥스트칩,KOSDAQ,2045.0,67254796395,-2.51,3.7,-815.0,552.0,1.69209,13207734860.0,-590009370.0,-711416650.0,,30.41324,반도체와반도체장비,7570.0,1575.0,0.0321670306,32887431,396270,73046.0,130857.65,0.5582096270260088,275841644.75,-39.407407407407405,-41.57142857142857,1.4110294659884233,-147.64492753623188,-4.467150319521178,169.209,-72.98546895640688,https://finance.naver.com/item/main.naver?code=396270
바이오스마트,KOSDAQ,2660.0,67230281720,7.54,0.47,356.0,5697.0,0.74943,167623166480.0,5118576760.0,2157547610.0,,52.37524,전기장비,6930.0,2305.0,0.0718083437,25274542,038460,74543.0,111729.4,0.667174441105027,304928332.55,-1.115241635687736,-47.53451676528599,1.0174940525949303,6.248902931367387,3.053621326626546,74.943,-61.61616161616161,https://finance.naver.com/item/main.naver?code=038460
한국내화,KOSPI,1631.0,66980378122,-2.71,0.39,-607.0,4239.0,0.55329,104105844320.0,1824842470.0,2023204910.0,,29.9981,비철금속,2470.0,1339.0,0.0056280627,41067062,010040,89008.0,24586.5,3.6201980761800177,40425904.85,8.228268082282675,-21.774580335731418,3.6201980761800177,-14.319414956357631,1.752872263723071,55.32899999999999,-33.96761133603239,https://finance.naver.com/item/main.naver?code=010040
대륙제관,KOSDAQ,4200.0,66793435800,7.28,0.42,577.0,9988.0,0.40372,78189998380.0,2342226010.0,1904111540.0,,17.74109,포장재,4250.0,3400.0,0.0461513435,15903199,004780,24928.0,26908.7,0.926391836097619,109541272.35,9.51760104302477,4.868913857677892,0.9969266445424714,5.776932318782539,2.9955570514490653,40.372,-1.17647058823529,https://finance.naver.com/item/main.naver?code=004780
알트,KOSDAQ,2655.0,66961120455,11.37,1.31,223.0,1928.0,0.33026,8291059080.0,-448065890.0,818043820.0,,94.7569,핸드셋,6250.0,992.0,0.0181027844,25220761,459550,21985237.0,8445101.4,2.603312377042625,20430872245.7,47.50000000000001,-24.251069900142653,2.603312377042625,11.566390041493776,-5.404205731458857,33.025999999999996,-57.519999999999996,https://finance.naver.com/item/main.naver?code=459550
삼기,KOSDAQ,1742.0,66787283576,-9.89,0.65,-175.0,2656.0,3.48203,175953991860.0,1156739650.0,1720244270.0,,10.29196,자동차부품,2345.0,836.0,0.0317809123,38339428,122350,1053618.0,2377698.25,0.44312519471299605,3954802103.2,73.50597609561753,-0.17191977077364307,1.8032098900691036,-6.588855421686747,0.6574102910494775,348.203,-25.71428571428571,https://finance.naver.com/item/main.naver?code=122350
포니링크,KOSDAQ,2605.0,66587600695,4.06,0.3,630.0,8570.0,0.23717,11974410330.0,-4416965980.0,-58708392820.0,,32.40387,전문소매,5190.0,1757.0,0.0338656334,25561459,064800,29763.0,133808.75,0.22242940017001878,376858015.05,0.5791505791505891,234.8329048843188,2.1769652582510486,7.351225204200699,-36.886709727442586,23.717,-49.80732177263969,https://finance.naver.com/item/main.naver?code=064800
한국특강,KOSPI,2320.0,66459972800,22.31,0.31,104.0,7479.0,1.65185,255229971080.0,473482190.0,141629750.0,,44.0108,철강,3640.387,1693.0,0.0114495154,28646540,007280,3725.0,80462.9,0.04629462771041064,171667145.5,8.411214953271017,67.26748377793798,0.18591176803222356,1.3905602353255784,0.18551198669829821,165.185,-36.27051189887229,https://finance.naver.com/item/main.naver?code=007280
동원모빌리티,KOSPI,1422.0,66485514726,3.17,0.51,453.0,2844.0,2.43576,193668847570.0,14414948490.0,13922179770.0,,10.29196,자동차부품,1967.0,1219.0,0.0382268968,46754933,018500,37011.0,53280.15,0.6946489452450866,77665518.2,-1.6597510373444035,-13.922518159806296,0.8794081848493294,15.928270042194093,7.443090962158918,243.57600000000002,-27.707168276563298,https://finance.naver.com/item/main.naver?code=018500
인디에프,KOSPI,4415.0,66324774585,-872.0,1.73,-5.0,2525.0,1.84249,28297082380.0,2283365580.0,1508940750.0,,9.12262,"섬유,의류,신발,호화품",6405.0,1406.0,0.0032304663,15022599,014990,2399151.0,1371324.1,1.7495142103897976,4904999298.6,659.8967297762479,400.56689342403627,4.422532208104561,-0.19801980198019803,8.069261520805595,184.249,-31.069476971116316,https://finance.naver.com/item/main.naver?code=014990
디지틀조선,KOSDAQ,1784.0,66213636328,12.52,0.74,147.0,2479.0,0.15406,11215793510.0,3750191060.0,3221593470.0,,33.41967,IT서비스,3070.0,1358.0,0.0194278274,37115267,033130,75081.0,29438.0,2.5504789727563013,55697584.1,-6.694560669456062,-28.353413654618475,3.2531082274611047,5.929810407422348,33.43669849713558,15.406,-41.88925081433224,https://finance.naver.com/item/main.naver?code=033130
기가레인,KOSDAQ,7790.0,66124121860,-6.19,1.59,-1250.0,4870.0,1.52791,13683829040.0,-2375667500.0,-1606950630.0,,-319.55513,통신장비,31250.0,3580.0,0.0,8488334,049080,135777.0,466469.95,0.29107341212440374,4169796386.75,473.2155997056659,1461.122244488978,0.3648273591900186,-25.667351129363446,-17.361131106326656,152.791,-75.072,https://finance.naver.com/item/main.naver?code=049080
와이즈넛,KOSDAQ,5590.0,66045184790,42.01,1.09,134.0,5170.0,0.16741,7433414910.0,-165198420.0,502887430.0,,161.19616,소프트웨어,17190.0,5010.0,0.0,11814881,096250,18285.0,21967.95,0.8323489447126382,134218652.25,-22.36111111111111,-50.089285714285715,0.8999474234054611,2.591876208897485,-2.2223758797287423,16.741,-67.48109365910413,https://finance.naver.com/item/main.naver?code=096250
인벤테라,KOSDAQ,8390.0,65993340460,-6.77,3.82,-1210.0,2145.0,0.03716,,-2493132460.0,-2256814800.0,,47.06703,제약,60200.0,6090.0,0.0385499651,7865714,0007J0,12987.0,17316.3,0.7499870064621196,139590432.75,-22.31481481481481,-76.19858156028369,1.4749109220791972,-56.41025641025641,,3.7159999999999997,-86.06312292358804,https://finance.naver.com/item/main.naver?code=0007J0
티플랙스,KOSDAQ,2715.0,65888711430,19.49,0.39,137.0,6922.0,0.68654,71478912970.0,2155529020.0,454522280.0,,29.9981,비철금속,5570.0,2275.0,0.0670772225,24268402,081150,48363.0,82841.05,0.5838047682881856,224488891.3,-1.8083182640144635,-9.800664451827245,1.7703421190339812,1.9791967639410575,3.01561527789977,68.65400000000001,-51.25673249551167,https://finance.naver.com/item/main.naver?code=081150
인지소프트,KOSDAQ,20050.0,65838465700,2.49,0.75,8108.0,26761.0,0.18896,4523907530.0,1215509640.0,47465717430.0,,161.19616,소프트웨어,23700.0,15300.0,0.0115296277,3283714,100030,9442.0,12435.9,0.7592534517003192,248384216.0,14.57142857142857,-8.027522935779817,1.1634059456894958,30.297821456597283,26.86857836813477,18.895999999999997,-15.400843881856542,https://finance.naver.com/item/main.naver?code=100030
위메이드플레이,KOSDAQ,6270.0,65214527070,3.46,0.25,1812.0,25565.0,0.17694,32191942200.0,2595324830.0,3628247240.0,,18.03224,게임엔터테인먼트,11630.0,4860.0,0.0358969838,10401041,123420,8329.0,49641.2,0.16778401811398597,332240161.5,2.9556650246305383,-16.95364238410596,0.2011434050748169,7.0878153725796995,8.062032461029952,17.694,-46.08770421324162,https://finance.naver.com/item/main.naver?code=123420
삼륭물산,KOSDAQ,4405.0,65304125000,10.78,1.14,408.0,3863.0,0.8034,29764159850.0,2261664440.0,1943305530.0,,17.74109,포장재,11950.0,3545.0,0.0180075548,14825000,014970,8216.0,26814.1,0.3064059580593792,120199038.8,-13.627450980392153,-31.91653786707882,3.766525820370626,10.56173958063681,7.5986167639131255,80.34,-63.138075313807526,https://finance.naver.com/item/main.naver?code=014970
프로티아,KOSDAQ,5050.0,65042560750,14.41,2.1,347.0,2384.0,0.05998,5347482850.0,1636714660.0,1550651190.0,,-32.98986,건강관리장비와용품,6890.0,3680.0,0.0180594835,12879715,303360,128055.0,28442.5,4.502241364155753,143775375.35,24.537607891491973,-6.133828996282531,4.502241364155753,14.555369127516778,30.60719792677783,5.998,-26.705370101596515,https://finance.naver.com/item/main.naver?code=303360
아우토크립트,KOSDAQ,6610.0,64454050510,-4.54,2.02,-1434.0,3227.0,1.46914,7464506890.0,-792533100.0,-106279470.0,,10.29196,자동차부품,22750.0,5120.0,0.0223621373,9750991,331740,3806.0,16080.35,0.23668639053254437,104456188.0,-31.14583333333333,-66.44670050761421,1.7605960069277098,-44.43755810350171,-10.61735372046793,146.914,-70.94505494505495,https://finance.naver.com/item/main.naver?code=331740
큐에스아이,KOSDAQ,6990.0,64808630790,24.93,0.73,282.0,9645.0,0.0693,7703114580.0,-12527170.0,2045608470.0,,30.41324,반도체와반도체장비,22750.0,5360.0,0.0898711239,9271621,066310,40653.0,31180.3,1.3038040044515287,230620552.25,-27.639751552795033,-21.016949152542374,1.3038040044515287,2.9237947122861585,-0.16262473925189883,6.93,-69.27472527472527,https://finance.naver.com/item/main.naver?code=066310
국순당,KOSDAQ,3600.0,64289894400,8.95,0.24,397.0,15068.0,0.07592,14701920380.0,-1426251800.0,736590790.0,,17.14445,음료,5110.0,3115.0,0.01408706,17858304,043650,15400.0,28495.6,0.5404343126658151,102317691.65,5.882352941176472,-17.050691244239637,3.412316287426831,2.6347225909211573,-9.701125860674809,7.5920000000000005,-29.549902152641884,https://finance.naver.com/item/main.naver?code=043650
유니테크노,KOSDAQ,2625.0,64235603250,-20.31,0.47,-131.0,5612.0,0.79405,34212536520.0,2817988340.0,3183523760.0,,10.29196,자동차부품,4980.0,2155.0,0.0173232844,24470706,241690,25816.0,39440.25,0.6545597454377191,105389753.4,-5.913978494623651,-33.03571428571429,1.0518188906003385,-2.3342836778332146,8.23671269843631,79.405,-47.28915662650602,https://finance.naver.com/item/main.naver?code=241690
디에스엠,KOSDAQ,2395.0,64218488175,26.16,0.58,95.0,4295.0,1.53804,16443690270.0,-153736340.0,-715687110.0,,10.29196,자동차부품,6450.0,1410.0,0.0034308381,26813565,104040,48702.0,47564.95,1.023905207510993,129069363.7,26.451953537486794,226.73942701227833,1.023905207510993,2.211874272409779,-0.9349260261881592,153.804,-62.86821705426357,https://finance.naver.com/item/main.naver?code=104040
대현,KOSPI,1450.0,64209349500,5.8,0.23,249.0,6265.0,0.1284,54081777550.0,1833496510.0,2631118090.0,,9.12262,"섬유,의류,신발,호화품",1900.0,1369.0,0.0653257023,44282310,016090,49660.0,118459.15,0.41921624458726914,174440646.75,-5.905256327060348,-15.254237288135597,2.373501751447651,3.974461292897047,3.3902297466182305,12.839999999999998,-23.684210526315784,https://finance.naver.com/item/main.naver?code=016090
샌즈랩,KOSDAQ,4200.0,64124079600,-116.81,1.19,-36.0,3538.0,0.07444,1547288390.0,-866481110.0,-1861279100.0,,161.19616,소프트웨어,10360.0,2965.0,0.0168238859,15267638,411080,47435.0,183772.4,0.25811819402695946,839534979.35,-16.996047430830043,-34.98452012383901,0.6337186650443701,-1.0175240248728095,-55.999974898021435,7.444000000000001,-59.45945945945945,https://finance.naver.com/item/main.naver?code=411080
우신시스템,KOSPI,3500.0,64099189000,3.71,0.33,985.0,10957.0,1.42001,80388249940.0,-3545331610.0,173144110.0,,10.29196,자동차부품,7840.0,3320.0,0.0064505106,18314054,017370,44448.0,17594.5,2.5262439967035153,66045988.4,-23.580786026200872,-45.736434108527135,2.604109238682543,8.98968695810897,-4.410260968047142,142.001,-55.35714285714286,https://finance.naver.com/item/main.naver?code=017370
푸드웰,KOSDAQ,6400.0,64000000000,5.93,0.6,1094.0,10889.0,1.09595,94180663170.0,8884546160.0,6034648690.0,,34.32074,식품,10220.0,5440.0,0.0285872,10000000,005670,2982.0,40084.55,0.07439275231978405,261011219.25,3.392568659127626,4.746317512274967,0.7821716846016732,10.04683625677289,9.433514121644086,109.595,-37.37769080234834,https://finance.naver.com/item/main.naver?code=005670
프리엠스,KOSDAQ,10680.0,64080000000,60.06,0.76,168.0,13288.0,0.15923,5539357400.0,-231934330.0,645094850.0,,176.74372,기계,10690.0,6400.0,0.00615,6000000,053160,19007.0,8505.8,2.2345928660443466,79881977.0,39.24380704041721,40.15748031496062,2.2345928660443466,1.2642986152919928,-4.187025917482775,15.923000000000002,-0.093545369504211,https://finance.naver.com/item/main.naver?code=053160
HLB제넥스,KOSDAQ,1959.0,63951451173,2.54,1.4,775.0,1403.0,1.01274,11333291540.0,959072260.0,7046106440.0,,-71.79167,생물공학,3680.0,1323.0,0.0109415096,32644947,187420,122784.0,174260.4,0.7046007010198531,331802585.15,-13.126385809312636,-26.075471698113205,1.2931853708587837,55.23877405559515,8.462433500585655,101.274,-46.76630434782608,https://finance.naver.com/item/main.naver?code=187420
비상교육,KOSPI,4905.0,63749014605,2.85,0.3,1738.0,16305.0,0.78582,52569631060.0,-860460600.0,879855740.0,,10.7911,교육서비스,7470.0,4460.0,0.0520999841,12996741,100220,5114.0,47141.95,0.10848087531381287,234731595.0,-8.65921787709497,-10.329067641681899,0.673964483862038,10.659306961054892,-1.6368016717064628,78.582,-34.337349397590366,https://finance.naver.com/item/main.naver?code=100220
한켐,KOSDAQ,7900.0,63730358600,10.76,1.04,734.0,7581.0,0.04579,6657890720.0,413811140.0,417141980.0,,15.94641,디스플레이장비및부품,17040.0,5460.0,0.0043429302,8067134,457370,169682.0,1874663.7,0.09051330113235777,16818497251.0,-34.65674110835402,-19.551934826883908,0.44974466620333026,9.682099986809128,6.215348935616054,4.579,-53.63849765258216,https://finance.naver.com/item/main.naver?code=457370
지아이텍,KOSDAQ,1618.0,63679852520,95.71,0.75,17.0,2160.0,0.32396,9586475460.0,-529751780.0,365440500.0,,-78.68198,전기제품,3265.0,1531.0,0.0368282858,39357140,382480,45123.0,80860.3,0.5580365148286612,138106381.35,-17.110655737704917,-35.28,1.5938971287516865,0.787037037037037,-5.526032817904903,32.396,-50.44410413476263,https://finance.naver.com/item/main.naver?code=382480
하이스틸,KOSPI,3155.0,63704091005,-13.77,0.44,-227.0,7121.0,0.99398,81277076220.0,3233052410.0,3296304310.0,,44.0108,철강,5680.0,2355.0,0.0204399174,20191471,071090,509369.0,473059.35,1.0767549568568935,1521417276.25,4.817275747508298,-13.324175824175821,6.961830476450788,-3.187754528858307,3.9778158373325407,99.398,-44.45422535211267,https://finance.naver.com/item/main.naver?code=071090
소마젠,KOSDAQ,3310.0,63671335430,,,,,0.66226,12016047000.0,180763000.0,2765420000.0,,-33.26304,생명과학도구및서비스,4690.0,2380.0,0.0,19236053,950200,164628.0,1002911.55,0.1641500688669903,3990910678.5,21.245421245421237,-13.35078534031413,2.024236334699705,,1.5043466457812622,66.226,-29.42430703624733,https://finance.naver.com/item/main.naver?code=950200
레뷰코퍼레이션,KOSDAQ,5890.0,63669822130,12.34,1.36,478.0,4348.0,0.40926,14793163300.0,1993099490.0,1175529060.0,,20.01555,양방향미디어와서비스,12250.0,4650.0,0.0133709017,10809817,443250,10858.0,9495.85,1.1434468741608175,57992366.0,-3.7581699346405206,-45.91368227731864,10.3233517799881,10.993560257589696,13.473112204473537,40.926,-51.91836734693878,https://finance.naver.com/item/main.naver?code=443250
피엠티,KOSDAQ,3180.0,63600000000,-1.86,4.71,-1698.0,670.0,1.09122,18475175490.0,1256128340.0,-349647390.0,,30.41324,반도체와반도체장비,9920.0,1888.765,0.03987485,20000000,147760,55821.0,110339.4,0.5059026965888885,374886675.25,-54.57142857142857,-28.37837837837838,1.0138445559790972,-253.43283582089552,6.7990062702240674,109.12200000000001,-67.94354838709677,https://finance.naver.com/item/main.naver?code=147760
비트컴퓨터,KOSDAQ,3820.0,63500979260,8.01,0.79,471.0,4774.0,0.12299,9785532840.0,1817986840.0,2388249420.0,,562.67204,건강관리기술,5920.0,3410.0,0.0475981504,16623293,032850,19282.0,29627.25,0.6508197689626948,120362325.75,-8.939213349225273,-32.50883392226148,0.8379110447307799,9.865940511101803,18.578312185195223,12.299,-35.47297297297297,https://finance.naver.com/item/main.naver?code=032850
흥국,KOSDAQ,5410.0,63329460000,4.91,0.51,1099.0,10653.0,0.1703,42690449470.0,4566678790.0,4084535530.0,,176.74372,기계,6110.0,4750.0,0.0693027507,11706000,010240,8334.0,14805.25,0.5629084277536684,80744793.5,1.6917293233082775,0.7448789571694592,1.669340267810405,10.316342814230733,10.697190698845082,17.03,-11.456628477905074,https://finance.naver.com/item/main.naver?code=010240
원일티엔아이,KOSDAQ,7520.0,63025345600,-28.66,1.28,-261.0,5853.0,0.53567,9951562440.0,542789210.0,1010464740.0,,-40.24179,에너지장비및서비스,29150.0,5400.0,0.0103427622,8381030,136150,9042.0,10898.95,0.8296212020423985,85522827.0,-32.85714285714286,-56.65706051873198,0.9901871281178461,-4.459251665812404,5.45431145383036,53.567,-74.2024013722127,https://finance.naver.com/item/main.naver?code=136150
아이엠티,KOSDAQ,8020.0,63154380220,67.02,2.12,124.0,3921.0,1.81983,9347002790.0,-163012400.0,-406703100.0,,30.41324,반도체와반도체장비,19500.0,6240.0,0.0334570177,7874611,451220,43760.0,31394.25,1.3938858230408435,290689955.5,-38.6381025248661,-39.150227617602425,1.3938858230408435,3.162458556490691,-1.7440071824350016,181.983,-58.87179487179487,https://finance.naver.com/item/main.naver?code=451220
인크로스,KOSDAQ,5160.0,62944889520,5.26,0.48,993.0,10770.0,1.02536,11711757110.0,2825260400.0,2648041990.0,,11.20754,광고,7990.0,4325.0,0.0592872703,12198622,216050,11354.0,18904.15,0.6006088610172898,97587147.75,-11.340206185567014,-28.729281767955804,2.2020561622712473,9.220055710306408,24.123283752082525,102.536,-35.41927409261577,https://finance.naver.com/item/main.naver?code=216050
삼성출판사,KOSPI,6300.0,63000000000,15.56,0.38,405.0,16404.0,0.17777,10047937240.0,-213631560.0,3741097880.0,,2.35548,출판,18710.0,5500.0,0.0146133,10000000,068290,3228.0,7941.15,0.40649024385636845,50268355.25,-4.8338368580060465,-37.0,2.2448889644446965,2.468910021945867,-2.12612355050896,17.777,-66.32816675574558,https://finance.naver.com/item/main.naver?code=068290
좋은사람들,KOSDAQ,649.0,62920912142,-3.88,0.93,-142.0,592.0,0.66269,19390495000.0,-1796293500.0,-2003129900.0,,9.12262,"섬유,의류,신발,호화품",2610.0,255.0,0.0326978417,96950558,033340,57342779.0,11164444.8,5.136196203863178,6078923615.65,-20.6601466992665,-68.87290167865707,5.136196203863178,-23.986486486486484,-9.263783621820899,66.269,-75.13409961685824,https://finance.naver.com/item/main.naver?code=033340
케이엘넷,KOSDAQ,2740.0,62874763560,6.04,0.84,449.0,3233.0,0.10874,10652464040.0,2546632880.0,1871484270.0,,33.41967,IT서비스,3260.0,2420.0,0.1045845918,22946994,039420,6198.0,27700.15,0.22375330097490445,76859081.25,3.007518796992481,-3.5211267605633756,1.1522320276243991,13.888029693782864,23.906514684653185,10.874,-15.95092024539877,https://finance.naver.com/item/main.naver?code=039420
벡트,KOSDAQ,4580.0,62780350000,-15.04,3.83,-335.0,1316.0,1.29642,6059474740.0,-1714095200.0,-1735405180.0,,10.7911,교육서비스,5700.0,1401.0,0.0317834032,13707500,457600,206271.0,260788.05,0.7909526529302244,1151061090.1,127.2952853598015,122.33009708737863,1.5093022858984528,-25.455927051671733,-28.28785123378532,129.642,-19.649122807017537,https://finance.naver.com/item/main.naver?code=457600
셀바스헬스케어,KOSDAQ,2440.0,62806976160,16.26,0.89,151.0,2766.0,0.12422,8202288930.0,372482440.0,-8676624330.0,,-32.98986,건강관리장비와용품,7490.0,2130.0,0.0420436009,25740564,208370,21071.0,130152.85,0.16189426508908564,342874197.35,-21.035598705501624,-51.58730158730158,1.5702767937851534,5.459146782357195,4.541201159564615,12.422,-67.42323097463284,https://finance.naver.com/item/main.naver?code=208370
휴니드,KOSPI,4445.0,62745686675,-5.64,0.35,-763.0,12438.0,1.1472,29260083620.0,-428228040.0,242660420.0,,40.34295,우주항공과국방,11850.0,3550.0,0.2777450293,14116015,005870,50648.0,41772.5,1.2124723203064216,188364183.9,-20.340501792114697,-45.52696078431373,1.291830749895266,-6.134426756713298,-1.4635229535273626,114.72,-62.489451476793256,https://finance.naver.com/item/main.naver?code=005870
스마트레이더시스템,KOSDAQ,3805.0,62725843550,-20.79,3.39,-189.0,1160.0,1.04419,1943612780.0,-1798067550.0,-5115893910.0,,10.29196,자동차부품,9990.0,2755.0,0.0353821115,16485110,424960,14031.0,19638.15,0.7144766691363493,77673305.4,-18.696581196581196,-46.857541899441344,1.4574183413407067,-16.29310344827586,-92.511613861687,104.419,-61.91191191191191,https://finance.naver.com/item/main.naver?code=424960
이화공영,KOSDAQ,2215.0,62588831935,16.91,4.03,131.0,550.0,2.01419,10369245490.0,-1128787170.0,-1280035370.0,,35.85997,건설,2215.0,1616.0,0.0057435714,28256809,001840,,,,,,,,23.81818181818182,-10.885914226725477,201.419,0.0,https://finance.naver.com/item/main.naver?code=001840
오비고,KOSDAQ,4945.0,62493930890,-32.35,1.85,-153.0,2676.0,0.78632,10995324100.0,-1146058290.0,242183070.0,,161.19616,소프트웨어,7300.0,3115.0,0.0078038096,12637802,352910,14876.0,21568.1,0.6897223213913141,84243656.0,16.7650531286895,3.3437826541274918,1.4134763841043023,-5.7174887892376685,-10.42314241560192,78.632,-32.26027397260274,https://finance.naver.com/item/main.naver?code=352910
무림페이퍼,KOSPI,1504.0,62580402240,-4.11,0.15,-369.0,10373.0,3.33359,337689478720.0,28030884350.0,-58217253260.0,,-5.9958,종이와목재,2685.0,1256.0,0.019543679,41609310,009200,27099.0,26407.8,1.0261740849294527,40648746.3,2.8727770177838563,-28.380952380952383,1.0261740849294527,-3.557312252964427,8.300787000012576,333.359,-43.98510242085661,https://finance.naver.com/item/main.naver?code=009200
레몬헬스케어,KOSDAQ,4645.0,62501071555,-19.76,23.38,-226.0,191.0,0.47423,2930897430.0,-2126857090.0,-2145049480.0,,-11.05155,건강관리업체및서비스,20300.0,3830.0,0.0008189924,13455559,365660,2666360.0,2589678.45,1.0296104522165677,15570262385.6,-50.58510638297873,-50.58510638297873,1.4570287674131897,-118.32460732984293,-72.56675270277199,47.423,-77.11822660098522,https://finance.naver.com/item/main.naver?code=365660
이오플로우,KOSDAQ,1490.0,62295566450,-1.21,-0.42,-1227.0,-3559.0,-1.65551,124204550.0,-2377112090.0,-5516387140.0,,-32.98986,건강관리장비와용품,1490.0,1490.0,0.2089249459,41809105,294090,,,,,,,,34.475976397864564,-1913.8687672875108,-165.55100000000002,0.0,https://finance.naver.com/item/main.naver?code=294090
삼화왕관,KOSPI,28850.0,62153834150,11.79,0.45,2345.0,61829.0,0.81178,48382225260.0,1077096070.0,778485550.0,,17.74109,포장재,36500.0,24100.0,0.0526365138,2154379,004450,6171.0,3009.75,2.0503364066782956,79795692.5,15.631262525050094,-3.833333333333333,6.447711603953817,3.79271862718142,2.2262226762242148,81.178,-20.95890410958904,https://finance.naver.com/item/main.naver?code=004450
홈캐스트,KOSDAQ,1801.0,62484346051,1800.0,0.73,1.0,2458.0,0.08327,867496100.0,-2010293930.0,-2355598530.0,,32.40387,전문소매,2540.0,1186.0,0.017517542,34694251,064240,31303.0,66312.55,0.47205242446565543,110719055.7,10.490797546012276,-5.310199789695059,1.2536540971505392,0.04068348250610252,-231.73521241190596,8.327,-29.094488188976374,https://finance.naver.com/item/main.naver?code=064240
티이엠씨씨엔에스,KOSDAQ,6180.0,61816278120,14.06,0.52,438.0,11871.0,0.70015,55925938590.0,96735630.0,392812900.0,,30.41324,반도체와반도체장비,9800.0,4015.0,0.0335730569,10002634,241790,38788.0,45349.2,0.8553182856588429,260239243.25,6.5517241379310365,-18.037135278514594,1.1150582590211073,3.6896638867829163,0.1729709548715506,70.015,-36.93877551020408,https://finance.naver.com/item/main.naver?code=241790
유유제약,KOSPI,3940.0,62045000280,7.8,0.54,492.0,7069.0,0.4221,36697112370.0,4002469930.0,3555164750.0,,47.06703,제약,5100.0,3320.0,0.0178404622,15747462,000220,564215.0,183331.15,3.0775730147331757,741199279.25,2.204928664072625,-14.626218851570961,15.141033043211698,6.959966048946102,10.906770782520837,42.21,-22.745098039215684,https://finance.naver.com/item/main.naver?code=000220
아고스,KOSDAQ,2460.0,61362862380,-3.26,1.5,-756.0,1641.0,0.47131,9617273460.0,-2543987180.0,-2540806980.0,,39.08742,전자제품,5560.0,1752.0,0.0167136695,24944253,175140,11944.0,38000.6,0.31431082667115784,95169691.6,3.797468354430378,-33.60323886639676,0.6517002363120582,-46.06946983546618,-26.45227039223651,47.131,-55.75539568345324,https://finance.naver.com/item/main.naver?code=175140
엔비알모션,KOSDAQ,5580.0,61437942720,-3.89,1.67,-1415.0,3306.0,1.33169,17247920620.0,-1128515640.0,-1748155530.0,,176.74372,기계,29700.0,4445.0,0.049365944,11010384,0004V0,163283.0,290466.35,0.562140846951807,1836162097.75,-43.91959798994974,-74.75113122171946,0.966418313171216,-42.80096793708409,-6.542908359001945,133.169,-81.21212121212122,https://finance.naver.com/item/main.naver?code=0004V0
이엔셀,KOSDAQ,5550.0,61213819350,-3.74,1.54,-1482.0,3609.0,0.97727,868006840.0,-4678721380.0,-7230742150.0,,47.06703,제약,20950.0,4800.0,0.0400039276,11029517,456070,15921.0,49410.15,0.32222124401565266,301010192.25,-36.78815489749431,-66.3840096910963,0.5379663894968949,-41.06400665004156,-539.0189528921223,97.727,-73.50835322195704,https://finance.naver.com/item/main.naver?code=456070
유엔젤,KOSPI,4820.0,61192088280,13.41,0.92,353.0,5122.0,0.2283,15194857970.0,1233968430.0,1893110840.0,,33.41967,IT서비스,6700.0,4160.0,0.0363914516,12695454,072130,29427.0,28189.35,1.0439048789702494,136243999.2,-5.490196078431375,5.010893246187353,1.4031540280283157,6.891839125341663,8.120960606780848,22.830000000000002,-28.059701492537314,https://finance.naver.com/item/main.naver?code=072130
에이비온,KOSDAQ,676.0,60908481504,-1.56,0.89,-434.0,759.0,0.22547,136978800.0,-4322222510.0,-9006759100.0,,47.06703,제약,4510.0,570.0,0.0444077924,90101304,203400,2169199.0,1470297.5,1.4753469961011292,1201001960.05,-66.61728395061728,-78.57369255150554,5.996260620724717,-57.180500658761524,-3155.3952217423425,22.547,-85.01108647450111,https://finance.naver.com/item/main.naver?code=203400
테고사이언스,KOSDAQ,7540.0,61140608360,-8.65,1.2,-876.0,6308.0,0.75194,1970339170.0,-1152582830.0,-4885030510.0,,-71.79167,생물공학,19370.0,5230.0,0.0165091553,8108834,191420,888.0,5080.45,0.17478766644686988,39630587.25,-4.556962025316458,-42.00000000000001,0.5749490694721925,-13.88712745719721,-58.49667141317604,75.194,-61.07382550335571,https://finance.naver.com/item/main.naver?code=191420
컴투스엔,KOSDAQ,2535.0,60868470585,-5.76,0.85,-440.0,2970.0,0.82239,8270076800.0,-1898580550.0,-2294734780.0,,11.20754,광고,7430.0,1805.0,0.3546089744,24011231,291230,61033.0,297256.0,0.20532133918238824,304791888.85,288.208269525268,266.8596237337193,0.2844719702882364,-14.814814814814813,-22.95722997397074,82.23899999999999,-65.88156123822341,https://finance.naver.com/item/main.naver?code=291230
아모센스,KOSDAQ,5150.0,60717274300,112.61,1.29,44.0,3833.0,1.9995,27178504650.0,-1418750300.0,-1602052060.0,,94.7569,핸드셋,29900.0,4090.0,0.0703411994,11789762,357580,45549.0,61487.75,0.7407817004200024,365566925.0,-44.623655913978496,-68.9384800965018,1.4390508678557925,1.147925906600574,-5.220119054636805,199.95000000000002,-82.77591973244147,https://finance.naver.com/item/main.naver?code=357580
유비벨록스,KOSDAQ,4125.0,60762070875,-7.65,0.46,-546.0,9085.0,1.11405,172576458330.0,-2019809490.0,1113957610.0,,39.08742,전자제품,6780.0,3660.0,0.0350833685,14730199,089850,3503.0,10908.85,0.321115424632294,44807025.9,-0.7220216606498187,-22.169811320754718,1.949059708401894,-6.00990643918547,-1.1703852944633553,111.405,-39.15929203539823,https://finance.naver.com/item/main.naver?code=089850
FSN,KOSDAQ,1340.0,60637192240,-2.78,0.94,-475.0,1408.0,2.3407,76707658730.0,11974278000.0,4976263370.0,,20.01555,양방향미디어와서비스,2780.0,1198.0,0.0,45251636,214270,23551.0,102639.25,0.2294541318257879,140228261.9,1.746393318147299,-38.81278538812786,0.6597183825875579,-33.73579545454545,15.610276989612926,234.07,-51.798561151079134,https://finance.naver.com/item/main.naver?code=214270
비엘팜텍,KOSDAQ,2170.0,60572930810,-3.38,7.18,-629.0,296.0,1.04457,713406640.0,-483275970.0,-806609630.0,,-11.05155,건강관리업체및서비스,8150.0,376.0,0.0141890785,27913793,065170,458841.0,839073.1,0.5468427005942629,1823649396.45,33.12883435582823,-45.063291139240505,1.9792923882317286,-212.5,-67.7420061579466,104.457,-73.37423312883435,https://finance.naver.com/item/main.naver?code=065170
희림,KOSDAQ,4340.0,60423541500,7.08,0.63,619.0,6930.0,1.3737,56744520180.0,2248119150.0,2008303420.0,,35.85997,건설,7460.0,3095.0,0.0578399315,13922475,037440,356891.0,1209215.0,0.29514271655578206,5418638565.75,-8.05084745762712,1.7584994138335253,1.8655557531125564,8.932178932178932,3.9618259928336923,137.37,-41.82305630026809,https://finance.naver.com/item/main.naver?code=037440
다원넥스뷰,KOSDAQ,7540.0,60401220880,17.07,3.15,434.0,2351.0,0.91122,8017423440.0,1692640850.0,1425071360.0,,30.41324,반도체와반도체장비,28100.0,4960.0,0.0746613435,8010772,323350,19241.0,37334.85,0.5153629919498807,298475991.0,-48.39151266255989,-48.35616438356164,1.8979318250910344,18.460229689493833,21.112030101281515,91.122,-73.16725978647686,https://finance.naver.com/item/main.naver?code=323350
보락,KOSPI,1008.0,60379200000,26.08,1.25,39.0,814.0,0.17645,12491253450.0,683209000.0,931067450.0,,34.32074,식품,1527.0,814.0,0.0409548414,59900000,002760,45022.0,79328.0,0.5675423557886244,79973316.0,10.284463894967178,-17.037037037037038,0.8350645421540944,4.791154791154791,5.469499139816109,17.645,-33.98821218074656,https://finance.naver.com/item/main.naver?code=002760
대주산업,KOSDAQ,1700.0,60166995000,8.81,0.53,191.0,3160.0,0.29248,25268745950.0,2558077190.0,1972592240.0,,34.32074,식품,6090.0,1355.0,0.0954947891,35392350,003310,224382.0,246450.3,0.9104553737609571,412896471.85,-9.090909090909093,-59.33014354066985,2.7957847890629473,6.044303797468355,10.123482958203551,29.248,-72.08538587848933,https://finance.naver.com/item/main.naver?code=003310
참좋은여행,KOSDAQ,4290.0,60060000000,5.31,0.58,807.0,7354.0,0.51137,17434512150.0,250740200.0,1290767510.0,,15.60994,"호텔,레스토랑,레저",7770.0,3920.0,0.0292031429,14000000,094850,20507.0,43333.95,0.4732317270869607,187054309.3,-0.23255813953488857,-26.791808873720136,0.4732317270869607,10.973619798748981,1.4381830580788577,51.137,-44.78764478764479,https://finance.naver.com/item/main.naver?code=094850
서울평가정보,KOSDAQ,1708.0,60027660000,8.24,1.78,205.0,951.0,0.20335,17328470780.0,7395834020.0,5810084410.0,,15.16342,상업서비스와공급품,2530.0,1400.0,0.019251757,35145000,036120,98355.0,89628.15,1.0973672891831419,144357179.0,3.2648125755743607,-17.884615384615387,2.0640725040068326,21.55625657202944,42.68024636389755,20.335,-32.4901185770751,https://finance.naver.com/item/main.naver?code=036120
SGC E&C,KOSDAQ,11910.0,59990503260,-0.63,0.19,-18934.0,61780.0,3.21154,278670666880.0,14292820580.0,4106135170.0,,35.85997,건설,21750.0,9910.0,0.0172813663,5036986,016250,1543.0,4150.85,0.37173109122227976,49243693.25,4.382120946538115,-40.36054081121683,1.1366346651890575,-30.64745872450631,5.128928975561936,321.154,-45.24137931034483,https://finance.naver.com/item/main.naver?code=016250
3S,KOSDAQ,1130.0,59956715200,-5.83,1.22,-195.0,933.0,0.25157,5574850520.0,5675390.0,-492653100.0,,176.74372,기계,2035.0,831.0,0.0243767697,53059040,060310,49706.0,201522.15,0.24665278729906365,233108014.5,-6.6115702479338845,-13.076923076923075,0.5513885198227589,-20.90032154340836,0.10180344709942106,25.157,-44.471744471744465,https://finance.naver.com/item/main.naver?code=060310
원풍,KOSDAQ,4990.0,59880000000,7.72,0.56,646.0,8872.0,0.15288,23484413060.0,2358512200.0,2919428940.0,,-31.79194,화학,5740.0,4400.0,0.01284025,12000000,008370,3858.0,3059.65,1.2609285375778274,15292297.75,1.6293279022403295,1.3197969543147225,2.870589773340088,7.281334535617674,10.042883311472464,15.287999999999998,-13.066202090592338,https://finance.naver.com/item/main.naver?code=008370
태양,KOSDAQ,6950.0,59770000000,4.7,0.29,1489.0,24397.0,0.16715,44167720340.0,3637476110.0,5203247310.0,,6.39053,가정용품,7470.0,5910.0,0.0116519767,8600000,053620,1508.0,9338.35,0.16148463058249046,63555800.5,2.507374631268444,-0.2869440459110528,1.4169526736521976,6.103209410993156,8.23559849138458,16.715,-6.961178045515393,https://finance.naver.com/item/main.naver?code=053620
태경케미컬,KOSPI,5150.0,59740000000,6.62,0.34,770.0,14876.0,0.29149,12165420080.0,-1812765900.0,342647140.0,,-31.79194,화학,11640.0,4980.0,0.0156671552,11600000,006890,29695.0,29739.25,0.998512067385694,158969887.0,-19.27899686520376,-34.05889884763125,0.998512067385694,5.176122613605808,-14.9009724948191,29.149,-55.75601374570447,https://finance.naver.com/item/main.naver?code=006890
부방,KOSDAQ,994.0,59691946440,23.4,0.31,43.0,3207.0,0.44459,76009178790.0,-630546140.0,-1750049060.0,,11.89363,가정용기기와용품,1582.0,750.0,0.0126804886,60052260,014470,57436.0,90538.3,0.6343834598175578,90414305.65,-14.970059880239518,-29.603399433427757,7.097846988512043,1.3408169628936701,-0.829565784077326,44.458999999999996,-37.16814159292036,https://finance.naver.com/item/main.naver?code=014470
드림어스컴퍼니,KOSDAQ,4025.0,59651763850,23.24,0.41,170.0,9715.0,0.46854,42753311050.0,889602620.0,1370970170.0,,891.14405,방송과엔터테인먼트,10250.0,3310.0,0.0218272029,14820314,060570,3577.0,36066.65,0.09917749499884242,51166529.65,350.7278835386338,213.9625585023401,1.7856108066593375,1.7498713329902211,2.080780641666817,46.854,-60.731707317073166,https://finance.naver.com/item/main.naver?code=060570
화성밸브,KOSDAQ,5730.0,59651592000,-30.21,0.63,-189.0,9065.0,0.35506,25583394330.0,758951160.0,2504468190.0,,176.74372,기계,11680.0,4260.0,0.0290446092,10410400,039610,132355.0,163369.55,0.8101570947584786,981338688.75,-9.04761904761905,-29.951100244498775,6.608697887703064,-2.084942084942085,2.966577265746269,35.506,-50.9417808219178,https://finance.naver.com/item/main.naver?code=039610
웨이브일렉트로,KOSDAQ,4135.0,59429898810,35.52,0.97,116.0,4249.0,1.02523,22024362200.0,2030503320.0,1889349560.0,,40.34295,우주항공과국방,12150.0,3215.0,0.0556593656,14372406,095270,52252.0,41463.75,1.2601851014440324,173871869.9,-3.5005834305717576,-8.111111111111114,1.2601851014440324,2.73005413038362,9.219351287275869,102.52300000000001,-65.96707818930041,https://finance.naver.com/item/main.naver?code=095270
와이엠씨,KOSDAQ,3130.0,59389740540,41.87,0.49,75.0,6461.0,0.53671,53408493570.0,2788252960.0,2324557480.0,,15.94641,디스플레이장비및부품,5130.0,2480.0,0.046212947,18974358,155650,12559.0,45073.8,0.2786319325195568,143920888.0,-5.151515151515151,-18.701298701298697,0.640660428009176,1.1608110199659496,5.220617122154116,53.671,-38.98635477582846,https://finance.naver.com/item/main.naver?code=155650
셀바이오휴먼텍,KOSDAQ,6330.0,59106457290,6.06,0.95,1059.0,6775.0,0.44706,19363460350.0,3489486700.0,2937766110.0,,45.04075,화장품,11200.0,4960.0,0.0419684556,9337513,318160,18298.0,69938.7,0.26162911235124475,469544179.75,11.837455830388688,-8.1277213352685,1.1207814843570156,15.6309963099631,18.020987142414345,44.706,-43.48214285714286,https://finance.naver.com/item/main.naver?code=318160
코츠테크놀로지,KOSDAQ,11200.0,59195270400,6.92,0.95,1627.0,11871.0,1.20486,20747729940.0,2480243300.0,1908822550.0,,40.34295,우주항공과국방,26000.0,9250.0,0.0450868183,5285292,448710,17885.0,18188.45,0.983316335366675,209561255.25,-16.104868913857672,-38.562808557323095,1.0082222509339718,13.705669278072612,11.954287563856733,120.486,-56.92307692307692,https://finance.naver.com/item/main.naver?code=448710
수산아이앤티,KOSDAQ,8750.0,59071250000,11.56,0.66,774.0,13514.0,0.0737,7721222580.0,646058850.0,3871372190.0,,161.19616,소프트웨어,11150.0,6860.0,0.0143695749,6751000,050960,3746.0,3754.4,0.9977626251864479,32738777.25,12.035851472471194,-4.891304347826086,2.4472618793948433,5.727393813822703,8.3673128614821,7.37,-21.52466367713004,https://finance.naver.com/item/main.naver?code=050960
제이씨현시스템,KOSDAQ,3090.0,59063594880,6.72,0.51,462.0,6135.0,0.28479,75982095260.0,498508460.0,2249878430.0,,18.6464,컴퓨터와주변기기,5840.0,2435.0,0.0387103839,19114432,033320,31119.0,311541.5,0.0998871739399085,1012202810.5,-4.629629629629628,-31.485587583148554,0.2929401058927944,7.530562347188265,0.6560867508248811,28.479,-47.089041095890416,https://finance.naver.com/item/main.naver?code=033320
디티씨,KOSDAQ,3155.0,58973001290,13.19,0.3,240.0,10582.0,0.20268,39513730250.0,-660001460.0,-444016390.0,,94.7569,핸드셋,3700.0,2265.0,0.0116399505,18691918,066670,3896.0,22121.8,0.1761158676057102,67820925.4,16.635859519408513,7.495741056218064,0.6846187923225054,2.268002268002268,-1.6703091705698934,20.268,-14.729729729729735,https://finance.naver.com/item/main.naver?code=066670
엔시스,KOSDAQ,5350.0,58838818500,-8.1,1.07,-654.0,4968.0,0.8181,25496462500.0,2913808690.0,2121615870.0,,250.96527,전자장비와기기,8450.0,4630.0,0.0124600947,10997910,333620,6724.0,7011.15,0.9590438087902841,38452761.5,1.1342155009451904,-14.673046251993615,0.9590438087902841,-13.16425120772947,11.428286139694869,81.81,-36.68639053254438,https://finance.naver.com/item/main.naver?code=333620
우리산업,KOSDAQ,6450.0,58902451350,4.21,0.49,1536.0,13224.0,1.97493,127149336640.0,4746554010.0,5579275830.0,,10.29196,자동차부품,10400.0,5610.0,0.0330443072,9132163,215360,8482.0,15017.05,0.5648246493152783,101302452.5,-6.926406926406925,-29.738562091503272,0.7044659237333565,11.61524500907441,3.7330544817854583,197.493,-37.980769230769226,https://finance.naver.com/item/main.naver?code=215360
지에스이,KOSDAQ,1966.0,58955615702,14.58,0.58,129.0,3237.0,1.19279,36322157860.0,1961444150.0,1767543780.0,,9.33717,가스유틸리티,4345.0,1415.0,0.0434256536,29987597,053050,131725.0,99104.6,1.3291512200240956,181783176.5,-0.8572869389813387,-17.394957983193283,5.1309020973799395,3.985171455050973,5.400131119853021,119.279,-54.752589182968926,https://finance.naver.com/item/main.naver?code=053050
해성에어로보틱스,KOSDAQ,5260.0,58729472740,413.85,1.52,13.0,3551.0,0.5063,3315335680.0,-735940470.0,1278457200.0,,176.74372,기계,21400.0,4605.0,0.0459917822,11165299,059270,53897.0,44601.5,1.2084122731298275,258781391.0,-29.866666666666664,-59.84732824427481,1.2084122731298275,0.36609405801182765,-22.198068039975972,50.629999999999995,-75.42056074766354,https://finance.naver.com/item/main.naver?code=059270
오리콤,KOSDAQ,4900.0,58677745000,7.28,0.43,666.0,11173.0,0.82636,57274295550.0,3038457570.0,2070967810.0,,11.20754,광고,6910.0,4255.0,0.0407786189,11975050,010470,2151.0,4095.85,0.5251657165179389,19582961.9,3.594080338266381,-18.333333333333336,1.8086599851068765,5.9607983531728275,5.305098108709956,82.636,-29.08827785817656,https://finance.naver.com/item/main.naver?code=010470
옵트론텍,KOSDAQ,1672.0,58458687760,-2.51,0.91,-670.0,1841.0,3.39205,60742904800.0,2645528580.0,-2734233140.0,,250.96527,전자장비와기기,2540.0,1241.0,0.0951530361,34963330,082210,177056.0,81641.15,2.1687102643703575,146693333.55,13.202437373053488,-27.775377969762417,2.1687102643703575,-36.39326453014666,4.355288224543387,339.205,-34.173228346456696,https://finance.naver.com/item/main.naver?code=082210
위닉스,KOSDAQ,3270.0,58446099750,-2.88,0.36,-1160.0,9240.0,6.54454,137862097320.0,-39537243640.0,-48149209010.0,,11.89363,가정용기기와용품,6600.0,3100.0,0.0161567243,17873425,044340,70381.0,341679.45,0.2059854638609375,1440070583.75,-9.040333796940192,-35.629921259842526,0.25416219793142375,-12.554112554112553,-28.678835161072392,654.454,-50.45454545454545,https://finance.naver.com/item/main.naver?code=044340
호전실업,KOSPI,6420.0,58203720000,4.53,0.3,1416.0,21402.0,1.77098,110981607410.0,4354117400.0,303299070.0,,9.12262,"섬유,의류,신발,호화품",8840.0,6100.0,0.0205905581,9066000,111110,2377.0,9149.3,0.2598012962740319,59893714.5,-1.382488479262678,-19.850187265917608,0.9730799077525057,6.616204093075413,3.9232783716265334,177.098,-27.37556561085973,https://finance.naver.com/item/main.naver?code=111110
제이엔케이글로벌,KOSDAQ,2515.0,58267829345,19.8,0.36,126.0,6844.0,0.64042,71445167030.0,-222775850.0,-676553060.0,,-139.5926,석유와가스,5520.0,2255.0,0.0247254385,23168123,126880,21070.0,197357.05,0.106760817513233,603113583.65,-18.476499189627226,-32.21024258760108,0.20829760071910278,1.8410286382232612,-0.3118137436874574,64.042,-54.43840579710144,https://finance.naver.com/item/main.naver?code=126880
토탈소프트,KOSDAQ,6800.0,58194672000,6.92,1.62,997.0,4272.0,0.39198,9595516530.0,4176931290.0,3586134100.0,,6.48527,운송인프라,9790.0,5580.0,0.0788853523,8558040,045340,15857.0,27870.0,0.5689630426982418,187316240.0,-2.298850574712641,-6.849315068493156,0.7475421600287047,23.338014981273407,43.530030686112525,39.198,-30.541368743615937,https://finance.naver.com/item/main.naver?code=045340
덕우전자,KOSDAQ,3650.0,58145631500,8.31,0.54,434.0,6629.0,1.00788,42813267360.0,-555404250.0,-1977645890.0,,94.7569,핸드셋,6880.0,2810.0,0.0274889817,15930310,263600,14772.0,23295.85,0.6341043576430996,85849188.45,-12.99165673420739,-39.267886855241265,1.3002315863125837,6.546990496304119,-1.2972713465894186,100.78800000000001,-46.94767441860465,https://finance.naver.com/item/main.naver?code=263600
이글루,KOSDAQ,5280.0,58059508320,-1332.5,0.73,-4.0,7266.0,0.31828,45896625050.0,28470550.0,1641149490.0,,33.41967,IT서비스,8700.0,4600.0,0.0485921442,10996119,067920,10164.0,32534.7,0.312404909220002,176718484.25,1.3435700575815668,-5.882352941176472,0.8754037996354661,-0.055050922102945224,0.06203190314970665,31.828,-39.310344827586206,https://finance.naver.com/item/main.naver?code=067920
DGI,KOSDAQ,1284.0,58141862016,-17.59,2.52,-73.0,509.0,0.19617,9041478750.0,995482250.0,1442183310.0,,-319.55513,통신장비,1284.0,1284.0,0.0092907256,45281824,099520,,,,,,,,-14.341846758349705,11.01017076437856,19.617,0.0,https://finance.naver.com/item/main.naver?code=099520
비트플래닛,KOSDAQ,2465.0,58038176035,-4.14,0.95,-605.0,2625.0,0.26416,7946015630.0,-766712540.0,-3721999040.0,,161.19616,소프트웨어,19850.0,1002.0,0.2379836074,23544899,049470,41752.0,324382.4,0.12871228525345393,802145442.9,57.40740740740742,290.03164556962025,0.6842418084335031,-23.047619047619047,-9.649018774960552,26.416,-87.58186397984886,https://finance.naver.com/item/main.naver?code=049470
기신정기,KOSPI,1987.0,58020400000,18.88,0.24,107.0,8561.0,0.05878,26719178470.0,-869289670.0,-306514590.0,,176.74372,기계,2645.0,1801.0,0.6330816781,29200000,092440,95349.0,79294.5,1.2024667536840512,157014172.65,5.2436440677966045,-15.983086680761094,1.2024667536840512,1.2498539890199742,-3.2534296328610135,5.878,-24.877126654064273,https://finance.naver.com/item/main.naver?code=092440
LK삼양,KOSDAQ,821.0,57854589240,-2.35,1.74,-350.0,472.0,0.44462,5781963660.0,-1944208010.0,-2570763540.0,,250.96527,전자장비와기기,3155.0,489.0,0.0109155531,70468440,225190,7937456.0,6519920.4,1.2174160899264965,7382406047.05,-39.364844903988185,-64.91452991452992,3.107841469966412,-74.15254237288136,-33.625393107365184,44.462,-73.97781299524564,https://finance.naver.com/item/main.naver?code=225190
엠투엔,KOSDAQ,1450.0,57960061200,-97.93,0.42,-15.0,3477.0,0.25073,22849230170.0,659267480.0,4278935280.0,,10.29196,자동차부품,2320.0,1100.0,0.0126245683,39972456,033310,57476.0,266847.4,0.21538902009163288,393562145.85,3.7938439513242717,-23.482849604221634,0.9949281874209753,-0.4314063848144953,2.8852940562767326,25.073,-37.5,https://finance.naver.com/item/main.naver?code=033310
조비,KOSPI,11140.0,57841542460,30.0,1.08,380.0,10535.0,1.42492,46413477250.0,3843660400.0,3203811360.0,,-31.79194,화학,20950.0,8640.0,0.0177021897,5192239,001550,57008.0,346655.05,0.16445166455818255,4183755898.75,7.218479307025993,-23.646333104866347,1.059243187139492,3.6070242050308496,8.28134547923793,142.492,-46.82577565632459,https://finance.naver.com/item/main.naver?code=001550
머큐리,KOSDAQ,3365.0,57674568925,-22.97,0.38,-148.0,8897.0,0.38816,30144492630.0,1327221240.0,-5937312540.0,,-319.55513,통신장비,12750.0,2480.0,0.0677602002,17139545,100590,50012.0,137634.45,0.36336832820562,516749201.95,-32.96812749003985,-6.527777777777777,0.5846574022710157,-1.6634820726087445,4.402864749759101,38.816,-73.6078431372549,https://finance.naver.com/item/main.naver?code=100590
삼천리자전거,KOSDAQ,4640.0,57536000000,8.82,0.57,526.0,8210.0,0.60376,49883042820.0,3280204460.0,3452951270.0,,10.2259,레저용장비와제품,7450.0,2795.0,0.0229973387,12400000,024950,45244.0,119087.45,0.3799224855347898,549299480.1,18.06615776081424,-19.304347826086953,0.4001429201817656,6.406820950060902,6.575790638587191,60.376,-37.718120805369125,https://finance.naver.com/item/main.naver?code=024950
위지트,KOSDAQ,1354.0,57613395956,6.87,0.37,198.0,3681.0,0.70939,114696622160.0,7811591010.0,-1778760810.0,,15.94641,디스플레이장비및부품,2250.0,503.0,0.0076000022,42550514,036090,448314.0,682181.25,0.6571772531127175,981662535.05,-1.955104996379431,97.37609329446065,9.494866650175448,5.378973105134474,6.810654806471068,70.939,-39.82222222222222,https://finance.naver.com/item/main.naver?code=036090
오픈베이스,KOSDAQ,1826.0,57377271358,6.92,0.59,266.0,3142.0,0.83706,60740382450.0,3160029930.0,4709919300.0,,18.6464,컴퓨터와주변기기,4195.0,1521.0,0.0558577305,31422383,049480,68860.0,112342.0,0.6129497427498175,213168905.75,-14.272300469483568,-21.293103448275865,1.177787470402877,8.465945257797582,5.202518987431894,83.706,-56.471990464839095,https://finance.naver.com/item/main.naver?code=049480
시선AI,KOSDAQ,4100.0,57192876200,-3.0,3.46,-1299.0,1126.0,1.11785,2501569990.0,-2793061700.0,-3383731800.0,,161.19616,소프트웨어,4630.0,2105.0,0.0320829834,13949482,340810,512734.0,196323.85,2.611674536741206,707681756.0,56.48854961832062,42.114384748700175,2.611674536741206,-115.36412078152753,-111.65235077032565,111.785,-11.44708423326134,https://finance.naver.com/item/main.naver?code=340810
에스엠씨지,KOSDAQ,2835.0,56907816840,39.93,1.36,73.0,2138.0,0.77902,17323112320.0,1659713500.0,1417867250.0,,17.74109,포장재,6870.0,1790.0,0.0213264344,20073304,460870,28548.0,80597.05,0.3542065125212399,237105590.9,14.314516129032251,-15.373134328358207,0.46427257573323094,3.4144059869036485,9.58091981014183,77.902,-58.73362445414847,https://finance.naver.com/item/main.naver?code=460870
대양금속,KOSPI,1294.0,56918239850,6.34,0.73,206.0,1789.0,0.5791,52910960070.0,1935401350.0,-1232199590.0,,44.0108,철강,2545.0,1094.0,0.0236412381,43986275,009190,819065.0,289275.7,2.831433819017636,450692788.1,-30.98666666666666,7.833333333333337,2.831433819017636,11.514812744550028,3.657845836551648,57.91,-49.155206286836936,https://finance.naver.com/item/main.naver?code=009190
인터지스,KOSPI,1914.0,56937430836,5.5,0.18,348.0,10387.0,0.77966,224365533150.0,7944932010.0,5475295860.0,,10.21966,해운사,2820.0,1795.0,0.0583149236,29747874,129260,22025.0,24486.3,0.8994825678032206,47223925.0,-1.896463352127109,-25.81395348837209,1.8005170238051482,3.35034177337056,3.541066178238884,77.96600000000001,-32.12765957446808,https://finance.naver.com/item/main.naver?code=129260
화승알앤에이,KOSPI,2995.0,56885900885,3.11,0.34,960.0,8788.0,1.78255,201186387160.0,10561053510.0,8226684060.0,,10.29196,자동차부품,4500.0,2375.0,0.0323586501,18993623,378850,26358.0,50747.7,0.5193929971210518,151719680.25,-0.991735537190086,-21.903520208604952,1.173432490536517,10.923987255348203,5.2493877240317355,178.255,-33.44444444444444,https://finance.naver.com/item/main.naver?code=378850
와이엠텍,KOSDAQ,5170.0,56694220000,16.53,0.92,311.0,5590.0,0.74279,17652206900.0,1844152960.0,1340143130.0,,-78.68198,전기제품,13990.0,3905.0,0.0230012767,10966000,273640,14688.0,18234.85,0.8054905853352236,94499459.45,-21.547799696509863,-31.88405797101449,0.8054905853352236,5.56350626118068,10.447152418092267,74.279,-63.04503216583274,https://finance.naver.com/item/main.naver?code=273640
새론오토모티브,KOSPI,2960.0,56832000000,-108.15,0.23,-27.0,12758.0,0.12656,37578822450.0,-639241970.0,2464040350.0,,10.29196,자동차부품,3495.0,2615.0,0.6596605729,19200000,075180,50311.0,19758.0,2.5463609677092824,58246811.5,-2.148760330578514,-7.788161993769471,2.5463609677092824,-0.21163191722840569,-1.7010697204536807,12.656,-15.307582260371955,https://finance.naver.com/item/main.naver?code=075180
디알젬,KOSDAQ,5000.0,56628050000,8.17,0.6,622.0,8454.0,0.34231,29886762390.0,3496277360.0,3576039670.0,,-32.98986,건강관리장비와용품,6320.0,4605.0,0.155989567,11325610,263690,12024.0,9260.15,1.2984670874661859,46996000.95,-2.34375,-6.8901303538175025,1.2984670874661859,7.357463922403595,11.698414550148268,34.231,-20.88607594936709,https://finance.naver.com/item/main.naver?code=263690
이닉스,KOSDAQ,6240.0,56605710720,221.79,0.46,28.0,13584.0,0.15893,29360530050.0,98190890.0,476896970.0,,-78.68198,전기제품,14400.0,4700.0,0.0158794183,9071428,452400,11398.0,7927.95,1.437698270044589,47539495.5,-4.587155963302747,-38.095238095238095,2.578976910802919,0.2061248527679623,0.3344315985875739,15.892999999999999,-56.666666666666664,https://finance.naver.com/item/main.naver?code=452400
고바이오랩,KOSDAQ,2910.0,56508966990,-8.93,1.76,-326.0,1653.0,1.02628,21810201910.0,-2013797400.0,-3874123840.0,,-11.05155,건강관리업체및서비스,8730.0,2310.0,0.027863077,19418889,348150,9348.0,24089.05,0.3880601352066603,73385553.2,-24.020887728459527,-40.06179196704428,1.3193131319001787,-19.72171808832426,-9.233281783955755,102.62800000000001,-66.66666666666667,https://finance.naver.com/item/main.naver?code=348150
진양제약,KOSDAQ,4000.0,56538348000,2.2,0.36,1828.0,11310.0,0.69228,32646047190.0,4215318740.0,2200726730.0,,47.06703,제약,6040.0,3350.0,0.030718195,14134587,007370,4171.0,13205.9,0.31584367593272705,52709174.3,0.7556675062972307,-20.63492063492064,1.2642076647559046,16.162687886825818,12.912187241128596,69.228,-33.774834437086085,https://finance.naver.com/item/main.naver?code=007370
경창산업,KOSDAQ,1580.0,56594027900,-2.71,0.51,-587.0,3093.0,2.86618,186526380930.0,8404767720.0,6024363560.0,,10.29196,자동차부품,3035.0,1000.0,0.0339221036,35819005,024910,63698.0,120809.9,0.5272581137804104,194024365.75,-8.299477655252463,-22.73838630806846,0.5272581137804104,-18.978338182993856,4.5059404884685765,286.618,-47.94069192751236,https://finance.naver.com/item/main.naver?code=024910
우리바이오,KOSDAQ,5830.0,56500366450,-4.51,0.21,-995.0,21685.0,2.31571,316365547850.0,-2422407260.0,-2800985970.0,,15.94641,디스플레이장비및부품,12900.0,3560.0,0.0247150155,9691315,082850,134797.0,109466.3,1.2314018104201931,104203354.4,208.62890418210696,217.19260065288358,2.030899007274385,-4.58842517869495,-0.7656988178588107,231.57100000000003,-54.8062015503876,https://finance.naver.com/item/main.naver?code=082850
와이어블,KOSDAQ,1181.0,56497574379,12.53,0.73,95.0,1631.0,0.85479,16387468260.0,1238146750.0,1250756800.0,,29.283,무선통신서비스,3300.0,1003.0,0.0158059075,47838759,065530,26933.0,104166.35,0.25855758601506146,131295437.5,-11.203007518796992,-11.601796407185628,0.48706708068392524,5.824647455548743,7.555448653543266,85.479,-64.2121212121212,https://finance.naver.com/item/main.naver?code=065530
우성,KOSPI,18270.0,56454300000,3.17,0.19,5039.0,82793.0,1.43322,163998314240.0,334067840.0,-3000998000.0,,34.32074,식품,25450.0,14500.0,0.0106349515,3090000,006980,141797.0,1740.25,81.4808217210171,27850549.5,4.340376927470024,-17.8876404494382,81.4808217210171,6.086263331441064,0.20370199629681268,143.322,-28.212180746561888,https://finance.naver.com/item/main.naver?code=006980
브이원텍,KOSDAQ,3540.0,56437816440,-5.68,0.52,-614.0,6767.0,0.52187,13037445670.0,-2389117430.0,-2410004010.0,,176.74372,기계,11000.0,3120.0,0.0154167821,15942886,251630,8474.0,16231.05,0.5220857553885916,58972932.35,-12.158808933002485,-49.42857142857143,0.9988263236204682,-9.073444657898627,-18.32504227033914,52.187,-67.81818181818183,https://finance.naver.com/item/main.naver?code=251630
쿼드메디슨,KOSDAQ,4915.0,56434585395,-6.78,1.8,-722.0,2716.0,0.98595,1525000000.0,-2369831700.0,-2348684950.0,,-71.79167,생물공학,27150.0,4735.0,0.0402003534,11482113,464490,10926.0,32578.25,0.3353771304474611,185255022.5,-36.82519280205655,-74.02219873150105,0.6885575498990891,-26.583210603829162,-155.3988,98.595,-81.89686924493554,https://finance.naver.com/item/main.naver?code=464490
레몬,KOSDAQ,2255.0,56182914590,-4.12,5.62,-554.0,406.0,2.77241,6005991530.0,-854123920.0,-204038730.0,,-31.79194,화학,9500.0,1200.0,0.0136732285,24914818,294140,6127.0,68637.85,0.08926561656578695,161425044.0,-10.515873015873012,-49.09706546275395,0.29753262959139887,-136.45320197044336,-14.221197544712489,277.241,-76.26315789473685,https://finance.naver.com/item/main.naver?code=294140
퀀텀레일,KOSDAQ,1587.0,56377744923,98.0,1.15,16.0,1365.0,0.5177,2329588600.0,-1548330970.0,-1309473340.0,,94.7569,핸드셋,3580.0,1155.0,0.0467768241,35524729,070300,279290.0,563011.25,0.496064687872578,1047691710.4,-7.192982456140351,-1.855287569573283,0.932150112453348,1.1721611721611722,-66.46370822728099,51.77,-55.670391061452506,https://finance.naver.com/item/main.naver?code=070300
부산산업,KOSPI,53000.0,55968000000,-16.33,0.45,-3270.0,119423.0,0.97559,24756360520.0,1359934640.0,505414100.0,,7.5794,건축자재,94600.0,33600.0,0.0172660985,1056000,011390,13941.0,29320.65,0.4754669490614976,1534381650.0,18.30357142857142,-37.5,1.130943550023618,-2.738166014921749,5.493273693850698,97.559,-43.97463002114165,https://finance.naver.com/item/main.naver?code=011390
에이프로,KOSDAQ,3700.0,55787342000,-8.94,0.69,-378.0,4901.0,3.81424,16051341070.0,-5621436450.0,-5249704720.0,,250.96527,전자장비와기기,12900.0,2105.0,0.0424973769,15077660,262260,92275.0,57788.85,1.596761312952239,190756040.35,-37.5,-32.72727272727273,1.596761312952239,-7.712711691491532,-35.0215999117138,381.424,-71.31782945736434,https://finance.naver.com/item/main.naver?code=262260
구영테크,KOSDAQ,2030.0,55643122150,2.37,0.36,860.0,5617.0,3.25099,141300022990.0,9173024770.0,6901310990.0,,10.29196,자동차부품,3005.0,1653.0,0.0220849345,27410405,053270,12210.0,57393.95,0.21274019299943636,114187754.65,7.067510548523215,-18.799999999999994,0.40575705279040736,15.310664055545665,6.491877761866456,325.099,-32.445923460898506,https://finance.naver.com/item/main.naver?code=053270
유신,KOSDAQ,18530.0,55590000000,5.29,0.36,3507.0,51711.0,1.21356,111986494440.0,6790496460.0,5121378030.0,,35.85997,건설,29150.0,14300.0,0.0345286667,3000000,054930,5327.0,17421.8,0.30576633872504566,323764175.75,-0.37634408602150726,-24.97975708502024,0.8204663123213446,6.781922608342519,6.063674458207284,121.356,-36.43224699828473,https://finance.naver.com/item/main.naver?code=054930
성원에너텍,KOSDAQ,806.0,55513882710,-1.45,1.1,-557.0,730.0,2.01064,488624170.0,-7956108540.0,-1654181870.0,,250.96527,전자장비와기기,2373.981,732.0,0.0180882149,68875785,340930,14400047.0,2484124.55,5.796829712101191,2511100777.2,-32.097725358045494,-32.097725358045494,5.796829712101191,-76.3013698630137,-1628.2674964687071,201.064,-66.04859095333957,https://finance.naver.com/item/main.naver?code=340930
일진디스플,KOSPI,902.0,55503470462,-7.39,1.63,-122.0,555.0,0.86903,10679988710.0,-676091960.0,-771238590.0,,20.32448,디스플레이패널,944.0,890.0,0.0088297841,61533781,020760,,,,,,,,-21.98198198198198,-6.330455755697143,86.90299999999999,-4.449152542372881,https://finance.naver.com/item/main.naver?code=020760
푸른로보틱스,KOSDAQ,6610.0,55268761460,-89.08,1.45,-76.0,4670.0,0.31668,6013335310.0,-60325890.0,-152747430.0,,18.6464,컴퓨터와주변기기,15700.0,4715.0,0.0219074924,8361386,094940,94621.0,488557.05,0.19367441325429652,3584240299.75,-6.107954545454541,-37.34597156398104,5.0205886907168775,-1.6274089935760172,-1.0032018320960718,31.668000000000003,-57.89808917197452,https://finance.naver.com/item/main.naver?code=094940
디와이덕양,KOSPI,1695.0,55197641100,44.66,0.46,38.0,3682.0,4.25173,414823220950.0,-7918872290.0,-2655559530.0,,10.29196,자동차부품,2600.0,1650.0,0.0176009013,32564980,024900,24817.0,51927.35,0.47791770617988405,90226471.65,-9.40673436664885,-22.602739726027398,0.519899436424158,1.0320478001086366,-1.9089751706437108,425.173,-34.80769230769231,https://finance.naver.com/item/main.naver?code=024900
코스리거글로벌,KOSDAQ,3185.0,55140318870,-6.36,1.57,-510.0,2065.0,7.45637,42378316180.0,-600054600.0,-6278311050.0,,-11.05155,건강관리업체및서비스,5630.0,2555.0,0.0029363174,17312502,043710,2099.0,11024.8,0.19038894129598724,37308999.2,-19.16243654822335,268.2080924855491,0.44545025760104495,-24.69733656174334,-1.4159472439898153,745.637,-43.42806394316163,https://finance.naver.com/item/main.naver?code=043710
피엔케이피부임상연구센타,KOSDAQ,1829.0,54889343504,11.19,0.65,162.0,2792.0,0.07528,6594624020.0,1509589400.0,1506542120.0,,-33.26304,생명과학도구및서비스,3110.0,1292.0,0.0166399672,30010576,347740,23021.0,35968.15,0.6400384784872172,66906348.65,-3.5846072746441804,-22.827004219409286,0.6400384784872172,5.802292263610315,22.89121253041504,7.528,-41.18971061093247,https://finance.naver.com/item/main.naver?code=347740
알체라,KOSDAQ,1300.0,54799741100,-18.41,2.2,-69.0,578.0,0.77693,2739481440.0,-3201038700.0,-3277691360.0,,161.19616,소프트웨어,3280.0,1198.0,0.0563188281,42153647,347860,103575.0,159605.8,0.6489425822871099,215976622.05,-24.418604651162788,-20.972644376899694,3.9161797378290766,-11.937716262975778,-116.84834411581193,77.693,-60.36585365853659,https://finance.naver.com/item/main.naver?code=347860
에스디생명공학,KOSDAQ,499.0,54756837359,-7.34,1.86,-68.0,268.0,0.15942,6295966040.0,-1389669710.0,-874528650.0,,45.04075,화장품,499.0,499.0,0.0167177024,109733141,217480,,,,,,,,-25.37313432835821,-22.07238255687923,15.942,0.0,https://finance.naver.com/item/main.naver?code=217480
한국첨단소재,KOSDAQ,1914.0,54633803598,-2.82,3.0,-678.0,638.0,0.68091,1187772170.0,-595910620.0,1481483050.0,,-319.55513,통신장비,10104.346,1849.0,0.0,28544307,062970,592064.0,2001263.5,0.2958450998581646,4883555368.15,-30.526315789473678,-24.347826086956527,0.36154959104585677,-106.26959247648904,-50.17044809190975,68.09100000000001,-81.05765578494639,https://finance.naver.com/item/main.naver?code=062970
위츠,KOSDAQ,4055.0,54605035500,26.64,1.2,152.0,3373.0,3.0659,42713103870.0,-1242192580.0,-2107440980.0,,94.7569,핸드셋,9290.0,3050.0,0.0471017592,13466100,459100,8366.0,13073.65,0.6399131076631239,56295697.9,-22.01923076923077,-38.1859756097561,1.2252890355791994,4.506374147643047,-2.90822363034232,306.59000000000003,-56.350914962325085,https://finance.naver.com/item/main.naver?code=459100
모나리자,KOSPI,1492.0,54564312460,36.68,0.63,41.0,2391.0,0.19475,34526229300.0,1116872280.0,590664150.0,,6.39053,가정용품,2695.0,1275.0,0.0256568444,36571255,012690,95044.0,518234.2,0.1833997061560198,795301948.6,-10.60515278609946,-31.244239631336402,3.959406770143692,1.7147636971978253,3.234851597304314,19.475,-44.638218923933216,https://finance.naver.com/item/main.naver?code=012690
삼양케이씨아이,KOSDAQ,5070.0,54554214000,5.65,0.44,905.0,11666.0,0.16924,35512546130.0,3818874510.0,3034181160.0,,-31.79194,화학,7440.0,4710.0,0.0320764484,10760200,036670,23589.0,7917.75,2.9792554703040635,40319588.8,-3.9772727272727293,-20.15748031496063,2.9792554703040635,7.757586147779873,10.753592536058466,16.924,-31.854838709677423,https://finance.naver.com/item/main.naver?code=036670
한패스,KOSDAQ,5160.0,54551520000,5.81,1.17,898.0,4459.0,1.46617,14416381330.0,-3211382030.0,-4877649910.0,,33.41967,IT서비스,47750.0,4420.0,0.0481483163,10572000,408470,22458.0,64715.5,0.3470266010461172,356750165.25,-36.45320197044335,-81.02941176470588,6.604121114725221,20.139044628840548,-22.275923177179166,146.617,-89.19371727748691,https://finance.naver.com/item/main.naver?code=408470
SG&G,KOSDAQ,3185.0,54283859630,1.96,0.13,1612.0,24694.0,0.17173,12824607280.0,1444308430.0,68406281790.0,,10.29196,자동차부품,5010.0,2685.0,0.0309529126,17043598,040610,27792.0,34103.05,0.81494177207024,108080207.25,2.5764895330112614,50.23584905660377,1.6006192994468236,6.527901514537944,11.262009030501869,17.173,-36.42714570858283,https://finance.naver.com/item/main.naver?code=040610
이지스,KOSDAQ,5280.0,54266784000,-8.33,0.98,-591.0,5008.0,0.31695,5586409070.0,-2423008280.0,-2929954750.0,,33.41967,IT서비스,33300.0,3290.0,0.0203866586,10277800,261520,174311.0,123977.45,1.4059895569718526,618651725.3,16.299559471365633,-51.33640552995391,12.9916367855606,-11.80111821086262,-43.37326983467754,31.695,-84.14414414414415,https://finance.naver.com/item/main.naver?code=261520
에르코스,KOSDAQ,7120.0,54232918960,-8.35,1.0,-855.0,7124.0,1.02505,10269496390.0,-478081830.0,-2578659290.0,,34.32074,식품,17000.0,5830.0,0.0085396016,7616983,435570,3301.0,4023.8,0.8203688056066405,28109666.0,8.536585365853666,-48.74010079193665,2.0167503355037524,-12.00168444693992,-4.655358080319652,102.505,-58.11764705882353,https://finance.naver.com/item/main.naver?code=435570
엔젯,KOSDAQ,4980.0,54141648660,-7.01,1.46,-720.0,3449.0,0.52334,4073587980.0,106851950.0,-1203650930.0,,15.94641,디스플레이장비및부품,12800.0,3000.0,0.0,10871817,419080,37280.0,62064.25,0.6006678562940824,358380594.25,18.99641577060931,-20.700636942675153,1.734686232412379,-20.87561612061467,2.6230426475286293,52.334,-61.09375,https://finance.naver.com/item/main.naver?code=419080
오리엔트바이오,KOSPI,913.0,54133141326,-4.11,0.75,-222.0,1212.0,0.1543,6591323780.0,50062910.0,4847082300.0,,-71.79167,생물공학,1632.0,745.0,0.0041899765,59291502,002630,756545.0,410630.35,1.8423991309945795,425743213.5,89.02691511387164,50.164473684210535,1.8423991309945795,-18.316831683168317,0.7595273980001631,15.43,-44.056372549019606,https://finance.naver.com/item/main.naver?code=002630
평화산업,KOSPI,984.0,54023822856,3.42,0.86,286.0,1132.0,2.42802,172187312680.0,8257102610.0,7376019050.0,,10.29196,자동차부품,1085.0,787.0,0.0373825237,54902259,090080,50653.0,221365.65,0.22882050580114846,228445256.0,14.41860465116278,0.7164790174001956,0.29091686085894536,25.265017667844525,4.7954187108694475,242.80200000000002,-9.308755760368658,https://finance.naver.com/item/main.naver?code=090080
동우팜투테이블,KOSDAQ,2100.0,54015704400,1.9,0.22,1100.0,9312.0,0.15061,91204830040.0,957374940.0,10777546710.0,,34.32074,식품,2730.0,1978.0,0.0624900765,25721764,088910,28496.0,43889.45,0.64926764860348,92364854.1,-10.256410256410254,-13.934426229508201,1.3630154854982235,11.812714776632301,1.0496976306848231,15.061,-23.076923076923073,https://finance.naver.com/item/main.naver?code=088910
한국선재,KOSDAQ,2115.0,53962118460,163.46,0.41,13.0,5127.0,1.04021,71721118510.0,9225964950.0,3967466360.0,,44.0108,철강,5050.0,1801.0,0.0462184219,25514004,025550,63303.0,56059.8,1.1292048847837488,123368110.0,-18.809980806142036,-37.518463810930584,1.1292048847837488,0.25355958650282817,12.863665739838726,104.02100000000002,-58.11881188118812,https://finance.naver.com/item/main.naver?code=025550
전방,KOSPI,32100.0,53928000000,1.25,0.16,26160.0,199651.0,0.03546,6906421860.0,-140967480.0,874999000.0,,9.12262,"섬유,의류,신발,호화품",45500.0,22750.0,0.0098095238,1680000,000950,1376.0,2476.25,0.5556789500252398,82584676.25,20.45028142589118,-19.950124688279303,0.7511357900050479,13.102864498549971,-2.0411072890934,3.546,-29.450549450549445,https://finance.naver.com/item/main.naver?code=000950
퓨런티어,KOSDAQ,6300.0,53908029000,-9.11,1.36,-719.0,4810.0,0.11109,8628302520.0,-494123250.0,-134531390.0,,250.96527,전자장비와기기,18930.0,4415.0,0.0775271917,8556830,370090,20751.0,24250.75,0.855684875725493,160513343.5,-26.315789473684216,-52.6671675432006,3.1792418791171406,-14.94802494802495,-5.726772431247578,11.109,-66.71949286846277,https://finance.naver.com/item/main.naver?code=370090
케이피항공산업,KOSDAQ,7290.0,53896879980,0.0,0.0,0.0,0.0,1.89844,14324928260.0,-584105430.0,-13795176050.0,,40.34295,우주항공과국방,46500.0,5740.0,0.012301336,7393262,288180,17167.0,37129.5,0.46235473141302735,305035314.25,-40.58679706601467,-83.3751425313569,0.5219300017506295,,-4.077545237214332,189.844,-84.3225806451613,https://finance.naver.com/item/main.naver?code=288180
인바이오젠,KOSPI,5350.0,53736555600,-39.23,0.35,-142.0,15788.0,0.038,1509728070.0,-924447290.0,-1475472250.0,,250.96527,전자장비와기기,14300.0,4805.0,0.0076708824,10044216,101140,2323.0,3720.3,0.6244120097841571,19650190.5,-21.323529411764707,-44.15448851774531,0.6244120097841571,-0.899417278946035,-61.2327019924853,3.8,-62.58741258741259,https://finance.naver.com/item/main.naver?code=101140
알파칩스,KOSDAQ,8060.0,53693640520,-34.0,1.28,-240.0,6356.0,0.69577,20999360860.0,-1157748980.0,-860215960.0,,30.41324,반도체와반도체장비,21300.0,6100.0,0.0083299533,6661742,117670,5866.0,12207.1,0.4805400135986434,104289348.5,-37.422360248447205,-52.080856123662315,1.8488420673214767,-3.775959723096287,-5.5132581782777175,69.577,-62.15962441314554,https://finance.naver.com/item/main.naver?code=117670
SJM,KOSPI,3440.0,53680849120,4.42,0.23,777.0,14855.0,0.21652,52531286470.0,4690425730.0,6467583300.0,,10.29196,자동차부품,4200.0,2945.0,0.0761362234,15604898,123700,693.0,11178.85,0.061992065373450755,38005214.05,6.009244992295848,-11.568123393316199,0.6499774127034533,5.230562100302929,8.928823269307609,21.651999999999997,-18.0952380952381,https://finance.naver.com/item/main.naver?code=123700
알피바이오,KOSDAQ,6190.0,53644774590,11.57,0.51,541.0,12393.0,0.46043,39770421880.0,4091203200.0,2970188910.0,,47.06703,제약,9130.0,4810.0,0.0192995653,8666361,314140,74609.0,61774.3,1.2077676315231414,389969166.0,10.931899641577058,-13.668061366806139,1.2077676315231414,4.365367546195433,10.287050040214458,46.043,-32.20153340635268,https://finance.naver.com/item/main.naver?code=314140
제이투케이바이오,KOSDAQ,9130.0,53387519790,20.57,1.63,459.0,5775.0,0.18724,15604505320.0,2693030620.0,2666149500.0,,45.04075,화장품,12860.0,6710.0,0.0208053619,5847483,420570,44936.0,98391.05,0.4567082066915639,1009465155.5,24.21768707482994,10.666666666666668,1.2024366037358072,7.9480519480519485,17.258032630796656,18.724,-29.00466562986003,https://finance.naver.com/item/main.naver?code=420570
서원,KOSPI,1123.0,53313964570,-9.43,0.37,-119.0,3073.0,2.24797,586857574700.0,27617272520.0,10007040550.0,,29.9981,비철금속,1990.0,885.0,0.0621739967,47474590,021050,73900.0,249087.75,0.2966825947883828,275762543.9,0.08912655971480277,-15.181268882175225,0.5797394693235617,-3.8724373576309796,4.7059582615284254,224.797,-43.56783919597989,https://finance.naver.com/item/main.naver?code=021050
디와이디,KOSDAQ,1286.0,53213664060,-2.47,3.39,-500.0,364.0,1.16166,13902183670.0,215225010.0,-169957710.0,,45.04075,화장품,2295.0,193.0,0.0573743433,41379210,219550,85321.0,33013.75,2.5844080118132595,40185490.0,-5.092250922509223,-10.383275261324043,2.5844080118132595,-137.36263736263737,1.5481381566296053,116.166,-43.96514161220043,https://finance.naver.com/item/main.naver?code=219550
인성정보,KOSDAQ,1053.0,53192695140,-15.94,0.61,-67.0,1738.0,1.58869,99991272200.0,869336360.0,3024158250.0,,33.41967,IT서비스,2430.0,801.0,0.0563306066,50515380,033230,83838.0,279946.85,0.2994782759655985,314073754.7,-15.42168674698795,-36.026731470230864,1.3023579297284469,-3.855005753739931,0.8694122405615318,158.869,-56.666666666666664,https://finance.naver.com/item/main.naver?code=033230
범양건영,KOSPI,1935.0,53173451700,-0.61,-0.76,-3184.0,-2532.0,-2.46534,1003503790.0,-461367540.0,854182470.0,,35.85997,건설,1935.0,1935.0,0.0113706349,27479820,002410,,,,,,,,125.75039494470775,-45.97566492499246,-246.534,0.0,https://finance.naver.com/item/main.naver?code=002410
코렌텍,KOSDAQ,3965.0,53160380650,8.11,0.68,489.0,5844.0,0.7547,25794979320.0,1454890370.0,1135726760.0,,-32.98986,건강관리장비와용품,7440.0,3385.0,0.0352420788,13407410,104540,4800.0,14555.05,0.3297824466422307,59812630.2,-4.457831325301209,-40.286144578313255,0.6895201321877974,8.367556468172484,5.640207545628689,75.47,-46.706989247311824,https://finance.naver.com/item/main.naver?code=104540
노랑풍선,KOSDAQ,3150.0,52953238800,-18.21,1.32,-173.0,2380.0,1.52652,19299277440.0,773021660.0,585503030.0,,15.60994,"호텔,레스토랑,레저",7580.0,2660.0,0.0277423371,16810552,104620,15733.0,66386.75,0.23699006202291872,215877251.15,-14.051841746248295,-38.4765625,0.3939641570042215,-7.268907563025211,4.005443532294233,152.65200000000002,-58.44327176781003,https://finance.naver.com/item/main.naver?code=104620
앤디포스,KOSDAQ,1736.0,52931403840,7.67,0.42,230.0,4190.0,0.40138,10690864930.0,-1484482440.0,-1383127470.0,,94.7569,핸드셋,4150.0,1537.0,0.010648354,30490440,238090,17713.0,21111.05,0.8390392709031527,39591896.9,-28.41237113402062,-17.333333333333336,1.3136722237880163,5.4892601431980905,-13.885522356889416,40.138,-58.168674698795186,https://finance.naver.com/item/main.naver?code=238090
윈팩,KOSDAQ,1938.0,52888107210,-3.43,0.83,-560.0,2305.0,1.14329,30184870610.0,794949160.0,126508220.0,,30.41324,반도체와반도체장비,3765.0,1324.0,0.0067000989,27290045,097800,28886.0,202209.95,0.14285152634675,447172207.9,-20.410677618069816,321.304347826087,0.22611646954069273,-24.295010845986983,2.633601350395187,114.329,-48.525896414342625,https://finance.naver.com/item/main.naver?code=097800
코리아나,KOSDAQ,1322.0,52880000000,-5.26,0.5,-249.0,2600.0,0.19512,18933611530.0,-1057751760.0,-1137225650.0,,45.04075,화장품,3055.0,1150.0,0.035675975,40000000,027050,69646.0,266575.8,0.26126152486459764,413355204.95,-8.512110726643595,-35.669099756691004,0.40557695034583036,-9.576923076923077,-5.586634955111493,19.512,-56.72667757774141,https://finance.naver.com/item/main.naver?code=027050
에이에스텍,KOSDAQ,8190.0,52779824370,21.73,0.79,382.0,10500.0,0.70179,4256179710.0,-4893353010.0,-5154528140.0,,45.04075,화장품,22900.0,7970.0,0.1315947138,6444423,453860,3526.0,9936.75,0.35484439077163055,88843352.75,-26.149684400360684,-46.61016949152542,1.2754673308677384,3.638095238095238,-114.97054502898327,70.179,-64.235807860262,https://finance.naver.com/item/main.naver?code=453860
파이오링크,KOSDAQ,8250.0,52778013750,7.19,0.61,1160.0,13588.0,0.16425,15846660540.0,-132049800.0,1187033610.0,,-319.55513,통신장비,14420.0,7070.0,0.0426466646,6397335,170790,7563.0,11276.15,0.670707644009702,95103281.5,0.6097560975609762,-5.714285714285716,0.835302829423163,8.536944362672946,-0.8332973352125582,16.425,-42.787794729542306,https://finance.naver.com/item/main.naver?code=170790
덕성,KOSPI,3365.0,52763200000,9.25,0.52,359.0,6371.0,0.55062,32843263060.0,809386850.0,819573030.0,,9.12262,"섬유,의류,신발,호화품",5950.0,2720.0,0.0391471301,15680000,004830,134012.0,146252.05,0.9163085235386444,519799753.9,-6.527777777777777,-31.951466127401417,0.9163085235386444,5.6349081776801135,2.4643923124245135,55.062,-43.445378151260506,https://finance.naver.com/item/main.naver?code=004830
HLB파나진,KOSDAQ,1155.0,52584793800,-16.03,0.71,-70.0,1591.0,0.10989,3708157720.0,-158046200.0,1550223930.0,,-33.26304,생명과학도구및서비스,2940.0,980.0,0.0156458361,45527960,046210,177996.0,95061.3,1.872433892656633,109218060.05,-19.06096706377015,-42.19219219219219,2.1036531164627457,-4.3997485857950975,-4.262121838765801,10.989,-60.71428571428572,https://finance.naver.com/item/main.naver?code=046210
CJ 바이오사이언스,KOSDAQ,4020.0,52523157240,-2.17,0.97,-1837.0,4105.0,0.4466,898152060.0,-6399328470.0,-6207905930.0,,-33.26304,생명과학도구및서비스,10430.0,3060.0,0.027863079,13065462,311690,2488.0,6258.55,0.39753617051873036,24753330.8,-17.959183673469393,-53.31010452961673,1.8199103626239304,-44.750304506699145,-712.4994480333319,44.66,-61.45733461169702,https://finance.naver.com/item/main.naver?code=311690
에이프로젠,KOSPI,2120.0,52631020360,-0.61,0.28,-3540.0,7695.0,0.62814,35526127030.0,-22444831320.0,-42306328920.0,,47.06703,제약,7800.0,280.0,0.0,24825953,007460,333565.0,642348.15,0.5192900454371978,1726359612.05,-31.502423263327948,440.8163265306122,4.491629655973945,-46.00389863547758,-63.17837939679292,62.814,-72.82051282051283,https://finance.naver.com/item/main.naver?code=007460
다보링크,KOSDAQ,1012.0,52687525264,-8.98,3.42,-113.0,297.0,2.40908,16651631710.0,-931842220.0,-291788360.0,,-319.55513,통신장비,2385.0,525.0,0.0070272094,52062772,340360,182755.0,333156.75,0.5485555973276843,307978207.1,-25.697503671071953,-37.142857142857146,1.0936173437878716,-38.04713804713805,-5.59610154865718,240.908,-57.56813417190776,https://finance.naver.com/item/main.naver?code=340360
딥노이드,KOSDAQ,1790.0,52576295280,-3.74,1.82,-472.0,970.0,0.52466,1311026880.0,-3296739500.0,-3234230620.0,,33.41967,IT서비스,5320.502,1120.0,0.0286215906,29372232,315640,75223.0,100384.55,0.7493483808016274,171141630.95,-19.369369369369373,-51.02599179206566,0.7493483808016274,-48.65979381443299,-251.46238801755155,52.466,-66.35655808418079,https://finance.naver.com/item/main.naver?code=315640
유티아이,KOSDAQ,2435.0,52521291765,-1.16,0.71,-2041.0,3344.0,1.94628,5494477120.0,-15888678330.0,13892078970.0,,94.7569,핸드셋,29300.0,1680.0,0.1019123506,21569319,179900,356557.0,793040.05,0.4496078098451648,2023731430.65,-85.7768691588785,-89.22566371681417,2.1200013795015775,-61.03468899521531,-289.17543895423483,194.62800000000001,-91.68941979522184,https://finance.naver.com/item/main.naver?code=179900
우원개발,KOSDAQ,2905.0,52505986750,1.09,0.33,2654.0,8672.0,0.59265,67376910050.0,4034908050.0,3438013130.0,,35.85997,건설,6610.0,2470.0,0.0681720781,18074350,046940,55463.0,121206.7,0.4575902157223982,368511885.15,-12.762762762762758,-42.13147410358565,0.6755319631670527,30.604243542435423,5.9885620266731125,59.265,-56.051437216338876,https://finance.naver.com/item/main.naver?code=046940
포스뱅크,KOSDAQ,5100.0,51973523700,13.21,0.64,392.0,8078.0,0.35999,36611393510.0,6319737320.0,6659774220.0,,15.16342,상업서비스와공급품,6900.0,3230.0,0.0375590466,10190887,105760,21967.0,81556.35,0.26934751248676525,389210543.6,25.92592592592593,-6.422018348623848,0.5315465932450385,4.852686308492201,17.261668333585373,35.998999999999995,-26.086956521739136,https://finance.naver.com/item/main.naver?code=105760
씨케이솔루션,KOSPI,1598.0,51905289984,-1.15,0.64,-1265.0,2264.0,1.93074,84959558610.0,607653310.0,-1171134720.0,,176.74372,기계,4171.205,1039.0,0.0118003813,32481408,480370,304191.0,145403.95,2.092040828326878,227115800.5,-1.9631901840490795,-51.72205438066465,2.092040828326878,-55.87455830388692,0.7152265382985139,193.07399999999998,-61.6897275487539,https://finance.naver.com/item/main.naver?code=480370
에피소드컴퍼니,KOSDAQ,2955.0,51697376310,-4.69,1.95,-635.0,1525.0,1.35996,19429399420.0,-3100277850.0,-2893052170.0,,20.01555,양방향미디어와서비스,6020.0,1960.0,0.0028966186,17494882,317530,4197.0,3937.8,1.0658235563004723,11385241.6,-2.4752475247524774,-31.99079401611047,1.7017116156229366,-41.63934426229508,-15.956632436145574,135.996,-50.91362126245846,https://finance.naver.com/item/main.naver?code=317530
레이저옵텍,KOSDAQ,3485.0,51737581635,-4.27,2.09,-833.0,1704.0,0.54157,8787517770.0,-990789800.0,-772468110.0,,-32.98986,건강관리장비와용품,7700.0,1900.0,0.0191987749,14845791,199550,64227.0,99590.15,0.6449131766545185,283806172.65,-6.568364611260058,-35.9375,1.50341173298765,-48.88497652582159,-11.27496781153024,54.157,-54.74025974025973,https://finance.naver.com/item/main.naver?code=199550
한컴라이프케어,KOSPI,1860.0,51474395160,-6.7,0.41,-279.0,4590.0,0.44609,55074218230.0,7608901630.0,6819492290.0,,-32.98986,건강관리장비와용품,3780.0,1524.0,0.0399213266,27674406,372910,37486.0,510551.65,0.07342254206797685,1043656042.25,-5.391658189216686,-32.240437158469945,0.13733380354367672,-6.078431372549019,13.815723353936384,44.609,-50.79365079365079,https://finance.naver.com/item/main.naver?code=372910
코콤,KOSDAQ,2930.0,51364365000,8.5,0.38,343.0,7612.0,0.15744,19700017070.0,-538383660.0,1228848550.0,,-319.55513,통신장비,4540.0,2335.0,0.0186089387,17530500,015710,9241.0,99735.8,0.09265479396565726,317694918.75,-2.006688963210701,-20.272108843537417,0.13609957507735437,4.506043089858118,-2.7329096116361895,15.744,-35.46255506607929,https://finance.naver.com/item/main.naver?code=015710
경남스틸,KOSDAQ,1899.0,51234267996,11.09,0.45,172.0,4224.0,0.48791,98311297930.0,2246976780.0,2232219030.0,,44.0108,철강,3430.0,1548.0,0.0325542955,26979604,039240,75838.0,44203.85,1.715642415762428,85023540.85,-10.845070422535208,-27.241379310344826,3.254173561805137,4.071969696969697,2.2855733036907937,48.791000000000004,-44.63556851311954,https://finance.naver.com/item/main.naver?code=039240
제이티,KOSDAQ,4965.0,51216522045,-111.28,0.69,-43.0,6972.0,0.38891,13867728720.0,2338131190.0,5686318630.0,,30.41324,반도체와반도체장비,8040.0,2935.0,0.0796022457,10315513,089790,188966.0,167218.7,1.130053038326455,810620810.45,7.00431034482758,-23.261205564142195,9.352853478707823,-0.6167527251864601,16.860231673179136,38.891,-38.24626865671642,https://finance.naver.com/item/main.naver?code=089790
MSDI,KOSDAQ,2530.0,51145890510,-11.66,1.44,-202.0,1631.0,0.85495,8493556490.0,511543620.0,-203613940.0,,94.7569,핸드셋,6274.035,1304.839,0.0,20215767,123010,126870.0,114852.05,1.104638532790664,244562125.4,3.901437371663241,156.85279187817258,1.2152678162906103,-12.385039852851012,6.022725822831373,85.495,-59.675073537205314,https://finance.naver.com/item/main.naver?code=123010
더블유에스아이,KOSDAQ,1232.0,51141906816,-11.58,0.85,-106.0,1436.0,0.40041,12925235600.0,1026956770.0,817597050.0,,47.06703,제약,5000.0,1012.0,0.0593108072,41511288,299170,143737.0,171197.85,0.8395958243634485,220302494.05,-22.758620689655174,-60.449438202247194,0.8395958243634485,-7.381615598885793,7.945362094598879,40.041,-75.36,https://finance.naver.com/item/main.naver?code=299170
대모,KOSDAQ,6140.0,51111938800,25.59,1.01,227.0,5781.0,0.36519,11589523340.0,973689210.0,1045245580.0,,176.74372,기계,10910.0,4800.0,0.0372213319,8324420,317850,503330.0,35127.85,14.328517116760633,202070805.0,-8.766716196136704,-29.908675799086758,14.328517116760633,3.9266562878394744,8.401460365841068,36.519,-43.721356553620524,https://finance.naver.com/item/main.naver?code=317850
고려산업,KOSPI,2045.0,51001124125,5.27,0.43,391.0,4843.0,1.45832,79477910890.0,3997292210.0,2742488530.0,,34.32074,식품,3320.0,1648.0,0.0204710012,24939425,002140,169219.0,838603.75,0.2017866006442256,1793713946.0,3.8071065989847774,-21.647509578544067,1.6490613117339388,8.07350815610159,5.029437947271138,145.832,-38.403614457831324,https://finance.naver.com/item/main.naver?code=002140
현우산업,KOSDAQ,2535.0,51079922985,6.12,0.41,412.0,6129.0,0.74407,75401954990.0,4312212950.0,6017995030.0,,250.96527,전자장비와기기,4972.0,1860.0,0.0700969748,20149871,092300,29455.0,113606.75,0.25927156617014396,309692725.35,-25.22123893805309,-27.467811158798284,1.659056350084832,6.722140642845488,5.7189670354991415,74.407,-49.01448109412711,https://finance.naver.com/item/main.naver?code=092300
마이크로투나노,KOSDAQ,8610.0,50961642900,-9.92,1.9,-836.0,4366.0,0.88981,11178622900.0,1132613110.0,921428820.0,,30.41324,반도체와반도체장비,16340.0,4840.0,0.0423393575,5918890,424980,28452.0,17667.05,1.61045562218933,134387455.75,-6.413043478260871,-37.10737764791819,3.243099442181915,-19.147961520842877,10.131955609666376,88.981,-47.307221542227666,https://finance.naver.com/item/main.naver?code=424980
인팩,KOSPI,5090.0,50900000000,4.33,0.39,1196.0,13223.0,3.3356,192102095290.0,8545096720.0,5052799530.0,,10.29196,자동차부품,13560.0,4430.0,0.0,10000000,023810,31027.0,13235.8,2.344172622735309,69486229.5,-3.7807183364839347,-39.76331360946745,2.344172622735309,9.044846101489828,4.44820589129973,333.56,-62.463126843657825,https://finance.naver.com/item/main.naver?code=023810
TS인베스트먼트,KOSDAQ,2135.0,50766401490,6.18,0.51,344.0,4152.0,0.18987,7093597470.0,5416260180.0,4355719840.0,,14.36921,창업투자,4641.762,1300.0,0.0040923664,23778174,246690,69371.0,112197.65,0.6182928073805468,222095482.85,50.24630541871922,4.146341463414638,1.2384216603467186,8.285163776493256,76.35420818429947,18.987000000000002,-54.0045353467067,https://finance.naver.com/item/main.naver?code=246690
에스씨디,KOSDAQ,1051.0,50794371764,8.11,0.38,132.0,2824.0,0.26676,47910333250.0,88592230.0,-62387940.0,,-78.68198,전기제품,1672.0,998.0,0.5489191461,48329564,042110,183860.0,266392.0,0.6901858914682123,295844407.65,-12.924606462303235,-22.54974207811349,0.8989759452235803,4.674220963172805,0.18491257311385953,26.676,-37.141148325358856,https://finance.naver.com/item/main.naver?code=042110
케이사인,KOSDAQ,7170.0,50671286250,19.51,0.55,371.0,13139.0,0.63125,9940269910.0,936297170.0,119567580.0,,161.19616,소프트웨어,16000.0,6330.0,0.0407523569,7067125,192250,7490.0,23085.75,0.32444256738464206,181893166.75,-13.30108827085853,-27.20812182741117,0.32444256738464206,2.823654768247203,9.419232862661776,63.125,-55.1875,https://finance.naver.com/item/main.naver?code=192250
윙입푸드,KOSDAQ,1418.0,50456313976,,,,,0.25105,47060461000.0,5889881000.0,2968911000.0,,34.32074,식품,4807.237,905.0,0.1163025088,35582732,900340,72213.0,1335254.45,0.05408182687576889,2518648609.4,-15.19138755980861,101.70697012802275,0.11254484117240726,,12.51556163038862,25.105,-70.50280649778658,https://finance.naver.com/item/main.naver?code=900340
진양산업,KOSPI,3880.0,50440000000,7.3,0.76,534.0,5164.0,0.67568,23691833000.0,1632307510.0,1159046510.0,,-31.79194,화학,8090.0,3660.0,0.0404487692,13000000,003780,25507.0,92480.25,0.27581024056487735,362883851.9,-26.792452830188683,-36.60130718954249,0.3626287774957356,10.340821068938807,6.88974766114551,67.568,-52.03955500618047,https://finance.naver.com/item/main.naver?code=003780
대진첨단소재,KOSDAQ,2825.0,50428566500,-1.06,0.8,-2671.0,3532.0,1.51557,27002246620.0,-560473710.0,-929746630.0,,-78.68198,전기제품,8370.0,2340.0,0.0388198413,17850820,393970,,,,,,,,-75.62287655719139,-2.075655844076577,151.55700000000002,-66.24850657108722,https://finance.naver.com/item/main.naver?code=393970
엘컴텍,KOSDAQ,2980.0,50330718940,20.0,0.59,145.0,4885.0,0.20891,20689688960.0,1807246730.0,1876194320.0,,250.96527,전자장비와기기,3880.0,696.0,0.0058547016,16889503,037950,19269.0,37071.15,0.5197842527140377,110765140.95,15.05791505791505,290.56356487549147,0.5197842527140377,2.968270214943705,8.735011596810395,20.891000000000002,-23.19587628865979,https://finance.naver.com/item/main.naver?code=037950
에이테크솔루션,KOSDAQ,5000.0,50000000000,110.22,0.57,46.0,8845.0,2.66614,72995045000.0,-328455000.0,-774681000.0,,176.74372,기계,14250.0,3995.0,0.0179028,10000000,071670,8843.0,14013.2,0.6310478691519424,71609413.15,-15.540540540540537,-48.71794871794872,1.2231324750949104,0.5200678349349915,-0.44996889857386896,266.614,-64.91228070175438,https://finance.naver.com/item/main.naver?code=071670
포인트엔지니어링,KOSDAQ,4365.0,50631442110,-8.35,0.74,-520.0,5860.0,0.38659,10383315030.0,1250142000.0,1626047860.0,,15.94641,디스플레이장비및부품,6105.191,3900.0,0.0058702103,11599414,256630,4390.0,3293.5,1.3329284955214817,14230490.75,-7.1276595744680815,302.67527675276756,1.3329284955214817,-8.873720136518772,12.039912074207768,38.659,-28.503465329749712,https://finance.naver.com/item/main.naver?code=256630
케이비아이동국실업,KOSPI,2250.0,50081863500,1.6,0.19,1415.0,11830.0,2.2412,215781763850.0,27012870.0,3554943250.0,,10.29196,자동차부품,4820.0,1890.0,0.0107760118,22258606,001620,26133.0,18447.45,1.4166185570363383,40073126.6,-5.263157894736848,153.6640360766629,1.4166185570363383,11.961115807269653,0.012518606539326424,224.12,-53.3195020746888,https://finance.naver.com/item/main.naver?code=001620
코위버,KOSDAQ,5120.0,50159616000,13.64,0.3,379.0,17332.0,0.17899,11970936370.0,-1273427520.0,-421997280.0,,-319.55513,통신장비,14550.0,4075.0,0.0335174751,9796800,056360,25119.0,51395.2,0.488742139343752,294818863.75,-25.14619883040936,-3.396226415094339,0.5155928958346305,2.1867066697438267,-10.6376600847307,17.899,-64.81099656357388,https://finance.naver.com/item/main.naver?code=056360
HC홈센타,KOSDAQ,1974.0,50115913974,-2.5,0.36,-800.0,5570.0,1.49133,85144401440.0,-1956121730.0,-1250416730.0,,7.5794,건축자재,4440.0,1682.0,0.0174116505,25388001,060560,7135.0,10689.25,0.6674930420749818,20896947.65,-2.034739454094292,183.2137733142037,1.8088266248801366,-14.362657091561939,-2.297416737820924,149.133,-55.54054054054054,https://finance.naver.com/item/main.naver?code=060560
