name,market,tradePrice,marketCap,per,pbr,eps,bps,debtRatio,sales,operatingProfit,netIncome,sectorName,sectorPer,wicsSectorName,high52wPrice,low52wPrice,foreignRatio,listedShareCount,code,vol_today,vol_avg20,vol_mult,amt_avg20,ret_60d,ret_6m,vol_mult_max5,roe,op_margin,debt_pct,off_high_pct,naver_url
SK바이오사이언스,KOSPI,36850.0,2891123978050,-48.98,1.57,-733.0,22806.0,0.4785,168610527500.0,-44535066050.0,-36164201740.0,,49.64242,제약,61300.0,31800.0,0.0587163318,78456553,302440,76066.0,88670.3,0.8578520654604754,3069725805.0,-11.842105263157897,-28.446601941747574,1.2405619468976647,-3.2140664737349818,-26.412980678208246,47.85,-39.88580750407831,https://finance.naver.com/item/main.naver?code=302440
현대엘리베이터,KOSPI,72500.0,2834197912500,9.98,1.93,7258.0,37450.0,2.58814,545847163890.0,40486466880.0,27068395340.0,,173.4423,기계,113400.0,61800.0,0.235618804,39092385,017800,87947.0,114552.6,0.7677433772782111,7831424907.5,-22.625400213447165,-19.265033407572385,0.7677433772782111,19.380507343124165,7.4171800383594,258.814,-36.06701940035273,https://finance.naver.com/item/main.naver?code=017800
iM금융지주,KOSPI,17870.0,2829954100960,7.04,0.46,2511.0,38725.0,15.39341,3357095000000.0,193923000000.0,158242000000.0,,9.21902,은행,22000.0,13050.0,0.4577068334,158363408,139130,411167.0,552730.25,0.743883657534575,9671257169.75,-3.2485110990795873,19.691895512391167,1.0276151884214768,6.484183344092963,5.77651213325807,1539.341,-18.772727272727273,https://finance.naver.com/item/main.naver?code=139130
한올바이오파마,KOSPI,54100.0,2826218515800,-510.09,17.46,-109.0,3184.0,0.50184,40030619640.0,838726390.0,275003830.0,,49.64242,제약,73000.0,27050.0,0.033088857,52240638,009420,264381.0,357698.05,0.7391178117968493,17743469391.25,15.969989281886399,5.048543689320395,1.6002267834560462,-3.4233668341708547,2.095212108987479,50.184,-25.89041095890411,https://finance.naver.com/item/main.naver?code=009420
DL이앤씨,KOSPI,72000.0,2785940856000,8.24,0.57,8746.0,126050.0,0.87501,1725244383030.0,157360896510.0,160136020540.0,,35.15774,건설,106600.0,38450.0,0.2559948186,38693623,375500,318399.0,336095.45,0.9473469515877111,20732275730.0,-16.18160651920838,63.08040770101926,1.3697358890160518,6.938516461721539,9.12107861691057,87.50099999999999,-32.45778611632271,https://finance.naver.com/item/main.naver?code=375500
파두,KOSDAQ,57100.0,2861339641700,-37.79,148.08,-1532.0,391.0,3.26817,59538451700.0,7685802060.0,10214783510.0,,27.50173,반도체와반도체장비,129400.0,11180.0,0.2639882635,50111027,440110,400856.0,677920.2,0.5913026341448449,45304186982.5,-39.767932489451475,106.8840579710145,1.0478253930182344,-391.8158567774936,12.908972001366303,326.817,-55.87326120556414,https://finance.naver.com/item/main.naver?code=440110
에스원,KOSPI,76600.0,2910737034800,14.2,1.44,5281.0,51947.0,0.45811,673714757950.0,20744829570.0,21534544260.0,,14.24452,상업서비스와공급품,103000.0,66800.0,0.5573389245,37999178,012750,32524.0,59958.85,0.5424386892010103,4353445372.5,6.983240223463683,2.680965147453085,1.3887190965136924,10.166130864149999,3.0791710178834446,45.811,-25.631067961165044,https://finance.naver.com/item/main.naver?code=012750
롯데쇼핑,KOSPI,99700.0,2820388873500,62.77,0.21,1824.0,537131.0,1.26011,3581595079310.0,252882436710.0,143872271700.0,,37.93,백화점과일반상점,211000.0,62700.0,0.1457996296,28288755,023530,579902.0,149008.05,3.8917494725956083,19272704872.5,-34.27818061964404,29.648894668400526,3.8917494725956083,0.33958196417633685,7.060609340537686,126.01100000000001,-52.74881516587677,https://finance.naver.com/item/main.naver?code=023530
일진전기,KOSPI,58300.0,2780058237000,27.03,4.77,2179.0,12347.0,1.71988,506129977000.0,50762956000.0,35906361000.0,,52.67418,전기장비,147900.0,33500.0,0.1121492977,47685390,103590,191821.0,318712.1,0.6018629352321422,18401649840.0,-58.11781609195402,-7.165605095541405,1.1769179770708424,17.648011662752086,10.029628416970844,171.988,-60.5814739688979,https://finance.naver.com/item/main.naver?code=103590
DN오토모티브,KOSPI,47600.0,2785117174000,8.79,1.23,5440.0,38780.0,1.50494,1017653926000.0,144619810000.0,99178001000.0,,11.42846,자동차부품,54200.0,21550.0,0.0579388973,58510865,007340,187654.0,200201.95,0.9373235375579508,7868280828.75,2.036441586280824,86.66666666666667,0.9559996793238027,14.027849406910779,14.211099304499712,150.494,-12.177121771217713,https://finance.naver.com/item/main.naver?code=007340
보로노이,KOSDAQ,147700.0,2724044836100,-66.34,27.74,-2374.0,5678.0,0.72837,,-22001677520.0,-22002993080.0,,49.64242,제약,375500.0,97500.0,0.0774986061,18443093,310210,90491.0,100401.45,0.9012917642125686,13250001135.0,-46.09489051094891,-30.981308411214957,1.6932325180562633,-41.81049665375132,,72.83699999999999,-60.66577896138482,https://finance.naver.com/item/main.naver?code=310210
ISC,KOSDAQ,131000.0,2776814598000,49.69,5.2,2743.0,26223.0,0.16315,68272305650.0,23616393150.0,20599736750.0,,27.50173,반도체와반도체장비,292500.0,55100.0,0.3070805864,21197058,095340,107500.0,213340.2,0.5038900310396259,29440414397.5,-47.283702213279675,11.111111111111116,1.0173891277874494,10.460282957708882,34.591468568631825,16.314999999999998,-55.21367521367522,https://finance.naver.com/item/main.naver?code=095340
BGF리테일,KOSPI,153100.0,2646166008600,11.81,1.76,11303.0,76009.0,1.76362,2120358804910.0,38109787000.0,29292565320.0,,37.93,백화점과일반상점,156000.0,101200.0,0.385515288,17283906,282330,218086.0,63362.2,3.4418943786674077,7861534047.5,15.460030165912508,30.854700854700855,3.4418943786674077,14.870607428067729,1.797327268939164,176.362,-1.8589743589743635,https://finance.naver.com/item/main.naver?code=282330
효성,KOSPI,158100.0,2646658346700,8.01,1.08,19734.0,146168.0,0.94682,530184894920.0,94601468350.0,86505412950.0,,28.69442,복합기업,318000.0,80900.0,0.2151492494,16740407,004800,19723.0,30139.85,0.654382818759881,4324262230.0,-36.760000000000005,5.400000000000005,1.0661300570507153,13.500903070439493,17.843108933587118,94.682,-50.283018867924525,https://finance.naver.com/item/main.naver?code=004800
GS건설,KOSPI,31650.0,2708654158500,30.38,0.58,1073.0,56462.0,2.31267,2400539000000.0,73468000000.0,10707000000.0,,35.15774,건설,44850.0,17790.0,0.1848699059,85581490,006360,2275498.0,3260432.95,0.6979128339382044,94247214112.5,-6.911764705882351,69.52329941081949,2.170073762749821,1.9003931847968545,3.0604793340162355,231.26699999999997,-29.431438127090303,https://finance.naver.com/item/main.naver?code=006360
동서,KOSPI,26500.0,2642050000000,17.88,1.5,1468.0,17452.0,0.03928,135283553470.0,10388496300.0,43627599310.0,,32.75937,식품,30950.0,22350.0,0.0359549248,99700000,026960,81714.0,83494.2,0.9786787585245442,2152610102.5,7.5050709939147975,0.7604562737642651,0.9786787585245442,8.411643364657346,7.679053390849698,3.9280000000000004,-14.378029079159937,https://finance.naver.com/item/main.naver?code=026960
롯데케미칼,KOSPI,61000.0,2609300559000,-1.22,0.2,-48311.0,298452.0,0.76023,4990520929710.0,73478150850.0,33458618040.0,,-30.06008,화학,119500.0,52500.0,0.2192566483,42775419,011170,103163.0,103769.75,0.9941529202874634,6071769135.0,-31.53759820426487,-26.506024096385538,0.9941529202874634,-16.187192580381435,1.4723543270315436,76.023,-48.95397489539749,https://finance.naver.com/item/main.naver?code=011170
디앤디파마텍,KOSDAQ,57500.0,2635662517500,-101.83,30.5,-547.0,1826.0,0.25079,128776880.0,-11122079260.0,-10080895810.0,,-69.9395,생물공학,116600.0,32132.261,0.0438218538,45837609,347850,1125151.0,1610864.55,0.6984764796022112,100121216685.0,-19.01408450704225,-40.72164948453608,4.436479777272397,-29.956188389923327,-8636.70502034216,25.079,-50.686106346483704,https://finance.naver.com/item/main.naver?code=347850
제주반도체,KOSDAQ,75400.0,2596989608200,63.34,11.02,1173.0,6742.0,0.74989,180471968350.0,67113446930.0,78063910990.0,,27.50173,반도체와반도체장비,138000.0,13380.0,0.0060399213,34442833,080220,1249397.0,1950448.25,0.6405691614735228,143175866753.75,36.59420289855073,137.48031496062993,0.967704731463652,17.398398101453573,37.187740314242546,74.98899999999999,-45.362318840579704,https://finance.naver.com/item/main.naver?code=080220
현대무벡스,KOSDAQ,23300.0,2595061708700,234.95,16.63,103.0,1455.0,1.04315,74964780480.0,-640415170.0,-180653910.0,,173.4423,기계,50400.0,4310.0,0.0161617886,111376039,319400,970424.0,2252963.15,0.4307323002597712,49961818032.0,-45.1764705882353,-26.031746031746028,1.7428265526668734,7.079037800687285,-0.8542880615395888,104.315,-53.769841269841265,https://finance.naver.com/item/main.naver?code=319400
F&F,KOSPI,67000.0,2566574025000,6.31,1.34,10611.0,50123.0,0.42977,560898180960.0,153481999730.0,197556497670.0,,9.96468,"섬유,의류,신발,호화품",89000.0,58000.0,0.129413222,38307075,383220,73090.0,99587.55,0.7339270822507432,7120143950.0,-19.760479041916167,0.4497751124437732,4.0535187380350255,21.169921991899926,27.363611603679892,42.977,-24.71910112359551,https://finance.naver.com/item/main.naver?code=383220
코리안리,KOSPI,14530.0,2567756580430,9.22,0.7,1587.0,20843.0,2.78191,1773666088860.0,291247018710.0,214621970100.0,,8.42858,손해보험,15400.0,10010.0,0.2646862161,176721031,003690,212300.0,292641.5,0.7254610162946814,4036851544.0,22.719594594594604,28.35689045936396,1.9342916161925086,7.614067072878185,16.420622829700438,278.191,-5.649350649350648,https://finance.naver.com/item/main.naver?code=003690
에스엘,KOSPI,55200.0,2563958304000,8.42,1.02,6749.0,55423.0,0.6235,1388037113970.0,143817491130.0,135846726270.0,,11.42846,자동차부품,79500.0,32350.0,0.1652594313,46448520,005850,103076.0,89568.6,1.1508050812449897,4831669735.0,-14.683153013910355,-2.645502645502651,1.1508050812449897,12.17725493026361,10.361213665149041,62.35000000000001,-30.56603773584906,https://finance.naver.com/item/main.naver?code=005850
실리콘투,KOSDAQ,39300.0,2577146703600,14.28,5.64,2756.0,6976.0,0.70915,346556192210.0,64540111640.0,54346030390.0,,18.49925,인터넷과카탈로그소매,56100.0,29850.0,0.0838444991,65576252,257720,700376.0,555040.05,1.2618476810817525,20140411942.5,-5.755395683453235,-23.09197651663405,1.989577148531894,39.50688073394495,18.623274692749142,70.91499999999999,-29.946524064171122,https://finance.naver.com/item/main.naver?code=257720
유진테크,KOSDAQ,111200.0,2548263870400,61.49,5.77,1906.0,20320.0,0.22852,101873840020.0,18833542930.0,22815621570.0,,27.50173,반도체와반도체장비,231500.0,42400.0,0.3653898435,22916042,084370,188973.0,242042.7,0.7807424061952705,30198851500.0,-16.45379413974455,21.132897603485844,1.1928886927802407,9.379921259842519,18.48712380558402,22.852,-51.96544276457884,https://finance.naver.com/item/main.naver?code=084370
에코프로머티,KOSPI,35950.0,2545758626500,102.75,2.34,345.0,15125.0,0.92017,166529087800.0,15678037430.0,24618146240.0,,-70.52697,전기제품,88800.0,27100.0,0.145998291,70813870,450080,527813.0,385450.0,1.3693423271500844,13100485431.25,-49.860529986053,-44.43585780525502,1.7926683097678038,2.28099173553719,9.414593952997082,92.01700000000001,-59.515765765765764,https://finance.naver.com/item/main.naver?code=450080
신영증권,KOSPI,151400.0,2489016000000,11.24,0.67,13618.0,227883.0,5.27213,1106137018470.0,47050591780.0,39267636170.0,,8.42388,증권,272000.0,119300.0,0.063039781,16440000,001720,7480.0,10380.7,0.7205679771113701,1490742872.5,-18.820375335120644,-10.67846607669617,1.3807354032001695,5.975873584251568,4.253595259390198,527.213,-44.338235294117645,https://finance.naver.com/item/main.naver?code=001720
한국콜마,KOSPI,106700.0,2518661715900,20.17,2.77,5299.0,38566.0,1.1644,728036468370.0,78886019580.0,59954328250.0,,42.98944,화장품,124600.0,60600.0,0.3976299675,23605077,161890,174884.0,310399.95,0.5634150392098968,31974026072.5,6.593406593406592,59.01639344262295,1.1010923165419324,13.740081937457866,10.835448910494527,116.44000000000001,-14.36597110754414,https://finance.naver.com/item/main.naver?code=161890
한화비전,KOSPI,48900.0,2468882271000,53.22,2.79,902.0,17188.0,1.50953,441377807050.0,22093126500.0,-14047858280.0,,-246.63174,통신장비,97900.0,30950.0,0.2367031113,50488390,489790,202801.0,314063.75,0.6457319572857422,13220216062.5,-39.02743142144638,-9.611829944547134,1.1429622170658027,5.247847335350244,5.00549102086985,150.953,-50.05107252298264,https://finance.naver.com/item/main.naver?code=489790
농심,KOSPI,405000.0,2463470010000,13.29,0.8,29342.0,485193.0,0.36965,934029005210.0,67424701260.0,60676367250.0,,32.75937,식품,579000.0,319000.0,0.235014982,6082642,004370,36404.0,23756.55,1.5323773864471062,8776862462.5,10.807113543091651,-0.7352941176470562,1.5323773864471062,6.047490380116778,7.218694589130104,36.964999999999996,-30.051813471502587,https://finance.naver.com/item/main.naver?code=004370
한국앤컴퍼니,KOSPI,25850.0,2454075954000,7.2,0.52,3666.0,50477.0,0.11828,378380332520.0,121684476110.0,124688108720.0,,11.42846,자동차부품,36450.0,21000.0,0.0922307354,94935240,000240,80816.0,89315.55,0.9048368397216386,2243976467.5,9.071729957805896,-1.3358778625954248,1.3979088747704067,7.2627137111951985,32.15930259894471,11.828,-29.08093278463649,https://finance.naver.com/item/main.naver?code=000240
한솔케미칼,KOSPI,222500.0,2401673010000,16.64,2.25,13428.0,99420.0,0.41233,231868922280.0,44412388300.0,42534735830.0,,-30.06008,화학,346500.0,158600.0,0.4212597586,10794036,014680,28397.0,48535.5,0.5850769024734472,11043589647.5,-25.83333333333333,-15.719696969696972,0.6947286007149406,13.506336753168377,19.15409269309862,41.233,-35.78643578643579,https://finance.naver.com/item/main.naver?code=014680
HL만도,KOSPI,50800.0,2385421696000,24.04,0.89,2130.0,57793.0,1.42109,2311655292680.0,93583922060.0,53073919080.0,,11.42846,자동차부품,79100.0,32150.0,0.1769755896,46957120,204320,323582.0,697080.2,0.46419622878400507,32135900466.25,-15.614617940199338,-21.362229102167184,1.5828924706224623,3.6855674562663294,4.048351082288925,142.109,-35.77749683944374,https://finance.naver.com/item/main.naver?code=204320
미래에셋생명,KOSPI,17390.0,2350780200000,16.97,0.91,1002.0,18762.0,12.38934,2796438411000.0,68388520750.0,53392139980.0,,20.33603,생명보험,37300.0,6800.0,0.0108568353,135180000,085620,135558.0,167635.15,0.8086490214015378,2706279009.25,19.354838709677423,85.19701810436635,1.5438349296075435,5.340582027502398,2.445557909696442,1238.934,-53.37801608579089,https://finance.naver.com/item/main.naver?code=085620
GS리테일,KOSPI,28350.0,2370270215250,50.87,0.67,520.0,39303.0,1.25804,2854875935480.0,58274149000.0,42502982750.0,,37.93,백화점과일반상점,29950.0,15950.0,0.1367235191,83607415,007070,596615.0,192053.8,3.1064993246684005,4895002283.75,10.526315789473696,35.00000000000001,3.1064993246684005,1.3230542197796604,2.0412147608859987,125.804,-5.342237061769617,https://finance.naver.com/item/main.naver?code=007070
롯데지주,KOSPI,23700.0,2362031491200,-2.6,0.3,-9028.0,79142.0,1.40527,3622150064460.0,46075945680.0,14480909530.0,,28.69442,복합기업,39600.0,21150.0,0.1018093876,99663776,004990,130902.0,156365.45,0.8371542434725829,3569465975.0,-17.132867132867137,-22.80130293159609,1.0786206287897997,-11.407343761845796,1.272060650719316,140.52700000000002,-40.15151515151515,https://finance.naver.com/item/main.naver?code=004990
풍산,KOSPI,83600.0,2342829640800,15.55,1.0,5388.0,84137.0,1.02194,1270895673810.0,90173037100.0,78000220300.0,,29.93748,비철금속,159200.0,55200.0,0.1391577688,28024278,103140,167062.0,155869.85,1.0718044573726093,10648308992.5,-9.229098805646041,-32.25283630470016,2.678952985455494,6.4038413539821955,7.09523519186052,102.194,-47.48743718592965,https://finance.naver.com/item/main.naver?code=103140
코스맥스,KOSPI,205500.0,2332324099500,18.62,4.11,10847.0,49196.0,2.89604,682023325580.0,53030980630.0,43806479290.0,,42.98944,화장품,270000.0,141000.0,0.3640570707,11349509,192820,66737.0,91545.8,0.7290012212466328,16858580870.0,-6.378132118451029,8.500527983104543,1.195718427279023,22.04854053175055,7.775537674595203,289.60400000000004,-23.888888888888893,https://finance.naver.com/item/main.naver?code=192820
티에스이,KOSDAQ,207000.0,2289715803000,58.71,5.85,3526.0,35375.0,0.30959,150671280310.0,41991772080.0,40014929160.0,,27.50173,반도체와반도체장비,294000.0,36150.0,0.1101691291,11061429,131290,74649.0,140772.35,0.5302816923920074,31907504972.5,19.44604731679169,166.06683804627252,0.8709380783939459,9.967491166077739,27.869791770272105,30.958999999999996,-29.591836734693878,https://finance.naver.com/item/main.naver?code=131290
케이뱅크,KOSPI,5590.0,2267835894090,19.01,0.97,294.0,5781.0,12.40015,324058000000.0,32402000000.0,33206000000.0,,9.21902,은행,9880.0,5210.0,0.0161069241,405695151,279570,532877.0,1838114.75,0.28990409875117973,11110429870.75,1.821493624772308,-32.89315726290516,0.3669199651436343,5.08562532433835,9.998827370409002,1240.015,-43.42105263157895,https://finance.naver.com/item/main.naver?code=279570
에스피지,KOSDAQ,101700.0,2255437512000,263.11,9.32,412.0,11633.0,0.67758,80831733470.0,4485708060.0,3463975300.0,,-70.52697,전기제품,165700.0,22500.0,0.0392344716,22177360,058610,481135.0,807452.9,0.5958675732045795,72707852840.0,-24.722427831236125,-16.57095980311731,3.4775477306478186,3.5416487578440647,5.5494393939539,67.758,-38.62401931200966,https://finance.naver.com/item/main.naver?code=058610
이마트,KOSPI,81600.0,2251818830400,16.01,0.2,5084.0,410591.0,1.46782,7123428675310.0,178323054720.0,79394568400.0,,37.93,백화점과일반상점,136400.0,70300.0,0.2569172526,27595819,139480,108421.0,111155.7,0.9753975729539736,8913450207.5,-23.809523809523814,-8.211473565804273,0.9753975729539736,1.238215158150081,2.503331792147686,146.78199999999998,-40.17595307917888,https://finance.naver.com/item/main.naver?code=139480
현대백화점,KOSPI,101800.0,2195308041600,11.12,0.5,9572.0,210969.0,0.88708,950062292000.0,98784919000.0,64911872000.0,,37.93,백화점과일반상점,222000.0,69050.0,0.2811243097,21564912,069960,217326.0,175202.85,1.2404250273326032,23030014165.0,-8.039747064137304,13.870246085011196,2.6072292773776224,4.5371594878868455,10.39773074163857,88.708,-54.14414414414415,https://finance.naver.com/item/main.naver?code=069960
금호타이어,KOSPI,7810.0,2243502841470,6.57,1.12,1209.0,7065.0,1.43517,1167810102390.0,147026893730.0,103424236690.0,,11.42846,자동차부품,8510.0,4220.0,0.0959673239,287260287,073240,10020513.0,8451401.7,1.1856628469097619,57450994167.5,52.241715399610136,30.38397328881468,2.3574594732611045,17.112526539278132,12.589965905338532,143.517,-8.225616921269097,https://finance.naver.com/item/main.naver?code=073240
펄어비스,KOSDAQ,35600.0,2237243196000,-256.93,2.71,-137.0,13011.0,0.47004,328498582060.0,212096469760.0,157968989810.0,,18.81972,게임엔터테인먼트,77400.0,29000.0,0.0780570146,62843910,263750,190896.0,250711.1,0.7614182220093166,8597710440.0,-32.57575757575758,-31.27413127413128,1.1527172111645634,-1.0529551917608178,64.56541408183637,47.004000000000005,-54.00516795865633,https://finance.naver.com/item/main.naver?code=263750
서진시스템,KOSDAQ,34100.0,2170490131700,-19.71,2.7,-1801.0,13127.0,2.09165,280167855720.0,-32957147270.0,-20494412310.0,,52.67418,전기장비,83300.0,18410.0,0.1586647143,63650737,178320,880581.0,991564.55,0.8880722893935649,37243233012.5,-50.65123010130246,-3.125,0.9786473306251217,-13.719814123562124,-11.76335778610427,209.165,-59.06362545018007,https://finance.naver.com/item/main.naver?code=178320
제일기획,KOSPI,19170.0,2205340283250,9.33,1.23,2049.0,15525.0,1.22997,1017565907350.0,36509607970.0,28262809550.0,,11.38111,광고,23300.0,17760.0,0.1826614764,115041225,030000,446504.0,323506.85,1.3801995228230872,6116727860.5,1.0542962572482883,-9.575471698113203,1.3801995228230872,13.198067632850242,3.5879354552158973,122.997,-17.725321888412015,https://finance.naver.com/item/main.naver?code=030000
SK가스,KOSPI,228000.0,2110651632000,8.4,0.68,26176.0,325701.0,1.80387,2635257118130.0,227687095510.0,267353907310.0,,8.90138,가스유틸리티,302000.0,196100.0,0.0621755244,9257244,018670,11874.0,17347.05,0.684496787638244,3913699097.5,-15.398886827458258,0.0,2.7590281921133566,8.036819045689144,8.64003341243486,180.387,-24.50331125827815,https://finance.naver.com/item/main.naver?code=018670
한전KPS,KOSPI,47250.0,2126250000000,17.1,1.58,2761.0,29906.0,0.31752,352394334920.0,37018471520.0,29411134040.0,,3.37801,전기유틸리티,69000.0,41500.0,0.0915395333,45000000,051600,58585.0,107500.4,0.5449747163731484,4811636510.0,-17.682926829268297,-19.77928692699491,0.8280806396999454,9.23226108473216,10.504842970419451,31.752000000000002,-31.521739130434778,https://finance.naver.com/item/main.naver?code=051600
고영,KOSDAQ,29600.0,2018844704800,138.62,6.11,224.0,5079.0,0.26804,72733688370.0,9852134090.0,15678440960.0,,229.76836,전자장비와기기,45000.0,13550.0,0.2522715862,68204213,098460,816919.0,1336650.0,0.6111689671941046,35606250653.75,-28.502415458937204,-7.355242566510167,1.3807541241162609,4.410316991533766,13.545489457212302,26.804,-34.22222222222222,https://finance.naver.com/item/main.naver?code=098460
두산퓨얼셀,KOSPI,30550.0,2000833329300,-20.33,7.35,-1623.0,4491.0,2.70405,144847175430.0,-1291204540.0,-13187155120.0,,-34.90219,에너지장비및서비스,108900.0,18230.0,0.1793597909,65493726,336260,878050.0,916769.1,0.9577657013090864,28045788842.75,-67.04422869471414,-15.84022038567493,3.0530075675543604,-36.138944555778224,-0.8914254186640994,270.40500000000003,-71.9467401285583,https://finance.naver.com/item/main.naver?code=336260
하나마이크론,KOSDAQ,30000.0,1994726070000,48.51,5.14,637.0,6007.0,1.95457,507676214300.0,72040746490.0,72812951190.0,,27.50173,반도체와반도체장비,58500.0,11410.0,0.2092060641,66490869,067310,740111.0,1616219.05,0.4579274077978477,55270085217.5,-27.536231884057973,-10.313901345291477,0.7887773628209617,10.60429498917929,14.19029382523506,195.457,-48.71794871794872,https://finance.naver.com/item/main.naver?code=067310
우리기술,KOSDAQ,11200.0,1935187654400,2248.0,14.89,5.0,755.0,1.47616,16957106440.0,-6738344090.0,27424930380.0,,42.07756,우주항공과국방,30200.0,3155.0,0.0791862356,172784612,032820,2105322.0,3236101.7,0.650573497118462,32911384311.75,-43.99999999999999,27.70809578107183,1.685432815662128,0.6622516556291391,-39.737582080070965,147.61599999999999,-62.913907284768214,https://finance.naver.com/item/main.naver?code=032820
동진쎄미켐,KOSDAQ,39350.0,2005674458100,20.58,1.88,1927.0,21091.0,0.87728,328086476060.0,66593161690.0,66898996750.0,,27.50173,반도체와반도체장비,72200.0,27950.0,0.1308662451,50970126,005290,387567.0,449800.5,0.8616419946176138,18420644357.5,-29.982206405693944,-9.747706422018354,1.3242181811714304,9.136598549144184,20.29744184817345,87.728,-45.498614958448755,https://finance.naver.com/item/main.naver?code=005290
셀트리온제약,KOSDAQ,44200.0,1962583074400,49.66,4.41,875.0,9844.0,0.76811,132121896210.0,12901697000.0,8818317580.0,,49.64242,제약,78300.0,37000.0,0.0525158453,44402332,068760,91006.0,88568.95,1.0275158506451754,3557658025.0,-16.129032258064512,-38.78116343490304,1.2652289543909012,8.888663145062981,9.764995333925203,76.81099999999999,-43.55044699872286,https://finance.naver.com/item/main.naver?code=068760
시프트업,KOSPI,32750.0,1923796897500,9.96,2.07,3293.0,15882.0,0.14438,47309371910.0,21505889990.0,37796183310.0,,18.81972,게임엔터테인먼트,44650.0,27500.0,0.3712844105,58741890,462870,29089.0,72942.15,0.398795483818341,2348739991.25,8.62354892205639,-9.6551724137931,1.065022075713425,20.73416446291399,45.45799092600974,14.438,-26.65173572228443,https://finance.naver.com/item/main.naver?code=462870
이수스페셜티케미컬,KOSPI,62800.0,1897745161600,2388.46,14.12,26.0,4398.0,1.95028,108571660000.0,3480707000.0,1884047000.0,,-30.06008,화학,131800.0,43000.0,0.059830261,30218872,457190,125392.0,119929.2,1.0455502079560275,6802320857.5,-39.38223938223938,-39.78906999041227,1.331694032812693,0.5911778080945885,3.205907508460311,195.028,-52.35204855842185,https://finance.naver.com/item/main.naver?code=457190
HD현대마린엔진,KOSPI,55200.0,1872466524000,11.59,3.91,4867.0,14413.0,0.74778,133460976480.0,32563708120.0,28147853870.0,,22.196,조선,118200.0,46500.0,0.1347705047,33921495,071970,181286.0,307985.7,0.5886182377948067,17355807116.25,-37.55656108597285,-39.869281045751634,1.0207194684688283,33.76812599736349,24.399422946586853,74.778,-53.29949238578679,https://finance.naver.com/item/main.naver?code=071970
대한조선,KOSPI,49150.0,1872061079500,6.93,1.79,7314.0,28354.0,0.44914,308271463490.0,82639293760.0,77394579880.0,,22.196,조선,109700.0,42100.0,0.0249251944,38088730,439260,62331.0,76002.4,0.8201188383524731,3604781838.75,-35.32894736842105,-33.12925170068027,0.9996921149858427,25.79530225012344,26.80731223851368,44.914,-55.19598906107566,https://finance.naver.com/item/main.naver?code=439260
씨에스윈드,KOSPI,43850.0,1849216021550,50.48,1.52,837.0,27826.0,1.73032,711127395290.0,74288927730.0,43857048490.0,,-34.90219,에너지장비및서비스,79400.0,34500.0,0.1613691155,42171403,112610,990623.0,482788.15,2.051879276655817,19369787965.0,-24.00346620450606,9.762202753441795,2.051879276655817,3.0079781499317186,10.446641237848072,173.032,-44.77329974811083,https://finance.naver.com/item/main.naver?code=112610
코오롱인더,KOSPI,58600.0,1754837475200,252.89,0.44,225.0,129709.0,0.87168,1237420819720.0,61916101210.0,79706654220.0,,-30.06008,화학,104900.0,33750.0,0.1939095971,29946032,120110,171772.0,184895.3,0.929023074139797,9473225841.25,-32.17592592592593,18.503538928210304,1.0282954731677874,0.17346521829634026,5.00364146321784,87.168,-44.13727359389895,https://finance.naver.com/item/main.naver?code=120110
대한광통신,KOSDAQ,11460.0,1781865663600,-46.71,22.87,-237.0,484.0,1.16702,34248640060.0,-3961404120.0,-3671887420.0,,-246.63174,통신장비,31500.0,884.475,0.0343888112,155485660,010170,18117856.0,10803342.2,1.6770602712186606,116646051892.5,-60.61855670103093,283.91959798994975,3.715942831099065,-48.96694214876033,-11.566602682792771,116.702,-63.61904761904762,https://finance.naver.com/item/main.naver?code=010170
CJ대한통운,KOSPI,79000.0,1802175176000,6.89,0.38,11347.0,207860.0,1.44442,3214545850780.0,92105347830.0,37943224690.0,,8.74565,항공화물운송과물류,154000.0,69400.0,0.1663548033,22812344,000120,44484.0,49876.85,0.891876692293118,3688429592.5,-17.45036572622779,-19.551934826883908,1.1808283803006807,5.458962763398442,2.865267820263037,144.442,-48.701298701298704,https://finance.naver.com/item/main.naver?code=000120
SK이터닉스,KOSPI,50500.0,1720383702000,60.37,6.79,911.0,8095.0,4.19703,27523079700.0,4909470480.0,-5112268970.0,,-34.90219,에너지장비및서비스,87700.0,17210.0,0.0436551157,34067004,475150,5113412.0,7923707.75,0.6453307165449155,475641524185.0,-2.321083172146998,155.4375316135559,1.6567751378765831,11.25386040765905,17.83764946914716,419.703,-42.41733181299886,https://finance.naver.com/item/main.naver?code=475150
현대위아,KOSPI,62500.0,1699692687500,16.9,0.46,3716.0,135750.0,0.74072,2179328000000.0,51566000000.0,35402000000.0,,11.42846,자동차부품,112600.0,46950.0,0.1979093794,27195083,011210,51185.0,97097.05,0.5271529876551347,5543469852.5,-33.083511777301936,-25.68370986920333,0.899605085839374,2.7373848987108653,2.366142223657935,74.072,-44.49378330373002,https://finance.naver.com/item/main.naver?code=011210
호텔신라,KOSPI,42700.0,1675894766700,-9.38,1.47,-4566.0,29223.0,2.02027,1053491831000.0,20415282000.0,5997989000.0,,37.93,백화점과일반상점,70300.0,39700.0,0.215188722,39248121,008770,267722.0,299391.2,0.8942213398389799,13409765470.0,-31.570512820512818,-6.256860592755209,2.657546380788747,-15.624679191048147,1.937868087749795,202.027,-39.26031294452347,https://finance.naver.com/item/main.naver?code=008770
메지온,KOSDAQ,54500.0,1668026673000,-47.84,98.06,-1160.0,566.0,5.37755,2015440540.0,-4562840210.0,-5307480920.0,,32.75937,식품,179900.0,35850.0,0.2545642857,30605994,140410,87668.0,194754.8,0.45014551631076616,10696994950.0,-33.374083129584356,-64.6103896103896,2.9601067598847375,-204.94699646643107,-226.3941862556759,537.755,-69.7053918843802,https://finance.naver.com/item/main.naver?code=140410
엘앤씨바이오,KOSDAQ,62000.0,1672121648000,-10.98,7.85,-5811.0,8128.0,1.19067,30294573520.0,5998943180.0,2725519790.0,,-35.75178,건강관리장비와용품,125000.0,29100.0,0.22990853,26969704,290650,164812.0,285735.05,0.5768000810541094,16951252965.0,-0.3215434083601254,-9.090909090909093,1.8355081044485093,-71.49360236220473,19.80203872498681,119.067,-50.4,https://finance.naver.com/item/main.naver?code=290650
에임드바이오,KOSDAQ,25000.0,1616779025000,228.7,8.23,108.0,3002.0,0.04143,8498386110.0,-3956973060.0,-2010614330.0,,-69.9395,생물공학,80200.0,17400.0,0.0228250889,64671161,0009K0,137309.0,161858.65,0.8483266109040203,3517580091.5,-42.3963133640553,-57.555178268251275,2.426376347510621,3.597601598934044,-46.561464833232904,4.143,-68.82793017456359,https://finance.naver.com/item/main.naver?code=0009K0
동원산업,KOSPI,37750.0,1666315917250,4.21,0.46,8793.0,79927.0,1.07132,2530018775440.0,146157183080.0,112900452360.0,,32.75937,식품,51500.0,29850.0,0.043683059,44140819,006040,39343.0,49269.35,0.798528902857456,1712796088.75,2.3035230352303593,-8.373786407766993,1.5415263241751718,11.001288675916774,5.776920886865021,107.132,-26.699029126213592,https://finance.naver.com/item/main.naver?code=006040
다우기술,KOSPI,38400.0,1662232780800,3.3,0.48,11707.0,79869.0,11.26931,9482573083280.0,641342856940.0,487163711100.0,,8.42388,증권,62300.0,30400.0,0.2749790054,43287312,023590,33923.0,56794.35,0.5972953295530278,2061125221.25,-13.22033898305085,-18.297872340425535,0.6828143996717984,14.657752069013007,6.7633842766879155,1126.931,-38.36276083467095,https://finance.naver.com/item/main.naver?code=023590
테크윙,KOSDAQ,43600.0,1615538922000,179.85,7.86,263.0,6018.0,2.22934,52399688380.0,9702115570.0,-6098167980.0,,27.50173,반도체와반도체장비,74000.0,26500.0,0.1610236726,37053645,089030,519228.0,1245172.45,0.41699284303953243,56706806337.5,-18.50467289719626,4.933814681107096,1.4228832319571478,4.370222665337321,18.515597840278605,222.934,-41.08108108108108,https://finance.naver.com/item/main.naver?code=089030
LS마린솔루션,KOSDAQ,30750.0,1606344760500,144.65,2.52,215.0,12341.0,0.22722,52794324940.0,4215203230.0,6106653040.0,,35.15774,건설,51600.0,21650.0,0.0221683653,52238854,060370,92928.0,149156.65,0.6230228420925249,4187916200.0,-24.167694204685574,2.329450915141429,1.410262298060462,1.7421602787456445,7.984197609857723,22.722,-40.40697674418605,https://finance.naver.com/item/main.naver?code=060370
브이엠,KOSDAQ,60500.0,1592769282500,56.56,9.41,1135.0,6824.0,0.40262,88892694640.0,30143186810.0,25581706910.0,,27.50173,반도체와반도체장비,122100.0,10500.0,0.1103379773,26326765,089970,691499.0,799850.45,0.8645353640796227,66191833032.5,0.8333333333333304,116.07142857142856,0.914682238410943,16.63247362250879,33.90963333047184,40.262,-50.45045045045045,https://finance.naver.com/item/main.naver?code=089970
롯데에너지머티리얼즈,KOSPI,30600.0,1602383167800,-10.2,0.99,-3065.0,31623.0,0.22212,159848681510.0,-4980462160.0,3863358480.0,,229.76836,전자장비와기기,83100.0,21600.0,0.0896577387,52365463,020150,412016.0,174273.3,2.364194629928968,5265121695.0,-57.44089012517386,-24.1635687732342,2.364194629928968,-9.692312557315878,-3.1157355274703513,22.212,-63.1768953068592,https://finance.naver.com/item/main.naver?code=020150
SK네트웍스,KOSPI,7820.0,1568644211980,30.08,0.74,257.0,10430.0,1.70002,1743436000000.0,33352000000.0,42699000000.0,,28.69442,복합기업,16240.0,4275.0,0.1829177259,200593889,001740,755518.0,1502243.35,0.5029265065476908,11632987684.25,25.52166934189406,66.02972399150744,0.8422776509544875,2.464046021093001,1.913003976056477,170.002,-51.847290640394085,https://finance.naver.com/item/main.naver?code=001740
비에이치아이,KOSDAQ,49900.0,1544124312500,25.2,9.25,2107.0,5739.0,3.93231,280793040010.0,35324572220.0,5098911590.0,,-34.90219,에너지장비및서비스,114200.0,33150.0,0.1231648725,30944375,083650,277920.0,249803.85,1.112552909012411,11235788808.75,-41.97674418604651,-29.91573033707865,2.4934483595829287,36.713713190451294,12.580287680471699,393.231,-56.3047285464098,https://finance.naver.com/item/main.naver?code=083650
녹십자,KOSPI,129900.0,1518081286200,-308.54,1.19,-410.0,106673.0,1.12063,435531830460.0,11729720250.0,20142230310.0,,49.64242,제약,183800.0,105900.0,0.2371493594,11686538,006280,28612.0,45105.65,0.6343329494198621,5407028482.5,-5.3896576839038595,-24.69565217391304,1.278420774337583,-0.3843521790893666,2.693194717275039,112.063,-29.325353645266595,https://finance.naver.com/item/main.naver?code=006280
HJ중공업,KOSPI,16700.0,1507932244800,29.3,2.25,570.0,7416.0,2.53268,541400000000.0,24581000000.0,25513000000.0,,35.15774,건설,34350.0,12120.0,0.0542874503,90295344,097230,284044.0,524330.35,0.5417271763879394,8250002338.5,-34.251968503937,-38.715596330275226,0.8751543754810303,7.686084142394822,4.540265977096417,253.268,-51.382823871906844,https://finance.naver.com/item/main.naver?code=097230
아시아나항공,KOSPI,7310.0,1505792097410,-5.11,2.04,-1446.0,3623.0,21.09701,1680446843750.0,-52359584760.0,-251665702930.0,,129.30618,항공사,9690.0,6500.0,0.0353767797,205990711,020560,53679.0,129396.1,0.4148424875247399,909778848.0,7.3421439060205484,-7.468354430379742,1.2127181576569928,-39.91167540712117,-3.115813210916985,2109.701,-24.561403508771928,https://finance.naver.com/item/main.naver?code=020560
코오롱티슈진,KOSDAQ,17660.0,1500573025600,,,,,3.09002,1410435000.0,-5380298000.0,-99877802000.0,,-69.9395,생물공학,149000.0,11470.0,0.0472304866,84970160,950160,2311732.0,4181427.9,0.5528570754502308,79043896841.5,-87.27665706051873,-82.03458799593082,2.3714241252372186,,-381.4637328200165,309.002,-88.14765100671141,https://finance.naver.com/item/main.naver?code=950160
대웅제약,KOSPI,129000.0,1494668175000,7.52,1.46,17022.0,87439.0,1.12297,377796345380.0,22208034420.0,25512264190.0,,49.64242,제약,199400.0,105000.0,0.150436777,11586575,069620,19709.0,38176.3,0.5162627074912969,4673190180.0,-10.229645093945717,-23.53289863663308,1.5971165356517,19.46728576493327,5.878308430342921,112.297,-35.30591775325978,https://finance.naver.com/item/main.naver?code=069620
IPARK현대산업개발,KOSPI,22650.0,1492801024500,9.17,0.45,2476.0,50647.0,1.29323,673944517170.0,80140713640.0,49292711270.0,,35.15774,건설,25050.0,16900.0,0.1742977147,65907330,294870,117385.0,249186.45,0.4710729656448013,4913264776.25,0.44345898004434225,10.48780487804879,1.2283693595699123,4.8887397081762,11.89129247263908,129.323,-9.58083832335329,https://finance.naver.com/item/main.naver?code=294870
세아베스틸지주,KOSPI,41600.0,1491864150400,25.56,0.74,1567.0,54192.0,1.05015,967600159050.0,31091813340.0,21896210930.0,,41.57565,철강,92500.0,23050.0,0.0869073576,35862119,001430,214425.0,136037.15,1.576223847676903,4615547521.25,-38.095238095238095,-38.91336270190896,1.601981517548699,2.8915707115441394,3.213291466438603,105.01499999999999,-55.02702702702702,https://finance.naver.com/item/main.naver?code=001430
효성티앤씨,KOSPI,339000.0,1467084198000,137.27,0.95,2517.0,364612.0,1.97039,2094241622180.0,86242528330.0,50874890170.0,,16.58958,무역회사와판매업체,557000.0,199000.0,0.1973303491,4327682,298020,21924.0,26472.2,0.8281895724571438,8107268712.5,-26.30434782608696,-10.435931307793922,1.5908764666329205,0.6903228637565412,4.118079185162306,197.03900000000002,-39.13824057450629,https://finance.naver.com/item/main.naver?code=298020
롯데렌탈,KOSPI,40400.0,1466899275200,11.41,0.93,3514.0,43125.0,3.91293,730924604460.0,83626439520.0,30312460270.0,,12.11119,도로와철도운송,41400.0,26650.0,0.0734703102,36309388,089860,98533.0,105611.95,0.9329720737094619,3968857987.5,25.271317829457374,36.94915254237288,0.9600712798125591,8.148405797101448,11.441185453290686,391.293,-2.4154589371980673,https://finance.naver.com/item/main.naver?code=089860
LX인터내셔널,KOSPI,37800.0,1465128000000,9.49,0.49,3943.0,77069.0,1.68799,4211316023150.0,108890380310.0,73455327470.0,,16.58958,무역회사와판매업체,57700.0,28450.0,0.2638664603,38760000,001120,60286.0,106618.0,0.5654392316494401,3912094545.0,-17.286652078774623,2.1621621621621623,3.0799864938378136,5.116194578883857,2.5856615773173837,168.799,-34.48873483535528,https://finance.naver.com/item/main.naver?code=001120
네이처셀,KOSDAQ,22250.0,1433679996000,-496.59,22.34,-44.0,978.0,0.37504,4059763680.0,-1322679650.0,-1142306060.0,,-69.9395,생물공학,36950.0,16550.0,0.0697242818,64435056,007390,304825.0,512257.85,0.5950616471763195,12159238252.5,15.945805106826484,-4.914529914529919,1.1990621520002085,-4.4989775051124745,-32.5802128955447,37.504,-39.783491204330176,https://finance.naver.com/item/main.naver?code=007390
HD현대에너지솔루션,KOSPI,127800.0,1431360000000,36.01,3.59,3721.0,37302.0,0.31444,159891480290.0,29019440880.0,22252984000.0,,-34.90219,에너지장비및서비스,256000.0,41300.0,0.0591139286,11200000,322000,1049204.0,512475.85,2.0473237909649793,75306439187.5,-38.26086956521739,138.8785046728972,2.0473237909649793,9.975336443086162,18.149460388612678,31.444,-50.07812499999999,https://finance.naver.com/item/main.naver?code=322000
기가비스,KOSDAQ,110300.0,1398136107400,92.86,6.8,1219.0,16646.0,0.20689,5988316930.0,-970610830.0,635627570.0,,27.50173,반도체와반도체장비,206000.0,23250.0,0.0454809882,12675758,420770,86735.0,147600.4,0.5876339088511956,18761292920.0,-3.919860627177696,110.89866156787762,1.3897929815908359,7.323080619968761,-16.208407827205633,20.689,-46.45631067961165,https://finance.naver.com/item/main.naver?code=420770
LS에코에너지,KOSPI,45450.0,1391900750550,32.84,6.6,1387.0,6898.0,1.12887,285479341350.0,20103036990.0,14234372810.0,,52.67418,전기장비,109800.0,32000.0,0.0678717457,30624879,229640,81877.0,117276.35,0.6981544019744816,5132488533.75,-49.5,12.222222222222223,1.3342843633861388,20.107277471730935,7.041853499778646,112.887,-58.606557377049185,https://finance.naver.com/item/main.naver?code=229640
대주전자재료,KOSDAQ,88200.0,1385104971600,63.54,5.22,1377.0,16760.0,1.62959,90914250680.0,9223750520.0,-3522803480.0,,229.76836,전자장비와기기,183300.0,58900.0,0.1440144629,15704138,078600,225365.0,164670.55,1.3685810850816982,12859072955.0,-40.16282225237448,16.512549537648603,4.499201587654866,8.21599045346062,10.14554973616376,162.959,-51.882160392798696,https://finance.naver.com/item/main.naver?code=078600
NHN,KOSPI,41800.0,1369081210200,42.13,0.91,1023.0,47466.0,0.86346,671397393910.0,26251000330.0,31118537550.0,,32.17663,IT서비스,64900.0,24650.0,0.1242457402,32753139,181710,67121.0,107709.85,0.623164919457227,4205384666.25,10.435931307793922,30.624999999999993,3.638200220314112,2.155226899254203,3.909905008287672,86.346,-35.59322033898306,https://finance.naver.com/item/main.naver?code=181710
오뚜기,KOSPI,341500.0,1368673945000,16.49,0.55,20279.0,603102.0,0.66614,955199820490.0,59381524920.0,35045783010.0,,32.75937,식품,470000.0,290500.0,0.1137109109,4007830,007310,5050.0,5634.25,0.8963038558814395,1798135162.5,-1.726618705035976,-12.323491655969187,1.0051027199716023,3.3624494695756275,6.216659974824782,66.61399999999999,-27.340425531914892,https://finance.naver.com/item/main.naver?code=007310
제이에스링크,KOSDAQ,39150.0,1360570475700,-66.72,18.68,-601.0,2147.0,0.60372,2418066280.0,-4918944250.0,-3795162610.0,,-35.33202,생명과학도구및서비스,49900.0,13860.0,0.032940177,34752758,127120,120191.0,146288.7,0.8216013950496518,5044160806.25,-2.7329192546583836,70.21739130434783,2.8683350115217374,-27.992547741034002,-203.42470720033364,60.372,-21.543086172344694,https://finance.naver.com/item/main.naver?code=127120
HDC,KOSPI,22650.0,1353149980650,3.75,0.38,6057.0,59006.0,1.25956,1257391332750.0,180345780880.0,107167044090.0,,35.15774,건설,30650.0,15850.0,0.2415608516,59741721,012630,72687.0,77842.05,0.9337755107939731,1623466836.25,-10.297029702970296,23.63537117903931,1.039194111665867,10.265057790733145,14.34285223563388,125.956,-26.101141924959215,https://finance.naver.com/item/main.naver?code=012630
오름테라퓨틱,KOSDAQ,61900.0,1344442621000,-29.0,9.49,-2017.0,6165.0,1.61616,,-18076125530.0,-15278008080.0,,49.64242,제약,146600.0,22050.0,0.062495839,21719590,475830,132074.0,110464.15,1.1956277217540714,5272032230.0,-24.878640776699022,-48.96949711459192,2.8092281523009954,-32.7169505271695,,161.616,-57.7762619372442,https://finance.naver.com/item/main.naver?code=475830
오스코텍,KOSDAQ,34950.0,1337123251200,25.84,7.46,1368.0,4739.0,0.21811,3648211620.0,-9990017390.0,-4990964960.0,,49.64242,제약,66000.0,27300.0,0.1272524597,38258176,039200,116396.0,170099.65,0.684281243377044,5268479735.0,-29.465186680121093,-29.035532994923862,1.5272576986489979,28.86684954631779,-273.83327587778473,21.811,-47.04545454545455,https://finance.naver.com/item/main.naver?code=039200
코리아써키트,KOSPI,55700.0,1335831934000,32.21,3.46,1726.0,16070.0,0.72689,419900611490.0,26443486520.0,30137667510.0,,229.76836,전자장비와기기,148300.0,11260.0,0.0568205642,23982620,007810,289685.0,334725.95,0.8654393243188943,19527316522.5,-43.27902240325866,-11.58730158730159,1.6587987874857029,10.74051026757934,6.297558468935394,72.68900000000001,-62.4409979770735,https://finance.naver.com/item/main.naver?code=007810
더블유게임즈,KOSPI,62300.0,1319107056400,9.34,1.01,6651.0,61507.0,0.12671,204987089510.0,68470864690.0,73549155700.0,,18.81972,게임엔터테인먼트,76500.0,47000.0,0.2157042484,21173468,192080,34159.0,57641.1,0.5926153387079706,3502917645.0,13.27272727272728,17.325800376647837,0.7497254563150252,10.813403352463947,33.402525424246164,12.671,-18.562091503267975,https://finance.naver.com/item/main.naver?code=192080
RFHIC,KOSDAQ,48450.0,1287580164900,43.68,3.69,1131.0,13376.0,0.33626,43070273510.0,7737724900.0,8655310200.0,,-246.63174,통신장비,126900.0,23000.0,0.2553092814,26575442,218410,466907.0,348112.0,1.34125511329687,16373948390.0,-56.93333333333334,15.909090909090917,3.1807694075469963,8.455442583732058,17.965348880831847,33.626,-61.82033096926713,https://finance.naver.com/item/main.naver?code=218410
동양생명,KOSPI,8250.0,1287516293250,10.34,0.83,798.0,9925.0,17.70363,1117839000000.0,31104000000.0,25023000000.0,,20.33603,생명보험,9380.0,6040.0,0.4678752814,156062581,082640,751979.0,95121.65,7.905445290320343,760527436.0,2.867830423940143,20.26239067055393,7.905445290320343,8.04030226700252,2.7825116139265136,1770.363,-12.04690831556503,https://finance.naver.com/item/main.naver?code=082640
KB발해인프라,KOSPI,10340.0,1267120966320,0.0,0.0,0.0,0.0,,,,,,6.55957,운송인프라,11380.0,8170.0,0.0125941989,122545548,415640,35525.0,94574.25,0.3756307874500723,1011728379.0,4.444444444444451,3.400000000000003,0.7979656196057595,,,,-9.13884007029877,https://finance.naver.com/item/main.naver?code=415640
롯데정밀화학,KOSPI,48550.0,1252590000000,11.39,0.5,4165.0,95632.0,0.13703,510654014170.0,32664949260.0,44691359940.0,,-30.06008,화학,71800.0,40050.0,0.2352464729,25800000,004000,36645.0,67333.95,0.5442276890038383,3038075193.75,-17.57215619694398,0.7261410788381717,0.944352737363544,4.355236740839887,6.396689021057147,13.703000000000001,-32.381615598885794,https://finance.naver.com/item/main.naver?code=004000
대신증권,KOSPI,26100.0,1244085888600,11.0,0.5,2413.0,53208.0,8.56739,2401389120000.0,102459635000.0,145487475000.0,,8.42388,증권,51400.0,22750.0,0.1021023399,47666126,003540,55353.0,81979.9,0.6752020922201663,2118327733.75,-28.882833787465945,-11.97301854974705,0.9480128665685126,4.53503232596602,4.2666819028479654,856.7389999999999,-49.221789883268485,https://finance.naver.com/item/main.naver?code=003540
성호전자,KOSDAQ,17210.0,1234675913330,12.96,4.92,1343.0,3536.0,1.31662,66001284600.0,3203714720.0,319456338870.0,,-70.52697,전기제품,59600.0,1021.0,0.0356291306,71741773,043260,2185941.0,1664552.25,1.3132306300387988,29845485905.25,-63.920335429769395,29.984894259818738,3.4398697908101115,37.980769230769226,4.8540187352656465,131.66199999999998,-71.1241610738255,https://finance.naver.com/item/main.naver?code=043260
SK아이이테크놀로지,KOSPI,14980.0,1225170758000,-5.09,0.45,-2800.0,31808.0,0.68279,35872991000.0,-73228378000.0,-81765751000.0,,-70.52697,전기제품,35100.0,11840.0,0.0397202982,81787100,361610,181343.0,177553.7,1.0213417123946162,2490666454.5,-34.727668845315904,-43.684210526315795,1.0328424583661169,-8.80281690140845,-204.1323456970733,68.279,-57.32193732193732,https://finance.naver.com/item/main.naver?code=361610
코스모신소재,KOSPI,36550.0,1213992570050,-2243.75,2.35,-16.0,15288.0,0.50512,122720187110.0,873971890.0,-3567812310.0,,-30.06008,화학,66400.0,26600.0,0.0644857644,33214571,005070,124064.0,120401.05,1.0304229074414217,4219338038.75,-35.76449912126538,-28.61328125,1.0304229074414217,-0.10465724751439037,0.7121663603858565,50.512,-44.954819277108435,https://finance.naver.com/item/main.naver?code=005070
한국카본,KOSPI,23100.0,1193726826600,11.21,1.99,2043.0,11519.0,0.87797,211821540860.0,41066114260.0,15523068120.0,,22.196,조선,54100.0,18530.0,0.1396428348,51676486,017960,172072.0,309648.85,0.5557004329258772,6924507148.0,-46.896551724137936,-33.333333333333336,0.6678468206809101,17.73591457591805,19.387128472992263,87.797,-57.30129390018484,https://finance.naver.com/item/main.naver?code=017960
태성,KOSDAQ,38950.0,1189454321000,-479.41,9.7,-85.0,4199.0,0.51008,19867687520.0,-883023420.0,-488485640.0,,229.76836,전자장비와기기,94000.0,23000.0,0.0391593681,30537980,323280,332034.0,337001.9,0.9852585400853823,11737762535.0,-44.436519258202566,-30.693950177935946,2.52972460986125,-2.0242914979757085,-4.444520375665744,51.007999999999996,-58.56382978723404,https://finance.naver.com/item/main.naver?code=323280
스피어,KOSDAQ,23050.0,1188258894100,4010.0,13.51,5.0,1484.0,3.99347,45069081670.0,710711910.0,39785320470.0,,42.07756,우주항공과국방,57300.0,7050.0,0.0940521028,51551362,347700,3106335.0,1041185.1,2.9834608658921455,18960035293.25,-46.58169177288528,-0.21645021645021467,3.382952752589333,0.3369272237196766,1.576938964951402,399.347,-59.77312390924956,https://finance.naver.com/item/main.naver?code=347700
케이씨텍,KOSPI,59300.0,1174060597300,23.27,2.33,2686.0,26877.0,0.16093,156114880340.0,34810833490.0,31610488270.0,,27.50173,반도체와반도체장비,124800.0,30850.0,0.1059344872,19798661,281820,217703.0,248334.1,0.8766536693913562,20299780800.0,-13.304093567251464,42.891566265060234,1.1507883935391876,9.993674889310562,22.298216168879012,16.093,-52.483974358974365,https://finance.naver.com/item/main.naver?code=281820
리브스메드,KOSDAQ,46200.0,1166793520200,-45.44,6.39,-1030.0,7328.0,0.13192,10263217860.0,-8366869550.0,-5877901740.0,,-35.75178,건강관리장비와용품,95900.0,29900.0,0.0455958679,25255271,491000,108401.0,170934.95,0.634165218991201,6612013266.25,-28.70370370370371,-43.99999999999999,1.7564108451782388,-14.055676855895197,-81.52286801402849,13.192,-51.82481751824817,https://finance.naver.com/item/main.naver?code=491000
교보증권,KOSPI,10000.0,1139629610000,7.96,0.54,1266.0,18773.0,8.14841,2395697867000.0,95907271000.0,68411373000.0,,8.42388,증권,18220.0,8120.0,0.0110780028,113962961,030610,38089.0,58485.35,0.6512571096864429,551546870.5,-28.21249102656138,-14.163090128755362,1.4584678043304862,6.7437276940286575,4.003312451085469,814.841,-45.11525795828759,https://finance.naver.com/item/main.naver?code=030610
삼현,KOSDAQ,35750.0,1133545520250,121.5,8.95,307.0,4168.0,0.60728,18763549390.0,-2494899390.0,-2671391420.0,,11.42846,자동차부품,76900.0,11000.0,0.0179384624,31707567,437730,146914.0,324507.1,0.4527296937416778,11594723373.75,-33.052434456928836,-44.57364341085272,1.9738088935496327,7.365642994241843,-13.296521559666383,60.728,-53.51105331599479,https://finance.naver.com/item/main.naver?code=437730
하이트진로,KOSPI,15970.0,1120033767670,25.97,0.96,596.0,16066.0,1.90325,590828777390.0,55936223540.0,35813087950.0,,17.23181,음료,20150.0,13830.0,0.0731581894,70133611,000080,164432.0,125338.45,1.3119038890300623,1900883825.5,-2.7405602923264327,-11.327040533037202,1.3119038890300623,3.709697497821486,9.467416903269266,190.32500000000002,-20.744416873449133,https://finance.naver.com/item/main.naver?code=000080
코미코,KOSDAQ,54400.0,1117664864000,21.64,3.98,2514.0,13654.0,2.14452,157060177520.0,20450359000.0,17157170230.0,,27.50173,반도체와반도체장비,139200.0,36161.491,0.2562355107,20545310,183300,207088.0,191235.95,1.082892625575892,14458280145.0,-63.292847503373814,-52.0704845814978,1.2752675425305753,18.41218690493628,13.020715577247998,214.452,-60.91954022988506,https://finance.naver.com/item/main.naver?code=183300
한일시멘트,KOSPI,14830.0,1090675449470,13.88,0.58,1061.0,25406.0,0.65315,293028396370.0,17028128310.0,9393694730.0,,6.9634,건축자재,21200.0,12710.0,0.0429664426,73545209,300720,40869.0,87366.55,0.46778772882756614,1232675768.75,-7.888198757763975,-10.12121212121212,0.8865979027442424,4.176178855388491,5.8110847006441615,65.315,-30.04716981132075,https://finance.naver.com/item/main.naver?code=300720
STX엔진,KOSPI,27050.0,1086005104150,15.23,3.19,1793.0,8545.0,2.35598,189010554710.0,17503518770.0,16667605200.0,,22.196,조선,67700.0,18830.0,0.0530097803,40148063,077970,172977.0,191373.1,0.9038731148735114,4612425401.0,-47.27095516569201,-27.18707940780619,1.9052729981381917,20.983031012287885,9.26060388365917,235.598,-60.04431314623338,https://finance.naver.com/item/main.naver?code=077970
대원전선,KOSPI,13790.0,1081334796640,127.43,9.43,113.0,1527.0,1.20569,189242394690.0,14668767680.0,11209830010.0,,52.67418,전기장비,20300.0,2765.0,0.0387177659,78414416,006340,6794866.0,15127026.0,0.44918717003593434,200535955210.5,-13.812500000000005,278.32647462277095,2.8495884782640024,7.400130975769483,7.751311593804901,120.56899999999999,-32.068965517241374,https://finance.naver.com/item/main.naver?code=006340
롯데웰푸드,KOSPI,116900.0,1076014700600,12.72,0.42,8176.0,247808.0,1.02192,1027305169910.0,35788651020.0,16690455430.0,,32.75937,식품,136400.0,90000.0,0.1423202204,9204574,280360,105730.0,19968.85,5.294746567779317,2057155142.5,-0.7640067911714787,2.99559471365638,5.294746567779317,3.2993285123966944,3.483740963080656,102.192,-14.296187683284456,https://finance.naver.com/item/main.naver?code=280360
후성,KOSPI,9940.0,1066117980200,197.2,3.16,50.0,3118.0,1.10215,141446479950.0,9262065810.0,-7241340070.0,,-30.06008,화학,23550.0,4985.0,0.118654672,107255330,093370,2291458.0,3764032.8,0.6087773730345815,39351123416.5,-19.838709677419352,24.56140350877194,1.991950760896664,1.603592046183451,6.54810626130396,110.215,-57.79193205944798,https://finance.naver.com/item/main.naver?code=093370
DL,KOSPI,50900.0,1066654495600,-12.76,0.28,-3895.0,177828.0,1.48134,1282759303540.0,112857143270.0,12136765030.0,,-30.06008,화학,77700.0,33900.0,0.2152370666,20955884,000210,63727.0,115495.65,0.5517696986856215,5380165190.0,-17.504051863857374,26.93266832917707,2.292112300333389,-2.1903187349573745,8.797998420947005,148.13400000000001,-34.49163449163449,https://finance.naver.com/item/main.naver?code=000210
SNT다이내믹스,KOSPI,32000.0,1064086304000,11.67,0.86,2696.0,36682.0,0.40707,179924652200.0,21287373540.0,20245522260.0,,11.42846,자동차부품,76400.0,28000.0,0.1402541274,33252697,003570,37174.0,56800.5,0.6544660698409345,1839051583.75,-37.37769080234834,-38.342967244701356,2.1742590294099524,7.349653781146066,11.831271190307739,40.707,-58.1151832460733,https://finance.naver.com/item/main.naver?code=003570
경동나비엔,KOSPI,73000.0,1063507216000,11.6,1.35,6206.0,53311.0,0.94339,425320066940.0,63810296190.0,58004436540.0,,11.80476,가정용기기와용품,93000.0,53000.0,0.0972425475,14568592,009450,50167.0,31724.5,1.5813330391337925,2047682762.5,1.5299026425591,25.214408233276163,2.3127236047849453,11.641124720976908,15.002888683124779,94.339,-21.505376344086024,https://finance.naver.com/item/main.naver?code=009450
하나머티리얼즈,KOSDAQ,53600.0,1060083326400,27.77,2.29,1984.0,24038.0,0.46206,93400399350.0,21297587330.0,17647169790.0,,27.50173,반도체와반도체장비,87900.0,23450.0,0.2091795527,19777674,166090,123660.0,156324.8,0.7910453107888192,8328414957.5,-30.838709677419352,-15.45741324921136,0.9332300441132821,8.253598469090607,22.80245853145809,46.206,-39.021615472127415,https://finance.naver.com/item/main.naver?code=166090
롯데관광개발,KOSPI,13030.0,1038822717740,35.56,2.71,356.0,4677.0,5.00115,156181531200.0,28784836990.0,-7462065520.0,,13.58287,"호텔,레스토랑,레저",27700.0,10150.0,0.218929266,79725458,032350,207289.0,708003.7,0.29277954338374224,8429831785.25,-28.991825613079016,-39.953917050691246,0.6832506666278721,7.611716912550781,18.430371868450475,500.115,-52.96028880866426,https://finance.naver.com/item/main.naver?code=032350
대웅,KOSPI,17940.0,1043067121200,4.18,0.63,4280.0,28372.0,0.83896,492706725820.0,47780885260.0,53257616640.0,,49.64242,제약,30600.0,15410.0,0.0516238525,58141980,003090,40490.0,57078.95,0.709368339817043,954761535.0,-16.751740139211137,-23.16916488222698,1.0894208810778756,15.085295361624137,9.697632030591711,83.896,-41.37254901960784,https://finance.naver.com/item/main.naver?code=003090
태광산업,KOSPI,919000.0,1023214600000,9.48,0.19,96033.0,4669556.0,0.13515,533314204400.0,-11400670430.0,28387679290.0,,-30.06008,화학,1634000.0,708000.0,0.0334641638,1113400,003240,1502.0,2529.1,0.5938871535328774,2179657375.0,-16.07305936073059,12.210012210012211,0.8398244434779171,2.05657668523517,-2.1377023780617685,13.514999999999999,-43.75764993880049,https://finance.naver.com/item/main.naver?code=003240
에스에이엠티,KOSDAQ,10020.0,1001950571340,12.95,2.02,777.0,4983.0,2.13266,1795378702840.0,327302932540.0,242008530060.0,,229.76836,전자장비와기기,19950.0,2860.0,0.0897578378,99995067,031330,606415.0,918408.0,0.6602893267480249,8960142290.5,10.84070796460177,118.77729257641923,1.1439186069807754,15.59301625526791,18.230300494389258,213.266,-49.774436090225564,https://finance.naver.com/item/main.naver?code=031330
종근당,KOSPI,70500.0,973095990000,11.7,0.9,5882.0,76180.0,0.78056,447765687540.0,14087924570.0,12615439810.0,,49.64242,제약,98100.0,63000.0,0.1619643289,13802780,185750,25255.0,23036.9,1.0962846563556727,1567005255.0,-13.177339901477836,-18.685121107266433,1.1936935959265351,7.721186663166185,3.1462715795393525,78.056,-28.134556574923554,https://finance.naver.com/item/main.naver?code=185750
한샘,KOSPI,40850.0,961360958800,14.33,1.67,2808.0,24081.0,1.3641,399418155290.0,10074344600.0,2625167890.0,,28.85075,가구,54800.0,28300.0,0.1333717006,23533928,009240,34810.0,45260.1,0.769110099182282,1678624450.0,11.15646258503402,-9.02004454342984,0.9472360865309621,11.660645322038121,2.522255051898044,136.41,-25.456204379562042,https://finance.naver.com/item/main.naver?code=009240
인바디,KOSDAQ,70800.0,954446445600,28.89,2.94,2423.0,23830.0,0.15302,68444581840.0,13024609990.0,16297863380.0,,-35.75178,건강관리장비와용품,73500.0,26000.0,0.3336470121,13480882,041830,389293.0,119674.1,3.2529427837769407,6744883600.0,59.45945945945945,127.28731942215089,5.469587822260623,10.167855644146034,19.02942444801121,15.302,-3.6734693877551017,https://finance.naver.com/item/main.naver?code=041830
한화투자증권,KOSPI,4385.0,940791993375,9.49,0.47,467.0,9484.0,8.34304,1659350000000.0,29649000000.0,19127000000.0,,8.42388,증권,10300.0,3515.0,0.0758178173,214547775,003530,558500.0,1044727.1,0.5345893678837277,4455624119.9,-42.3784494086728,-27.280265339966835,0.824066878326407,4.924082665541966,1.7867839816795732,834.304,-57.42718446601942,https://finance.naver.com/item/main.naver?code=003530
롯데칠성,KOSPI,102600.0,952013498400,21.61,0.67,4697.0,151359.0,1.6514,952537326470.0,47800813730.0,25317610580.0,,17.23181,음료,154800.0,93900.0,0.1693140037,9278884,005300,16895.0,21018.6,0.8038118618747205,2111362447.5,-10.627177700348433,-21.739130434782606,1.0720028926760108,3.1032181766528586,5.018261479279204,165.14,-33.720930232558146,https://finance.naver.com/item/main.naver?code=005300
파라다이스,KOSPI,10100.0,935556758200,9.19,0.51,1087.0,19694.0,0.87493,293966427270.0,37304808640.0,18667463380.0,,13.58287,"호텔,레스토랑,레저",24000.0,9320.0,0.0893744492,92629382,034230,348295.0,770108.45,0.4522674696011971,8052227438.5,-31.802835921674543,-39.04646952323476,0.7231267232556662,5.519447547476389,12.690159548640079,87.493,-57.91666666666666,https://finance.naver.com/item/main.naver?code=034230
SK디스커버리,KOSPI,53300.0,928152928300,7.8,0.34,6961.0,158509.0,1.52789,3289249768220.0,189763322170.0,212279727300.0,,-116.68055,석유와가스,68300.0,42750.0,0.1394986066,17413751,006120,26931.0,36749.25,0.7328312822710668,1893625752.5,-3.963963963963968,-13.050570962479613,0.8185473172921897,4.391548744866222,5.769197705916134,152.789,-21.9619326500732,https://finance.naver.com/item/main.naver?code=006120
CJ CGV,KOSPI,5560.0,920639233760,-5.58,1.56,-964.0,3444.0,8.35229,573377789600.0,8718738800.0,-25441182120.0,,-1083.31724,방송과엔터테인먼트,6660.0,4150.0,0.057797439,165582596,079160,784030.0,612456.05,1.2801408362281668,2976610448.9,10.317460317460325,-8.552631578947366,1.2801408362281668,-27.990708478513355,1.5205923490832056,835.229,-16.51651651651652,https://finance.naver.com/item/main.naver?code=079160
알지노믹스,KOSDAQ,32400.0,908996126400,-4.57,15.33,-7092.0,2113.0,0.13225,366290000.0,-8057629880.0,-7761437150.0,,-69.9395,생물공학,122625.0,19990.0,0.1038594446,28055436,476830,197775.0,316073.3,0.6257251087010514,8918656963.25,-81.14086146682189,-79.45466074825617,2.709621470715812,-335.6365357311879,-2199.795211444484,13.225000000000001,-73.57798165137615,https://finance.naver.com/item/main.naver?code=476830
해성디에스,KOSPI,52800.0,897600000000,37.47,1.58,1401.0,33198.0,0.60569,188652143900.0,10978261790.0,10826099900.0,,27.50173,반도체와반도체장비,108500.0,21650.0,0.1999848824,17000000,195870,169802.0,203468.15,0.8345384769065822,10506463126.25,-35.05535055350554,-9.433962264150942,0.8345384769065822,4.220133742996566,5.819314619514377,60.568999999999996,-51.33640552995391,https://finance.naver.com/item/main.naver?code=195870
GST,KOSDAQ,48600.0,895698000000,18.16,2.73,2533.0,16838.0,0.32639,115885594230.0,20191447800.0,17353169790.0,,27.50173,반도체와반도체장비,70800.0,18150.0,0.2283690722,18430000,083450,313189.0,145554.25,2.1516994522660795,6272509932.5,-23.704866562009418,71.42857142857142,2.1516994522660795,15.043354317614918,17.423604662996947,32.639,-31.355932203389834,https://finance.naver.com/item/main.naver?code=083450
NICE평가정보,KOSPI,15100.0,889564057700,11.34,1.88,1317.0,7931.0,0.37811,155989684680.0,29402388650.0,25810619410.0,,14.24452,상업서비스와공급품,18500.0,13010.0,0.3285331239,58911527,030190,71302.0,57379.65,1.2426356731001322,813869342.0,9.261939218523874,-10.809214412285883,1.2426356731001322,16.605724372714665,18.848931395891068,37.811,-18.37837837837838,https://finance.naver.com/item/main.naver?code=030190
유안타증권,KOSPI,4550.0,876694464100,10.33,0.49,443.0,9275.0,10.56758,1723369309000.0,72815836000.0,67977885000.0,,8.42388,증권,8400.0,3265.0,0.6883040678,192680102,003470,242546.0,435820.2,0.5565276689790881,1895235410.55,-30.534351145038162,10.303030303030303,0.8643702150565761,4.776280323450135,4.225202086385768,1056.758,-45.833333333333336,https://finance.naver.com/item/main.naver?code=003470
씨어스,KOSDAQ,23000.0,875374020000,55.97,22.94,427.0,1042.0,0.35953,32525756270.0,13854047600.0,13724612600.0,,635.5771,건강관리기술,64235.101,10422.362,0.0494227759,38059740,458870,484125.0,261642.3,1.8503315404275227,7028489490.0,-44.038929440389296,-85.53459119496856,5.527340189258388,40.978886756238005,42.59408293229518,35.953,-64.1940315467084,https://finance.naver.com/item/main.naver?code=458870
GS피앤엘,KOSPI,44000.0,872557004000,45.05,1.02,979.0,43209.0,0.95127,130365731480.0,24162422640.0,14063593520.0,,13.58287,"호텔,레스토랑,레저",67000.0,32250.0,0.1135761716,19830841,499790,94396.0,125132.0,0.7543713838186875,4979160665.0,-7.756813417190777,2.923976608187129,2.1934517149889716,2.2657316762711472,18.53433595293167,95.127,-34.32835820895522,https://finance.naver.com/item/main.naver?code=499790
차바이오텍,KOSDAQ,9300.0,864647467800,-5.67,2.49,-1637.0,3732.0,1.73823,329705878240.0,-30730953240.0,-2616493920.0,,-13.88903,건강관리업체및서비스,23950.0,7600.0,0.0845384791,92972846,085660,240437.0,313847.7,0.7660945101716533,2832931301.25,-39.649578195976645,-53.84615384615385,1.4224861294188231,-43.863879957127544,-9.320717423676104,173.823,-61.16910229645094,https://finance.naver.com/item/main.naver?code=085660
샘씨엔에스,KOSDAQ,14320.0,862320170480,52.05,4.8,264.0,2862.0,0.4172,27174804480.0,7679137120.0,7820458580.0,,27.50173,반도체와반도체장비,16960.0,4255.0,0.0683342453,60217889,252990,713521.0,883622.0,0.8074957391282698,11488258801.0,17.280917280917272,54.81081081081081,1.0203469356806418,9.224318658280922,28.258297591990623,41.72,-15.566037735849058,https://finance.naver.com/item/main.naver?code=252990
지엔씨에너지,KOSDAQ,52300.0,860277940700,19.92,3.78,2565.0,13535.0,0.63991,55427050840.0,4403629100.0,12330577230.0,,52.67418,전기장비,58000.0,18350.0,0.0551517429,16448909,119850,1239342.0,1137833.8,1.0892117987706114,47068571301.25,49.42857142857142,43.48422496570645,3.1577704933708244,18.950868119689694,7.944909630338904,63.991,-9.827586206896555,https://finance.naver.com/item/main.naver?code=119850
신성델타테크,KOSDAQ,31150.0,856124980200,40.15,3.53,797.0,9059.0,1.76246,276649630340.0,6122411890.0,5408006650.0,,11.80476,가정용기기와용품,83000.0,22600.0,0.0362074619,27483948,065350,120360.0,150004.3,0.8023769985260423,4234889052.5,-38.921568627450974,-53.92011834319527,1.6596857556750042,8.797880560768297,2.213056233791315,176.24599999999998,-62.46987951807229,https://finance.naver.com/item/main.naver?code=065350
큐리언트,KOSDAQ,22900.0,859033982900,-26.59,25.88,-880.0,904.0,0.66653,1941904110.0,-7665756990.0,-7861545100.0,,49.64242,제약,62900.0,9720.0,0.0627478097,37512401,115180,144447.0,135717.4,1.06432189240289,2523067951.25,-28.437500000000004,-24.422442244224417,4.048139737424973,-97.34513274336283,-394.75466118664326,66.65299999999999,-63.59300476947536,https://finance.naver.com/item/main.naver?code=115180
로보스타,KOSDAQ,87100.0,849225000000,-150.66,9.02,-533.0,8904.0,0.27019,25146294050.0,73726190.0,933887770.0,,173.4423,기계,171600.0,24950.0,0.0265234872,9750000,090360,341861.0,171359.05,1.9949982215704396,11510393055.0,23.54609929078013,2.3501762632197387,2.8163438114298605,-5.98607367475292,0.29318908724047155,27.019,-49.24242424242424,https://finance.naver.com/item/main.naver?code=090360
제이앤티씨,KOSDAQ,14550.0,841695180300,-9.76,3.61,-1604.0,4333.0,1.38696,39979112640.0,-11431557300.0,-8427380800.0,,85.22491,핸드셋,30100.0,11140.0,0.0288363048,57848466,204270,348288.0,330899.2,1.0525501421580952,4917583171.75,-31.20567375886525,-34.60674157303371,1.090984807457981,-37.01823217170552,-28.59382448764626,138.696,-51.66112956810631,https://finance.naver.com/item/main.naver?code=204270
SK오션플랜트,KOSPI,13430.0,839081272470,21.94,1.05,625.0,13037.0,0.40228,174656154990.0,16858004480.0,9855849160.0,,-34.90219,에너지장비및서비스,31600.0,11010.0,0.0537164293,62478129,100090,715752.0,2778263.7,0.25762565302926427,45794814896.5,-34.32762836185819,-29.685863874345554,0.5951270932273275,4.794047710362814,9.652110159510388,40.228,-57.49999999999999,https://finance.naver.com/item/main.naver?code=100090
유일로보틱스,KOSDAQ,71000.0,836475495000,-33.54,9.35,-2138.0,7669.0,0.16243,4558779050.0,-4112301710.0,-7989697450.0,,173.4423,기계,155000.0,53800.0,0.1522331279,11781345,388720,25894.0,41395.95,0.625520129384638,2655065715.0,-28.06484295845998,-50.660180681028486,1.4112974820000508,-27.878471769461466,-90.20620795385993,16.243,-54.19354838709678,https://finance.naver.com/item/main.naver?code=388720
휴림로봇,KOSDAQ,6980.0,834522022420,-48.38,6.7,-148.0,1068.0,0.30717,30015744240.0,-4572482080.0,-662589740.0,,173.4423,기계,26600.0,2340.0,0.065590981,119559029,090710,1665414.0,2679459.05,0.6215485920562959,18399214618.0,-46.18350038550501,-53.52862849533955,1.4697836117331222,-13.857677902621724,-15.233612211775696,30.717,-73.7593984962406,https://finance.naver.com/item/main.naver?code=090710
덕산네오룩스,KOSDAQ,33500.0,831844496500,15.7,1.85,2165.0,18395.0,0.49778,72874197220.0,17090471670.0,16807300040.0,,15.48254,디스플레이장비및부품,57300.0,24500.0,0.1124098457,24831179,213420,163370.0,150381.6,1.0863696090479154,4479986842.5,-32.18623481781376,-11.609498680738783,1.5274275576267309,11.76950258222343,23.45202049829181,49.778,-41.53577661431065,https://finance.naver.com/item/main.naver?code=213420
레이크머티리얼즈,KOSDAQ,12630.0,830176821240,106.24,6.07,117.0,2049.0,1.64491,33180743710.0,4248176460.0,6446843750.0,,-30.06008,화학,28700.0,9200.0,0.1042625721,65730548,281740,550323.0,318160.75,1.729701102351563,3664270126.0,-35.65970453387672,-49.07258064516129,1.729701102351563,5.710102489019034,12.803138160883615,164.491,-55.99303135888501,https://finance.naver.com/item/main.naver?code=281740
HS효성첨단소재,KOSPI,183200.0,820726473600,-37.0,0.99,-4843.0,180761.0,3.56968,829030788990.0,34408892820.0,6730552300.0,,-30.06008,화학,282000.0,135000.0,0.0887796019,4479948,298050,21315.0,16093.25,1.3244683329967533,2492941007.5,-22.042553191489368,-25.22448979591837,1.4808693085610427,-2.6792283733770006,4.150496372024978,356.968,-35.035460992907794,https://finance.naver.com/item/main.naver?code=298050
쎄트렉아이,KOSDAQ,74800.0,819155594400,53.37,3.28,1396.0,22735.0,0.58122,37185131930.0,-2004163800.0,-1995794530.0,,42.07756,우주항공과국방,224000.0,45300.0,0.1166771586,10951278,099320,50079.0,60081.45,0.8335184986380988,4394120432.5,-54.278728606356964,-47.398030942334735,1.1766859821126154,6.140312293820101,-5.389691244803928,58.12199999999999,-66.60714285714286,https://finance.naver.com/item/main.naver?code=099320
SFA반도체,KOSDAQ,4995.0,821479213485,-44.14,1.78,-116.0,2884.0,0.1854,107319289330.0,-6177693320.0,1186655370.0,,27.50173,반도체와반도체장비,11640.0,3195.0,0.0593628482,164460303,036540,998971.0,2657719.95,0.37587519332125263,14154169119.05,-37.484355444305386,-14.02753872633391,0.5189512160602173,-4.0221914008321775,-5.756368084961861,18.54,-57.087628865979376,https://finance.naver.com/item/main.naver?code=036540
클로봇,KOSDAQ,31800.0,809603800200,-383.54,13.75,-82.0,2287.0,0.15363,8119905650.0,-2500542440.0,-2206349320.0,,173.4423,기계,77953.663,15098.194,0.0536663724,25459239,466100,852189.0,370828.5,2.298067705152112,9828788092.5,-33.123028391167196,-55.46218487394958,4.315027027318559,-3.585483165719283,-30.795215459184554,15.363,-59.20653529777042,https://finance.naver.com/item/main.naver?code=466100
삼화콘덴서,KOSPI,77200.0,802494000000,62.16,2.84,1221.0,26701.0,0.24463,72853416180.0,4696942420.0,5249638800.0,,-70.52697,전기제품,196800.0,24950.0,0.0852685907,10395000,001820,277742.0,521319.7,0.5327671292682782,44385030087.5,21.574803149606293,150.64935064935065,1.2289618059705014,4.572862439609003,6.447113486614266,24.462999999999997,-60.77235772357723,https://finance.naver.com/item/main.naver?code=001820
LS머트리얼즈,KOSDAQ,11840.0,801007482560,1991.67,4.37,6.0,2736.0,0.37651,43051756670.0,-1147572220.0,-1738537470.0,,-70.52697,전기제품,32725.0,8700.0,0.0911647686,67652659,417200,516362.0,614624.35,0.8401261681220408,6915060190.25,-51.771894093686356,-17.14485654303709,0.9922109333937063,0.21929824561403508,-2.6655642156401695,37.651,-63.819709702062646,https://finance.naver.com/item/main.naver?code=417200
루닛,KOSDAQ,10860.0,808615834800,-14.09,4.88,-762.0,2202.0,2.12367,23952343770.0,-13593188220.0,-17809588940.0,,635.5771,건강관리기술,24550.0,8350.0,0.1174946661,74458180,328130,293000.0,294444.8,0.9950931380007391,2905172630.75,-38.400453771979585,-75.42986425339366,1.730674136544439,-34.60490463215259,-56.750973309865785,212.36700000000002,-55.76374745417516,https://finance.naver.com/item/main.naver?code=328130
에스디바이오센서,KOSPI,6590.0,795736582180,-1.48,0.33,-4279.0,19476.0,0.24056,193528864820.0,-11554256990.0,22329285030.0,,-35.75178,건강관리장비와용품,10930.0,5800.0,0.0628001026,120749102,137310,109843.0,117002.8,0.9388065926627397,728658437.75,-17.106918238993707,-24.42660550458715,1.3936931423863361,-21.970630519613884,-5.97030163988537,24.056,-39.707227813357726,https://finance.naver.com/item/main.naver?code=137310
이노션,KOSPI,19530.0,781200000000,8.56,0.74,2294.0,26618.0,1.4477,523792271490.0,39790935930.0,39613993420.0,,11.38111,광고,22650.0,16730.0,0.2094468,40000000,214320,59633.0,79916.2,0.7461941383599321,1506875292.0,-3.7931034482758585,3.497615262321152,1.1227510817581416,8.61822826658652,7.596701611654014,144.77,-13.774834437086092,https://finance.naver.com/item/main.naver?code=214320
SGC에너지,KOSPI,54000.0,778103982000,-11.61,1.02,-4260.0,48667.0,3.52776,611480718240.0,35738111630.0,6166333910.0,,-34.90219,에너지장비및서비스,70700.0,20150.0,0.0333990477,14409333,005090,281164.0,161050.3,1.7458148168615646,7319761232.5,-5.096660808435849,148.27586206896552,1.8115023691356056,-8.753364702981486,5.8445197966116655,352.77599999999995,-23.620933521923625,https://finance.naver.com/item/main.naver?code=005090
세방전지,KOSPI,55600.0,770616000000,5.1,0.45,10646.0,121686.0,0.41597,525448979150.0,33253606800.0,36331671990.0,,11.42846,자동차부품,77700.0,46900.0,0.242554329,13860000,004490,25701.0,36651.85,0.7012197201505518,1927879951.25,-10.032362459546928,-12.715855572998425,1.014273495062323,8.74874677448515,6.32860812743288,41.597,-28.442728442728438,https://finance.naver.com/item/main.naver?code=004490
보령,KOSPI,8800.0,754927421600,11.48,0.88,766.0,10008.0,0.60456,255354185380.0,20151376750.0,41438477100.0,,49.64242,제약,10800.0,7410.0,0.0611657167,85787207,003850,110458.0,105544.4,1.0465548148456953,858942516.0,-7.563025210084029,-4.139433551198257,1.0465548148456953,7.653876898481215,7.891539635433094,60.455999999999996,-18.518518518518523,https://finance.naver.com/item/main.naver?code=003850
인텔리안테크,KOSDAQ,70600.0,758067288200,104.28,2.89,724.0,26101.0,0.85246,64723573310.0,593389690.0,13471917070.0,,-246.63174,통신장비,180200.0,39000.0,0.2358474233,10737497,189300,72589.0,78122.4,0.9291701227816862,4954323578.75,-56.36588380716934,-10.970996216897856,1.737696230530552,2.77384008275545,0.9168061336136388,85.246,-60.82130965593784,https://finance.naver.com/item/main.naver?code=189300
SK케미칼,KOSPI,43650.0,755091135900,18.52,0.37,2306.0,116581.0,0.95366,655889278460.0,-18889168410.0,-26110718880.0,,-30.06008,화학,81800.0,35850.0,0.1094998337,17298766,285130,41321.0,55427.3,0.7454990591279026,2206777210.0,-13.564356435643566,-35.997067448680355,1.092187423886785,1.9780238632367195,-2.8799324871342553,95.366,-46.63814180929096,https://finance.naver.com/item/main.naver?code=285130
와이씨,KOSDAQ,9200.0,754817220000,39.16,2.08,239.0,4490.0,0.30725,33312450410.0,3994377390.0,6461727510.0,,27.50173,반도체와반도체장비,24150.0,6820.0,0.0777405301,82045350,232140,350847.0,727096.75,0.482531382515463,6750117795.75,-54.3424317617866,-46.820809248554916,0.9117809975082408,5.32293986636971,11.990644161081995,30.725,-61.904761904761905,https://finance.naver.com/item/main.naver?code=232140
미래에셋벤처투자,KOSDAQ,14190.0,753781001820,24.28,1.98,582.0,7122.0,1.77341,53689020700.0,15089753410.0,11232013410.0,,13.64569,창업투자,70700.0,5900.0,0.0835380782,53120578,100790,262388.0,345950.5,0.7584553281466568,4775334155.75,-75.90831918505943,-7.857142857142863,1.9831796745488155,8.171861836562764,28.10584587548642,177.34099999999998,-79.92927864214992,https://finance.naver.com/item/main.naver?code=100790
지역난방공사,KOSPI,64500.0,746828988000,2.29,0.32,28102.0,198762.0,2.34258,1434112000000.0,320164000000.0,216312000000.0,,2.19694,복합유틸리티,116700.0,60400.0,0.0268862495,11578744,071320,21097.0,16896.4,1.2486091711843943,1093628982.5,-13.189771197846568,-38.15915627996165,1.6462086598328636,14.138517422847425,22.324895126740447,234.25799999999998,-44.73007712082262,https://finance.naver.com/item/main.naver?code=071320
원익QnC,KOSDAQ,27700.0,728177600000,32.48,1.5,856.0,18524.0,1.69021,256232792850.0,21862148870.0,14421286490.0,,27.50173,반도체와반도체장비,45400.0,16790.0,0.1151182288,26288000,074600,161893.0,304144.55,0.5322896629250795,8078115758.75,-25.737265415549594,3.7453183520599342,0.8858419458773797,4.621032174476355,8.532143222900519,169.021,-38.986784140969164,https://finance.naver.com/item/main.naver?code=074600
다우데이타,KOSDAQ,18990.0,727317000000,3.37,0.46,5713.0,42047.0,11.01176,9637213171710.0,647315775950.0,482609159360.0,,8.42388,증권,31450.0,14950.0,0.1358134726,38300000,032190,83896.0,99287.75,0.8449783583574005,1790274338.0,-13.485193621867886,-21.528925619834716,1.3526844953179018,13.587176255143055,6.716835711906766,1101.1760000000002,-39.61844197138314,https://finance.naver.com/item/main.naver?code=032190
SNT모티브,KOSPI,27350.0,725876439200,9.33,0.64,2921.0,42534.0,0.23751,215596175600.0,21542268900.0,24854590380.0,,11.42846,자동차부품,40800.0,24100.0,0.1367776487,26540272,064960,53438.0,67874.4,0.7873071437832232,1769915853.75,-16.360856269113157,-23.922114047287902,1.0580572351284137,6.867447218695631,9.991953168950369,23.751,-32.96568627450981,https://finance.naver.com/item/main.naver?code=064960
삼아알미늄,KOSPI,47200.0,713827076000,-25.3,2.89,-1692.0,14814.0,1.18612,67433640630.0,-4386064390.0,-5495748190.0,,29.93748,비철금속,104600.0,19000.0,0.3921804244,15123455,006110,253361.0,191866.0,1.320510147707254,6629804843.75,-40.47919293820933,67.07964601769912,1.3753713529233944,-11.421628189550425,-6.50426752733964,118.61200000000001,-54.875717017208416,https://finance.naver.com/item/main.naver?code=006110
솔루엠,KOSPI,14980.0,716287215280,53.02,1.49,281.0,9997.0,1.41182,478221944440.0,21657132720.0,4742627330.0,,229.76836,전자장비와기기,24350.0,11520.0,0.2074721649,47816236,248070,49706.0,129603.05,0.38352492476064415,1799268097.75,-29.00473933649289,-4.8888888888888875,0.9163750390133565,2.810843252975893,4.528678152852353,141.18200000000002,-38.48049281314169,https://finance.naver.com/item/main.naver?code=248070
씨엠티엑스,KOSDAQ,73700.0,711532080600,-20.82,4.05,-3737.0,19207.0,0.45707,44120897020.0,13509729010.0,14101373020.0,,27.50173,반도체와반도체장비,170300.0,56500.0,0.0648143372,9654438,388210,49729.0,70356.7,0.7068125707999381,5558722397.5,-40.755627009646304,-40.51654560129136,0.8961335594193588,-19.456448169938042,30.619796791248465,45.707,-56.72342924251321,https://finance.naver.com/item/main.naver?code=388210
큐리옥스바이오시스템즈,KOSDAQ,41200.0,708774106000,-25.53,13.62,-1645.0,3084.0,0.50288,1324860860.0,-3251936970.0,-2641266690.0,,-35.33202,생명과학도구및서비스,149200.0,31650.0,0.0869377917,17203255,445680,81170.0,90232.35,0.899566508020682,3529921020.0,-55.65123789020452,-66.06260296540363,1.2328283592303646,-53.33981841763943,-245.45498083474214,50.288,-72.38605898123325,https://finance.naver.com/item/main.naver?code=445680
케이엠더블유,KOSDAQ,16560.0,698694568560,-24.68,5.17,-673.0,3211.0,0.77079,21485161100.0,-5732425930.0,-5117116290.0,,-246.63174,통신장비,40000.0,11090.0,0.0575274507,42191701,032500,168061.0,226033.2,0.7435235177841131,3493006760.0,-52.069464544138924,-6.122448979591832,1.5395570208270288,-20.959202740579258,-26.680860819796226,77.079,-58.60000000000001,https://finance.naver.com/item/main.naver?code=032500
OCI,KOSPI,77400.0,692923113000,-10.98,0.61,-6994.0,125846.0,0.95148,506607615000.0,27825443000.0,24767985000.0,,-30.06008,화학,163200.0,52500.0,0.1159331561,8952495,456040,98611.0,71989.55,1.3697960328964411,5703694747.5,-42.666666666666664,11.849710982658967,1.3697960328964411,-5.557586256217917,5.492503897715789,95.148,-52.57352941176471,https://finance.naver.com/item/main.naver?code=456040
영풍,KOSPI,37750.0,695003283250,-84.59,0.19,-451.0,195772.0,0.58952,851084839630.0,43331420000.0,20776582620.0,,85.22491,핸드셋,71797.387,31000.0,0.1596872859,18410683,000670,39082.0,34584.95,1.1300291022540152,1212542163.75,-41.1993769470405,-36.3406408094435,1.4270658190918306,-0.23037002227080483,5.091316162891337,58.952000000000005,-47.421484851530884,https://finance.naver.com/item/main.naver?code=000670
와이지-원,KOSDAQ,18590.0,691431403520,25.79,1.65,736.0,11486.0,1.80677,207783601840.0,38838835000.0,25745057360.0,,173.4423,기계,28500.0,4900.0,0.2347661681,37193728,019210,579466.0,854749.65,0.6779365162653181,16655277842.0,29.727843684577813,164.81481481481484,1.0309767310229374,6.4078008009750995,18.691963492820353,180.677,-34.7719298245614,https://finance.naver.com/item/main.naver?code=019210
한화손해보험,KOSPI,5890.0,687592209350,3.19,0.34,1858.0,17378.0,5.88881,2090736330000.0,135869246000.0,106464244000.0,,8.42858,손해보험,10800.0,5050.0,0.1304597871,116738915,000370,142825.0,402221.9,0.3550900634699403,2310459670.5,-7.68025078369906,-1.340033500837523,0.9321098627399452,10.691679134537921,6.49863132191327,588.8810000000001,-45.46296296296296,https://finance.naver.com/item/main.naver?code=000370
TKG휴켐스,KOSPI,16450.0,672452772600,10.06,0.67,1561.0,23511.0,0.33025,294894249240.0,15195482240.0,13331460090.0,,-30.06008,화학,21550.0,14300.0,0.0816967064,40878588,069260,135484.0,73360.85,1.8468161151349798,1118036015.5,-3.2352941176470584,-14.589823468328145,1.8468161151349798,6.639445365998895,5.152858110716544,33.025,-23.665893271461712,https://finance.naver.com/item/main.naver?code=069260
선익시스템,KOSDAQ,67600.0,684627517600,6.47,4.35,10959.0,16300.0,1.52298,16098564430.0,1474918890.0,-19632956360.0,,15.48254,디스플레이장비및부품,144000.0,34000.0,0.0171559455,10127626,171090,61345.0,62030.0,0.9889569563114622,3558518453.75,-25.795828759604834,9.385113268608425,1.5812348863453167,67.23312883435582,9.1618038143293,152.298,-53.05555555555556,https://finance.naver.com/item/main.naver?code=171090
명인제약,KOSPI,46050.0,672330000000,6.72,0.83,6718.0,54409.0,0.09603,72135799960.0,25109406000.0,22730943200.0,,49.64242,제약,134500.0,39100.0,0.0141330137,14600000,317450,22578.0,15501.25,1.4565276993790823,653685785.0,-11.781609195402298,-30.015197568389063,1.6948955729376662,12.347221966953995,34.80852227870684,9.603,-65.76208178438662,https://finance.naver.com/item/main.naver?code=317450
파미셀,KOSPI,11190.0,671444916660,16.81,5.47,671.0,2064.0,0.266,36691828120.0,13078720350.0,11706760090.0,,-30.06008,화학,21150.0,8140.0,0.1207657208,60004014,005690,382330.0,544144.55,0.7026258004421803,5781717394.25,-38.414969730324714,-18.91304347826087,1.2141185646350772,32.509689922480625,35.64477710738824,26.6,-47.09219858156028,https://finance.naver.com/item/main.naver?code=005690
한국쉘석유,KOSPI,513000.0,666900000000,13.46,4.63,37098.0,107971.0,1.00759,91271286860.0,16009001380.0,14048814670.0,,-30.06008,화학,620000.0,401000.0,0.5846376923,1300000,002960,1826.0,1772.4,1.0302414804784472,891936262.5,8.227848101265822,17.525773195876294,1.0302414804784472,34.35922608848672,17.540019354121767,100.759,-17.258064516129036,https://finance.naver.com/item/main.naver?code=002960
티엘비,KOSDAQ,28100.0,666005406000,32.07,4.84,934.0,6185.0,0.97192,75834744240.0,10718407570.0,8467915940.0,,27.50173,반도체와반도체장비,67608.254,12015.007,0.0914157306,23701260,356860,479863.0,336834.75,1.4246243892591248,12899126492.5,-70.85062240663899,-53.244592346089846,2.419233763737263,15.101050929668553,14.133900862220406,97.19200000000001,-58.43702752625441,https://finance.naver.com/item/main.naver?code=356860
LF,KOSPI,22650.0,662286000000,6.21,0.37,3646.0,61158.0,0.69424,461914239760.0,44404244300.0,31632972870.0,,9.96468,"섬유,의류,신발,호화품",26450.0,17010.0,0.1374740424,29240000,093050,20010.0,20155.55,0.9927786639411974,446491626.25,-7.172131147540983,26.67785234899329,1.7486498755925788,5.961607639229537,9.613092751388532,69.42399999999999,-14.366729678638945,https://finance.naver.com/item/main.naver?code=093050
대한해운,KOSPI,2045.0,660018310300,3.58,0.3,560.0,6684.0,0.66774,277802397990.0,74446244190.0,62971243910.0,,10.30001,해운사,3385.0,1639.0,0.1259123344,322747340,005880,1996940.0,2947786.45,0.677437132530411,5490530162.4,-16.016427104722798,8.373078961314251,0.8699069771489043,8.378216636744465,26.79827270341987,66.774,-39.5864106351551,https://finance.naver.com/item/main.naver?code=005880
안랩,KOSDAQ,59300.0,659801805800,10.22,1.41,5714.0,41556.0,0.37163,59062128480.0,1926829630.0,3971485440.0,,164.30795,소프트웨어,75000.0,50800.0,0.2622503417,11126506,053800,32219.0,58046.35,0.5550564333502451,3111615382.5,-8.062015503875974,-9.188361408882084,0.7222159532856072,13.750120319568776,3.262377566789648,37.163000000000004,-20.933333333333337,https://finance.naver.com/item/main.naver?code=053800
디아이,KOSPI,23300.0,659390000000,116.33,3.63,196.0,6287.0,1.04178,105701281780.0,18872013350.0,14964022870.0,,27.50173,반도체와반도체장비,41700.0,12480.0,0.1446185512,28300000,003160,290648.0,303300.45,0.9582841040954604,6234607508.0,-23.355263157894733,-30.654761904761905,1.3605782648855285,3.1175441386989027,17.854100756582138,104.178,-44.124700239808156,https://finance.naver.com/item/main.naver?code=003160
동운아나텍,KOSDAQ,31350.0,655526493600,624.04,9.48,52.0,3424.0,0.70141,30821145780.0,-1850213490.0,1015988100.0,,27.50173,반도체와반도체장비,56400.0,16280.0,0.0422149068,20909936,094170,105057.0,116104.35,0.904849818288462,3287209640.0,-37.54980079681275,9.807355516637472,1.76333617129763,1.5186915887850467,-6.00306524360497,70.14099999999999,-44.41489361702128,https://finance.naver.com/item/main.naver?code=094170
현대바이오,KOSDAQ,6790.0,655272833880,-29.32,5.98,-235.0,1153.0,0.15292,324675420.0,-4665311220.0,-5312670050.0,,42.98944,화장품,21500.0,4565.0,0.07749852,96505572,048410,510091.0,919356.05,0.5548350935418329,5863476623.0,-48.32572298325722,-16.276202219482116,1.3623894681500164,-20.38161318300087,-1436.9154338816288,15.292,-68.41860465116278,https://finance.naver.com/item/main.naver?code=048410
케이아이엔엑스,KOSDAQ,133600.0,651968000000,39.32,3.29,3535.0,42214.0,0.38734,42530445660.0,8865562050.0,7724844420.0,,32.17663,IT서비스,149400.0,79200.0,0.4383610656,4880000,093320,13485.0,15049.1,0.8960668744310291,2037215297.5,15.07321274763136,0.4511278195488799,1.1670465343442464,8.373999147202351,20.845213146539127,38.734,-10.575635876840694,https://finance.naver.com/item/main.naver?code=093320
이엔에프테크놀로지,KOSDAQ,45500.0,650096538000,12.74,1.48,3635.0,31327.0,0.6216,170869057160.0,24918178960.0,19739929190.0,,27.50173,반도체와반도체장비,65000.0,33300.0,0.2262511272,14287836,102710,77615.0,90682.95,0.855894079317005,3701498437.5,-11.306042884990253,-12.667946257197693,1.0648528747686308,11.60340919973186,14.583201531139062,62.160000000000004,-30.000000000000004,https://finance.naver.com/item/main.naver?code=102710
빙그레,KOSPI,70000.0,648832170000,10.96,0.82,6284.0,84119.0,0.46971,312376207040.0,13759106100.0,11012897670.0,,32.75937,식품,87400.0,61500.0,0.1750727773,9269031,005180,36576.0,22751.3,1.6076443983420727,1516334870.0,-1.1299435028248594,-6.790945406125171,1.6076443983420727,7.470369357695645,4.404658802403007,46.971000000000004,-19.90846681922197,https://finance.naver.com/item/main.naver?code=005180
에이프릴바이오,KOSDAQ,27600.0,646221597600,-66.2,6.84,-429.0,4150.0,0.01009,725350000.0,-2192730700.0,200987340.0,,49.64242,제약,76700.0,19370.0,0.1271497448,23413826,397030,151819.0,184313.85,0.8236982733527621,4617410309.25,-62.346521145975444,-50.53763440860215,2.231177960853186,-10.337349397590362,-302.2996760184738,1.009,-64.01564537157758,https://finance.naver.com/item/main.naver?code=397030
동원시스템즈,KOSPI,22250.0,645056024500,11.64,0.72,1834.0,29468.0,0.82045,337811389600.0,13037548310.0,16190627330.0,,16.65708,포장재,30900.0,17520.0,0.1379684762,28991282,014820,43559.0,55225.9,0.7887422386959742,1101334691.75,-11.354581673306773,-18.795620437956206,1.6222641912580873,6.223700285054975,3.859416441061288,82.045,-27.993527508090608,https://finance.naver.com/item/main.naver?code=014820
대상,KOSPI,18550.0,642720863750,-2.16,0.61,-8447.0,29733.0,2.32859,1109854858880.0,57011218670.0,32627919850.0,,32.75937,식품,24500.0,15880.0,0.171826677,34648025,001680,105049.0,71055.7,1.478403562275792,1260704820.5,-6.690140845070425,-15.489749430523913,1.478403562275792,-28.409511317391452,5.1368175049062135,232.859,-24.28571428571429,https://finance.naver.com/item/main.naver?code=001680
넥센타이어,KOSPI,6550.0,639724594350,4.5,0.33,1469.0,19967.0,1.26523,838274592360.0,54210089140.0,61994156400.0,,11.42846,자동차부품,10110.0,5660.0,0.1119617149,97667877,002350,70870.0,97234.65,0.7288554028836428,627170076.25,-4.934687953555883,-15.917843388960208,1.0114398519457828,7.3571392798116895,6.4668653486659995,126.52300000000001,-35.21266073194857,https://finance.naver.com/item/main.naver?code=002350
온코닉테라퓨틱스,KOSDAQ,14050.0,637980152000,44.4,9.85,359.0,1619.0,0.10139,22982482880.0,4585894820.0,6421974410.0,,49.64242,제약,28900.0,5662.5,0.0063832149,45407840,476060,901393.0,800813.75,1.1255963075059587,10636001993.25,-35.40229885057471,-27.763496143958864,5.75671683958973,22.174181593576282,19.953870275655785,10.139,-51.384083044982695,https://finance.naver.com/item/main.naver?code=476060
현대그린푸드,KOSPI,19550.0,634819525850,7.31,0.86,2654.0,22431.0,0.43302,621491202000.0,46390147000.0,36182977000.0,,32.75937,식품,19690.0,14650.0,0.161486502,32471587,453340,46457.0,47819.1,0.9715155659558629,885654369.75,6.597600872410037,28.196721311475414,1.9575232490782972,11.831839864473274,7.464328835342066,43.302,-0.7110208227526615,https://finance.naver.com/item/main.naver?code=453340
한국단자,KOSPI,62700.0,634210500000,6.05,0.55,10428.0,114828.0,0.40061,337350344000.0,25829534000.0,35246272000.0,,11.42846,자동차부품,94000.0,56700.0,0.2996738507,10115000,025540,8454.0,17808.65,0.4747131309784851,1113366930.0,-28.668941979522188,-16.73306772908366,1.096658084694797,9.081408715644269,7.65659038426829,40.061,-33.29787234042553,https://finance.naver.com/item/main.naver?code=025540
금양,KOSPI,9900.0,633275240400,-9.24,1.38,-1071.0,7186.0,1.73047,17364980930.0,-7939945900.0,-19439242690.0,,-30.06008,화학,9900.0,9900.0,0.0508431384,63967196,001570,,,,,,,,-14.903979961035347,-45.72389645578493,173.047,0.0,https://finance.naver.com/item/main.naver?code=001570
태웅,KOSDAQ,31000.0,620228811000,109.41,0.97,271.0,30459.0,0.33691,88266192740.0,2792171230.0,4248669700.0,,-34.90219,에너지장비및서비스,61300.0,19980.0,0.0414724946,20007381,044490,340032.0,133579.1,2.545547918798674,3536864922.75,-32.9004329004329,-5.487804878048785,2.545547918798674,0.8897206080304673,3.1633529705135435,33.690999999999995,-49.42903752039152,https://finance.naver.com/item/main.naver?code=044490
롯데손해보험,KOSPI,1997.0,619741631040,12.91,1.03,158.0,1985.0,18.68007,870976000000.0,-28456000000.0,-19767000000.0,,8.42858,손해보험,3280.0,1569.0,0.0064051124,310336320,000400,382660.0,1244688.0,0.30743447353875025,2838958085.25,1.422041645505323,16.443148688046637,0.476740355816076,7.959697732997481,-3.2671393930487183,1868.007,-39.11585365853658,https://finance.naver.com/item/main.naver?code=000400
지투지바이오,KOSDAQ,37200.0,618614647200,-43.85,10.64,-862.0,3553.0,0.64131,350828740.0,-3313885260.0,-5535872070.0,,49.64242,제약,124000.0,22400.0,0.0737883557,16629426,456160,63068.0,143391.45,0.4398309662117232,4453424728.75,-49.59349593495935,-53.61596009975062,2.2855477087371665,-24.26118772867999,-944.587738165351,64.131,-70.0,https://finance.naver.com/item/main.naver?code=456160
카프로,KOSPI,3660.0,618539985360,-19.16,8.06,-191.0,454.0,2.44124,7421510980.0,-3425782850.0,-6487958890.0,,-30.06008,화학,3660.0,3660.0,0.0007656746,168999996,006380,,,,,,,,-42.070484581497794,-46.16018030872737,244.124,0.0,https://finance.naver.com/item/main.naver?code=006380
세진중공업,KOSPI,10860.0,617385092160,12.35,2.74,891.0,4019.0,1.16891,87243092710.0,13638834010.0,15784614780.0,,22.196,조선,27400.0,8500.0,0.02504761,56849456,075580,129694.0,329599.65,0.393489495513724,3816186869.5,-40.231150247660985,-44.8170731707317,0.6771336073930904,22.16969395371983,15.633139067336947,116.89099999999999,-60.36496350364964,https://finance.naver.com/item/main.naver?code=075580
미원에스씨,KOSPI,123100.0,615500000000,9.38,1.28,12662.0,92934.0,0.28928,141274420070.0,19282566380.0,21518131080.0,,-30.06008,화학,149200.0,89600.0,0.006279,5000000,268280,3303.0,3061.05,1.0790415053658058,348910462.5,10.30465949820789,-10.014619883040933,1.843485078649483,13.624722921643318,13.649014712249881,28.927999999999997,-17.493297587131362,https://finance.naver.com/item/main.naver?code=268280
코미팜,KOSDAQ,8320.0,614735638400,-74.8,7.89,-102.0,967.0,0.83339,11938571490.0,300830340.0,688790740.0,,49.64242,제약,10790.0,5250.0,0.0373402609,73886495,041960,533918.0,160392.85,3.3288142208334097,1153642902.75,-5.882352941176472,13.197278911564636,3.3288142208334097,-10.548086866597725,2.5198185582921866,83.339,-22.891566265060238,https://finance.naver.com/item/main.naver?code=041960
에이치브이엠,KOSDAQ,50200.0,609839439200,41.37,5.79,1060.0,7571.0,0.95119,23267980180.0,4416755070.0,3413619640.0,,29.93748,비철금속,144000.0,21950.0,0.0532257629,12148196,295310,448069.0,124910.75,3.5871131988239604,5204966568.75,-48.87983706720978,-39.880239520958085,4.201311736579918,14.000792497688549,18.98211634973122,95.119,-65.13888888888889,https://finance.naver.com/item/main.naver?code=295310
대한유화,KOSPI,93700.0,609050000000,17.74,0.31,5134.0,297102.0,0.34701,847106246910.0,73562574450.0,67268734170.0,,-30.06008,화학,202500.0,82000.0,0.1417098462,6500000,006650,29149.0,28813.95,1.011628048219699,2724296812.5,-37.98808735936466,-41.80124223602485,1.2906942644101207,1.728026065122416,8.683984413801117,34.701,-53.72839506172839,https://finance.naver.com/item/main.naver?code=006650
넥슨게임즈,KOSDAQ,9120.0,600644786880,-9.3,2.24,-974.0,4052.0,0.63216,41514124760.0,-21107966190.0,-21809602130.0,,18.81972,게임엔터테인먼트,15420.0,7860.0,0.0305435573,65860174,225570,87037.0,123195.15,0.7064969684277344,1075121160.5,-15.633672525439412,-29.738058551617875,1.7750779961711156,-24.03751233958539,-50.845263659124775,63.21600000000001,-40.856031128404666,https://finance.naver.com/item/main.naver?code=225570
쏠리드,KOSDAQ,9830.0,597236729220,16.3,1.69,610.0,5886.0,0.62324,63733601620.0,-2126563200.0,22208966970.0,,-246.63174,통신장비,20900.0,6090.0,0.1846404537,60756534,050890,1000726.0,853488.8,1.1725121641900866,7964749553.5,-43.50574712643678,22.875,2.7867524447889647,10.36357458375807,-3.3366436949213165,62.324,-52.96650717703349,https://finance.naver.com/item/main.naver?code=050890
E1,KOSPI,87000.0,596820000000,4.68,0.24,18124.0,349725.0,6.54236,3585260140710.0,-156188703620.0,81665085100.0,,8.90138,가스유틸리티,114500.0,71000.0,0.0698042274,6860000,017940,6066.0,10803.3,0.5614950987198356,940632277.5,-13.77601585728444,-1.4722536806342057,1.4416891135116123,5.182357566659518,-4.356412017262142,654.236,-24.017467248908297,https://finance.naver.com/item/main.naver?code=017940
에스티큐브,KOSDAQ,8760.0,595533629160,-26.17,7.91,-321.0,1062.0,0.27474,1362832130.0,-7305470430.0,-6748363940.0,,-17.50626,판매업체,22500.0,6010.0,0.0650839778,67983291,052020,154085.0,207675.2,0.7419518555898826,1539599787.5,-56.04616156547917,19.183673469387763,1.2459504071742797,-30.225988700564972,-536.0506455039331,27.473999999999997,-61.06666666666667,https://finance.naver.com/item/main.naver?code=052020
필옵틱스,KOSDAQ,25400.0,595433073800,-35.26,5.22,-736.0,4970.0,1.09267,10973443550.0,-5351388650.0,-12533741700.0,,229.76836,전자장비와기기,64900.0,19380.0,0.0108490027,23442247,161580,123510.0,131772.95,0.9372940349290199,3406938288.0,-52.788104089219324,-50.0,1.0445542882662944,-14.808853118712273,-48.76672145454286,109.267,-60.86286594761171,https://finance.naver.com/item/main.naver?code=161580
맵스리얼티,KOSPI,6360.0,590426345160,,,,,,,,,,30.96928,부동산,8190.0,4525.0,0.0271486095,92834331,094800,82908.0,49405.8,1.6781025709532078,300321407.0,13.571428571428568,11.188811188811187,1.6781025709532078,,,,-22.344322344322343,https://finance.naver.com/item/main.naver?code=094800
GKL,KOSPI,9500.0,587628865000,12.23,1.3,761.0,7137.0,0.47619,110651328970.0,18148064110.0,15092429640.0,,13.58287,"호텔,레스토랑,레저",17970.0,8990.0,0.1286291782,61855670,114090,111310.0,215653.5,0.5161520680165173,2053787207.75,-15.329768270944744,-25.606891151135468,0.6843941786245065,10.662743449628694,16.401126203301487,47.619,-47.13411240957151,https://finance.naver.com/item/main.naver?code=114090
삼지전자,KOSDAQ,36000.0,587466792000,7.08,1.09,5030.0,32565.0,1.76788,1904436094240.0,334208579270.0,248376083790.0,,-246.63174,통신장비,64500.0,10900.0,0.071584608,16318522,037460,62082.0,92073.95,0.6742623727992554,3114358547.5,1.4084507042253502,72.66187050359711,2.1412571090954606,15.446031014893292,17.54895216913918,176.78799999999998,-44.18604651162791,https://finance.naver.com/item/main.naver?code=037460
KG스틸,KOSPI,5860.0,586052136420,4.06,0.27,1394.0,21234.0,0.61244,805288623950.0,21512932640.0,45101219440.0,,41.57565,철강,7900.0,4825.0,0.0598937912,100008897,016380,437790.0,293198.85,1.4931504676774825,1531995278.3,-12.27544910179641,7.522935779816509,1.4931504676774825,6.564943015917867,2.671456171139918,61.244,-25.822784810126585,https://finance.naver.com/item/main.naver?code=016380
KG모빌리티,KOSPI,2890.0,584863495680,12.48,0.39,232.0,7336.0,1.3665,1141372673340.0,9589390750.0,27291788510.0,,7.87628,자동차,4670.0,2525.0,0.184655769,202374912,003620,348980.0,548990.5,0.6356758450282838,1526467036.45,-28.72996300863132,-19.610570236439496,2.0645894601090546,3.162486368593239,0.8401629874262326,136.65,-38.11563169164882,https://finance.naver.com/item/main.naver?code=003620
나노신소재,KOSDAQ,47650.0,584293401150,339.34,2.24,136.0,20643.0,0.50911,32727365930.0,2755367130.0,6500549280.0,,-30.06008,화학,95300.0,33200.0,0.0683456162,12262191,121600,133937.0,62096.45,2.1569187932643494,2588749658.75,-34.99317871759891,-29.19762258543833,2.1569187932643494,0.6588189701109335,8.41915336508721,50.910999999999994,-50.0,https://finance.naver.com/item/main.naver?code=121600
메디톡스,KOSDAQ,79800.0,582420060600,33.32,1.22,2371.0,64588.0,0.48743,60687505690.0,7372200970.0,7879118810.0,,-69.9395,생물공학,148900.0,66000.0,0.1601653053,7298497,086900,15569.0,23748.25,0.6555851483793542,1709552365.0,-25.62907735321528,-38.56812933025404,1.1758340088217027,3.6709605499473588,12.147806844555783,48.742999999999995,-46.40698455339154,https://finance.naver.com/item/main.naver?code=086900
아이에스동서,KOSPI,19230.0,580495548480,-10.76,0.47,-1810.0,41857.0,1.21092,437014361970.0,118076091790.0,154504231350.0,,35.15774,건설,34450.0,16190.0,0.0754305102,30186976,010780,37692.0,57675.9,0.6535138593415968,1077069474.0,-20.041580041580044,-15.286343612334797,1.4436012268555845,-4.324246840432902,27.018812667329602,121.092,-44.179970972423796,https://finance.naver.com/item/main.naver?code=010780
JW중외제약,KOSPI,24900.0,579819657000,9.71,1.61,2534.0,15290.0,0.62819,199884661550.0,33577278360.0,27483441020.0,,49.64242,제약,39250.0,20700.0,0.0900915274,23285930,001060,25009.0,33311.8,0.7507549877220684,789246786.25,-16.161616161616166,-16.582914572864325,1.0005763723365293,16.5729234793983,16.798326644789018,62.819,-36.56050955414013,https://finance.naver.com/item/main.naver?code=001060
LX세미콘,KOSPI,35600.0,579009080000,6.96,0.51,5081.0,69207.0,0.34817,388770292280.0,20593734490.0,11218257340.0,,15.48254,디스플레이장비및부품,67300.0,29500.0,0.2992116476,16264300,108320,36795.0,76177.45,0.48301695580516285,2763185150.0,-40.168067226890756,-31.800766283524908,1.004654264483781,7.341742887280188,5.29714715834511,34.817,-47.102526002971764,https://finance.naver.com/item/main.naver?code=108320
부국증권,KOSPI,55700.0,577602650200,11.2,0.61,5109.0,93587.0,7.78953,479606128280.0,15625412370.0,12847330840.0,,8.42388,증권,104600.0,44800.0,0.0115004157,10369886,001270,3129.0,5302.45,0.5901045743005592,279972597.5,-22.4233983286908,-18.5672514619883,1.1862440947109356,5.459091540491735,3.2579676214807853,778.953,-46.74952198852772,https://finance.naver.com/item/main.naver?code=001270
가비아,KOSDAQ,43000.0,577089412000,36.53,3.32,1232.0,13565.0,0.67339,84969270670.0,10726015560.0,9033110360.0,,32.17663,IT서비스,47900.0,22250.0,0.4162524801,13420684,079940,257203.0,30718.75,8.372834181078332,1386966858.75,32.30769230769231,30.303030303030297,8.372834181078332,9.082196830077404,12.623405468145346,67.339,-10.229645093945717,https://finance.naver.com/item/main.naver?code=079940
SNT에너지,KOSPI,27850.0,575959806550,6.53,1.51,4270.0,18458.0,0.54464,123567021500.0,22804473620.0,26583514730.0,,-34.90219,에너지장비및서비스,67900.0,21200.0,0.0334646904,20680783,100840,53098.0,131173.55,0.4047919721620708,3328120143.75,-46.131528046421664,-31.823745410036718,1.279503375489952,23.133600606782966,18.455145509839777,54.464,-58.983799705449194,https://finance.naver.com/item/main.naver?code=100840
세미파이브,KOSDAQ,16620.0,565502812800,-8.39,2.55,-1979.0,6513.0,0.39503,47874896280.0,105054260.0,1344494230.0,,27.50173,반도체와반도체장비,51300.0,12630.0,0.0551466491,34025440,490470,118465.0,278419.55,0.4254909542092141,4883939450.0,-57.22007722007723,-41.47887323943662,0.7277542112254689,-30.38538307999386,0.21943496104008686,39.503,-67.60233918128655,https://finance.naver.com/item/main.naver?code=490470
PI첨단소재,KOSPI,19180.0,563246055960,18.08,1.55,1035.0,12094.0,0.32965,64054318530.0,14048128640.0,10557769590.0,,-30.06008,화학,32150.0,14880.0,0.1454558048,29366322,178920,69546.0,77303.1,0.8996534420999933,1386579491.25,-34.2024013722127,16.737674984783936,0.9502206250460847,8.557962626095584,21.931587069216143,32.965,-40.342146189735615,https://finance.naver.com/item/main.naver?code=178920
미원상사,KOSPI,124400.0,559800000000,13.08,1.35,9449.0,91715.0,0.20866,117304934500.0,9829258680.0,10999399740.0,,-30.06008,화학,164200.0,109100.0,0.0293033333,4500000,002840,6832.0,5954.55,1.1473579027802268,739274550.0,-12.022630834512027,-11.773049645390065,1.231495243133402,10.302567737011394,8.37923717522727,20.866,-24.23873325213155,https://finance.naver.com/item/main.naver?code=002840
앱클론,KOSDAQ,28000.0,558659612000,-27.97,9.24,-976.0,2954.0,0.17432,434196710.0,-3058924610.0,-2781386640.0,,-69.9395,생물공학,95800.0,9770.0,0.1231664049,19952129,174900,148954.0,143605.1,1.037247284393103,3208154376.5,-35.18518518518518,-58.57988165680473,3.4765617655640364,-33.03994583615437,-704.5020239789472,17.432,-70.77244258872652,https://finance.naver.com/item/main.naver?code=174900
위메이드,KOSDAQ,16370.0,555736666710,-29.17,1.34,-551.0,12033.0,1.21403,153324403050.0,8488266900.0,19927733850.0,,18.81972,게임엔터테인먼트,34850.0,12570.0,0.0931384475,33948483,112040,137589.0,192536.85,0.7146112549363927,3130630127.75,-22.96470588235294,-46.850649350649356,1.315550763399318,-4.579074212582066,5.536148669844764,121.40299999999999,-53.02725968436155,https://finance.naver.com/item/main.naver?code=112040
코스모로보틱스,KOSDAQ,17130.0,555879223380,-20.47,35.23,-902.0,524.0,0.53411,1267098000.0,-2676757620.0,-2998138310.0,,173.4423,기계,68500.0,10000.0,0.0,32450626,439960,2229895.0,4719588.7,0.4724765528826696,79182560595.5,-45.09615384615384,-28.625,3.8693034840091043,-172.13740458015266,-211.25103346386786,53.410999999999994,-74.99270072992701,https://finance.naver.com/item/main.naver?code=439960
지아이이노베이션,KOSDAQ,8550.0,551611851300,-14.12,4.68,-604.0,1824.0,0.07717,,-12352491730.0,-12329940380.0,,-69.9395,생물공학,21000.0,6470.0,0.0870142519,64516006,358570,273442.0,417327.1,0.6552222465303595,3183991457.75,-40.54242002781642,-46.960297766749385,1.850318371368646,-33.114035087719294,,7.7170000000000005,-59.285714285714285,https://finance.naver.com/item/main.naver?code=358570
엔켐,KOSDAQ,24850.0,544488176050,-6.64,0.97,-3154.0,21543.0,1.2795,84111624650.0,-24212990140.0,-11429206240.0,,-70.52697,전기제품,105000.0,14020.0,0.0373422601,21910993,348370,532158.0,235660.0,2.2581600611049817,4729928429.5,-36.68789808917198,-67.34559789750328,2.2581600611049817,-14.64048646892262,-28.786734581282396,127.95,-76.33333333333333,https://finance.naver.com/item/main.naver?code=348370
자화전자,KOSPI,25150.0,543378375300,10.77,1.14,2284.0,21665.0,0.68362,260684205020.0,24645813530.0,36595021190.0,,-246.63174,통신장비,60000.0,16600.0,0.1505334613,21605502,033240,86066.0,94167.7,0.9139651918863899,2290078494.0,-41.57955865272939,9.58605664488017,1.7954776425462236,10.542349411493191,9.454279567152579,68.362,-58.08333333333333,https://finance.naver.com/item/main.naver?code=033240
프로텍,KOSDAQ,59900.0,539100000000,11.66,1.59,5293.0,38739.0,0.24243,62411826810.0,15418809940.0,18976866830.0,,27.50173,반도체와반도체장비,101900.0,25800.0,0.0596193333,9000000,053610,26982.0,36204.85,0.745259267750039,2155028680.0,-30.83140877598153,52.223634053367206,0.8636411972429109,13.663233434007074,24.704948930495824,24.243000000000002,-41.216879293424924,https://finance.naver.com/item/main.naver?code=053610
젬백스,KOSDAQ,11970.0,529902359910,-43.42,8.84,-275.0,1351.0,1.18301,18256690270.0,-764647860.0,-1491077060.0,,27.50173,반도체와반도체장비,61000.0,8980.0,0.0767824756,44269203,082270,136143.0,185857.75,0.7325118269213955,1956520444.0,-41.0344827586207,-64.94875549048315,1.4780820277873803,-20.355292376017765,-4.188315892374506,118.30099999999999,-80.37704918032786,https://finance.naver.com/item/main.naver?code=082270
아이센스,KOSDAQ,18400.0,529134485600,-100.21,1.64,-187.0,11419.0,0.65795,75129546640.0,937319630.0,1600790510.0,,-35.75178,건강관리장비와용품,27600.0,14000.0,0.2611670306,28757309,099190,36038.0,72914.8,0.4942480813223104,1205971426.25,-3.310562270099837,16.382036685642,1.3722865591073417,-1.6376215080129608,1.2476045336615385,65.795,-33.333333333333336,https://finance.naver.com/item/main.naver?code=099190
아이티센글로벌,KOSDAQ,22700.0,526742762900,12.59,4.68,2010.0,5404.0,1.84764,3288221636120.0,99167251600.0,72738858560.0,,32.17663,IT서비스,75500.0,13990.0,0.0602281184,23204527,124500,343596.0,192522.4,1.7847066107632152,4171401083.5,-58.424908424908416,-53.002070393374744,3.1421486538709265,37.19467061435973,3.015832342646291,184.76399999999998,-69.93377483443707,https://finance.naver.com/item/main.naver?code=124500
한양이엔지,KOSDAQ,30000.0,525000000000,11.53,0.76,2541.0,38303.0,0.43305,341355810550.0,22270894520.0,26020380310.0,,27.50173,반도체와반도체장비,39400.0,17840.0,0.1889214286,17500000,045100,37388.0,110050.6,0.33973463116057523,3413816338.75,-9.365558912386707,14.722753346080308,0.8303816607996685,6.633945121792027,6.5242464993101015,43.305,-23.857868020304572,https://finance.naver.com/item/main.naver?code=045100
NHN KCP,KOSDAQ,13030.0,523292761330,10.96,1.68,1195.0,7810.0,1.1454,344859626450.0,13783712140.0,16190235070.0,,32.17663,IT서비스,25500.0,10900.0,0.1152347508,40160611,060250,246152.0,562577.05,0.4375436218025602,7203787136.25,-31.094658910629292,-43.47071583514099,0.715928600357942,15.30089628681178,3.996905141344069,114.53999999999999,-48.90196078431372,https://finance.naver.com/item/main.naver?code=060250
미코,KOSDAQ,15590.0,520967569020,16.99,4.35,937.0,3658.0,2.48036,321965294270.0,18871569810.0,-1354888880.0,,27.50173,반도체와반도체장비,29250.0,11300.0,0.2426602589,33416778,059090,118517.0,200407.55,0.591379915577033,2961068820.5,-30.86474501108647,2.6333113890717685,0.7807340591709245,25.615090213231273,5.861367714426483,248.036,-46.7008547008547,https://finance.naver.com/item/main.naver?code=059090
솔루스첨단소재,KOSPI,7400.0,519608345600,-9.65,0.94,-736.0,7584.0,1.57369,192569024490.0,-22049735830.0,-2899563180.0,,229.76836,전자장비와기기,16900.0,5330.0,0.0319518067,70217344,336370,172029.0,156701.0,1.0978168614112227,1067265510.0,-36.69803250641574,-6.91823899371069,1.0978168614112227,-9.70464135021097,-11.450302502386634,157.369,-56.213017751479285,https://finance.naver.com/item/main.naver?code=336370
인카금융서비스,KOSDAQ,10530.0,518746308210,7.2,2.43,1480.0,4391.0,3.7191,301224262000.0,25950989000.0,22518746000.0,,8.42858,손해보험,17330.0,8100.0,0.0208845235,49263657,211050,129025.0,122823.1,1.050494573089264,1225384052.25,5.511022044088176,-25.84507042253521,1.4743887754013698,33.705306308358004,8.615172240010335,371.91,-39.23831506058858,https://finance.naver.com/item/main.naver?code=211050
가온칩스,KOSDAQ,43600.0,517045598400,-36.36,9.56,-1239.0,4714.0,2.01196,20569510880.0,-3906114630.0,-1539643260.0,,27.50173,반도체와반도체장비,83200.0,34950.0,0.0003073655,11858844,399720,90219.0,364178.3,0.24773304724636258,18150079305.0,-32.298136645962735,-37.446197991391685,0.4190612125983344,-26.2834111158252,-18.989827481984346,201.19600000000003,-47.59615384615385,https://finance.naver.com/item/main.naver?code=399720
현대힘스,KOSDAQ,14450.0,513129195950,25.46,2.16,604.0,7122.0,0.30377,64610109230.0,8529620000.0,6552134930.0,,22.196,조선,33450.0,10380.0,0.0096963811,35510671,460930,574313.0,1397373.35,0.4109946708229407,20262616620.5,-20.647995606809445,-21.68021680216802,1.0914391633417082,8.480763830384722,13.201680204000485,30.377,-56.80119581464873,https://finance.naver.com/item/main.naver?code=460930
마키나락스,KOSDAQ,29050.0,515775080800,-30.32,32.75,-1052.0,974.0,0.54817,3034769430.0,-2433478230.0,-2373497490.0,,164.30795,소프트웨어,83600.0,13420.0,0.0273635722,17754736,477850,2142890.0,2985432.45,0.7177821089202671,79773191262.0,-51.583333333333336,-51.583333333333336,3.0233499337759255,-108.00821355236138,-80.18659361544972,54.81700000000001,-65.25119617224881,https://finance.naver.com/item/main.naver?code=477850
SK증권,KOSPI,2215.0,512318613275,16.12,0.77,138.0,2887.0,11.35318,720583351580.0,28703124620.0,23371186450.0,,8.42388,증권,6190.0,1219.308,0.0494486729,231295085,001510,1807153.0,2333982.75,0.7742786445186881,5020500939.55,-53.61256544502617,225.73529411764704,1.0904236545878498,4.780048493245584,3.9833177601263725,1135.318,-64.21647819063006,https://finance.naver.com/item/main.naver?code=001510
동성화인텍,KOSDAQ,17000.0,509821398000,9.17,1.98,1869.0,8649.0,0.85152,169129356010.0,19854435240.0,17122594410.0,,-30.06008,화학,34300.0,14050.0,0.1715017933,29989494,033500,77858.0,112793.7,0.6902690487146003,1809103802.25,-31.863727454909817,-39.06810035842294,0.945212365584248,21.609434616718694,11.739201111146004,85.152,-50.43731778425655,https://finance.naver.com/item/main.naver?code=033500
DI동일,KOSPI,24600.0,509604276600,-51.71,0.97,-469.0,25027.0,1.09841,169789885580.0,672189120.0,2793440690.0,,9.96468,"섬유,의류,신발,호화품",41858.149,14981.313,0.0482638198,20715621,001530,15487.0,25192.55,0.6147452322214305,594180733.75,-5.747126436781613,22.388059701492537,0.7296601574671877,-1.8739761058057298,0.3958946775326521,109.84100000000001,-41.230081626399674,https://finance.naver.com/item/main.naver?code=001530
하이젠알앤엠,KOSDAQ,16470.0,508725360000,-66.49,4.56,-251.0,3657.0,0.55505,18634338290.0,-3394944950.0,-3215142550.0,,173.4423,기계,91200.0,11000.0,0.0310415048,30888000,160190,297059.0,124470.0,2.3865911464609946,1912915522.25,-60.40865384615385,-78.15649867374005,2.3865911464609946,-6.8635493573967725,-18.218757742644804,55.505,-81.94078947368422,https://finance.naver.com/item/main.naver?code=160190
토모큐브,KOSDAQ,37000.0,498618438000,-101.1,12.67,-365.0,2912.0,0.07726,2746008770.0,-1865014600.0,-1355281630.0,,-35.33202,생명과학도구및서비스,67800.0,25050.0,0.0224640169,13476174,475960,31761.0,46550.6,0.68228980936873,1592613967.5,-30.056710775047257,-23.474663908996895,1.14232684433713,-12.534340659340659,-67.91728491092911,7.725999999999999,-45.427728613569315,https://finance.naver.com/item/main.naver?code=475960
로킷헬스케어,KOSDAQ,31100.0,493674837900,-160.36,48.11,-222.0,740.0,9.3615,8058778590.0,-2350759970.0,-1876355480.0,,-35.75178,건강관리장비와용품,153800.0,14120.0,0.0225141584,15873789,376900,302682.0,382665.0,0.7909842812904238,16850282083.75,-55.88652482269503,-54.12979351032449,0.7909842812904238,-30.0,-29.17017689153314,936.15,-79.77893368010402,https://finance.naver.com/item/main.naver?code=376900
바이오노트,KOSPI,4845.0,493637902560,-5.5,0.32,-865.0,15047.0,0.04399,32566581270.0,6345241800.0,41299367060.0,,-35.75178,건강관리장비와용품,6320.0,4050.0,0.0064449158,101886048,377740,60197.0,88799.35,0.6778991062434578,402967041.45,-0.7172131147541005,-12.38698010849909,1.6995845127244738,-5.7486542167874,19.483905133896172,4.399,-23.33860759493671,https://finance.naver.com/item/main.naver?code=377740
에코프로에이치엔,KOSDAQ,23450.0,491862155400,36.85,1.6,631.0,14535.0,0.47705,34667282770.0,5028935650.0,4521249140.0,,14.24452,상업서비스와공급품,46900.0,20000.0,0.0918133131,20974932,383310,194996.0,203642.4,0.9575412585984059,4984477236.25,-17.719298245614034,-16.399286987522277,0.9575412585984059,4.34124527003784,14.506287335423607,47.705,-50.0,https://finance.naver.com/item/main.naver?code=383310
현대차증권,KOSPI,7940.0,490954369360,7.91,0.34,1009.0,23342.0,7.84341,842984000000.0,32311000000.0,26589000000.0,,8.42388,증권,14880.0,6560.0,0.0328997227,61833044,001500,98842.0,131474.65,0.751795117918169,1004797223.75,-30.228471001757473,-12.168141592920357,0.8338869888605903,4.322680147373833,3.832931585890124,784.341,-46.63978494623656,https://finance.naver.com/item/main.naver?code=001500
하나투어,KOSPI,31500.0,487932858000,15.42,3.24,2062.0,9807.0,3.22493,174828804320.0,16763342700.0,25293403060.0,,13.58287,"호텔,레스토랑,레저",56400.0,28600.0,0.1174205929,15489932,039130,18329.0,32138.9,0.5703057665321464,982578256.25,-21.93308550185874,-30.540242557883136,1.0587481214353944,21.02579789945957,9.588432961720091,322.493,-44.14893617021277,https://finance.naver.com/item/main.naver?code=039130
동국제강,KOSPI,9800.0,486158566600,59.28,0.26,166.0,38029.0,1.24279,857156632940.0,21440854240.0,6209176810.0,,41.57565,철강,17710.0,7760.0,0.269087696,49608017,460860,129984.0,197166.9,0.6592587295332026,1743291492.0,-26.536731634182907,21.437422552664188,1.2234051455898531,0.4365089799889558,2.501392792873696,124.27900000000001,-44.66403162055336,https://finance.naver.com/item/main.naver?code=460860
쿠쿠홈시스,KOSPI,21650.0,485768194500,4.04,0.45,5330.0,48373.0,0.25558,273041051430.0,41252475060.0,37986185570.0,,11.80476,가정용기기와용품,29550.0,20150.0,0.0943796343,22437330,284740,7350.0,12500.5,0.5879764809407624,265488268.75,-9.414225941422593,-6.88172043010753,3.4541018359265627,11.018543402311206,15.108524833151678,25.557999999999996,-26.734348561759724,https://finance.naver.com/item/main.naver?code=284740
비에이치,KOSPI,14370.0,484434801060,14.58,0.63,991.0,23055.0,0.69655,371555118860.0,10656473760.0,26078001850.0,,229.76836,전자장비와기기,43400.0,12440.0,0.190750686,33711538,090460,455412.0,401401.1,1.134555934201476,6369794876.75,-52.80788177339901,-14.565992865636145,3.278735409544219,4.298416829321188,2.8680734618045465,69.655,-66.88940092165898,https://finance.naver.com/item/main.naver?code=090460
전진건설로봇,KOSPI,32900.0,480094730500,15.42,3.13,2172.0,10701.0,0.52459,46016592740.0,4259979540.0,6529960060.0,,173.4423,기계,74350.0,25600.0,0.0088594553,14592545,079900,30826.0,46039.95,0.6695489460783516,1457102397.5,-48.10725552050473,-35.7421875,1.3670084350656333,20.297168488926268,9.257485803152491,52.459,-55.74983187626093,https://finance.naver.com/item/main.naver?code=079900
비나텍,KOSDAQ,66700.0,478933613800,-71.28,5.62,-933.0,11841.0,1.38915,25365991580.0,-1535812150.0,-1848342510.0,,52.67418,전기장비,204500.0,27352.55,0.1147748584,7180414,126340,80073.0,130066.1,0.6156331280787231,8036394630.0,-61.445086705202314,-25.558035714285708,1.1493771244005933,-7.879402077527235,-6.054611132217367,138.91500000000002,-67.3838630806846,https://finance.naver.com/item/main.naver?code=126340
일동제약,KOSPI,15320.0,484698020640,16.27,1.96,942.0,7821.0,1.34252,141997383600.0,9227432250.0,7375920230.0,,49.64242,제약,45050.0,11250.0,0.1072603505,31638252,249420,65757.0,104350.05,0.6301578197614663,1454570988.25,-33.10043668122271,-60.71794871794871,1.0621173636236878,12.044495588799386,6.498311459028883,134.25199999999998,-65.99334073251943,https://finance.naver.com/item/main.naver?code=249420
유진로봇,KOSDAQ,12460.0,476414155560,-70.38,17.09,-186.0,766.0,1.03075,5006146890.0,-3978664350.0,-3881968990.0,,173.4423,기계,49450.0,9250.0,0.2076760316,38235486,056080,279646.0,350688.5,0.7974199325042024,4282894448.5,-54.52554744525548,-60.63191153238547,1.8107693865068286,-24.281984334203656,-79.4755814686053,103.075,-74.80283114256825,https://finance.naver.com/item/main.naver?code=056080
태영건설,KOSPI,1621.0,482393516438,8.62,0.81,191.0,2037.0,4.88874,354851639750.0,17732174580.0,-2994558230.0,,35.15774,건설,2275.0,1510.0,0.0061508771,297590078,009410,176885.0,316240.95,0.5593361644024912,515354755.1,-11.517467248908297,-0.06165228113440557,1.2746578202475043,9.37653411880216,4.997067110213346,488.874,-28.747252747252748,https://finance.naver.com/item/main.naver?code=009410
브이티,KOSDAQ,13580.0,474510160040,7.81,1.93,1728.0,6998.0,0.35452,114290932580.0,17333482680.0,18404226840.0,,42.98944,화장품,39350.0,10290.0,0.085013845,34941838,018290,210257.0,180281.0,1.1662737615167433,2142834671.75,-15.071919949968727,-28.413284132841333,1.3968970662465818,24.692769362675048,15.166104859514656,35.452,-65.48919949174079,https://finance.naver.com/item/main.naver?code=018290
NICE,KOSPI,12960.0,476372754720,11.79,0.58,1079.0,21761.0,1.72899,788824701040.0,42396549150.0,34802370710.0,,32.17663,IT서비스,15430.0,10660.0,0.0947703055,36757157,034310,32918.0,54222.65,0.6070894727572334,677317198.5,-3.066566940912485,-2.409638554216864,0.9516318365111258,4.9584118376912825,5.374647763198042,172.899,-16.00777705767984,https://finance.naver.com/item/main.naver?code=034310
세아제강지주,KOSPI,114500.0,474219726500,7.21,0.22,15656.0,510476.0,1.28453,991921004520.0,26676309180.0,8241662520.0,,41.57565,철강,260000.0,94400.0,0.0933295538,4141657,003030,48876.0,28879.05,1.6924379437689259,3016696935.0,-38.24163969795038,-17.028985507246375,1.6924379437689259,3.066941442888598,2.6893582309922874,128.453,-55.96153846153846,https://finance.naver.com/item/main.naver?code=003030
디어유,KOSDAQ,19660.0,466697061960,25.44,2.26,785.0,8842.0,0.18955,23406558700.0,9696239550.0,11762681130.0,,21.51394,양방향미디어와서비스,58900.0,18000.0,0.0322353152,23738406,376300,88906.0,79910.05,1.1125759525866896,1621237877.25,-29.53405017921147,-46.35743519781719,2.4593527347311133,8.878081881927166,41.42531020589541,18.955,-66.62139219015279,https://finance.naver.com/item/main.naver?code=376300
아이쓰리시스템,KOSDAQ,63900.0,466931038500,24.69,3.43,2657.0,19122.0,0.40614,32371490080.0,4374466500.0,4892655380.0,,42.07756,우주항공과국방,137900.0,49250.0,0.0445240765,7307215,214430,34480.0,36648.8,0.9408220733011722,2141613312.5,-30.087527352297595,-36.48111332007953,1.140446617624588,13.894990063800858,13.513330678289245,40.614,-53.66207396664249,https://finance.naver.com/item/main.naver?code=214430
성우하이텍,KOSDAQ,5920.0,473600000000,2.82,0.28,2110.0,21208.0,1.40805,1069577960820.0,54495556670.0,31174391300.0,,11.42846,자동차부품,11990.0,4880.0,0.06172395,80000000,015750,169795.0,282760.15,0.6004912644161491,1601414256.25,-32.18785796105384,-23.016905071521453,1.0125365968295037,9.949075820445115,5.095052316543674,140.805,-50.62552126772311,https://finance.naver.com/item/main.naver?code=015750
고려제강,KOSPI,17300.0,467100000000,48.34,0.26,356.0,67342.0,0.37835,432709847440.0,7044996500.0,20960505720.0,,41.57565,철강,28300.0,15300.0,0.0704348889,27000000,002240,24652.0,26400.9,0.9337560461953948,444575837.5,-22.595078299776283,-20.459770114942533,1.2713581733956039,0.5286448278934395,1.6281109712847168,37.835,-38.869257950530034,https://finance.naver.com/item/main.naver?code=002240
월덱스,KOSDAQ,28650.0,473039949450,11.46,1.36,2482.0,20992.0,0.25342,69086743020.0,14284697400.0,17940563790.0,,27.50173,반도체와반도체장비,35400.0,20050.0,0.191229625,16510993,101160,75264.0,114834.15,0.6554147873258956,3361916333.75,-7.580645161290322,22.69807280513918,0.7540178596697934,11.823551829268293,20.676466678802193,25.342,-19.067796610169495,https://finance.naver.com/item/main.naver?code=101160
삼양사,KOSPI,45250.0,466683567250,-1.45,0.28,-31276.0,160164.0,0.94217,608270322500.0,21058347330.0,31568492020.0,,32.75937,식품,54000.0,40750.0,0.0508162691,10313449,145990,10008.0,11632.1,0.860377747784149,515580687.5,1.7997750281214753,-5.334728033472802,1.40653880210796,-19.527484328563222,3.462004728991196,94.217,-16.20370370370371,https://finance.naver.com/item/main.naver?code=145990
피노,KOSDAQ,5600.0,466602567200,-40.44,3.77,-135.0,1447.0,0.80306,109097029270.0,9467817850.0,8866350260.0,,-70.52697,전기제품,19150.0,3445.0,0.4475832262,83321887,033790,1715860.0,399486.7,4.295161766336651,2213689417.05,-63.254593175853024,2.564102564102555,4.295161766336651,-9.32964754664824,8.678346159700157,80.306,-70.75718015665797,https://finance.naver.com/item/main.naver?code=033790
원텍,KOSDAQ,5180.0,462473746280,13.23,2.97,393.0,1749.0,0.39084,40246368560.0,11201032510.0,10419465980.0,,-35.75178,건강관리장비와용품,13350.0,4130.0,0.0345187354,89280646,336570,373176.0,571764.1,0.6526747656944534,2922200868.45,-37.590361445783124,-40.52812858783008,1.1290093239502095,22.46998284734134,27.831163185074203,39.084,-61.198501872659186,https://finance.naver.com/item/main.naver?code=336570
한국기업평가,KOSDAQ,102000.0,463132428000,17.96,3.43,5656.0,29647.0,0.69059,22683550710.0,4713438900.0,4695845090.0,,14.24452,상업서비스와공급품,115000.0,92400.0,0.8081342773,4540514,034950,3575.0,1469.45,2.4328830514818467,148531350.0,-4.045155221072438,5.046343975283207,2.4328830514818467,19.07781563058657,20.779105353740274,69.059,-11.304347826086957,https://finance.naver.com/item/main.naver?code=034950
뉴파워프라즈마,KOSDAQ,10580.0,462267961920,52.04,1.56,211.0,7057.0,1.28824,148511901240.0,13545487300.0,15467966860.0,,27.50173,반도체와반도체장비,12440.0,4710.0,0.0720868584,43692624,144960,1182135.0,1548833.55,0.7632421185607711,15090337265.25,23.31002331002332,75.45605306799337,2.1616861282479323,2.989939067592461,9.120809300064145,128.824,-14.951768488745977,https://finance.naver.com/item/main.naver?code=144960
대덕,KOSPI,14710.0,460233211580,143.2,0.83,103.0,17702.0,0.27423,442599788710.0,53261806900.0,50894999330.0,,229.76836,전자장비와기기,24350.0,7700.0,0.1522308333,31287098,008060,38357.0,119417.2,0.3212016359452407,1630121456.5,-25.669530065689738,47.69076305220883,1.1598077998814242,0.5818551576093097,12.033852762387596,27.423,-39.58932238193018,https://finance.naver.com/item/main.naver?code=008060
타이거일렉,KOSDAQ,72400.0,457154596000,89.94,8.14,835.0,9226.0,0.54136,26835480440.0,3515279430.0,2841357210.0,,27.50173,반도체와반도체장비,85900.0,14900.0,0.0387720551,6314290,219130,45172.0,69044.4,0.6542456737983096,4910290220.0,29.055258467023172,102.2346368715084,1.3524051190248594,9.0505094298721,13.099372071461971,54.135999999999996,-15.715948777648425,https://finance.naver.com/item/main.naver?code=219130
광전자,KOSPI,7810.0,452540789030,79.88,1.42,85.0,4784.0,0.08524,34472331200.0,674692720.0,4130497110.0,,229.76836,전자장비와기기,22450.0,1760.0,0.183090111,57943763,017900,21895725.0,2432205.8,9.00241459830414,15652975668.1,-38.065027755749405,315.2046783625731,9.00241459830414,1.7767558528428091,1.9572007361080355,8.524,-65.21158129175946,https://finance.naver.com/item/main.naver?code=017900
한컴,KOSDAQ,18480.0,446841669120,13.07,1.21,1427.0,15357.0,0.4777,63616446090.0,8564239880.0,6838974510.0,,164.30795,소프트웨어,27800.0,14800.0,0.0520251166,24179744,030520,114402.0,113970.65,1.0037847463360086,1933300824.75,-6.288032454361058,-26.080000000000002,1.7213203574779998,9.29217946213453,13.462304806973854,47.77,-33.52517985611511,https://finance.naver.com/item/main.naver?code=030520
신풍제약,KOSPI,8460.0,443460696120,46.63,1.52,172.0,5267.0,0.27242,54526285760.0,-363218500.0,369203960.0,,49.64242,제약,15900.0,6310.0,0.0647575107,52418522,019170,131238.0,72514.05,1.8098285780479781,563777561.25,-23.989218328840966,-34.8729792147806,1.8098285780479781,3.2656161002468194,-0.6661346815345598,27.242,-46.79245283018868,https://finance.naver.com/item/main.naver?code=019170
예스티,KOSDAQ,20400.0,440733330000,-764.29,3.35,-28.0,6379.0,0.75509,27502256230.0,3062558710.0,3168736720.0,,27.50173,반도체와반도체장비,44000.0,15200.0,0.0543927849,21604575,122640,274100.0,507170.6,0.5404493083786797,12566836111.0,-19.685039370078737,4.669061056952284,0.793387865937024,-0.4389402727700266,11.135663504797476,75.509,-53.63636363636364,https://finance.naver.com/item/main.naver?code=122640
엠앤씨솔루션,KOSPI,16000.0,439387200000,9.75,2.28,1660.0,7090.0,1.22032,66076383940.0,7967176800.0,6118517230.0,,42.07756,우주항공과국방,76666.667,13010.0,0.1027895578,27461700,484870,54316.0,73668.75,0.7373004157122254,1312608504.25,-84.06374501992032,-88.6685552407932,1.0012793755832696,23.413258110014105,12.057525434858112,122.03200000000001,-79.13043487334593,https://finance.naver.com/item/main.naver?code=484870
애경케미칼,KOSPI,9000.0,437838381000,-144.92,0.6,-61.0,14790.0,1.1066,370622327000.0,5816262000.0,-1434658000.0,,-30.06008,화학,19960.0,7000.0,0.0096451275,48648709,161000,217562.0,130983.25,1.6609910045750125,1143285960.25,-34.306569343065696,-5.462184873949583,1.6609910045750125,-0.4124408384043272,1.5693231562922003,110.66,-54.90981963927856,https://finance.naver.com/item/main.naver?code=161000
천보,KOSDAQ,35400.0,433757085000,-5.97,0.94,-5752.0,36443.0,0.75261,40771271160.0,-3411110850.0,-9541488620.0,,-70.52697,전기제품,80600.0,25900.0,0.0424032433,12253025,278280,58190.0,29775.0,1.9543240973971452,985663711.25,-36.78571428571429,-38.21989528795812,1.9543240973971452,-15.78355239689378,-8.366456951056712,75.261,-56.07940446650124,https://finance.naver.com/item/main.naver?code=278280
슈프리마,KOSDAQ,62700.0,437289299700,12.91,1.55,4662.0,38917.0,0.07024,31122616810.0,5388440440.0,9995550960.0,,229.76836,전자장비와기기,64100.0,30200.0,0.2827271396,6974311,236200,53701.0,31424.75,1.7088759656003627,1553531930.0,30.761209593326377,43.6426116838488,1.7088759656003627,11.979340648045842,17.313584114394395,7.024,-2.1840873634945357,https://finance.naver.com/item/main.naver?code=236200
삼천리,KOSPI,120100.0,435575917700,3.68,0.24,32566.0,491062.0,1.4191,1809515862610.0,110153293000.0,102110124180.0,,8.90138,가스유틸리티,161900.0,107600.0,0.1289828407,3626777,004690,7921.0,9695.7,0.8169600957125323,1113715105.0,-14.943342776203961,-8.530083777608532,0.9553719690171931,6.631749147765455,6.087445558013383,141.91,-25.818406423718343,https://finance.naver.com/item/main.naver?code=004690
성일하이텍,KOSDAQ,33550.0,433503408250,-4.93,3.02,-6364.0,10382.0,4.54428,60886463800.0,-4140960.0,-22804920810.0,,-70.52697,전기제품,85500.0,23800.0,0.0505367377,12921115,365340,127660.0,48548.9,2.6295137479942903,1469095742.5,-52.612994350282484,-52.07142857142857,2.6295137479942903,-61.29840107879021,-0.006801117590934884,454.42799999999994,-60.76023391812866,https://finance.naver.com/item/main.naver?code=365340
노타,KOSDAQ,20250.0,433196707500,-21.52,16.69,-999.0,1288.0,0.49897,3584548580.0,-4197671190.0,-4015414540.0,,32.17663,IT서비스,65300.0,15130.0,0.0088887985,21392430,486990,164154.0,231349.8,0.7095489168350265,4358120637.0,-35.71428571428571,-55.88235294117647,1.2745634532642778,-77.56211180124224,-117.10459758924512,49.897000000000006,-68.98928024502298,https://finance.naver.com/item/main.naver?code=486990
에프에스티,KOSDAQ,19990.0,432779282110,-34.13,1.76,-608.0,11763.0,1.088,69555635450.0,1420764580.0,-2819478950.0,,27.50173,반도체와반도체장비,51000.0,15000.0,0.0926486628,21649789,036810,91285.0,114819.3,0.7950318456914474,2277895544.0,-47.25593667546174,-49.899749373433586,1.6097293747653922,-5.168749468672957,2.0426304364961414,108.80000000000001,-60.80392156862745,https://finance.naver.com/item/main.naver?code=036810
카페24,KOSDAQ,17700.0,427953591300,11.41,1.67,1615.0,10998.0,0.56062,75503671260.0,6236010690.0,6357219510.0,,32.17663,IT서비스,44800.0,15010.0,0.1874199407,24178169,042000,76883.0,82152.6,0.9358559558674953,1389246073.75,-20.98214285714286,-50.489510489510494,1.4281106136628663,14.684488088743407,8.259215195677095,56.062,-60.49107142857143,https://finance.naver.com/item/main.naver?code=042000
부광약품,KOSPI,4325.0,426724702075,28.16,1.24,152.0,3452.0,0.40692,47776062640.0,1104335720.0,1161563610.0,,49.64242,제약,9890.0,3235.0,0.0772076968,98664671,003000,250973.0,358215.4,0.7006203530054821,1412786611.3,-28.981937602627262,8.531994981179425,1.2851317950037882,4.40324449594438,2.3114833223519065,40.692,-56.268958543983814,https://finance.naver.com/item/main.naver?code=003000
메가스터디교육,KOSDAQ,41150.0,426528638400,5.15,0.87,8072.0,48011.0,0.91095,236530815390.0,25983557590.0,22511508740.0,,10.90798,교육서비스,50900.0,35150.0,0.2905748419,10365216,215200,31763.0,35230.2,0.9015844360804084,1401636145.0,-10.930735930735935,-5.510907003444321,1.3356722357522808,16.812813730186832,10.985273756891859,91.095,-19.155206286836936,https://finance.naver.com/item/main.naver?code=215200
삼영무역,KOSPI,23050.0,425663151400,6.87,0.67,3325.0,34228.0,0.19172,109421102620.0,4512499010.0,19835092680.0,,-30.06008,화학,24000.0,14510.0,0.2010195729,18466948,002810,41937.0,29484.6,1.422335727803667,644780054.5,7.459207459207451,35.58823529411765,2.1048615209295702,9.714269019516186,4.123975085200069,19.172,-3.9583333333333304,https://finance.naver.com/item/main.naver?code=002810
조광피혁,KOSPI,63900.0,424879918200,19.4,0.39,3248.0,162644.0,0.14654,20873922420.0,1604375080.0,3353159450.0,,9.96468,"섬유,의류,신발,호화품",84300.0,57600.0,0.006066651,6649138,004700,3044.0,2689.95,1.1316195468317256,169086955.0,3.398058252427183,-10.25280898876404,1.5457536385434674,1.9969995819089548,7.6860258830069945,14.654,-24.199288256227756,https://finance.naver.com/item/main.naver?code=004700
서희건설,KOSDAQ,2035.0,422442670760,3.03,0.34,664.0,5846.0,0.51351,191678991560.0,10460293900.0,19352139090.0,,35.15774,건설,4000.0,1547.0,0.0387026141,207588536,035890,146868.0,310563.45,0.4729081931566641,613900821.1,-16.59836065573771,-39.25373134328358,1.3385412868127269,11.358193636674649,5.457193725231846,51.351,-49.125,https://finance.naver.com/item/main.naver?code=035890
덕산하이메탈,KOSDAQ,9260.0,420746638520,-4.05,2.08,-2333.0,4544.0,0.95623,68700820170.0,-668459050.0,5177718350.0,,27.50173,반도체와반도체장비,21100.0,4310.0,0.0482840835,45437002,077360,533673.0,661182.3,0.807149556181404,5819594833.25,-47.115933752141636,16.185696361355074,1.919230142730681,-51.342429577464785,-0.9730001015212044,95.623,-56.11374407582939,https://finance.naver.com/item/main.naver?code=077360
유니드,KOSPI,61800.0,418237680000,6.3,0.38,9830.0,162961.0,0.47975,384412394380.0,25501918900.0,24868206050.0,,-30.06008,화학,101600.0,55800.0,0.1228528577,6767600,014830,7035.0,15131.3,0.4649303100196282,921580265.0,-23.134328358208954,-21.969696969696972,0.9562958899764066,6.032118114150011,6.634000170866187,47.975,-39.17322834645669,https://finance.naver.com/item/main.naver?code=014830
인벤티지랩,KOSDAQ,31350.0,417196645800,-41.25,6.12,-766.0,5163.0,0.86695,392669500.0,-8384087660.0,923290180.0,,49.64242,제약,101700.0,22650.0,0.1229016296,13307708,389470,29437.0,50058.5,0.5880519791843543,1491000677.5,-45.572916666666664,-60.8125,1.3031553082893015,-14.836335463877589,-2135.151230233059,86.695,-69.17404129793509,https://finance.naver.com/item/main.naver?code=389470
네오위즈,KOSDAQ,19280.0,417150929520,7.63,0.72,2522.0,26889.0,0.18269,101415031090.0,6951449440.0,15472658320.0,,18.81972,게임엔터테인먼트,31550.0,16100.0,0.2143982063,21636459,095660,51874.0,69704.9,0.7441944540484242,1265817397.25,-4.790123456790118,-35.62604340567612,1.3832743465667408,9.379300085536837,6.854456745993589,18.269,-38.890649762282095,https://finance.naver.com/item/main.naver?code=095660
국일제지,KOSDAQ,3675.0,414321657225,-183.75,3.47,-20.0,1060.0,0.11292,16724675120.0,-503754220.0,-358542940.0,,-6.0397,종이와목재,5970.0,2610.0,0.0,112740587,078130,54065.0,174576.8,0.30969178035111194,687381611.55,915.1933701657459,980.8823529411765,1.103336754941092,-1.8867924528301887,-3.01204188652724,11.292,-38.44221105527639,https://finance.naver.com/item/main.naver?code=078130
원익머트리얼즈,KOSDAQ,32850.0,414172800000,8.45,0.78,3863.0,41679.0,0.2458,88180260840.0,15700515060.0,14442508450.0,,-30.06008,화학,56100.0,22350.0,0.1782135152,12608000,104830,64643.0,85451.5,0.7564875982282347,2801279552.5,-32.82208588957055,-13.552631578947372,1.5706219317390566,9.268456536865088,17.80502224697207,24.58,-41.44385026737968,https://finance.naver.com/item/main.naver?code=104830
큐로셀,KOSDAQ,26950.0,410371746400,-8.45,78.45,-3232.0,348.0,3.10743,,-7799457220.0,-8676022180.0,,-69.9395,생물공학,66000.0,20650.0,0.0168453694,15227152,372320,30667.0,51980.4,0.5899723742025841,1293503823.75,-37.25261932479628,-47.46588693957114,0.9234249832629221,-928.735632183908,,310.743,-59.166666666666664,https://finance.naver.com/item/main.naver?code=372320
유진투자증권,KOSPI,4225.0,409260616050,6.13,0.35,703.0,12331.0,9.72358,1065721579700.0,66579169470.0,52712837540.0,,8.42388,증권,6920.0,3105.0,0.119519739,96866418,001200,413567.0,568876.4,0.7269892018723223,2332906993.15,-31.74474959612278,9.88296488946685,1.365994440971712,5.701078582434515,6.247332393207426,972.3580000000001,-38.945086705202314,https://finance.naver.com/item/main.naver?code=001200
동화기업,KOSDAQ,8060.0,407491717100,-6.19,0.35,-1001.0,17795.0,1.62592,218055773080.0,-4881591260.0,-4691890350.0,,6.9634,건축자재,12980.0,4500.0,0.5094581918,50557285,025900,1338415.0,89872.95,14.892300742325695,512563879.25,-20.35573122529645,-15.42497376705142,14.892300742325695,-5.625175611126721,-2.238689300011813,162.592,-37.90446841294299,https://finance.naver.com/item/main.naver?code=025900
엠케이전자,KOSDAQ,16820.0,406950918120,281.43,1.01,63.0,17572.0,1.60088,450123029310.0,15148769860.0,11512681310.0,,27.50173,반도체와반도체장비,37000.0,7700.0,0.1359626619,24194466,033160,1257073.0,859709.5,1.462206710522566,13611523686.0,-34.67961165048544,69.21529175050303,2.51209623715918,0.35852492601866603,3.3654731870132846,160.08800000000002,-54.54054054054054,https://finance.naver.com/item/main.naver?code=033160
신대양제지,KOSPI,10070.0,405799047400,12.97,0.49,770.0,20359.0,0.29238,156500333080.0,3778186520.0,7907093830.0,,16.65708,포장재,18150.0,8200.0,0.0196707911,40297820,016590,7146.0,20823.65,0.34316750425597814,198817234.0,-11.97552447552448,-17.459016393442628,1.2630350586952814,3.7821111056535193,2.414171551998335,29.237999999999996,-44.51790633608815,https://finance.naver.com/item/main.naver?code=016590
흥아해운,KOSPI,1685.0,405115954815,13.13,1.57,127.0,1062.0,0.73678,40022518010.0,1104468200.0,552950500.0,,10.30001,해운사,4795.0,1524.0,0.0250146097,240424899,003280,3963905.0,19541856.0,0.20284178739214945,36139705154.1,-39.38848920863309,4.076590487955523,0.36635824150991597,11.958568738229754,2.759616972935182,73.678,-64.859228362878,https://finance.naver.com/item/main.naver?code=003280
감성코퍼레이션,KOSDAQ,4485.0,403035303840,11.37,2.96,387.0,1485.0,0.34713,58501624700.0,9471765230.0,8504010400.0,,9.96468,"섬유,의류,신발,호화품",7700.0,3540.0,0.1640884701,89862944,036620,331149.0,396063.85,0.8361000379105541,1628909118.9,-21.453590192644477,-26.354679802955662,1.310788651880246,26.060606060606062,16.190602019297422,34.713,-41.753246753246756,https://finance.naver.com/item/main.naver?code=036620
쏘카,KOSPI,10550.0,400266388100,-18.66,2.08,-560.0,5020.0,2.76921,97122023750.0,1388347550.0,-8785761430.0,,12.11119,도로와철도운송,21000.0,9000.0,0.0033620768,37939942,403550,20160.0,29900.2,0.6742429816522966,291313675.5,-20.01516300227445,-13.097199341021415,0.9311643400378593,-11.155378486055776,1.429487871436575,276.921,-49.76190476190476,https://finance.naver.com/item/main.naver?code=403550
에이디테크놀로지,KOSDAQ,29850.0,401840908950,106.12,2.82,278.0,10456.0,1.29525,36032593800.0,-357067850.0,357491660.0,,27.50173,반도체와반도체장비,62000.0,20500.0,0.011603619,13462007,200710,235086.0,269564.6,0.8720952231858339,8044630996.25,-38.26266804550155,-21.653543307086608,0.8720952231858339,2.65876052027544,-0.9909579420840916,129.525,-51.85483870967742,https://finance.naver.com/item/main.naver?code=200710
신도리코,KOSPI,41100.0,399316461900,17.55,0.33,2330.0,124856.0,0.07869,85188925770.0,2923898180.0,19402505280.0,,19.80055,사무용전자제품,73200.0,37000.0,0.119602245,9715729,029530,12078.0,10484.25,1.1520137348880464,423774527.5,-11.991434689507496,-13.564668769716093,1.519708133629015,1.8661498045748701,3.432251496977645,7.869,-43.85245901639344,https://finance.naver.com/item/main.naver?code=029530
파이버프로,KOSDAQ,12130.0,398521749250,43.51,8.87,285.0,1398.0,0.51311,14276520230.0,4755307540.0,4770023000.0,,229.76836,전자장비와기기,29950.0,5280.0,0.0348393243,32854225,368770,103135.0,152678.45,0.6755046308107004,1838411744.0,-46.79824561403508,-23.227848101265824,3.767604399966072,20.386266094420602,33.308589652031756,51.31099999999999,-59.4991652754591,https://finance.naver.com/item/main.naver?code=368770
KCC글라스,KOSPI,24950.0,398464274400,-4.54,0.28,-5246.0,86505.0,0.78807,466638031530.0,-10085254450.0,-7089288800.0,,6.9634,건축자재,31450.0,21000.0,0.046756109,15970512,344820,31098.0,14505.75,2.1438395119176876,326704783.75,-6.026365348399243,-7.592592592592595,2.1438395119176876,-6.064389341656551,-2.161258570574015,78.807,-20.66772655007949,https://finance.naver.com/item/main.naver?code=344820
신세계인터내셔날,KOSPI,11380.0,398140680000,91.22,0.47,123.0,24118.0,0.57558,295645263290.0,14828529250.0,14196665720.0,,9.96468,"섬유,의류,신발,호화품",17130.0,9550.0,0.0727300349,34986000,031430,73050.0,81826.45,0.8927431166817087,918072178.25,-20.86230876216968,1.7889087656529412,1.182857132382011,0.509992536694585,5.015649188823504,57.558,-33.566841798015176,https://finance.naver.com/item/main.naver?code=031430
아세아,KOSPI,193200.0,397770206400,10.21,0.26,18725.0,722172.0,0.63667,459409374000.0,23712515000.0,16711223000.0,,6.9634,건축자재,402000.0,157800.0,0.053998539,2058852,002030,6788.0,5901.4,1.1502355373301252,1106202740.0,-14.701986754966889,-34.17376490630324,1.5308231944962214,2.5928726120647156,5.161521802121522,63.666999999999994,-51.94029850746269,https://finance.naver.com/item/main.naver?code=002030
프레스티지바이오파마,KOSPI,6600.0,396634623000,,,,,0.38182,509200000.0,-26351567000.0,-29376796000.0,,49.64242,제약,15900.0,4945.0,0.6368925599,60096155,950210,39895.0,62076.65,0.6426732112638166,342456374.35,-15.384615384615385,-44.35075885328836,0.9978470165513119,,-5175.091712490181,38.182,-58.490566037735846,https://finance.naver.com/item/main.naver?code=950210
BGF,KOSPI,4120.0,394353178920,6.55,0.22,618.0,18674.0,0.19638,104891745890.0,8481911220.0,9056193590.0,,-30.06008,화학,5420.0,3605.0,0.0558040961,95716791,027410,176620.0,100044.85,1.7654082144158343,392403594.8,-13.807531380753135,2.487562189054726,1.7654082144158343,3.3094141587233588,8.086347641591344,19.637999999999998,-23.98523985239852,https://finance.naver.com/item/main.naver?code=027410
코스모화학,KOSPI,10310.0,395988830680,-12.57,1.73,-791.0,5730.0,1.02133,183502412960.0,5992358150.0,-211958220.0,,-30.06008,화학,21650.0,7160.0,0.0480908153,38408228,005420,163340.0,139755.75,1.168753342885713,1268366378.25,-36.04218362282878,-35.5625,1.168753342885713,-13.804537521815007,3.265547331688886,102.13300000000001,-52.378752886836025,https://finance.naver.com/item/main.naver?code=005420
제이에스코퍼레이션,KOSPI,13570.0,393757406060,4.95,0.73,2692.0,18174.0,2.1969,308035703440.0,30797471830.0,12177378300.0,,9.96468,"섬유,의류,신발,호화품",16090.0,9500.0,0.0307223502,29016758,194370,62865.0,108107.9,0.5815023693920611,1329575187.0,-1.0211524434719177,20.30141843971631,3.45442839977467,14.812369318807086,9.998020192486814,219.69,-15.661901802361712,https://finance.naver.com/item/main.naver?code=194370
한화갤러리아,KOSPI,2030.0,393535008300,120.88,0.49,17.0,4193.0,1.42284,126143698430.0,12346236340.0,-827302880.0,,37.93,백화점과일반상점,4120.0,999.0,0.0221140804,193859610,452260,721998.0,1516258.95,0.47617064354343963,2983459350.95,-27.500000000000004,8.093716719914813,0.6526543503667365,0.4054376341521584,9.787438051732094,142.28400000000002,-50.728155339805824,https://finance.naver.com/item/main.naver?code=452260
하이록코리아,KOSDAQ,33250.0,391290788000,7.75,0.85,4211.0,38609.0,0.10415,54145864400.0,15685603260.0,15263202840.0,,173.4423,기계,48100.0,27550.0,0.2975264409,11768144,013030,33714.0,38961.8,0.8653090976289596,1206989531.25,-17.493796526054595,0.605143721633894,1.0854734637516745,10.906783392473256,28.969162158209077,10.415000000000001,-30.87318087318087,https://finance.naver.com/item/main.naver?code=013030
한국피아이엠,KOSDAQ,64200.0,389980139400,-6630.0,6.99,-10.0,9488.0,0.53399,8312694010.0,-747379850.0,-42943140.0,,11.42846,자동차부품,178400.0,11300.0,0.0100226242,6074457,448900,64290.0,120927.55,0.5316406393745676,6501792002.5,-45.08126603934988,-8.677098150782358,2.467254153416653,-0.10539629005059022,-8.990825947652077,53.398999999999994,-64.01345291479821,https://finance.naver.com/item/main.naver?code=448900
네오셈,KOSDAQ,8900.0,390435559600,73.25,3.29,126.0,2805.0,0.28132,14516808840.0,598197580.0,2309643660.0,,27.50173,반도체와반도체장비,21400.0,6700.0,0.0091786112,43869164,253590,185438.0,329775.8,0.5623153669856915,2969232155.75,-44.54828660436137,-29.86603624901497,1.0008314739892983,4.491978609625669,4.120723683787242,28.132,-58.41121495327103,https://finance.naver.com/item/main.naver?code=253590
DB증권,KOSPI,9140.0,387959995460,4.48,0.33,2029.0,27483.0,10.48382,1075176925000.0,30224965000.0,30431517000.0,,8.42388,증권,19350.0,7550.0,0.0969191042,42446389,016610,50751.0,81336.0,0.623967246975509,721967012.0,-34.8074179743224,-25.08196721311475,0.8525007376807318,7.382745697340173,2.8111619862005504,1048.382,-52.76485788113695,https://finance.naver.com/item/main.naver?code=016610
메디포스트,KOSDAQ,9850.0,386165339550,-4.11,1.55,-2408.0,6371.0,1.39455,19463566820.0,-16851967770.0,-10715818860.0,,-69.9395,생물공학,29100.0,7250.0,0.0332487489,39204603,078160,56890.0,85224.15,0.6675337917714639,736670309.5,-62.188099808061416,-57.995735607675904,2.54258916046684,-37.79626432271229,-86.58211480890326,139.45499999999998,-66.1512027491409,https://finance.naver.com/item/main.naver?code=078160
INVENI,KOSPI,14230.0,387767500000,3.57,0.49,4003.0,29078.0,1.43113,572033744000.0,79145863000.0,57152992000.0,,8.90138,가스유틸리티,18190.0,11840.0,0.0517605872,27250000,015360,33466.0,33453.3,1.0003796336983197,471634932.75,-15.649081209247184,-79.19590643274854,1.5725204987250883,13.766421349473829,13.835873115904853,143.113,-21.770203408466195,https://finance.naver.com/item/main.naver?code=015360
일진하이솔루스,KOSPI,10670.0,387461737300,-191.82,1.22,-55.0,8677.0,0.08888,27121473080.0,-2031345400.0,-50439570.0,,11.42846,자동차부품,21200.0,8000.0,0.0343272789,36313190,271940,41917.0,53954.35,0.7768975068738665,547030119.5,-35.254854368932044,-23.015873015873012,0.7768975068738665,-0.633859628903999,-7.489804827371124,8.888,-49.66981132075472,https://finance.naver.com/item/main.naver?code=271940
우리기술투자,KOSDAQ,4580.0,384720000000,3.28,0.47,1420.0,9971.0,0.2091,18419239000.0,15434690650.0,14356015180.0,,13.64569,창업투자,13140.0,3725.0,0.0226917738,84000000,041190,361112.0,435296.7,0.8295767002139001,1910299713.35,-27.416798732171156,-45.1497005988024,0.951121384563678,14.241299769331059,83.79657080295229,20.91,-65.14459665144597,https://finance.naver.com/item/main.naver?code=041190
아주IB투자,KOSDAQ,3165.0,383425209990,45.5,1.43,70.0,2227.0,0.24234,20021468520.0,8050578290.0,6052768880.0,,13.64569,창업투자,19950.0,1913.0,0.1380894377,121145406,027360,579366.0,912777.3,0.6347287558531528,3004056677.25,-81.2166172106825,-11.468531468531474,1.220596743586853,3.1432420296362817,40.20972928113667,24.234,-84.13533834586467,https://finance.naver.com/item/main.naver?code=027360
인텍플러스,KOSDAQ,29500.0,382248551000,-105.0,7.53,-270.0,3765.0,1.52335,12805345120.0,-1907565590.0,-1447302790.0,,27.50173,반도체와반도체장비,54100.0,8980.0,0.0643831741,12957578,064290,303172.0,341541.25,0.8876585185537618,11415590457.5,4.056437389770728,74.4529863985807,1.0479466243096551,-7.171314741035857,-14.896635523088502,152.335,-45.4713493530499,https://finance.naver.com/item/main.naver?code=064290
케이카,KOSPI,7750.0,378361572000,7.31,1.67,1050.0,4587.0,1.51057,572134860050.0,14207968990.0,10232337930.0,,7.87628,자동차,16970.0,6830.0,0.0780612823,48820848,381970,61383.0,75048.15,0.8179148986350764,560392906.75,-22.731804586241278,-48.43646041250832,0.8179148986350764,22.890778286461742,2.4833251707050916,151.057,-54.33117265763112,https://finance.naver.com/item/main.naver?code=381970
아난티,KOSDAQ,3900.0,379473861000,-8.77,0.51,-444.0,7660.0,1.12655,46708823910.0,-9507704010.0,-18209055090.0,,13.58287,"호텔,레스토랑,레저",10950.0,3150.0,0.0853158431,97300990,025980,463865.0,600972.6,0.7718571528885011,2218166686.4,-40.998487140695914,-51.792336217552524,1.1330366808736372,-5.796344647519582,-20.355263126127383,112.655,-64.38356164383562,https://finance.naver.com/item/main.naver?code=025980
이수화학,KOSPI,14300.0,376006616700,-10.71,3.75,-1279.0,3655.0,1.64203,635859860000.0,25427800000.0,20847226000.0,,-30.06008,화학,17990.0,5060.0,0.0788256895,26294169,005950,594905.0,573878.4,1.0366394692673568,7725697153.25,52.77777777777777,50.21008403361344,1.3597793539537295,-34.99316005471956,3.9989629161368985,164.203,-20.51139521956643,https://finance.naver.com/item/main.naver?code=005950
엘티씨,KOSDAQ,35550.0,375554679300,78.44,3.14,501.0,12514.0,0.68487,98838154620.0,18100170920.0,17120960380.0,,27.50173,반도체와반도체장비,60700.0,10400.0,0.0284999441,10564126,170920,208430.0,376234.9,0.5539890105888635,16162273043.75,-12.867647058823529,30.698529411764696,1.282366415236864,4.003516062010548,18.312938955193133,68.487,-41.4332784184514,https://finance.naver.com/item/main.naver?code=170920
티에프이,KOSDAQ,30400.0,375354302400,19.8,3.34,1586.0,9411.0,0.34101,32316595810.0,3332925330.0,3444085000.0,,27.50173,반도체와반도체장비,77700.0,23500.0,0.0473395506,12347181,425420,31797.0,74118.65,0.4290013377199936,2440342312.5,-49.834983498349835,-19.470198675496686,0.7850925509301641,16.85261927531612,10.313355248168387,34.101,-60.87516087516087,https://finance.naver.com/item/main.naver?code=425420
세아제강,KOSPI,132000.0,374391600000,12.19,0.33,10714.0,400720.0,0.69743,448577896120.0,24108279090.0,20991503970.0,,41.57565,철강,189000.0,112000.0,0.0343299369,2836300,306200,4550.0,8208.75,0.5542865844373382,1042416817.5,-15.384615384615385,10.738255033557053,1.4857316887467642,2.673687362747055,5.374379633621258,69.743,-30.15873015873016,https://finance.naver.com/item/main.naver?code=306200
HLB이노베이션,KOSDAQ,11790.0,374374283760,-10.21,1.62,-1155.0,7280.0,0.16124,9446184100.0,-10380519390.0,-10414395210.0,,27.50173,반도체와반도체장비,29100.0,7300.0,0.0,31753544,024850,194390.0,391980.6,0.4959173999937752,3830559203.5,-52.07317073170732,268.4375,0.8054250644036975,-15.865384615384615,-109.89113995777406,16.124,-59.48453608247423,https://finance.naver.com/item/main.naver?code=024850
동아에스티,KOSPI,38250.0,372091448250,-12.72,0.57,-2975.0,66929.0,0.98784,203578570280.0,7755644720.0,7854999550.0,,49.64242,제약,56460.988,31600.0,0.1991968241,9727881,170900,5110.0,12026.4,0.42489855650901354,426688390.0,-8.92857142857143,-29.81651376146789,1.2825949577595956,-4.44500889001778,3.8096567381001654,98.784,-32.254107916071185,https://finance.naver.com/item/main.naver?code=170900
한전산업,KOSPI,11410.0,371966000000,91.68,3.62,125.0,3167.0,1.28281,107389765660.0,6327432880.0,5429935160.0,,3.37801,전기유틸리티,27800.0,8810.0,0.0489410429,32600000,130660,53486.0,121046.05,0.44186489356736547,1282736208.0,-33.19672131147541,-22.644067796610166,1.184945729331936,3.9469529523208084,5.8920259683151635,128.281,-58.9568345323741,https://finance.naver.com/item/main.naver?code=130660
한솔테크닉스,KOSPI,7000.0,371838719000,-18.01,0.82,-412.0,9050.0,1.099,315954532350.0,14106771200.0,11723021260.0,,229.76836,전자장비와기기,16430.0,4229.091,0.0576836136,53119817,004710,616896.0,1057058.3,0.5835969501398361,8553897552.75,-51.98902606310014,19.863013698630127,1.2652670150738137,-4.552486187845304,4.464810520386258,109.89999999999999,-57.395009129640904,https://finance.naver.com/item/main.naver?code=004710
PS일렉트로닉스,KOSDAQ,7950.0,371356925850,16.93,2.98,482.0,2734.0,0.77884,35658729220.0,56460350.0,15332909880.0,,85.22491,핸드셋,14990.0,3735.0,0.0,46711563,332570,2292255.0,4061601.05,0.5643722689110493,28920418862.5,-34.4059405940594,10.263522884882104,1.659782415114355,17.62984637893197,0.15833528349163084,77.884,-46.96464309539693,https://finance.naver.com/item/main.naver?code=332570
글로벌텍스프리,KOSDAQ,5260.0,369690315800,10.1,2.55,504.0,1993.0,0.23611,35489470930.0,5821967070.0,4996625490.0,,28.13105,기타금융,7230.0,3955.0,0.1522763221,70283330,204620,836419.0,684343.5,1.222221004510162,3233887105.75,-7.719298245614037,18.602029312288604,1.7085381829446762,25.288509784244855,16.404772788761324,23.610999999999997,-27.24757952973721,https://finance.naver.com/item/main.naver?code=204620
율촌화학,KOSPI,14840.0,368032000000,84.88,1.21,168.0,11783.0,1.36358,127218321080.0,561378600.0,1500665600.0,,16.65708,포장재,39200.0,11150.0,0.0573971774,24800000,008730,61517.0,72039.4,0.8539354853038754,963420378.0,-34.91228070175438,-45.64102564102564,0.8539354853038754,1.425782907578715,0.44127181936867615,136.358,-62.142857142857146,https://finance.naver.com/item/main.naver?code=008730
명신산업,KOSPI,7010.0,367815632330,5.35,0.48,1302.0,14406.0,0.86498,412049586000.0,20606832880.0,22330756730.0,,11.42846,자동차부품,14940.0,5390.0,0.0642535631,52470133,009900,79428.0,113328.9,0.7008627102177821,755358228.5,-41.09243697478991,-24.13419913419913,0.9179829681572839,9.037900874635568,5.001056567012301,86.49799999999999,-53.07898259705488,https://finance.naver.com/item/main.naver?code=009900
메카로,KOSDAQ,36000.0,366935040000,28.83,1.79,1278.0,20599.0,0.11768,25520566250.0,4107714860.0,4927912940.0,,27.50173,반도체와반도체장비,48000.0,11560.0,0.0243013586,10192640,241770,5030.0,22235.45,0.2262153453157008,726740031.25,-3.2258064516129004,50.9433962264151,0.748534434877639,6.204184669158697,16.09570422443115,11.768,-25.0,https://finance.naver.com/item/main.naver?code=241770
한세실업,KOSPI,9170.0,366800000000,6.32,0.49,1454.0,18656.0,1.1854,467216300290.0,10450391110.0,-3744581930.0,,9.96468,"섬유,의류,신발,호화품",15540.0,7800.0,0.059975775,40000000,105630,32191.0,53474.1,0.6019923663979384,490841852.25,-13.734713076199434,-32.47422680412371,0.8440534763558433,7.793739279588337,2.236735127501645,118.54,-40.990990990990994,https://finance.naver.com/item/main.naver?code=105630
에이스침대,KOSDAQ,33000.0,365970000000,6.14,0.46,5302.0,70896.0,0.13515,85035704230.0,12807382620.0,15018397920.0,,28.85075,가구,39850.0,26400.0,0.0190282236,11090000,003800,1502.0,4058.35,0.37010114948193235,129572451.25,-1.7857142857142905,-1.0494752623688153,1.6878780785294516,7.478560144436922,15.061182518532782,13.514999999999999,-17.189460476787954,https://finance.naver.com/item/main.naver?code=003800
파인엠텍,KOSDAQ,8700.0,365783208900,-20.91,1.86,-397.0,4459.0,0.93113,46069414140.0,-2202975400.0,2549322690.0,,85.22491,핸드셋,14060.0,5340.0,0.0607013402,42044047,441270,889824.0,234252.15,3.7985734602649326,1646451979.5,-13.77601585728444,-7.643312101910826,3.7985734602649326,-8.903341556402781,-4.7818611135479046,93.113,-38.12233285917497,https://finance.naver.com/item/main.naver?code=441270
금호건설,KOSPI,9770.0,364029945980,5.47,1.41,1765.0,6840.0,5.51073,453403404610.0,12117588060.0,10794714980.0,,35.15774,건설,19380.0,3200.0,0.0357313185,37259974,002990,2065410.0,8132022.95,0.2539847726327432,105019566611.0,105.46792849631967,132.896305125149,0.6890847498161573,25.804093567251464,2.672584267518476,551.073,-49.58720330237358,https://finance.naver.com/item/main.naver?code=002990
큐렉소,KOSDAQ,8780.0,362260956200,136.72,3.91,67.0,2342.0,0.06073,16095442340.0,-912710410.0,458042270.0,,-35.75178,건강관리장비와용품,22550.0,6970.0,0.0530506578,41259790,060280,231701.0,234335.9,0.9887558841816384,1975879835.0,-40.555179417738664,-52.02185792349727,4.003368668650428,2.860802732707088,-5.670614020540177,6.0729999999999995,-61.06430155210643,https://finance.naver.com/item/main.naver?code=060280
네패스,KOSDAQ,15710.0,362260063420,22.39,3.0,719.0,5360.0,1.85198,133961950910.0,10869559080.0,1161415870.0,,27.50173,반도체와반도체장비,41150.0,10580.0,0.1106217813,23059202,033640,86308.0,181831.95,0.4746580565186701,3141884539.0,-46.92567567567567,-4.7301394784718065,0.8070858834214779,13.414179104477611,8.11391518723292,185.198,-61.82260024301336,https://finance.naver.com/item/main.naver?code=033640
현대코퍼레이션,KOSPI,27200.0,359827875200,3.69,0.46,7226.0,57671.0,2.84236,2072672856680.0,46062769120.0,11058258470.0,,16.58958,무역회사와판매업체,32850.0,20050.0,0.0972880269,13228966,011760,35258.0,29623.95,1.1901856437105787,697983528.75,-3.2028469750889688,22.247191011235955,1.3009743805265672,12.52969430042829,2.222384925413805,284.23600000000005,-17.199391171993916,https://finance.naver.com/item/main.naver?code=011760
현대퓨처넷,KOSPI,3285.0,358725416400,47.1,0.49,69.0,6666.0,0.07633,70855165000.0,4307491000.0,6186085000.0,,42.98944,화장품,3750.0,2770.0,0.0104195711,109201040,126560,104938.0,93925.95,1.1172418272053677,281827838.45,4.952076677316297,2.4960998439937487,4.413742953890805,1.035103510351035,6.079290055989567,7.632999999999999,-12.4,https://finance.naver.com/item/main.naver?code=126560
덴티움,KOSPI,41400.0,357029087400,21.36,0.62,1903.0,65218.0,0.67135,71383434500.0,15850767820.0,17055401340.0,,-35.75178,건강관리장비와용품,64800.0,35000.0,0.1467826994,8623891,145720,12128.0,18637.05,0.6507467651801117,726734352.5,-18.019801980198025,-15.337423312883436,1.0347667683458488,2.917906099543071,22.205106732431037,67.135,-36.111111111111114,https://finance.naver.com/item/main.naver?code=145720
국도화학,KOSPI,38550.0,357005073600,15.6,0.39,2538.0,100377.0,1.22187,413929497910.0,10301788190.0,1540853980.0,,-30.06008,화학,44450.0,29050.0,0.2006616684,9260832,007690,21219.0,35482.0,0.5980215320444169,1358859755.0,0.2600780234070177,8.438818565400851,0.7671495406121414,2.528467676858244,2.4887784615533493,122.187,-13.273340832395952,https://finance.naver.com/item/main.naver?code=007690
제주항공,KOSPI,4405.0,355223538925,-2.96,1.29,-1490.0,3415.0,7.82248,516161674120.0,68996178900.0,16684155510.0,,129.30618,항공사,7090.0,3985.0,0.0283073923,80640985,089590,120519.0,135379.0,0.8902340835727846,576690633.3,-12.772277227722773,-21.75843694493783,2.1250784833689123,-43.63103953147877,13.367164274184256,782.2479999999999,-37.87023977433004,https://finance.naver.com/item/main.naver?code=089590
LS증권,KOSDAQ,6400.0,355079616000,17.32,0.45,370.0,14185.0,15.11262,1636450892430.0,39220417030.0,30318106060.0,,8.42388,증권,9190.0,4660.0,0.0213788313,55481190,078020,32651.0,81863.75,0.39884564291276664,512837248.75,-16.230366492146597,18.29944547134936,0.9424073536821853,2.608389143461403,2.396675464655147,1511.262,-30.359085963003263,https://finance.naver.com/item/main.naver?code=078020
시노펙스,KOSDAQ,3850.0,354825444050,49.5,2.12,80.0,1867.0,0.50554,57232352190.0,1323996900.0,2961977770.0,,85.22491,핸드셋,8330.0,2990.0,0.0087453293,92162453,025320,644913.0,731728.2,0.8813559461012983,2695197151.25,-26.66666666666667,-42.451420029895374,2.1223549946551192,4.284949116229245,2.3133714574662148,50.554,-53.78151260504202,https://finance.naver.com/item/main.naver?code=025320
켐트로닉스,KOSDAQ,21150.0,354686071050,32.08,1.53,667.0,14012.0,2.1079,174530191240.0,7420996750.0,4018955560.0,,229.76836,전자장비와기기,48900.0,16250.0,0.0791316555,16770027,089010,49595.0,85974.15,0.5768594397269412,1748577025.75,-48.41463414634146,-40.0,0.8237359718008262,4.760205538110191,4.251984540482876,210.79,-56.74846625766872,https://finance.naver.com/item/main.naver?code=089010
풀무원,KOSPI,9230.0,351852602660,108.33,1.08,84.0,8405.0,2.88701,850352645580.0,19020401070.0,5888507110.0,,32.75937,식품,17200.0,8100.0,0.0142440525,38120542,017810,37264.0,32730.05,1.1385256056742963,291100949.5,-15.321100917431195,-29.163468917881808,1.1385256056742963,0.9994051160023795,2.236766260311539,288.701,-46.337209302325576,https://finance.naver.com/item/main.naver?code=017810
코세스,KOSDAQ,21150.0,350771946300,25.7,4.58,827.0,4635.0,0.28921,12629139860.0,1457922360.0,2503159170.0,,27.50173,반도체와반도체장비,51400.0,10270.0,0.007219492,16584962,089890,144441.0,290414.9,0.4973608447775923,6963369111.5,-46.251588310038116,-22.810218978102192,0.9238231234003489,17.84250269687163,11.544114454046438,28.921000000000003,-58.85214007782101,https://finance.naver.com/item/main.naver?code=089890
한섬,KOSPI,16240.0,348786382560,7.48,0.24,2153.0,66913.0,0.18746,410365517000.0,36527785000.0,27342835000.0,,9.96468,"섬유,의류,신발,호화품",28750.0,14180.0,0.256749059,21476994,020000,132530.0,133042.25,0.9961497193560692,2435662172.25,-36.5625,5.867014341590604,6.8943136484838465,3.217610927622435,8.901280318833416,18.746,-43.51304347826087,https://finance.naver.com/item/main.naver?code=020000
디케이티,KOSDAQ,17400.0,348021402000,15.3,1.75,1159.0,10140.0,0.58455,115647783970.0,8846162300.0,13873280540.0,,85.22491,핸드셋,34950.0,6660.0,0.0514001389,20001230,290550,331250.0,304729.75,1.0870287525258036,5947834183.75,-43.13725490196079,95.94594594594594,1.7128324359534965,11.429980276134122,7.649227677630872,58.455,-50.214592274678104,https://finance.naver.com/item/main.naver?code=290550
제주은행,KOSPI,9200.0,347746724400,40.44,0.53,226.0,17124.0,12.02183,93313000000.0,947000000.0,4210000000.0,,9.21902,은행,18840.0,8000.0,0.0096099171,37798557,006220,93538.0,302046.15,0.3096811530290983,2904770812.25,-21.36752136752137,-41.02564102564102,0.5006056193730659,1.3197850969399672,1.0148639525039382,1202.183,-51.167728237791934,https://finance.naver.com/item/main.naver?code=006220
한국철강,KOSPI,9540.0,347733000000,-35.57,0.4,-271.0,23878.0,0.15549,111694794950.0,-14281437830.0,-11223795330.0,,41.57565,철강,11720.0,7610.0,0.0563524554,36450000,104700,34678.0,36437.3,0.9517170591673916,342063371.25,-3.2454361054766734,-2.752293577981646,1.4411880133818915,-1.1349359242817656,-12.78612654814673,15.549,-18.600682593856654,https://finance.naver.com/item/main.naver?code=104700
삼립,KOSPI,40250.0,347317612250,22.81,0.66,1732.0,59413.0,1.52266,812276173190.0,-4298014340.0,-6814347560.0,,32.75937,식품,57800.0,34650.0,0.0212526143,8629009,005610,5100.0,4625.5,1.1025835044860015,178732302.5,-13.533834586466165,-20.767716535433067,1.2301372824559507,2.915186911955296,-0.5291321451816916,152.266,-30.36332179930796,https://finance.naver.com/item/main.naver?code=005610
케이씨,KOSPI,31400.0,346044799000,7.75,0.4,3947.0,77202.0,0.22422,212509978470.0,13974524970.0,26039398200.0,,27.50173,반도체와반도체장비,43000.0,20850.0,0.1322200782,11020535,029460,38755.0,38048.0,1.0185817914213624,1089203136.25,-17.477003942181334,3.8016528925619797,1.1726766190075695,5.112561850729256,6.575938255046589,22.422,-26.97674418604651,https://finance.naver.com/item/main.naver?code=029460
다날,KOSDAQ,4540.0,343430374780,-5.02,1.17,-938.0,4033.0,1.32944,54851160280.0,1186957360.0,2426552550.0,,32.17663,IT서비스,11450.0,3805.0,0.0455667285,75645457,064260,1320011.0,4491536.35,0.29388852658400505,20836581828.55,-35.78500707213579,-53.9553752535497,0.9826817943931369,-23.25812050582693,2.1639603500471294,132.944,-60.34934497816593,https://finance.naver.com/item/main.naver?code=064260
엔젤로보틱스,KOSDAQ,22100.0,340184880100,-35.98,10.77,-642.0,2144.0,0.15888,507051230.0,-2677171880.0,-2525995040.0,,-35.75178,건강관리장비와용품,43950.0,14860.0,0.0169267408,15392981,455900,114418.0,178668.1,0.6403941162412317,3735623007.25,-21.769911504424776,-42.070773263433814,4.881744418841416,-29.94402985074627,-527.988440142429,15.888,-49.7155858930603,https://finance.naver.com/item/main.naver?code=455900
툴젠,KOSDAQ,37700.0,339210613300,-9.18,6.26,-4181.0,6133.0,0.07736,390709250.0,-4593054590.0,-4412584420.0,,-69.9395,생물공학,139815.385,27323.077,0.0156824648,8997629,199800,29877.0,30414.45,0.9823291231634963,1222478283.75,-72.7206946454414,-36.317567567567565,1.0412156063976168,-68.17218327082993,-1175.568428441354,7.736,-73.03587155304834,https://finance.naver.com/item/main.naver?code=199800
네오팜,KOSDAQ,21150.0,338991967350,12.09,1.72,1779.0,12490.0,0.17305,36223935830.0,8704195880.0,8624099000.0,,42.98944,화장품,22650.0,15590.0,0.2684429095,16027989,092730,67549.0,48770.25,1.385045186358487,945906864.75,8.239508700102348,11.786469344608875,1.708357041434071,14.243394715772617,24.028851864272973,17.305,-6.622516556291391,https://finance.naver.com/item/main.naver?code=092730
싸이맥스,KOSDAQ,30350.0,331550775050,22.98,1.84,1425.0,17779.0,0.23374,40517250910.0,4729905230.0,3957023300.0,,27.50173,반도체와반도체장비,47850.0,11820.0,0.0382709356,10924243,160980,147636.0,183422.6,0.8048953618583533,5609840093.75,-15.341701534170149,81.30227001194743,1.0932240629017362,8.015073963664998,11.673805906788754,23.374,-36.57262277951933,https://finance.naver.com/item/main.naver?code=160980
빛과전자,KOSDAQ,3005.0,338639150485,-7.66,3.07,-380.0,947.0,0.36524,7065901030.0,-1722700830.0,-3295956160.0,,-246.63174,통신장비,8100.0,592.0,0.0202214362,112691897,069540,42843198.0,16223611.7,2.6407928636507,41870215441.7,-49.06779661016949,109.40766550522648,2.6873357058958702,-40.12671594508976,-24.380483432839704,36.524,-62.901234567901234,https://finance.naver.com/item/main.naver?code=069540
아세아시멘트,KOSPI,9390.0,337835974080,20.19,0.31,463.0,30144.0,0.96044,240591502000.0,11412292000.0,6685811000.0,,6.9634,건축자재,14740.0,8310.0,0.0445300986,35978272,183190,28425.0,47305.4,0.6008827744824058,430602717.25,-15.709156193895868,-20.959595959595955,0.7651134965564185,1.5359607218683653,4.74343104603919,96.044,-36.29579375848032,https://finance.naver.com/item/main.naver?code=183190
코오롱,KOSPI,25750.0,332372760000,-2.26,0.2,-11476.0,132503.0,2.04155,1518775225420.0,98778356530.0,-44673665950.0,,28.69442,복합기업,88200.0,20200.0,0.1428457322,12907680,002020,33029.0,179812.75,0.18368552841775682,4669079860.0,-67.32233502538071,-51.32325141776938,1.0165686248611403,-8.660935978808027,6.5038166857563775,204.155,-70.80498866213152,https://finance.naver.com/item/main.naver?code=002020
인화정공,KOSDAQ,7250.0,331286364750,12.93,0.97,553.0,7394.0,0.32599,25986507540.0,4162289320.0,6782160840.0,,22.196,조선,17000.0,5480.0,0.0113487851,45694671,101930,16391.0,24665.55,0.6645300834564808,160747938.25,-44.44444444444444,-83.5972850678733,0.7755756510598791,7.4790370570733025,16.017117011946116,32.599000000000004,-57.35294117647059,https://finance.naver.com/item/main.naver?code=101930
넥스트바이오메디컬,KOSDAQ,40050.0,331505304300,-1072.37,6.95,-38.0,5864.0,0.22312,4121403280.0,-1191381800.0,-145931730.0,,-35.75178,건강관리장비와용품,101000.0,30150.0,0.0248435296,8277286,389650,12671.0,37407.8,0.33872614802260487,1354688111.25,-26.78244972577697,-49.04580152671756,1.1235090007966253,-0.6480218281036835,-28.907188136172877,22.312,-60.34653465346535,https://finance.naver.com/item/main.naver?code=389650
오이솔루션,KOSDAQ,26550.0,328629474900,-8.48,3.88,-2642.0,5774.0,0.57693,18025953270.0,-611310210.0,1565646940.0,,-246.63174,통신장비,57900.0,8600.0,0.0655318193,12377758,138080,1648516.0,204526.1,8.060174227152427,4120636144.5,-45.53846153846154,68.78575969485061,8.060174227152427,-45.75684101143055,-3.3912781246214783,57.693000000000005,-54.14507772020725,https://finance.naver.com/item/main.naver?code=138080
엠씨넥스,KOSPI,18910.0,329062365000,6.05,0.8,3145.0,23796.0,0.53936,303489301030.0,11412506370.0,14601330650.0,,85.22491,핸드셋,32500.0,15600.0,0.1394811941,17401500,097520,31551.0,49582.55,0.636332742063488,888313815.0,-16.327433628318587,-36.436974789915965,1.1919112671695988,13.216506975962346,3.760431201781268,53.93599999999999,-41.81538461538462,https://finance.naver.com/item/main.naver?code=097520
에스티아이,KOSDAQ,21150.0,327974044050,20.72,1.15,1045.0,18772.0,0.23393,73839621830.0,364643870.0,5107271290.0,,27.50173,반도체와반도체장비,43200.0,17320.0,0.0369906018,15507047,039440,38535.0,107679.85,0.35786639747362203,2427773372.5,-39.657631954350926,-34.52012383900929,1.0672191686745476,5.566801619433198,0.4938322555870002,23.393,-51.04166666666667,https://finance.naver.com/item/main.naver?code=039440
삼양바이오팜,KOSPI,43950.0,326806486500,148.34,1.41,301.0,31593.0,0.48908,31173917570.0,1386436910.0,2566559690.0,,-35.75178,건강관리장비와용품,150900.0,23250.0,0.0583604877,7435870,0120G0,15241.0,29883.95,0.5100062073454145,1201734381.25,-36.211901306240925,-59.45571955719557,1.566426125060442,0.9527426961668725,4.447425983233585,48.908,-70.87475149105367,https://finance.naver.com/item/main.naver?code=0120G0
넥스틴,KOSDAQ,31050.0,325311005250,-132.71,2.16,-240.0,14724.0,0.68539,7929283950.0,-5543994380.0,-2477181880.0,,27.50173,반도체와반도체장비,100400.0,24800.0,0.1528121825,10477005,348210,47748.0,94190.45,0.5069303735145124,3143885500.0,-55.1948051948052,-64.02085747392816,1.2955241216068083,-1.6299918500407498,-69.91797008354077,68.539,-69.07370517928287,https://finance.naver.com/item/main.naver?code=348210
보성파워텍,KOSDAQ,6620.0,325239434880,16.17,2.98,415.0,2253.0,0.22879,40863917870.0,5952503600.0,4920377540.0,,52.67418,전기장비,18200.0,3240.0,0.0871071918,49129824,006910,392767.0,894083.5,0.4392956586269627,5639905857.0,-49.11606456571867,-18.77300613496933,1.5418459237867603,18.41988459831336,14.566649284428978,22.878999999999998,-63.62637362637362,https://finance.naver.com/item/main.naver?code=006910
자이에스앤디,KOSPI,8320.0,322670566400,9.09,0.69,895.0,11817.0,0.6768,270257140290.0,11342905220.0,8511257960.0,,35.15774,건설,9050.0,3050.0,0.0473295443,38782520,317400,3154445.0,1474780.75,2.1389247181318307,10252866934.2,95.76470588235296,115.26520051746441,2.1389247181318307,7.573834306507574,4.1970788293802235,67.67999999999999,-8.066298342541433,https://finance.naver.com/item/main.naver?code=317400
광동제약,KOSPI,6460.0,321706759680,12.3,0.49,521.0,13201.0,0.85088,410853703840.0,7521328350.0,4900297210.0,,49.64242,제약,12800.0,5150.0,0.167742976,49799808,009290,122961.0,173006.7,0.7107297000636391,1043753626.25,-18.434343434343436,7.3089700996677776,1.4039398474163138,3.9466707067646394,1.8306585238742437,85.088,-49.53125000000001,https://finance.naver.com/item/main.naver?code=009290
티엠씨,KOSPI,13330.0,321176019250,-583.04,2.89,-23.0,4647.0,1.09638,93948704750.0,975372380.0,1836183140.0,,22.196,조선,38700.0,8820.0,0.0175163966,24094225,217590,868128.0,896882.55,0.9679394475898767,11508414575.75,-55.86092715231787,-14.987244897959185,3.9404211844683563,-0.49494297396169573,1.0381967293700236,109.63799999999999,-65.55555555555556,https://finance.naver.com/item/main.naver?code=217590
넥스틸,KOSPI,12300.0,319824600000,8.71,0.68,1386.0,17845.0,0.58653,100643225080.0,2673087040.0,2760236730.0,,41.57565,철강,23000.0,9030.0,0.0321747942,26002000,092790,4189123.0,245804.55,17.04249575526572,2745921057.75,-29.14746543778802,5.488850771869647,17.04249575526572,7.7668814794059955,2.656002962817614,58.653,-46.52173913043478,https://finance.naver.com/item/main.naver?code=092790
티로보틱스,KOSDAQ,14460.0,326189301780,-6.63,6.41,-2230.0,2304.0,0.88168,8162576440.0,-2951501590.0,-616370380.0,,173.4423,기계,30900.0,9800.0,0.0127564257,22558043,117730,117351.0,135996.35,0.862898158663817,1722701338.0,-28.059701492537314,-42.61904761904762,2.5951431784750105,-96.78819444444444,-36.15894578991532,88.168,-53.20388349514563,https://finance.naver.com/item/main.naver?code=117730
넥센,KOSPI,6190.0,325247217630,3.4,0.22,1757.0,26875.0,1.11461,937483353620.0,67617034240.0,73096499570.0,,11.42846,자동차부품,8090.0,4965.0,0.0263453602,52543977,005720,47521.0,32813.1,1.4482325656521329,192804984.75,-10.80691642651297,7.65217391304347,1.4482325656521329,6.537674418604651,7.212611720400523,111.46100000000001,-23.485784919653895,https://finance.naver.com/item/main.naver?code=005720
서연이화,KOSPI,11990.0,324070959630,5.54,0.28,2220.0,43348.0,1.59928,1188679662300.0,48581651110.0,46824469740.0,,11.42846,자동차부품,18310.0,9390.0,0.0682187801,27028437,200880,49703.0,59171.3,0.8399849251241733,651844178.0,-14.479315263908699,-19.150370869858392,2.4223736845396333,5.121343545261603,4.087026357967495,159.928,-34.51665756417258,https://finance.naver.com/item/main.naver?code=200880
KG케미칼,KOSPI,4805.0,323054709150,4.28,0.29,1023.0,14858.0,1.21081,2393426480610.0,64592510170.0,92012444740.0,,7.87628,자동차,7400.0,3570.0,0.1232898919,67233030,001390,840234.0,188951.5,4.446823655805855,770321508.1,-14.653641207815271,-9.680451127819545,4.446823655805855,6.8851797011710865,2.6987463660691864,121.08099999999999,-35.06756756756757,https://finance.naver.com/item/main.naver?code=001390
애경산업,KOSPI,11990.0,316655120650,19.62,0.75,604.0,15841.0,0.27313,158790581000.0,-1587611280.0,13697535560.0,,42.98944,화장품,19100.0,10120.0,0.020047342,26409935,018250,42890.0,35082.05,1.22256253554168,397379402.25,-10.589112602535423,-4.992076069730588,1.7603019207828503,3.8128906003408876,-0.9998145167061262,27.313,-37.22513089005236,https://finance.naver.com/item/main.naver?code=018250
엑스게이트,KOSDAQ,11090.0,316547326280,81.62,6.56,136.0,1692.0,0.33921,9696261620.0,248423630.0,481451320.0,,164.30795,소프트웨어,30550.0,6100.0,0.027200421,28543492,356680,1020272.0,931894.85,1.0948359678133215,10193009435.0,-35.78459756803706,45.92105263157895,2.635792010225188,8.037825059101655,2.5620557668079917,33.921,-63.69885433715221,https://finance.naver.com/item/main.naver?code=356680
트리니티항공,KOSPI,626.0,319592067334,-0.46,4.23,-1366.0,148.0,19.47107,612084383880.0,19190666560.0,-16678175630.0,,129.30618,항공사,1855.787,493.0,0.0087655984,510530459,091810,502429.0,720282.9,0.6975439789005126,435692990.75,-31.208791208791208,-58.84286653517423,0.8937960348635238,-922.972972972973,3.135297528479726,1947.1070000000002,-66.26768050428201,https://finance.naver.com/item/main.naver?code=091810
휴온스,KOSDAQ,26600.0,318659089000,7.15,0.81,3651.0,32090.0,0.62083,141870889170.0,-648668950.0,190700040.0,,49.64242,제약,41500.0,22500.0,0.1531907612,11979665,243070,15900.0,17481.35,0.9095407391305592,442214765.0,-24.539007092198585,-2.9197080291970767,1.231140615570308,11.3773761296354,-0.4572248428095194,62.083,-35.903614457831324,https://finance.naver.com/item/main.naver?code=243070
유바이오로직스,KOSDAQ,8690.0,319377547830,7.75,1.83,1127.0,4782.0,0.30849,15642562300.0,2192023050.0,3663072210.0,,-69.9395,생물공학,17700.0,6950.0,0.0737682671,36752307,206650,94565.0,134671.25,0.702191447692065,1064465771.75,-27.883817427385893,-26.418289585097376,0.8165588423661323,23.567544960267668,14.013196866091432,30.849,-50.90395480225989,https://finance.naver.com/item/main.naver?code=206650
수산인더스트리,KOSPI,22300.0,318577800000,6.43,0.57,3475.0,39100.0,0.24833,85676185470.0,13621170360.0,22996335460.0,,-34.90219,에너지장비및서비스,36400.0,19430.0,0.0349163517,14286000,126720,7836.0,24944.0,0.31414368184733804,525930275.75,-28.180354267310793,-14.39539347408829,0.9766276459268762,8.887468030690538,15.898432318476093,24.833,-38.73626373626373,https://finance.naver.com/item/main.naver?code=126720
진성티이씨,KOSDAQ,14390.0,317049444970,8.66,0.96,1633.0,14795.0,0.75419,136375622440.0,12949776660.0,13893494970.0,,173.4423,기계,21100.0,11210.0,0.1379241137,22032623,036890,59354.0,67613.55,0.8778417935458203,897045598.5,-21.580381471389643,4.350978970268304,1.2222993763823966,11.037512673200405,9.495668234766372,75.419,-31.80094786729858,https://finance.naver.com/item/main.naver?code=036890
GRT,KOSDAQ,3895.0,318611000000,,,,,0.835,277436640000.0,41673993000.0,28322192000.0,,-30.06008,화학,7490.0,2120.0,0.6768973105,81800000,900290,274341.0,674206.55,0.40690942560555066,1936016040.9,13.72262773722628,5.270270270270272,0.9287880694721817,,15.02108481417595,83.5,-47.99732977303071,https://finance.naver.com/item/main.naver?code=900290
아세아제지,KOSPI,8000.0,315596080000,10.37,0.36,758.0,22004.0,0.2631,217134500000.0,10039692310.0,8076404030.0,,16.65708,포장재,11380.0,6800.0,0.0525178893,39449510,002310,76459.0,97266.25,0.7860794468790562,725263640.75,-3.6144578313253017,4.849279161205766,1.4017811933738578,3.444828213052172,4.6237204635836315,26.31,-29.701230228470997,https://finance.naver.com/item/main.naver?code=002310
휴온스글로벌,KOSDAQ,24850.0,314596328200,10.69,0.56,2367.0,44802.0,0.42528,196953507840.0,9160671230.0,15577847360.0,,49.64242,제약,76700.0,20100.0,0.0790251862,12659812,084110,13508.0,36751.0,0.3675546243639629,887890631.25,-43.58683314415437,-52.119460500963385,0.8811460912628227,5.283246283648051,4.65118460212544,42.528,-67.60104302477184,https://finance.naver.com/item/main.naver?code=084110
신라젠,KOSDAQ,2250.0,311745519000,-12.66,2.78,-175.0,797.0,0.06221,2851386140.0,-5649459340.0,-4909700630.0,,49.64242,제약,5400.0,1780.0,0.0411565739,138553564,215600,201498.0,489718.55,0.4114567438787034,1009571790.2,-31.818181818181824,-36.70886075949367,1.5027692947306162,-21.9573400250941,-198.13027989257185,6.221,-58.33333333333333,https://finance.naver.com/item/main.naver?code=215600
지노믹트리,KOSDAQ,12700.0,315711865400,-34.81,2.72,-374.0,4790.0,0.02025,381611360.0,-3029729880.0,-1994605290.0,,-35.75178,건강관리장비와용품,33300.0,10010.0,0.0303640881,24859202,228760,47391.0,112242.3,0.4222204997581126,1321951847.5,-16.116248348745042,-50.583657587548636,1.3857788017529933,-7.807933194154488,-793.9307362338479,2.025,-61.86186186186187,https://finance.naver.com/item/main.naver?code=228760
스틱인베스트먼트,KOSPI,8030.0,311329821110,19.23,1.14,417.0,7052.0,0.19998,16844963970.0,4581642800.0,3655184650.0,,13.64569,창업투자,13390.0,5990.0,0.4882700366,38770837,026890,39909.0,88355.15,0.4516884414773785,699290714.75,-12.622415669205655,-28.558718861209965,0.7150686745481164,5.913216108905275,27.1988875022806,19.997999999999998,-40.02987303958177,https://finance.naver.com/item/main.naver?code=026890
RF머트리얼즈,KOSDAQ,34850.0,313480454750,77.95,10.71,424.0,3087.0,0.41306,20023519170.0,3195696450.0,3380621880.0,,42.07756,우주항공과국방,63420.571,2934.653,0.1409384073,8995135,327260,340313.0,301787.95,1.1276560247021128,10084947834.25,-70.64026958719461,13.51791530944626,2.9888535973686157,13.735017816650469,15.959714288325072,41.306,-45.0493752255873,https://finance.naver.com/item/main.naver?code=327260
에이블씨엔씨,KOSPI,11930.0,310348940730,20.99,3.33,548.0,3450.0,1.22164,61367665990.0,9423882560.0,8920668890.0,,42.98944,화장품,16790.0,8710.0,0.1048952915,26014161,078520,191381.0,133843.65,1.4298847946839466,1376800307.5,-14.048991354466855,18.353174603174605,1.454420885861974,15.884057971014492,15.356429820120002,122.164,-28.9458010720667,https://finance.naver.com/item/main.naver?code=078520
SIMPAC,KOSPI,4775.0,312146372200,12.4,0.39,381.0,12180.0,1.02839,315345152180.0,21629622220.0,1745271280.0,,29.93748,비철금속,6900.0,3725.0,0.0141021623,65370968,009160,71343.0,166265.45,0.42909095064548886,783280419.65,-25.15673981191222,-3.632694248234103,1.163506910184888,3.12807881773399,6.859031150621191,102.839,-30.797101449275367,https://finance.naver.com/item/main.naver?code=009160
한중엔시에스,KOSDAQ,34150.0,309567905900,74.22,3.24,450.0,10316.0,1.54873,54731816250.0,1442580840.0,1441474840.0,,52.67418,전기장비,73000.0,23200.0,0.0584851802,9064946,107640,103037.0,78233.8,1.3170394381967896,2319793966.25,-42.41146711635751,-32.10735586481114,1.3170394381967896,4.362155874369911,2.6357262353777635,154.873,-53.21917808219179,https://finance.naver.com/item/main.naver?code=107640
LX하우시스,KOSPI,34450.0,308936231500,-7.83,0.41,-4396.0,83591.0,1.71443,814714000000.0,45884000000.0,30442000000.0,,6.9634,건축자재,43000.0,27000.0,0.1526365265,8967670,108670,18126.0,30758.9,0.5892928550760917,996210791.25,-11.211340206185572,19.82608695652175,1.5690418057862927,-5.258939359500425,5.6319150033017715,171.44299999999998,-19.883720930232563,https://finance.naver.com/item/main.naver?code=108670
한스바이오메드,KOSDAQ,21650.0,308758595550,-9.08,8.79,-2413.0,2492.0,0.99975,34485876370.0,4438662640.0,3743794640.0,,-35.75178,건강관리장비와용품,57800.0,6970.0,0.0658816928,14261367,042520,59803.0,156663.45,0.3817291142254303,3393191962.25,-8.26271186440678,-23.226950354609933,1.0061185298804538,-96.8298555377207,12.870957931813754,99.97500000000001,-62.54325259515571,https://finance.naver.com/item/main.naver?code=042520
신성이엔지,KOSPI,15140.0,307435595480,-47.03,1.39,-340.0,11470.0,1.88088,153687860640.0,-2234005800.0,-3808688520.0,,27.50173,반도체와반도체장비,49700.0,11300.0,0.0,20306182,011930,458771.0,238388.55,1.9244674293291353,3642168799.25,284.75222363405334,789.0193775689959,1.9244674293291353,-2.964254577157803,-1.4535993868982,188.08800000000002,-69.53722334004024,https://finance.naver.com/item/main.naver?code=011930
한라캐스트,KOSDAQ,8420.0,307349803840,68.36,3.03,128.0,2892.0,1.03601,40545889770.0,1497442500.0,1555978800.0,,11.42846,자동차부품,25350.0,4355.0,0.0365516173,36502352,125490,342631.0,601402.25,0.5697201831220285,4692020093.0,-50.1775147928994,-54.633620689655174,1.9004884002346183,4.426002766251729,3.6932041903491815,103.60100000000001,-66.78500986193295,https://finance.naver.com/item/main.naver?code=125490
퍼시스,KOSPI,26550.0,305325000000,6.68,0.4,3976.0,66786.0,0.12903,97635259400.0,-2070962620.0,6650368850.0,,28.85075,가구,50800.0,23500.0,0.2012734783,11500000,016800,417.0,705.65,0.5909445192375824,18409818.75,-15.445859872611468,-38.25581395348837,1.122369446609509,5.953343515107957,-2.121121644707793,12.903,-47.73622047244095,https://finance.naver.com/item/main.naver?code=016800
한양디지텍,KOSDAQ,20000.0,304887640000,20.1,1.77,1025.0,11658.0,0.76714,191986555620.0,6764538000.0,5024209590.0,,27.50173,반도체와반도체장비,44300.0,8690.0,0.0533151819,15244382,078350,67136.0,131297.45,0.5113275238780342,2491169087.5,-31.740614334470983,-25.512104283054004,0.9599424817465989,8.792245668210672,3.523443596430307,76.714,-54.85327313769752,https://finance.naver.com/item/main.naver?code=078350
HLB생명과학,KOSDAQ,2500.0,304792645000,-2.89,0.97,-819.0,2440.0,0.64978,15199216270.0,-6454499530.0,-7824038000.0,,-35.75178,건강관리장비와용품,5330.0,1608.0,0.0540079387,121917058,067630,260418.0,782548.7,0.3327818447593102,1686811994.1,-35.400516795865634,-51.45631067961165,0.4920358311246316,-33.5655737704918,-42.466002294735425,64.97800000000001,-53.09568480300187,https://finance.naver.com/item/main.naver?code=067630
폰드그룹,KOSDAQ,5260.0,302826889520,8.43,1.24,600.0,4078.0,0.85343,116903339030.0,16973330510.0,12331779850.0,,9.96468,"섬유,의류,신발,호화품",7250.0,3560.0,0.0106707725,57571652,472850,57038.0,79163.5,0.7205088203528142,338460101.05,0.766283524904221,0.9596928982725572,3.1198468991391235,14.713094654242276,14.519115237285279,85.343,-27.44827586206896,https://finance.naver.com/item/main.naver?code=472850
제이브이엠,KOSDAQ,24800.0,299829321600,9.98,1.21,2461.0,20312.0,0.39333,45484139900.0,9291852410.0,7593691300.0,,-35.75178,건강관리장비와용품,34500.0,19930.0,0.1961485677,12089892,054950,21297.0,23488.7,0.9066913026263692,530337105.0,4.862579281183943,-2.3622047244094446,1.60106774747006,12.11599054745963,20.428774580389504,39.333,-28.115942028985508,https://finance.naver.com/item/main.naver?code=054950
한국정보통신,KOSDAQ,8050.0,301426381550,7.78,0.85,1038.0,9544.0,0.72032,216160696000.0,10955267000.0,8632226000.0,,32.17663,IT서비스,16500.0,6915.0,0.6345685833,37444271,025770,20711.0,59316.3,0.3491620347189558,462040521.5,-25.18587360594795,-0.1240694789081842,1.2498756665537127,10.875943000838223,5.0681123824656815,72.032,-51.21212121212122,https://finance.naver.com/item/main.naver?code=025770
HEM파마,KOSDAQ,42100.0,303926088700,-13.28,64.47,-3389.0,698.0,29.47336,4941452230.0,-3844069460.0,-4042735890.0,,-13.88903,건강관리업체및서비스,97500.0,18120.0,0.009757801,7219147,376270,13641.0,11179.85,1.2201415940285423,444135502.5,-45.11082138200783,-48.47001223990208,1.5349937610969735,-485.5300859598854,-77.79230236533118,2947.336,-56.82051282051282,https://finance.naver.com/item/main.naver?code=376270
드림텍,KOSPI,4600.0,303079413400,4640.0,0.82,1.0,5644.0,0.86808,260705836950.0,413048560.0,-4363945990.0,,85.22491,핸드셋,9120.0,3565.0,0.5964489959,65886829,192650,195137.0,400969.5,0.48666295067330556,1687798325.8,-27.33017377567141,-38.829787234042556,0.8486755227018514,0.01771793054571226,0.15843471892776123,86.80799999999999,-49.56140350877193,https://finance.naver.com/item/main.naver?code=192650
휴메딕스,KOSDAQ,26650.0,299277634500,5.47,1.02,5017.0,26994.0,0.08961,40520845590.0,8907110190.0,13001663930.0,,49.64242,제약,72400.0,21050.0,0.0757542567,11229930,200670,27680.0,29919.85,0.9251383278993712,759180700.0,-20.209580838323348,-36.84834123222749,1.8829974080752412,18.58561161739646,21.981550632295182,8.961,-63.190607734806626,https://finance.naver.com/item/main.naver?code=200670
한라IMS,KOSDAQ,17410.0,297879528800,11.49,1.49,1511.0,11613.0,0.54234,39356686210.0,5518375640.0,6679874850.0,,22.196,조선,22150.0,11220.0,0.005786432,17109680,092460,18269.0,55385.4,0.3298522715372643,886931070.5,-14.656862745098042,6.093845216331495,0.6818403405951748,13.011280461551708,14.021443803868467,54.234,-21.399548532731373,https://finance.naver.com/item/main.naver?code=092460
에이플러스에셋,KOSPI,13180.0,297969393740,13.12,1.71,979.0,7506.0,1.00079,186597644750.0,15908368090.0,13127226630.0,,8.42858,손해보험,14990.0,5600.0,0.1195633716,22607693,244920,49496.0,61838.95,0.8004016885797706,728839901.5,22.490706319702603,21.474654377880185,1.5811232241168391,13.042899014122037,8.52549243658125,100.07900000000001,-12.07471647765177,https://finance.naver.com/item/main.naver?code=244920
노바렉스,KOSDAQ,16270.0,297006376960,7.73,1.08,2000.0,14257.0,0.43183,120808206560.0,14144971410.0,14913957420.0,,-13.88903,건강관리업체및서비스,22000.0,10990.0,0.104179613,18254848,194700,442407.0,111996.4,3.950189470375834,1551842344.5,13.3008356545961,14.496833216045047,3.950189470375834,14.028196675317389,11.708617992747728,43.183,-26.04545454545455,https://finance.naver.com/item/main.naver?code=194700
네패스아크,KOSDAQ,24350.0,296681495750,90.89,1.84,280.0,13841.0,0.684,29943533380.0,5012001120.0,2633514860.0,,27.50173,반도체와반도체장비,63500.0,13350.0,0.0595954792,12184045,330860,83387.0,253587.1,0.32882981823602225,7796905718.25,-41.74641148325359,40.58891454965359,0.9032596689658109,2.0229752185535728,16.738175339546384,68.4,-61.65354330708661,https://finance.naver.com/item/main.naver?code=330860
광주신세계,KOSPI,38850.0,296315632200,6.77,0.35,5830.0,113441.0,0.48218,48706534130.0,15674069050.0,13445273830.0,,37.93,백화점과일반상점,59600.0,29100.0,0.0386105099,7627172,037710,48112.0,270027.65,0.17817434621972972,11747379567.5,6.438356164383552,24.919614147909975,0.5097144681294674,5.139235373454042,32.18062900588488,48.217999999999996,-34.81543624161074,https://finance.naver.com/item/main.naver?code=037710
인탑스,KOSDAQ,17930.0,295210403510,17.79,0.43,1023.0,42138.0,0.17803,163137990340.0,6385710100.0,11799688900.0,,85.22491,핸드셋,24950.0,13000.0,0.0648681138,16464607,049070,42611.0,152271.3,0.2798360557767616,2786192390.75,-15.821596244131452,-18.31435079726651,0.6700080711204278,2.427737434144952,3.9142998431520337,17.803,-28.13627254509018,https://finance.naver.com/item/main.naver?code=049070
AP시스템,KOSDAQ,19660.0,295899140860,12.52,0.81,1605.0,24853.0,0.84015,196133415340.0,17988139160.0,19738784040.0,,15.48254,디스플레이장비및부품,31100.0,15600.0,0.1600262869,15050821,265520,79442.0,74155.4,1.0712908297979649,1390631535.25,-28.89692585895117,-0.3547896604156109,1.2154880157075547,6.45797288053756,9.17137914965551,84.015,-36.78456591639871,https://finance.naver.com/item/main.naver?code=265520
우진,KOSPI,14600.0,294885982000,33.51,1.5,441.0,9841.0,0.26969,37219226760.0,4998138940.0,4877188760.0,,173.4423,기계,31700.0,9270.0,0.1274476214,20197670,105840,102887.0,145822.95,0.7055610930926853,1980905286.25,-39.91769547325102,-44.6969696969697,1.1277785835494343,4.481251905294177,13.42891665167952,26.968999999999998,-53.94321766561514,https://finance.naver.com/item/main.naver?code=105840
한양증권,KOSPI,19510.0,294786071860,4.49,0.45,4383.0,44072.0,10.43125,511339150780.0,25994459070.0,18633514600.0,,8.42388,증권,31500.0,16510.0,0.1062333954,15109486,001750,6006.0,14390.85,0.417348523541,280671336.25,-26.928838951310862,-3.1761786600496333,0.5346452780759997,9.945089852967872,5.083604302613614,1043.125,-38.06349206349206,https://finance.naver.com/item/main.naver?code=001750
퍼스텍,KOSPI,6030.0,294094786140,20.33,3.64,303.0,1691.0,3.76981,79301130550.0,2281967600.0,1683547210.0,,42.07756,우주항공과국방,18730.0,3700.0,0.1212963897,48771938,010820,355566.0,793404.7,0.4481521221137208,4572118462.35,-53.14685314685315,38.78020713463752,1.3080877892455138,17.9183914843288,2.87759781502888,376.981,-67.80565936999466,https://finance.naver.com/item/main.naver?code=010820
DB,KOSPI,1459.0,293512768247,5.63,0.62,259.0,2351.0,1.07716,166769504270.0,18735711850.0,29701156410.0,,32.17663,IT서비스,2545.0,1257.0,0.0637092779,201173933,012030,360931.0,636310.7,0.5672244706870402,941416424.95,-35.29933481152994,-8.8125,0.9563268384454324,11.016588685665674,11.234495138671674,107.716,-42.67190569744598,https://finance.naver.com/item/main.naver?code=012030
롯데이노베이트,KOSPI,19290.0,291845489430,28.16,0.66,657.0,28166.0,0.88399,281178345560.0,9735799950.0,4077076890.0,,32.17663,IT서비스,25400.0,15260.0,0.0145467421,15129367,286940,32460.0,17356.9,1.8701496234926742,295721010.75,-10.069930069930066,-9.64871194379391,1.8701496234926742,2.332599588155933,3.462499905748432,88.399,-24.05511811023622,https://finance.naver.com/item/main.naver?code=286940
이뮨온시아,KOSDAQ,3195.0,291614899455,-8.67,8.83,-375.0,368.0,0.19185,,-5750756130.0,-5617911190.0,,49.64242,제약,15499.001,2300.0,0.0380134409,91272269,424870,245238.0,324876.25,0.7548658912432041,937852894.05,-44.14335664335665,-71.67553191489363,2.2474557620016853,-101.90217391304348,,19.185,-79.3857681537023,https://finance.naver.com/item/main.naver?code=424870
한국알콜,KOSDAQ,14090.0,291289699540,9.01,0.51,1507.0,26443.0,0.18366,108977497270.0,10665696710.0,13281232080.0,,-30.06008,화학,14570.0,8840.0,0.2252022468,20673506,017890,88403.0,82371.75,1.0732198842442948,1122705748.5,10.944881889763769,34.19047619047619,1.0732198842442948,5.699050788488447,9.787063363709784,18.366,-3.2944406314344588,https://finance.naver.com/item/main.naver?code=017890
유나이티드제약,KOSPI,18300.0,291167182500,6.87,0.63,2614.0,28664.0,0.22642,73817185000.0,11255932330.0,13984262720.0,,49.64242,제약,21800.0,16100.0,0.0882932478,15910775,033270,22392.0,31889.45,0.7021757979519873,557150362.25,-5.767250257466527,-4.037755637126372,1.0120274887149199,9.119452972369523,15.248390100489473,22.642,-16.055045871559635,https://finance.naver.com/item/main.naver?code=033270
사조대림,KOSPI,31650.0,290055380550,-3.46,0.42,-8909.0,72933.0,1.71737,886309738880.0,23774967660.0,15611884580.0,,32.75937,식품,43950.0,23200.0,0.0178001623,9164467,003960,30434.0,7981.9,3.8128766333830293,234847371.25,6.030150753768848,-11.838440111420612,3.8128766333830293,-12.215320910973086,2.682467157592517,171.737,-27.98634812286689,https://finance.naver.com/item/main.naver?code=003960
디아이티,KOSDAQ,15290.0,288981000000,9.5,1.22,1644.0,12787.0,0.18076,48459569550.0,16438391710.0,14725972160.0,,27.50173,반도체와반도체장비,29000.0,11070.0,0.0698315344,18900000,110990,74923.0,88384.6,0.8476929238804044,1414140787.75,-37.464212678936605,-17.795698924731184,0.9947886849066465,12.856807695315556,33.921869019160525,18.076,-47.275862068965516,https://finance.naver.com/item/main.naver?code=110990
하림,KOSDAQ,2720.0,288890389440,7.47,0.88,363.0,3065.0,1.55078,327958832000.0,11659695000.0,3478199000.0,,32.75937,식품,3565.0,2550.0,0.0523994032,106209702,136480,224076.0,389796.5,0.5748538019197197,1049754432.2,-12.11631663974152,-10.526315789473683,0.9649855758068633,11.843393148450245,3.5552312858584645,155.078,-23.702664796633943,https://finance.naver.com/item/main.naver?code=136480
SAMG엔터,KOSDAQ,28250.0,288357270250,7.57,3.05,3560.0,8830.0,0.40113,37659593200.0,3884430870.0,4612992830.0,,-1083.31724,방송과엔터테인먼트,86100.0,20000.0,0.0378176012,10207337,419530,140471.0,96412.8,1.4569745925852169,2692516013.75,-22.283356258596974,-25.46174142480211,2.3827541571243653,40.31710079275198,10.314585315276322,40.113,-67.18931475029035,https://finance.naver.com/item/main.naver?code=419530
대한제강,KOSPI,8380.0,288033974480,13.96,0.27,598.0,30821.0,0.34833,305601150490.0,64456320.0,167175290.0,,41.57565,철강,15503.954,6800.0,0.0393493511,34371596,084010,39873.0,33348.45,1.1956477737346114,254758245.0,-26.16740088105727,-20.34220532319392,1.516352334216433,1.940235553680932,0.021091648345122695,34.833,-45.94927203731384,https://finance.naver.com/item/main.naver?code=084010
송원산업,KOSPI,12000.0,288000000000,118.04,0.36,97.0,31671.0,0.55419,269204000000.0,26558000000.0,18091000000.0,,-30.06008,화학,16730.0,8470.0,0.1567042917,24000000,004430,407544.0,218464.25,1.8654951553858354,2611307489.25,-4.534606205250602,31.29102844638949,1.8654951553858354,0.30627387831138897,9.865380900729557,55.419,-28.27256425582786,https://finance.naver.com/item/main.naver?code=004430
셀바스AI,KOSDAQ,10680.0,287449957200,-47.67,2.6,-223.0,4090.0,0.17809,26631766990.0,-370126360.0,3735283170.0,,-35.75178,건강관리장비와용품,17580.0,6100.0,0.0106759146,26914790,108860,1753326.0,1404230.0,1.2486031490567784,12947426808.75,-10.402684563758392,-16.887159533073927,3.2380300947850422,-5.452322738386308,-1.3897927243767914,17.809,-39.24914675767918,https://finance.naver.com/item/main.naver?code=108860
남해화학,KOSPI,5770.0,286646924110,9.36,0.5,608.0,11459.0,0.65731,492954552650.0,-120803090.0,-2508876800.0,,-30.06008,화학,12820.0,5250.0,0.0364802377,49678843,025860,155235.0,457837.95,0.3390610149289721,2675363782.75,-36.10188261351052,-14.008941877794335,0.4476452858484099,5.305873112837071,-0.024505928457419227,65.731,-54.99219968798752,https://finance.naver.com/item/main.naver?code=025860
한국토지신탁,KOSPI,1133.0,286070297590,11.54,0.24,97.0,4754.0,0.95404,43690820380.0,478580630.0,9891391810.0,,30.96928,부동산,1878.0,1039.0,0.0428712544,252489230,034830,193256.0,294099.0,0.6571120609046613,328117404.2,-23.497636731937877,-6.36363636363636,1.9818394486210427,2.0403870424905346,1.095380278597552,95.404,-39.669861554845575,https://finance.naver.com/item/main.naver?code=034830
프로티나,KOSDAQ,25900.0,285811887200,-29.53,10.31,-906.0,2594.0,0.13739,168557500.0,-4712013610.0,-3281984250.0,,-69.9395,생물공학,120100.0,14200.0,0.0460051138,11035208,468530,38354.0,61800.65,0.6206083592971918,1408978305.0,-50.0,-69.7429906542056,1.5394498277930733,-34.926754047802625,-2795.4932945730684,13.739,-78.43463780183181,https://finance.naver.com/item/main.naver?code=468530
삼양엔씨켐,KOSDAQ,13030.0,285204288400,18.58,2.36,691.0,5448.0,0.2025,40683157790.0,6511790770.0,5666000100.0,,27.50173,반도체와반도체장비,25000.0,7465.0,0.0425660673,21888280,482630,290547.0,181591.45,1.6000037446696966,2227598133.0,-40.09195402298851,-53.297491039426525,1.601275830993144,12.683553597650512,16.006109465771633,20.25,-47.88,https://finance.naver.com/item/main.naver?code=482630
한국자산신탁,KOSPI,2325.0,284519377950,5.72,0.26,404.0,8853.0,0.61552,68798893440.0,10766660990.0,12182787970.0,,30.96928,부동산,3470.0,2040.0,0.0452050545,122373926,123890,76495.0,152969.1,0.5000683144504348,342671290.9,-1.898734177215189,-7.370517928286857,1.0075956516708275,4.563424827742009,15.649468256912707,61.55199999999999,-32.997118155619596,https://finance.naver.com/item/main.naver?code=123890
바텍,KOSDAQ,19150.0,284459002400,6.89,0.56,2701.0,33371.0,0.39679,105198476480.0,10994904720.0,14232538880.0,,-35.75178,건강관리장비와용품,27350.0,16030.0,0.2298838124,14854256,043150,38625.0,36675.45,1.053156811981857,636189628.0,-13.151927437641719,-2.2959183673469385,1.3709443237915282,8.093853945042103,10.451581703362708,39.678999999999995,-29.981718464351005,https://finance.naver.com/item/main.naver?code=043150
한국공항,KOSPI,89800.0,284338679000,6.84,0.68,13258.0,132482.0,0.34482,177975729250.0,19686235020.0,15912292100.0,,6.55957,운송인프라,95900.0,54200.0,0.1309429928,3166355,005430,3702.0,15174.05,0.24396914469110093,1272076815.0,45.30744336569579,33.23442136498515,1.1084054685466307,10.00739723132199,11.061190816837179,34.482,-6.360792492179357,https://finance.naver.com/item/main.naver?code=005430
마녀공장,KOSDAQ,17310.0,283767330600,32.23,2.4,557.0,7488.0,0.0916,26914963450.0,6052559240.0,6102818490.0,,42.98944,화장품,18510.0,11060.0,0.020287484,16393260,439090,401646.0,401880.65,0.9994161201839401,6586802714.75,-0.46003450258769174,19.05089408528198,1.890145743518629,7.438568376068376,22.487711162022777,9.16,-6.482982171799023,https://finance.naver.com/item/main.naver?code=439090
씨앤씨인터내셔널,KOSDAQ,20700.0,282138950700,15.16,0.77,1329.0,26036.0,0.19632,70837103640.0,2967005730.0,5083005360.0,,42.98944,화장품,45900.0,16550.0,0.0059968154,13629901,352480,19235.0,19575.7,0.9825957692445225,366348937.5,-17.200000000000003,-39.473684210526315,1.2258054628953243,5.104470732831464,4.188491027355618,19.631999999999998,-54.90196078431373,https://finance.naver.com/item/main.naver?code=352480
파트론,KOSDAQ,5640.0,282000000000,8.26,0.54,674.0,10321.0,0.49051,451037916540.0,12247186730.0,10300040180.0,,85.22491,핸드셋,8730.0,4950.0,0.2613395,50000000,091700,127167.0,154887.25,0.8210294908070225,866512824.0,-21.883656509695292,-21.448467966573816,1.6527829114404187,6.530374963666312,2.715334183864311,49.051,-35.39518900343642,https://finance.naver.com/item/main.naver?code=091700
매커스,KOSDAQ,23650.0,281478445050,8.97,1.61,2604.0,14459.0,1.12098,55268787610.0,9085735900.0,7256698390.0,,27.50173,반도체와반도체장비,33850.0,16000.0,0.3062438177,11901837,093520,16077.0,35189.9,0.45686404337608233,688208503.0,-7.25490196078431,9.490740740740744,1.6695131273461987,18.009544228508194,16.43918076168561,112.09800000000001,-30.132939438700145,https://finance.naver.com/item/main.naver?code=093520
화신,KOSPI,8050.0,281109300500,4.27,0.5,1920.0,16443.0,1.8832,505575797320.0,16981885360.0,28298717140.0,,11.42846,자동차부품,16720.0,6410.0,0.0295637995,34920410,010690,194802.0,359066.15,0.5425239889641504,2822840600.75,-47.2822527832351,-10.356347438752788,1.1231607323608754,11.676701331873746,3.358919760403692,188.32,-51.85406698564594,https://finance.naver.com/item/main.naver?code=010690
진에어,KOSPI,5380.0,280836000000,-28.99,1.26,-189.0,4355.0,4.62265,422976071550.0,57613481140.0,21672249420.0,,129.30618,항공사,9100.0,4710.0,0.0125597126,52200000,272450,63017.0,85642.25,0.7358167259734535,441480326.4,-12.520325203252035,-22.14182344428365,1.0970870102081625,-4.339839265212399,13.620978824848134,462.265,-40.879120879120876,https://finance.naver.com/item/main.naver?code=272450
CJ프레시웨이,KOSDAQ,23450.0,278388691700,5.93,0.61,3961.0,38342.0,3.03268,833919471100.0,11033935190.0,3131808440.0,,7.93004,식품과기본식료품소매,36400.0,19800.0,0.1838616171,11871586,051500,9253.0,10265.0,0.9014125669751583,230374205.0,-7.677165354330706,-15.03623188405797,1.1236239649293716,10.330707839966616,1.3231415709055747,303.26800000000003,-35.57692307692307,https://finance.naver.com/item/main.naver?code=051500
KG에코솔루션,KOSDAQ,5830.0,277525501660,2.87,0.16,1964.0,34152.0,1.10732,1969605487710.0,32795371720.0,70430213040.0,,7.87628,자동차,7600.0,4745.0,0.025801419,47603002,151860,122379.0,99296.25,1.232463461611088,531764774.85,-8.333333333333337,-1.018675721561968,1.232463461611088,5.750761302412743,1.6650731288391247,110.73200000000001,-23.289473684210527,https://finance.naver.com/item/main.naver?code=151860
서울바이오시스,KOSDAQ,6050.0,277503717150,-16.63,3.29,-341.0,1721.0,2.76806,187795508810.0,10371187520.0,10325269720.0,,15.48254,디스플레이장비및부품,19270.0,2135.0,0.0390061276,45868383,092190,298078.0,185138.5,1.6100270878288416,1037940629.65,-48.68532654792197,123.24723247232474,1.6696149099187905,-19.814061592097616,5.522596139662175,276.80600000000004,-68.60404774260509,https://finance.naver.com/item/main.naver?code=092190
KG이니시스,KOSDAQ,10070.0,277473150380,5.56,0.53,1798.0,18729.0,1.63955,381671787830.0,25461848610.0,17448446960.0,,32.17663,IT서비스,12280.0,8920.0,0.0852638091,27554434,035600,32873.0,69888.9,0.47036081552292286,663586784.5,-4.3684710351377,-9.360936093609363,2.684517856197479,9.600085429013829,6.671137197423911,163.955,-17.99674267100977,https://finance.naver.com/item/main.naver?code=035600
한텍,KOSDAQ,24950.0,277472467950,8.64,1.7,2881.0,14605.0,0.36642,47025387680.0,7634939220.0,8037494930.0,,-34.90219,에너지장비및서비스,62200.0,20800.0,0.056824565,11121141,098070,38579.0,57372.0,0.6724360315136303,1397475276.25,-35.27885862516212,-33.02013422818791,2.8736491668409676,19.726121191372815,16.235781556878383,36.642,-59.88745980707395,https://finance.naver.com/item/main.naver?code=098070
서울가스,KOSPI,55400.0,274230000000,6.99,0.19,7866.0,284280.0,0.68102,769497178260.0,22041981530.0,21626235870.0,,8.90138,가스유틸리티,84200.0,51800.0,0.0281911111,4950000,017390,2516.0,4485.1,0.5609685402778087,243895155.0,-9.918699186991875,-14.241486068111453,1.3549307707743417,2.766990291262136,2.8644655435698545,68.10199999999999,-34.204275534441805,https://finance.naver.com/item/main.naver?code=017390
스맥,KOSDAQ,4030.0,275020877820,-9.43,2.79,-424.0,1435.0,2.26095,29210004390.0,-4841679900.0,-5064632620.0,,173.4423,기계,8340.0,2415.0,0.0387347675,68243394,099440,257383.0,821245.1,0.31340582732244004,2683230983.95,-2.1844660194174748,-41.08187134502924,0.5605671193654611,-29.54703832752613,-16.575416543441335,226.09499999999997,-51.67865707434053,https://finance.naver.com/item/main.naver?code=099440
위메이드맥스,KOSDAQ,3270.0,274036745220,-7.73,0.6,-428.0,5563.0,0.22759,32680390290.0,-15348288740.0,-11103423540.0,,18.81972,게임엔터테인먼트,8160.0,2600.0,0.0916006802,83803286,101730,107037.0,370497.3,0.2889008907757223,1610367846.9,-32.577319587628864,-57.47724317295189,0.4606727228511517,-7.6936904547905804,-46.96482693077409,22.759,-59.92647058823529,https://finance.naver.com/item/main.naver?code=101730
HLB제약,KOSDAQ,8390.0,275186596840,64.0,2.37,130.0,3516.0,0.33559,65651838840.0,1032494330.0,720097090.0,,49.64242,제약,20503.321,5528.986,0.0,32799356,047920,136069.0,511222.15,0.26616413236398306,4398680289.5,-47.82338308457711,-59.856459330143544,0.5498705406250491,3.6973833902161544,1.572681509372937,33.559,-59.07979980413904,https://finance.naver.com/item/main.naver?code=047920
서흥,KOSPI,23650.0,273609522450,5.84,0.52,3911.0,43882.0,0.95476,201552164260.0,21235425840.0,14520860800.0,,49.64242,제약,32600.0,16000.0,0.0648156864,11569113,008490,27004.0,34020.3,0.7937613718867852,713828856.25,26.20064034151548,12.619047619047619,1.7974562246658612,8.912538170548288,10.53594533105908,95.476,-27.453987730061346,https://finance.naver.com/item/main.naver?code=008490
포스코스틸리온,KOSPI,4555.0,273300000000,16.19,0.72,285.0,6401.0,0.38841,279325198320.0,6294254600.0,6854621350.0,,29.93748,비철금속,10500.0,3560.0,0.026356,60000000,058430,3320086.0,239892.9,13.839867707631198,1055519305.75,-36.736111111111114,-89.02409638554218,13.839867707631198,4.452429307920638,2.2533787276825588,38.841,-56.61904761904761,https://finance.naver.com/item/main.naver?code=058430
아이엠바이오로직스,KOSDAQ,18320.0,271805577680,149.22,3.31,128.0,5770.0,0.02588,7227421260.0,2732849350.0,3834624710.0,,49.64242,제약,104000.0,13190.0,0.0455525069,14836549,493280,65122.0,74986.65,0.8684479170625705,1318185490.0,-53.20561941251596,-82.38461538461539,0.9699859908397028,2.218370883882149,37.81223276862099,2.588,-82.38461538461539,https://finance.naver.com/item/main.naver?code=493280
한솔아이원스,KOSDAQ,9640.0,271300197360,9.11,1.23,1029.0,7607.0,0.17062,49162276510.0,7118342010.0,5414705870.0,,27.50173,반도체와반도체장비,19900.0,7050.0,0.0811790809,28143174,114810,229922.0,326651.15,0.7038762912666923,3184555604.5,-40.85889570552147,-23.18725099601594,0.7038762912666923,13.527014591823322,14.479276622904298,17.061999999999998,-51.557788944723626,https://finance.naver.com/item/main.naver?code=114810
일성아이에스,KOSPI,20400.0,271320000000,119.12,0.38,170.0,53943.0,0.06334,16709333850.0,-495763310.0,1577290780.0,,49.64242,제약,29300.0,17120.0,0.0036172932,13300000,003120,4993.0,13100.5,0.3811304912026259,260551888.5,-2.857142857142858,-6.206896551724139,2.186557764970803,0.3151474704780972,-2.9669842882455786,6.334,-30.375426621160408,https://finance.naver.com/item/main.naver?code=003120
제우스,KOSDAQ,8760.0,271708832400,-47.03,0.83,-192.0,10867.0,0.591,54889938920.0,-17138401460.0,-4775597470.0,,27.50173,반도체와반도체장비,20950.0,6580.0,0.0765071982,31016990,079370,114287.0,247701.55,0.4613899267081696,2161189250.0,-43.52030947775629,-55.91343734272773,0.9062841956378553,-1.7668169688046378,-31.223211024116036,59.099999999999994,-58.18615751789976,https://finance.naver.com/item/main.naver?code=079370
삼영전자,KOSPI,13570.0,271400000000,51.3,0.49,269.0,28401.0,0.06413,39191597590.0,2140205330.0,3494195730.0,,-70.52697,전기제품,17990.0,10070.0,0.40547925,20000000,005680,36101.0,46732.35,0.7725055555733876,644897282.25,-2.9327610872675214,23.13974591651542,0.7725055555733876,0.9471497482483011,5.460877998364853,6.413,-24.569205113952197,https://finance.naver.com/item/main.naver?code=005680
오킨스전자,KOSDAQ,12840.0,270807862200,30.28,5.12,424.0,2506.0,0.82767,25612884730.0,3606686340.0,3760378950.0,,27.50173,반도체와반도체장비,27500.0,5800.0,0.1174963391,21090955,080580,119785.0,184626.25,0.6487972322462272,2214779127.0,-48.225806451612904,12.730465320456542,1.6335867732784477,16.919393455706306,14.081531143485531,82.767,-53.309090909090905,https://finance.naver.com/item/main.naver?code=080580
인투셀,KOSDAQ,18000.0,270395280000,-24.52,11.05,-744.0,1650.0,0.8154,281152450.0,-3530746740.0,-4009561030.0,,49.64242,제약,74900.0,13050.0,0.0533277282,15021960,287840,38961.0,73957.05,0.5268057609112315,1457839099.0,-46.74556213017751,-66.03773584905662,1.1304939826561498,-45.09090909090909,-1255.8121901480852,81.54,-75.9679572763685,https://finance.naver.com/item/main.naver?code=287840
DXVX,KOSDAQ,2740.0,269696643680,-4.49,2.76,-587.0,954.0,0.27097,6655569850.0,-5253301110.0,-6516439160.0,,-13.88903,건강관리업체및서비스,5360.0,1319.0,0.0503738861,98429432,180400,62458.0,79240.75,0.7882055634253841,180934464.25,-29.198966408268735,-15.95092024539877,1.0124210081302865,-61.530398322851156,-78.93089890717621,27.096999999999998,-48.88059701492538,https://finance.naver.com/item/main.naver?code=180400
효성화학,KOSPI,71100.0,269597762100,0.84,0.69,80426.0,98013.0,3.11471,587029760930.0,276703920.0,-17530918140.0,,-30.06008,화학,87500.0,38900.0,0.0285467815,3791811,298000,87276.0,92964.35,0.9388114906413049,5974634112.5,29.272727272727273,29.272727272727273,2.4422157525976353,82.0564618979115,0.047136267769734994,311.471,-18.74285714285714,https://finance.naver.com/item/main.naver?code=298000
티앤엘,KOSDAQ,33100.0,269036800000,13.47,2.54,2391.0,12698.0,0.16455,45066566040.0,18265566900.0,16441189310.0,,-35.75178,건강관리장비와용품,35800.0,21812.805,0.148367003,8128000,340570,205985.0,59920.15,3.437658283565712,3273527006.25,-39.81818181818182,-32.586558044806516,3.437658283565712,18.82973696645141,40.530194565496565,16.455000000000002,-7.5418994413407825,https://finance.naver.com/item/main.naver?code=340570
엔케이젠바이오텍코리아,KOSDAQ,3670.0,265496721770,-22.8,37.07,-161.0,99.0,1.13577,1574644130.0,-1205997270.0,-1266218430.0,,-35.33202,생명과학도구및서비스,3685.0,3670.0,0.0,72342431,182400,,,,,,,,-162.62626262626264,-76.58856036252459,113.577,-0.4070556309362261,https://finance.naver.com/item/main.naver?code=182400
아이티켐,KOSDAQ,21000.0,268443021000,-16.6,4.02,-1265.0,5224.0,2.73849,12699292030.0,-1721939270.0,-4302604420.0,,49.64242,제약,55200.0,17470.0,0.0,12783001,309710,381262.0,216715.4,1.7592750676693951,7279669845.0,-37.40685543964233,-37.40685543964233,1.7592750676693951,-24.215160796324657,-13.559332803216117,273.849,-61.95652173913043,https://finance.naver.com/item/main.naver?code=309710
아이마켓코리아,KOSPI,7990.0,267096431600,11.11,0.63,666.0,11758.0,2.39166,842455010640.0,16569669970.0,12715556670.0,,14.24452,상업서비스와공급품,10330.0,6890.0,0.0388376922,33428840,122900,482357.0,52239.05,9.233648008530016,379633302.0,7.392473118279574,2.5673940949935803,9.233648008530016,5.664228610307875,1.9668314344064828,239.166,-22.652468538238146,https://finance.naver.com/item/main.naver?code=122900
TYM,KOSPI,6400.0,264960000000,6.59,0.61,984.0,10601.0,1.05325,289678142740.0,35042321450.0,30271449230.0,,173.4423,기계,9900.0,5380.0,0.2248647585,41400000,002900,143522.0,208631.6,0.6879207176669306,1285168028.75,-28.888888888888886,-4.191616766467066,1.8559940104950543,9.2821431940383,12.096984991184565,105.325,-35.35353535353535,https://finance.naver.com/item/main.naver?code=002900
케이프,KOSDAQ,8580.0,264780644700,4.38,0.9,2008.0,9768.0,14.5182,187682738150.0,28188269980.0,20459533910.0,,8.42388,증권,17500.0,6880.0,0.0242634732,30860215,064820,66414.0,185850.25,0.3573522230935928,1640207835.75,-38.36206896551724,-27.899159663865547,0.4689851103240378,20.55692055692056,15.01910631625128,1451.82,-50.971428571428575,https://finance.naver.com/item/main.naver?code=064820
매일유업,KOSDAQ,34550.0,264778692900,4.4,0.39,7724.0,86122.0,0.69931,469877651420.0,18794003380.0,18901300730.0,,32.75937,식품,41650.0,31100.0,0.1401690685,7663638,267980,2258.0,5693.2,0.3966135038291295,193482161.25,-0.28860028860029363,-1.4265335235377985,0.950432094428441,8.96867234852883,3.999765326825681,69.931,-17.046818727490997,https://finance.naver.com/item/main.naver?code=267980
사조산업,KOSPI,52700.0,263500000000,-9.12,0.5,-5823.0,106906.0,1.04492,143321354780.0,4666427920.0,-4007111570.0,,32.75937,식품,72800.0,39150.0,0.0121328,5000000,007160,13592.0,5598.85,2.427641390642721,275212460.0,2.131782945736438,-14.169381107491851,5.402538021200782,-5.446841150169308,3.2559194874783475,104.492,-27.609890109890113,https://finance.naver.com/item/main.naver?code=007160
유진기업,KOSDAQ,3365.0,260151053995,-22.58,0.26,-149.0,12870.0,1.84401,335470686130.0,11760639440.0,63700831140.0,,6.9634,건축자재,5200.0,2950.0,0.0483469186,77310863,023410,182728.0,636803.65,0.28694559147077753,2155728841.4,-9.05405405405405,-10.026737967914434,0.6002792226457873,-1.1577311577311578,3.505712995573799,184.40099999999998,-35.28846153846153,https://finance.naver.com/item/main.naver?code=023410
에이유브랜즈,KOSDAQ,18150.0,260094037500,29.72,3.78,615.0,4838.0,0.4522,18485440520.0,2022635230.0,3423583040.0,,9.96468,"섬유,의류,신발,호화품",28700.0,10450.0,0.0286914045,14330250,481070,13300.0,20525.75,0.6479665785659476,346154661.0,5.892648774795806,-30.45977011494253,2.024530163331425,12.711864406779661,10.941774570163178,45.22,-36.7595818815331,https://finance.naver.com/item/main.naver?code=481070
더블유씨피,KOSDAQ,7680.0,259915345920,-1.56,0.28,-4789.0,26430.0,1.22262,42868454410.0,-20512696590.0,-48410296360.0,,-70.52697,전기제품,21350.0,5520.0,0.0527210474,33843144,393890,310555.0,166946.2,1.8602100556945889,1211774905.0,-57.04697986577181,-8.896797153024917,1.8602100556945889,-18.119561104805147,-47.85032927432758,122.262,-64.02810304449649,https://finance.naver.com/item/main.naver?code=393890
삼양컴텍,KOSDAQ,6290.0,259213730500,9.82,1.68,649.0,3797.0,0.80313,16525715090.0,1995603470.0,2381977390.0,,42.07756,우주항공과국방,22650.0,4710.0,0.0451545664,41210450,484590,91326.0,219582.95,0.41590660841381355,1308998485.75,-43.07692307692308,-52.91916167664671,0.9452737564551346,17.092441401106136,12.075746550946983,80.313,-72.22958057395144,https://finance.naver.com/item/main.naver?code=484590
TCC스틸,KOSPI,9900.0,259515600300,-33.7,1.02,-284.0,9346.0,1.32653,174653330630.0,-3980487940.0,-1536139940.0,,41.57565,철강,22950.0,6310.0,0.0553973749,26213697,002710,91501.0,62118.7,1.4730024936130344,543172975.25,-43.168771526980485,-37.420986093552465,1.4730024936130344,-3.038733147870747,-2.279079319954449,132.653,-56.86274509803921,https://finance.naver.com/item/main.naver?code=002710
미창석유,KOSPI,149000.0,259211128000,3.23,0.46,45517.0,316865.0,0.1456,101100543800.0,13724165860.0,16942436550.0,,-30.06008,화학,169000.0,102100.0,0.3116828919,1739672,003650,1398.0,3668.05,0.38112893771895145,514365960.0,24.16666666666667,21.831561733442364,0.9356470059023186,14.364792577280545,13.5747695750772,14.56,-11.834319526627224,https://finance.naver.com/item/main.naver?code=003650
데브시스터즈,KOSDAQ,21350.0,258957352500,20.99,1.32,953.0,15161.0,0.89268,58471497550.0,-17373679300.0,-15088127740.0,,18.81972,게임엔터테인먼트,58200.0,13100.0,0.0190655569,12129150,194480,152550.0,118106.8,1.291627577751662,2058027377.25,14.784946236559149,-46.424090338770384,1.937399032062506,6.285865048479651,-29.71307393853469,89.268,-63.31615120274914,https://finance.naver.com/item/main.naver?code=194480
비츠로넥스텍,KOSDAQ,8920.0,258469871560,-32.16,4.17,-264.0,2035.0,1.12248,7120960560.0,-3369203140.0,-2963028690.0,,42.07756,우주항공과국방,31100.0,6540.0,0.0093445217,28976443,488900,214975.0,78040.4,2.7546629694363434,601740019.0,-50.581717451523545,-62.59958071278826,2.7546629694363434,-12.972972972972974,-47.313885698588955,112.24799999999999,-71.31832797427653,https://finance.naver.com/item/main.naver?code=488900
비덴트,KOSDAQ,3320.0,256309348520,29.12,0.4,114.0,8348.0,0.09239,2840508050.0,-303181840.0,-40616459760.0,,21.18543,디스플레이패널,3320.0,3320.0,0.0155069691,77201611,121800,,,,,,,,1.3655965500718734,-10.673507508630365,9.239,0.0,https://finance.naver.com/item/main.naver?code=121800
나이스정보통신,KOSDAQ,28150.0,256165000000,5.74,0.62,4908.0,45328.0,1.85742,285693396250.0,14899198500.0,15115951370.0,,14.24452,상업서비스와공급품,36350.0,20950.0,0.2700684615,9100000,036800,20970.0,23035.05,0.9103518334017074,688122023.75,-0.17730496453900457,17.29166666666666,0.9103518334017074,10.827744440522414,5.215100767314288,185.74200000000002,-22.558459422283363,https://finance.naver.com/item/main.naver?code=036800
아스플로,KOSDAQ,19220.0,256293683580,-24.71,5.29,-769.0,3589.0,1.5449,28314726510.0,1383083230.0,1233645710.0,,173.4423,기계,24000.0,3420.0,0.0310567758,13334739,159010,279113.0,180193.15,1.5489656515799852,2660718860.0,29.952670723461793,295.0668036998972,2.485588381134355,-21.426581220395654,4.8846780473459,154.48999999999998,-19.91666666666667,https://finance.naver.com/item/main.naver?code=159010
대명에너지,KOSDAQ,14260.0,255486794500,17.37,1.53,807.0,9190.0,1.35953,30811295630.0,17926791000.0,4800461150.0,,-34.90219,에너지장비및서비스,27600.0,10590.0,0.0183818947,17916325,389260,584819.0,484728.0,1.206489000016504,7237433450.5,-30.608272506082724,-17.23737666860128,1.206489000016504,8.781284004352557,58.182528950665876,135.953,-48.33333333333333,https://finance.naver.com/item/main.naver?code=389260
큐에이드,KOSDAQ,4080.0,253187202960,19.81,4.46,206.0,915.0,1.74953,19219666370.0,-1393916420.0,-1502913420.0,,14.24452,상업서비스와공급품,4080.0,4080.0,0.0002250559,62055687,377460,,,,,,,,22.51366120218579,-7.252552636271386,174.953,0.0,https://finance.naver.com/item/main.naver?code=377460
세방,KOSPI,13180.0,251943647540,4.32,0.24,3011.0,54806.0,0.25184,299758732900.0,6884035810.0,19381802780.0,,8.74565,항공화물운송과물류,17110.0,11700.0,0.1271918547,19115603,004360,18436.0,23190.95,0.7949652774034699,294557524.0,-13.403416557161629,-8.15331010452962,1.395285661001382,5.493924022917199,2.2965255235104443,25.184,-22.96902396259497,https://finance.naver.com/item/main.naver?code=004360
남양유업,KOSPI,44350.0,251617374450,49.55,0.37,888.0,120319.0,0.19255,225174524710.0,522319130.0,6314728620.0,,32.75937,식품,62100.0,39500.0,0.0669763902,5673447,003920,4813.0,5342.3,0.9009228235029856,227577085.0,-11.653386454183268,-8.17805383022774,1.7269715291166725,0.7380380488534646,0.23196191073243722,19.255,-28.582930756843805,https://finance.naver.com/item/main.naver?code=003920
KH바텍,KOSDAQ,10600.0,250980885200,11.55,0.85,925.0,12563.0,0.48494,55078094090.0,1682241350.0,292706910.0,,85.22491,핸드셋,19960.0,8250.0,0.0724380193,23677442,060720,114581.0,514484.2,0.2227104350337678,5248758523.0,-21.65558019216556,-26.94693314955203,0.6849325985132293,7.362891029212768,3.0542838814486655,48.494,-46.893787575150306,https://finance.naver.com/item/main.naver?code=060720
에어부산,KOSPI,1534.0,249911413648,-6.77,1.12,-229.0,1383.0,9.56324,257722485550.0,30443213910.0,-16124008090.0,,129.30618,항공사,2240.0,1400.0,0.008781973,162914872,298690,95596.0,281983.85,0.3390123228688452,431060553.55,-18.75,-15.201768933112215,1.1716876693470213,-16.55820679681851,11.812401174477188,956.3240000000001,-31.517857142857142,https://finance.naver.com/item/main.naver?code=298690
오픈엣지테크놀로지,KOSDAQ,9400.0,247657382000,-8.11,14.35,-1208.0,683.0,3.10937,2673764180.0,-9017562310.0,-9135007670.0,,27.50173,반도체와반도체장비,22700.0,7600.0,0.0303221715,26346530,394280,68260.0,88987.55,0.767073596250262,885623095.0,-49.189189189189186,-33.80281690140845,1.0801960498968675,-176.86676427525623,-337.26094385780874,310.937,-58.590308370044056,https://finance.naver.com/item/main.naver?code=394280
바이오다인,KOSDAQ,8280.0,246446772840,288.97,5.61,29.0,1495.0,0.01056,867102580.0,-403469710.0,155375600.0,,-35.75178,건강관리장비와용품,16860.0,6600.0,0.0457926113,29764103,314930,7032.0,30416.65,0.23118916777488643,248259172.0,-26.725663716814164,-36.55172413793103,0.8562744417942146,1.939799331103679,-46.53079339240347,1.056,-50.88967971530249,https://finance.naver.com/item/main.naver?code=314930
펨트론,KOSDAQ,10990.0,246094201430,-63.78,9.44,-180.0,1216.0,2.90747,16938936870.0,-1043463800.0,-1417248220.0,,229.76836,전자장비와기기,34700.0,8670.0,0.0394515463,22392557,168360,55641.0,131336.65,0.42365173772895837,1661341988.5,-56.47524752475248,-37.092157985117346,0.8265704965064969,-14.802631578947366,-6.160149293950347,290.747,-68.32853025936599,https://finance.naver.com/item/main.naver?code=168360
선진,KOSPI,10340.0,245881105360,2.04,0.43,5002.0,23678.0,1.37453,532971315160.0,61354366960.0,40036653710.0,,32.75937,식품,13950.0,8370.0,0.0781371717,23779604,136490,57073.0,81805.1,0.6976704386401337,782377144.25,0.9765625,-2.5447690857681393,1.2263171856033426,21.125095024917645,11.511757802871847,137.453,-25.87813620071685,https://finance.naver.com/item/main.naver?code=136490
오로라,KOSDAQ,22800.0,245393892000,10.31,1.3,2279.0,18082.0,2.25604,97455114650.0,14193070950.0,7298567760.0,,10.37864,레저용장비와제품,26400.0,9040.0,0.0606189416,10762890,039830,88972.0,100232.55,0.8876557565381704,2086697264.5,32.25058004640371,60.1123595505618,1.8408590822043338,12.603694281606018,14.563700428625989,225.604,-13.636363636363635,https://finance.naver.com/item/main.naver?code=039830
강원에너지,KOSDAQ,9380.0,245034096440,-34.7,6.15,-234.0,1321.0,1.61741,52183074400.0,-866110210.0,-1104349400.0,,229.76836,전자장비와기기,20250.0,6040.0,0.0201935165,26123038,114190,689608.0,92935.1,7.420318049907946,750180414.0,-30.723781388478578,-48.77116329874386,7.420318049907946,-17.713853141559426,-1.6597531286887919,161.741,-53.67901234567901,https://finance.naver.com/item/main.naver?code=114190
티엑스알로보틱스,KOSDAQ,15780.0,243815438700,-16.07,4.63,-1032.0,3578.0,0.68219,11005013890.0,-1239409570.0,-1302123570.0,,173.4423,기계,26500.0,7540.0,0.0069235382,15450915,484810,338869.0,632835.15,0.5354775252291216,9060109429.5,-11.148648648648651,-25.2132701421801,2.816098315651398,-28.84292901062046,-11.26222631237406,68.219,-40.45283018867924,https://finance.naver.com/item/main.naver?code=484810
삼진제약,KOSPI,18300.0,243756000000,9.27,0.79,1963.0,22942.0,0.63003,68073916990.0,3589624400.0,1393777340.0,,49.64242,제약,25900.0,16580.0,0.0413168919,13320000,005500,28756.0,54308.85,0.5294901291410148,969239351.75,2.578475336322872,-6.727828746177367,1.1204067108767723,8.556359515299452,5.2731274454609585,63.003,-29.343629343629342,https://finance.naver.com/item/main.naver?code=005500
네오티스,KOSDAQ,17530.0,241823159540,53.27,4.23,330.0,4154.0,0.9471,17889157920.0,2292131810.0,2816271980.0,,11.42846,자동차부품,36300.0,3090.0,0.1002117607,13794818,085910,106267.0,218932.85,0.485386272548866,3641616789.25,-39.655765920826155,42.636289666395434,0.6034316001458895,7.944150216658643,12.812966492052746,94.71000000000001,-51.707988980716244,https://finance.naver.com/item/main.naver?code=085910
헥토파이낸셜,KOSDAQ,17400.0,243089414400,26.02,1.45,701.0,12613.0,2.07051,57471142720.0,9136813440.0,6815985740.0,,32.17663,IT서비스,45000.0,14180.0,0.0747503195,13970656,234340,155580.0,224654.05,0.6925314722792667,3908241971.75,-54.39056356487549,-27.500000000000004,1.060804378999622,5.557757868865456,15.898089036639917,207.05100000000002,-61.33333333333333,https://finance.naver.com/item/main.naver?code=234340
뉴로메카,KOSDAQ,19430.0,241109803930,-15.97,25.84,-1244.0,769.0,1.01136,2991632100.0,-4314234500.0,-25690361730.0,,173.4423,기계,88302.605,12699.058,0.0453809451,12409151,348340,254657.0,224857.5,1.1325261554540098,6179915289.75,-74.332892998679,-77.92045454545455,2.7604060349332356,-161.76853055916774,-144.21006179202317,101.13600000000001,-77.9961191405395,https://finance.naver.com/item/main.naver?code=348340
리파인,KOSDAQ,13910.0,241060300000,23.83,1.05,567.0,12867.0,0.0697,15028805080.0,5552142990.0,5706443230.0,,14.24452,상업서비스와공급품,18150.0,8420.0,0.032627813,17330000,377450,138909.0,50352.6,2.7587254679996662,581671035.25,26.454545454545464,14.86374896779521,2.7587254679996662,4.406621590114246,36.94334287021041,6.97,-23.36088154269973,https://finance.naver.com/item/main.naver?code=377450
이노스페이스,KOSDAQ,7110.0,240897976920,-1.78,3.94,-3938.0,1776.0,0.44018,1397259750.0,-12374054950.0,-12505889650.0,,42.07756,우주항공과국방,20809.196,4810.0,0.0372833941,33881572,462350,191859.0,262821.35,0.7299977722509987,1633143282.25,-55.42319749216301,-65.48543689320388,1.1745925511759225,-221.73423423423424,-885.5944608724327,44.018,-65.83241370786261,https://finance.naver.com/item/main.naver?code=462350
바디텍메드,KOSDAQ,10990.0,240768051790,10.34,1.05,1091.0,10787.0,0.16036,42847513880.0,6804391220.0,9497710880.0,,-35.33202,생명과학도구및서비스,15000.0,9580.0,0.0435813147,21907921,206640,35641.0,68248.25,0.5222258446187265,760230463.25,-1.9625334522747506,-14.47470817120623,2.5858098925613477,10.11402614257903,15.880480811690912,16.036,-26.73333333333333,https://finance.naver.com/item/main.naver?code=206640
경방,KOSPI,8780.0,240706070600,4.6,0.28,1888.0,31241.0,0.53741,111018701470.0,17822389000.0,20489404630.0,,9.96468,"섬유,의류,신발,호화품",15210.0,6200.0,0.0284082192,27415270,000050,15502.0,41799.35,0.3708670110898854,347277720.5,-5.285868392664506,0.0,1.4016007425952797,6.043340482058833,16.05350158488032,53.74100000000001,-42.27481919789612,https://finance.naver.com/item/main.naver?code=000050
아이스크림미디어,KOSDAQ,18000.0,239830794000,4.27,1.03,3893.0,16098.0,0.29434,15296522140.0,-8427446960.0,-7338793160.0,,10.90798,교육서비스,27550.0,14130.0,0.0617052788,13323933,461300,102483.0,21135.95,4.848752954090069,333244254.0,2.33086981239341,14.649681528662416,4.848752954090069,24.18312833892409,-55.09387612993708,29.433999999999997,-34.66424682395645,https://finance.naver.com/item/main.naver?code=461300
일신방직,KOSPI,10470.0,240391200000,6.64,0.24,1555.0,42582.0,0.17677,140508730220.0,2993856940.0,4048363780.0,,9.96468,"섬유,의류,신발,호화품",17800.0,9300.0,0.1052776568,22960000,003200,25337.0,91305.65,0.2774965185615567,962206375.5,-14.250614250614246,-15.97110754414125,0.44852646030119714,3.6517777464656427,2.130726635499731,17.677,-41.17977528089888,https://finance.naver.com/item/main.naver?code=003200
동아지질,KOSPI,17930.0,240073770860,12.42,0.97,1453.0,18566.0,1.03046,123785030180.0,5052378330.0,4236586950.0,,35.15774,건설,19240.0,13200.0,0.0635352233,13389502,028100,26178.0,30173.85,0.8675724178386252,499460857.75,11.228287841191076,3.164556962025311,1.5086241894885803,7.826133792954863,4.081574583496216,103.04599999999999,-6.808731808731805,https://finance.naver.com/item/main.naver?code=028100
한선엔지니어링,KOSDAQ,12460.0,239825968200,24.61,3.22,518.0,3957.0,0.70172,22381261680.0,6205284130.0,-5125721190.0,,173.4423,기계,37300.0,6910.0,0.0621733955,19247670,452280,142170.0,190902.35,0.7447262959308777,2079501661.25,-30.54626532887402,18.666666666666675,2.126809858548101,13.090725296942127,27.725354444808048,70.172,-66.59517426273457,https://finance.naver.com/item/main.naver?code=452280
GS글로벌,KOSPI,2900.0,239347915600,11.93,0.44,241.0,6576.0,1.6564,1099073200000.0,12851868000.0,3745394000.0,,16.58958,무역회사와판매업체,5690.0,2200.0,0.073482896,82533764,001250,1189376.0,761774.35,1.561323244869035,2016184832.25,-30.622009569377994,24.463519313304726,1.561323244869035,3.6648418491484183,1.1693368558163368,165.64000000000001,-49.03339191564148,https://finance.naver.com/item/main.naver?code=001250
에스바이오메딕스,KOSDAQ,19300.0,239032970400,-27.56,26.55,-684.0,710.0,1.24304,4397207440.0,-2991642070.0,-1797630620.0,,-69.9395,생물공학,42600.0,13910.0,0.0241203805,12385128,304360,35901.0,35522.8,1.0106466832569503,619758955.75,-40.24767801857585,-44.69914040114613,1.338605064916054,-96.3380281690141,-68.03504521496944,124.30399999999999,-54.694835680751176,https://finance.naver.com/item/main.naver?code=304360
세나테크놀로지,KOSDAQ,43700.0,238931935000,13.77,1.43,3280.0,31550.0,0.17309,43821443740.0,3847364980.0,3906870740.0,,-246.63174,통신장비,176400.0,27000.0,0.0225704383,5467550,061090,22666.0,54483.65,0.4160147126706819,2376312721.25,-13.976377952755904,-0.34207525655644,1.8902918581996617,10.396196513470683,8.779639947115992,17.309,-75.22675736961452,https://finance.naver.com/item/main.naver?code=061090
BYC,KOSPI,38250.0,238915237500,16.24,0.56,2367.0,68791.0,0.38369,36310731690.0,5587914800.0,4284340850.0,,9.96468,"섬유,의류,신발,호화품",71500.0,29150.0,0.0497572104,6246150,001460,2361.0,4112.1,0.5741591887356825,139072446.25,-16.84782608695652,-6.707317073170726,2.877118747112181,3.4408570888633685,15.38915505120189,38.369,-46.5034965034965,https://finance.naver.com/item/main.naver?code=001460
유니슨,KOSDAQ,918.0,238219424712,-7.99,2.1,-113.0,431.0,1.42938,3784015210.0,-2610388500.0,-4567205720.0,,-34.90219,에너지장비및서비스,1794.0,681.0,0.0154720368,259498284,018000,2965564.0,1594937.15,1.8593610412799026,1304873920.65,-17.741935483870964,-11.218568665377171,1.8593610412799026,-26.218097447795824,-68.98461964691734,142.93800000000002,-48.82943143812709,https://finance.naver.com/item/main.naver?code=018000
LIG아큐버,KOSDAQ,31250.0,237620187500,-197.15,1.42,-158.0,21991.0,0.42921,45465286480.0,-275805110.0,-269728740.0,,-246.63174,통신장비,62500.0,18280.0,0.0801017012,7603846,073490,53302.0,87746.5,0.6074544283817588,2426356522.5,-40.814393939393945,5.396290050590213,1.4083068840352606,-0.7184757400754854,-0.6066278942756153,42.921,-50.0,https://finance.naver.com/item/main.naver?code=073490
삼영,KOSPI,7000.0,238000000000,17.63,2.72,400.0,2595.0,1.2099,48437244990.0,6005864440.0,5662456350.0,,-30.06008,화학,13980.0,4280.0,0.0685445588,34000000,003720,220610.0,307476.9,0.717484793166576,1841736318.5,-45.736434108527135,23.893805309734507,1.3507844003891023,15.414258188824661,12.399269283874274,120.99,-49.92846924177397,https://finance.naver.com/item/main.naver?code=003720
씨메스로보틱스,KOSDAQ,20100.0,237318569400,-14.49,4.14,-1439.0,5040.0,0.13112,5771925310.0,-5134511040.0,-4773759700.0,,173.4423,기계,46950.0,13420.0,0.0178230617,11806894,475400,59766.0,115590.25,0.5170505297808422,2153629870.0,-36.891679748822604,-50.97560975609756,2.4218911197094912,-28.5515873015873,-88.95664382739561,13.111999999999998,-57.18849840255591,https://finance.naver.com/item/main.naver?code=475400
대한제당,KOSPI,2750.0,237165266250,-3.86,0.52,-708.0,5203.0,1.6067,315140514000.0,5494268000.0,9413232000.0,,32.75937,식품,3260.0,2150.0,0.0,86241915,001790,114503.0,486695.5,0.23526619826976006,1315943859.2,1.2891344383057168,-1.4336917562724039,0.5868042749522032,-13.607534114933692,1.7434343589348846,160.67000000000002,-15.644171779141104,https://finance.naver.com/item/main.naver?code=001790
한진,KOSPI,15110.0,234486287760,-143.11,0.16,-106.0,94858.0,1.83635,778956182830.0,19842809270.0,-2265484500.0,,8.74565,항공화물운송과물류,23650.0,13700.0,0.0565725062,15518616,002320,26943.0,26745.7,1.007376886751889,403318686.75,-17.205479452054796,-22.11340206185567,1.1294151957137035,-0.11174597819899217,2.5473588511628145,183.635,-36.109936575052856,https://finance.naver.com/item/main.naver?code=002320
대원산업,KOSDAQ,11670.0,233838792000,3.0,0.39,3836.0,29170.0,0.30388,235762138160.0,11116551210.0,19051047760.0,,11.42846,자동차부품,18930.0,9510.0,0.1528587755,20037600,005710,14768.0,12332.85,1.1974523325914124,132488403.5,-11.254752851711025,-9.674922600619196,1.5963058011732891,13.150497086047308,4.715155409074103,30.387999999999998,-38.35182250396196,https://finance.naver.com/item/main.naver?code=005710
PKC,KOSPI,5180.0,233245501020,22.45,1.02,229.0,5057.0,1.72637,70227852680.0,4996415220.0,-2468069010.0,,-30.06008,화학,8200.0,4075.0,0.0151644677,45028089,001340,152163.0,187214.45,0.8127738003129565,927681991.6,-18.681318681318682,-12.05432937181664,0.8127738003129565,4.528376507810955,7.114577805428067,172.637,-36.829268292682926,https://finance.naver.com/item/main.naver?code=001340
피에이치에이,KOSDAQ,11080.0,232680000000,4.68,0.26,2369.0,43257.0,0.35935,305202058950.0,13276639980.0,18269507140.0,,11.42846,자동차부품,15600.0,9730.0,0.1531670952,21000000,043370,15282.0,19131.2,0.7987998661871707,205358387.75,-12.961508248232523,-6.339814032121726,1.4300200719243956,5.476570266084102,4.350114814322094,35.935,-28.97435897435897,https://finance.naver.com/item/main.naver?code=043370
인피니트헬스케어,KOSDAQ,9510.0,232010315580,9.04,1.24,1083.0,7866.0,0.27777,32147649760.0,9467212130.0,13371104150.0,,635.5771,건강관리기술,10000.0,5250.0,0.1225718914,24396458,071200,40119.0,130729.6,0.306885357256505,1142097112.5,31.535269709543567,42.36526946107784,1.0446983697647663,13.768115942028986,29.44915787212434,27.777,-4.900000000000004,https://finance.naver.com/item/main.naver?code=071200
대원강업,KOSPI,3745.0,232190000000,6.22,0.4,587.0,9057.0,1.03112,432811233000.0,23274789000.0,34982160000.0,,11.42846,자동차부품,6200.0,3140.0,0.0275875323,62000000,000430,39882.0,104738.75,0.380775978327028,376505039.35,-8.210784313725494,-12.805587892898718,0.5545798474776528,6.481174781936623,5.377584319767412,103.11200000000001,-39.59677419354839,https://finance.naver.com/item/main.naver?code=000430
디지털대성,KOSDAQ,8360.0,231365859120,10.19,1.53,801.0,5322.0,1.22301,69787463910.0,10159789480.0,7118919110.0,,10.90798,교육서비스,9180.0,6760.0,0.0371218177,27675342,068930,32531.0,29471.7,1.1038046668498933,221009957.5,-2.450408401400228,4.893350062735258,2.9844902058585014,15.050732807215333,14.558186973383025,122.30099999999999,-8.932461873638342,https://finance.naver.com/item/main.naver?code=068930
골프존,KOSDAQ,36850.0,231249042750,8.63,0.5,4269.0,73255.0,0.47778,111832069170.0,14061117430.0,14094551870.0,,13.58287,"호텔,레스토랑,레저",66000.0,36200.0,0.1873831452,6275415,215000,28206.0,21781.8,1.2949343029501694,839734765.0,-24.71910112359551,-37.436332767402384,2.484275863335445,5.827588560507816,12.573421500969623,47.778,-44.166666666666664,https://finance.naver.com/item/main.naver?code=215000
지씨셀,KOSDAQ,14630.0,231159032720,-0.8,1.17,-18158.0,12404.0,0.71086,37372780590.0,-5113804100.0,-2941628790.0,,-13.88903,건강관리업체및서비스,28450.0,11610.0,0.0405279784,15800344,144510,58531.0,50297.05,1.1637064201578422,667078183.0,-39.041666666666664,-43.730769230769226,1.5329527278438795,-146.3882618510158,-13.683231537147982,71.086,-48.57644991212654,https://finance.naver.com/item/main.naver?code=144510
아스테라시스,KOSDAQ,6130.0,230657138960,25.0,5.01,250.0,1247.0,0.1823,7470531140.0,-1782525450.0,-959688770.0,,-35.75178,건강관리장비와용품,17480.0,4050.0,0.0130207641,37627592,450950,19932.0,37767.8,0.5277511530986713,208004561.95,-42.60299625468165,-54.25373134328358,0.786940197734578,20.04811547714515,-23.860759249843646,18.23,-64.93135011441647,https://finance.naver.com/item/main.naver?code=450950
케이티알파,KOSDAQ,4700.0,230389962700,5.28,0.76,890.0,6183.0,0.57854,96158878750.0,13527298590.0,11425532990.0,,18.49925,인터넷과카탈로그소매,6100.0,4220.0,0.0134750015,49019141,036030,26008.0,45183.7,0.5756058047481725,200662836.65,-6.560636182902579,-3.192584963954681,1.3793469768965358,14.394306970726184,14.067654246644384,57.854000000000006,-22.95081967213115,https://finance.naver.com/item/main.naver?code=036030
KSS해운,KOSPI,9940.0,229473647200,6.16,0.41,1619.0,24109.0,2.36239,139816137380.0,21607358070.0,63508101340.0,,10.30001,해운사,14400.0,8540.0,0.0741024384,23085880,044450,47999.0,47910.9,1.0018388299948446,470866949.0,-13.339145597210111,11.811023622047244,1.0018388299948446,6.7153345223775345,15.454123161244492,236.239,-30.97222222222222,https://finance.naver.com/item/main.naver?code=044450
유니셈,KOSDAQ,7510.0,230288314730,25.02,0.92,305.0,8275.0,0.18453,74838313390.0,5122490540.0,5530900420.0,,27.50173,반도체와반도체장비,14390.0,6000.0,0.1702183356,30664223,036200,176764.0,187212.75,0.9441878290874953,1457258184.0,-36.35593220338983,-24.74949899799599,0.9441878290874953,3.6858006042296076,6.844743431490098,18.453,-47.81097984711605,https://finance.naver.com/item/main.naver?code=036200
LS네트웍스,KOSPI,2910.0,229316776560,-7.16,0.26,-405.0,11323.0,10.94205,1704848312310.0,43268274230.0,26434691180.0,,8.42388,증권,4965.0,2560.0,0.009541881,78803016,000680,27418.0,114453.75,0.2395552788790232,324588005.15,-23.015873015873012,-15.52975326560232,0.5929294584056879,-3.5767906031970322,2.5379544864829207,1094.205,-41.389728096676734,https://finance.naver.com/item/main.naver?code=000680
제닉,KOSDAQ,28700.0,228701116000,11.89,5.47,2414.0,5246.0,0.50142,29356408950.0,3410999500.0,3476045140.0,,42.98944,화장품,41200.0,15570.0,0.0234631081,7968680,123330,179180.0,252048.05,0.7108961961816408,6386217140.0,26.710816777041945,50.26178010471205,1.509918446105812,46.016012199771254,11.619266872217352,50.141999999999996,-30.339805825242717,https://finance.naver.com/item/main.naver?code=123330
미원화학,KOSPI,10380.0,228284018400,8.38,1.16,1235.0,8899.0,0.31154,86411855560.0,9001912620.0,8508209550.0,,-30.06008,화학,15400.0,8110.0,0.0044265637,21992680,134380,3184.0,2699.05,1.1796743298568013,27097525.5,-20.276497695852534,-89.1875,1.8073025694225744,13.87796381615912,10.41745089451242,31.154,-32.597402597402606,https://finance.naver.com/item/main.naver?code=134380
뷰웍스,KOSDAQ,25400.0,227873839400,10.44,0.91,2434.0,27823.0,0.46982,58168889380.0,8842585390.0,9316120150.0,,-35.75178,건강관리장비와용품,34900.0,18010.0,0.2999788996,8971411,100120,14585.0,33668.85,0.43318972878491546,765220071.25,-22.2052067381317,23.600973236009736,2.279970952378831,8.74815799877799,15.201571637777073,46.982,-27.22063037249284,https://finance.naver.com/item/main.naver?code=100120
저스템,KOSDAQ,9950.0,227550340950,66.87,4.35,163.0,2503.0,0.5364,17692763850.0,4072632830.0,4605493440.0,,27.50173,반도체와반도체장비,22250.0,3009.455,0.053041663,22869381,417840,1128675.0,924022.0,1.2214806573869452,9895159167.5,-24.045801526717558,101.6210739614995,1.3618009095021548,6.512185377546944,23.018635553653198,53.64,-55.28089887640449,https://finance.naver.com/item/main.naver?code=417840
코오롱글로벌,KOSPI,8950.0,227544433050,-0.93,0.33,-9556.0,26910.0,3.46873,631208591920.0,22012196300.0,10892102040.0,,35.15774,건설,13570.0,7900.0,0.0088169588,25423959,003070,8556.0,21824.55,0.3920355746166588,193436353.0,-11.033797216699803,0.7882882882882969,0.84349963687682,-35.510962467484205,3.4873093588671944,346.873,-34.04568901989683,https://finance.naver.com/item/main.naver?code=003070
LB세미콘,KOSDAQ,3915.0,227394968490,-1.62,0.96,-2600.0,4381.0,1.46654,134251848670.0,7643230270.0,10417930500.0,,27.50173,반도체와반도체장비,6812.108,2885.0,0.3094970326,58083006,061970,351796.0,653869.3,0.5380218952013804,2437763720.0,-29.076086956521742,-4.744525547445255,5.947676393432142,-59.34718100890207,5.6932029955040475,146.654,-42.52880312525873,https://finance.naver.com/item/main.naver?code=061970
미래반도체,KOSDAQ,15670.0,226243460000,16.0,2.05,979.0,7635.0,1.58094,340542491120.0,32176733210.0,23380904290.0,,27.50173,반도체와반도체장비,47850.0,10520.0,0.0343286466,14438000,254490,112822.0,115202.7,0.9793346857321921,1707170918.75,-55.983146067415724,-4.392922513727882,1.0973180316086342,12.822527832351016,9.448669123249468,158.094,-67.25182863113898,https://finance.naver.com/item/main.naver?code=254490
바이넥스,KOSDAQ,6940.0,226828264720,-68.12,1.17,-101.0,5881.0,0.75786,35315423500.0,-8972802360.0,-9629268900.0,,49.64242,제약,19200.0,5500.0,0.0795407247,32684188,053030,66126.0,87991.65,0.7515031255806659,582463978.25,-32.35867446393762,-55.051813471502584,1.2861106707284158,-1.7173950008501957,-25.407602318573357,75.786,-63.854166666666664,https://finance.naver.com/item/main.naver?code=053030
케이엔제이,KOSDAQ,28150.0,225914869250,8.56,2.26,3271.0,12376.0,1.42426,34871341770.0,7502823850.0,6340157190.0,,27.50173,반도체와반도체장비,44600.0,15300.0,0.0903196665,8025395,272110,116688.0,89125.65,1.3092527235425493,2304976437.75,-24.42953020134229,3.492647058823528,1.9570460355688852,26.430187459599225,21.515730307959412,142.42600000000002,-36.88340807174888,https://finance.naver.com/item/main.naver?code=272110
서호전기,KOSDAQ,43850.0,225827500000,9.59,2.43,4588.0,18120.0,0.41669,25936379390.0,8041553830.0,4955059720.0,,6.55957,운송인프라,59900.0,34750.0,0.0216897087,5150000,065710,2882.0,9198.55,0.313310249985052,388989242.5,-0.4540295119182747,-15.673076923076923,0.6270553511151215,25.32008830022075,31.004920575384904,41.669,-26.794657762938236,https://finance.naver.com/item/main.naver?code=065710
필에너지,KOSDAQ,10420.0,225529250440,-13.94,1.69,-716.0,5893.0,0.63418,1738415480.0,-3881697090.0,-4096578090.0,,-70.52697,전기제품,22850.0,7330.0,0.0193107687,21643882,378340,73806.0,55067.3,1.340287248512275,541983004.75,-41.29577464788733,-35.75832305795315,1.340287248512275,-12.150008484642797,-223.28937671447795,63.418,-54.39824945295405,https://finance.naver.com/item/main.naver?code=378340
미래나노텍,KOSDAQ,7270.0,225442692730,14.23,0.66,487.0,10551.0,0.84081,124268474130.0,8464985040.0,10319149810.0,,15.48254,디스플레이장비및부품,14160.0,5220.0,0.0334976148,31009999,095500,681760.0,210273.75,3.242249686420678,1464961578.5,-25.128733264675596,-39.66804979253112,3.242249686420678,4.615676239219031,6.811852402037697,84.08099999999999,-48.65819209039548,https://finance.naver.com/item/main.naver?code=095500
덕산테코피아,KOSDAQ,11000.0,225242424000,-2.73,1.82,-3752.0,5642.0,5.80866,39140413520.0,-10382543410.0,-15109420970.0,,27.50173,반도체와반도체장비,33000.0,7850.0,0.0249588506,20476584,317330,184541.0,66647.5,2.768911061930305,651948659.75,-60.57347670250897,-42.04425711275026,2.768911061930305,-66.50124069478908,-26.526401936695738,580.866,-66.66666666666667,https://finance.naver.com/item/main.naver?code=317330
다올투자증권,KOSPI,3695.0,225066536670,5.62,0.39,641.0,9169.0,12.07112,769062907680.0,9184564100.0,15037208360.0,,8.42388,증권,5740.0,3005.0,0.0478327384,60911106,030210,60102.0,56767.95,1.0587312030820208,191308417.65,-11.602870813397125,-2.506596306068598,1.7445230979804627,6.990947758752318,1.1942539431145747,1207.112,-35.62717770034843,https://finance.naver.com/item/main.naver?code=030210
비츠로테크,KOSDAQ,8580.0,224796214500,34.84,0.89,252.0,9877.0,0.37504,105602675360.0,13306256310.0,12238806300.0,,-70.52697,전기제품,23800.0,6520.0,0.0913384243,26200025,042370,114473.0,142414.0,0.8038044012526858,1117794280.5,-49.200710479573715,-18.595825426944966,1.321618661086691,2.551381998582565,12.600302278932718,37.504,-63.949579831932766,https://finance.naver.com/item/main.naver?code=042370
강스템바이오텍,KOSDAQ,2390.0,224789416110,-15.1,3.12,-151.0,730.0,0.19603,805005700.0,-4569613650.0,-4560810190.0,,-69.9395,생물공학,4690.0,1080.0,0.0276206422,94054149,217730,1465558.0,1197934.25,1.223404372986247,2666965530.55,-32.67605633802817,13.27014218009479,1.223404372986247,-20.684931506849317,-567.649850181185,19.603,-49.04051172707889,https://finance.naver.com/item/main.naver?code=217730
바이오플러스,KOSDAQ,3645.0,224680431690,14.45,1.29,253.0,2841.0,0.49482,26509629940.0,5654930660.0,7998449010.0,,-35.75178,건강관리장비와용품,7350.0,3065.0,0.0404439455,61640722,099430,234441.0,246259.5,0.9520079428407838,892252626.95,-35.25754884547069,-33.24175824175825,1.1465182053890306,8.905315029919041,21.331609203142275,49.482,-50.40816326530613,https://finance.naver.com/item/main.naver?code=099430
영진약품,KOSPI,1227.0,224409380937,-1220.0,2.44,-1.0,500.0,1.63284,63759492340.0,-1754877870.0,-2281994980.0,,49.64242,제약,2320.0,1081.0,0.0290742009,182892731,003520,305666.0,254148.1,1.2027081847159196,299981246.0,-20.889748549323016,-36.16024973985432,1.2027081847159196,-0.2,-2.752339778118127,163.28400000000002,-47.11206896551724,https://finance.naver.com/item/main.naver?code=003520
에스비비테크,KOSDAQ,33500.0,223226312000,-22.3,17.55,-1554.0,1974.0,0.3411,1772227350.0,-1849129520.0,-8805677250.0,,173.4423,기계,115000.0,18600.0,0.058935792,6663472,389500,76456.0,109870.2,0.695875678755477,3629273940.0,-67.5701839303001,-53.14685314685315,1.4131766393435163,-78.72340425531915,-104.33929484272997,34.11,-70.86956521739131,https://finance.naver.com/item/main.naver?code=389500
사피엔반도체,KOSDAQ,27000.0,222896367000,-48.29,18.04,-585.0,1566.0,1.39145,7133778230.0,101541110.0,363697420.0,,27.50173,반도체와반도체장비,56000.0,19000.0,0.032694759,8255421,452430,53500.0,35734.8,1.4971400427594388,946656376.0,-35.86698337292161,-27.903871829105476,2.3523008383984236,-37.35632183908046,1.4233847300296578,139.145,-51.78571428571428,https://finance.naver.com/item/main.naver?code=452430
YG PLUS,KOSPI,3495.0,222502569450,9.69,1.15,353.0,2963.0,0.52336,53457979840.0,3882946250.0,6973298910.0,,-1083.31724,방송과엔터테인먼트,10810.0,2715.0,0.0582509086,63663110,037270,213266.0,268258.95,0.7950005023131567,859293502.85,-23.271130625686055,-50.84388185654009,1.122903821102707,11.9136010799865,7.263548419939695,52.336000000000006,-67.66882516188714,https://finance.naver.com/item/main.naver?code=037270
채비,KOSDAQ,4735.0,222306313385,-5.3,2.62,-899.0,1822.0,2.26642,20696260710.0,-9661469750.0,-11045657520.0,,-70.52697,전기제품,30750.0,3555.0,0.0318764438,46949591,0011T0,172407.0,259278.85,0.6649481822370008,1272445162.85,-70.69925742574257,-79.00221729490022,0.8843066065743503,-49.34138309549945,-46.682199675479445,226.642,-84.60162601626016,https://finance.naver.com/item/main.naver?code=0011T0
코스맥스비티아이,KOSPI,23100.0,221850575100,7.49,0.79,3056.0,28837.0,2.32066,205190786520.0,16405923440.0,19185124650.0,,-13.88903,건강관리업체및서비스,23900.0,11810.0,0.0567426575,9603921,044820,29715.0,31227.1,0.9515773158570601,631475941.75,14.640198511166247,83.33333333333333,2.304696881875038,10.597496272150362,7.995448391344271,232.06600000000003,-3.347280334728031,https://finance.naver.com/item/main.naver?code=044820
잇츠한불,KOSPI,10100.0,221486081500,10.58,0.45,949.0,22121.0,0.07902,42683498550.0,6830809820.0,14069744240.0,,42.98944,화장품,14200.0,8200.0,0.0109243722,21929315,226320,14585.0,26581.15,0.5486971030222545,256990941.75,-16.666666666666664,-12.250217202432667,1.1893390617035005,4.290041137380769,16.003397219181323,7.902000000000001,-28.873239436619713,https://finance.naver.com/item/main.naver?code=226320
모토닉,KOSPI,10160.0,220808235040,8.17,0.46,1248.0,22319.0,0.13787,68316190890.0,4347573640.0,5730054990.0,,11.42846,자동차부품,11980.0,9290.0,0.1128305523,21733094,009680,3153.0,19518.25,0.16154112177065055,191774869.25,-4.421448730009403,0.29615004935834577,1.2188080386305125,5.591648371342802,6.363899367574942,13.786999999999999,-15.19198664440734,https://finance.naver.com/item/main.naver?code=009680
코텍,KOSDAQ,12430.0,220776551270,5.51,0.44,2221.0,27942.0,0.23627,116827112170.0,15425128720.0,15724685370.0,,21.18543,디스플레이패널,14500.0,8430.0,0.1252643556,17761589,052330,91974.0,18563.5,4.954561370431223,219037365.0,0.48504446240904553,29.20997920997921,4.954561370431223,7.948607830506048,13.203380990496669,23.627000000000002,-14.275862068965516,https://finance.naver.com/item/main.naver?code=052330
JTC,KOSDAQ,4260.0,220439442480,,,,,0.98736,46377564000.0,1971840000.0,1001795000.0,,37.93,백화점과일반상점,7450.0,3350.0,0.1621418385,51746348,950170,6767.0,51777.75,0.13069320316158967,251141890.0,-11.342351716961495,-14.457831325301207,0.49212258161082706,,4.251711021303318,98.736,-42.81879194630872,https://finance.naver.com/item/main.naver?code=950170
세보엠이씨,KOSDAQ,21800.0,219850209600,5.84,0.76,3612.0,27833.0,0.61869,245930756460.0,15797839290.0,13192523540.0,,35.15774,건설,29300.0,11780.0,0.1212577611,10084872,011560,55558.0,33107.8,1.6780939838950337,698090306.75,2.5882352941176467,55.27065527065527,1.6780939838950337,12.977400926957209,6.423694017535167,61.869,-25.597269624573382,https://finance.naver.com/item/main.naver?code=011560
아이씨티케이,KOSDAQ,15150.0,219710602500,-30.06,4.75,-499.0,3161.0,0.67007,604800400.0,-3042245240.0,-1145186200.0,,-246.63174,통신장비,39950.0,10460.0,0.0475022324,14502350,456010,344534.0,273484.05,1.2597955895416937,4001669610.0,-27.511961722488042,-8.070388349514568,1.2597955895416937,-15.78614362543499,-503.0164067351807,67.007,-62.07759699624531,https://finance.naver.com/item/main.naver?code=456010
나우로보틱스,KOSDAQ,16930.0,219724007260,-25.29,14.21,-701.0,1248.0,5.68125,3017838460.0,-2631596970.0,-3201111520.0,,173.4423,기계,38250.0,10700.0,0.0082541106,12978382,459510,107103.0,183249.1,0.5844667177082997,2697308347.25,-38.21167883211679,-45.65008025682184,4.281385283747642,-56.169871794871796,-87.20138618685375,568.125,-55.738562091503276,https://finance.naver.com/item/main.naver?code=459510
큐라클,KOSDAQ,9900.0,219354220800,-8.98,5.7,-1120.0,1765.0,0.32632,1048980000.0,-2999262720.0,-3144398270.0,,49.64242,제약,20750.0,3600.0,0.0172763523,22156992,365270,53441.0,122063.6,0.4378127467975711,1066637470.25,-34.567085261070716,11.486486486486491,1.1513587998387724,-63.45609065155807,-285.9218211977349,32.632,-52.28915662650601,https://finance.naver.com/item/main.naver?code=365270
무학,KOSPI,7650.0,218025000000,4.0,0.33,1898.0,22743.0,0.23737,35689393410.0,658837880.0,-11624116680.0,,17.23181,음료,10490.0,7080.0,0.0273196842,28500000,033920,34443.0,40527.15,0.849874713617908,300515432.0,-10.942956926658908,-15.188470066518844,0.849874713617908,8.34542496592358,1.8460327202294136,23.737,-27.07340324118208,https://finance.naver.com/item/main.naver?code=033920
KPX케미칼,KOSPI,49750.0,217840772750,4.64,0.31,10650.0,158214.0,0.33715,197686004210.0,5436945130.0,10478691400.0,,-30.06008,화학,57000.0,45000.0,0.2949700471,4378709,025000,4576.0,4115.15,1.1119886273890383,203318390.0,-4.326923076923073,4.079497907949792,1.1119886273890383,6.731389131176761,2.7502934017647416,33.715,-12.71929824561403,https://finance.naver.com/item/main.naver?code=025000
에스엔시스,KOSDAQ,23000.0,217040972000,10.81,1.28,2169.0,18298.0,0.37785,34251652140.0,3799148360.0,3678909550.0,,22.196,조선,58400.0,19000.0,0.0776983021,9436564,0008Z0,10049.0,28063.3,0.3580833330363856,604726770.5,-40.645161290322584,-31.547619047619047,1.2434389398253236,11.853754508689475,11.091868924953994,37.785000000000004,-60.61643835616438,https://finance.naver.com/item/main.naver?code=0008Z0
상아프론테크,KOSDAQ,13570.0,216971232090,31.85,1.06,433.0,13041.0,0.92498,48494081590.0,1165237860.0,718420960.0,,229.76836,전자장비와기기,30050.0,10600.0,0.0474365654,15989037,089980,26940.0,34602.1,0.7785654627898307,456716433.5,-43.80952380952381,-16.697360343769184,0.8980957803139116,3.3202975231960736,2.4028455056674063,92.498,-54.84193011647255,https://finance.naver.com/item/main.naver?code=089980
SBS,KOSPI,11700.0,217049484600,26.72,0.17,433.0,69877.0,0.69679,190380655840.0,-17632011750.0,-13908976720.0,,-1083.31724,방송과엔터테인먼트,23400.0,10500.0,0.0,18551238,034120,8108.0,9723.95,0.8338175329984213,111373151.75,-22.310756972111555,-38.71136720796229,1.1000673594578334,0.6196602601714442,-9.261451313004363,69.679,-50.0,https://finance.naver.com/item/main.naver?code=034120
페니트리움바이오,KOSDAQ,3870.0,214654399110,-12.75,10.38,-311.0,382.0,0.33216,1692154720.0,-1836201630.0,-1866657580.0,,49.64242,제약,20884.542,1343.41,0.0477784933,55466253,187660,353939.0,744658.3,0.475303907846055,3384313979.75,-57.47252747252747,23.248407643312106,1.6141712245737407,-81.41361256544502,-108.51263234369017,33.216,-81.46954814714155,https://finance.naver.com/item/main.naver?code=187660
칩스앤미디어,KOSDAQ,10040.0,214406950960,35.22,2.49,291.0,4120.0,0.25698,5779897000.0,180528220.0,1293976270.0,,27.50173,반도체와반도체장비,21150.0,7740.0,0.020181572,21355274,094360,49227.0,103561.4,0.4753411985546739,1081774389.0,-44.06685236768803,-45.75904916261481,1.4136637782030756,7.063106796116505,3.1233812644066146,25.698,-52.529550827423165,https://finance.naver.com/item/main.naver?code=094360
덕양에너젠,KOSDAQ,8370.0,213175211940,33.52,3.52,250.0,2381.0,0.55268,36980490340.0,1392363030.0,885487320.0,,-116.68055,석유와가스,42800.0,5900.0,0.0248290841,25468962,0001A0,56714.0,75456.35,0.7516133499698832,590014190.25,-53.370473537604454,-75.98278335724532,1.093718421312454,10.499790004199916,3.76512863187741,55.267999999999994,-80.44392523364485,https://finance.naver.com/item/main.naver?code=0001A0
솔트룩스,KOSDAQ,16960.0,213591780800,-20.21,3.19,-885.0,5600.0,0.57406,8942818260.0,-4863738480.0,-5121458130.0,,32.17663,IT서비스,38350.0,9960.0,0.0207621892,12593855,304100,364763.0,273520.7,1.3335846244909435,3957554280.75,-18.067632850241544,-42.214650766609886,4.52951458518496,-15.803571428571427,-54.38708848367002,57.406,-55.775749674054765,https://finance.naver.com/item/main.naver?code=304100
아스트,KOSDAQ,506.0,213105734974,-16.32,0.66,-31.0,761.0,0.78167,71366609320.0,7046281960.0,5326857900.0,,42.07756,우주항공과국방,1039.0,399.0,0.01932967,421157579,067390,1225113.0,859605.45,1.4252038536982288,402210119.85,-32.35294117647059,-18.25525040387722,1.4252038536982288,-4.07358738501971,9.873359582497816,78.167,-51.299326275264676,https://finance.naver.com/item/main.naver?code=067390
에코아이,KOSDAQ,7150.0,211862572350,117.67,1.67,60.0,4227.0,0.21175,5384900000.0,-3712904660.0,-3540143740.0,,14.24452,상업서비스와공급품,15700.0,5840.0,0.0058653182,29631129,448280,8793.0,16748.2,0.5250116430422374,116562153.25,-33.23996265172736,-34.82224247948952,0.8213419949606524,1.4194464158977997,-68.95029916990102,21.175,-54.45859872611465,https://finance.naver.com/item/main.naver?code=448280
슈어소프트테크,KOSDAQ,3980.0,212764826020,24.6,2.0,164.0,2019.0,0.38884,20223611490.0,-415328270.0,-651204190.0,,164.30795,소프트웨어,10880.0,3000.0,0.0529573791,53458499,298830,159255.0,269216.2,0.5915505827658216,1013597161.35,-48.645161290322584,-55.72858731924361,1.4272580921950462,8.122833085685983,-2.05368002745389,38.884,-63.41911764705883,https://finance.naver.com/item/main.naver?code=298830
에이팩트,KOSDAQ,5000.0,211810465000,42.93,3.19,123.0,1657.0,1.80327,30462741860.0,-1909866270.0,-3268200830.0,,27.50173,반도체와반도체장비,13100.0,2500.0,0.0251103268,42362093,200470,372979.0,706007.6,0.5282931798467893,3480223318.75,-43.43891402714932,-37.578027465667915,1.1146551396897144,7.423053711526856,-6.269515327206335,180.327,-61.832061068702295,https://finance.naver.com/item/main.naver?code=200470
한국캐피탈,KOSDAQ,670.0,211458415920,2.32,0.28,289.0,2410.0,5.87842,134368954050.0,29086683510.0,23423431010.0,,28.13105,기타금융,1250.0,612.0,0.0073393781,315609576,023760,312412.0,151673.9,2.0597611058989056,106330777.65,-31.77189409368636,-16.666666666666664,2.0597611058989056,11.991701244813278,21.64687796793935,587.842,-46.4,https://finance.naver.com/item/main.naver?code=023760
DSC인베스트먼트,KOSDAQ,7930.0,210938000000,12.09,1.66,669.0,4874.0,0.46368,12401037350.0,4586555190.0,3526979220.0,,13.64569,창업투자,19700.0,5900.0,0.0771947744,26600000,241520,83599.0,205466.75,0.40687361823750073,1564334211.0,-47.897503285151124,-3.292682926829271,1.10381363407948,13.725892490767336,36.98525422149462,46.367999999999995,-59.746192893401016,https://finance.naver.com/item/main.naver?code=241520
상신이디피,KOSDAQ,15840.0,211118988960,94.24,1.18,151.0,12012.0,1.17769,72210876530.0,4883856120.0,3450809460.0,,-70.52697,전기제품,31550.0,9400.0,0.1284683272,13328219,091580,268731.0,106143.15,2.5317790172988084,1468147371.25,-34.94866529774128,9.771309771309777,2.5317790172988084,1.257076257076257,6.763324799098655,117.76899999999999,-49.79397781299525,https://finance.naver.com/item/main.naver?code=091580
그래피,KOSDAQ,18860.0,210990158220,-15.45,9.71,-1190.0,1893.0,0.89136,3353346590.0,-3188953780.0,-2821337920.0,,-35.75178,건강관리장비와용품,69000.0,8210.0,0.060953447,11187177,318060,42421.0,91649.05,0.4628634994034308,1650327637.25,-31.666666666666664,-55.36094674556213,1.251698735556997,-62.86318013734813,-95.09764930084367,89.13600000000001,-72.66666666666667,https://finance.naver.com/item/main.naver?code=318060
DS단석,KOSPI,11860.0,210623388540,-16.61,0.74,-678.0,15304.0,2.08589,278139614520.0,4395804600.0,-1856414920.0,,-30.06008,화학,26450.0,9560.0,0.0295847676,17759139,017860,433560.0,113905.05,3.8063281654325247,1296007038.25,-42.8433734939759,-39.17948717948718,3.8063281654325247,-4.430214323052796,1.5804309672270411,208.589,-55.16068052930056,https://finance.naver.com/item/main.naver?code=017860
흥국화재,KOSPI,3265.0,209752235925,1.62,0.25,1992.0,12842.0,12.01646,1028627000000.0,-2140000000.0,-664000000.0,,8.42858,손해보험,7480.0,2870.0,0.0162195532,64242645,000540,17030.0,47688.3,0.3571106539759228,150933397.55,-17.65447667087011,-10.055096418732779,0.655716391651621,15.511602554119296,-0.20804431538351606,1201.646,-56.35026737967914,https://finance.naver.com/item/main.naver?code=000540
우리로,KOSDAQ,4765.0,208826120235,-254.72,5.08,-18.0,903.0,0.4315,14525189920.0,1466237450.0,1527224810.0,,17.98164,컴퓨터와주변기기,16200.0,1206.0,0.0308658079,43824999,046970,1297599.0,963903.8,1.3461913937884673,4382875002.0,-48.818474758324385,225.4781420765027,3.8590365553076977,-1.9933554817275747,10.094445980228532,43.15,-70.58641975308642,https://finance.naver.com/item/main.naver?code=046970
오리엔탈정공,KOSDAQ,4600.0,209638840600,11.14,1.7,420.0,2752.0,0.83878,56445903890.0,7980637800.0,6155758290.0,,22.196,조선,12990.0,3530.0,0.0423376345,45573661,014940,183542.0,684393.3,0.2681820526296794,3179293042.55,-34.84419263456091,-44.84412470023981,0.46087242525606253,15.261627906976743,14.138559665113018,83.878,-64.58814472671286,https://finance.naver.com/item/main.naver?code=014940
이지바이오,KOSDAQ,6300.0,208416096000,7.44,1.93,840.0,3240.0,2.00815,130691635180.0,13217330970.0,11671118370.0,,32.75937,식품,8560.0,5340.0,0.0642861116,33081920,353810,85413.0,91920.3,0.9292071501072124,557318026.75,-12.742382271468145,-10.63829787234043,2.1506022064766976,25.925925925925924,10.113371794450297,200.815,-26.401869158878498,https://finance.naver.com/item/main.naver?code=353810
옵티코어,KOSDAQ,8450.0,206658126350,-8.19,8.95,-1032.0,944.0,2.1567,11901179280.0,-660781290.0,-2355355500.0,,-246.63174,통신장비,11100.0,2494.0,0.0021187751,24456583,380540,7300334.0,5967855.7,1.223275891204943,26615186302.9,26.497005988023957,26.497005988023957,1.3588167019520931,-109.32203389830508,-5.5522337278831415,215.67,-23.873873873873876,https://finance.naver.com/item/main.naver?code=380540
천일고속,KOSPI,145700.0,208237354000,-37.25,21.86,-3941.0,6716.0,5.80247,11160957010.0,-1590503380.0,-1849058250.0,,12.11119,도로와철도운송,518000.0,36800.0,0.0061970865,1429220,000650,912.0,3307.5,0.27573696145124715,493769312.5,-16.69525443110349,-49.144851657940656,2.454724111866969,-58.68076235854676,-14.250600361375282,580.247,-71.87258687258688,https://finance.naver.com/item/main.naver?code=000650
KBI메탈,KOSDAQ,4810.0,207599061280,-5420.0,1.56,-1.0,3484.0,1.63313,210596940420.0,15533334370.0,8459679430.0,,52.67418,전기장비,11760.0,1620.0,0.0436325507,43159888,024840,5530003.0,4435616.15,1.246727131697363,20760160366.8,-47.71739130434782,172.67573696145124,5.282866056838574,-0.02870264064293915,7.375859468338613,163.313,-59.09863945578231,https://finance.naver.com/item/main.naver?code=024840
백산,KOSPI,10430.0,206212353970,6.43,0.8,1581.0,12658.0,0.72498,130076010760.0,12663365560.0,12916860670.0,,9.96468,"섬유,의류,신발,호화품",15140.0,9050.0,0.0613302896,19771079,035150,15630.0,20052.7,0.7794461593700599,197030540.0,-5.5253623188405765,-17.353407290015845,0.8318580540276371,12.4901248222468,9.73535818481154,72.49799999999999,-31.10964332892999,https://finance.naver.com/item/main.naver?code=035150
더본코리아,KOSPI,13860.0,205515664200,-11.65,0.82,-1179.0,16648.0,0.32888,79605598590.0,-4194190470.0,-2257090800.0,,13.58287,"호텔,레스토랑,레저",28850.0,12130.0,0.0086267372,14827970,475560,7124.0,12451.2,0.572153687997944,176942772.5,-28.593508500772803,-42.84536082474227,0.7344673605756874,-7.081931763575204,-5.268712935131262,32.888,-51.958405545927214,https://finance.naver.com/item/main.naver?code=475560
코오롱생명과학,KOSDAQ,15600.0,204213406800,7.8,0.34,2001.0,45249.0,0.46464,49655576280.0,2917200050.0,20848123370.0,,49.64242,제약,72700.0,13210.0,0.0383538482,13090603,102940,159885.0,295545.5,0.5409826913284079,5387503265.5,-76.07361963190185,-74.5928338762215,3.9743694287343234,4.422197175628191,5.874868984603798,46.464,-78.54195323246216,https://finance.naver.com/item/main.naver?code=102940
우주일렉트로,KOSDAQ,22150.0,204676432650,8.42,0.69,2684.0,32705.0,0.3298,49316131810.0,4627455000.0,6786238080.0,,85.22491,핸드셋,51700.0,18800.0,0.1008897707,9240471,065680,8896.0,23811.0,0.37360883625215235,609462734.0,-48.84526558891456,-25.919732441471577,0.925496619209609,8.206696223818987,9.38324809786009,32.98,-57.15667311411992,https://finance.naver.com/item/main.naver?code=065680
휴스틸,KOSPI,3630.0,203962712250,-13.43,0.19,-268.0,18820.0,0.28388,147929009340.0,-5252404220.0,-4282392690.0,,41.57565,철강,7300.0,3110.0,0.040422207,56188075,005010,967118.0,315464.1,3.0656990763766783,1147537723.35,-33.02583025830258,-12.106537530266348,3.0656990763766783,-1.4240170031880977,-3.55062488651423,28.388,-50.273972602739725,https://finance.naver.com/item/main.naver?code=005010
삼목에스폼,KOSDAQ,13830.0,203301000000,19.2,0.3,715.0,45432.0,0.19107,73254474270.0,-6101222550.0,1184497670.0,,-8.56848,건축제품,23500.0,12570.0,0.0230746259,14700000,018310,5998.0,10914.55,0.5495416668575434,151523541.25,-22.25969645868465,-28.894601542416453,1.031558790788443,1.573780595175207,-8.3288053198119,19.107,-41.14893617021277,https://finance.naver.com/item/main.naver?code=018310
한농화성,KOSPI,13030.0,203750657260,50.28,1.14,253.0,11152.0,0.39598,59355942480.0,3339907420.0,3329100020.0,,-30.06008,화학,29450.0,9250.0,0.0449920771,15637042,011500,125608.0,73875.85,1.7002579327344456,863453140.0,-38.24644549763033,-47.03252032520325,1.7002579327344456,2.268651362984218,5.626913297055948,39.598,-55.75551782682513,https://finance.naver.com/item/main.naver?code=011500
동원개발,KOSDAQ,2230.0,202502063000,7.5,0.18,290.0,11867.0,0.41299,74509298570.0,5438960610.0,6067690100.0,,35.15774,건설,3630.0,1919.0,0.0297672675,90808100,013120,90581.0,444570.0,0.20374969071237375,1045101437.25,-15.209125475285168,-23.890784982935152,0.5209708257417279,2.4437515800117975,7.299707169958398,41.299,-38.56749311294766,https://finance.naver.com/item/main.naver?code=013120
에치에프알,KOSDAQ,15210.0,202429890000,-650.42,1.42,-24.0,10988.0,0.74709,16258451570.0,-5716339550.0,-7829337690.0,,-246.63174,통신장비,39700.0,11250.0,0.1230434293,13309000,230240,144686.0,193790.45,0.7466105785914631,2986615945.0,-57.808599167822464,8.56531049250535,1.2114374057132329,-0.2184200946487077,-35.15918797917851,74.709,-61.68765743073048,https://finance.naver.com/item/main.naver?code=230240
클리오,KOSDAQ,11190.0,202218440070,14.79,0.81,755.0,13864.0,0.36326,78347769780.0,5794939970.0,6720192330.0,,42.98944,화장품,15800.0,8800.0,0.0223346863,18071353,237880,35808.0,82812.65,0.43239770735509614,889066964.0,-12.850467289719624,-16.179775280898877,0.6686297322933151,5.4457587997691865,7.396432580368467,36.326,-29.17721518987342,https://finance.naver.com/item/main.naver?code=237880
스카이라이프,KOSPI,4230.0,201022099650,28.2,0.36,147.0,11465.0,0.75731,238970776580.0,5935926000.0,366858260.0,,-1083.31724,방송과엔터테인먼트,5510.0,3895.0,0.0654366295,47522955,053210,84987.0,44356.25,1.9160095815133156,180084794.7,-6.930693069306926,-12.603305785123965,1.9160095815133156,1.2821631051024858,2.483954768424513,75.73100000000001,-23.23049001814882,https://finance.naver.com/item/main.naver?code=053210
티이엠씨,KOSDAQ,9170.0,201032974660,11.74,0.94,759.0,9438.0,0.53096,49514288940.0,141706350.0,2101990440.0,,27.50173,반도체와반도체장비,30300.0,6300.0,0.0613203145,21922898,425040,240640.0,256541.35,0.9380164250324557,2275571995.5,-60.303030303030305,2.4581005586592264,1.1588268323995332,8.041958041958042,0.2861928405590469,53.096,-69.73597359735973,https://finance.naver.com/item/main.naver?code=425040
AJ네트웍스,KOSPI,4430.0,200469722370,6.98,0.43,635.0,10216.0,2.91893,287155871000.0,21871050000.0,8533506000.0,,12.11119,도로와철도운송,5570.0,3825.0,0.0677459688,45252759,095570,160632.0,189104.3,0.8494359990756425,795617762.35,-4.3196544276457916,-5.442902881536815,1.7333291733715204,6.215740015661707,7.616438390702449,291.89300000000003,-20.46678635547576,https://finance.naver.com/item/main.naver?code=095570
해성산업,KOSDAQ,6360.0,200849766720,-8.22,0.28,-775.0,23076.0,1.14134,599357499060.0,18207175240.0,-34043853560.0,,-6.0397,종이와목재,9090.0,5350.0,0.0136573124,31580152,034810,26993.0,42601.7,0.6336132126182759,269609828.75,-14.054054054054054,-24.46555819477435,1.3817288981425624,-3.3584676720402147,3.037782169832721,114.134,-30.03300330033003,https://finance.naver.com/item/main.naver?code=034810
갤럭시아머니트리,KOSDAQ,5110.0,200464472180,23.96,1.67,212.0,3035.0,2.64588,35134031850.0,4629242770.0,2273626970.0,,32.17663,IT서비스,12250.0,4055.0,0.0509322011,39229838,094480,132366.0,356349.65,0.37144978253802124,1803268102.2,-33.463541666666664,-53.88086642599278,0.5945031796719878,6.985172981878089,13.175950855182025,264.588,-58.285714285714285,https://finance.naver.com/item/main.naver?code=094480
엑시콘,KOSDAQ,15350.0,200329733950,22.11,1.05,715.0,15111.0,0.15007,9805532650.0,-1965878030.0,934806480.0,,27.50173,반도체와반도체장비,41700.0,9350.0,0.108826687,13050797,092870,128424.0,306534.1,0.41895502001245544,4881445494.25,-55.18248175182482,-31.16591928251121,0.7496555848109558,4.7316524386208725,-20.048661303473402,15.007000000000001,-63.18944844124701,https://finance.naver.com/item/main.naver?code=092870
드림시큐리티,KOSDAQ,1966.0,199951015544,23.1,1.62,87.0,1244.0,3.12721,108396221460.0,3760781820.0,275674450.0,,14.24452,상업서비스와공급품,4810.0,1400.0,0.0384134882,101704484,203650,1576546.0,1641711.65,0.9603062754656094,3141603087.2,-45.54016620498616,14.76941039112667,0.9804450129838574,6.993569131832797,3.4694768593827696,312.721,-59.12681912681912,https://finance.naver.com/item/main.naver?code=203650
마이크로컨텍솔,KOSDAQ,24000.0,199506384000,11.87,2.46,2031.0,9781.0,0.20997,27572871880.0,5381128600.0,5444802630.0,,27.50173,반도체와반도체장비,40550.0,15500.0,0.1198587811,8312766,098120,96919.0,63851.7,1.5178765796368774,1379656771.75,-35.656836461126005,24.031007751937985,1.5178765796368774,20.76474798077906,19.516025111273247,20.997,-40.8138101109741,https://finance.naver.com/item/main.naver?code=098120
에이직랜드,KOSDAQ,18260.0,199502515080,-7.7,3.7,-2443.0,5085.0,2.19245,53987600920.0,-2991345990.0,-2680828280.0,,27.50173,반도체와반도체장비,34800.0,13910.0,0.0103289889,10925658,445090,32113.0,148930.6,0.21562392147752038,3137006737.25,-37.572649572649574,-43.37984496124031,0.30861354214647624,-48.0432645034415,-5.5408018489887,219.245,-47.5287356321839,https://finance.naver.com/item/main.naver?code=445090
와이씨켐,KOSDAQ,9860.0,199379947400,44.41,4.18,229.0,2432.0,2.24695,26028979710.0,1596663740.0,542328190.0,,27.50173,반도체와반도체장비,17700.0,7400.0,0.0249213074,20221090,112290,54996.0,137045.45,0.40129752574784494,1270695954.0,-34.310459693537645,-59.918699186991866,1.020705174816092,9.416118421052632,6.1341772047506815,224.695,-44.29378531073447,https://finance.naver.com/item/main.naver?code=112290
엠로,KOSDAQ,15980.0,197557448120,67.23,2.07,238.0,7728.0,0.15765,14757258870.0,-2764626450.0,-2498332100.0,,164.30795,소프트웨어,48650.0,11900.0,0.0376727138,12362794,058970,15062.0,34904.6,0.43151905479507,502437312.25,-44.705882352941174,-59.13043478260869,1.2706061665224642,3.0797101449275366,-18.734010661154716,15.765,-67.15313463514903,https://finance.naver.com/item/main.naver?code=058970
화승엔터프라이즈,KOSPI,3255.0,197218093380,-6.79,0.43,-477.0,7621.0,2.00352,350911525550.0,-4848944770.0,-9235364640.0,,9.96468,"섬유,의류,신발,호화품",7560.0,2800.0,0.0578120953,60589276,241590,27686.0,65513.1,0.4226025024002833,203670031.55,-26.4406779661017,-34.704112337011026,0.6597306492899894,-6.2590211258365045,-1.3818140519608249,200.352,-56.94444444444444,https://finance.naver.com/item/main.naver?code=241590
이랜시스,KOSDAQ,6550.0,198429708600,44.79,3.52,140.0,1780.0,0.26401,19149996950.0,1177576710.0,1759823710.0,,229.76836,전자장비와기기,9530.0,3525.0,0.0094630029,30294612,264850,13655315.0,2069552.8,6.598195996739006,11273506529.3,-20.413122721749698,-19.926650366748166,6.598195996739006,7.865168539325842,6.149226619067425,26.401000000000003,-31.269674711437567,https://finance.naver.com/item/main.naver?code=264850
쿠콘,KOSDAQ,19520.0,196990608640,9.59,1.2,2127.0,16970.0,0.87364,16010429400.0,4470289120.0,7426672800.0,,32.17663,IT서비스,47400.0,13000.0,0.0336099889,10091732,294570,52999.0,24574.3,2.156684015414478,467749171.0,-31.986062717770036,-46.666666666666664,9.253569786321483,12.533883323512079,27.921106975431904,87.364,-58.81856540084388,https://finance.naver.com/item/main.naver?code=294570
현대약품,KOSPI,6150.0,196800000000,68.65,2.1,96.0,3141.0,0.75472,55585357880.0,976252400.0,1211880920.0,,49.64242,제약,15960.0,3500.0,0.0137028125,32000000,004310,1099244.0,5128937.55,0.21432197005401246,35288748987.95,-21.65605095541401,-46.568201563857514,1.5602094823712565,3.0563514804202483,1.7563121606729144,75.472,-61.46616541353384,https://finance.naver.com/item/main.naver?code=004310
퓨쳐켐,KOSDAQ,8770.0,196688473400,-17.87,3.73,-492.0,2354.0,0.32066,6361787980.0,-2213558050.0,-2044384190.0,,49.64242,제약,33928.4,6410.0,0.0686450336,22427420,220100,26530.0,43501.15,0.6098689344994328,359888730.0,-49.15942028985507,-65.4724409448819,1.539821361044478,-20.900594732370433,-34.794590089435836,32.066,-74.15144834416006,https://finance.naver.com/item/main.naver?code=220100
HDC랩스,KOSPI,7560.0,196239463560,13.97,0.64,534.0,11616.0,0.67994,148120845340.0,7189946100.0,6767527570.0,,35.15774,건설,9260.0,7210.0,0.0441217969,25957601,039570,9460.0,18136.05,0.5216130304007763,135393764.5,-5.263157894736848,-8.47457627118644,0.7615770799043894,4.597107438016529,4.8541082002982305,67.994,-18.3585313174946,https://finance.naver.com/item/main.naver?code=039570
대한제분,KOSPI,11600.0,196040000000,-7.58,0.19,-1519.0,61093.0,0.50573,334341715450.0,7016350490.0,7352637830.0,,32.75937,식품,16400.0,10500.0,0.0780889349,16900000,001130,26817.0,25662.15,1.0450020750404778,282713939.25,-92.26666666666667,-91.91637630662021,1.0450020750404778,-2.486373234249423,2.098556705841057,50.573,-29.268292682926834,https://finance.naver.com/item/main.naver?code=001130
이랜텍,KOSDAQ,7740.0,195753965400,7.36,0.72,1056.0,10776.0,1.1337,235189040670.0,17532135520.0,14877260530.0,,85.22491,핸드셋,14490.0,5700.0,0.0701336551,25291210,054210,66776.0,140256.75,0.47609829829936884,966615259.75,-33.902647309991465,-22.831505483549353,1.0365989515656109,9.799554565701559,7.4544865993989085,113.36999999999999,-46.58385093167702,https://finance.naver.com/item/main.naver?code=054210
KZ정밀,KOSDAQ,12410.0,195457500000,20.69,0.33,591.0,36900.0,0.28906,22968496530.0,1825700780.0,8524166140.0,,173.4423,기계,19130.0,11110.0,0.0447231746,15750000,036560,12945.0,9917.85,1.3052224020326986,118905609.0,-7.937685459940658,-10.332369942196529,7.286357426256698,1.6016260162601628,7.948716963756791,28.906,-35.12807109252483,https://finance.naver.com/item/main.naver?code=036560
성신양회,KOSPI,7970.0,195393101810,7.61,0.34,1044.0,23623.0,1.2762,285024563920.0,792490190.0,-5876056060.0,,6.9634,건축자재,15310.0,6780.0,0.0436028233,24516073,004980,80244.0,122469.25,0.6552175341973597,1005682276.5,-23.21772639691715,-16.281512605042014,0.6772230580329348,4.419421749989417,0.27804276905145414,127.62,-47.94252122795558,https://finance.naver.com/item/main.naver?code=004980
메가터치,KOSDAQ,6700.0,194830043700,-47.83,2.62,-138.0,2519.0,0.16097,15876751280.0,1937117390.0,1998574950.0,,229.76836,전자장비와기기,10990.0,3245.0,0.371177372,29079111,446540,203295.0,257354.4,0.7899418078727234,1675376269.5,0.1494768310911887,52.96803652968036,0.7899418078727234,-5.478364430329496,12.200968295322442,16.097,-39.03548680618745,https://finance.naver.com/item/main.naver?code=446540
한국화장품제조,KOSPI,8590.0,194649400000,5.68,1.48,1510.0,5776.0,0.93076,52227148830.0,8574656130.0,7528420430.0,,42.98944,화장품,14100.0,6750.0,0.0281739188,22660000,003350,145113.0,115907.5,1.2519724780536203,918235213.75,-10.520833333333336,-82.64646464646465,3.186868839376227,26.142659279778393,16.41800542838478,93.07600000000001,-39.07801418439716,https://finance.naver.com/item/main.naver?code=003350
한미글로벌,KOSPI,17740.0,194386937000,9.95,0.85,1826.0,21462.0,0.85617,112028403480.0,2974161300.0,2742329170.0,,35.15774,건설,34750.0,13740.0,0.0698881593,10957550,053690,38519.0,140610.55,0.2739410378524229,2393432798.5,-30.294695481335953,-6.137566137566141,3.3508154260117755,8.508060758549995,2.6548278897243818,85.617,-48.94964028776978,https://finance.naver.com/item/main.naver?code=053690
대동,KOSPI,6730.0,194004801450,-9.66,0.38,-703.0,17840.0,2.63899,377731586060.0,6022323820.0,-6130258570.0,,173.4423,기계,13640.0,5470.0,0.0465761712,28826865,000490,87273.0,117508.5,0.7426952092827327,773791515.25,-35.782442748091604,-31.88259109311741,0.7426952092827327,-3.9405829596412554,1.5943394839751095,263.899,-50.65982404692082,https://finance.naver.com/item/main.naver?code=000490
디아이씨,KOSPI,4980.0,193665073620,-18.42,1.4,-278.0,3657.0,3.08672,165173532850.0,2821230150.0,1058198730.0,,11.42846,자동차부품,15150.0,3790.0,0.0172000415,38888569,092200,248523.0,504176.05,0.492929007635329,2317707380.9,-43.08571428571428,-54.47897623400366,1.655314646540628,-7.6018594476346735,1.7080400844619943,308.672,-67.12871287128712,https://finance.naver.com/item/main.naver?code=092200
쓰리빌리언,KOSDAQ,6080.0,193481122240,-36.73,8.45,-171.0,743.0,0.25906,3362891050.0,-1661283040.0,-1466977150.0,,635.5771,건강관리기술,20100.0,4260.0,0.1411224926,31822553,394800,53586.0,163898.15,0.326946948455489,909361351.6,-46.38447971781305,-59.331103678929765,1.5220550079424326,-23.014804845222073,-49.400441920353025,25.906000000000002,-69.75124378109453,https://finance.naver.com/item/main.naver?code=394800
환인제약,KOSPI,10400.0,193440728000,12.03,0.45,857.0,22777.0,0.13635,71175925750.0,9381046640.0,7465897220.0,,49.64242,제약,12140.0,9160.0,0.1275564017,18600070,016580,38846.0,48768.25,0.7965428326831494,481017269.25,-8.931698774080566,-3.703703703703709,1.6669041845873083,3.7625675023049565,13.180083772918119,13.635,-14.332784184514002,https://finance.naver.com/item/main.naver?code=016580
대성산업,KOSPI,4260.0,192703136280,-2.59,0.25,-1626.0,16698.0,1.7066,412554373220.0,21827814520.0,12708851030.0,,-116.68055,석유와가스,13140.0,3585.0,0.0296713566,45235478,128820,79002.0,163260.6,0.4839011984520454,663287921.4,-33.22884012539185,-32.48811410459588,0.927419107855784,-9.737693136902623,5.290893985593515,170.66,-67.57990867579909,https://finance.naver.com/item/main.naver?code=128820
금화피에스시,KOSDAQ,32100.0,192600000000,6.27,0.5,5180.0,65215.0,0.24026,84918508470.0,1284491170.0,2924612310.0,,35.15774,건설,42500.0,28350.0,0.2378765,6000000,036190,1582.0,5611.05,0.2819436647329822,177903711.25,-11.691884456671254,-5.726872246696035,0.9064257135473752,7.942957908456644,1.512616263689776,24.026,-24.470588235294123,https://finance.naver.com/item/main.naver?code=036190
코메론,KOSDAQ,21200.0,191817600000,8.23,0.74,2510.0,28066.0,0.07112,17762461120.0,3900563790.0,5276489480.0,,173.4423,기계,23650.0,10180.0,0.227686229,9048000,049430,42839.0,29791.2,1.4379749724750932,582275007.0,15.846994535519121,48.25174825174825,2.507854668492709,8.943205301788641,21.959590867777223,7.112,-10.359408033826634,https://finance.naver.com/item/main.naver?code=049430
티쓰리,KOSDAQ,3440.0,191130596800,10.8,1.81,308.0,1835.0,0.1664,22088800160.0,5841747050.0,6374266610.0,,18.81972,게임엔터테인먼트,3795.0,1660.0,0.0452708742,55561220,204610,201980.0,161796.95,1.2483548052049187,482700823.9,9.379968203497624,76.59137577002053,2.3923936761477886,16.78474114441417,26.446647204399355,16.64,-9.354413702239794,https://finance.naver.com/item/main.naver?code=204610
에프앤가이드,KOSDAQ,16730.0,190894854360,20.16,2.89,866.0,6042.0,0.33594,11513538050.0,4681211760.0,4846744410.0,,32.17663,IT서비스,37000.0,7900.0,0.0974700824,11410332,064850,43064.0,61368.95,0.7017229396950738,1193499610.25,-44.3261231281198,69.331983805668,0.7063180973440152,14.333002317113538,40.658325352909216,33.594,-54.78378378378379,https://finance.naver.com/item/main.naver?code=064850
에브리봇,KOSDAQ,14990.0,190231839170,-14.85,3.08,-1017.0,4906.0,0.69906,7972473180.0,-1775292140.0,-1202974750.0,,11.80476,가정용기기와용품,31900.0,9470.0,0.0,12690583,270660,99651.0,282437.5,0.35282496127461827,3888700363.0,-14.684120660216282,-44.378478664192954,6.036326620933835,-20.72971871178149,-22.267771868503168,69.906,-53.00940438871473,https://finance.naver.com/item/main.naver?code=270660
아이티엠반도체,KOSDAQ,8370.0,189856157580,-1.82,1.89,-4522.0,4375.0,3.96669,132245041620.0,-4926196410.0,-3587495060.0,,229.76836,전자장비와기기,19620.0,6610.0,0.0249390577,22682934,084850,14063.0,63405.25,0.22179551377843318,508630695.75,-48.6817903126916,-13.711340206185563,1.0529885143580382,-103.36000000000001,-3.725051880701279,396.669,-57.3394495412844,https://finance.naver.com/item/main.naver?code=084850
나무가,KOSDAQ,13430.0,189165807310,7.96,1.13,1741.0,12226.0,0.55508,97889746040.0,3880413290.0,4498678340.0,,85.22491,핸드셋,28600.0,11050.0,0.0672251111,14085317,190510,41271.0,58441.0,0.7061994147944081,758711710.5,-27.405405405405403,-42.9723991507431,1.070276004859602,14.240143955504662,3.964065131412614,55.508,-53.04195804195804,https://finance.naver.com/item/main.naver?code=190510
교촌에프앤비,KOSPI,3780.0,188868002400,10.58,0.98,351.0,3776.0,0.98554,123355716530.0,5290695730.0,3379359530.0,,32.75937,식품,5240.0,3495.0,0.022144906,49965080,339770,60067.0,74212.25,0.809394675407362,269671379.65,-9.461077844311372,-11.888111888111885,1.2197851432883384,9.295550847457628,4.288974908360496,98.554,-27.862595419847324,https://finance.naver.com/item/main.naver?code=339770
듀켐바이오,KOSDAQ,6620.0,188595326400,29.56,3.9,229.0,1737.0,0.54063,9704628590.0,1256035570.0,872590480.0,,49.64242,제약,12770.0,5100.0,0.0093230233,28488720,176750,42061.0,106072.55,0.39653048785948863,717233014.5,-26.607538802660756,-26.52608213096559,1.7442212900510075,13.18364997121474,12.942644412937806,54.063,-48.15974941268598,https://finance.naver.com/item/main.naver?code=176750
사조씨푸드,KOSPI,10950.0,188543045850,-6.67,0.91,-1637.0,11978.0,1.16748,67662833930.0,2589603000.0,2181487010.0,,32.75937,식품,11240.0,6480.0,0.0465719428,17218543,014710,19660.0,27944.55,0.7035361099033622,271554074.75,43.324607329842934,16.242038216560516,1.4526267197002636,-13.666722324261146,3.827216286387075,116.748,-2.5800711743772187,https://finance.naver.com/item/main.naver?code=014710
동성케미컬,KOSPI,3720.0,188490878520,5.51,0.4,670.0,9170.0,0.75823,287047468840.0,25361903640.0,20421010630.0,,-30.06008,화학,4773.456,3150.0,0.0402590579,50669591,102260,37004.0,100682.2,0.3675326919753442,350015218.65,-10.253317249698435,-11.323003575685341,0.9265093531925207,7.306434023991276,8.83543887096134,75.823,-22.069041801160417,https://finance.naver.com/item/main.naver?code=102260
코난테크놀로지,KOSDAQ,15050.0,188388194400,-18.78,6.6,-830.0,2361.0,0.54703,3875777260.0,-3987662560.0,-4729101020.0,,164.30795,소프트웨어,29750.0,10010.0,0.0030284031,12517488,402030,45879.0,104270.6,0.4399993862124127,1448942457.5,-19.861554845580407,-35.68376068376068,2.686298918391186,-35.15459551037696,-102.88678354029044,54.703,-49.411764705882355,https://finance.naver.com/item/main.naver?code=402030
카나프테라퓨틱스,KOSDAQ,14130.0,187937195400,-2.61,12.81,-5564.0,1135.0,0.04408,78157040.0,-5421856930.0,-5322094160.0,,49.64242,제약,70000.0,9170.0,0.0396645861,13300580,0082N0,83951.0,65872.05,1.2744555543663814,801072097.5,-52.74247491638796,-72.07509881422925,1.711469432027696,-490.22026431718064,-6937.131869374787,4.408,-79.81428571428572,https://finance.naver.com/item/main.naver?code=0082N0
헥토이노베이션,KOSDAQ,14460.0,187884086820,6.04,0.83,2427.0,17664.0,1.29353,112315393910.0,14560614640.0,11271816820.0,,32.17663,IT서비스,25700.0,12210.0,0.1575827882,12993367,214180,176195.0,52666.9,3.3454598618866878,712200614.5,-25.7700205338809,-31.14285714285714,3.3454598618866878,13.739809782608695,12.964041822857904,129.353,-43.735408560311285,https://finance.naver.com/item/main.naver?code=214180
도우인시스,KOSDAQ,17130.0,187700638860,362.65,1.15,49.0,15451.0,0.33444,26828518420.0,1819731090.0,5742282820.0,,15.48254,디스플레이장비및부품,36400.0,11670.0,0.005395521,10957422,484120,12164.0,22859.4,0.5321224529077754,372792941.25,-23.355704697986578,-28.025210084033613,2.20679457903532,0.3171315772441913,6.782823641291483,33.444,-52.93956043956044,https://finance.naver.com/item/main.naver?code=484120
서연,KOSPI,7980.0,187369155120,3.13,0.2,2575.0,40447.0,1.31137,1283882491880.0,52473761600.0,53157840070.0,,11.42846,자동차부품,11990.0,6550.0,0.0674473391,23479844,007860,25275.0,36446.9,0.6934746164968763,270936669.75,-10.236220472440948,-23.636363636363633,0.9647185357328057,6.366355972012758,4.087115599120152,131.137,-33.444537114261884,https://finance.naver.com/item/main.naver?code=007860
현대사료,KOSDAQ,994.0,187340898626,43.22,2.45,23.0,406.0,0.51848,30068622490.0,369787000.0,1074835800.0,,32.75937,식품,994.0,994.0,0.0238011824,188471729,016790,,,,,,,,5.665024630541872,1.229810245291353,51.848000000000006,0.0,https://finance.naver.com/item/main.naver?code=016790
대성에너지,KOSPI,6780.0,186450000000,7.37,0.52,905.0,12713.0,1.20343,392407013730.0,25731403490.0,19302038060.0,,8.90138,가스유틸리티,16150.0,6400.0,0.0228004727,27500000,117580,31978.0,137636.7,0.23233628821382668,966381000.75,-17.71844660194175,-15.880893300248145,0.5121962383579379,7.118697396365925,6.55732507057195,120.343,-58.01857585139318,https://finance.naver.com/item/main.naver?code=117580
이연제약,KOSPI,10030.0,186425714330,-6.16,0.83,-1616.0,12010.0,1.16803,36050817810.0,-6769875270.0,-10736952400.0,,49.64242,제약,13200.0,9100.0,0.0106960253,18586811,102460,38846.0,52638.3,0.7379797599846499,529556214.5,-10.844444444444445,-12.706701479547434,0.7647853369124762,-13.455453788509574,-18.77870095951646,116.803,-24.015151515151512,https://finance.naver.com/item/main.naver?code=102460
한솔제지,KOSPI,7820.0,186120504320,47.12,0.26,163.0,29322.0,2.01267,559803557930.0,11240807110.0,3423080860.0,,-6.0397,종이와목재,9390.0,5930.0,0.0539200816,23800576,213500,133247.0,111876.0,1.1910239908470093,797356830.5,3.9893617021276695,-6.682577565632464,1.1910239908470093,0.5558965964122502,2.007991366036583,201.267,-16.719914802981894,https://finance.naver.com/item/main.naver?code=213500
신흥에스이씨,KOSDAQ,4815.0,185657901525,-30.0,0.58,-151.0,7821.0,1.49761,123686176860.0,1592289930.0,8492121950.0,,-70.52697,전기제품,12290.0,3425.0,0.0884236532,38558235,243840,338650.0,164639.05,2.0569239193253366,695601495.2,-47.377049180327866,-18.939393939393945,2.0569239193253366,-1.9306993990538295,1.2873628811425775,149.76100000000002,-60.82180634662326,https://finance.naver.com/item/main.naver?code=243840
유니테스트,KOSDAQ,8720.0,184289578720,-8.73,1.87,-1022.0,4773.0,0.96285,22398798740.0,-2532996000.0,-787179310.0,,27.50173,반도체와반도체장비,23700.0,6030.0,0.0963105359,21134126,086390,146856.0,291149.7,0.5044003136530795,2552244123.5,-53.2690246516613,-37.13049747656814,0.5044003136530795,-21.41210978420281,-11.308624312412569,96.285,-63.20675105485232,https://finance.naver.com/item/main.naver?code=086390
SJG세종,KOSPI,6770.0,183144064230,2.68,0.35,2541.0,19312.0,1.51122,484788472240.0,36249408760.0,38763894290.0,,11.42846,자동차부품,12640.0,4380.0,0.0696180387,27052299,033530,38721.0,79206.25,0.4888629369525763,482634489.75,-12.305699481865284,-37.71849126034959,1.1393166574607434,13.157622203811101,7.477366075250718,151.122,-46.43987341772152,https://finance.naver.com/item/main.naver?code=033530
대원제약,KOSPI,8160.0,183009077280,-119.85,0.63,-65.0,12407.0,1.19942,158057594680.0,4381074410.0,1919696910.0,,49.64242,제약,13670.0,7060.0,0.135910945,22427583,003220,35004.0,33685.25,1.0391491825056962,259174843.0,-16.393442622950815,-30.077120822622106,1.0391491825056962,-0.5238977996292415,2.7718215115634455,119.942,-40.30724213606437,https://finance.naver.com/item/main.naver?code=003220
사람인,KOSDAQ,17050.0,182993063550,1.94,0.67,8746.0,25433.0,0.22017,28292527270.0,4269308810.0,5021410440.0,,14.24452,상업서비스와공급품,18400.0,12570.0,0.2335714927,10732731,143240,16430.0,14976.4,1.0970593734141716,241656585.0,6.230529595015577,28.291948833709558,1.1645655831842099,34.38839303267409,15.089881399626554,22.017,-7.336956521739135,https://finance.naver.com/item/main.naver?code=143240
티씨머티리얼즈,KOSDAQ,5220.0,182901231000,103.14,2.37,51.0,2222.0,0.55195,101437603510.0,6374306420.0,4861539390.0,,52.67418,전기장비,10410.0,2990.0,0.0609719009,35038550,125020,303877.0,472367.1,0.6433068687467862,2302840498.95,-24.238026124818578,31.65195460277428,1.2918342534863245,2.295229522952295,6.283967877229673,55.19500000000001,-49.85590778097983,https://finance.naver.com/item/main.naver?code=125020
한국정보인증,KOSDAQ,4505.0,182862887480,6.85,0.88,654.0,5107.0,0.70791,35557294210.0,9124510390.0,7215217570.0,,32.17663,IT서비스,7750.0,3780.0,0.0218123699,40591096,053300,36467.0,84116.85,0.4335278841278531,352430984.65,-25.41390728476821,-33.06092124814265,0.754854705091786,12.805952614059136,25.661430636737983,70.791,-41.87096774193548,https://finance.naver.com/item/main.naver?code=053300
DMS,KOSDAQ,8100.0,182818814400,1.39,0.43,5910.0,19235.0,0.38015,13751662990.0,-8566119230.0,3128762240.0,,15.48254,디스플레이장비및부품,9190.0,4230.0,0.0488637153,22570224,068790,101099.0,175331.85,0.5766151443676663,1360351220.25,2.9224904701397714,1.5037593984962516,1.2638776126528066,30.725240447101637,-62.29151511514755,38.015,-11.86071817192601,https://finance.naver.com/item/main.naver?code=068790
BGF에코머티리얼즈,KOSDAQ,2910.0,182651676090,12.83,0.44,226.0,6634.0,0.58669,92840104590.0,3228419230.0,2651072050.0,,-30.06008,화학,6520.0,2460.0,0.0096958749,62766899,126600,41823.0,71119.7,0.5880649102850547,199027758.75,-23.62204724409449,-28.2367447595561,0.9342699702051612,3.406692794694001,3.477397235017484,58.669000000000004,-55.3680981595092,https://finance.naver.com/item/main.naver?code=126600
그린광학,KOSDAQ,15600.0,182559639600,72.69,2.75,212.0,5602.0,0.60956,10857975620.0,555373570.0,913573680.0,,42.07756,우주항공과국방,55000.0,11000.0,0.0640166952,11702541,0015G0,77163.0,85948.2,0.8977849448854077,1275278430.5,-47.20812182741116,-51.02040816326531,1.219350725204251,3.7843627275972866,5.114890560050825,60.955999999999996,-71.63636363636363,https://finance.naver.com/item/main.naver?code=0015G0
JW생명과학,KOSPI,11510.0,182255716540,6.17,0.8,1847.0,14245.0,0.43339,63522486470.0,9324609400.0,6686875640.0,,49.64242,제약,15580.0,10550.0,0.1458315151,15834554,234080,13126.0,24869.55,0.5277940292445983,275762957.5,-7.326892109500804,-9.654631083202514,1.7153104901375378,12.965952965952965,14.67922607910471,43.339,-26.12323491655969,https://finance.naver.com/item/main.naver?code=234080
석경에이티,KOSDAQ,33450.0,182469750000,46.92,4.04,699.0,8109.0,0.23402,4561577740.0,1276686780.0,1398500620.0,,-30.06008,화학,75300.0,28650.0,0.016044363,5455000,357550,5326.0,8149.8,0.6535129696434269,277760852.5,-39.62093862815884,-44.710743801652896,1.2673930648604874,8.620051794302627,27.987833437647385,23.402,-55.57768924302788,https://finance.naver.com/item/main.naver?code=357550
잉글우드랩,KOSDAQ,9140.0,181592295240,,,,,0.3712,49739038000.0,5603102000.0,7063894000.0,,42.98944,화장품,16910.0,7000.0,0.1143828935,19867866,950140,23423.0,27271.45,0.8588835577132862,221454165.5,-23.128679562657695,-25.08196721311475,1.1799885961325856,,11.26499873198191,37.12,-45.9491425192194,https://finance.naver.com/item/main.naver?code=950140
신세계 I&C,KOSPI,13000.0,181751700000,6.0,0.39,2156.0,32954.0,0.34882,178613243270.0,12445131640.0,10266764150.0,,32.17663,IT서비스,29300.0,10310.0,0.0606831463,13980900,035510,28727.0,55466.05,0.5179204215912256,681092121.5,-32.221063607924926,-28.216454997239094,0.9327146966477692,6.542453116465376,6.967642159202812,34.882000000000005,-55.63139931740615,https://finance.naver.com/item/main.naver?code=035510
알멕,KOSDAQ,28400.0,181515220400,-131.95,1.15,-205.0,23535.0,1.15502,50653707870.0,2810845620.0,3128364080.0,,11.42846,자동차부품,104000.0,18900.0,0.1037627079,6391381,354320,103249.0,72593.45,1.4222908540646575,1926408140.0,-63.959390862944154,-46.110056925996204,1.9241956402402698,-0.8710431272572764,5.549140898458773,115.502,-72.69230769230771,https://finance.naver.com/item/main.naver?code=354320
방림,KOSPI,5650.0,181425895700,26.39,0.95,208.0,5755.0,0.38738,31293423960.0,-894746530.0,2818463020.0,,9.96468,"섬유,의류,신발,호화품",6280.0,4265.0,0.0003411627,32110778,003610,70154.0,111643.25,0.6283765476193142,585858746.0,5.607476635514019,3.1021897810219023,2.1575330349125452,3.614248479582971,-2.8592158248444988,38.738,-10.031847133757966,https://finance.naver.com/item/main.naver?code=003610
현대비앤지스틸,KOSPI,12000.0,180945732000,12.09,0.34,976.0,34303.0,0.41911,199736409120.0,8386008850.0,4352615670.0,,29.93748,비철금속,25500.0,9250.0,0.051552009,15078811,004560,56486.0,57610.95,0.9804733301568539,625710753.75,-25.880172946263123,-11.504424778761058,1.541998526321819,2.8452321954348014,4.198537906507449,41.911,-52.94117647058824,https://finance.naver.com/item/main.naver?code=004560
대아티아이,KOSDAQ,2570.0,181116578890,9.02,1.19,290.0,2189.0,0.92896,28579842890.0,617979670.0,2153764360.0,,12.11119,도로와철도운송,5860.0,2065.0,0.0638739364,70473377,045390,267052.0,437979.55,0.6097362308354352,1082074524.3,-38.0722891566265,-40.23255813953488,1.0057981017606872,13.24805847418913,2.162292047505374,92.896,-56.14334470989761,https://finance.naver.com/item/main.naver?code=045390
국보디자인,KOSDAQ,24100.0,180750000000,4.04,0.51,6006.0,47874.0,0.44162,102194858660.0,15465352450.0,13556143600.0,,35.15774,건설,26750.0,19660.0,0.1382548,7500000,066620,4132.0,8986.5,0.4598008123296055,215062663.75,0.20790020790020236,7.829977628635354,0.4598008123296055,12.54543175836571,15.13320009713295,44.162,-9.906542056074763,https://finance.naver.com/item/main.naver?code=066620
HLB테라퓨틱스,KOSDAQ,2035.0,180260521815,-19.29,1.19,-105.0,1705.0,0.30306,13046233600.0,-3235134100.0,-4449859600.0,,49.64242,제약,4160.0,1342.0,0.0413342458,88580109,115450,402333.0,835497.55,0.48154898838422683,1493824196.1,-38.704819277108435,-41.85714285714286,0.6272166806473579,-6.158357771260997,-24.797456485832047,30.306,-51.081730769230774,https://finance.naver.com/item/main.naver?code=115450
슈피겐코리아,KOSDAQ,28950.0,179963708850,5.8,0.31,4967.0,91806.0,0.08153,113200468550.0,11237173300.0,14649257260.0,,85.22491,핸드셋,34950.0,21000.0,0.1062000401,6216363,192440,1389.0,8091.6,0.17165949873943348,240644283.75,8.022388059701502,29.24107142857142,1.5296109545701715,5.410321765461952,9.92679044878388,8.153,-17.16738197424893,https://finance.naver.com/item/main.naver?code=192440
아모텍,KOSDAQ,12300.0,179734315800,23.55,1.19,532.0,10486.0,1.17988,60979163510.0,572166110.0,534639750.0,,85.22491,핸드셋,35566.038,8084.528,0.1068151984,14612546,052710,467925.0,382829.65,1.22227993573643,5714344566.75,-39.408866995073886,16.367076631977294,1.8627554057006817,5.07343124165554,0.9382977349405099,117.988,-65.41644588019615,https://finance.naver.com/item/main.naver?code=052710
매드업,KOSDAQ,9550.0,179610670000,16.14,4.83,616.0,2059.0,1.4021,13757096000.0,332079000.0,532822000.0,,11.38111,광고,22500.0,4560.0,0.037815328,18807400,0039P0,8738728.0,5894795.75,1.4824479711616811,42264267764.6,-5.2579365079365115,-5.2579365079365115,2.210088449629489,29.917435648372997,2.4138742653246004,140.20999999999998,-57.55555555555556,https://finance.naver.com/item/main.naver?code=0039P0
경농,KOSPI,9190.0,179412464250,8.81,0.62,1044.0,14751.0,0.76531,153466162990.0,32339602030.0,24588775560.0,,-30.06008,화학,11900.0,8550.0,0.011933979,19522575,002100,13430.0,34456.6,0.3897656762419972,314450659.25,-7.077856420626894,0.7675438596491224,0.993946007441245,7.077486272117145,21.072789857987964,76.531,-22.773109243697476,https://finance.naver.com/item/main.naver?code=002100
HB테크놀러지,KOSDAQ,1931.0,179034433796,6.16,0.61,320.0,3208.0,0.32015,36325050770.0,528099790.0,18153756550.0,,15.48254,디스플레이장비및부품,6140.0,1575.0,0.0210540766,92715916,078150,434615.0,783328.95,0.554830764265766,1466309099.65,-57.42006615214994,-7.6076555023923405,1.0647468091151233,9.975062344139651,1.4538170733573899,32.015,-68.55048859934854,https://finance.naver.com/item/main.naver?code=078150
계룡건설,KOSPI,19940.0,178082285580,1.79,0.19,11283.0,106029.0,2.19752,670713971400.0,40792019620.0,22355275050.0,,35.15774,건설,33300.0,16300.0,0.0882843142,8930907,013580,24361.0,97207.05,0.25060939510045827,1858447028.75,-24.038095238095238,-6.604215456674478,0.502298958768937,10.641428288487113,6.081880109766265,219.75199999999998,-40.12012012012012,https://finance.naver.com/item/main.naver?code=013580
신성에스티,KOSDAQ,19790.0,178897206620,307.42,1.63,62.0,11704.0,1.407,50244679330.0,-541543580.0,-949626950.0,,-70.52697,전기제품,51900.0,13800.0,0.0187624077,9039778,416180,17686.0,17879.1,0.9891996800733819,316044660.25,-41.53618906942393,-43.37625178826896,1.1010621340000337,0.5297334244702666,-1.0778127897746503,140.7,-61.86897880539499,https://finance.naver.com/item/main.naver?code=416180
바이오니아,KOSDAQ,6910.0,178349110810,-63.67,0.85,-109.0,8124.0,0.69083,81810067220.0,-525721970.0,-2802940210.0,,-69.9395,생물공학,15640.0,5470.0,0.0776272147,25810291,064550,105922.0,74500.25,1.421767041050198,471260696.5,-27.492130115424974,-49.078850405305815,2.048395810752313,-1.3417035942885278,-0.6426128077688187,69.083,-55.81841432225063,https://finance.naver.com/item/main.naver?code=064550
코스맥스엔비티,KOSDAQ,8630.0,178019640000,-12.31,4.18,-731.0,2152.0,3.99057,93262048270.0,10273689820.0,9143740830.0,,-13.88903,건강관리업체및서비스,9300.0,2860.0,0.052720574,20628000,222040,427384.0,263994.9,1.6189100622777182,2105542153.0,20.699300699300704,170.95761381475668,3.4593471313271578,-33.968401486988846,11.01593843431035,399.057,-7.204301075268815,https://finance.naver.com/item/main.naver?code=222040
한국비엔씨,KOSDAQ,2600.0,177826703600,62.5,0.77,42.0,3417.0,0.18512,20731134970.0,-1479841340.0,-1326084380.0,,-35.75178,건강관리장비와용품,6180.0,2050.0,0.0583887807,68394886,256840,167033.0,286876.45,0.5822471659838233,687107332.4,-27.27272727272727,-46.77584442169908,1.0206519217593497,1.2291483757682178,-7.138255296400688,18.512,-57.92880258899677,https://finance.naver.com/item/main.naver?code=256840
지누스,KOSPI,8100.0,177599085300,-9.59,0.27,-844.0,29617.0,0.64916,139558174750.0,-30092483770.0,-22820074990.0,,28.85075,가구,20150.0,7990.0,0.0802684945,21925813,013890,34987.0,25140.05,1.3916837874228571,216730286.5,-27.74308652988403,-35.199999999999996,4.229585860012212,-2.849714690886991,-21.56268081314957,64.916,-59.801488833746895,https://finance.naver.com/item/main.naver?code=013890
대화제약,KOSDAQ,9450.0,175927342500,101.06,2.3,94.0,4138.0,1.61385,37032014210.0,453583850.0,-265657550.0,,49.64242,제약,24900.0,7460.0,0.012194138,18616650,067080,17646.0,144307.75,0.12228033490924776,1411357791.0,-35.09615384615385,-42.342892007321545,0.314951899672748,2.2716288061865635,1.2248425036451724,161.385,-62.04819277108433,https://finance.naver.com/item/main.naver?code=067080
유화증권,KOSPI,3125.0,177195046875,13.54,0.35,229.0,8871.0,0.79196,17127835410.0,10612802850.0,11171891750.0,,8.42388,증권,4940.0,2620.0,0.0196160252,56702415,003460,25760.0,59032.35,0.43637090510542104,178932064.7,-9.942363112391927,11.607142857142861,0.9371302345239517,2.5814451583812423,61.962312200897074,79.196,-36.74089068825911,https://finance.naver.com/item/main.naver?code=003460
나이벡,KOSDAQ,15460.0,175746079780,37.67,3.89,416.0,4032.0,0.35281,5240908740.0,137126430.0,1148546950.0,,-35.75178,건강관리장비와용품,54300.0,11230.0,0.0580992282,11367793,138610,16335.0,25477.55,0.6411527011035205,362700208.0,-31.8942731277533,-56.875871687587164,0.934038006009212,10.317460317460316,2.616462846479559,35.281,-71.52854511970534,https://finance.naver.com/item/main.naver?code=138610
삼익THK,KOSPI,8490.0,175743000000,-3.99,1.14,-2174.0,7604.0,1.62318,65424274280.0,-3812081970.0,-4186928020.0,,173.4423,기계,14650.0,6760.0,0.3780288406,20700000,004380,28796.0,50170.9,0.5739582108353647,396155519.25,-25.916230366492144,-29.42643391521197,0.9893384412079512,-28.590215675960025,-5.826708835447246,162.318,-42.04778156996587,https://finance.naver.com/item/main.naver?code=004380
DH오토넥스,KOSPI,4200.0,174035631000,41.58,4.81,101.0,874.0,0.64021,14362494680.0,281541670.0,167820630.0,,11.42846,자동차부품,1984.0,1984.0,0.0208564532,41437055,000300,,,,,,,,11.556064073226544,1.9602560437641185,64.021,111.69354838709675,https://finance.naver.com/item/main.naver?code=000300
일진파워,KOSDAQ,11520.0,173706727680,9.35,1.2,1250.0,9773.0,1.09695,63778347110.0,6999732310.0,6601102790.0,,35.15774,건설,24500.0,8970.0,0.0532484578,15078709,094820,63860.0,102124.05,0.6253179344140778,1101635397.5,-40.24896265560166,-28.7569573283859,0.968537773423596,12.790340734677171,10.97509206051922,109.69500000000001,-52.9795918367347,https://finance.naver.com/item/main.naver?code=094820
지어소프트,KOSDAQ,11220.0,173623104600,11.97,1.02,915.0,10737.0,0.39615,145767220680.0,10345286910.0,8901579530.0,,-17.50626,판매업체,11640.0,6270.0,0.2050465187,15474430,051160,347103.0,163235.8,2.1263901668629064,1464528169.5,55.833333333333336,40.95477386934674,9.020564116449947,8.521933500977926,7.0971284639574845,39.615,-3.6082474226804107,https://finance.naver.com/item/main.naver?code=051160
이크레더블,KOSDAQ,14360.0,172946096000,13.42,4.05,1069.0,3547.0,0.68717,8785423040.0,693404130.0,710776170.0,,14.24452,상업서비스와공급품,18490.0,13320.0,0.0982784217,12043600,092130,1385.0,4069.05,0.3403742888389182,57444096.25,-0.622837370242213,-9.51480781348456,0.6077585677246532,30.138144911192555,7.8926663729559,68.717,-22.336398053001627,https://finance.naver.com/item/main.naver?code=092130
베뉴지,KOSDAQ,3585.0,172797000000,1.54,0.37,2331.0,9718.0,0.55567,10353691360.0,1920256340.0,57857177280.0,,13.58287,"호텔,레스토랑,레저",7300.0,2250.0,0.0063698963,48200000,019010,90374.0,111238.0,0.8124381955806469,442913701.75,-41.036184210526315,8.966565349544076,1.8241248494219602,23.986416958221856,18.54658665428868,55.567,-50.890410958904106,https://finance.naver.com/item/main.naver?code=019010
셀비온,KOSDAQ,13370.0,172543205870,-22.62,7.53,-591.0,1776.0,0.57411,612528840.0,-2443709630.0,-2397852440.0,,49.64242,제약,42200.0,9930.0,0.0378036816,12905251,308430,11509.0,31978.95,0.3598929921088716,402163971.25,-52.5044404973357,-45.7606490872211,1.2387523667912799,-33.27702702702703,-398.9542157721096,57.411,-68.31753554502369,https://finance.naver.com/item/main.naver?code=308430
메디아나,KOSDAQ,9230.0,171661598290,32.34,1.26,286.0,7340.0,0.10957,16077741380.0,1609939050.0,2354527860.0,,-35.75178,건강관리장비와용품,29600.0,4850.0,0.0524777555,18598223,041920,51549.0,116822.0,0.44126106384071495,1001188316.75,-50.615302300695554,-44.53125,1.0623769495471744,3.896457765667575,10.013465274436452,10.957,-68.81756756756756,https://finance.naver.com/item/main.naver?code=041920
도화엔지니어링,KOSPI,5090.0,171634800000,23.05,0.66,220.0,7625.0,2.01608,155456782700.0,-2385665310.0,-2930515370.0,,35.15774,건설,7650.0,4465.0,0.01103707,33720000,002150,13852.0,57748.9,0.2398660407384383,283181747.8,-20.592823712948515,-17.37012987012987,1.21098410532495,2.8852459016393444,-1.5346164178656967,201.608,-33.4640522875817,https://finance.naver.com/item/main.naver?code=002150
HS효성,KOSPI,45900.0,171020049300,8.67,0.33,5292.0,139520.0,0.82452,366980852170.0,12543473560.0,7390192270.0,,28.69442,복합기업,75400.0,37400.0,0.051211685,3725927,487570,5942.0,15558.35,0.38191710560567155,731964880.0,-26.794258373205736,-27.142857142857146,1.0799345688970874,3.7930045871559632,3.4180185385229227,82.452,-39.12466843501326,https://finance.naver.com/item/main.naver?code=487570
알루코,KOSPI,1766.0,171002013112,10.75,0.51,160.0,3371.0,1.38151,142126019720.0,9714578880.0,13208007130.0,,29.93748,비철금속,3495.0,1380.0,0.0456079725,96830132,001780,774426.0,339692.2,2.2797874075412974,544742861.7,-36.702508960573475,-19.54441913439635,2.2797874075412974,4.746366063482646,6.835186758299798,138.151,-49.47067238912732,https://finance.naver.com/item/main.naver?code=001780
아나패스,KOSDAQ,14100.0,170940151500,64.06,2.31,224.0,6221.0,0.67832,15200181910.0,480267080.0,3900433760.0,,15.48254,디스플레이장비및부품,22900.0,10750.0,0.04582166,12123415,123860,22812.0,22911.0,0.9956789315176117,290831417.25,-19.243986254295532,-15.162454873646213,1.3392693466020689,3.600707281787494,3.159614028592898,67.83200000000001,-38.427947598253276,https://finance.naver.com/item/main.naver?code=123860
비보존 제약,KOSDAQ,2815.0,170925859790,-4.29,1.92,-622.0,1394.0,0.74704,14106262160.0,-3019381930.0,-5558546940.0,,49.64242,제약,8049.244,2070.0,0.013372175,60719666,082800,189673.0,224526.8,0.8447677515557164,541301128.55,-0.7054673721340388,-51.04347826086957,1.197950534190128,-44.61979913916787,-21.404549949183703,74.70400000000001,-65.02777155221037,https://finance.naver.com/item/main.naver?code=082800
더핑크퐁컴퍼니,KOSDAQ,11900.0,170777019000,8.3,0.93,1443.0,12838.0,0.10459,20652688440.0,2936888020.0,6147173700.0,,-1083.31724,방송과엔터테인먼트,61500.0,9500.0,0.0372451138,14351010,403850,56546.0,67833.6,0.833598688555524,737294320.25,-21.60737812911726,-51.129363449691986,1.079686173223889,11.24006854650257,14.22036665363069,10.459,-80.65040650406505,https://finance.naver.com/item/main.naver?code=403850
에스엠벡셀,KOSPI,1528.0,169992689280,101.27,2.41,15.0,631.0,0.41309,36600884730.0,489113120.0,409481480.0,,11.42846,자동차부품,3495.0,1321.0,0.0078221055,111251760,010580,17732.0,108655.15,0.16319520979907534,167386416.15,-26.889952153110052,-37.50511247443763,0.39972334491278144,2.3771790808240887,1.3363423414710445,41.309000000000005,-56.28040057224606,https://finance.naver.com/item/main.naver?code=010580
앤로보틱스,KOSDAQ,1936.0,170317536224,14.38,1.76,136.0,1110.0,0.50401,9045207630.0,383995480.0,5632263930.0,,173.4423,기계,4980.0,728.0,0.0485243731,87973934,138360,249042.0,1798589.1,0.13846520030617332,3823574614.75,-43.88405797101449,-28.163265306122454,0.5682637574085153,12.252252252252251,4.245292045330308,50.400999999999996,-61.124497991967864,https://finance.naver.com/item/main.naver?code=138360
모베이스전자,KOSDAQ,2315.0,169535452955,8.41,0.69,274.0,3346.0,2.20847,265324535150.0,7423710930.0,6009969970.0,,11.42846,자동차부품,7070.0,1262.0,0.0537871509,73233457,012860,331413.0,457911.05,0.7237497326172845,1031152836.6,-61.60862354892206,-42.90998766954377,1.227423972406868,8.188882247459652,2.797973781732262,220.847,-67.25601131541725,https://finance.naver.com/item/main.naver?code=012860
안트로젠,KOSDAQ,16930.0,169403273000,-123.19,1.95,-138.0,8739.0,0.01144,2123343850.0,-1100528930.0,-882264250.0,,49.64242,제약,61800.0,13500.0,0.0437336225,10006100,065660,36606.0,51539.8,0.7102472264153139,866418146.5,-45.91054313099041,-58.35178351783517,1.514518876673949,-1.579128046687264,-51.82999117170778,1.1440000000000001,-72.6051779935275,https://finance.naver.com/item/main.naver?code=065660
에스앤디,KOSDAQ,58300.0,168647558200,7.64,1.82,7124.0,29812.0,0.41982,45470713840.0,8130781530.0,6375912090.0,,32.75937,식품,135900.0,42100.0,0.060882467,2892754,260970,39145.0,25607.5,1.528653714732012,1269810768.75,10.000000000000009,-19.58620689655173,1.528653714732012,23.896417549979873,17.881358886535573,41.982,-57.10080941869021,https://finance.naver.com/item/main.naver?code=260970
디오,KOSDAQ,12570.0,168636957960,-124.1,0.87,-100.0,14316.0,0.73267,41322557370.0,4136197080.0,9629088460.0,,-35.75178,건강관리장비와용품,19400.0,11050.0,0.1576142002,13415828,039840,21655.0,21012.05,1.030599108606728,255467051.5,-21.486570893191757,-22.78869778869779,1.1535761622497567,-0.6985191394244202,10.009537993896915,73.26700000000001,-35.20618556701031,https://finance.naver.com/item/main.naver?code=039840
모두투어,KOSDAQ,8920.0,168588000000,10.71,1.76,836.0,5081.0,1.48552,61339555490.0,2832497490.0,4565598010.0,,13.58287,"호텔,레스토랑,레저",17500.0,7690.0,0.1085268254,18900000,080160,26796.0,44992.0,0.595572546230441,382760215.0,-14.313160422670512,-17.56007393715342,0.9779071834992887,16.453454044479432,4.617733968518525,148.552,-49.02857142857143,https://finance.naver.com/item/main.naver?code=080160
안국약품,KOSDAQ,12910.0,168377642200,19.09,0.86,658.0,14551.0,0.90952,98927522230.0,16018604680.0,12395276560.0,,49.64242,제약,12930.0,7280.0,0.0491087544,13042420,001540,181148.0,108858.7,1.664065435284456,1232166272.0,61.375,50.11627906976743,3.7948827241185135,4.522025977596042,16.192263102231344,90.952,-0.15467904098994678,https://finance.naver.com/item/main.naver?code=001540
SP삼화,KOSPI,6170.0,167845403730,19.74,0.49,308.0,12503.0,0.89097,144306868720.0,1820776220.0,2972358190.0,,6.9634,건축자재,14300.0,5180.0,0.2082631814,27203469,000390,86553.0,110134.2,0.7858866728046329,647560086.5,-24.75609756097561,-8.592592592592595,1.0864472616135588,2.463408781892346,1.2617391231271669,89.09700000000001,-56.85314685314685,https://finance.naver.com/item/main.naver?code=000390
EDGC,KOSDAQ,741.0,167118555474,2.04,-2.55,364.0,-291.0,1.96386,1597442930.0,-1300738400.0,24689393000.0,,-35.33202,생명과학도구및서비스,415.0,415.0,0.0046554242,225531114,245620,,,,,,,,-125.08591065292096,-81.42628294082468,196.386,78.55421686746989,https://finance.naver.com/item/main.naver?code=245620
레드캡투어,KOSDAQ,9960.0,166539387120,6.97,0.82,1416.0,12037.0,2.5657,92351191390.0,17921463460.0,10865055820.0,,12.11119,도로와철도운송,13330.0,9000.0,0.0709614635,16720822,038390,23232.0,17578.05,1.3216483056994377,173105935.5,-6.9158878504672945,-16.090985678180292,1.3216483056994377,11.763728503780012,19.40577397027558,256.57,-25.281320330082522,https://finance.naver.com/item/main.naver?code=038390
SM C&C,KOSDAQ,1719.0,166252431780,-80.59,2.1,-22.0,843.0,1.36722,21475101150.0,-2238081180.0,-1232169000.0,,11.38111,광고,1900.0,777.0,0.0431151774,96714620,048550,810417.0,770414.9,1.0519228015969058,1231936230.75,71.21513944223108,29.73584905660378,2.6815356245057047,-2.6097271648873073,-10.42174918929311,136.722,-9.526315789473683,https://finance.naver.com/item/main.naver?code=048550
디바이스,KOSDAQ,12030.0,165653821800,9.47,1.01,1304.0,12226.0,0.33817,31091824050.0,12283917090.0,11058214230.0,,15.48254,디스플레이장비및부품,29700.0,5485.467,0.0794716218,13770060,187870,98511.0,123403.95,0.7982807681601765,1408671542.5,-44.04651162790698,-20.646437994722955,0.9704632631289355,10.665794209062653,39.508512174280106,33.817,-59.49494949494949,https://finance.naver.com/item/main.naver?code=187870
해태제과식품,KOSPI,5670.0,165092380740,6.29,0.47,878.0,11639.0,1.28916,157727230810.0,10683260080.0,6733335050.0,,32.75937,식품,7380.0,5350.0,0.0137845401,29116822,101530,34206.0,58188.0,0.5878531656011549,325090514.25,-8.842443729903538,-17.3469387755102,0.6550835223757476,7.5436034023541545,6.773250265750988,128.916,-23.17073170731707,https://finance.naver.com/item/main.naver?code=101530
대양전기공업,KOSDAQ,17240.0,164940820920,6.49,0.6,2680.0,29042.0,0.21218,50896453290.0,6274197020.0,7268324920.0,,22.196,조선,36650.0,14000.0,0.0650223004,9567333,108380,22761.0,54048.85,0.42111904323588756,887363324.5,-38.64768683274021,-38.42857142857142,1.02564624409215,9.228014599545487,12.327375709758421,21.218,-52.960436562073674,https://finance.naver.com/item/main.naver?code=108380
지놈앤컴퍼니,KOSDAQ,3630.0,164797255590,-17.56,1.5,-205.0,2402.0,0.52631,5782369610.0,-6095835020.0,-6811030120.0,,49.64242,제약,10180.0,2440.0,0.0499398518,45398693,314130,471307.0,380020.75,1.240213856743349,1367193194.3,-47.99426934097421,-61.74920969441517,1.258244451125366,-8.534554537885096,-105.4210545354606,52.63099999999999,-64.3418467583497,https://finance.naver.com/item/main.naver?code=314130
만호제강,KOSPI,3970.0,164755000000,-36.68,0.73,-110.0,5544.0,0.27063,37671951740.0,1262268800.0,305285520.0,,41.57565,철강,6240.0,2360.0,0.0015653976,41500000,001080,12217.0,18575.05,0.6577102080478923,76170869.1,-23.946360153256705,-92.29126213592234,0.6848433786180925,-1.984126984126984,3.35068596581293,27.063,-36.37820512820513,https://finance.naver.com/item/main.naver?code=001080
SYTS,KOSPI,54900.0,164700000000,6.11,0.32,9071.0,171777.0,0.06288,41251065040.0,2149206240.0,3126544750.0,,9.96468,"섬유,의류,신발,호화품",62700.0,49050.0,0.0427733333,3000000,002170,429.0,3886.4,0.11038493207081103,214429322.5,-8.193979933110363,-6.313993174061439,1.5212021407986827,5.280683677092975,5.210062426063364,6.288,-12.440191387559807,https://finance.naver.com/item/main.naver?code=002170
빅솔론,KOSDAQ,8550.0,164492637750,6.82,0.63,1261.0,13716.0,0.20188,37451917130.0,5575697670.0,6627122540.0,,17.98164,컴퓨터와주변기기,9870.0,5290.0,0.102831788,19238905,093190,20700.0,24865.75,0.8324703658646934,207547002.5,1.3033175355450233,39.47797716150081,1.4828026502317444,9.193642461358998,14.887616168342193,20.188,-13.373860182370823,https://finance.naver.com/item/main.naver?code=093190
엠아이텍,KOSDAQ,5080.0,164417644240,8.18,1.32,628.0,3891.0,0.15095,16727980350.0,4914020910.0,4828566780.0,,-35.75178,건강관리장비와용품,8340.0,4000.0,0.0665664412,32365678,179290,36918.0,107000.7,0.3450257802051762,500890187.45,-18.06451612903226,-34.955185659411015,0.6715843915039809,16.139809817527627,29.376056207526567,15.095,-39.08872901678657,https://finance.naver.com/item/main.naver?code=179290
아이디스,KOSDAQ,15280.0,163746439200,8.76,0.62,1745.0,24487.0,0.373,78806567200.0,3405106250.0,5679699340.0,,229.76836,전자장비와기기,20750.0,13670.0,0.0243913295,10716390,143160,4920.0,11261.85,0.436873160271181,174415828.75,-11.368909512761016,-16.411378555798684,0.9198311112295049,7.126230244619594,4.320840725568364,37.3,-26.36144578313253,https://finance.naver.com/item/main.naver?code=143160
조선내화,KOSPI,13810.0,163719870080,73.4,0.74,188.0,18686.0,1.09986,131867684000.0,8959841000.0,7467772000.0,,29.93748,비철금속,18800.0,13070.0,0.0066742201,11855168,462520,13461.0,21459.45,0.6272760951468933,306562526.0,-2.8149190710767047,-1.708185053380784,0.9769588689365291,1.0061008241464198,6.794569168288418,109.986,-26.54255319148936,https://finance.naver.com/item/main.naver?code=462520
아바코,KOSDAQ,11150.0,163651326350,5.6,0.72,1987.0,15532.0,0.79935,14836696490.0,-4001146010.0,1448048710.0,,-70.52697,전기제품,17500.0,9110.0,0.0572508513,14677249,083930,42670.0,53785.55,0.7933357565368393,548116238.75,-23.050379572118707,-21.033994334277615,0.7933357565368393,12.792943600309039,-26.96790362124608,79.935,-36.285714285714285,https://finance.naver.com/item/main.naver?code=083930
스트라드비젼,KOSDAQ,3070.0,163493273660,-1.07,5.55,-2836.0,548.0,2.08591,3567729000.0,-13170105000.0,-13057435000.0,,164.30795,소프트웨어,11080.0,2410.0,0.0006395064,53255138,475040,3299013.0,2139133.8,1.5422190982162969,7404710571.3,-57.36111111111111,-57.36111111111111,1.5422190982162969,-517.5182481751824,-369.14533026471463,208.591,-72.29241877256318,https://finance.naver.com/item/main.naver?code=475040
제일일렉트릭,KOSDAQ,7350.0,163317000000,24.97,1.05,298.0,7066.0,0.48666,52693543910.0,2516982010.0,2876474020.0,,52.67418,전기장비,22300.0,5410.0,0.0340532853,22220000,199820,159868.0,206594.75,0.7738241170213667,1447419372.5,-55.319148936170215,-26.056338028169012,5.403375448795287,4.217378998018681,4.776642114447602,48.666,-67.04035874439462,https://finance.naver.com/item/main.naver?code=199820
비엠티,KOSDAQ,16430.0,163082290550,7.87,1.08,2063.0,15049.0,0.86599,35569216430.0,1771664660.0,3642838880.0,,173.4423,기계,22200.0,10120.0,0.0179386523,9925885,086670,16391.0,28529.45,0.5745291269197268,425542874.75,4.185161699429285,31.334932054356514,1.4869897597044457,13.708552063260019,4.980893136869138,86.599,-25.99099099099099,https://finance.naver.com/item/main.naver?code=086670
일양약품,KOSPI,8500.0,162228144000,22.59,0.65,375.0,12934.0,0.80771,65073523150.0,-7368840000.0,16962301710.0,,49.64242,제약,16240.0,7290.0,0.0608904673,19085664,007570,15108.0,24540.55,0.6156341239295778,202682684.25,-14.744232698094283,-37.63756419662509,0.8488807300569874,2.8993350858203186,-11.323868208294483,80.771,-47.66009852216748,https://finance.naver.com/item/main.naver?code=007570
에이치엠넥스,KOSDAQ,2645.0,162312080770,14.64,1.18,181.0,2239.0,0.20932,11567890250.0,867558620.0,2697457240.0,,15.48254,디스플레이장비및부품,10240.0,801.0,0.0337206207,61365626,036170,224858.0,378707.1,0.5937517411213046,1009932530.8,-67.22428748451053,74.47229551451187,1.4008636225726954,8.083966056275123,7.499713441696942,20.932000000000002,-74.169921875,https://finance.naver.com/item/main.naver?code=036170
제테마,KOSDAQ,4350.0,162198880650,-23.8,2.41,-184.0,1818.0,1.95742,16003577300.0,-665322360.0,-2402698900.0,,-35.75178,건강관리장비와용품,11280.0,3800.0,0.0319591503,37287099,216080,95124.0,119108.0,0.7986365315511972,506921014.1,-27.740863787375414,-53.07443365695793,0.9537646505692313,-10.121012101210122,-4.15733524778863,195.742,-61.43617021276595,https://finance.naver.com/item/main.naver?code=216080
대한약품,KOSDAQ,27000.0,162000000000,5.64,0.52,4701.0,51057.0,0.1718,52714571540.0,7860598540.0,6980878220.0,,49.64242,제약,31700.0,24000.0,0.2010036667,6000000,023910,4084.0,10700.6,0.3816608414481431,276056291.25,-2.7027027027026973,-6.412478336221838,0.6254789451058819,9.207356483929725,14.91162369409633,17.18,-14.82649842271293,https://finance.naver.com/item/main.naver?code=023910
웅진,KOSPI,2025.0,161852337000,1.32,0.89,1554.0,2289.0,15.81642,302632321740.0,31743732050.0,4244203720.0,,2.40029,출판,5200.0,1690.0,0.065876046,79927080,016880,108154.0,259376.9,0.41697622263200773,516748861.05,-20.588235294117652,-14.012738853503182,1.1445236642121948,67.88990825688074,10.489207453945365,1581.642,-61.057692307692314,https://finance.naver.com/item/main.naver?code=016880
인터플렉스,KOSDAQ,6920.0,161426106240,4.94,0.52,1410.0,13306.0,0.1559,128995403820.0,5286253250.0,10174884430.0,,229.76836,전자장비와기기,14670.0,5500.0,0.0817061532,23327472,051370,44390.0,107270.45,0.4138138695232471,706536341.5,-43.4640522875817,-38.32442067736186,0.8934054066147761,10.596723282729597,4.098016745911684,15.590000000000002,-52.82890252215405,https://finance.naver.com/item/main.naver?code=051370
코리아에프티,KOSDAQ,5790.0,161199760560,3.66,0.62,1577.0,9358.0,1.02893,210561508340.0,11761953030.0,10575738460.0,,11.42846,자동차부품,9550.0,4600.0,0.4607436699,27841064,123410,63246.0,80664.2,0.7840652978644802,427170188.25,-13.323353293413176,-28.430160692212603,1.2126073276620857,16.85189142979269,5.585993908728855,102.89299999999999,-39.3717277486911,https://finance.naver.com/item/main.naver?code=123410
대창단조,KOSPI,5920.0,160690230400,5.16,0.46,1142.0,12806.0,0.27038,98354445980.0,11523347960.0,10569323870.0,,173.4423,기계,7490.0,5170.0,0.0850715933,27143620,015230,36237.0,34975.25,1.0360755105395958,198483558.5,-13.450292397660824,-7.788161993769471,1.2828214237210598,8.91769483054818,11.716143429187968,27.038,-20.961281708945258,https://finance.naver.com/item/main.naver?code=015230
인터로조,KOSDAQ,14070.0,160591420290,13.6,1.11,1007.0,12297.0,0.64529,30716020100.0,6226279780.0,4968000910.0,,-35.75178,건강관리장비와용품,23100.0,12420.0,0.0587754398,11413747,119610,64024.0,50543.4,1.266713359212083,721186807.25,-28.83156297420334,-12.608695652173918,1.266713359212083,8.188989184353908,20.270463945945913,64.529,-39.090909090909086,https://finance.naver.com/item/main.naver?code=119610
강남제비스코,KOSPI,12300.0,159900000000,-58.65,0.25,-207.0,47663.0,0.41235,146934818200.0,861821250.0,-1475534960.0,,6.9634,건축자재,18880.0,11110.0,0.0533847692,13000000,000860,12885.0,17586.65,0.7326580104795398,222639101.25,-18.811881188118807,-25.499697153240465,0.7622827542482508,-0.43429914189203367,0.5865330359118381,41.235,-34.85169491525424,https://finance.naver.com/item/main.naver?code=000860
동부건설,KOSPI,6960.0,159708774480,3.08,0.29,2251.0,24189.0,2.07291,434557723560.0,10124435460.0,15977335930.0,,35.15774,건설,10610.0,5180.0,0.0788547337,22946663,005960,26032.0,60601.5,0.42956032441441216,402320162.5,-17.24137931034483,27.706422018348633,0.8316790838510598,9.305882839307122,2.329825224841989,207.29099999999997,-34.40150801131009,https://finance.naver.com/item/main.naver?code=005960
버킷스튜디오,KOSDAQ,1153.0,159637252154,-4.18,1.21,-276.0,950.0,0.0963,4462997150.0,-1190469790.0,-15771986850.0,,32.17663,IT서비스,1153.0,1153.0,0.0050308183,138453818,066410,,,,,,,,-29.05263157894737,-26.674222500903905,9.629999999999999,0.0,https://finance.naver.com/item/main.naver?code=066410
피델릭스,KOSDAQ,4820.0,159696548480,-53.37,3.51,-89.0,1353.0,0.42537,21489395540.0,4331943530.0,5254231980.0,,27.50173,반도체와반도체장비,9790.0,850.0,0.379966971,33132064,032580,603673.0,1014949.4,0.594781375307971,4328772278.15,153.550762756444,333.84338433843385,1.807105851779409,-6.577974870657798,20.158517357719965,42.537000000000006,-50.76608784473953,https://finance.naver.com/item/main.naver?code=032580
KG파이낸셜,KOSDAQ,4190.0,159265260380,6.5,0.42,644.0,9858.0,0.66293,62548771450.0,7012227890.0,4012477490.0,,32.17663,IT서비스,6380.0,3640.0,0.0467362146,38010802,046440,133573.0,145672.65,0.9169394529446674,592115129.65,-9.69827586206896,-18.7984496124031,7.958185699237297,6.532765266788395,11.210816339702864,66.293,-34.32601880877743,https://finance.naver.com/item/main.naver?code=046440
코다코,KOSDAQ,10280.0,159196994920,-24.95,11.62,-412.0,885.0,41.62783,58647533690.0,641443370.0,1029280570.0,,11.42846,자동차부품,10280.0,10280.0,0.0010963388,15486089,046070,,,,,,,,-46.55367231638418,1.0937260778783142,4162.783,0.0,https://finance.naver.com/item/main.naver?code=046070
코스텍시스,KOSDAQ,20400.0,159065940000,-270.39,6.78,-76.0,3033.0,0.96321,5448393750.0,1131204610.0,947348790.0,,27.50173,반도체와반도체장비,64100.0,9180.0,0.1898347516,7797350,355150,173677.0,82001.1,2.117983783144372,1483795312.5,-63.89380530973452,59.624413145539904,3.406868932246031,-2.50576986482031,20.762167014819735,96.321,-68.17472698907956,https://finance.naver.com/item/main.naver?code=355150
아가방컴퍼니,KOSDAQ,4835.0,159011236560,11.75,0.76,417.0,6452.0,0.31908,48473525140.0,2136933490.0,2484561740.0,,9.96468,"섬유,의류,신발,호화품",5670.0,3115.0,0.0488547698,32887536,013990,89813.0,301002.6,0.29837948243636436,1238764981.7,-3.300000000000003,5.798687089715537,0.4656238849764089,6.463112213267204,4.4084548912590185,31.907999999999998,-14.726631393298062,https://finance.naver.com/item/main.naver?code=013990
바이오비쥬,KOSDAQ,10750.0,158597835250,35.77,2.59,298.0,4118.0,0.06856,8014647550.0,2594342050.0,2903010540.0,,42.98944,화장품,19070.0,5230.0,0.0070773381,14753287,489460,59215.0,227587.5,0.26018564288460483,1925538714.0,54.23242467718794,-15.884194053208134,1.0827791508760367,7.236522583778533,32.37000796123593,6.856,-43.62873623492396,https://finance.naver.com/item/main.naver?code=489460
오르비텍,KOSDAQ,4690.0,158781980770,165.0,2.1,29.0,2282.0,0.75335,22403048970.0,-3090858520.0,19111857170.0,,-34.90219,에너지장비및서비스,16410.0,3240.0,0.082710388,33855433,046120,151346.0,290838.45,0.520378237471696,1320583776.2,-54.33300876338851,1.625135427952329,1.5717110306426127,1.2708150744960562,-13.796597615525366,75.335,-71.41986593540524,https://finance.naver.com/item/main.naver?code=046120
하이비젼시스템,KOSDAQ,10600.0,158386387200,-7.93,0.55,-1350.0,19368.0,0.22016,27975370640.0,-7481557000.0,-3933379780.0,,85.22491,핸드셋,21500.0,8000.0,0.128907212,14942112,126700,49894.0,118740.05,0.4201952079353175,1107615417.0,-37.90275336848272,-37.75689958896066,0.8557601247430837,-6.970260223048327,-26.743370432070883,22.016,-50.69767441860464,https://finance.naver.com/item/main.naver?code=126700
미래산업,KOSPI,6220.0,158324750800,13.95,1.22,479.0,5490.0,0.3022,20738442770.0,4886166580.0,5912568950.0,,27.50173,반도체와반도체장비,13400.0,2038.0,0.1023523089,25454140,025560,271081.0,780452.1,0.3473384208973235,12679021010.75,-56.775538568450315,-51.782945736434115,0.7429257990336627,8.72495446265938,23.560913585412855,30.220000000000002,-53.5820895522388,https://finance.naver.com/item/main.naver?code=025560
녹십자웰빙,KOSDAQ,8810.0,158256584900,15.48,1.37,564.0,6351.0,1.17824,49125123710.0,4822931490.0,-3046192900.0,,49.64242,제약,15890.0,6680.0,0.0358166015,17963290,234690,46699.0,75960.9,0.6147768128076418,599152103.0,-15.532118887823588,-6.969376979936637,1.319020706705687,8.880491261218705,9.817647520790334,117.824,-44.55632473253619,https://finance.naver.com/item/main.naver?code=234690
GC메디아이,KOSDAQ,3025.0,157896345475,4.12,1.08,729.0,2787.0,0.45736,49840502670.0,2240710870.0,481650500.0,,635.5771,건강관리기술,4470.0,2645.0,0.0232190887,52197139,032620,40371.0,85094.4,0.4744260491877257,245490503.25,-20.811518324607327,-24.46941323345818,0.823285668622142,26.157158234660926,4.495762983844721,45.736,-32.32662192393736,https://finance.naver.com/item/main.naver?code=032620
메가스터디,KOSDAQ,13230.0,157714287570,5.52,0.45,2393.0,29432.0,0.56467,27567865730.0,1530993340.0,5751496400.0,,10.90798,교육서비스,13710.0,10680.0,0.1912529856,11920959,072870,20161.0,25010.9,0.806088545394208,323889862.25,3.602192638997659,21.04300091491309,0.806088545394208,8.130606142973635,5.553543226721165,56.467,-3.5010940919037226,https://finance.naver.com/item/main.naver?code=072870
하나제약,KOSPI,8880.0,157823760480,17.42,0.5,507.0,17808.0,0.37456,62263809600.0,7105247360.0,10004762330.0,,49.64242,제약,12390.0,8120.0,0.0020329213,17772946,293480,87569.0,35703.4,2.452679576734989,305666097.0,-4.207119741100329,-13.870029097963144,2.4748903465776366,2.8470350404312668,11.411520441242002,37.456,-28.32929782082324,https://finance.naver.com/item/main.naver?code=293480
동국씨엠,KOSPI,5270.0,157565917120,-2.96,0.16,-1773.0,32899.0,1.61182,686958183630.0,7984801680.0,-2133639650.0,,41.57565,철강,7790.0,4230.0,0.214627808,29898656,460850,28828.0,121506.85,0.23725411365696666,634600911.35,-13.464696223316908,0.5725190839694694,0.4325023650929968,-5.389221556886228,1.1623417364077382,161.18200000000002,-32.34916559691913,https://finance.naver.com/item/main.naver?code=460850
아이엘,KOSDAQ,4255.0,157076201380,-10.94,6.68,-394.0,645.0,3.50966,25234462470.0,154430510.0,-438206790.0,,15.48254,디스플레이장비및부품,10400.0,2400.0,0.019164731,36915676,307180,225873.0,376242.05,0.6003395952153674,1632505445.15,-51.035673187571916,-4.489337822671158,1.2017662565893419,-61.08527131782946,0.6119825622740915,350.96599999999995,-59.08653846153846,https://finance.naver.com/item/main.naver?code=307180
흥구석유,KOSDAQ,10470.0,157050000000,924.55,1.89,11.0,5394.0,0.14718,27102556730.0,560989480.0,419355290.0,,-116.68055,석유와가스,36200.0,8920.0,0.0251758,15000000,024060,1432672.0,5653004.0,0.25343551853138613,69869506758.75,-32.97055057618438,-17.62391817466562,0.28256746324609006,0.2039302929180571,2.069876600900302,14.718,-71.07734806629834,https://finance.naver.com/item/main.naver?code=024060
케이엔알시스템,KOSDAQ,14000.0,156758602000,-18.42,6.89,-778.0,2081.0,1.39911,1846226570.0,-2542086780.0,-2462990170.0,,173.4423,기계,45300.0,8510.0,0.0124878506,11197043,199430,162420.0,321396.3,0.5053574045500835,4772397379.75,-41.90871369294605,-60.05706134094151,2.4317174777681014,-37.385872176838056,-137.69094331688663,139.911,-69.09492273730685,https://finance.naver.com/item/main.naver?code=199430
헬릭스미스,KOSDAQ,3400.0,156715509800,-376.67,1.1,-9.0,3083.0,0.01185,554937410.0,-2197164900.0,-1405775270.0,,-69.9395,생물공학,9960.0,2725.0,0.039057838,46092797,084990,73844.0,170080.35,0.4341712608187836,562812114.85,-56.01552393272963,-43.61525704809287,0.8530438701472568,-0.2919234511839118,-395.9302185087864,1.185,-65.86345381526104,https://finance.naver.com/item/main.naver?code=084990
압타바이오,KOSDAQ,5570.0,156480265850,-9.65,3.49,-607.0,1680.0,0.31431,957409750.0,-6095051710.0,-6444801290.0,,-13.88903,건강관리업체및서비스,10890.0,3870.0,0.0169138273,28093405,293780,61525.0,97083.55,0.633732491240792,462601584.85,-22.853185595567872,-37.97327394209354,1.4798181566290067,-36.13095238095238,-636.6189304004895,31.430999999999997,-48.852157943067034,https://finance.naver.com/item/main.naver?code=293780
SG,KOSDAQ,1417.0,155251198934,-62.59,1.3,-22.0,1058.0,0.93704,8952511030.0,-6035488730.0,-10020479350.0,,6.9634,건축자재,3397.241,1035.0,0.0212439563,109563302,255220,681195.0,1568511.2,0.4342939980281939,2166825175.2,-39.44444444444445,-43.54581673306773,2.1618309132889837,-2.0793950850661624,-67.41671369937424,93.704,-58.28968271606283,https://finance.naver.com/item/main.naver?code=255220
푸른저축은행,KOSDAQ,10290.0,155202012000,5.98,0.37,1696.0,27355.0,3.82909,27529813650.0,-3989268150.0,-833591300.0,,28.13105,기타금융,14050.0,9410.0,0.0190705307,15082800,007330,5046.0,12012.95,0.4200466996033447,120679822.75,-10.521739130434781,-3.6516853932584303,1.7592681231504335,6.199963443611771,-14.490719772816188,382.909,-26.761565836298928,https://finance.naver.com/item/main.naver?code=007330
에이스테크,KOSDAQ,2055.0,155165721870,-5.05,2.2,-399.0,914.0,2.9184,33166651190.0,-4084561440.0,-3655810560.0,,-246.63174,통신장비,7890.0,1330.0,0.0,75506434,088800,313826.0,213592.4,1.4692751240212667,392737606.0,-53.13568985176739,-31.727574750830566,6.505840095434108,-43.65426695842451,-12.315266369827311,291.84000000000003,-73.95437262357414,https://finance.naver.com/item/main.naver?code=088800
경동제약,KOSDAQ,5040.0,155074580640,15.74,0.64,316.0,7812.0,0.34714,47814426270.0,2410534890.0,4724612130.0,,49.64242,제약,6890.0,4700.0,0.0202385432,30768766,011040,19127.0,27127.45,0.7050791725724312,134306620.75,-6.145251396648044,-12.95336787564767,4.722375306193542,4.0450588837685615,5.041438490526094,34.714,-26.850507982583448,https://finance.naver.com/item/main.naver?code=011040
와이솔,KOSDAQ,5820.0,155039451420,-3.78,0.52,-1522.0,11034.0,0.2156,97187733360.0,2132362920.0,6101953340.0,,85.22491,핸드셋,9340.0,5270.0,0.1109887762,26639081,122990,54407.0,69642.25,0.781235528719994,406916429.25,-21.7741935483871,-5.672609400324147,0.9131812944010281,-13.793728475620808,2.194065903462696,21.560000000000002,-37.68736616702355,https://finance.naver.com/item/main.naver?code=122990
바이오솔루션,KOSDAQ,5970.0,154766787450,540.0,4.49,11.0,1324.0,0.58227,3762806550.0,-1298983580.0,-2038642960.0,,-69.9395,생물공학,13450.0,5240.0,0.0297051178,25924085,086820,55657.0,72157.85,0.7713228706232239,423511998.5,-39.0194075587334,-25.094102885821833,1.0379882438293269,0.8308157099697886,-34.521667875804035,58.227,-55.61338289962825,https://finance.naver.com/item/main.naver?code=086820
프레스티지바이오로직스,KOSDAQ,1986.0,154416737082,-5.2,1.12,-373.0,1739.0,1.49172,2269602680.0,-16327903360.0,-14649592000.0,,49.64242,제약,3950.0,1650.0,0.4201765401,77752637,334970,156065.0,255160.35,0.6116349973653822,459753307.0,-3.8256658595641646,-34.01993355481727,2.0089680861466133,-21.449108683151234,-719.4168170439418,149.172,-49.721518987341774,https://finance.naver.com/item/main.naver?code=334970
에스오에스랩,KOSDAQ,8590.0,154165116550,-8.92,6.0,-1000.0,1486.0,2.60317,580500290.0,-5502470170.0,-6468934910.0,,229.76836,전자장비와기기,28700.0,6550.0,0.0180981883,17947045,464080,58398.0,113675.65,0.5137247950638506,914359445.5,-47.268262737876,-67.151051625239,0.9885142508531951,-67.29475100942126,-947.8841380079242,260.317,-70.06968641114983,https://finance.naver.com/item/main.naver?code=464080
노루페인트,KOSPI,7700.0,154000000000,9.53,0.38,804.0,20328.0,0.70446,176231831500.0,7932262860.0,6879480340.0,,6.9634,건축자재,10570.0,7000.0,0.05277395,20000000,090350,32234.0,39914.15,0.8075832756052678,296947940.5,-5.1724137931034475,-7.117008443908324,1.053335721792898,3.9551357733175916,4.501038656004662,70.446,-27.15231788079471,https://finance.naver.com/item/main.naver?code=090350
와이바이오로직스,KOSDAQ,9980.0,153359476380,-3.63,5.84,-2822.0,1752.0,1.40487,281888000.0,-3879920570.0,-4317378460.0,,-69.9395,생물공학,38000.0,7230.0,0.0832511588,15366681,338840,48149.0,94530.85,0.5093469486416339,862447429.0,-50.47146401985112,-61.90839694656489,1.1070460066740115,-161.0730593607306,-1376.4050154671359,140.487,-73.73684210526315,https://finance.naver.com/item/main.naver?code=338840
대한화섬,KOSPI,115200.0,152985600000,12.73,0.17,8883.0,657488.0,0.1785,26522280900.0,-642206120.0,11048230580.0,,-30.06008,화학,148800.0,101200.0,0.0045963855,1328000,003830,29.0,136.65,0.21222100256128795,14861760.0,-3.9199332777314466,0.7874015748031482,0.8708379070618367,1.3510512739396003,-2.4213834489627173,17.849999999999998,-22.580645161290324,https://finance.naver.com/item/main.naver?code=003830
삼미금속,KOSDAQ,6620.0,152601452980,77.44,1.59,86.0,4178.0,1.15443,18258698310.0,1602296350.0,1253509180.0,,173.4423,기계,20850.0,4020.0,0.0128336111,23051579,012210,27293.0,72250.9,0.37775307989243045,448763547.4,-51.5018315018315,-37.310606060606055,1.4822929541362115,2.0584011488750598,8.775523439819628,115.44300000000001,-68.24940047961631,https://finance.naver.com/item/main.naver?code=012210
롯데하이마트,KOSPI,6480.0,152977973760,-59.62,0.16,-106.0,40757.0,1.01952,496907681750.0,-14779658630.0,-20402714750.0,,30.99486,전문소매,10120.0,5830.0,0.02879864,23607712,071840,30339.0,19169.0,1.5827116698836663,119042820.25,-6.493506493506496,-11.59618008185539,1.5827116698836663,-0.26007802340702213,-2.974326856439265,101.952,-35.96837944664032,https://finance.naver.com/item/main.naver?code=071840
한국주철관,KOSPI,6690.0,152535345000,8.37,0.39,789.0,16819.0,0.2218,92083280710.0,2513897570.0,2768516590.0,,41.57565,철강,7880.0,6130.0,0.0264488498,22800500,000970,37087.0,21832.4,1.6987138381488063,142114529.5,-3.04347826086957,-0.44642857142856984,1.6987138381488063,4.691123134550211,2.730026070549197,22.18,-15.101522842639593,https://finance.naver.com/item/main.naver?code=000970
동양이엔피,KOSDAQ,20150.0,152165908700,3.11,0.35,6525.0,58388.0,0.18512,122844264440.0,6519831660.0,13312499150.0,,-70.52697,전기제품,38050.0,17500.0,0.0811391353,7551658,079960,13237.0,31194.2,0.42434170454764025,604846769.25,-40.73529411764706,-31.57894736842105,1.1556956100813613,11.175241487976981,5.30739606746918,18.512,-47.04336399474376,https://finance.naver.com/item/main.naver?code=079960
삼화전기,KOSPI,22800.0,150795096000,16.26,1.63,1427.0,14219.0,0.50956,57447366250.0,3382657630.0,1832366690.0,,-70.52697,전기제품,59500.0,17800.0,0.2641976951,6613820,009470,59269.0,58483.1,1.0134380701433405,1323249312.75,-43.35403726708075,-48.18181818181818,1.05052570742659,10.035867501230749,5.888272780477556,50.956,-61.680672268907564,https://finance.naver.com/item/main.naver?code=009470
우양에이치씨,KOSDAQ,10150.0,150118591350,-31.37,0.75,-299.0,12468.0,0.30548,31156578240.0,3011328770.0,4480747890.0,,-34.90219,에너지장비및서비스,21400.0,7970.0,0.0036957381,14790009,101970,5868.0,13786.7,0.42562759761219143,133564868.0,-21.923076923076923,-15.346121768140119,1.3378110787933297,-2.3981392364453,9.665145982346488,30.548,-52.570093457943926,https://finance.naver.com/item/main.naver?code=101970
멀티캠퍼스,KOSDAQ,25250.0,149651169750,5.69,0.65,4417.0,38888.0,0.41124,80685700560.0,638362100.0,1583633420.0,,10.90798,교육서비스,34400.0,21500.0,0.0419342446,5926779,067280,2779.0,5758.5,0.4825909525049926,138442608.75,-4.896421845574384,-18.284789644012946,1.2076061474342277,11.358259617362682,0.7911712925207821,41.124,-26.598837209302328,https://finance.naver.com/item/main.naver?code=067280
제일약품,KOSPI,10130.0,148960353360,6.71,0.74,1605.0,14485.0,1.00093,130298266420.0,417680270.0,3225410000.0,,49.64242,제약,19290.0,8810.0,0.0143448375,14704872,271980,81614.0,70121.15,1.1638999075172043,767731893.5,-23.431594860166292,-32.10455764075068,14.061363796800253,11.080428028995511,0.32055704306430327,100.093,-47.485743908761016,https://finance.naver.com/item/main.naver?code=271980
유성티엔에스,KOSDAQ,4225.0,148827188250,2.52,0.27,1687.0,15883.0,0.16982,13231556370.0,928297190.0,7418274710.0,,12.11119,도로와철도운송,5980.0,2110.0,0.0134547912,35225370,024800,16362.0,42738.8,0.3828371409585669,176113389.3,-12.253374870197298,50.89285714285714,0.8882327065804374,10.621419127368885,7.015782301352959,16.982,-29.34782608695652,https://finance.naver.com/item/main.naver?code=024800
신라교역,KOSPI,9260.0,148160000000,30.92,0.24,294.0,38108.0,0.18118,85918859850.0,4474069630.0,11791125300.0,,32.75937,식품,10530.0,8580.0,0.040974125,16000000,004970,5994.0,19909.9,0.3010562584442915,183917480.0,-1.4893617021276562,1.091703056768556,1.3931260327776633,0.7714915503306392,5.20731960108756,18.118000000000002,-12.060778727445399,https://finance.naver.com/item/main.naver?code=004970
티케이케미칼,KOSDAQ,1625.0,147705080250,1.25,0.12,1282.0,13505.0,0.2084,104820391460.0,5619740830.0,7312681320.0,,-30.06008,화학,2915.0,1358.0,0.0455293277,90895434,104480,139739.0,285376.0,0.4896662648575914,431633737.1,-28.41409691629956,-9.672040022234574,2.3995886129176944,9.492780451684562,5.361304944319467,20.84,-44.25385934819898,https://finance.naver.com/item/main.naver?code=104480
디엔에프,KOSDAQ,12650.0,146384003700,119.08,0.98,109.0,13305.0,0.0777,20879187500.0,710326720.0,498774270.0,,27.50173,반도체와반도체장비,26000.0,9600.0,0.0477837699,11571858,092070,12503.0,30630.45,0.4081885835826767,371547064.5,-46.51162790697675,-28.125,1.3451973444725756,0.8192408868846299,3.4020802773096417,7.7700000000000005,-51.34615384615384,https://finance.naver.com/item/main.naver?code=092070
엘오티베큠,KOSDAQ,8230.0,146576571590,-16.8,0.55,-500.0,15352.0,0.36007,62627440640.0,-5424699510.0,-2502619380.0,,27.50173,반도체와반도체장비,17940.0,6070.0,0.0920151018,17810033,083310,47487.0,73862.3,0.6429125548486846,585609414.5,-45.961917268548916,-37.60424564063685,0.8758595386279604,-3.2569046378322044,-8.661857253887614,36.007,-54.124860646599785,https://finance.naver.com/item/main.naver?code=083310
유비쿼스,KOSDAQ,10270.0,150614613110,6.42,0.78,1627.0,13350.0,0.13126,22920528350.0,3661259770.0,7248664540.0,,-246.63174,통신장비,19000.0,8400.0,0.0590627264,14665493,264450,19982.0,34335.5,0.5819632741623102,325961471.0,-31.80610889774237,-10.928013876843023,1.0663890142855064,12.187265917602996,15.973714541357856,13.126,-45.94736842105264,https://finance.naver.com/item/main.naver?code=264450
삼일제약,KOSPI,7000.0,151842677000,-4.32,1.12,-1633.0,6277.0,1.8963,52547340740.0,-8376063700.0,-10833683070.0,,49.64242,제약,12860.0,5500.0,0.0426955131,21691811,000520,32591.0,141787.1,0.22985871070076191,942677408.0,-20.182440136830103,-25.29348986125933,0.714416191599941,-26.015612553767724,-15.940033467048478,189.63,-45.56765163297045,https://finance.naver.com/item/main.naver?code=000520
폴라리스오피스,KOSDAQ,3070.0,152529244510,32.19,1.75,98.0,1798.0,0.27736,75515428460.0,2388155320.0,7601632220.0,,11.42846,자동차부품,6150.0,2355.0,0.034243078,49683793,041020,301660.0,749474.45,0.4024953752592901,2203362543.8,-28.935185185185187,-37.854251012145745,1.1951361383967125,5.450500556173527,3.1624733762385913,27.736,-50.08130081300812,https://finance.naver.com/item/main.naver?code=041020
시너지이노베이션,KOSDAQ,1675.0,147579163025,47.97,0.7,35.0,2401.0,0.21879,27031055650.0,3820518810.0,5642289400.0,,-35.75178,건강관리장비와용품,2960.0,1385.0,0.1467049886,88106963,048870,206930.0,498916.85,0.41475849131974596,777856301.9,-13.570691434468529,-31.352459016393443,1.3500205495164175,1.4577259475218658,14.133812824287533,21.879,-43.41216216216216,https://finance.naver.com/item/main.naver?code=048870
윤성에프앤씨,KOSDAQ,18380.0,146654902240,-7.68,0.83,-2401.0,22214.0,0.48185,21913061980.0,-1481790510.0,976166530.0,,229.76836,전자장비와기기,43900.0,11230.0,0.0126800841,7979048,372170,59207.0,30376.15,1.949127851949638,484671124.5,-39.73770491803279,-47.10791366906475,5.060713750755115,-10.808499144683532,-6.762133522701787,48.185,-58.132118451025065,https://finance.naver.com/item/main.naver?code=372170
신세계푸드,KOSPI,38150.0,147735112000,1.9,0.39,20097.0,98997.0,1.24217,309397523080.0,3449984670.0,4125610280.0,,13.58287,"호텔,레스토랑,레저",58800.0,35250.0,0.0140966512,3872480,031440,2401.0,2625.35,0.9145447273696841,106791525.0,-25.049115913555998,-19.684210526315795,2.057630411183271,20.30061517015667,1.1150653811497864,124.217,-35.11904761904761,https://finance.naver.com/item/main.naver?code=031440
동성제약,KOSPI,1512.0,146088694584,-1.4,1.65,-1126.0,957.0,2.08933,19123954780.0,289094070.0,14016100.0,,49.64242,제약,2525.0,973.0,0.0089503458,96619507,002210,,,,,,,,-117.65935214211076,1.5116855970729293,208.933,-40.11881188118812,https://finance.naver.com/item/main.naver?code=002210
크레오에스지,KOSDAQ,7330.0,145545916680,-17.61,3.19,-440.0,2430.0,0.91063,2631488890.0,-812040100.0,-1904287970.0,,32.17663,IT서비스,12800.0,1180.0,0.0,19856196,040350,86939.0,98619.6,0.8815590410019915,711998974.0,87.46803069053708,800.4914004914004,1.5572462269163532,-18.106995884773664,-30.858579836147438,91.063,-42.734375,https://finance.naver.com/item/main.naver?code=040350
나노엔텍,KOSDAQ,3820.0,145515462460,81.7,1.6,47.0,2404.0,0.09384,10491317270.0,149186610.0,1446537870.0,,-35.33202,생명과학도구및서비스,9390.0,3015.0,0.012326447,38093053,039860,217244.0,690291.45,0.3147134445892384,2827185675.25,-33.910034602076124,-24.505928853754945,0.41752653897132874,1.9550748752079867,1.422000747480969,9.384,-59.31842385516507,https://finance.naver.com/item/main.naver?code=039860
와이엠티,KOSDAQ,7970.0,143565307610,-78.25,0.74,-103.0,10941.0,0.70382,34976711990.0,2583144560.0,2790489150.0,,-30.06008,화학,23500.0,6200.0,0.0480589998,18013213,251370,50087.0,92043.25,0.5441680948901739,738512745.75,-50.68069306930694,-29.218472468916524,0.9354406759865607,-0.9414130335435518,7.385327016268804,70.382,-66.08510638297874,https://finance.naver.com/item/main.naver?code=251370
더즌,KOSDAQ,2000.0,143513046000,11.46,1.94,173.0,1022.0,1.65608,15684907160.0,3895717100.0,3065653000.0,,32.17663,IT서비스,5920.0,1588.0,0.0249233369,71756523,462860,85834.0,178870.3,0.47986725577136063,342100974.65,-40.02998500749625,-60.079840319361274,0.8733087605935698,16.927592954990214,24.837361549292076,165.608,-66.21621621621621,https://finance.naver.com/item/main.naver?code=462860
삼양패키징,KOSPI,9520.0,143451225120,8.12,0.37,1156.0,25622.0,0.79989,93300384590.0,454280790.0,-1327865110.0,,16.65708,포장재,17540.0,7900.0,0.0250644295,15068406,272550,22173.0,24750.2,0.8958715485127393,216993769.5,-9.073543457497612,-23.59550561797753,1.6649562427778362,4.51174771680587,0.4869013048513094,79.989,-45.72405929304447,https://finance.naver.com/item/main.naver?code=272550
지앤비에스 에코,KOSDAQ,4530.0,144194615730,23.22,1.25,199.0,3701.0,0.24504,41755386750.0,9035208670.0,10072983830.0,,27.50173,반도체와반도체장비,10150.0,2550.0,0.1466438374,31831041,382800,200199.0,265963.1,0.7527322399235082,1110071581.55,-49.72253052164262,38.320610687022906,1.256580330128503,5.3769251553634145,21.63842649595384,24.504,-55.36945812807882,https://finance.naver.com/item/main.naver?code=382800
이구산업,KOSPI,4370.0,146141540000,13.64,1.02,327.0,4355.0,1.83292,151614080730.0,21272878220.0,14600795290.0,,29.93748,비철금속,7170.0,3305.0,0.0438602954,33442000,025820,227658.0,235814.3,0.9654121908637433,929507857.8,-26.43097643097643,-24.263431542461,2.2780297886939005,7.508610792192883,14.030938365074109,183.292,-39.05160390516039,https://finance.naver.com/item/main.naver?code=025820
쎌바이오텍,KOSDAQ,15560.0,146264000000,11.23,0.86,1479.0,19234.0,0.07712,14597288690.0,3186765520.0,5351817810.0,,-69.9395,생물공학,18500.0,11350.0,0.0443702128,9400000,049960,37735.0,10872.0,3.4708425312729947,167336885.5,-7.874481941977507,15.860014892032769,3.4708425312729947,7.689508162628679,21.83121528714522,7.712,-15.891891891891897,https://finance.naver.com/item/main.naver?code=049960
슈프리마에이치큐,KOSDAQ,14610.0,143267252490,10.34,0.6,1429.0,24654.0,0.03029,7331364120.0,991149110.0,2531732210.0,,229.76836,전자장비와기기,15600.0,5860.0,0.133243573,9806109,094840,11524.0,45624.4,0.252584143572299,615378291.5,25.94827586206896,108.71428571428572,1.0631811048474062,5.79621968037641,13.519300007158833,3.029,-6.346153846153846,https://finance.naver.com/item/main.naver?code=094840
재영솔루텍,KOSDAQ,6120.0,142994650680,14.14,1.42,440.0,4370.0,0.96861,58064447320.0,9126406320.0,9291756970.0,,85.22491,핸드셋,40500.0,3560.0,0.0,23365139,049630,107197.0,207015.45,0.5178212544039588,1220645454.85,-52.92307692307692,16.129032258064523,1.018329791327169,10.068649885583524,15.717718399528202,96.86099999999999,-84.88888888888889,https://finance.naver.com/item/main.naver?code=049630
동화약품,KOSPI,5090.0,142171182300,16.01,0.37,313.0,13692.0,0.58166,130614028760.0,11228385580.0,9652711390.0,,49.64242,제약,7560.0,4450.0,0.0315376527,27931470,000020,123902.0,807326.6,0.1534719653731216,4972861600.0,-13.13993174061433,-17.100977198697066,0.18732567464022615,2.2860064271107214,8.596615299748448,58.166,-32.67195767195767,https://finance.naver.com/item/main.naver?code=000020
지투파워,KOSDAQ,7600.0,142191721200,26.13,3.45,297.0,2252.0,0.98116,19179507350.0,2268064920.0,1893988450.0,,52.67418,전기장비,18460.0,5350.0,0.0703384607,18709437,388050,121804.0,205585.3,0.5924742673722294,1404481852.5,-45.48063127690101,-14.510686164229469,1.1657837403744336,13.188277087033748,11.825459739976063,98.116,-58.82990249187432,https://finance.naver.com/item/main.naver?code=388050
아이패밀리에스씨,KOSDAQ,8510.0,141958586350,6.53,1.35,1273.0,6134.0,0.40155,54847089940.0,3691985400.0,2842307590.0,,42.98944,화장품,27000.0,6160.0,0.0502676486,16681385,114840,28805.0,44629.4,0.645426557381457,358801342.0,-10.042283298097255,-43.455149501661126,0.6727852043720058,20.75317900228236,6.731415293024387,40.155,-68.48148148148148,https://finance.naver.com/item/main.naver?code=114840
켄코아에어로스페이스,KOSDAQ,10250.0,141185621750,-8.66,0.84,-1183.0,12229.0,0.37464,29224349010.0,217805860.0,939018940.0,,42.07756,우주항공과국방,39600.0,7300.0,0.0965357207,13774207,274090,133887.0,162307.6,0.824896677666357,1512143064.5,-51.53664302600474,-57.64462809917356,1.5328179333561707,-9.673726388093876,0.7452890051561837,37.464,-74.11616161616162,https://finance.naver.com/item/main.naver?code=274090
자람테크놀로지,KOSDAQ,20500.0,141554181000,-19.02,3.65,-1104.0,5756.0,0.80535,5184966430.0,-1549523430.0,-246933260.0,,-246.63174,통신장비,64900.0,14450.0,0.0243057215,6905082,389020,18460.0,38015.2,0.4855952355899746,753067099.75,-59.081836327345314,-50.36319612590798,1.8458406111239716,-19.17998610145935,-29.884926950240644,80.535,-68.41294298921417,https://finance.naver.com/item/main.naver?code=389020
텔레칩스,KOSDAQ,9330.0,141295693890,-2.34,1.01,-4175.0,9686.0,1.62658,66079817760.0,6121554130.0,943636890.0,,27.50173,반도체와반도체장비,19530.0,7050.0,0.0240539749,15144233,054450,100245.0,109203.85,0.9179621414446468,1007896391.0,-44.92325855962219,-41.723922548407245,1.0245792616285965,-43.103448275862064,9.263878650866303,162.658,-52.22734254992319,https://finance.naver.com/item/main.naver?code=054450
제이오,KOSDAQ,4410.0,141197937930,-17.32,0.76,-250.0,5708.0,0.19499,7172200520.0,-1962466370.0,-394285200.0,,35.15774,건설,15840.0,3205.0,0.0224141523,32017673,418550,111044.0,119552.8,0.9288280993837033,480699901.95,-58.47457627118644,-48.23943661971831,1.1959987553616478,-4.379817799579538,-27.362123584352883,19.499,-72.15909090909092,https://finance.naver.com/item/main.naver?code=418550
티움바이오,KOSDAQ,4695.0,141030640125,-7.22,3.55,-640.0,1302.0,1.82136,2950377450.0,-4538573470.0,-5761000760.0,,49.64242,제약,13700.0,3415.0,0.0460519717,30038475,321550,70644.0,158980.75,0.44435568457187424,636345825.4,-59.102787456445995,-14.636363636363637,1.4141460522736242,-49.155145929339476,-153.83026568346367,182.136,-65.72992700729927,https://finance.naver.com/item/main.naver?code=321550
화승인더,KOSPI,2550.0,141066000000,6.38,0.36,395.0,6972.0,2.04151,408174796650.0,8533841800.0,393209760.0,,9.96468,"섬유,의류,신발,호화품",4600.0,2300.0,0.0555906363,55320000,006060,47305.0,62738.7,0.754000321970331,151535912.05,-22.49240121580547,-24.10714285714286,0.9046409951114703,5.665519219736087,2.090732174068445,204.151,-44.565217391304344,https://finance.naver.com/item/main.naver?code=006060
삼보판지,KOSDAQ,8780.0,140552874000,5.11,0.23,1703.0,37462.0,0.28184,131148522040.0,5341103190.0,6544462210.0,,16.65708,포장재,11150.0,7710.0,0.0388835791,16008300,023600,4652.0,8583.45,0.5419732158980363,71308201.0,-9.203722854188213,-7.08994708994709,1.0770727388171422,4.545939885750895,4.072560717360563,28.183999999999997,-21.25560538116592,https://finance.naver.com/item/main.naver?code=023600
아이비김영,KOSDAQ,3120.0,140233563600,6.32,1.77,478.0,1702.0,1.22166,24198855080.0,347079640.0,731351100.0,,10.90798,교육서비스,3150.0,1790.0,0.029263824,44946655,339950,212080.0,107137.05,1.979520623351119,303267019.95,20.463320463320468,52.941176470588225,3.028401472693153,28.08460634547591,1.43428124534229,122.166,-0.952380952380949,https://finance.naver.com/item/main.naver?code=339950
제이엘케이,KOSDAQ,5450.0,140206111400,-10.11,3.35,-540.0,1631.0,0.88172,411652610.0,-3352534840.0,-3814978700.0,,635.5771,건강관리기술,9210.0,3765.0,0.0121261879,25725892,322510,110642.0,140405.75,0.7880161603068251,697452978.85,-7.155025553662686,-27.81456953642384,1.0204282944252638,-33.108522378908646,-814.4087413899794,88.172,-40.82519001085776,https://finance.naver.com/item/main.naver?code=322510
동국산업,KOSDAQ,2575.0,139679541150,-12.99,0.35,-194.0,7195.0,0.96738,166995362100.0,-4566829710.0,-10694967070.0,,41.57565,철강,4030.0,2125.0,0.020448679,54244482,005160,50426.0,61139.45,0.8247702588099828,142571531.3,-20.769230769230774,-7.207207207207212,1.2172337173461654,-2.6963168867268936,-2.7347045166831014,96.738,-36.10421836228288,https://finance.naver.com/item/main.naver?code=005160
인선이엔티,KOSDAQ,3065.0,139652470780,-12.17,0.43,-249.0,7036.0,0.48251,42515587490.0,2787155360.0,1724208350.0,,14.24452,상업서비스와공급품,5210.0,2680.0,0.0417746293,45563612,060150,68773.0,81009.95,0.8489450987193549,246671017.65,-26.233453670276774,-31.508379888268156,1.2807685969439557,-3.538942581011938,6.5556082475764,48.251,-41.170825335892516,https://finance.naver.com/item/main.naver?code=060150
씨피시스템,KOSDAQ,3830.0,139552197150,76.2,3.45,54.0,1194.0,0.13299,5208548930.0,533723190.0,1095190510.0,,173.4423,기계,6190.0,1467.0,0.0050118281,36436605,413630,1650260.0,11835776.7,0.13942980184815418,47397503021.1,8.192090395480234,-19.027484143763218,1.7002537737975405,4.522613065326634,10.24706107541549,13.299,-38.126009693053305,https://finance.naver.com/item/main.naver?code=413630
효성ITX,KOSPI,12080.0,139623056000,9.21,1.9,1299.0,6308.0,1.66676,130288568900.0,3366343750.0,2527552120.0,,14.24452,상업서비스와공급품,13900.0,11410.0,0.0133058781,11558200,094280,7665.0,17343.35,0.4419561388082464,208136069.5,-3.821656050955413,-4.581358609794628,0.9874678190776293,20.59289790741915,2.5837598635255254,166.676,-13.093525179856114,https://finance.naver.com/item/main.naver?code=094280
애니플러스,KOSDAQ,2665.0,139013957940,10.58,1.15,250.0,2310.0,0.87135,29612217510.0,2419624390.0,2198706370.0,,-1083.31724,방송과엔터테인먼트,6430.0,1800.0,0.0302061222,52162836,310200,134012.0,281719.0,0.475693865163514,742040055.15,0.37664783427495685,-12.908496732026142,0.8096507512805313,10.822510822510822,8.171034098283576,87.13499999999999,-58.55365474339036,https://finance.naver.com/item/main.naver?code=310200
나우IB,KOSDAQ,1453.0,137933217350,23.72,1.31,61.0,1101.0,0.64799,6738454880.0,311944960.0,323870490.0,,13.64569,창업투자,3350.0,1092.0,0.020592479,94929950,293580,77873.0,276670.35,0.28146492748500157,356777346.8,-41.879999999999995,-9.187500000000004,1.0443619997589189,5.540417801998183,4.629324757013139,64.79899999999999,-56.62686567164179,https://finance.naver.com/item/main.naver?code=293580
에스텍,KOSDAQ,12600.0,137466000000,2.52,0.45,4949.0,27942.0,0.43475,105188243520.0,5322294100.0,7911950200.0,,229.76836,전자장비와기기,16670.0,11220.0,0.5796147571,10910000,069510,1507.0,4965.75,0.3034788299854,61168903.25,-14.807302231237319,-14.343983684568318,1.21894980617228,17.711688497602175,5.0597803726877935,43.475,-24.41511697660468,https://finance.naver.com/item/main.naver?code=069510
태경산업,KOSPI,4695.0,137228981250,5.85,0.45,801.0,10506.0,0.69313,206159009760.0,17216607100.0,14181443780.0,,29.93748,비철금속,5690.0,4300.0,0.0265472181,29228750,015890,41396.0,42393.25,0.9764762078868687,194905749.6,-3.494347379239471,-1.675392670157072,1.610515825042902,7.624214734437464,8.35113009130317,69.313,-17.48681898066784,https://finance.naver.com/item/main.naver?code=015890
이수앱지스,KOSDAQ,3365.0,137207679830,-11.89,1.18,-280.0,2822.0,0.32577,9451702740.0,-3441226050.0,-201906280.0,,49.64242,제약,6350.0,2890.0,0.023454037,40774942,086890,43050.0,223926.0,0.19225101149486884,768636436.65,-18.226002430133658,-45.10603588907015,0.35105347302233775,-9.922041105598867,-36.40853023695495,32.577,-47.00787401574803,https://finance.naver.com/item/main.naver?code=086890
범한퓨얼셀,KOSDAQ,15640.0,137022040000,85.41,0.84,185.0,18795.0,1.1799,5053879540.0,-2145120060.0,-1669149490.0,,-70.52697,전기제품,44200.0,11810.0,0.0354647871,8761000,382900,20067.0,67415.7,0.2976606339472853,1051115259.5,-52.0980091883614,-51.277258566978205,1.6285078994952216,0.9843043362596435,-42.44501759533429,117.99,-64.61538461538461,https://finance.naver.com/item/main.naver?code=382900
네오오토,KOSDAQ,10150.0,136886432200,8.11,0.88,1260.0,11647.0,0.5697,60391327200.0,3663423320.0,4326789420.0,,11.42846,자동차부품,16100.0,4995.0,0.0498596062,13486348,212560,54960.0,110308.45,0.4982392554695493,1202902264.5,-3.700189753320682,-5.228758169934644,0.8803858634583298,10.818236455739676,6.066141430983487,56.97,-36.95652173913043,https://finance.naver.com/item/main.naver?code=212560
모다이노칩,KOSDAQ,1714.0,136642860108,-30.05,0.39,-59.0,4518.0,1.80549,87556514010.0,3057308430.0,-4888895780.0,,30.99486,전문소매,2390.0,1269.0,0.0008813293,79721622,080420,4985.0,10567.65,0.4717226630329354,16481754.95,-4.406023424428329,-13.34681496461072,4.394165211754742,-1.3058875608676406,3.4918115054818406,180.549,-28.284518828451887,https://finance.naver.com/item/main.naver?code=080420
키다리스튜디오,KOSPI,3695.0,136950615370,20.31,0.66,179.0,5485.0,0.67534,58345189200.0,3441828250.0,6348900080.0,,21.51394,양방향미디어와서비스,4545.0,2800.0,0.0258658281,37063766,020120,58878.0,89794.5,0.6556971752167449,313441015.55,-3.776041666666663,14.396284829721374,0.9664623111660514,3.263445761166819,5.8990780511514735,67.534,-18.7018701870187,https://finance.naver.com/item/main.naver?code=020120
화신정공,KOSDAQ,3895.0,136542769450,13.62,1.18,294.0,3381.0,0.84229,121319669320.0,12161803260.0,10144508470.0,,11.42846,자동차부품,7880.0,1230.0,0.0308834659,35055910,126640,1178033.0,1373196.7,0.8578763697873728,5439041677.55,138.51806491120638,183.68536052439913,1.4206864901437646,8.695652173913043,10.024593149789505,84.229,-50.57106598984771,https://finance.naver.com/item/main.naver?code=126640
아이텍,KOSDAQ,5160.0,136938845760,-23.99,0.69,-213.0,7422.0,0.37845,12126585240.0,-296589730.0,-8499646650.0,,27.50173,반도체와반도체장비,9730.0,4300.0,0.0187407851,26538536,119830,105140.0,167036.35,0.629443830639259,862848330.25,-23.668639053254438,-21.699544764795142,1.0151383216886622,-2.869846402586904,-2.4457811010282398,37.845,-46.96813977389517,https://finance.naver.com/item/main.naver?code=119830
메쎄이상,KOSDAQ,3150.0,136182233250,9.29,1.81,365.0,1878.0,0.37315,16566438920.0,4958940100.0,4539373490.0,,21.51394,양방향미디어와서비스,4385.0,2600.0,0.0313480694,43232455,408920,62708.0,26755.85,2.3437117490193735,79150443.9,-8.296943231441045,-9.612625538020081,2.3437117490193735,19.435569755058573,29.933651546641503,37.315,-28.16419612314709,https://finance.naver.com/item/main.naver?code=408920
한국석유,KOSPI,10670.0,135446260400,25.53,0.65,412.0,16160.0,1.14187,171246023840.0,4142943170.0,1527304740.0,,-30.06008,화학,33575.0,9690.0,0.0505488368,12694120,004090,88641.0,582261.0,0.15223585299376052,6782000885.0,-27.216916780354705,-25.22775052557814,0.2554696261642116,2.5495049504950495,2.4192930598323668,114.187,-68.22040208488458,https://finance.naver.com/item/main.naver?code=004090
지니언스,KOSDAQ,14900.0,135286040000,17.65,2.13,867.0,7171.0,0.32687,11739609580.0,1741944330.0,1967663190.0,,164.30795,소프트웨어,30000.0,11000.0,0.2647159567,9079600,263860,25056.0,35123.85,0.71336143389748,450936248.75,-3.8709677419354827,-22.111866178776797,2.415879808164538,12.090363965974062,14.838179397103938,32.687,-50.33333333333334,https://finance.naver.com/item/main.naver?code=263860
토니모리,KOSPI,5600.0,134706874400,11.76,1.11,466.0,4938.0,0.82801,52028096800.0,4169154670.0,3677709890.0,,42.98944,화장품,11680.0,4190.0,0.0283821952,24054799,214420,105604.0,110184.25,0.9584309917252238,581380000.55,-21.458625525946708,-36.36363636363637,1.176365950668993,9.437019036046983,8.013275377007448,82.801,-52.05479452054795,https://finance.naver.com/item/main.naver?code=214420
화승코퍼레이션,KOSPI,2690.0,134637867880,1.61,0.45,1681.0,6040.0,1.86417,421450614010.0,25615016710.0,24775234380.0,,11.42846,자동차부품,4000.0,1851.0,0.0754368942,50051252,013520,75254.0,131210.15,0.5735379465689202,327174889.15,-15.673981191222575,16.45021645021645,1.8729648582826863,27.831125827814567,6.077821661304358,186.417,-32.75,https://finance.naver.com/item/main.naver?code=013520
제룡산업,KOSDAQ,6690.0,133800000000,11.25,1.5,600.0,4503.0,0.17683,13912163690.0,4836581580.0,5272229350.0,,52.67418,전기장비,15410.0,5040.0,0.0386627,20000000,147830,90230.0,197684.15,0.45643517702354997,1271098124.25,-42.377260981912144,-5.907172995780585,6.281237013690779,13.324450366422386,34.765128471544024,17.683,-56.58663205710577,https://finance.naver.com/item/main.naver?code=147830
남선알미늄,KOSPI,1037.0,133855016330,36.96,0.47,28.0,2196.0,0.60676,63120779530.0,-1720007610.0,-1080328610.0,,29.93748,비철금속,3485.0,881.0,0.076637897,129079090,008350,662829.0,1656698.55,0.4000902880007953,1754505401.6,-46.60144181256437,-14.368290668868699,0.5887389712509858,1.2750455373406193,-2.7249467177168114,60.675999999999995,-70.24390243902438,https://finance.naver.com/item/main.naver?code=008350
고려신용정보,KOSDAQ,9350.0,133705000000,9.66,2.09,951.0,4407.0,0.79772,43815159620.0,3685952420.0,2658234860.0,,14.24452,상업서비스와공급품,11940.0,8820.0,0.0404646154,14300000,049720,49334.0,364027.25,0.13552282143713143,3703654042.75,-5.935613682092555,-7.149950347567035,0.32313514990979386,21.57930565010211,8.41250483158687,79.77199999999999,-21.691792294807367,https://finance.naver.com/item/main.naver?code=049720
마크로젠,KOSDAQ,12320.0,133566048000,64.97,0.84,187.0,14505.0,1.20004,45291744130.0,-508857670.0,-826700600.0,,-35.33202,생명과학도구및서비스,20900.0,10440.0,0.0407114395,10841400,038290,13959.0,27948.2,0.4994597147580166,317873372.75,-18.19389110225763,-27.74193548387097,0.8289621514086775,1.2892106170286108,-1.1235108732828567,120.004,-41.05263157894738,https://finance.naver.com/item/main.naver?code=038290
KT나스미디어,KOSDAQ,11530.0,133380919390,17.28,0.58,596.0,17839.0,0.97371,26449681000.0,3322954540.0,3657660920.0,,11.38111,광고,15670.0,9040.0,0.0571872129,11568163,089600,198254.0,9798.3,20.23350989457355,99021023.25,-0.603448275862073,-5.723630417007364,20.23350989457355,3.3409944503615674,12.563306680333877,97.371,-26.419910657306957,https://finance.naver.com/item/main.naver?code=089600
우진엔텍,KOSDAQ,14300.0,133261099400,25.44,2.65,572.0,5483.0,0.11828,11300624810.0,1872050770.0,1707467940.0,,-34.90219,에너지장비및서비스,34900.0,10750.0,0.0579554066,9318958,457550,44120.0,47091.8,0.9368934718995663,665159230.75,-44.680851063829785,-49.200710479573715,3.546562246505761,10.43224512128397,16.565904996185782,11.828,-59.02578796561604,https://finance.naver.com/item/main.naver?code=457550
케이알엠,KOSDAQ,4050.0,133017049800,-9.11,1.82,-431.0,2159.0,0.47469,1556791470.0,-1781222070.0,-1584216570.0,,27.50173,반도체와반도체장비,6230.0,2960.0,0.0,32843716,093640,34147.0,59150.45,0.5772906207814142,199715843.65,-25.0,6.719367588932812,1.6329038916863694,-19.96294580824456,-114.41622749898545,47.469,-34.99197431781701,https://finance.naver.com/item/main.naver?code=093640
플리토,KOSDAQ,8040.0,132703826040,21.36,8.01,391.0,1043.0,0.33627,5213994290.0,-64097970.0,167368820.0,,21.51394,양방향미디어와서비스,20200.0,5510.0,0.064588844,16505451,300080,53950.0,99789.4,0.5406385848597146,765543027.25,-25.830258302583033,-52.0,1.981563172040317,37.488015340364335,-1.229344844564454,33.627,-60.198019801980195,https://finance.naver.com/item/main.naver?code=300080
링크솔루션,KOSDAQ,23000.0,132296736000,-17.49,3.46,-1344.0,6788.0,0.88607,1569093310.0,-3691695560.0,-3814009020.0,,173.4423,기계,93300.0,16020.0,0.0693292388,5752032,474650,30458.0,37427.7,0.813782305618566,804768167.25,-58.33333333333333,-61.602671118530886,1.8062557945051394,-19.79964643488509,-235.2757185613136,88.607,-75.34833869239014,https://finance.naver.com/item/main.naver?code=474650
선광,KOSDAQ,20000.0,132000000000,3.18,0.29,6290.0,68798.0,0.60355,44320492790.0,10577672030.0,9431494630.0,,6.55957,운송인프라,30450.0,17280.0,0.0804318182,6600000,003100,5747.0,21655.55,0.26538231538797213,423225030.5,-25.093632958801493,1.1122345803842304,1.7974145196035196,9.14270763684991,23.86632314789296,60.355000000000004,-34.31855500821018,https://finance.naver.com/item/main.naver?code=003100
시스웍,KOSDAQ,889.0,132090012299,-25.4,-5.7,-35.0,-156.0,-1.90612,2389407590.0,215453970.0,529238240.0,,229.76836,전자장비와기기,889.0,889.0,0.0050196628,148582691,269620,,,,,,,,22.435897435897438,9.01704551796456,-190.612,0.0,https://finance.naver.com/item/main.naver?code=269620
이엘씨,KOSDAQ,10840.0,132125833200,15.44,0.74,706.0,14791.0,0.09073,10313674670.0,-279491150.0,2588033860.0,,27.50173,반도체와반도체장비,13620.0,6130.0,0.027042358,12188730,041520,16276.0,24452.25,0.6656238178490732,217209197.75,-7.666098807495736,54.85714285714285,1.4019977711662526,4.773172875397201,-2.7099085335023467,9.073,-20.411160058737153,https://finance.naver.com/item/main.naver?code=041520
솔본,KOSDAQ,4815.0,131670975555,6.06,0.63,814.0,7775.0,0.20222,35301389400.0,3630085040.0,8246425810.0,,635.5771,건강관리기술,4950.0,3155.0,0.0124079586,27345997,035610,13233.0,110462.75,0.11979603984148503,503730699.25,36.01694915254237,27.044854881266488,0.9583954772083803,10.469453376205788,10.2831222841331,20.222,-2.7272727272727226,https://finance.naver.com/item/main.naver?code=035610
윈스테크넷,KOSDAQ,10680.0,131147687280,6.28,0.62,1694.0,17202.0,0.13143,17454006680.0,1731747950.0,2249783760.0,,164.30795,소프트웨어,14580.0,9870.0,0.0886625831,12279746,136540,12193.0,16938.9,0.7198224205822101,174230869.5,-13.731825525040387,-6.068601583113454,1.3724031666755219,9.84769212882223,9.921778888651142,13.142999999999999,-26.74897119341564,https://finance.naver.com/item/main.naver?code=136540
한독,KOSPI,9500.0,130753563500,-57.1,0.43,-162.0,21292.0,1.98148,135428158180.0,753230370.0,-8582629560.0,,49.64242,제약,12900.0,6460.0,0.0231096187,13763533,002390,12616.0,15709.85,0.8030630464326521,133365408.5,-0.7314524555903867,-15.92920353982301,0.8628981180596886,-0.7608491452188616,0.5561844598069982,198.148,-26.356589147286826,https://finance.naver.com/item/main.naver?code=002390
라이콤,KOSDAQ,4270.0,130722463200,500.63,5.65,8.0,709.0,0.35619,2698939840.0,-868855640.0,-705111380.0,,-246.63174,통신장비,9330.0,2110.0,0.010027876,30614160,388790,869918.0,926694.95,0.9387317800749859,4029619905.3,-20.925925925925924,65.18375241779498,3.9794324982563034,1.1283497884344147,-32.1924789549959,35.619,-54.233654876741696,https://finance.naver.com/item/main.naver?code=388790
신흥,KOSPI,14040.0,130572000000,45.21,1.14,311.0,12292.0,0.34917,25154905060.0,805650200.0,823916990.0,,-35.75178,건강관리장비와용품,14760.0,13150.0,0.0218093548,9300000,004080,499.0,1358.4,0.3673439340400471,19016094.25,0.9345794392523255,3.2352941176470695,1.7152532391048292,2.530100878620241,3.202755876352332,34.917,-4.878048780487809,https://finance.naver.com/item/main.naver?code=004080
아크릴,KOSDAQ,16250.0,130492765000,-28.62,3.07,-585.0,5448.0,0.24629,6573651830.0,-786247310.0,-694596260.0,,32.17663,IT서비스,77000.0,11500.0,0.0562121777,8030324,0007C0,39446.0,70938.95,0.5560555942821257,1081431664.25,-53.03468208092485,-53.170028818443804,1.1395291303296708,-10.737885462555067,-11.960586449252212,24.629,-78.8961038961039,https://finance.naver.com/item/main.naver?code=0007C0
상상인증권,KOSPI,1203.0,130329555360,-16.84,0.5,-55.0,1839.0,8.14093,58085636410.0,6273240490.0,8447719440.0,,8.42388,증권,1782.0,587.0,0.0171076451,108337120,001290,1380356.0,300421.4,4.594732598942684,223136095.2,-0.08305647840531893,81.72205438066464,4.594732598942684,-2.990755845568244,10.799985810123621,814.0930000000001,-32.49158249158249,https://finance.naver.com/item/main.naver?code=001290
LG헬로비전,KOSPI,1677.0,129878392605,72.7,0.29,23.0,5845.0,1.69841,255385707690.0,5095768700.0,3020851490.0,,-1083.31724,방송과엔터테인먼트,3660.0,1435.0,0.049463487,77446865,037560,236245.0,245609.45,0.9618725989574097,388217531.5,-21.082352941176474,-27.559395248380124,1.8021578567111323,0.39349871685201027,1.9953225832768606,169.841,-54.18032786885245,https://finance.naver.com/item/main.naver?code=037560
에코앤드림,KOSDAQ,7300.0,129838632200,-14.18,0.57,-490.0,12165.0,1.37304,16203264340.0,-764082920.0,-142747710.0,,-30.06008,화학,26900.0,4855.0,0.0502060203,17786114,101360,46474.0,48185.35,0.9644840184827962,320375682.0,-56.36580992229527,-65.88785046728972,0.9644840184827962,-4.027949034114262,-4.715611027302416,137.304,-72.86245353159852,https://finance.naver.com/item/main.naver?code=101360
동방메디컬,KOSDAQ,6200.0,129790428000,10.82,1.05,572.0,5905.0,0.43434,31403549390.0,6051931900.0,5274001860.0,,-35.75178,건강관리장비와용품,11800.0,4500.0,0.0136849059,20933940,240550,48286.0,91243.5,0.5291993402269751,510009770.0,-16.890080428954423,-19.68911917098446,0.840553025694981,9.68670618120237,19.271490062607857,43.434,-47.45762711864406,https://finance.naver.com/item/main.naver?code=240550
큐알티,KOSDAQ,10520.0,129283446520,43.12,1.39,247.0,7641.0,0.79774,20414682430.0,2978409250.0,2675592010.0,,27.50173,반도체와반도체장비,24200.0,8060.0,0.0569954304,12289301,405100,21367.0,47335.75,0.451392446512414,482336108.0,-45.26534859521332,-35.736102626756264,0.8549774747416065,3.232561183091218,14.589544854360001,79.774,-56.528925619834716,https://finance.naver.com/item/main.naver?code=405100
알에스오토메이션,KOSDAQ,10050.0,129040392000,-23.67,2.22,-428.0,4565.0,0.55085,16611038000.0,-1120007840.0,-851764360.0,,173.4423,기계,28800.0,7355.0,0.0396078923,12839840,140670,48301.0,76574.2,0.6307738115448807,679123856.75,-39.384800965018094,-54.93273542600896,1.0204220220387545,-9.375684556407448,-6.742551789960387,55.084999999999994,-65.10416666666667,https://finance.naver.com/item/main.naver?code=140670
퓨릿,KOSDAQ,7520.0,129262693760,8.24,1.18,893.0,6252.0,0.17077,37765084650.0,5963492390.0,4867005930.0,,27.50173,반도체와반도체장비,13400.0,5990.0,0.0709329027,17189188,445180,22144.0,38117.05,0.5809473713207082,273887637.0,-30.37037037037037,-19.999999999999996,0.9161779308734542,14.28342930262316,15.79102084708289,17.077,-43.88059701492537,https://finance.naver.com/item/main.naver?code=445180
코칩,KOSDAQ,14690.0,128833150940,36.13,1.84,357.0,7001.0,0.20499,12052696920.0,1068847320.0,2128140440.0,,-70.52697,전기제품,36500.0,9310.0,0.0293194191,8770126,126730,2097817.0,63265.3,33.159046112165754,804796991.0,-22.192796610169495,-16.296296296296298,33.159046112165754,5.099271532638195,8.868117460303647,20.499000000000002,-59.75342465753425,https://finance.naver.com/item/main.naver?code=126730
샘표,KOSPI,44750.0,128692050000,9.07,0.41,4834.0,107294.0,0.3388,103462129570.0,6558267610.0,9144170420.0,,32.75937,식품,73100.0,39750.0,0.0476949023,2875800,007540,4028.0,5956.15,0.6762757821747271,260036425.0,-8.11088295687885,-8.48670756646217,0.85189258161732,4.505377747124722,6.338809801477006,33.879999999999995,-38.782489740082084,https://finance.naver.com/item/main.naver?code=007540
조일알미늄,KOSPI,1015.0,128531196815,16.25,0.62,63.0,1655.0,0.99655,150881098900.0,13097721080.0,10044002920.0,,29.93748,비철금속,2235.0,852.0,0.0277107266,126631721,018470,980462.0,1194280.35,0.8209646922516978,1180786506.65,-34.600515463917525,-20.392156862745104,0.8209646922516978,3.8066465256797586,8.680822962908577,99.655,-54.58612975391499,https://finance.naver.com/item/main.naver?code=018470
경인양행,KOSPI,3085.0,128386486025,22.32,0.52,138.0,5881.0,1.05432,107855619070.0,6528900040.0,5615111400.0,,-30.06008,화학,6430.0,2565.0,0.0634786099,41616365,012610,152531.0,218675.9,0.697520851634771,628829301.45,-41.461100569259955,-31.444444444444443,0.8881042675484587,2.34653970413195,6.053370326271681,105.43199999999999,-52.02177293934681,https://finance.naver.com/item/main.naver?code=012610
제노코,KOSDAQ,13140.0,127936046340,-51.81,2.29,-260.0,5883.0,0.37767,11583588220.0,-1231949160.0,-816282820.0,,42.07756,우주항공과국방,36900.0,9710.0,0.2109564118,9736381,361390,18816.0,39691.55,0.47405556094433193,505299059.5,-51.42329020332716,-49.26640926640926,1.0566228832081386,-4.419513853476118,-10.635298291016081,37.767,-64.39024390243902,https://finance.naver.com/item/main.naver?code=361390
넥써쓰,KOSDAQ,1571.0,127855905695,-29.11,3.23,-56.0,504.0,1.27872,11615517220.0,131659870.0,-3039516180.0,,18.81972,게임엔터테인먼트,3560.0,1360.0,0.0070703285,81385045,205500,223490.0,269323.95,0.8298185140979849,428741782.1,-1.7510944340212609,-32.43010752688173,1.1470424371839192,-11.11111111111111,1.1334826293684406,127.87200000000001,-55.87078651685393,https://finance.naver.com/item/main.naver?code=205500
오로스테크놀로지,KOSDAQ,13590.0,127291305780,-20.43,2.07,-695.0,6873.0,0.99003,6812686230.0,-6822634970.0,-5107078860.0,,27.50173,반도체와반도체장비,52000.0,10910.0,0.0875032643,9366542,322310,131438.0,132432.95,0.9924871416063751,1996198348.75,-57.7293934681182,-48.32699619771863,1.3488939119758336,-10.112032591299288,-100.14603255843768,99.003,-73.86538461538461,https://finance.naver.com/item/main.naver?code=322310
메쥬,KOSDAQ,12880.0,127276940000,32.61,11.48,422.0,1199.0,0.10663,3908180960.0,957302800.0,955122210.0,,-35.75178,건강관리장비와용품,73500.0,10370.0,0.0482549144,9881750,0088M0,28717.0,55994.75,0.5128516512708781,729064398.5,-58.98089171974522,-66.97435897435898,1.3962737578076516,35.19599666388657,24.494843247995355,10.663,-82.47619047619048,https://finance.naver.com/item/main.naver?code=0088M0
HDC현대EP,KOSPI,3990.0,127281000000,3.1,0.29,1279.0,13772.0,0.9423,254869521920.0,7762334750.0,4558746890.0,,11.42846,자동차부품,6600.0,3400.0,0.035659373,31900000,089470,93018.0,149790.65,0.6209866904242688,593543324.85,-20.199999999999996,-16.000000000000004,4.447627405315352,9.286959047342433,3.0456112176631653,94.23,-39.54545454545455,https://finance.naver.com/item/main.naver?code=089470
신화프리텍,KOSDAQ,1940.0,126605296280,-17.98,1.16,-107.0,1661.0,1.10716,24405358640.0,1742301390.0,1124080210.0,,173.4423,기계,2965.0,1648.0,0.0112699631,65260462,095190,85608.0,197715.6,0.4329855610786402,398571637.35,-17.97040169133193,-22.4,1.0895296071731315,-6.441902468392535,7.1390116232276775,110.716,-34.5699831365936,https://finance.naver.com/item/main.naver?code=095190
코맥스,KOSDAQ,2885.0,125692107675,-3.04,4.56,-950.0,633.0,2.02088,19704433410.0,3239221380.0,2290970350.0,,-246.63174,통신장비,2885.0,2885.0,0.0021235576,43567455,036690,,,,,,,,-150.07898894154818,16.439048576530475,202.088,0.0,https://finance.naver.com/item/main.naver?code=036690
디씨엠,KOSPI,11080.0,126312000000,8.13,0.36,1369.0,30605.0,0.14482,49064738680.0,1985516820.0,4390620360.0,,29.93748,비철금속,13500.0,10310.0,0.0530328947,11400000,024090,1660.0,3304.55,0.5023376859179011,35972505.0,-9.845402766476807,-6.418918918918914,0.8082794934257311,4.473125306322497,4.046728614921465,14.482000000000001,-17.925925925925924,https://finance.naver.com/item/main.naver?code=024090
나무에이엑스,KOSDAQ,3630.0,125620738320,-43.53,3.54,-85.0,1045.0,1.41307,36956210240.0,415129480.0,808321450.0,,32.17663,IT서비스,11100.0,1308.0,0.0583044445,34606264,242040,179354.0,432857.45,0.4143488809075597,1663054716.6,-20.394736842105267,50.31055900621118,0.7338189512505792,-8.133971291866029,1.1233010021971344,141.30700000000002,-67.29729729729729,https://finance.naver.com/item/main.naver?code=242040
일진다이아,KOSPI,8840.0,125554299000,18.16,0.3,483.0,29014.0,0.12758,47760992650.0,435306950.0,4040359110.0,,29.93748,비철금속,17190.0,7440.0,0.0480611984,14202975,081000,23013.0,28099.05,0.8189956599956226,238707802.25,-32.20858895705522,-28.246753246753244,0.8189956599956226,1.664713586544427,0.9114277694980027,12.758,-48.57475276323444,https://finance.naver.com/item/main.naver?code=081000
HB솔루션,KOSDAQ,1715.0,125436667510,4.9,0.53,362.0,3367.0,0.27258,14691908820.0,-1131949740.0,13420130140.0,,15.48254,디스플레이장비및부품,3070.0,1360.0,0.0151061689,73140914,297890,671211.0,456236.7,1.4711902834647015,738775302.2,-29.713114754098356,-26.709401709401714,1.7166746997775497,10.751410751410752,-7.704579124933611,27.258,-44.13680781758957,https://finance.naver.com/item/main.naver?code=297890
경보제약,KOSPI,5240.0,125271946400,655.0,0.86,8.0,6096.0,1.34987,66126622280.0,712773430.0,-529674400.0,,49.64242,제약,9300.0,4700.0,0.0233470644,23906860,214390,23301.0,32766.8,0.7111161297410794,167713849.05,-17.739403453689174,-14.098360655737707,0.8907491729433451,0.13123359580052493,1.077891786127988,134.987,-43.655913978494624,https://finance.naver.com/item/main.naver?code=214390
씨앤지하이테크,KOSDAQ,12880.0,125208695360,6.27,0.86,2078.0,15198.0,0.37863,17105788450.0,-2167377060.0,956293760.0,,27.50173,반도체와반도체장비,26100.0,9850.0,0.0330728641,9721172,264660,15927.0,34079.85,0.4673436062658727,407353865.0,-41.85101580135439,-27.354765933446135,0.8908196485606598,13.672851691011974,-12.670430634257027,37.863,-50.65134099616858,https://finance.naver.com/item/main.naver?code=264660
쇼박스,KOSDAQ,2000.0,124876000000,-8.63,1.21,-241.0,1721.0,0.68233,78854853500.0,21666595930.0,17899580930.0,,-1083.31724,방송과엔터테인먼트,3200.0,1688.0,0.024195538,62438000,086980,263712.0,169747.35,1.5535559170732267,350346891.15,-31.034482758620683,-22.330097087378643,1.5535559170732267,-14.00348634514817,27.4765533994683,68.233,-37.5,https://finance.naver.com/item/main.naver?code=086980
상상인,KOSDAQ,2255.0,124765345815,-1.03,0.32,-2203.0,6994.0,9.89464,126893645590.0,14737954550.0,11755315640.0,,28.13105,기타금융,2545.0,1601.0,0.039424101,55328313,038540,788266.0,168496.1,4.67824477836579,365122486.1,9.73236009732361,16.597724922440538,13.943925111619794,-31.498427223334286,11.614414954724447,989.464,-11.394891944990182,https://finance.naver.com/item/main.naver?code=038540
어보브반도체,KOSDAQ,7000.0,124465271000,11.62,0.99,613.0,7205.0,0.81747,62537290610.0,3164916390.0,3962692130.0,,27.50173,반도체와반도체장비,16850.0,5410.0,0.0529199748,17780753,102120,81243.0,139334.35,0.583079477530128,947652795.0,-46.40122511485452,-42.716857610474634,0.8386661293500131,8.507980569049272,5.060846671048322,81.747,-58.45697329376854,https://finance.naver.com/item/main.naver?code=102120
디와이파워,KOSPI,11280.0,124550466240,4.95,0.4,2278.0,28321.0,0.23884,102890627430.0,11758645170.0,9812881570.0,,173.4423,기계,16390.0,9910.0,0.1322136938,11041708,210540,33172.0,38622.15,0.8588853805394054,417512818.25,-21.61223071577484,-14.803625377643503,0.8588853805394054,8.0435012887963,11.428295719160433,23.884,-31.17754728492984,https://finance.naver.com/item/main.naver?code=210540
지씨지놈,KOSDAQ,5230.0,123693647390,28.32,1.58,185.0,3310.0,0.11412,7435841120.0,139989370.0,813688100.0,,-35.33202,생명과학도구및서비스,9520.0,4100.0,0.0334624298,23650793,340450,29365.0,119084.25,0.24659012421877788,569667070.85,-24.092888243831645,-32.948717948717956,1.1418974381582787,5.589123867069486,1.882629923647427,11.411999999999999,-45.06302521008403,https://finance.naver.com/item/main.naver?code=340450
성우,KOSDAQ,8210.0,123524950700,25.7,0.55,316.0,14759.0,0.11888,23857199490.0,217907330.0,1577306780.0,,-70.52697,전기제품,15440.0,6420.0,0.0129061052,15045670,458650,20913.0,17131.15,1.220758676446123,134964306.25,-37.23241590214067,-26.036036036036037,1.220758676446123,2.141066467917881,0.9133818497487024,11.888,-46.82642487046632,https://finance.naver.com/item/main.naver?code=458650
비씨엔씨,KOSDAQ,9680.0,123883894640,109.67,1.6,90.0,6182.0,1.28044,23716544530.0,802268580.0,267865630.0,,27.50173,반도체와반도체장비,19050.0,7120.0,0.020805251,12797923,146320,11739.0,46620.7,0.251798021050735,450178953.0,-42.958161461402476,-31.347517730496456,6.874499953883147,1.455839534131349,3.382738067028182,128.044,-49.186351706036746,https://finance.naver.com/item/main.naver?code=146320
킵스파마,KOSDAQ,6140.0,123279822580,-12.14,1.96,-499.0,3088.0,1.86139,59435100680.0,-663572110.0,5726107750.0,,29.93748,비철금속,14250.0,5110.0,0.0338930679,20078147,256940,18538.0,56591.75,0.32757424889670317,324499192.5,-7.6691729323308255,-38.16717019133937,0.8461657397058758,-16.159326424870464,-1.1164650221973846,186.139,-56.91228070175438,https://finance.naver.com/item/main.naver?code=256940
새로닉스,KOSDAQ,9970.0,123863032780,-3.54,1.25,-2579.0,7276.0,1.29601,45375589390.0,-584423920.0,-2238695930.0,,11.80476,가정용기기와용품,23200.0,6560.0,0.0471444852,12423574,042600,75839.0,11493.4,6.59848260740947,98909253.75,-49.31367564819522,-27.066569129480612,6.59848260740947,-35.44529961517317,-1.2879698707093752,129.601,-57.025862068965516,https://finance.naver.com/item/main.naver?code=042600
태림포장,KOSPI,1756.0,124335230640,-12.86,0.4,-136.0,4398.0,1.18921,187056684000.0,-3533408000.0,-4770439000.0,,16.65708,포장재,2830.0,1500.0,0.0101169196,70805940,011280,49445.0,55245.15,0.8950106932463755,90134140.1,-7.040762308099524,-13.921568627450975,2.1614567070593527,-3.0923146884947705,-1.888950410347272,118.921,-37.950530035335696,https://finance.naver.com/item/main.naver?code=011280
아진엑스텍,KOSDAQ,6740.0,123409844840,152.61,3.11,46.0,2254.0,0.11944,7420370230.0,199173130.0,211513140.0,,27.50173,반도체와반도체장비,14500.0,3046.794,0.0098146014,18310066,059120,1903871.0,1660270.85,1.146723138577058,10439872663.7,-48.03392444101773,-60.282852091926934,3.514030858278334,2.0408163265306123,2.6841400607581276,11.944,-53.51724137931034,https://finance.naver.com/item/main.naver?code=059120
일승,KOSDAQ,4000.0,122906988000,17.67,2.87,243.0,1494.0,0.40862,12078786460.0,2303572610.0,3674704880.0,,22.196,조선,10430.0,2850.0,0.0086023424,30726747,333430,450143.0,2666136.5,0.16883719194422342,10748787670.4,-28.44364937388193,-35.483870967741936,1.8600262964780685,16.265060240963855,19.071225554226746,40.861999999999995,-61.649089165867686,https://finance.naver.com/item/main.naver?code=333430
컨텍,KOSDAQ,7430.0,122652760820,-15.05,1.32,-497.0,5646.0,0.39278,18222537170.0,-2437859550.0,-731410640.0,,42.07756,우주항공과국방,26350.0,5760.0,0.0580482868,16507774,451760,47897.0,99161.9,0.48301817532741914,720594565.25,-64.7867298578199,-62.58811681772407,1.6184441806782646,-8.802692171448813,-13.378266304285441,39.278,-71.80265654648956,https://finance.naver.com/item/main.naver?code=451760
와이투솔루션,KOSPI,3340.0,122592675960,-12.81,1.24,-262.0,2706.0,0.84724,86657876530.0,954206890.0,-648730590.0,,229.76836,전자장비와기기,9900.0,2400.0,0.0521248491,36704394,011690,108457.0,196663.95,0.5514838891418584,593144284.15,-57.39795918367348,-33.730158730158735,1.027819282588395,-9.682187730968218,1.1011196306773847,84.724,-66.26262626262627,https://finance.naver.com/item/main.naver?code=011690
삼성제약,KOSPI,1302.0,122599026858,10.65,1.02,123.0,1286.0,0.35083,9015669870.0,-1894285180.0,8767497110.0,,49.64242,제약,2320.0,1140.0,0.0330865995,94162079,001360,213367.0,380190.15,0.5612112780933435,482943348.95,-28.06629834254144,-19.080174021131135,1.2915642343706168,9.564541213063764,-21.011030875290913,35.083,-43.87931034482758,https://finance.naver.com/item/main.naver?code=001360
노바텍,KOSDAQ,11570.0,122362364670,6.1,0.68,1885.0,16898.0,0.22764,11160725100.0,-22180470.0,4037780800.0,,85.22491,핸드셋,31900.0,9510.0,0.0532830943,10575831,285490,14564.0,26043.1,0.5592268201558187,284471571.0,-44.904761904761905,-51.589958158995806,1.4304364687767586,11.155166291868861,-0.1987368186319722,22.764,-63.730407523510976,https://finance.naver.com/item/main.naver?code=285490
모트렉스,KOSDAQ,4985.0,122318794435,16.71,0.49,301.0,10261.0,1.94813,179831523200.0,11714109110.0,7661252810.0,,11.42846,자동차부품,11570.0,4240.0,0.0409850754,24537371,118990,77761.0,59353.95,1.3101234205979553,298964396.95,-45.63794983642312,-49.544534412955464,1.3101234205979553,2.9334372868141507,6.513935322102638,194.813,-56.91443388072601,https://finance.naver.com/item/main.naver?code=118990
엠디바이스,KOSDAQ,11400.0,122171337600,11.21,2.61,1035.0,4452.0,1.73121,20460873690.0,3151212260.0,-8189695360.0,,27.50173,반도체와반도체장비,38000.0,8010.0,0.0255572941,10716784,226590,30539.0,50128.35,0.6092161421630674,541393398.75,-53.65853658536586,-29.104477611940293,0.8178406031716584,23.247978436657682,15.401161786850365,173.12099999999998,-70.0,https://finance.naver.com/item/main.naver?code=226590
신원,KOSPI,1065.0,122230468545,-33.39,0.4,-31.0,2556.0,1.97979,280827615380.0,6280018000.0,1552652450.0,,9.96468,"섬유,의류,신발,호화품",2170.0,898.0,0.036700493,114770393,009270,351166.0,432758.1,0.8114602592071645,442525814.95,-16.009463722397477,-25.263157894736842,0.8114602592071645,-1.2128325508607198,2.2362537215231617,197.97899999999998,-50.92165898617511,https://finance.naver.com/item/main.naver?code=009270
JW신약,KOSDAQ,2180.0,122160884540,9.51,3.2,245.0,729.0,0.46487,21382289260.0,2883479920.0,2667955690.0,,49.64242,제약,3465.0,1246.0,0.0280284297,56037103,067290,7769944.0,15288621.35,0.5082174397628076,30783351508.8,25.648414985590783,8.457711442786064,2.0639084635319325,33.6076817558299,13.485365785384573,46.487,-37.085137085137085,https://finance.naver.com/item/main.naver?code=067290
파세코,KOSDAQ,6100.0,122000000000,35.41,1.53,185.0,4285.0,0.42323,28100593080.0,-3366306510.0,-2874662450.0,,11.80476,가정용기기와용품,9980.0,4990.0,0.004306,20000000,037070,530911.0,4272353.35,0.12426664100711615,33600727319.25,-32.146829810901004,-18.77496671105193,1.3308969399733757,4.3173862310385065,-11.979485630130338,42.323,-38.87775551102205,https://finance.naver.com/item/main.naver?code=037070
라온로보틱스,KOSDAQ,9190.0,121836425000,31.16,3.22,310.0,2998.0,0.58006,14175962300.0,865139590.0,1344443560.0,,27.50173,반도체와반도체장비,23950.0,6610.0,0.0318642278,13257500,232680,313910.0,273941.55,1.1459013793270865,2528072585.75,-45.717660956881275,-33.837293016558675,7.954364717583003,10.340226817878586,6.102863225024237,58.006,-61.62839248434238,https://finance.naver.com/item/main.naver?code=232680
한신공영,KOSPI,10540.0,121955199080,2.06,0.15,5174.0,72296.0,1.62056,252385060590.0,19337566960.0,12323403480.0,,35.15774,건설,19510.0,7280.0,0.0421518936,11570702,004960,13635.0,40428.9,0.33725874312682264,408540035.0,-24.118070554355654,5.611222444889785,0.7052380846374746,7.15668916675888,7.66193011376926,162.056,-45.97642234751409,https://finance.naver.com/item/main.naver?code=004960
엘케이켐,KOSDAQ,19080.0,121944821040,27.43,2.05,708.0,9491.0,0.10834,6059690050.0,1106624140.0,1333011260.0,,27.50173,반도체와반도체장비,59500.0,14550.0,0.0237902266,6391238,489500,12927.0,24483.65,0.5279850022361862,448130386.0,-41.20184899845917,-35.10204081632653,0.9860457897413171,7.4596986618902115,18.26205846947568,10.834000000000001,-67.9327731092437,https://finance.naver.com/item/main.naver?code=489500
경동도시가스,KOSPI,20550.0,121150593300,3.68,0.25,5576.0,80675.0,0.91762,541759098100.0,19578117430.0,17284110850.0,,8.90138,가스유틸리티,24300.0,18370.0,0.0871865313,5895406,267290,4470.0,17444.05,0.256247832355445,346932079.25,-7.432432432432434,-4.418604651162794,0.34980408792682893,6.911682677409359,3.6138050101350014,91.762,-15.432098765432102,https://finance.naver.com/item/main.naver?code=267290
하이텍팜,KOSDAQ,11370.0,120899177010,10.23,0.9,1079.0,12290.0,0.12843,14126306550.0,-1096275630.0,-267017050.0,,49.64242,제약,25000.0,9540.0,0.4678854562,10633173,106190,11164.0,41470.6,0.2692027605098552,448073112.0,-29.20298879202988,-3.88841927303466,0.6006182693281505,8.779495524816925,-7.760525556483835,12.842999999999998,-54.52,https://finance.naver.com/item/main.naver?code=106190
금강공업,KOSPI,4150.0,121716831550,-2.33,0.33,-1769.0,12448.0,1.42573,196667640590.0,13239252100.0,17151637210.0,,-8.56848,건축제품,8470.0,3420.0,0.0274453681,29329357,014280,21093.0,46815.85,0.4505525372283105,181503929.75,-21.40151515151515,-33.917197452229296,0.6960676779338622,-14.21111825192802,6.731789764845117,142.573,-51.00354191263282,https://finance.naver.com/item/main.naver?code=014280
AP위성,KOSDAQ,8010.0,120809255040,-41.23,1.1,-195.0,7297.0,0.21862,4067282220.0,-2555002810.0,-1290034920.0,,-246.63174,통신장비,22400.0,5720.0,0.0231107263,15082304,211270,60507.0,79317.45,0.7628460067740453,599900490.75,-50.85889570552147,-57.66384778012685,1.0633095239446049,-2.672331094970536,-62.8184294032097,21.862000000000002,-64.24107142857143,https://finance.naver.com/item/main.naver?code=211270
KCC건설,KOSDAQ,5640.0,120696000000,2.46,0.2,2276.0,27706.0,1.63419,355936765830.0,20432933770.0,15725972810.0,,35.15774,건설,7840.0,4450.0,0.0314301869,21400000,021320,18154.0,19915.0,0.9115741903088125,106577134.25,-13.364055299539167,2.5454545454545396,1.3205623901581722,8.214827113260666,5.740607807780957,163.419,-28.061224489795922,https://finance.naver.com/item/main.naver?code=021320
제넥신,KOSDAQ,2640.0,120226904160,-4.49,0.49,-598.0,5426.0,0.54651,414734010.0,-8999590550.0,-12444085600.0,,-69.9395,생물공학,7490.0,2140.0,0.0434329061,45540494,095700,86326.0,92396.1,0.9343035041522315,222649645.05,-49.13294797687862,-46.98795180722891,1.397905322843713,-11.021009952082565,-2169.966854177211,54.651,-64.75300400534046,https://finance.naver.com/item/main.naver?code=095700
신영와코루,KOSPI,13390.0,120510000000,19.23,0.31,697.0,43200.0,0.10649,44195712690.0,179870610.0,180583770.0,,9.96468,"섬유,의류,신발,호화품",22450.0,11400.0,0.2618576667,9000000,005800,4572.0,3302.55,1.384384793568606,43206855.25,-4.151753758052967,-13.277202072538863,1.6505427624108642,1.6134259259259258,0.4069865583154147,10.649000000000001,-40.356347438752785,https://finance.naver.com/item/main.naver?code=005800
토비스,KOSDAQ,12460.0,120135183280,3.8,0.58,3180.0,20712.0,0.85461,169750590770.0,15511195240.0,16782231170.0,,15.48254,디스플레이장비및부품,20950.0,8210.0,0.1655378509,9641668,051360,90703.0,126755.3,0.7155756011780178,1454566366.5,-18.24146981627297,-21.08929702343255,0.7235279313764394,15.353418308227115,9.13763844334219,85.461,-40.52505966587112,https://finance.naver.com/item/main.naver?code=051360
에스투더블유,KOSDAQ,11070.0,119838130020,-19.38,5.01,-561.0,2170.0,0.38651,2176940130.0,-2251582440.0,-1954935700.0,,32.17663,IT서비스,40000.0,8010.0,0.0203232446,10825486,488280,157684.0,90582.4,1.7407796658070442,886034130.25,-55.00000000000001,-53.97089397089396,3.828116720245876,-25.852534562211982,-103.4287718330591,38.651,-72.32499999999999,https://finance.naver.com/item/main.naver?code=488280
KCTC,KOSPI,3980.0,119400000000,5.57,0.37,707.0,10550.0,1.35629,265692947680.0,11685077310.0,8215612430.0,,8.74565,항공화물운송과물류,8390.0,3370.0,0.0768355333,30000000,009070,78132.0,144901.55,0.5392074825976673,554746784.95,-24.905660377358487,-35.806451612903224,1.1790350068719073,6.701421800947867,4.397962916228202,135.629,-52.56257449344457,https://finance.naver.com/item/main.naver?code=009070
유니퀘스트,KOSPI,5530.0,119448564060,5.97,0.5,955.0,11427.0,1.07165,169048375770.0,11543919630.0,8849763660.0,,27.50173,반도체와반도체장비,9520.0,4075.0,0.5767267673,21600102,077500,79456.0,107622.7,0.738282908717213,544109237.3,-24.246575342465746,-11.519999999999996,1.1056310611051385,8.357399142382077,6.828766959409396,107.16499999999999,-41.91176470588235,https://finance.naver.com/item/main.naver?code=077500
팜스토리,KOSDAQ,1070.0,119215762000,3.91,0.42,272.0,2550.0,1.88173,347114021240.0,8691267560.0,-2060211270.0,,32.75937,식품,1656.0,925.0,0.0183670476,111416600,027710,405583.0,1018118.3,0.39836529802086845,1113101783.05,-22.011661807580175,-6.794425087108014,0.39836529802086845,10.666666666666668,2.5038653088550182,188.173,-35.38647342995169,https://finance.naver.com/item/main.naver?code=027710
그린케미칼,KOSPI,4960.0,119040000000,11.79,0.91,414.0,5344.0,0.71996,77690098940.0,3016384750.0,2917453000.0,,-30.06008,화학,8130.0,4095.0,0.022645125,24000000,083420,26112.0,32676.75,0.7991002777203975,149245954.9,-9.653916211293257,-20.38523274478331,2.9222612407904704,7.747005988023951,3.882585800707438,71.99600000000001,-38.99138991389914,https://finance.naver.com/item/main.naver?code=083420
현대리바트,KOSPI,5910.0,118874933820,16.06,0.28,368.0,20785.0,0.91203,355935355320.0,1052528020.0,1614522670.0,,28.85075,가구,9300.0,5100.0,0.0387439681,20114202,079430,24787.0,33421.75,0.7416427924929125,188321042.75,-17.91666666666667,-10.45454545454545,1.964199959607142,1.7705075775799854,0.29570763462194855,91.203,-36.45161290322581,https://finance.naver.com/item/main.naver?code=079430
나라스페이스테크놀로지,KOSDAQ,10270.0,118825265910,-11.48,2.52,-905.0,4128.0,0.22169,413320760.0,-3030654490.0,-2917920780.0,,42.07756,우주항공과국방,64600.0,7520.0,0.0613381886,11570133,478340,52286.0,62199.65,0.8406156626283267,626800003.0,-66.27257799671594,-78.97645854657114,1.4263906629699685,-21.9234496124031,-733.2451653287388,22.169,-84.10216718266254,https://finance.naver.com/item/main.naver?code=478340
엠플러스,KOSDAQ,9730.0,118923913080,5.47,1.1,1735.0,8620.0,1.07066,50977906070.0,10190548920.0,11769716030.0,,-70.52697,전기제품,20100.0,6990.0,0.0821766861,12222396,259630,92837.0,71976.3,1.2898273459458183,642312310.5,-36.85918234912394,-19.91769547325103,1.2898273459458183,20.127610208816705,19.990128480379145,107.06599999999999,-51.592039800995025,https://finance.naver.com/item/main.naver?code=259630
노머스,KOSDAQ,10910.0,118730824320,7.9,1.14,1359.0,9419.0,0.11641,18580439650.0,3999255840.0,4058254260.0,,-1083.31724,방송과엔터테인먼트,38000.0,8740.0,0.0318889009,10882752,473980,22267.0,44211.4,0.5036483802820086,475682295.0,-32.193909260410194,-57.713178294573645,0.631036339043776,14.428283257245992,21.524010816396373,11.641,-71.28947368421052,https://finance.naver.com/item/main.naver?code=473980
리센스메디컬,KOSDAQ,10790.0,118686773790,-3.79,14.58,-2890.0,751.0,0.4672,1020668630.0,-2363757850.0,-1855732540.0,,-35.75178,건강관리장비와용품,39900.0,8060.0,0.0693480668,10999701,394420,78601.0,151288.15,0.519544987495716,1752302944.75,-63.29931972789116,-41.51761517615176,1.1881432881557479,-384.8202396804261,-231.58915445456572,46.72,-72.95739348370927,https://finance.naver.com/item/main.naver?code=394420
HS화성,KOSPI,11690.0,118653500000,3.98,0.25,2916.0,45678.0,0.68849,68952460880.0,190690460.0,4562353820.0,,35.15774,건설,15780.0,9580.0,0.0220472906,10150000,002460,15646.0,16499.25,0.9482855281300665,181009716.25,-13.407407407407412,-4.571428571428571,1.8278406594239132,6.383817154866675,0.27655352334975286,68.849,-25.918884664131813,https://finance.naver.com/item/main.naver?code=002460
톱텍,KOSDAQ,3120.0,118632524400,-7.6,0.29,-405.0,10549.0,0.40309,32619441970.0,6048861040.0,11305129410.0,,173.4423,기계,5260.0,2550.0,0.0445862524,38023245,108230,29801.0,69865.45,0.426548458501305,199870251.7,-21.311475409836067,-35.73635427394438,1.362876786737937,-3.839226466963693,18.54372936717654,40.309,-40.68441064638784,https://finance.naver.com/item/main.naver?code=108230
티앤알바이오팹,KOSDAQ,2480.0,118207969920,-2.37,5.34,-1093.0,485.0,3.30344,8721488640.0,-931336720.0,-1661051000.0,,-69.9395,생물공학,4925.0,1127.0,0.026721583,47664504,246710,288995.0,429905.0,0.6722299112594643,1098999434.05,-4.980842911877392,-27.696793002915456,3.9925681255161023,-225.36082474226805,-10.678643961405195,330.344,-49.64467005076142,https://finance.naver.com/item/main.naver?code=246710
KX,KOSDAQ,2625.0,117652064250,5.7,0.31,461.0,8467.0,0.90243,71858459170.0,3806293660.0,-1088701350.0,,28.69442,복합기업,4460.0,2250.0,0.0229376575,44819834,122450,15541.0,45435.45,0.3420456933957956,116404874.85,-14.215686274509808,-24.56896551724138,0.7794794593208607,5.4446675327743,5.296931918614085,90.243,-41.143497757847534,https://finance.naver.com/item/main.naver?code=122450
텔코웨어,KOSPI,12760.0,117903382520,10.61,0.58,1195.0,21758.0,0.20942,6823209100.0,-1350297000.0,5226476050.0,,164.30795,소프트웨어,27450.0,11630.0,0.0166116581,9240077,078000,1190.0,6315.55,0.18842381106950304,77830698.0,-17.089018843404812,-19.74842767295597,0.3833395349573671,5.4922327419799615,-19.78976432072117,20.942,-53.51548269581057,https://finance.naver.com/item/main.naver?code=078000
동양,KOSPI,1093.0,117084380976,5.2,0.14,210.0,7624.0,0.90276,125430116450.0,-8718925350.0,7052882680.0,,6.9634,건축자재,2660.0,970.0,0.0298519076,107122032,001520,72967.0,1230502.85,0.059298521738490886,959152036.55,35.77639751552795,30.898203592814365,0.17651157817310215,2.7544596012591813,-6.951221601931312,90.276,-58.909774436090224,https://finance.naver.com/item/main.naver?code=001520
유아이엘,KOSDAQ,3810.0,117510401250,5.31,0.59,715.0,6445.0,0.39705,105492875150.0,6133348240.0,6902183060.0,,85.22491,핸드셋,4345.0,2905.0,0.0604353553,30842625,049520,56663.0,71450.4,0.7930396470838512,258406235.6,-1.4230271668822736,2.008032128514059,1.5408731091778354,11.093871217998448,5.813992870399078,39.705,-12.313003452243954,https://finance.naver.com/item/main.naver?code=049520
SV인베스트먼트,KOSDAQ,1946.0,117029001418,-19.76,1.47,-98.0,1313.0,0.32555,5999755540.0,325300000.0,395635250.0,,13.64569,창업투자,5030.0,1439.0,0.0450698144,60138233,289080,197251.0,283159.0,0.6966086191856872,497864844.15,-49.5201037613489,-21.054766734279916,1.0834795998008186,-7.463823305407463,5.421887572439327,32.555,-61.312127236580515,https://finance.naver.com/item/main.naver?code=289080
넵튠,KOSDAQ,2490.0,116371751070,-2.72,0.35,-895.0,7036.0,0.17657,31409350310.0,1718409050.0,5824845130.0,,18.81972,게임엔터테인먼트,7210.0,2025.0,0.0231992101,46735643,217270,15245.0,41694.1,0.36563926310916894,94256278.95,-27.616279069767447,-53.888888888888886,1.3833372107804223,-12.720295622512792,5.471011125794916,17.657,-65.46463245492372,https://finance.naver.com/item/main.naver?code=217270
켐트로스,KOSDAQ,3620.0,116100839100,-7.8,1.69,-446.0,2061.0,0.31358,17354837100.0,2194347180.0,8457043560.0,,-30.06008,화학,9570.0,2630.0,0.0255274568,32072055,220260,150046.0,115200.85,1.302473028627827,370802150.1,-33.820840950639855,-42.539682539682545,1.302473028627827,-21.63998059194566,12.644009087241734,31.358000000000004,-62.17345872518286,https://finance.naver.com/item/main.naver?code=220260
플래스크,KOSDAQ,2370.0,116064014460,395.0,2.8,6.0,845.0,0.1419,2566527340.0,-778075350.0,239343170.0,,35.15774,건설,2370.0,2370.0,0.0154579261,48972158,041590,,,,,,,,0.7100591715976331,-30.316269687584935,14.19,0.0,https://finance.naver.com/item/main.naver?code=041590
나인테크,KOSDAQ,2020.0,115978895900,-5.91,1.25,-338.0,1599.0,0.78574,19785224280.0,1467540000.0,809620940.0,,-70.52697,전기제품,4720.0,1274.0,0.019233429,57415295,267320,270837.0,296894.55,0.9122329796892533,563145405.65,-39.24812030075188,-37.65432098765432,1.3808640138392572,-21.138211382113823,7.417353370532527,78.574,-57.20338983050848,https://finance.naver.com/item/main.naver?code=267320
국전,KOSDAQ,2145.0,115800587760,-25.29,1.13,-86.0,1920.0,0.75012,34671820940.0,2662839670.0,-2776987040.0,,49.64242,제약,6000.0,1700.0,0.0189085792,53986288,307750,92050.0,115432.2,0.7974378033165789,234907775.3,-38.714285714285715,-34.30321592649312,0.8805168748408156,-4.479166666666667,7.680126390269712,75.012,-64.25,https://finance.naver.com/item/main.naver?code=307750
인천도시가스,KOSPI,26450.0,115712243300,5.67,0.46,4650.0,57765.0,1.27721,319519424370.0,6947513590.0,6584940310.0,,8.90138,가스유틸리티,28300.0,24750.0,0.0225512109,4374754,034590,1699.0,2000.4,0.8493301339732053,52240426.25,-0.18867924528301883,3.3203125,1.5481903619276145,8.049857179953259,2.1743634533952014,127.72099999999999,-6.537102473498235,https://finance.naver.com/item/main.naver?code=034590
KBI동양철관,KOSPI,1114.0,115596334398,-29.82,0.83,-38.0,1363.0,0.75703,67030082490.0,4185427240.0,1708073950.0,,41.57565,철강,3284.336,890.0,0.0314223397,103766907,008970,500452.0,652356.45,0.7671450171144932,710792127.3,-32.27963525835867,-41.30663856691253,0.7671450171144932,-2.7879677182685256,6.244102773742536,75.703,-66.08142406867019,https://finance.naver.com/item/main.naver?code=008970
현대이지웰,KOSDAQ,5100.0,114637305300,5.03,1.07,1035.0,4862.0,1.31497,46339411000.0,7354775000.0,5889075000.0,,14.24452,상업서비스와공급품,7070.0,4765.0,0.1854285073,22477903,090850,135985.0,59961.85,2.2678586467895836,353117012.75,-11.304347826086957,-0.5847953216374324,2.9337487085538556,21.287535993418345,15.871533196656298,131.49699999999999,-27.86421499292786,https://finance.naver.com/item/main.naver?code=090850
진흥기업,KOSPI,788.0,114631735060,-4.1,0.49,-195.0,1644.0,1.24113,183603826580.0,11098394290.0,9471971670.0,,35.15774,건설,1645.0,621.0,0.0166926368,145471745,002780,933321.0,2474844.1,0.37712314888844917,1992642387.45,-35.9349593495935,13.218390804597702,0.5724501999944158,-11.861313868613138,6.044751079936887,124.113,-52.09726443768997,https://finance.naver.com/item/main.naver?code=002780
셀레믹스,KOSDAQ,10240.0,114499123200,-19.39,3.4,-494.0,2819.0,0.30649,923410000.0,-1426079080.0,-6047208230.0,,-69.9395,생물공학,19840.0,2535.0,0.0144015747,11181555,331920,35648.0,48688.05,0.7321714465869962,480169527.25,-25.581395348837212,247.1186440677966,0.954135563038569,-17.523944661227386,-154.43617461366023,30.648999999999997,-48.38709677419355,https://finance.naver.com/item/main.naver?code=331920
성도이엔지,KOSDAQ,7500.0,114075000000,3.81,0.39,1982.0,19295.0,1.30806,144597436290.0,7797967020.0,9988318130.0,,35.15774,건설,14450.0,4520.0,0.0476968442,15210000,037350,97713.0,179415.6,0.5446181937356618,1382285727.0,-34.95229835212489,4.166666666666674,1.1421414860246266,10.272091215340762,5.39288055174135,130.806,-48.096885813148795,https://finance.naver.com/item/main.naver?code=037350
고스트스튜디오,KOSDAQ,8730.0,113638925070,,,,,0.13806,20931730000.0,4346652000.0,4075008000.0,,18.81972,게임엔터테인먼트,10430.0,6920.0,0.2886535277,13017059,950190,37046.0,63175.1,0.5864019210100182,610324257.25,15.782493368700257,2.948113207547176,1.2878808264648571,,20.765851652013474,13.806,-16.299137104506233,https://finance.naver.com/item/main.naver?code=950190
도이치모터스,KOSDAQ,3890.0,113516229500,32.0,0.29,120.0,13187.0,3.56318,637401986570.0,10444424170.0,235483090.0,,7.87628,자동차,5820.0,3625.0,0.0438720356,29181550,067990,41282.0,96650.3,0.42712748951632845,374162847.15,-25.763358778625957,-7.710557532621587,1.7505791497801868,0.9099871085159627,1.6385929743024084,356.318,-33.16151202749141,https://finance.naver.com/item/main.naver?code=067990
그래디언트,KOSDAQ,9930.0,113512650120,-3.29,0.25,-2961.0,38707.0,1.52571,843283541780.0,5814551200.0,4864984990.0,,18.49925,인터넷과카탈로그소매,15590.0,7220.0,0.0355871659,11431284,035080,17478.0,19899.6,0.8783091117409396,182047659.0,-8.05555555555556,-15.12820512820513,2.126876922149189,-7.649779109721757,0.6895131841096609,152.571,-36.30532392559333,https://finance.naver.com/item/main.naver?code=035080
유니트론텍,KOSDAQ,5470.0,113510174410,8.73,0.83,640.0,6717.0,1.68078,220306342970.0,18440076050.0,16471155190.0,,27.50173,반도체와반도체장비,9060.0,4470.0,0.0359879763,20751403,142210,63626.0,158147.85,0.4023197280266535,828096764.45,-28.12089356110381,-16.232771822358348,0.8129165208379374,9.528063123418193,8.370197517422847,168.078,-39.624724061810156,https://finance.naver.com/item/main.naver?code=142210
엔에프씨,KOSDAQ,6350.0,113433860000,11.3,1.74,563.0,3660.0,0.36213,22200431690.0,4027297800.0,3468310610.0,,42.98944,화장품,9850.0,4020.0,0.0416033162,17863600,265740,222508.0,108313.1,2.0543036807182142,595481096.25,-8.36940836940837,35.106382978723396,2.404621416984649,15.382513661202186,18.14062832757465,36.213,-35.53299492385786,https://finance.naver.com/item/main.naver?code=265740
그린리소스,KOSDAQ,6700.0,113465953900,11.2,1.64,619.0,4219.0,0.96426,20925590750.0,2480537830.0,6444643630.0,,27.50173,반도체와반도체장비,24850.0,4825.0,0.077142088,16935217,402490,117902.0,148955.1,0.7915271111898821,996069711.0,-64.51271186440678,-22.183507549361202,1.51841058144367,14.671723157146243,11.854087464651386,96.426,-73.03822937625755,https://finance.naver.com/item/main.naver?code=402490
현대에버다임,KOSDAQ,6340.0,113116454080,24.92,0.6,260.0,10745.0,0.74911,82016474500.0,577442490.0,1382442210.0,,173.4423,기계,11320.0,5020.0,0.0376536175,17841712,041440,47400.0,93454.15,0.5072005898079432,565763478.25,-30.176211453744493,-23.33736396614269,1.4585548100325134,2.419730107026524,0.7040567075338017,74.911,-43.99293286219081,https://finance.naver.com/item/main.naver?code=041440
퀄리타스반도체,KOSDAQ,7960.0,112933073120,-4.95,3.17,-1644.0,2568.0,1.43469,5153686910.0,-4740378320.0,-4160697400.0,,27.50173,반도체와반도체장비,32150.0,5720.0,0.0288092987,14187572,432720,69835.0,134167.95,0.5205043380330399,1051983513.5,-65.16411378555799,-41.341193809874724,1.1372835315736731,-64.01869158878505,-91.98033180482824,143.469,-75.24105754276827,https://finance.naver.com/item/main.naver?code=432720
아바텍,KOSDAQ,8230.0,112485195690,16.48,0.75,506.0,11122.0,0.07292,16972619760.0,766567970.0,919678410.0,,15.48254,디스플레이장비및부품,19490.0,6750.0,0.0266061532,13667703,149950,99684.0,106944.0,0.9321140035906643,937749513.5,-38.6736214605067,-14.091858037578287,0.9321140035906643,4.549541449379608,4.516497634658611,7.292,-57.773217034376614,https://finance.naver.com/item/main.naver?code=149950
한컴위드,KOSDAQ,3985.0,112445067785,12.74,0.69,314.0,5802.0,0.63103,165972797140.0,58145760.0,975217780.0,,29.93748,비철금속,8980.0,2795.0,0.0303933281,28217081,054920,208192.0,334685.75,0.6220521787975736,1103869979.4,-43.23361823361823,-37.04581358609794,1.0068668893133335,5.41192692175112,0.035033307265981285,63.102999999999994,-55.623608017817375,https://finance.naver.com/item/main.naver?code=054920
태경비케이,KOSPI,4075.0,112401132500,4.66,0.47,866.0,8538.0,0.52785,103283165770.0,10837474200.0,12786695350.0,,29.93748,비철금속,5340.0,3590.0,0.041700244,27583100,014580,44935.0,59812.0,0.7512706480304956,235472671.0,-10.928961748633881,-12.17672413793104,0.7512706480304956,10.142890606699462,10.492972518032452,52.785000000000004,-23.689138576779023,https://finance.naver.com/item/main.naver?code=014580
중앙첨단소재,KOSDAQ,1011.0,112313717799,-17.89,1.01,-53.0,936.0,0.22761,2325941330.0,-2317069020.0,-95920030.0,,-246.63174,통신장비,4355.0,805.0,0.0422428374,111091709,051980,5690685.0,895972.35,6.351406937948476,899252403.15,-42.88135593220339,-60.889748549323016,6.351406937948476,-5.662393162393163,-99.61854970778649,22.761,-76.78530424799081,https://finance.naver.com/item/main.naver?code=051980
현대바이오랜드,KOSDAQ,3740.0,112200000000,463.13,0.82,8.0,4538.0,0.15642,38231955890.0,5190668090.0,5210800770.0,,42.98944,화장품,5320.0,3125.0,0.0275468,30000000,052260,53763.0,52062.0,1.0326725826898697,177959197.75,-11.792452830188683,-13.225058004640367,2.369482540048404,0.17628911414720141,13.576778820666293,15.642,-29.699248120300748,https://finance.naver.com/item/main.naver?code=052260
극동유화,KOSPI,3215.0,112105185300,92.94,0.54,34.0,5888.0,1.29272,247645982640.0,5520985270.0,3235006960.0,,-116.68055,석유와가스,6470.0,2950.0,0.0455246746,34869420,014530,52282.0,117075.5,0.4465665318533767,371320589.85,-11.432506887052341,-7.614942528735636,0.8067699903054012,0.577445652173913,2.229386162918617,129.27200000000002,-50.30911901081916,https://finance.naver.com/item/main.naver?code=014530
세명전기,KOSDAQ,7340.0,111905640000,8.86,1.26,837.0,5911.0,0.20753,9559692430.0,3966217670.0,2845313740.0,,52.67418,전기장비,17970.0,5090.0,0.0394466089,15246000,017510,229122.0,282444.3,0.8112112724526571,1976571824.75,-48.27343199436223,-25.254582484725052,8.2248110512409,14.16004060226696,41.48896733908833,20.753,-59.15414579855314,https://finance.naver.com/item/main.naver?code=017510
피아이이,KOSDAQ,3105.0,111868492500,-4.98,1.99,-626.0,1566.0,1.64922,9843815530.0,-3104858670.0,-3140197570.0,,32.17663,IT서비스,9850.0,1815.0,0.0192204782,36028500,452450,43951.0,134216.7,0.327462975918794,387753885.85,-53.096676737160124,-56.32911392405063,0.91624961722349,-39.97445721583653,-31.541211439178607,164.922,-68.4771573604061,https://finance.naver.com/item/main.naver?code=452450
SKAI,KOSDAQ,2110.0,111703501280,-4.92,7.78,-424.0,268.0,1.13153,3233990010.0,-1653705610.0,-5624691870.0,,32.17663,IT서비스,6160.0,1413.0,0.012744095,52940048,357880,476246.0,1088336.6,0.43759072331115206,2568493655.7,-47.25,18.339876612450933,0.935516640715749,-158.2089552238806,-51.135148992003224,113.15299999999999,-65.74675324675326,https://finance.naver.com/item/main.naver?code=357880
뷰노,KOSDAQ,7970.0,111594529310,-19.76,3.16,-413.0,2579.0,0.33105,6049588320.0,-4108009900.0,-3988009570.0,,635.5771,건강관리기술,28350.0,5500.0,0.0264204168,14001823,338220,21774.0,30034.8,0.7249590475048944,226164958.5,-32.79932546374368,-63.772727272727266,1.532355800604632,-16.013958898797984,-67.90561080691852,33.105000000000004,-71.88712522045854,https://finance.naver.com/item/main.naver?code=338220
코윈테크,KOSDAQ,9530.0,111444601460,64.26,0.63,148.0,15009.0,0.69884,39795244890.0,-1040471300.0,4213523370.0,,173.4423,기계,21150.0,7340.0,0.0264320876,11694082,282880,28453.0,56035.9,0.507763772867037,517955388.0,-40.250783699059554,-50.97736625514404,5.181356951525718,0.9860750216536744,-2.614561872595628,69.884,-54.94089834515366,https://finance.naver.com/item/main.naver?code=282880
하나기술,KOSDAQ,13950.0,111528994500,-18.32,1.06,-726.0,12570.0,2.81191,8260644530.0,-3654698350.0,-3732670260.0,,229.76836,전자장비와기기,35850.0,9250.0,0.0072159662,7994910,299030,51540.0,47875.7,1.0765377843039372,589131855.25,-45.5078125,-55.78446909667195,1.396762867174788,-5.7756563245823385,-44.24229049836623,281.19100000000003,-61.087866108786606,https://finance.naver.com/item/main.naver?code=299030
핑거,KOSDAQ,9270.0,111385696590,309.38,2.0,32.0,4960.0,0.40365,20461838030.0,-325791050.0,-43915020.0,,32.17663,IT서비스,25650.0,6200.0,0.0650299104,12015717,163730,197053.0,94083.75,2.0944424515391873,795788579.75,-60.803382663847785,-29.50570342205323,2.715793109862224,0.6451612903225806,-1.5921885879574622,40.365,-63.859649122807014,https://finance.naver.com/item/main.naver?code=163730
파워로직스,KOSDAQ,3040.0,111296695200,-9.11,0.57,-337.0,5394.0,0.95386,241317634310.0,7818308080.0,8891207490.0,,85.22491,핸드셋,6850.0,2400.0,0.0596018028,36610755,047310,84989.0,189479.85,0.44853845936652365,548316524.95,-38.77139979859013,-48.561759729272424,0.9153427132225406,-6.247682610307749,3.239841175451145,95.38600000000001,-55.62043795620437,https://finance.naver.com/item/main.naver?code=047310
NH농우바이오,KOSDAQ,6940.0,111252093340,8.98,0.4,767.0,17324.0,0.27105,36367907870.0,5368432780.0,6406056540.0,,-69.9395,생물공학,9200.0,6400.0,0.0258962865,16030561,054050,15160.0,25888.6,0.5855859335769412,176056885.75,-8.804204993429698,-17.479191438763376,0.7380854893659758,4.42738397598707,14.761456169515974,27.105,-24.56521739130435,https://finance.naver.com/item/main.naver?code=054050
동구바이오제약,KOSDAQ,3900.0,111013468800,2.09,0.69,1859.0,5610.0,1.28491,58064248250.0,1808609330.0,-577924310.0,,49.64242,제약,6390.0,3485.0,0.0189890796,28464992,006620,41943.0,108740.15,0.3857176948900659,405591640.85,-19.83556012332991,-27.509293680297397,0.7447847000394978,33.13725490196078,3.1148415496794106,128.49099999999999,-38.96713615023474,https://finance.naver.com/item/main.naver?code=006620
이노테크,KOSDAQ,12390.0,110802531000,11.36,1.81,1110.0,6961.0,0.4528,19858599300.0,3049042560.0,4053861590.0,,15.48254,디스플레이장비및부품,85000.0,8760.0,0.0210801865,8942900,469610,45353.0,76946.75,0.5894076098080816,933041072.0,-39.413202933985325,-50.63745019920318,1.3990974277666048,15.945984772302829,15.353764452057806,45.28,-85.4235294117647,https://finance.naver.com/item/main.naver?code=469610
한국무브넥스,KOSPI,3650.0,111144033000,5.39,0.28,685.0,13184.0,1.49319,442839851100.0,9845457240.0,8703139650.0,,11.42846,자동차부품,7950.0,3115.0,0.0290240988,30450420,010100,44928.0,90702.9,0.49533146128734584,313581125.9,-29.536679536679532,-39.56953642384106,0.7938224687413523,5.195691747572815,2.2232545728538655,149.319,-54.088050314465406,https://finance.naver.com/item/main.naver?code=010100
바이젠셀,KOSDAQ,5400.0,110696004000,-6.63,2.51,-807.0,2133.0,0.2219,328712690.0,-2835237210.0,-2587178300.0,,49.64242,제약,17360.0,3070.0,0.0284065376,20499260,308080,63594.0,169650.85,0.3748522332779352,902296321.45,-54.04255319148936,-35.86698337292161,0.6305479754448622,-37.83403656821378,-862.52745824933,22.189999999999998,-68.89400921658986,https://finance.naver.com/item/main.naver?code=308080
엠에스씨,KOSDAQ,6290.0,110704000000,4.74,0.58,1307.0,10750.0,0.46716,48175466870.0,8030933580.0,6711667290.0,,32.75937,식품,13280.0,5740.0,0.0218573295,17600000,009780,9627.0,13776.05,0.698821505438787,83263639.0,-9.49640287769784,-19.255455712451862,1.1278269170045114,12.15813953488372,16.670172811549964,46.716,-52.6355421686747,https://finance.naver.com/item/main.naver?code=009780
에이티넘인베스트,KOSDAQ,2305.0,110640000000,4.23,0.52,545.0,4446.0,0.08439,8443781770.0,4343156890.0,3347997120.0,,13.64569,창업투자,4000.0,1870.0,0.1035555625,48000000,021080,93058.0,298039.8,0.3122334668054401,635403391.1,-32.1060382916053,-28.748068006182383,1.3255108881431272,12.25820962663068,51.43615749794538,8.439,-42.37499999999999,https://finance.naver.com/item/main.naver?code=021080
NICE인프라,KOSDAQ,3240.0,110638638720,13.59,0.53,234.0,6019.0,2.66678,103211490070.0,7465424100.0,1754477540.0,,14.24452,상업서비스와공급품,4870.0,2840.0,0.02774044,34147728,063570,20458.0,36491.95,0.5606167935668004,112461966.45,-20.97560975609756,-22.021660649819495,0.6992775118896086,3.8876889848812093,7.233132759673179,266.678,-33.47022587268994,https://finance.naver.com/item/main.naver?code=063570
세경하이테크,KOSDAQ,3110.0,110538163980,2.18,0.62,1409.0,4921.0,0.47746,61029281810.0,-2167326220.0,3115028880.0,,85.22491,핸드셋,6720.0,2580.0,0.0180555183,35542818,148150,43252.0,86819.75,0.49818157734847196,252731921.45,-29.15717539863326,-36.008230452674894,1.0590447450032971,28.632391790286526,-3.551289079146383,47.746,-53.720238095238095,https://finance.naver.com/item/main.naver?code=148150
코아스템켐온,KOSDAQ,2090.0,110499085840,-2.33,1.83,-903.0,1147.0,1.19292,4345961380.0,-5986322220.0,-6940805300.0,,-69.9395,생물공학,6100.0,1014.0,0.0125206789,52870376,166480,72677.0,124585.65,0.5833496875442717,232004149.5,-52.98087739032621,-42.97407912687585,1.1285569405465237,-78.72711421098518,-137.74448727383768,119.292,-65.73770491803279,https://finance.naver.com/item/main.naver?code=166480
라온텍,KOSDAQ,3585.0,110326790430,-16.64,6.58,-217.0,549.0,2.02312,918416150.0,-3318879480.0,-3572675670.0,,27.50173,반도체와반도체장비,12500.0,2635.0,0.0360499085,30774558,418420,161566.0,154709.45,1.044318882912453,522942705.9,-62.02330508474576,-34.936479128856625,1.2349924325889594,-39.526411657559194,-361.3698953355731,202.312,-71.32000000000001,https://finance.naver.com/item/main.naver?code=418420
진로발효,KOSDAQ,16670.0,110374070400,9.07,1.2,1835.0,13837.0,0.23032,21734052300.0,3069190260.0,2992041470.0,,17.23181,음료,19570.0,16000.0,0.0058885808,6621120,018120,205.0,1265.75,0.16195931266047797,20859051.0,-5.39160045402951,-5.122367672168471,1.0152083744815328,13.261545132615451,14.121573913761127,23.032,-14.818599897802764,https://finance.naver.com/item/main.naver?code=018120
루미르,KOSDAQ,6180.0,110113361280,2043.33,1.78,3.0,3445.0,0.20517,1897647430.0,-250410840.0,-197585400.0,,42.07756,우주항공과국방,22650.0,4040.0,0.0441675512,17817696,474170,50958.0,58688.4,0.8682806142270022,347779791.5,-56.57062543921293,-56.10795454545454,1.2517976295145208,0.08708272859216255,-13.195856935342304,20.517,-72.71523178807946,https://finance.naver.com/item/main.naver?code=474170
경동인베스트,KOSPI,46500.0,109973569500,5.39,0.2,8482.0,227089.0,0.24603,54255247380.0,1918525650.0,2881193080.0,,29.93748,비철금속,103700.0,39000.0,0.0413146088,2365023,012320,3648.0,7217.35,0.5054486757604938,316667055.0,-24.267100977198698,-15.913200723327304,1.1983622797841311,3.7350994543989358,3.536110777567337,24.603,-55.159112825458045,https://finance.naver.com/item/main.naver?code=012320
씨이랩,KOSDAQ,11700.0,109772722800,-24.71,3.92,-425.0,2678.0,0.10533,1112231000.0,-1927438510.0,-1763005470.0,,32.17663,IT서비스,16000.0,3400.0,0.0214249537,9382284,189330,1230965.0,816891.9,1.506888487938245,10042753281.25,37.97169811320755,159.13621262458472,1.506888487938245,-15.87005227781927,-173.29480206899467,10.533,-26.875000000000004,https://finance.naver.com/item/main.naver?code=189330
인포바인,KOSDAQ,7400.0,109753462600,8.96,0.62,893.0,12978.0,0.10081,6874868980.0,1917544190.0,2051438040.0,,32.17663,IT서비스,20160.0,6050.0,0.087276184,14831549,115310,18459.0,9767.1,1.889916147065147,68085803.75,-39.34426229508197,-89.87688098495212,3.5867350595366077,6.880875327477269,27.892083406657154,10.081,-63.29365079365079,https://finance.naver.com/item/main.naver?code=115310
그리드위즈,KOSDAQ,13810.0,109689377500,52.0,0.84,270.0,16771.0,0.36286,20609469830.0,-2197672240.0,-1300604670.0,,3.37801,전기유틸리티,29800.0,10700.0,0.0116617041,7942750,453450,30834.0,145463.55,0.2119706276933294,2119234959.75,-38.21029082774049,-16.555891238670696,0.4150180577883601,1.6099218889750164,-10.663409869966559,36.286,-53.65771812080538,https://finance.naver.com/item/main.naver?code=453450
풍원정밀,KOSDAQ,4840.0,109686732320,-4.52,9.09,-1090.0,542.0,8.03872,8988105000.0,-3008382840.0,-3976471320.0,,15.48254,디스플레이장비및부품,19970.0,4000.0,0.0061139198,22662548,371950,5221.0,21364.5,0.24437735495799107,108112357.0,-50.15447991761071,-56.43564356435644,0.7196517587586885,-201.1070110701107,-33.47071312584799,803.872,-75.7636454682023,https://finance.naver.com/item/main.naver?code=371950
STX,KOSPI,3530.0,109493282310,-0.66,-0.96,-5382.0,-3692.0,-5.65435,59973000000.0,-9865000000.0,-44612000000.0,,16.58958,무역회사와판매업체,3530.0,3530.0,0.0220261657,31017927,011810,,,,,,,,145.77464788732394,-16.44906874760309,-565.435,0.0,https://finance.naver.com/item/main.naver?code=011810
수산세보틱스,KOSPI,1755.0,109510473150,6.99,0.56,254.0,3199.0,0.42148,47325557470.0,2809322890.0,2933556000.0,,173.4423,기계,4045.0,1330.0,0.0235209049,62399130,017550,267329.0,336064.3,0.7954697955123469,549811721.8,-43.11183144246353,2.034883720930236,1.1238176741772334,7.939981244138794,5.936164390204699,42.148,-56.61310259579728,https://finance.naver.com/item/main.naver?code=017550
케이엔솔,KOSDAQ,8410.0,109328376870,-2.03,0.89,-4188.0,9562.0,2.18878,115166933660.0,575853130.0,107343080.0,,173.4423,기계,18430.0,6490.0,0.0126590341,12999807,053080,41933.0,68313.6,0.613830920929361,570027779.25,-42.35777930089102,-33.935585231736056,1.265004332958591,-43.798368542145994,0.5000160303825181,218.878,-54.36787845903419,https://finance.naver.com/item/main.naver?code=053080
삼보모터스,KOSDAQ,4090.0,109267446130,4.58,0.23,909.0,18124.0,2.11029,429264377600.0,13842140330.0,7695130130.0,,11.42846,자동차부품,9990.0,3520.0,0.0066735148,26715757,053700,101124.0,228497.15,0.44256131859850334,886756547.85,-25.90579710144928,-44.579945799457995,0.9650317301550588,5.015449128227764,3.224618918390306,211.029,-59.05905905905906,https://finance.naver.com/item/main.naver?code=053700
티에이치엔,KOSPI,6070.0,109260000000,1.59,0.49,3815.0,12483.0,1.5974,276274575520.0,17503100640.0,15752179940.0,,11.42846,자동차부품,10270.0,2845.0,0.0889781667,18000000,019180,115127.0,110372.45,1.0430773259087753,623321677.75,-21.271076523994815,-15.694444444444445,1.0430773259087753,30.56156372666827,6.335400428018365,159.73999999999998,-40.89581304771178,https://finance.naver.com/item/main.naver?code=019180
계양전기,KOSPI,4005.0,109027430145,-3.17,5.84,-1281.0,694.0,9.55214,98944184440.0,-1935093160.0,825732910.0,,11.42846,자동차부품,13494.09,1253.901,0.0112172765,27222829,012200,157335.0,345265.9,0.4556922650050294,1458077402.3,-63.557779799818015,-54.48863636363637,1.4090878942866931,-184.58213256484152,-1.9557421903592984,955.2139999999999,-70.32034023783746,https://finance.naver.com/item/main.naver?code=012200
한일철강,KOSPI,4080.0,108925636800,-168.91,0.57,-23.0,6789.0,1.08047,61873640800.0,463277180.0,-1587979610.0,,41.57565,철강,6470.0,2330.0,0.0137865175,26697460,002220,255219.0,281784.95,0.9057226086772909,951441137.1,-13.283740701381507,-13.924050632911388,2.7770219807693772,-0.33878332596847843,0.7487472435919756,108.047,-36.93972179289027,https://finance.naver.com/item/main.naver?code=002220
디와이,KOSPI,4135.0,108831682455,7.32,0.26,570.0,15901.0,0.76651,331466081750.0,8353016510.0,7685961160.0,,11.42846,자동차부품,5640.0,3615.0,0.0396049975,26319633,013570,117291.0,92634.6,1.2661683647362865,359419940.85,-14.83007209062822,-19.080234833659492,1.2661683647362865,3.5846802087918994,2.5200214953818576,76.651,-26.684397163120565,https://finance.naver.com/item/main.naver?code=013570
시지메드텍,KOSDAQ,1051.0,108525246836,16.62,1.15,63.0,910.0,0.32893,13035945940.0,238888840.0,614675320.0,,-35.75178,건강관리장비와용품,3555.0,850.0,0.0420162842,103259036,056090,191273.0,665746.75,0.28730594629264056,668956843.65,-38.17647058823529,-28.649015614392393,1.1437532364972116,6.923076923076923,1.8325393577077076,32.893,-70.43600562587903,https://finance.naver.com/item/main.naver?code=056090
우림피티에스,KOSDAQ,8030.0,108405000000,45.8,1.32,181.0,6273.0,0.14991,10349780680.0,-369468710.0,394626450.0,,173.4423,기계,24000.0,4845.0,0.0367217778,13500000,101170,48673.0,104202.7,0.4670992210374587,765969353.0,-52.145411203814064,-58.111632759520084,1.0980137750749261,2.8853817949944207,-3.569821636065819,14.991,-66.54166666666667,https://finance.naver.com/item/main.naver?code=101170
레이언스,KOSDAQ,6520.0,108173411280,-19.08,0.43,-336.0,15058.0,0.13111,36751469810.0,3584154090.0,5854783850.0,,-35.75178,건강관리장비와용품,7190.0,4835.0,0.0293438966,16591014,228850,19952.0,17399.4,1.1467062082600548,106351518.0,3.164556962025311,28.094302554027493,7.294619354690391,-2.23137202815779,9.752410198910628,13.111,-9.31849791376912,https://finance.naver.com/item/main.naver?code=228850
와이엔텍,KOSDAQ,5940.0,108105974460,3.52,0.31,1681.0,19155.0,0.44631,28915698490.0,4211343050.0,4447838670.0,,10.30001,해운사,8190.0,5360.0,0.03761543,18199659,067900,12087.0,58462.85,0.206746677590983,357414554.0,-17.61442441054092,-11.607142857142861,0.5574993350478125,8.775776559645001,14.564209996367271,44.631,-27.472527472527474,https://finance.naver.com/item/main.naver?code=067900
대창,KOSPI,1186.0,108092631814,43.04,0.32,28.0,3725.0,1.98418,429140465290.0,23810247450.0,14616217680.0,,29.93748,비철금속,2095.0,950.0,0.0471407667,91140499,012800,336371.0,445201.45,0.7555478536738818,485312848.8,-31.83908045977012,-12.922173274596183,1.6692488310628817,0.7516778523489933,5.54835756024773,198.418,-43.389021479713605,https://finance.naver.com/item/main.naver?code=012800
샘표식품,KOSPI,23600.0,107811549600,5.33,0.4,4368.0,58052.0,0.4069,103729331680.0,6844602260.0,9332155630.0,,32.75937,식품,34750.0,20450.0,0.0772655215,4568286,248170,12267.0,37146.9,0.3302294404109091,905886671.25,-7.992202729044839,-21.202003338898166,0.3302294404109091,7.524288568869289,6.598521507026835,40.69,-32.086330935251794,https://finance.naver.com/item/main.naver?code=248170
아로마티카,KOSDAQ,8560.0,107658452320,20.25,2.65,442.0,3380.0,0.21399,13999703350.0,1335364340.0,1274182700.0,,42.98944,화장품,31500.0,4500.0,0.0593569714,12576922,0015N0,1990389.0,442387.45,4.499198609725479,3063585942.15,1.7835909631391145,-11.934156378600825,8.299184346210545,13.076923076923078,9.538518828686467,21.399,-72.82539682539682,https://finance.naver.com/item/main.naver?code=0015N0
메타바이오메드,KOSDAQ,3960.0,107598922200,9.08,0.87,438.0,4594.0,0.48356,24419901490.0,4851722880.0,4393668100.0,,-35.75178,건강관리장비와용품,6600.0,3265.0,0.0583142339,27171445,059210,51331.0,83886.4,0.6119108699383929,314446794.35,-4.0000000000000036,-20.241691842900302,1.6367253809914362,9.53417501088376,19.867905208326867,48.356,-40.0,https://finance.naver.com/item/main.naver?code=059210
세아메카닉스,KOSDAQ,4055.0,107414922500,75.93,1.46,54.0,2803.0,1.08486,33618105730.0,1653636860.0,2206394920.0,,229.76836,전자장비와기기,7340.0,2270.0,0.0146850261,26489500,396300,484289.0,2343154.1,0.20668252250246794,9123811799.75,-32.97520661157025,3.4438775510204023,1.5518847010531658,1.9265073135925792,4.918887677018439,108.48599999999999,-44.75476839237057,https://finance.naver.com/item/main.naver?code=396300
모나용평,KOSPI,2230.0,107337332590,-3.32,0.28,-646.0,7586.0,1.74311,47715598130.0,9371180990.0,5870349360.0,,13.58287,"호텔,레스토랑,레저",4670.0,1991.0,0.0227290099,48133333,070960,22540.0,59139.1,0.3811353233309266,125242567.3,-24.02044293015332,-30.745341614906827,0.4159346354611416,-8.515686791457949,19.639659476694483,174.311,-52.24839400428265,https://finance.naver.com/item/main.naver?code=070960
HS애드,KOSPI,6620.0,107294603280,6.2,0.51,1072.0,13081.0,1.10893,72120019030.0,-12144495840.0,-10031329910.0,,11.38111,광고,9480.0,5750.0,0.2520614964,16207644,035000,38866.0,136398.5,0.28494448252730054,823723738.25,-23.908045977011493,-20.7185628742515,0.43592854760132993,8.195092118339577,-16.839285406938416,110.893,-30.168776371308013,https://finance.naver.com/item/main.naver?code=035000
다산네트웍스,KOSDAQ,2500.0,107221170000,-13.38,0.37,-185.0,6733.0,0.85675,120392688360.0,8947465910.0,8447607640.0,,-246.63174,통신장비,6050.0,1950.0,0.0661674136,42888468,039560,62403.0,147947.6,0.4217912287864081,341292839.2,-49.54591321897074,-29.873772791023846,1.346801164736704,-2.7476607752859055,7.431901415179927,85.675,-58.67768595041323,https://finance.naver.com/item/main.naver?code=039560
케이엔더블유,KOSDAQ,6680.0,107010393600,-19.83,0.94,-363.0,7691.0,1.32107,16628148060.0,-1122320020.0,-1513418490.0,,27.50173,반도체와반도체장비,11400.0,4100.0,0.0133333583,16019520,105330,51268.0,32467.0,1.5790802969168694,196648003.25,-34.829268292682926,32.80318091451293,1.5790802969168694,-4.719802366402289,-6.7495190441550585,132.107,-41.40350877192982,https://finance.naver.com/item/main.naver?code=105330
조선선재,KOSPI,85000.0,106900335000,8.51,0.48,9974.0,176087.0,0.05805,12342649680.0,1488928210.0,3935520670.0,,41.57565,철강,141800.0,76000.0,0.0098747586,1257651,120030,540.0,667.45,0.8090493669937823,55469622.5,-11.82572614107884,-14.486921529175046,1.6870177541388867,5.664245515001108,12.06327853906974,5.805,-40.056417489421726,https://finance.naver.com/item/main.naver?code=120030
케이에스피,KOSDAQ,2645.0,106305856250,16.46,1.3,164.0,2074.0,0.76111,25020679790.0,4025503100.0,2488161840.0,,22.196,조선,8260.0,2050.0,0.0305804124,40191250,073010,89104.0,169868.85,0.5245458481646281,434791499.35,-50.74487895716946,-43.17937701396348,1.0124222304442516,7.907425265188042,16.08870395923004,76.11099999999999,-67.97820823244551,https://finance.naver.com/item/main.naver?code=073010
NPC,KOSPI,2900.0,106488000000,8.45,0.24,339.0,11789.0,0.42562,110046875130.0,6226495940.0,4581971010.0,,16.65708,포장재,4435.0,2415.0,0.0138577614,36720000,004250,25577.0,50899.6,0.502499037320529,146669044.75,-17.96322489391796,-25.257731958762886,1.6720170688964158,2.8755619645432184,5.658039751373719,42.562,-34.61104847801578,https://finance.naver.com/item/main.naver?code=004250
CMG제약,KOSDAQ,715.0,105908342540,-10.14,0.52,-70.0,1363.0,0.58305,25515375550.0,-2921991100.0,112755280.0,,49.64242,제약,2205.0,643.0,0.0737262681,148123556,058820,902376.0,702651.2,1.2842445867878687,546298917.25,-52.742894910773295,-64.10642570281124,1.3521929514957067,-5.135730007336757,-11.451883568298097,58.30499999999999,-67.57369614512471,https://finance.naver.com/item/main.naver?code=058820
뉴엔AI,KOSDAQ,11850.0,106498320000,-83.16,1.88,-136.0,6023.0,0.09476,4342000000.0,-745000000.0,-293000000.0,,32.17663,IT서비스,30950.0,5450.0,0.006488784,8987200,463020,8479136.0,1007283.4,8.417825608959703,9983382412.0,-2.2277227722772297,-26.80667078443484,8.417825608959703,-2.258010957994355,-17.157991708889913,9.475999999999999,-61.7124394184168,https://finance.naver.com/item/main.naver?code=463020
세원정공,KOSPI,10590.0,105900000000,2.27,0.17,4646.0,63677.0,0.12091,38386118130.0,-670017130.0,2020851480.0,,11.42846,자동차부품,17820.0,9030.0,0.0329435,10000000,021820,4207.0,13160.0,0.31968085106382976,130437916.75,-26.71280276816609,-16.679779701022813,1.4778115501519757,7.296197999277604,-1.7454672747342999,12.091000000000001,-40.572390572390574,https://finance.naver.com/item/main.naver?code=021820
한국경제TV,KOSDAQ,4815.0,105930000000,28.91,0.54,169.0,9011.0,0.16742,25833501320.0,539630350.0,966668210.0,,-1083.31724,방송과엔터테인먼트,6280.0,4270.0,0.0126967727,22000000,039340,30841.0,12240.7,2.51954545083206,58125664.85,4.90196078431373,-12.929475587703433,2.51954545083206,1.8754855177005882,2.088878094051558,16.742,-23.328025477707005,https://finance.naver.com/item/main.naver?code=039340
KEC,KOSPI,2635.0,105802174780,-4.04,0.33,-660.0,8115.0,0.38238,64330416790.0,-4839276860.0,-5050965650.0,,27.50173,반도체와반도체장비,10450.0,2140.0,0.0426448799,40152628,092220,164543.0,357371.9,0.4604251201619377,941855189.85,115.45380212591989,240.4392764857881,1.1019612901853781,-8.133086876155268,-7.522533043423797,38.238,-74.7846889952153,https://finance.naver.com/item/main.naver?code=092220
대정화금,KOSDAQ,14710.0,105770651610,7.7,0.57,1889.0,25600.0,0.18277,29487296280.0,3979093130.0,3627230220.0,,-30.06008,화학,15150.0,12030.0,0.0322647266,7190391,120240,14317.0,26175.2,0.5469681224976314,373482635.5,14.031007751937974,13.15384615384616,0.7186573550536386,7.37890625,13.494262384099462,18.276999999999997,-2.9042904290428995,https://finance.naver.com/item/main.naver?code=120240
져스텍,KOSDAQ,8750.0,105440168750,-66.53,9.73,-147.0,1005.0,1.14223,3494528510.0,-283730730.0,-280233780.0,,173.4423,기계,42500.0,5180.0,0.0155991902,12050305,153890,2887474.0,886885.8,3.2557449899412076,7875960505.75,-50.08556759840273,-50.08556759840273,4.586282698403785,-14.626865671641792,-8.119285024805821,114.22300000000001,-79.41176470588236,https://finance.naver.com/item/main.naver?code=153890
푸드나무,KOSDAQ,2980.0,105670057980,42.67,3.14,75.0,1019.0,1.78054,16913917880.0,-7021204190.0,-7613266180.0,,32.75937,식품,3980.0,1839.0,0.0032316922,35459751,290720,21079.0,99975.35,0.21084197254623263,306605611.95,-8.868501529051986,53.37107565620176,1.0341649216531874,7.360157016683022,-41.51140049167603,178.054,-25.125628140703515,https://finance.naver.com/item/main.naver?code=290720
씨에스베어링,KOSDAQ,3855.0,105125850000,9.34,1.04,412.0,3703.0,0.45034,28837132030.0,1826240850.0,2089118970.0,,173.4423,기계,9600.0,3050.0,0.0321410708,27270000,297090,95972.0,105398.6,0.9105623793864435,388304333.0,-45.08547008547008,-34.21501706484642,0.9105623793864435,11.126113961652715,6.332948949639358,45.034,-59.84374999999999,https://finance.naver.com/item/main.naver?code=297090
무림P&P,KOSPI,1694.0,105651940856,-3.07,0.17,-544.0,9575.0,2.08754,186181882100.0,-5829683270.0,-10057819990.0,,-6.0397,종이와목재,4420.0,1415.0,0.0271174515,62368324,009580,30180.0,71119.5,0.4243561892308017,116326634.1,-35.34351145038168,-27.914893617021274,0.7259612342606458,-5.681462140992167,-3.1311764626317524,208.75400000000002,-61.67420814479638,https://finance.naver.com/item/main.naver?code=009580
오늘이엔엠,KOSDAQ,4170.0,105025240530,-0.63,29.67,-6397.0,136.0,11.91287,5117010490.0,-386060190.0,-1238549080.0,,-246.63174,통신장비,8600.0,1362.586,0.0045636233,25185909,192410,133649.0,143400.5,0.9319981450552822,542286882.45,-38.03863298662704,400.6002400960385,1.787155553850928,-4703.676470588235,-7.544643317704044,1191.287,-51.51162790697674,https://finance.naver.com/item/main.naver?code=192410
비아트론,KOSDAQ,8700.0,105397977000,8.32,0.48,1028.0,17991.0,0.14658,15553638480.0,-1972155790.0,1164342820.0,,15.48254,디스플레이장비및부품,12890.0,6500.0,0.0402035212,12114710,141000,19187.0,34642.8,0.5538524599628205,271599758.75,-26.458157227388,14.927344782034346,1.5873428244830092,5.71396809515869,-12.679707018624237,14.658,-32.50581846392553,https://finance.naver.com/item/main.naver?code=141000
오스테오닉,KOSDAQ,5070.0,104754317070,13.64,1.52,374.0,3363.0,0.58624,12900858710.0,2329323250.0,2656179330.0,,-35.75178,건강관리장비와용품,8190.0,3710.0,0.0716847644,20661601,226400,32068.0,104721.9,0.306220570864356,487374015.1,-14.067796610169491,-20.90483619344774,1.7553157457991118,11.12102289622361,18.055567480902983,58.623999999999995,-38.095238095238095,https://finance.naver.com/item/main.naver?code=226400
청담글로벌,KOSDAQ,4950.0,104698885500,53.98,1.18,93.0,4268.0,0.83486,48322913580.0,2550345090.0,7571651140.0,,18.49925,인터넷과카탈로그소매,9920.0,3290.0,0.0,21151290,362320,25790.0,175692.2,0.14679080801538144,848575351.0,4.540654699049629,-14.655172413793105,0.3149143786690587,2.1790065604498596,5.277713823645648,83.486,-50.1008064516129,https://finance.naver.com/item/main.naver?code=362320
야스,KOSDAQ,8000.0,104464000000,-16.65,0.69,-460.0,11182.0,0.44881,32648803480.0,5179399980.0,5605417810.0,,15.48254,디스플레이장비및부품,13450.0,3650.0,0.0731705468,13058000,255440,869109.0,830130.6,1.046954539442348,4291248289.55,-24.59943449575872,-27.27272727272727,2.735452710693956,-4.113754247898408,15.863980997566408,44.881,-40.520446096654275,https://finance.naver.com/item/main.naver?code=255440
LB인베스트먼트,KOSDAQ,4495.0,104361489305,8.24,0.81,541.0,5521.0,0.13906,13117400670.0,2111185600.0,1265279400.0,,13.64569,창업투자,7750.0,3600.0,0.0261414374,23217239,309960,21627.0,56953.65,0.37972983294310375,234005277.95,-19.299820466786354,-24.32659932659933,2.3668368928066945,9.798949465676507,16.094542303860266,13.905999999999999,-42.00000000000001,https://finance.naver.com/item/main.naver?code=309960
아톤,KOSDAQ,4260.0,104293711920,65.76,1.06,66.0,4089.0,0.53159,14842409990.0,432403900.0,1894648400.0,,164.30795,소프트웨어,11370.0,3300.0,0.0411516712,24482092,158430,106251.0,292360.85,0.36342417255935605,1155433068.9,-44.02102496714849,-44.89003880983182,0.7548001040494992,1.6140865737344092,2.913299796268463,53.159,-62.532981530343015,https://finance.naver.com/item/main.naver?code=158430
우리손에프앤지,KOSDAQ,1509.0,104479603287,4.29,0.31,344.0,4805.0,0.67466,71126090630.0,2659148110.0,824532920.0,,32.75937,식품,2150.0,1360.0,0.0399419576,69237643,073560,188517.0,142625.1,1.321765944423527,211757536.9,-10.920897284533648,-8.099878197320344,1.321765944423527,7.159209157127992,3.7386394872072555,67.46600000000001,-29.813953488372093,https://finance.naver.com/item/main.naver?code=073560
아시아나IDT,KOSPI,9380.0,104118000000,8.25,0.6,1138.0,15701.0,0.24027,45815356120.0,2027492600.0,2739182560.0,,32.17663,IT서비스,12880.0,8610.0,0.0094754054,11100000,267850,4109.0,11454.45,0.3587252115989855,105504949.75,-10.15325670498084,-15.34296028880866,0.6070129949495611,7.247945990701229,4.425355976039066,24.027,-27.173913043478258,https://finance.naver.com/item/main.naver?code=267850
원익,KOSDAQ,5710.0,103883343300,9.18,0.37,632.0,15605.0,0.3712,36955232660.0,2671741500.0,1269475630.0,,42.98944,화장품,17800.0,4215.0,0.0402715186,18193230,032940,31700.0,159277.5,0.19902371646968342,900709492.5,-40.64449064449065,-57.92188651436994,7.263348558333726,4.049983979493752,7.2296703543470535,37.12,-67.92134831460675,https://finance.naver.com/item/main.naver?code=032940
디에스케이,KOSDAQ,4035.0,103741423650,-6.56,0.97,-619.0,4200.0,0.2975,4904484400.0,-5724832000.0,-3525561750.0,,229.76836,전자장비와기기,9280.0,3845.0,0.0105208828,25710390,109740,16400.0,36801.5,0.4456340094833091,164447067.0,-15.762004175365341,-49.0530303030303,1.0647120361941769,-14.738095238095239,-116.72647995373377,29.75,-56.519396551724135,https://finance.naver.com/item/main.naver?code=109740
제이아이테크,KOSDAQ,3160.0,103599791040,14.86,1.33,215.0,2405.0,0.70918,15437007780.0,3900070950.0,3806452870.0,,27.50173,반도체와반도체장비,6160.0,2480.0,0.0566172791,32784744,417500,50053.0,118513.2,0.42234114005866014,360957174.2,-35.312180143295805,-3.511450381679393,1.1732785883766534,8.93970893970894,25.264423038335735,70.918,-48.701298701298704,https://finance.naver.com/item/main.naver?code=417500
뉴로핏,KOSDAQ,8480.0,103446383680,-3.72,5.13,-2302.0,1672.0,0.15625,481423630.0,-5816045830.0,-5741718700.0,,635.5771,건강관리기술,36700.0,5480.0,0.07711102,12198866,380550,30009.0,77979.15,0.3848336382225249,612196792.75,-53.149171270718234,-62.2271714922049,1.10973253747957,-137.6794258373206,-1208.0931361844453,15.625,-76.89373297002724,https://finance.naver.com/item/main.naver?code=380550
세운메디칼,KOSDAQ,2350.0,102930000000,8.32,0.65,279.0,3584.0,0.07103,15393530730.0,3381732200.0,3591053950.0,,-35.75178,건강관리장비와용품,3430.0,2050.0,0.0255055251,43800000,100700,32220.0,74861.9,0.43039249604939234,173041446.85,-6.930693069306926,-1.673640167364021,0.47474082276832413,7.7845982142857135,21.9685285936997,7.103,-31.4868804664723,https://finance.naver.com/item/main.naver?code=100700
엠에스오토텍,KOSDAQ,1649.0,103274065051,-0.82,0.49,-1973.0,3331.0,1.65954,420125584080.0,11928493000.0,8589900080.0,,11.42846,자동차부품,3355.0,1260.0,0.0144413949,62628299,123040,181460.0,212414.75,0.8542721256409924,321913674.15,-27.356828193832595,-28.768898488120954,2.5892222644613896,-59.23146202341639,2.8392684121156937,165.954,-50.849478390462,https://finance.naver.com/item/main.naver?code=123040
아진산업,KOSDAQ,2655.0,103031475210,4.46,0.3,598.0,8952.0,3.33044,213271019930.0,17611521440.0,14613611610.0,,11.42846,자동차부품,4895.0,2250.0,0.0360672321,38806582,013310,79743.0,194093.2,0.41084901480319763,487076724.9,-32.61421319796954,-23.043478260869566,0.93200586110178,6.680071492403932,8.257812733197632,333.044,-45.76098059244127,https://finance.naver.com/item/main.naver?code=013310
한국화장품,KOSPI,6400.0,102835200000,91.43,3.07,70.0,2088.0,0.67937,20943554710.0,1919364390.0,2143814710.0,,42.98944,화장품,13080.0,4905.0,0.02819293,16068000,123690,46643.0,62107.95,0.7509988656846668,373360793.75,-23.718712753277714,-38.81453154875717,1.0830658554983703,3.3524904214559386,9.164463323332374,67.937,-51.07033639143731,https://finance.naver.com/item/main.naver?code=123690
에프엔에스테크,KOSDAQ,12360.0,102666819720,11.56,1.2,1125.0,10847.0,0.40392,12946067790.0,3499572030.0,3203810530.0,,15.48254,디스플레이장비및부품,24150.0,9550.0,0.1577184614,8306377,083500,38342.0,80098.3,0.47868681357781623,979978087.25,-34.74128827877509,-16.486486486486484,0.8940514343001037,10.371531298976675,27.03193036501163,40.392,-48.81987577639752,https://finance.naver.com/item/main.naver?code=083500
한울소재과학,KOSDAQ,3000.0,102621447000,-2.18,2.54,-1302.0,1116.0,2.5235,1527991850.0,-3649180290.0,-4974097930.0,,-246.63174,통신장비,3785.0,1790.0,0.0120535915,34207149,091440,92235.0,308556.15,0.298924523137847,887137560.1,-1.6393442622950838,0.0,1.2408665327202195,-116.66666666666667,-238.82197342871953,252.35,-20.73976221928666,https://finance.naver.com/item/main.naver?code=091440
RF시스템즈,KOSDAQ,7110.0,102492214200,17.95,1.91,396.0,3732.0,0.54052,10004468340.0,1121913560.0,1391543920.0,,42.07756,우주항공과국방,17750.0,3885.0,0.0832891208,14415220,474610,100312.0,120074.2,0.8354167672988869,724383832.25,-40.35234899328859,17.32673267326732,1.4649608325518721,10.610932475884244,11.21412474778245,54.052,-59.943661971830984,https://finance.naver.com/item/main.naver?code=474610
옵투스제약,KOSDAQ,5800.0,102350222000,7.95,0.59,731.0,9824.0,0.12366,23192460830.0,2903708800.0,2512764570.0,,49.64242,제약,20750.0,4610.0,0.0407955305,17646590,131030,39552.0,173680.0,0.22772915707047445,997127539.95,-29.35444579780755,-26.02040816326531,0.31865499769691386,7.440960912052118,12.520054776783255,12.366000000000001,-72.04819277108435,https://finance.naver.com/item/main.naver?code=131030
삼익악기,KOSPI,1130.0,102299933950,4.83,0.3,232.0,3698.0,0.82147,70413193530.0,8743405400.0,12699510700.0,,10.37864,레저용장비와제품,1361.0,1045.0,0.0192173359,90530915,002450,153349.0,182979.8,0.8380651853373979,203188662.25,-10.317460317460315,-3.253424657534243,1.2576142284558187,6.273661438615467,12.417282843839224,82.147,-16.972814107274058,https://finance.naver.com/item/main.naver?code=002450
크라운제과,KOSPI,8160.0,102194616000,8.4,0.46,964.0,17790.0,0.56021,108355465230.0,4040744310.0,3415035170.0,,32.75937,식품,10160.0,7560.0,0.0314313091,12523850,264900,3445.0,9818.75,0.3508593252705283,79351182.25,-3.886925795053009,-4.337631887456039,0.36990451941438574,5.4187745924676785,3.729155978817442,56.021,-19.685039370078737,https://finance.naver.com/item/main.naver?code=264900
한국제지,KOSPI,536.0,101920785920,-3.05,0.25,-176.0,2136.0,0.96601,198967156650.0,4558685960.0,-47592846080.0,,-6.0397,종이와목재,857.0,505.0,0.0059033171,190150720,027970,237223.0,141813.5,1.6727815052868733,75761407.3,-31.893265565438377,-32.0659062103929,1.6727815052868733,-8.239700374531834,2.2911751048536684,96.601,-37.45624270711785,https://finance.naver.com/item/main.naver?code=027970
나노팀,KOSDAQ,5050.0,101872276400,99.0,2.04,50.0,2423.0,1.41253,9841467860.0,-639172300.0,-981307380.0,,229.76836,전자장비와기기,15930.0,3330.0,0.024358183,20172728,417010,78772.0,125242.35,0.6289565789846645,546347492.2,-53.499079189686924,-50.68359375,1.4668760207709293,2.063557573256294,-6.494684625226221,141.25300000000001,-68.29880728185813,https://finance.naver.com/item/main.naver?code=417010
동남합성,KOSPI,29000.0,101500000000,14.27,1.8,2046.0,16202.0,0.96934,56413945550.0,3813476800.0,3155314930.0,,-30.06008,화학,35100.0,26100.0,0.0019471429,3500000,023450,1631.0,1057.05,1.542973369282437,30002046.25,-4.448105436573313,-8.37282780410743,3.277044605269382,12.628070608566844,6.7598122464596875,96.934,-17.37891737891738,https://finance.naver.com/item/main.naver?code=023450
코데즈컴바인,KOSDAQ,2680.0,101418173360,23.12,1.46,117.0,1855.0,0.27237,9752359240.0,781271760.0,1096706370.0,,9.96468,"섬유,의류,신발,호화품",5960.0,1878.0,0.0199336452,37842602,047770,623352.0,793792.9,0.7852829119534831,2224622757.6,-33.66336633663366,-11.842105263157897,0.7852829119534831,6.307277628032345,8.011105218474295,27.237000000000002,-55.033557046979865,https://finance.naver.com/item/main.naver?code=047770
오상헬스케어,KOSDAQ,7070.0,101167571120,30.8,0.34,226.0,20439.0,0.21344,22875879020.0,-4385103320.0,-3602497220.0,,-35.33202,생명과학도구및서비스,19400.0,5200.0,0.014093028,14309416,036220,25146.0,11348.8,2.2157408712815454,69256898.5,-23.567567567567572,-38.14523184601924,2.3235055688707176,1.1057292431136554,-19.16911396570238,21.343999999999998,-63.55670103092783,https://finance.naver.com/item/main.naver?code=036220
스모트로닉,KOSDAQ,2615.0,101142805255,-9.47,1.28,-275.0,2034.0,2.35405,94966083660.0,3382615810.0,4169009540.0,,11.42846,자동차부품,4200.0,1777.0,0.0200560335,38677937,066590,166740.0,2902696.6,0.057443137529426945,8574834237.55,7.172131147540983,-20.996978851963743,0.6271881808109052,-13.52015732546706,3.5619198766904274,235.405,-37.73809523809524,https://finance.naver.com/item/main.naver?code=066590
탑런토탈솔루션,KOSDAQ,2560.0,100212628480,15.21,0.55,169.0,4656.0,1.95014,146996665700.0,-4845496460.0,-6664693470.0,,11.42846,자동차부품,5280.0,1721.0,0.0083276882,39145558,336680,5763.0,21381.55,0.2695314418271828,51417989.4,-30.810810810810807,-42.600896860986545,0.31695550603206973,3.6297250859106533,-3.296330863646249,195.014,-51.515151515151516,https://finance.naver.com/item/main.naver?code=336680
KC코트렐,KOSPI,918.0,100782913662,-7.12,1.97,-129.0,467.0,2.50385,24824672050.0,1590322530.0,8513071850.0,,14.24452,상업서비스와공급품,918.0,918.0,0.001134742,109785309,119650,,,,,,,,-27.62312633832976,6.406217680527224,250.385,0.0,https://finance.naver.com/item/main.naver?code=119650
케이씨에스,KOSDAQ,8340.0,100080000000,40.0,5.15,211.0,1640.0,0.40616,5102488920.0,239209090.0,314422870.0,,32.17663,IT서비스,27500.0,6120.0,0.0276233333,12000000,115500,42908.0,79166.5,0.5419969305198538,626552572.75,-51.34189031505251,-14.63664278403275,1.5207947806205908,12.865853658536587,4.688086417245958,40.616,-69.67272727272727,https://finance.naver.com/item/main.naver?code=115500
나인앤컴퍼니,KOSDAQ,4400.0,99676940000,13.43,1.21,329.0,3656.0,0.08783,8300856160.0,838954000.0,4672029440.0,,9.96468,"섬유,의류,신발,호화품",7100.0,3900.0,0.0060428581,22653850,366030,23617.0,80404.75,0.29372642785407577,371481814.65,-31.464174454828665,-28.57142857142857,1.2769394842966366,8.99890590809628,10.106836979572478,8.783000000000001,-38.02816901408451,https://finance.naver.com/item/main.naver?code=366030
금강철강,KOSDAQ,5320.0,99590400000,-1182.5,0.58,-4.0,8115.0,0.2247,42385229660.0,31150310.0,1866295350.0,,41.57565,철강,8130.0,3720.0,0.0094276709,18720000,053260,2582100.0,26593.3,97.09588505375415,121921814.45,-6.0070671378091856,34.85424588086185,97.09588505375415,-0.04929143561306223,0.07349331418014546,22.470000000000002,-34.563345633456336,https://finance.naver.com/item/main.naver?code=053260
아스타,KOSDAQ,6070.0,99434491000,-25.94,9.98,-234.0,608.0,0.21373,464373000.0,-1118254450.0,-1496847940.0,,-35.75178,건강관리장비와용품,11080.0,5530.0,0.0106567855,16381300,246720,25650.0,50173.45,0.511226555080426,357786520.5,-26.06577344701584,-26.06577344701584,2.294002106691886,-38.48684210526316,-240.80953242328903,21.373,-45.21660649819494,https://finance.naver.com/item/main.naver?code=246720
스톰테크,KOSDAQ,3700.0,99430092600,9.62,1.05,380.0,3491.0,0.56825,16300243520.0,2281910950.0,1958693510.0,,11.80476,가정용기기와용품,4200.0,3330.0,0.0192223063,26872998,352090,99561.0,23743.5,4.1931897150799164,83317981.85,-6.6834804539722565,5.865522174535043,4.1931897150799164,10.88513319965626,13.999244533985955,56.825,-11.904761904761907,https://finance.naver.com/item/main.naver?code=352090
대성하이텍,KOSDAQ,6100.0,99117045600,-14.45,1.39,-411.0,4260.0,3.63756,17580285160.0,41792020.0,-15952629670.0,,173.4423,기계,15350.0,3330.0,0.0872199837,16248696,129920,99076.0,158293.85,0.6258992373993051,715195428.05,-37.94506612410987,16.858237547892728,2.2788061570301057,-9.647887323943662,0.23772094490872295,363.75600000000003,-60.26058631921825,https://finance.naver.com/item/main.naver?code=129920
에이럭스,KOSDAQ,7190.0,97963031000,-10.65,2.18,-697.0,3399.0,1.07198,15236180420.0,-2514435570.0,-3274066140.0,,10.90798,교육서비스,15650.0,5020.0,0.0189699741,13624900,475580,53831.0,66330.95,0.8115517718350183,463786924.25,-33.30241187384044,-29.022704837117473,4.750180722573701,-20.506031185642836,-16.50305720126147,107.198,-54.05750798722045,https://finance.naver.com/item/main.naver?code=475580
엑셈,KOSDAQ,1382.0,97688636586,15.0,0.8,92.0,1717.0,0.10328,11171342680.0,-2229572610.0,3265007030.0,,164.30795,소프트웨어,2590.0,1250.0,0.076818387,70686423,205100,105353.0,398022.75,0.26469090020608116,613863890.55,-25.698924731182792,-33.71702637889689,0.760813295219934,5.358182877111241,-19.957964533588186,10.328,-46.64092664092664,https://finance.naver.com/item/main.naver?code=205100
YTN,KOSDAQ,2045.0,97499424100,-6.57,0.42,-309.0,4834.0,0.491,26851331310.0,-7052022540.0,-5638076780.0,,-1083.31724,방송과엔터테인먼트,4900.0,1770.0,0.0077371931,47676980,040300,9401.0,40593.3,0.23158994218257692,80870727.3,-33.925686591276246,-42.87709497206704,0.8617185594667099,-6.392221762515515,-26.26321376241661,49.1,-58.265306122448976,https://finance.naver.com/item/main.naver?code=040300
이스트소프트,KOSDAQ,8290.0,97433049780,-5.0,1.78,-1715.0,4825.0,2.05321,30980181880.0,-1671096740.0,-685675710.0,,164.30795,소프트웨어,23350.0,6800.0,0.043016887,11753082,047560,28341.0,51274.7,0.5527287336639708,412557113.75,-35.885537509667444,-55.81023454157783,3.9266733886302605,-35.5440414507772,-5.394083051135399,205.321,-64.4967880085653,https://finance.naver.com/item/main.naver?code=047560
링네트,KOSDAQ,4370.0,97412299280,7.8,0.75,562.0,5843.0,0.40493,37474690270.0,2819722690.0,2260243890.0,,32.17663,IT서비스,7400.0,3410.0,0.0580206651,22291144,042500,98434.0,161970.2,0.6077290760893053,664116327.9,-17.234848484848484,13.654096228868662,1.1593120215940955,9.618346739688516,7.524338879612573,40.493,-40.94594594594595,https://finance.naver.com/item/main.naver?code=042500
SK디앤디,KOSPI,5230.0,97368907860,15.59,0.19,381.0,30636.0,1.63729,70332899850.0,-9347303700.0,-20643935760.0,,30.96928,부동산,13810.0,3685.0,0.0154501315,18617382,210980,1190506.0,266755.55,4.462909956325182,1563420157.0,-58.059342421812346,-58.78644602048857,5.076910302334853,1.2436349392871133,-13.290087171060955,163.72899999999998,-62.128892107168724,https://finance.naver.com/item/main.naver?code=210980
씨씨에스,KOSDAQ,2205.0,97355245995,-9.93,3.56,-222.0,620.0,0.17148,4249093490.0,-2131023970.0,-1943801750.0,,-1083.31724,방송과엔터테인먼트,1493.0,1493.0,0.0030755318,44152039,066790,,,,,,,,-35.80645161290323,-50.1524378085642,17.148,47.68921634293368,https://finance.naver.com/item/main.naver?code=066790
아모그린텍,KOSDAQ,5900.0,97331061000,16.11,1.17,357.0,4917.0,1.22311,30747965020.0,1643649400.0,1781444050.0,,-30.06008,화학,16750.0,4350.0,0.0873493571,16496790,125210,42280.0,79205.9,0.5337986185372555,436423942.75,-57.02840495265842,-12.071535022354695,0.8596581820293691,7.26052471018914,5.345555060085729,122.31099999999999,-64.77611940298507,https://finance.naver.com/item/main.naver?code=125210
동아엘텍,KOSDAQ,5560.0,97218345840,1.99,0.57,2811.0,9726.0,1.1469,40874310650.0,4016310520.0,-17225034890.0,,15.48254,디스플레이장비및부품,14620.0,3005.0,0.0956010856,17485314,088130,131034.0,111722.1,1.172856578957968,552131000.7,-44.39999999999999,36.10771113831088,1.206511513836564,28.901912399753236,9.826001848425058,114.69,-61.96990424076607,https://finance.naver.com/item/main.naver?code=088130
박셀바이오,KOSDAQ,4170.0,96983128650,-7.3,1.6,-577.0,2638.0,0.11149,1535500980.0,-4624612700.0,-3969104760.0,,49.64242,제약,11520.0,3350.0,0.0576576991,23257345,323990,83843.0,92921.45,0.9022997381121367,372135483.2,-35.84615384615385,-56.921487603305785,1.5313364137128727,-21.872630780894617,-301.1794040014224,11.149000000000001,-63.80208333333333,https://finance.naver.com/item/main.naver?code=323990
컴퍼니케이,KOSDAQ,6210.0,96938100000,13.75,1.21,464.0,5253.0,0.10439,7785252190.0,5440166930.0,4214161300.0,,13.64569,창업투자,11100.0,4815.0,0.0163283152,15610000,307930,42005.0,60739.75,0.6915570116768673,355026770.0,-29.98872604284104,-2.5117739403453743,1.8237480397927222,8.833047782219685,69.87785106033925,10.439,-44.054054054054056,https://finance.naver.com/item/main.naver?code=307930
엑스페릭스,KOSDAQ,2645.0,96923760880,-4.21,1.11,-646.0,2444.0,0.33817,6727971110.0,-815688320.0,2921232780.0,,229.76836,전자장비와기기,4735.0,2010.0,0.0155867197,36644144,317770,108921.0,274230.0,0.3971884914123181,695804796.45,-26.425591098748257,-9.417808219178081,2.0575465849834083,-26.432078559738137,-12.123838028787254,33.817,-44.13938753959873,https://finance.naver.com/item/main.naver?code=317770
원익피앤이,KOSDAQ,2040.0,96807300360,44.22,0.86,45.0,2304.0,2.30322,27293645460.0,-6080391340.0,-5830213110.0,,-70.52697,전기제품,4625.0,1515.0,0.0342658753,47454559,217820,151596.0,346692.0,0.43726419992385174,614410698.8,-41.29496402877698,-49.25373134328358,1.8290096108361311,1.953125,-22.277681260684183,230.322,-55.8918918918919,https://finance.naver.com/item/main.naver?code=217820
두올,KOSPI,3370.0,96631460880,3.37,0.34,994.0,9739.0,0.98127,201298074520.0,5997202380.0,3759623550.0,,11.42846,자동차부품,5420.0,3120.0,0.0333696449,28674024,016740,22435.0,40840.05,0.5493382108983705,139021672.65,-29.79166666666667,-21.627906976744182,1.7790869501873772,10.20638669267892,2.9792646523323536,98.127,-37.82287822878229,https://finance.naver.com/item/main.naver?code=016740
다원시스,KOSDAQ,2530.0,96553495610,-0.49,-0.19,-5162.0,-13604.0,-2.28272,20973467880.0,-9457155860.0,34308539500.0,,173.4423,기계,8470.0,2015.0,0.0536269571,38163437,068240,550130.0,1733777.05,0.317301466183325,5224897329.4,-9.80392156862745,-9.80392156862745,0.7582358989006113,37.9447221405469,-45.09104509616271,-228.272,-70.12987012987013,https://finance.naver.com/item/main.naver?code=068240
벽산,KOSPI,1473.0,96275280000,3.61,0.27,407.0,5403.0,0.83681,139223651470.0,4674500640.0,1536470490.0,,6.9634,건축자재,2435.0,1296.0,0.0283754284,65360000,007210,95862.0,141435.6,0.6777784376776427,203735046.6,-22.145877378435518,-14.060676779463243,1.2733427793285423,7.532852119193041,3.3575477949644674,83.68100000000001,-39.507186858316224,https://finance.naver.com/item/main.naver?code=007210
세종텔레콤,KOSDAQ,6850.0,95900000000,22.34,0.41,316.0,17031.0,1.17591,68795140450.0,-1587362770.0,-2726729500.0,,7.80963,다각화된통신서비스,15450.0,5030.0,0.0031752143,14000000,036630,8005.0,127097.5,0.06298314286276284,1190082778.5,-33.43051506316812,-24.559471365638764,0.06298314286276284,1.855440079854383,-2.3073763053855356,117.59100000000001,-55.663430420711975,https://finance.naver.com/item/main.naver?code=036630
피에스텍,KOSDAQ,5200.0,95789564000,9.28,0.64,559.0,8061.0,0.29514,17580872480.0,412722070.0,6949039540.0,,-70.52697,전기제품,16990.0,3715.0,0.0837370468,18421070,002230,37210.0,91316.05,0.40748586913253476,432211707.45,-41.50731158605174,-62.616822429906534,2.369495833426873,6.934623495844187,2.3475630715683344,29.514000000000003,-69.39376103590347,https://finance.naver.com/item/main.naver?code=002230
와이제이링크,KOSDAQ,3350.0,95284539100,-30.6,1.27,-109.0,2619.0,0.59259,14678261870.0,1143988770.0,2648726730.0,,229.76836,전자장비와기기,10350.0,2390.0,0.0479882218,28443146,209640,105006.0,210864.35,0.49797891393210847,667338018.7,-61.091753774680605,-22.2737819025522,0.8736991340641507,-4.161893852615503,7.793761823653853,59.25899999999999,-67.6328502415459,https://finance.naver.com/item/main.naver?code=209640
한일사료,KOSDAQ,2410.0,94962880850,14.78,0.58,162.0,4159.0,0.2339,125478412030.0,1483337930.0,1796874550.0,,32.75937,식품,5340.0,2000.0,0.0316153933,39403685,005860,374314.0,4134048.35,0.09054417566258025,11107326778.6,-31.728045325779043,-20.593080724876444,0.14832748630044446,3.8951671074777594,1.1821459213600474,23.39,-54.8689138576779,https://finance.naver.com/item/main.naver?code=005860
메드팩토,KOSDAQ,2770.0,94942085170,-7.09,1.97,-374.0,1342.0,0.06533,1316478720.0,-4168422730.0,-3759981260.0,,49.64242,제약,8650.0,2235.0,0.0472042097,34275121,235980,102065.0,314048.5,0.32499757203107166,871092212.55,-40.3659849300323,-58.09379727685325,0.8535592432379076,-27.86885245901639,-316.63426583910143,6.5329999999999995,-67.97687861271676,https://finance.naver.com/item/main.naver?code=235980
선진뷰티사이언스,KOSDAQ,7780.0,94941518400,15.63,1.1,496.0,7045.0,1.04751,22733076600.0,1519315250.0,2096612410.0,,42.98944,화장품,12100.0,6000.0,0.017098108,12203280,086710,31247.0,44054.0,0.7092886003541109,322422316.75,-24.53928225024248,-19.210799584631356,0.7092886003541109,7.0404542228530875,6.683280388014001,104.75099999999999,-35.70247933884298,https://finance.naver.com/item/main.naver?code=086710
금양그린파워,KOSDAQ,7830.0,94895685000,4020.0,1.01,2.0,7927.0,0.9168,72777933830.0,-8020052600.0,-8896796070.0,,-34.90219,에너지장비및서비스,20200.0,6200.0,0.0094477495,12119500,282720,51268.0,79461.75,0.645190925193568,578894522.0,-39.629915188897456,-24.493731918997106,0.792783949510299,0.025230225810521003,-11.019895973872828,91.67999999999999,-61.23762376237624,https://finance.naver.com/item/main.naver?code=282720
팜스코,KOSPI,2580.0,94758092940,2.17,0.43,1169.0,5917.0,4.02835,399049976810.0,19664019060.0,-8163575950.0,,32.75937,식품,4865.0,2185.0,0.0089620592,36727943,036580,49939.0,60002.35,0.8322840688739691,157992611.75,-17.703349282296653,-9.947643979057597,1.927541171304124,19.756633429102585,4.927708358034224,402.835,-46.96813977389517,https://finance.naver.com/item/main.naver?code=036580
워트,KOSDAQ,5830.0,93979600000,25.66,1.38,221.0,4097.0,0.03559,4331267450.0,955272240.0,1062408630.0,,27.50173,반도체와반도체장비,10960.0,4125.0,0.0264310174,16120000,396470,65291.0,57882.1,1.1279998479668154,297914845.45,-35.22222222222222,-20.788043478260864,1.1317142950929562,5.394190871369295,22.05525867491743,3.5589999999999997,-46.806569343065696,https://finance.naver.com/item/main.naver?code=396470
까뮤이앤씨,KOSPI,1580.0,94406311400,4.49,0.8,336.0,1881.0,1.52799,104923362170.0,11040929440.0,8029560560.0,,35.15774,건설,1636.0,997.0,0.0196737518,59750830,013700,687763.0,542607.7,1.2675142649099893,752372022.1,29.508196721311485,29.296235679214398,1.2675142649099893,17.862838915470494,10.522851357080183,152.799,-3.4229828850855792,https://finance.naver.com/item/main.naver?code=013700
서울옥션,KOSDAQ,5300.0,94203615100,-10.12,0.9,-521.0,5836.0,1.45792,15301555040.0,288859380.0,-945016550.0,,-17.50626,판매업체,9950.0,4100.0,0.0307454592,17774267,063170,24603.0,47465.35,0.5183360072136832,229000411.6,-17.956656346749224,-33.75,1.063533714593909,-8.927347498286498,1.8877779365880711,145.792,-46.733668341708544,https://finance.naver.com/item/main.naver?code=063170
HL D&I,KOSPI,2480.0,93889330480,10.6,0.2,234.0,12211.0,2.60396,384616052960.0,18984330430.0,6547610730.0,,35.15774,건설,4120.0,2110.0,0.0299978333,37858601,014790,60036.0,69746.85,0.8607700562821116,168432327.75,-19.741100323624593,-9.157509157509159,1.210549293624013,1.916304970927852,4.935917334676191,260.39599999999996,-39.80582524271845,https://finance.naver.com/item/main.naver?code=014790
세미티에스,KOSDAQ,3110.0,93724897530,0.0,0.0,0.0,0.0,0.0858,12697181690.0,4458268050.0,5415180330.0,,27.50173,반도체와반도체장비,8430.0,2260.0,0.0253817092,30136623,0017J0,361060.0,760611.15,0.4746972220956792,2381650030.65,-42.83088235294118,-42.83088235294118,1.2406483917570759,,35.11226474384648,8.58,-63.107947805456696,https://finance.naver.com/item/main.naver?code=0017J0
에스와이,KOSDAQ,1912.0,93510948800,-6.29,0.52,-302.0,3640.0,1.05666,126300807060.0,-1207493000.0,-3914798830.0,,6.9634,건축자재,3670.0,1479.0,0.0213906893,48907400,109610,87481.0,932651.2,0.09379819593863173,2091256952.35,-28.789571694599626,-32.31858407079646,0.22156085790700747,-8.296703296703296,-0.9560453556138979,105.666,-47.90190735694823,https://finance.naver.com/item/main.naver?code=109610
KTcs,KOSPI,2250.0,93160012500,3.61,0.4,616.0,5605.0,0.93088,235760624310.0,10498742890.0,8126926690.0,,14.24452,상업서비스와공급품,3195.0,2040.0,0.0696469582,41404450,058850,64899.0,116537.35,0.5568944205441431,258053042.65,-13.95793499043977,-19.354838709677423,1.7618729102729724,10.990187332738627,4.453136701994509,93.08800000000001,-29.5774647887324,https://finance.naver.com/item/main.naver?code=058850
풍국주정,KOSDAQ,7390.0,93114000000,9.01,0.54,812.0,13637.0,0.15795,37620771810.0,2957302680.0,2870640760.0,,-30.06008,화학,13140.0,6500.0,0.0170088095,12600000,023900,5617.0,19004.3,0.2955646879916651,138315082.0,-23.26064382139148,-18.791208791208792,0.49052056639813096,5.954388795189558,7.860824054688632,15.795,-43.759512937595126,https://finance.naver.com/item/main.naver?code=023900
폴라리스AI,KOSDAQ,6470.0,93046454580,-107.45,0.89,-55.0,6604.0,0.12682,10340635680.0,344828690.0,19099230.0,,32.17663,IT서비스,14860.027,3760.0,0.0,14381214,039980,9295444.0,1792320.55,5.186262022158926,9672497347.75,-23.250296559905102,242.14701216287676,5.186262022158926,-0.8328285887341006,3.33469528055165,12.681999999999999,-56.4603752065861,https://finance.naver.com/item/main.naver?code=039980
아남전자,KOSPI,1206.0,93012532920,17.32,0.71,71.0,1735.0,0.63858,28615230000.0,-4357647000.0,-4623390000.0,,34.07215,전자제품,1938.0,1024.0,0.0165348717,77124820,008700,521140.0,856402.3,0.6085224198954159,1018034078.5,-11.518708730741011,-14.950634696755994,0.7156403012929787,4.092219020172911,-15.228418572906804,63.858000000000004,-37.77089783281734,https://finance.naver.com/item/main.naver?code=008700
세이브존I&C,KOSPI,2265.0,92957627175,11.05,0.17,205.0,13059.0,0.2992,28872737920.0,1302687230.0,2704687520.0,,37.93,백화점과일반상점,4135.0,2050.0,0.0958454244,41040895,067830,47131.0,45655.55,1.0323169910339487,101923222.6,-22.29845626072041,-22.827938671209537,2.1133684732743334,1.5697986063251397,4.511824384682393,29.92,-45.223700120918984,https://finance.naver.com/item/main.naver?code=067830
NI스틸,KOSPI,3250.0,92950380250,4.94,0.35,673.0,9590.0,1.01102,56622788340.0,5168805210.0,3846248190.0,,6.9634,건축자재,4650.0,2800.0,0.0079553171,28600117,008260,79423.0,72598.65,1.094001059248347,226041274.75,-11.684782608695654,-6.609195402298851,1.4069545370334022,7.017726798748697,9.128489361850455,101.102,-30.107526881720425,https://finance.naver.com/item/main.naver?code=008260
이지케어텍,KOSDAQ,6790.0,92745784670,39.18,2.46,171.0,2727.0,0.43366,26078535560.0,1712646550.0,2267821840.0,,635.5771,건강관리기술,11810.631,5780.0,0.0129353366,13659173,099750,19959.0,22406.6,0.8907643283675346,142931603.75,-12.273901808785526,-27.45726495726496,2.5737952210509407,6.270627062706271,6.567265044694097,43.366,-42.509422231547155,https://finance.naver.com/item/main.naver?code=099750
황금에스티,KOSPI,5450.0,92650000000,5.02,0.23,1061.0,22693.0,0.28963,87692054600.0,8782124420.0,9477940510.0,,29.93748,비철금속,6580.0,4915.0,0.0532549412,17000000,032560,21044.0,23957.4,0.8783924799853072,124419769.45,-8.249158249158251,-6.8376068376068355,0.8783924799853072,4.675450579473846,10.014732189887589,28.963,-17.173252279635253,https://finance.naver.com/item/main.naver?code=032560
에이치엔에스하이텍,KOSDAQ,12020.0,92378808500,9.91,0.84,1216.0,14317.0,0.16071,22825812730.0,1967339640.0,1532525250.0,,229.76836,전자장비와기기,24200.0,8500.0,0.0252398534,7685425,044990,6172.0,22588.05,0.27324182477017717,240695654.75,-27.59036144578313,-29.994175888177054,1.387016586203767,8.493399455193128,8.618924825464473,16.070999999999998,-50.3305785123967,https://finance.naver.com/item/main.naver?code=044990
위더스제약,KOSDAQ,6980.0,92133766400,18.51,0.94,376.0,7425.0,0.39831,28216553210.0,244172370.0,3971599780.0,,49.64242,제약,11950.0,5910.0,0.0163334263,13199680,330350,67002.0,222112.3,0.3016582152361666,1465801354.5,-13.399503722084372,-20.045819014891176,1.2901896923313116,5.063973063973064,0.8653515125776059,39.831,-41.58995815899582,https://finance.naver.com/item/main.naver?code=330350
하이로닉,KOSDAQ,5340.0,91842905640,22.51,1.11,215.0,4348.0,0.11299,9594279520.0,1454250510.0,1266573510.0,,-35.75178,건강관리장비와용품,9510.0,3770.0,0.0128310605,17199046,149980,50285.0,28733.8,1.750029581886141,128084384.0,-3.9568345323740983,-26.84931506849315,2.4506330523634188,4.944802207911684,15.157474899167834,11.299,-43.84858044164039,https://finance.naver.com/item/main.naver?code=149980
나노,KOSDAQ,2985.0,92059877550,12.55,2.06,229.0,1393.0,1.71729,11035463660.0,-889094650.0,-1119513230.0,,-30.06008,화학,7560.0,1685.0,0.0223630817,30840830,187790,225493.0,662074.45,0.34058556405552276,2033238514.5,-50.98522167487685,-8.993902439024392,0.4910187970552255,16.439339554917446,-8.05670407146264,171.72899999999998,-60.51587301587303,https://finance.naver.com/item/main.naver?code=187790
웨이비스,KOSDAQ,6980.0,91780089800,49.09,1.72,143.0,4091.0,0.84791,5191058630.0,-3356244930.0,1762941030.0,,42.07756,우주항공과국방,24650.0,5630.0,0.0955906186,13149010,289930,81858.0,83560.2,0.9796290578529013,584142575.5,-61.1358574610245,-38.284703801945184,1.0488605819516947,3.495477878269372,-64.65434450313654,84.79100000000001,-71.68356997971603,https://finance.naver.com/item/main.naver?code=289930
사조동아원,KOSPI,649.0,91602845400,-0.66,0.71,-974.0,901.0,2.74606,155440592420.0,6159412460.0,4907691780.0,,32.75937,식품,1536.0,624.0,0.0090103695,141144600,008040,541975.0,295785.15,1.8323266059841068,227195602.35,-39.232209737827716,-39.96299722479186,3.471996481229703,-108.10210876803552,3.9625508138551653,274.606,-57.74739583333333,https://finance.naver.com/item/main.naver?code=008040
파워넷,KOSDAQ,3590.0,91591641280,5.58,0.6,652.0,6040.0,0.8005,106575232900.0,3638936970.0,1575734760.0,,-70.52697,전기제품,10400.0,2420.0,0.0761058131,25512992,037030,167561.0,423346.7,0.3958008884916311,1460462264.35,-59.617547806524186,28.673835125448033,1.0663293229875181,10.794701986754966,3.414430230159037,80.05,-65.48076923076923,https://finance.naver.com/item/main.naver?code=037030
디와이피엔에프,KOSDAQ,8700.0,91507478700,3.14,0.54,2703.0,15819.0,0.64093,60735321180.0,3565717520.0,3910132190.0,,173.4423,기계,20500.0,7200.0,0.0384883165,10518101,104460,5330.0,8841.9,0.6028116128886326,74176437.75,-35.17138599105812,-42.23107569721115,0.6987186012056232,17.08704722169543,5.870912429082836,64.093,-57.560975609756106,https://finance.naver.com/item/main.naver?code=104460
LS티라유텍,KOSDAQ,4255.0,91465931030,-11.22,1.42,-398.0,3141.0,0.73835,13984243570.0,-2600978490.0,-2742697950.0,,32.17663,IT서비스,11660.0,3270.0,0.0266030973,21496106,322180,101910.0,150963.8,0.6750624984267752,579269066.2,-52.029312288613305,-52.4049217002237,1.5963694607581422,-12.671123845908946,-18.599350597552558,73.835,-63.507718696397944,https://finance.naver.com/item/main.naver?code=322180
아주스틸,KOSPI,2360.0,91462777040,-2.04,0.58,-1092.0,3813.0,6.56115,263767705020.0,-853058850.0,-11261997190.0,,41.57565,철강,4545.0,1955.0,0.1479562056,38755414,139990,1135809.0,41227.5,27.549790794979078,85286463.1,-30.58823529411765,-27.60736196319018,27.549790794979078,-28.638867033831627,-0.32341292499599883,656.115,-48.07480748074807,https://finance.naver.com/item/main.naver?code=139990
에이치피오,KOSDAQ,2210.0,91258581960,10.86,0.6,204.0,3681.0,0.38333,63312358750.0,3278103100.0,2438865060.0,,-13.88903,건강관리업체및서비스,3295.0,1926.0,0.011923869,41293476,357230,21704.0,33535.3,0.6471986235399713,70976368.85,-18.450184501845023,-13.163064833005889,1.8977614632939022,5.541972290138549,5.177666990648962,38.333,-32.928679817905916,https://finance.naver.com/item/main.naver?code=357230
아이크래프트,KOSDAQ,6260.0,91445679360,7.41,1.63,842.0,3826.0,1.02926,16341978430.0,-2499223110.0,-1941459860.0,,32.17663,IT서비스,6550.0,2250.0,0.0590162087,14607936,052460,620893.0,1006166.7,0.6170876058609374,4472399161.8,78.85714285714285,87.98798798798799,2.059696469779809,22.007318348144274,-15.29327137901503,102.926,-4.427480916030535,https://finance.naver.com/item/main.naver?code=052460
리메드,KOSDAQ,2950.0,91176092500,171.76,2.25,17.0,1296.0,0.39508,7176173520.0,683842230.0,1017750640.0,,-35.75178,건강관리장비와용품,4595.0,2300.0,0.0,30907150,302550,45883.0,63102.25,0.7271214576342365,170005126.8,4.982206405693956,0.5110732538330387,2.7184926052557556,1.3117283950617282,9.529343571391234,39.507999999999996,-35.79978237214363,https://finance.naver.com/item/main.naver?code=302550
서원인텍,KOSDAQ,4895.0,91047000000,13.81,0.42,354.0,11528.0,0.16242,36539493450.0,1011340550.0,3178850280.0,,85.22491,핸드셋,5780.0,4500.0,0.0360317204,18600000,093920,7797.0,15563.2,0.5009895137246838,74238368.75,-4.580896686159841,-5.684007707129091,1.8927341420787498,3.070784177654407,2.7678012323402914,16.242,-15.311418685121103,https://finance.naver.com/item/main.naver?code=093920
영보화학,KOSPI,4550.0,91000000000,5.26,0.46,863.0,9810.0,0.12053,28324242870.0,3129313620.0,3143442880.0,,-30.06008,화학,5410.0,4200.0,0.5224736,20000000,014440,22596.0,14312.65,1.5787432795464154,64315560.35,-3.397027600849256,-3.8054968287526414,1.5787432795464154,8.797145769622833,11.04818100297556,12.052999999999999,-15.89648798521257,https://finance.naver.com/item/main.naver?code=014440
정상제이엘에스,KOSDAQ,5790.0,90773026080,13.06,1.04,444.0,5585.0,0.34,26475361370.0,3029843880.0,2370075320.0,,10.90798,교육서비스,6850.0,5530.0,0.0503049201,15677552,040420,17596.0,20186.45,0.8716738208055403,116251321.5,-0.17241379310344307,-1.697792869269954,1.6833569052507993,7.949865711727842,11.444013313575406,34.0,-15.474452554744522,https://finance.naver.com/item/main.naver?code=040420
로체시스템즈,KOSDAQ,5930.0,90708855790,7.43,0.68,821.0,9007.0,0.25631,40048452890.0,4296095290.0,3445077980.0,,27.50173,반도체와반도체장비,14070.0,5150.0,0.4556923521,15296603,071280,369620.0,85605.7,4.317703143599083,530256170.0,-37.64458464773922,-36.30504833512352,4.317703143599083,9.115132674586434,10.727244075570082,25.630999999999997,-57.853589196872775,https://finance.naver.com/item/main.naver?code=071280
큐브엔터,KOSDAQ,5820.0,90500121180,-16.1,0.53,-359.0,10823.0,0.59811,15104450220.0,-5178934650.0,2236053180.0,,-1083.31724,방송과엔터테인먼트,18920.0,4520.0,0.0378658339,15549849,182360,10945.0,24717.05,0.44281174331079154,131703266.75,-31.929824561403507,-56.2406015037594,0.8208908425560494,-3.317010071144784,-34.28747537690915,59.811,-69.23890063424946,https://finance.naver.com/item/main.naver?code=182360
에이엘티,KOSDAQ,10080.0,90319410720,-10.86,1.05,-1012.0,10470.0,1.13665,13804423180.0,-858189040.0,-2225611270.0,,27.50173,반도체와반도체장비,21200.0,6970.0,0.0673187014,8960259,172670,48594.0,53356.65,0.9107393361464784,476652192.25,-46.89146469968388,-26.42335766423358,1.6698949428046925,-9.665711556829034,-6.21676855895981,113.66499999999999,-52.45283018867924,https://finance.naver.com/item/main.naver?code=172670
모비스,KOSDAQ,2805.0,90240535770,-85.76,2.7,-33.0,1048.0,0.17533,1042323520.0,-542819670.0,-467008670.0,,164.30795,소프트웨어,9440.0,2130.0,0.0301023141,32171314,250060,182374.0,231004.1,0.7894838230143967,590222776.35,-39.08794788273615,-51.96917808219178,0.9179404175077411,-3.1488549618320607,-52.077849111569506,17.533,-70.28601694915254,https://finance.naver.com/item/main.naver?code=250060
KT밀리의서재,KOSDAQ,10530.0,90197758170,5.52,1.0,1847.0,10150.0,0.35428,23932222740.0,3901379580.0,3914469920.0,,2.40029,출판,16850.0,9090.0,0.0699614478,8565789,418470,20472.0,25207.05,0.8121537427029343,252117669.5,-15.012106537530268,-24.78571428571429,1.4244427650201035,18.19704433497537,16.301785347665536,35.428,-37.50741839762611,https://finance.naver.com/item/main.naver?code=418470
아미노로직스,KOSDAQ,1021.0,89991268762,25.38,1.59,40.0,638.0,0.53431,5383395280.0,629681510.0,1067363780.0,,49.64242,제약,1940.0,855.0,0.0256215311,88140322,074430,65095.0,118551.6,0.5490857989263747,119485125.7,-17.394822006472488,-39.22619047619048,1.0314158560491802,6.269592476489027,11.696735559050385,53.431,-47.371134020618555,https://finance.naver.com/item/main.naver?code=074430
로젠,KOSDAQ,1600.0,89850081600,4.0,0.21,400.0,7584.0,1.44236,192486237600.0,3024422840.0,96979960.0,,8.74565,항공화물운송과물류,2485.0,1390.0,0.0,56156301,033290,19221.0,41583.35,0.46222827165199537,65173678.25,-15.209326974032855,-22.891566265060238,2.081698564449473,5.274261603375527,1.5712410807701298,144.23600000000002,-35.61368209255533,https://finance.naver.com/item/main.naver?code=033290
대봉엘에스,KOSDAQ,8100.0,89801289900,8.86,0.63,919.0,12898.0,0.55387,29055524640.0,1990897520.0,583813990.0,,49.64242,제약,14000.0,6780.0,0.0547014548,11086579,078140,10786.0,22168.65,0.4865429333766377,167045135.75,-20.588235294117652,-32.89146644573322,2.7133361751843252,7.12513567995038,6.852044644408803,55.387,-42.14285714285714,https://finance.naver.com/item/main.naver?code=078140
위드텍,KOSDAQ,8980.0,89607828000,13.72,0.7,659.0,12943.0,0.23845,7292133680.0,-1908618690.0,2311474240.0,,27.50173,반도체와반도체장비,12670.0,6700.0,0.0155818451,9978600,348350,40361.0,63810.1,0.632517422790436,575438217.5,-17.990867579908677,-0.8830022075055233,0.632517422790436,5.09155528084679,-26.173665675311646,23.845,-29.123914759273873,https://finance.naver.com/item/main.naver?code=348350
블루콤,KOSDAQ,5250.0,89775000000,5.45,0.49,998.0,11033.0,0.17439,1824423180.0,603455190.0,1549972740.0,,30.96928,부동산,5490.0,2685.0,0.0169639766,17100000,033560,59915.0,86058.05,0.6962161006436934,386343379.85,60.30534351145038,83.88791593695271,1.5225652916839272,9.045590501223602,33.076492154632675,17.439,-4.371584699453557,https://finance.naver.com/item/main.naver?code=033560
폴레드,KOSDAQ,3555.0,89525070855,9.53,2.17,379.0,1660.0,0.41665,25335946660.0,4500035540.0,5212094430.0,,11.80476,가정용기기와용품,26000.0,3000.0,0.0505853564,25182861,487580,154186.0,524011.2,0.2942418024652908,1921192548.5,-82.22500000000001,-82.22500000000001,0.5679840430891553,22.83132530120482,17.7614659534494,41.665,-86.32692307692308,https://finance.naver.com/item/main.naver?code=487580
동방,KOSPI,1865.0,89467343590,5.08,0.5,360.0,3677.0,2.71713,241477837800.0,6535401620.0,2135660520.0,,8.74565,항공화물운송과물류,3560.0,1617.0,0.0513921251,47971766,004140,141250.0,171832.0,0.8220238372363704,310400485.95,-26.574803149606296,-25.25050100200401,0.9399878951534056,9.790590155017677,2.7064188082605067,271.713,-47.6123595505618,https://finance.naver.com/item/main.naver?code=004140
웹케시,KOSDAQ,6910.0,89515152760,7.01,0.78,984.0,8851.0,0.19511,17806593360.0,2653782970.0,2489262360.0,,164.30795,소프트웨어,14530.0,5700.0,0.0304021727,12954436,053580,21832.0,31965.2,0.6829927546206499,203793780.75,-16.140776699029125,-33.81226053639846,1.7889767622289239,11.117387865777879,14.903372679702729,19.511,-52.44322092222987,https://finance.naver.com/item/main.naver?code=053580
동신건설,KOSDAQ,10620.0,89208000000,590.0,0.92,18.0,11585.0,0.11983,5664750750.0,-250350490.0,587118590.0,,35.15774,건설,30200.0,8170.0,0.0133225,8400000,025950,36486.0,104466.25,0.3492611250044871,1216486948.25,-29.575596816976123,-41.903719912472646,0.9311906955595707,0.15537332757876565,-4.419444050561271,11.983,-64.8344370860927,https://finance.naver.com/item/main.naver?code=025950
라온시큐어,KOSDAQ,8020.0,89068740560,26.45,1.66,313.0,4975.0,0.33631,9419644590.0,-2148008600.0,-2148896880.0,,164.30795,소프트웨어,16960.0,6320.0,0.0322262329,11105828,042510,49014.0,126825.05,0.38646939228488375,956407971.5,-38.87195121951219,-17.91197543500512,0.9883063322269535,6.29145728643216,-22.803499425873774,33.631,-52.71226415094339,https://finance.naver.com/item/main.naver?code=042510
대교,KOSPI,1109.0,89238679300,-1.94,0.32,-552.0,3375.0,1.18336,157687083640.0,-3570355790.0,-3957587430.0,,10.90798,교육서비스,2335.0,818.0,0.0222843079,80467700,019680,99130.0,73790.75,1.343393311492294,70797633.75,-14.56086286594761,-38.01006148686417,5.131442626616479,-16.355555555555558,-2.2642030707798053,118.336,-52.50535331905781,https://finance.naver.com/item/main.naver?code=019680
스톤브릿지벤처스,KOSDAQ,4880.0,88903010400,7.68,0.91,637.0,5362.0,0.15109,19631489950.0,15235384650.0,13434663800.0,,13.64569,창업투자,7270.0,4000.0,0.0238691985,18217830,330730,14581.0,37780.6,0.38593881515910283,169759291.3,-22.539682539682538,-10.45871559633027,1.5352058993239917,11.879895561357703,77.60686880518715,15.109,-32.874828060522695,https://finance.naver.com/item/main.naver?code=330730
일지테크,KOSDAQ,6560.0,88648560000,1.88,0.45,3457.0,14517.0,2.16711,222210718420.0,13693537890.0,17061658160.0,,11.42846,자동차부품,8240.0,3715.0,0.0956285196,13513500,019540,19365.0,68173.2,0.28405590466634983,422397234.0,-6.685633001422476,37.670514165792234,0.8189435144602278,23.813460081284013,6.1624110607112454,216.711,-20.38834951456311,https://finance.naver.com/item/main.naver?code=019540
DKME,KOSPI,1660.0,88637871280,-26.92,0.61,-60.0,2640.0,0.52726,20362722580.0,1234563840.0,4597984190.0,,173.4423,기계,4260.0,1540.0,0.0,53396308,015590,34499.0,83129.8,0.4150015999076143,152743217.4,-44.38860971524288,-44.38860971524288,0.6561185038337636,-2.272727272727273,6.062862346376866,52.72599999999999,-61.03286384976525,https://finance.naver.com/item/main.naver?code=015590
오성첨단소재,KOSDAQ,9100.0,88652281900,2.47,0.3,3720.0,30910.0,0.25416,11492630180.0,3409067440.0,22898072340.0,,15.48254,디스플레이장비및부품,20700.0,6990.0,0.0,9742009,052420,22020.0,48349.7,0.45543198820261555,423246346.5,505.8588548601864,498.6842105263157,0.8237279652200531,12.034940148819153,29.663074392949795,25.416,-56.038647342995176,https://finance.naver.com/item/main.naver?code=052420
태양금속,KOSPI,2410.0,88447000000,25.69,0.58,94.0,4175.0,2.7014,151108556360.0,6130184860.0,3823763830.0,,11.42846,자동차부품,3790.0,1951.0,0.0362091553,36700000,004100,108637.0,384736.2,0.28236750272004557,917461722.35,-13.309352517985607,7.349665924276172,0.802505716904206,2.251497005988024,4.0568085670777565,270.14,-36.41160949868074,https://finance.naver.com/item/main.naver?code=004100
젝시믹스,KOSDAQ,2975.0,88287513125,7.31,0.75,400.0,3915.0,0.57344,53015268970.0,1097855420.0,887052010.0,,9.96468,"섬유,의류,신발,호화품",6330.0,2550.0,0.0545392942,29676475,337930,33219.0,75227.1,0.4415828870181091,218739390.6,-25.062972292191432,-42.23300970873787,0.805201848801828,10.217113665389528,2.0708287278920503,57.343999999999994,-53.001579778830965,https://finance.naver.com/item/main.naver?code=337930
디앤씨미디어,KOSDAQ,7100.0,88129396100,10.83,0.91,642.0,7665.0,0.19806,17358785830.0,3490379090.0,2139192960.0,,2.40029,출판,18410.0,5780.0,0.0208879033,12412591,263720,18830.0,33700.35,0.5587479061790159,221546664.75,-35.45454545454545,-43.108974358974365,0.5587479061790159,8.37573385518591,20.107276650466055,19.806,-61.43400325909831,https://finance.naver.com/item/main.naver?code=263720
삼기에너지솔루션즈,KOSDAQ,1540.0,88082209600,-8.09,1.4,-194.0,1122.0,2.27868,48944305310.0,1141288270.0,466939750.0,,11.42846,자동차부품,2615.0,865.0,0.0061004709,57196240,419050,12203154.0,3832831.7,3.183848119394337,6121567942.6,-10.879629629629628,-15.616438356164386,4.9586766358668966,-17.290552584670234,2.331810131477786,227.868,-41.10898661567878,https://finance.naver.com/item/main.naver?code=419050
KTis,KOSPI,2530.0,88049060000,2.12,0.32,1188.0,7801.0,0.88402,154903554370.0,5218841940.0,4767753100.0,,14.24452,상업서비스와공급품,3210.0,2370.0,0.0722757313,34802000,058860,59177.0,66294.4,0.8926394989622051,167844795.1,-10.283687943262409,-8.333333333333337,0.9681964087464402,15.228816818356622,3.3690911491510147,88.402,-21.18380062305296,https://finance.naver.com/item/main.naver?code=058860
삼원강재,KOSPI,2215.0,88024002540,8.22,0.34,269.0,6511.0,0.23429,84836160340.0,2435176970.0,2985138690.0,,11.42846,자동차부품,2585.0,2050.0,0.007296309,39739956,023000,11996.0,31628.7,0.37927578433511333,69163311.05,-6.342494714587743,-6.540084388185652,1.1109846436938604,4.1314698203041,2.870446941776337,23.429,-14.313346228239842,https://finance.naver.com/item/main.naver?code=023000
미래컴퍼니,KOSDAQ,9960.0,87826124640,-3.19,0.79,-3154.0,12792.0,0.1689,21162556270.0,1255680600.0,3802115540.0,,15.48254,디스플레이장비및부품,21750.0,8000.0,0.030927828,8817884,049950,11184.0,24026.65,0.46548311978573786,230707707.25,-34.21400264200793,-46.82327816337427,1.0056333279920422,-24.65603502188868,5.933501529680753,16.89,-54.206896551724135,https://finance.naver.com/item/main.naver?code=049950
큐리오시스,KOSDAQ,11460.0,87438447720,-19.17,6.23,-602.0,1852.0,0.29209,3473285420.0,-1869245490.0,-2081849420.0,,-35.33202,생명과학도구및서비스,48218.865,8220.0,0.0485104488,7629882,494120,98324.0,117013.9,0.8402762406859356,1698409696.75,-78.85608856088561,-81.51612903225806,1.0068889251618824,-32.50539956803456,-53.81779105271458,29.209000000000003,-76.23336841296451,https://finance.naver.com/item/main.naver?code=494120
광무,KOSDAQ,1463.0,87369090116,-2.73,0.4,-516.0,3491.0,0.08072,1175927590.0,-892450800.0,18794855460.0,,32.17663,IT서비스,3130.0,1171.0,0.0119648591,59719132,029480,141109.0,314291.3,0.44897520230435906,469222186.1,-28.634146341463417,-43.0739299610895,0.44897520230435906,-14.7808650816385,-75.8933464602187,8.072,-53.25878594249202,https://finance.naver.com/item/main.naver?code=029480
삼성공조,KOSPI,10730.0,87195349220,12.13,0.31,905.0,35993.0,0.14032,26667865000.0,1604934060.0,3008644030.0,,11.42846,자동차부품,20000.0,8790.0,0.0330021705,8126314,006660,93080.0,1824171.3,0.051025909682933836,23078603474.5,-17.270624518118737,-22.41503976861895,0.37341394418386037,2.5143777956824938,6.018232280686886,14.032,-46.35,https://finance.naver.com/item/main.naver?code=006660
크레버스,KOSDAQ,8500.0,87024530000,11.92,1.5,702.0,5570.0,2.70859,58396975520.0,2612559520.0,1564762280.0,,10.90798,교육서비스,14310.0,7900.0,0.0293934078,10238180,096240,8763.0,20568.1,0.4260481036167658,171477758.25,-15.000000000000002,-29.635761589403977,0.8941030041666465,12.603231597845602,4.4737925153422395,270.859,-40.600978336827396,https://finance.naver.com/item/main.naver?code=096240
빅텍,KOSDAQ,2950.0,87012618850,19.03,1.38,154.0,2116.0,1.09913,20942667770.0,195180270.0,-418583740.0,,42.07756,우주항공과국방,7050.0,2500.0,0.0453123449,29495803,065450,124204.0,358183.1,0.3467611956007975,1071891102.7,-39.857288481141694,-22.368421052631582,0.702685302572902,7.277882797731569,0.9319742458006819,109.913,-58.156028368794324,https://finance.naver.com/item/main.naver?code=065450
한빛레이저,KOSDAQ,3610.0,86353210770,35.48,2.81,104.0,1311.0,0.31242,6327641560.0,171014240.0,306768790.0,,-70.52697,전기제품,10590.0,2615.0,0.0432818517,23920557,452190,79780.0,131949.65,0.6046245670223452,444047693.5,-55.26641883519208,-25.56701030927835,1.4346760298341072,7.9328756674294425,2.7026537198481893,31.241999999999997,-65.91123701605288,https://finance.naver.com/item/main.naver?code=452190
한국첨단소재,KOSDAQ,3020.0,86203807140,-3.43,3.64,-678.0,638.0,0.13442,1057987350.0,-708193420.0,-598693890.0,,-246.63174,통신장비,10104.346,1932.831,0.0469471899,28544307,062970,3991467.0,1784967.15,2.2361571191940426,2388334039.0,-13.467048710601714,0.16583747927032544,3.156658653353929,-106.26959247648904,-66.93779656250143,13.442000000000002,-70.11187067426235,https://finance.naver.com/item/main.naver?code=062970
엔알비,KOSDAQ,7870.0,85772635210,-133.45,0.95,-58.0,8135.0,1.40031,17161115190.0,1465336990.0,-3218401950.0,,35.15774,건설,29650.0,5600.0,0.0968993226,10898683,475230,128986.0,82383.35,1.565680443924652,578106816.25,-53.4594914251922,-55.284090909090914,1.565680443924652,-0.7129686539643515,8.538704937158574,140.031,-73.45699831365935,https://finance.naver.com/item/main.naver?code=475230
중앙백신,KOSDAQ,9290.0,85995495490,13.99,0.81,656.0,11383.0,0.16483,12593601510.0,2996680740.0,3333249700.0,,49.64242,제약,10350.0,8560.0,0.0253789087,9256781,072020,10357.0,10109.3,1.024502191051804,92297939.0,-6.3508064516129,-3.1282586027111536,1.1118475067512095,5.762979882280594,23.7952641078922,16.483,-10.241545893719806,https://finance.naver.com/item/main.naver?code=072020
동국S&C,KOSDAQ,1503.0,85885929000,-49.63,0.45,-30.0,3331.0,0.37902,15800529070.0,-994526530.0,-4156199940.0,,-34.90219,에너지장비및서비스,2795.0,1229.0,0.0243927165,57143000,100130,171246.0,145376.0,1.1779523442659037,213731116.7,-29.436619718309863,-22.9625832906202,1.1779523442659037,-0.9006304413089163,-6.294260942744495,37.902,-46.22540250447227,https://finance.naver.com/item/main.naver?code=100130
창해에탄올,KOSDAQ,9310.0,85567139350,5.31,0.49,1749.0,18768.0,0.36606,28307470870.0,4258492730.0,3384725380.0,,17.23181,음료,13460.0,8770.0,0.0249278497,9190885,004650,19628.0,25315.6,0.7753322062285706,233715611.0,-6.713426853707416,-3.9215686274509776,1.2797247546967088,9.319053708439897,15.043706128169548,36.606,-30.832095096582467,https://finance.naver.com/item/main.naver?code=004650
대림제지,KOSDAQ,9760.0,85741600000,12.85,0.31,765.0,32201.0,0.16332,41867180100.0,563252400.0,865942570.0,,16.65708,포장재,10990.0,6830.0,0.0317592487,8785000,017650,8765.0,11274.65,0.7774077244082965,103933497.0,2.198952879581162,20.642768850432635,2.656490445379679,2.37570261793112,1.3453315906508831,16.332,-11.191992720655142,https://finance.naver.com/item/main.naver?code=017650
차AI헬스케어,KOSPI,4710.0,85740712830,25.97,1.13,181.0,4147.0,0.52965,1937232430.0,-2370512560.0,-4626741680.0,,42.98944,화장품,19780.0,3795.0,0.0030306571,18203973,025620,3513.0,28513.05,0.12320674217595101,150689950.0,-37.2,-56.946983546617915,0.34889287536759483,4.364600916325054,-122.36593416929324,52.964999999999996,-76.18806875631951,https://finance.naver.com/item/main.naver?code=025620
지니너스,KOSDAQ,2170.0,85481228070,-4.21,8.04,-521.0,273.0,1.0973,2385646150.0,-2047640470.0,-2026982950.0,,-69.9395,생물공학,6480.0,1490.0,0.039091501,39392271,389030,64247.0,181483.05,0.35401102196596324,374823358.25,-48.02395209580838,-46.9437652811736,1.4682252695224156,-190.84249084249086,-85.83169260034646,109.72999999999999,-66.51234567901234,https://finance.naver.com/item/main.naver?code=389030
로보로보,KOSDAQ,4195.0,85361764530,-64.7,2.95,-67.0,1469.0,0.07141,2800951380.0,-1017130370.0,-1037981680.0,,10.90798,교육서비스,15300.0,3135.0,0.0122425517,20348454,215100,307387.0,552511.0,0.55634548452429,2295335781.55,-39.813486370157825,-62.138989169675085,5.248248451162058,-4.560925799863853,-36.313746010114606,7.141,-72.58169934640523,https://finance.naver.com/item/main.naver?code=215100
DRB동일,KOSPI,4425.0,85280210700,18.94,0.21,232.0,20966.0,0.83902,200026885650.0,5867439230.0,7333864700.0,,-30.06008,화학,6470.0,3900.0,0.0129882873,19272364,004840,9290.0,11379.25,0.816398268778698,48826519.0,-11.144578313253017,-17.28971962616822,2.116747588812971,1.10655346751884,2.9333252932141525,83.902,-31.607418856259663,https://finance.naver.com/item/main.naver?code=004840
나이스디앤비,KOSDAQ,5530.0,85162000000,6.58,0.74,839.0,7506.0,0.19666,18345958230.0,1259338540.0,1495826230.0,,14.24452,상업서비스와공급품,6590.0,5100.0,0.4458661688,15400000,130580,4960.0,7764.8,0.6387801359983515,42284587.25,2.5974025974025983,-6.429780033840949,1.882083247475788,11.177724487077006,6.86439227764447,19.666,-16.084977238239762,https://finance.naver.com/item/main.naver?code=130580
DSR제강,KOSPI,5890.0,84816000000,3.32,0.44,1713.0,13053.0,0.3654,56749427970.0,6569914900.0,9018212260.0,,41.57565,철강,6150.0,3325.0,0.0964205556,14400000,069730,174258.0,51152.8,3.4066170375815203,282304363.25,14.591439688715946,54.796320630749015,3.4066170375815203,13.123419903470468,11.577059249783307,36.54,-4.227642276422761,https://finance.naver.com/item/main.naver?code=069730
삼영엠텍,KOSDAQ,6520.0,84760000000,10.08,1.09,666.0,6172.0,1.29448,130909798560.0,5608632550.0,4222555710.0,,22.196,조선,22800.0,5160.0,0.0510655385,13000000,054540,122962.0,466862.65,0.2633793900625805,3289457867.75,-45.892116182572614,-56.82119205298013,0.4224368773128456,10.790667530784187,4.284348927043372,129.448,-71.40350877192982,https://finance.naver.com/item/main.naver?code=054540
TP,KOSPI,1806.0,84696614100,2.12,0.28,819.0,6164.0,1.82252,248894414750.0,14665288150.0,12454737540.0,,9.96468,"섬유,의류,신발,호화품",2310.0,1510.0,0.082989977,46897350,007980,391585.0,155637.75,2.516002704999269,259515331.6,-11.902439024390244,-2.955400322407309,2.516002704999269,13.286826735885787,5.892172455830489,182.25199999999998,-21.818181818181813,https://finance.naver.com/item/main.naver?code=007980
위닉스,KOSDAQ,4740.0,84720034500,-4.41,0.55,-1160.0,9240.0,3.38426,123180338070.0,-21717846720.0,-31831442070.0,,11.80476,가정용기기와용품,6720.0,3100.0,0.0059488878,17873425,044340,890099.0,4466084.25,0.1993018828518517,24290281193.6,-2.868852459016391,-10.73446327683616,2.341582114130516,-12.554112554112553,-17.630936122011896,338.426,-29.464285714285708,https://finance.naver.com/item/main.naver?code=044340
에이치엘지노믹스,KOSDAQ,10870.0,84592090070,7.45,0.75,1409.0,13925.0,0.07287,8435361500.0,2890137500.0,2675663010.0,,49.64242,제약,25550.0,9090.0,0.0128439902,7782161,0156T0,,,,,,,,10.118491921005386,34.26216529072287,7.287000000000001,-57.455968688845395,https://finance.naver.com/item/main.naver?code=0156T0
한국파마,KOSDAQ,7750.0,84526932750,-32.19,1.24,-242.0,6307.0,0.88544,24601670930.0,1306009840.0,682476820.0,,49.64242,제약,15000.0,6350.0,0.0196955981,10906701,032300,5167.0,14842.9,0.3481125656037567,110335866.5,-26.33079847908745,-40.38461538461539,1.3806601135896623,-3.8370065007134926,5.308622506642072,88.544,-48.33333333333333,https://finance.naver.com/item/main.naver?code=032300
레이,KOSDAQ,5390.0,84299713190,27.51,1.13,201.0,4896.0,1.24681,25671447580.0,-3421738270.0,2975837160.0,,-35.75178,건강관리장비와용품,11690.0,3680.0,0.0217783595,15640021,228670,46683.0,127248.45,0.36686497949483865,675736385.35,-24.403927068723707,-9.10623946037099,6.350906435402553,4.105392156862745,-13.328965027534299,124.681,-53.89221556886228,https://finance.naver.com/item/main.naver?code=228670
지오엘리먼트,KOSDAQ,6670.0,84139115200,15.75,1.46,433.0,4668.0,0.26727,14850978370.0,2079815490.0,1833528090.0,,27.50173,반도체와반도체장비,11920.0,5110.0,0.0129407605,12614560,311320,44062.0,79412.15,0.5548521227545156,616432733.5,-31.166150670794636,-12.581913499344688,0.6899196155751985,9.27592116538132,14.004568845116431,26.727,-44.04362416107382,https://finance.naver.com/item/main.naver?code=311320
셀루메드,KOSDAQ,1009.0,83975227728,-24.61,6.59,-41.0,153.0,1.86866,23421410290.0,-1577283870.0,-1714403560.0,,35.15774,건설,2975.0,542.0,0.0173914121,83226192,049180,3720934.0,1719454.2,2.1640204199681503,2375996681.75,-49.800995024875625,-49.800995024875625,3.4828924201644917,-26.797385620915033,-6.734367616938237,186.86599999999999,-66.08403361344537,https://finance.naver.com/item/main.naver?code=049180
테라뷰,KOSDAQ,2360.0,83821845160,,,,,0.27038,2409468000.0,-2540414000.0,-3212680000.0,,27.50173,반도체와반도체장비,20800.0,1700.0,0.0,35517731,950250,101405.0,195773.75,0.5179703611950018,438803479.7,-58.00711743772242,-73.4533183352081,1.177369284697259,,-105.43464366407855,27.038,-88.65384615384615,https://finance.naver.com/item/main.naver?code=950250
엔지켐생명과학,KOSDAQ,990.0,83793832650,-4.23,0.54,-234.0,1837.0,0.07449,14892258100.0,-3243326300.0,-1899288070.0,,49.64242,제약,1766.0,937.0,0.0279584762,84640235,183490,676935.0,1116170.65,0.6064798424864514,1351723203.8,-24.714828897338403,-24.714828897338403,0.6064798424864514,-12.738160043549266,-21.77860656336597,7.449,-43.94110985277463,https://finance.naver.com/item/main.naver?code=183490
MDS테크,KOSDAQ,1967.0,83653893890,9.11,0.55,220.0,3618.0,0.42688,50867375400.0,4526658270.0,2050605980.0,,164.30795,소프트웨어,4554.081,1550.0,0.0269626349,42528670,086960,125366.0,252031.55,0.49742185055799565,464473444.8,-35.082508250825086,36.21883656509694,1.2846685266189888,6.0807075732448865,8.89894207122784,42.687999999999995,-56.80797069705172,https://finance.naver.com/item/main.naver?code=086960
드림씨아이에스,KOSDAQ,3390.0,83395505160,10.92,1.02,299.0,3211.0,0.84771,17410609120.0,538743000.0,-257690130.0,,49.64242,제약,8640.0,2360.0,0.5034360355,24600444,223250,88825.0,71805.15,1.2370282632930927,209110747.05,-49.70326409495549,-45.846645367412144,2.2390455280714545,9.31174089068826,3.094337459917657,84.771,-60.763888888888886,https://finance.naver.com/item/main.naver?code=223250
에스트래픽,KOSDAQ,3065.0,83391845700,14.97,0.71,180.0,3783.0,0.65065,15547201070.0,-4266124990.0,-2413512040.0,,32.17663,IT서비스,4170.0,2510.0,0.0350583914,27207780,234300,604848.0,56021.15,10.796779430625755,154635667.85,-12.428571428571434,-14.861111111111114,10.796779430625755,4.758128469468676,-27.43982644073439,65.065,-26.498800959232614,https://finance.naver.com/item/main.naver?code=234300
이니텍,KOSDAQ,3770.0,83019415050,22.18,0.52,163.0,6900.0,0.06197,8331082140.0,-1057967900.0,-1569570710.0,,164.30795,소프트웨어,10250.0,2165.0,0.0125369504,22021065,053350,104828.0,130675.95,0.80219810913944,470631417.45,36.101083032490976,-15.659955257270697,0.80219810913944,2.36231884057971,-12.699045360750699,6.197,-63.21951219512195,https://finance.naver.com/item/main.naver?code=053350
동일산업,KOSPI,34250.0,83063613750,-5.73,0.18,-6009.0,189781.0,0.13327,82941586230.0,2894231890.0,8755584790.0,,41.57565,철강,42900.0,32000.0,0.0425570516,2425215,004890,525.0,1487.3,0.352988637127681,51855478.75,-8.422459893048128,-9.151193633952259,1.2895851543064614,-3.1662811345709003,3.4894822025397376,13.327,-20.163170163170165,https://finance.naver.com/item/main.naver?code=004890
삼아제약,KOSDAQ,13030.0,83001100000,6.01,0.34,2120.0,37375.0,0.09839,17628768220.0,2082506880.0,2229698930.0,,49.64242,제약,18190.0,11950.0,0.0284967033,6370000,009300,5145.0,4004.85,1.2846923105734298,49346805.5,-18.562500000000004,-17.427122940430927,1.2846923105734298,5.672240802675585,11.813116231441382,9.839,-28.36723474436503,https://finance.naver.com/item/main.naver?code=009300
케이옥션,KOSDAQ,3205.0,82971969450,-16.12,0.78,-197.0,4059.0,0.86534,2807539120.0,-316574980.0,-537066850.0,,-17.50626,판매업체,5220.0,2535.0,0.0133514033,25888290,102370,57196.0,68968.5,0.8293061325097689,205711099.6,10.517241379310338,-16.861219195849543,0.8293061325097689,-4.853412170485341,-11.275888472749045,86.534,-38.601532567049816,https://finance.naver.com/item/main.naver?code=102370
엠게임,KOSDAQ,4415.0,82880914210,5.07,0.61,861.0,7129.0,0.21617,24214063460.0,3175252940.0,4525831180.0,,18.81972,게임엔터테인먼트,7660.0,3770.0,0.1207544581,18772574,058630,21556.0,55108.95,0.39115243531223154,250054141.95,-8.875128998968007,-24.52991452991453,0.8401539132935758,12.077430214616355,13.113259347177742,21.617,-42.362924281984334,https://finance.naver.com/item/main.naver?code=058630
한국컴퓨터,KOSDAQ,5150.0,82767143500,3.27,0.41,1555.0,12463.0,0.78025,83085153390.0,5097871790.0,5824731670.0,,15.48254,디스플레이장비및부품,5930.0,4460.0,0.0311702421,16071290,054040,14442.0,32513.7,0.4441819909761116,159657519.6,-6.36363636363636,6.404958677685957,2.0930869141315815,12.47693171788494,6.135719297611084,78.025,-13.153456998313661,https://finance.naver.com/item/main.naver?code=054040
대한뉴팜,KOSDAQ,5760.0,82684339200,5.24,0.57,1087.0,9971.0,0.99618,54842559900.0,3135209350.0,2997805890.0,,49.64242,제약,7900.0,5030.0,0.003224539,14354920,054670,21581.0,19031.8,1.1339442406918947,104482221.25,-9.717868338557988,-14.918759231905465,1.1339442406918947,10.90161468257948,5.716745089428256,99.618,-27.088607594936708,https://finance.naver.com/item/main.naver?code=054670
네오뷰,KOSDAQ,15660.0,82624900500,0.0,0.0,0.0,0.0,,,,,,15.48254,디스플레이장비및부품,25600.0,14130.0,0.1680584893,5276175,0218L0,,,,,,,,,,,-38.828125,https://finance.naver.com/item/main.naver?code=0218L0
액스비스,KOSDAQ,8830.0,82416924200,12.33,2.24,734.0,4036.0,0.75482,11064075450.0,786598530.0,1119731010.0,,229.76836,전자장비와기기,50600.0,6890.0,0.0591427445,9333740,0011A0,34088.0,60275.7,0.56553470138049,538559671.25,-61.77489177489177,-80.80434782608695,0.8438060445585867,18.18632309217047,7.1094826997044756,75.482,-82.5494071146245,https://finance.naver.com/item/main.naver?code=0011A0
레몬헬스케어,KOSDAQ,6120.0,82348021080,-29.51,34.92,-226.0,191.0,9.9604,2572372000.0,-1439999000.0,-1464186000.0,,-13.88903,건강관리업체및서비스,20300.0,3830.0,0.015990863,13455559,365660,14934777.0,6750706.65,2.2123279494006747,45949070245.15,-34.89361702127659,-34.89361702127659,3.1893856623143297,-118.32460732984293,-55.979422882848986,996.04,-69.85221674876847,https://finance.naver.com/item/main.naver?code=365660
인지컨트롤스,KOSPI,5200.0,82207824400,5.03,0.36,1043.0,14627.0,1.86931,178480339840.0,9788077730.0,6475460380.0,,11.42846,자동차부품,8460.0,4770.0,0.0400055107,15809197,023800,34920.0,51655.5,0.6760170746580713,269423839.95,-34.75533249686323,-26.863572433192683,0.8187511494419761,7.13064880016408,5.484120961879944,186.931,-38.53427895981088,https://finance.naver.com/item/main.naver?code=023800
알서포트,KOSDAQ,1542.0,82137841986,44.91,0.82,34.0,1857.0,0.13663,10698759600.0,-750820140.0,-838990170.0,,164.30795,소프트웨어,3090.0,1278.0,0.1997961293,53267083,131370,96376.0,154621.7,0.6233019039371576,224392394.2,-31.769911504424776,-37.06122448979592,1.164797696571697,1.830910070005385,-7.017824197115337,13.663,-50.09708737864078,https://finance.naver.com/item/main.naver?code=131370
조흥,KOSPI,136700.0,82020000000,10.15,0.54,13470.0,252447.0,2.18839,122537672880.0,3760536770.0,-2040393690.0,,32.75937,식품,164400.0,132300.0,0.0005916667,600000,002600,49.0,19.5,2.5128205128205128,2661855.0,-6.0481099656357395,-14.455569461827288,2.5128205128205128,5.335773449476524,3.068882149967593,218.839,-16.849148418491488,https://finance.naver.com/item/main.naver?code=002600
새빗켐,KOSDAQ,14430.0,81530279220,-4.09,1.68,-3298.0,8056.0,0.88567,13487804640.0,-471668540.0,-276143330.0,,-70.52697,전기제품,42750.0,9300.0,0.0163111715,5650054,107600,14392.0,11626.85,1.2378245182487089,141792689.0,-45.54716981132076,-61.365461847389554,1.2378245182487089,-40.938430983118174,-3.4970000870356612,88.567,-66.24561403508771,https://finance.naver.com/item/main.naver?code=107600
아이큐어,KOSDAQ,2170.0,81501658560,-2.42,3.08,-897.0,705.0,2.53218,32191636200.0,207552900.0,-668692730.0,,42.98944,화장품,2170.0,2170.0,0.0340015839,37558368,175250,,,,,,,,-127.23404255319149,0.6447416922535922,253.218,0.0,https://finance.naver.com/item/main.naver?code=175250
한국수출포장,KOSPI,2430.0,81404856630,-22.18,0.3,-108.0,8011.0,0.26861,69124285150.0,-7168840510.0,-5309933460.0,,16.65708,포장재,3785.0,2150.0,0.0206473796,33499941,002200,16850.0,59329.7,0.28400615543311364,135076898.65,-9.665427509293679,-23.704866562009418,1.4614265705034748,-1.3481462988390962,-10.370943431014997,26.861,-35.79920739762219,https://finance.naver.com/item/main.naver?code=002200
아이앤씨,KOSDAQ,4550.0,81294185700,16.01,2.1,281.0,2140.0,0.50548,8989681530.0,1024548400.0,1034025680.0,,27.50173,반도체와반도체장비,7350.0,1995.0,0.0135866672,17866854,052860,22951.0,26338.8,0.8713760687654715,109649178.35,-34.05797101449275,61.92170818505338,1.93630689325254,13.130841121495326,11.396937662150975,50.548,-38.095238095238095,https://finance.naver.com/item/main.naver?code=052860
제일엠앤에스,KOSDAQ,3935.0,81063616775,-5.16,-7.08,-762.0,-556.0,-37.23905,15458650040.0,1282091310.0,-913495270.0,,-70.52697,전기제품,3935.0,3935.0,0.0076687816,20600665,412540,,,,,,,,137.0503597122302,8.293682221167613,-3723.9049999999997,0.0,https://finance.naver.com/item/main.naver?code=412540
지에프아이,KOSDAQ,10340.0,81060564420,-16.66,1.3,-601.0,7719.0,0.19999,19474045400.0,2902135830.0,2997341830.0,,229.76836,전자장비와기기,23800.0,8350.0,0.0135143599,7839513,493330,45764.0,27941.05,1.6378768872322265,268061079.5,-44.16846652267819,-47.19101123595506,5.375030644875551,-7.785982640238373,14.902583260897606,19.999,-56.554621848739494,https://finance.naver.com/item/main.naver?code=493330
아이로보틱스,KOSDAQ,2070.0,81047695320,50.23,1.92,43.0,1126.0,0.2958,10198374780.0,-80210580.0,445896820.0,,-30.06008,화학,5080.0,1002.0,0.0387358967,39153476,066430,654828.0,2612124.05,0.25068794110295034,5655084625.55,-21.886792452830186,-20.992366412213737,1.6589472463989603,3.818827708703375,-0.7865035530690704,29.580000000000002,-59.251968503937015,https://finance.naver.com/item/main.naver?code=066430
쎄니트,KOSDAQ,2395.0,81029845795,-15.13,0.88,-159.0,2744.0,1.33338,31117053600.0,-1283149620.0,-945973060.0,,41.57565,철강,2555.0,1601.0,0.0032526603,33832921,037760,1662.0,12758.9,0.13026201318295463,30609106.15,2.1321961620469176,31.59340659340659,2.2240161769431537,-5.794460641399417,-4.123621845739277,133.338,-6.262230919765166,https://finance.naver.com/item/main.naver?code=037760
엑세스바이오,KOSDAQ,2300.0,80899818200,,,,,0.08798,5390472000.0,-11297569000.0,-7747472000.0,,-35.33202,생명과학도구및서비스,5520.0,1945.0,0.0532945882,35173834,950130,14737.0,48868.8,0.3015625511573847,110126224.0,-42.7860696517413,-39.947780678851174,0.991184559473529,,-209.58404013600293,8.798,-58.33333333333333,https://finance.naver.com/item/main.naver?code=950130
인트론바이오,KOSDAQ,2615.0,80781947170,-9.2,1.18,-283.0,2210.0,0.09707,1883011280.0,-2165508320.0,-2263421370.0,,-35.33202,생명과학도구및서비스,7010.0,2250.0,0.0250505976,30891758,048530,73733.0,87026.4,0.8472486509840692,215504240.7,-19.662058371735792,-29.704301075268813,1.4177881654302604,-12.805429864253393,-115.00240827022554,9.707,-62.69614835948645,https://finance.naver.com/item/main.naver?code=048530
SBI인베스트먼트,KOSDAQ,995.0,80628120565,8.59,0.55,116.0,1824.0,0.04902,8109221170.0,4941943760.0,4941943260.0,,13.64569,창업투자,1922.0,820.0,0.0621035279,81033287,019550,109119.0,342128.05,0.31894198677951136,335432359.1,64.46280991735537,33.55704697986577,0.7767091882702982,6.359649122807018,60.942273695563784,4.902,-48.23100936524454,https://finance.naver.com/item/main.naver?code=019550
조이시티,KOSDAQ,1164.0,81367611144,-8.61,0.92,-132.0,1240.0,1.47145,42199439280.0,312383210.0,48512660.0,,18.81972,게임엔터테인먼트,3335.0,911.0,0.0308803374,69903446,067000,195951.0,381882.05,0.5131191686019283,417979506.25,-37.38569123184507,-47.56756756756757,3.619523358063046,-10.64516129032258,0.7402544093709105,147.14499999999998,-65.09745127436281,https://finance.naver.com/item/main.naver?code=067000
KX하이텍,KOSDAQ,1063.0,81498179670,13.94,0.53,80.0,2108.0,0.42543,35721122690.0,7487741700.0,4663631120.0,,27.50173,반도체와반도체장비,2430.0,795.0,0.0748543103,76668090,052900,704190.0,1455408.25,0.4838436225711927,1630795008.8,-28.4656796769852,12.84501061571126,0.5219916817154224,3.795066413662239,20.96166395715263,42.543,-56.25514403292181,https://finance.naver.com/item/main.naver?code=052900
라파스,KOSDAQ,9010.0,80391391630,-18.82,2.7,-484.0,3370.0,1.42069,6767110510.0,-517490230.0,-758500070.0,,42.98944,화장품,16670.0,6240.0,0.0,8922463,214260,7102.0,25127.65,0.2826368562121806,220572964.25,5.011655011655014,-30.95785440613027,0.7012593696585235,-14.362017804154304,-7.6471372712960175,142.069,-45.95080983803239,https://finance.naver.com/item/main.naver?code=214260
모베이스,KOSDAQ,3500.0,81014601500,6.61,0.22,525.0,16124.0,1.30275,331104544830.0,9950395010.0,15853111810.0,,11.42846,자동차부품,9140.0,2840.0,0.0317439875,23147029,101330,41815.0,72725.85,0.5749674978016757,234076864.05,-40.67796610169492,-33.9622641509434,1.0092422433013846,3.2560158769536094,3.00521245188853,130.275,-61.70678336980306,https://finance.naver.com/item/main.naver?code=101330
레메디,KOSDAQ,10530.0,80299579230,12.54,5.63,777.0,1729.0,1.10065,9382551000.0,3338272000.0,3020024000.0,,-35.75178,건강관리장비와용품,34650.0,6980.0,0.0057805151,7625791,387690,,,,,,,,44.93927125506073,35.579577451803885,110.065,-69.61038961038962,https://finance.naver.com/item/main.naver?code=387690
데이타솔루션,KOSDAQ,4985.0,80883519300,77.69,2.33,65.0,2170.0,1.62293,31524433460.0,-1067595520.0,-944365160.0,,32.17663,IT서비스,8730.0,4115.0,0.0462350959,16225380,263800,317460.0,3457953.55,0.09180574446987584,23049386598.15,-3.0155642023346307,-4.318618042226485,0.6954578669803128,2.995391705069124,-3.3865652854780914,162.293,-42.89805269186713,https://finance.naver.com/item/main.naver?code=263800
서산,KOSDAQ,4040.0,80800000000,-85.2,1.19,-49.0,3495.0,0.05219,11490691880.0,308326710.0,642423430.0,,6.9634,건축자재,10300.0,952.0,0.0088488,20000000,079650,1133011.0,5603453.8,0.20219868681704845,27943909724.8,197.71554900515844,189.60573476702507,0.9585389996433985,-1.402002861230329,2.683273672464012,5.219,-60.77669902912621,https://finance.naver.com/item/main.naver?code=079650
예스24,KOSDAQ,3230.0,80750000000,-7.63,0.46,-414.0,6912.0,1.8116,168084644110.0,967038870.0,1171476980.0,,18.49925,인터넷과카탈로그소매,4455.0,2715.0,0.00978256,25000000,053280,6490.0,29532.0,0.21976161451984288,94427163.95,0.31055900621117516,-10.650069156293219,0.5098537180008127,-5.989583333333334,0.5753285049448887,181.16,-27.497194163860826,https://finance.naver.com/item/main.naver?code=053280
사조오양,KOSPI,8520.0,80281736280,7.56,0.32,1123.0,26231.0,0.76387,105227544060.0,6947655680.0,4701292490.0,,32.75937,식품,10530.0,7550.0,0.0446288494,9422739,006090,1406.0,11184.5,0.12570968751397021,93179248.75,3.649635036496357,0.1175088131609936,0.5151772542357728,4.281194007090846,6.602506731544068,76.387,-19.088319088319082,https://finance.naver.com/item/main.naver?code=006090
리드코프,KOSDAQ,3050.0,79894298600,5.77,0.18,522.0,16721.0,1.51604,107102942850.0,1836195320.0,2019513970.0,,-116.68055,석유와가스,4600.0,2655.0,0.02964907,26194852,012700,20416.0,53003.25,0.38518392740067825,160955197.6,-10.425844346549196,-15.86206896551724,0.4111257328560041,3.1218228574846,1.7144209777425363,151.604,-33.69565217391305,https://finance.naver.com/item/main.naver?code=012700
HRS,KOSDAQ,4885.0,79893198000,5.72,0.6,846.0,8112.0,0.20892,20871622220.0,3068156620.0,3000895830.0,,-30.06008,화학,5640.0,4275.0,0.0366293687,16354800,036640,46304.0,48534.65,0.9540400517980453,229172632.9,-2.4950099800399195,-5.876685934489401,0.9540400517980453,10.428994082840237,14.700134889658806,20.892,-13.386524822695034,https://finance.naver.com/item/main.naver?code=036640
동일고무벨트,KOSPI,5800.0,80620000000,7.51,0.34,767.0,17082.0,0.48589,95365768820.0,7775272030.0,10172716950.0,,-30.06008,화학,8700.0,5200.0,0.0367816547,13900000,163560,5950.0,19686.35,0.30223987686899806,109220168.25,-16.78622668579627,-15.820029027576199,0.656647880384124,4.4901065449010655,8.15310580117651,48.589,-33.333333333333336,https://finance.naver.com/item/main.naver?code=163560
삼부토건,KOSPI,347.0,79699592928,-1.04,-0.56,-334.0,-618.0,-2.20657,15745964940.0,-1147874700.0,-2004030260.0,,35.15774,건설,347.0,347.0,0.0193446522,229681824,001470,,,,,,,,54.0453074433657,-7.289960979679408,-220.657,0.0,https://finance.naver.com/item/main.naver?code=001470
테라젠이텍스,KOSDAQ,2145.0,79691846520,7.26,0.57,296.0,3789.0,0.66625,68524136010.0,1944452530.0,-3417740050.0,,49.64242,제약,3470.0,1845.0,0.024620175,37152376,066700,49832.0,193860.9,0.25705028708728783,408542894.4,-27.899159663865547,-28.855721393034827,0.47471150706511733,7.81208762206387,2.8376169963182583,66.625,-38.184438040345825,https://finance.naver.com/item/main.naver?code=066700
에코플라스틱,KOSDAQ,1940.0,79868577800,38.82,0.22,50.0,8738.0,3.89757,600474771000.0,6778475000.0,4374934000.0,,11.42846,자동차부품,5180.0,1641.0,0.0202605967,41169370,038110,90614.0,515016.3,0.17594394585181092,1039923353.3,-40.030911901081915,-40.58192955589587,0.6640178184651632,0.5722133211261158,1.1288525892122785,389.757,-62.54826254826256,https://finance.naver.com/item/main.naver?code=038110
한신기계,KOSPI,2460.0,79817531460,-176.79,0.92,-14.0,2703.0,0.36734,7562236570.0,-1605384060.0,-1502531250.0,,173.4423,기계,5910.0,1767.0,0.0711517986,32446151,011700,41961.0,133666.7,0.3139226149818915,303873023.85,-42.25352112676056,-42.04946996466431,0.9883912747153928,-0.5179430262671105,-21.228958458780404,36.734,-58.37563451776649,https://finance.naver.com/item/main.naver?code=011700
엠오티,KOSDAQ,6880.0,79671638400,22.8,1.31,300.0,5203.0,1.28129,11364444560.0,151902180.0,294935760.0,,-70.52697,전기제품,11660.0,4835.0,0.0205261922,11580180,413390,21584.0,32427.4,0.6656099471434651,195596426.0,-17.801672640382314,-31.542288557213926,1.271023887206498,5.765904285988853,1.3366441201592698,128.129,-40.99485420240138,https://finance.naver.com/item/main.naver?code=413390
엘앤케이바이오,KOSDAQ,3555.0,79458348915,-4.41,1.69,-802.0,2087.0,1.15609,9500103900.0,105697590.0,7924633150.0,,-35.75178,건강관리장비와용품,16400.0,2730.0,0.0854099115,22351153,156100,97335.0,329517.0,0.29538688443995303,1113943453.2,-42.19512195121952,-77.12355212355213,0.9629184533726636,-38.428366075706755,1.1125940422609484,115.60900000000001,-78.32317073170731,https://finance.naver.com/item/main.naver?code=156100
선바이오,KOSDAQ,6510.0,79512104910,28.08,2.71,229.0,2373.0,1.1332,1288838320.0,457559010.0,318400050.0,,-69.9395,생물공학,8500.0,4840.0,0.0033638886,12213841,067370,8946.0,18863.85,0.4742404122170183,112293464.75,-16.10824742268041,16.876122082585287,0.8192389146436173,9.65023177412558,35.50166090654412,113.32,-23.411764705882355,https://finance.naver.com/item/main.naver?code=067370
가온그룹,KOSDAQ,4350.0,80148502050,11.18,0.62,395.0,7147.0,2.47575,121752985830.0,11299721220.0,3941633300.0,,34.07215,전자제품,10920.0,3185.0,0.0697152767,18424943,078890,88269.0,139907.1,0.6309115119961746,545277318.85,-55.88235294117647,-36.029411764705884,1.193584885970762,5.526794459213656,9.280857584698134,247.57500000000002,-60.164835164835175,https://finance.naver.com/item/main.naver?code=078890
우리넷,KOSDAQ,7360.0,79445989120,20.76,0.8,354.0,9217.0,0.38044,11761596060.0,-3985347830.0,-3828676510.0,,-246.63174,통신장비,21350.0,5290.0,0.0572207052,10794292,115440,81502.0,124604.55,0.6540852641416385,874014103.5,-56.346381969157775,-3.4120734908136496,2.471490808321205,3.840729087555604,-33.884413388024484,38.044,-65.52693208430912,https://finance.naver.com/item/main.naver?code=115440
동인기연,KOSPI,12960.0,79418880000,6.45,0.49,1967.0,25695.0,0.96854,61997617210.0,6469079250.0,6066535570.0,,9.96468,"섬유,의류,신발,호화품",17450.0,10850.0,0.0170700065,6128000,111380,6586.0,5975.15,1.1022317431361557,74315555.75,-3.2835820895522394,-8.21529745042493,1.8110005606553812,7.655185833819809,10.434399806185713,96.854,-25.73065902578796,https://finance.naver.com/item/main.naver?code=111380
제닉스로보틱스,KOSDAQ,6050.0,79363416000,-11.28,1.7,-561.0,3730.0,0.58936,4316533730.0,-3107290510.0,-2397762810.0,,173.4423,기계,19940.0,4560.0,0.0089142181,13117920,381620,94873.0,315706.0,0.30051060163569904,1905661259.2,-51.63868904876099,-57.869080779944284,2.0704706277359315,-15.040214477211796,-71.98578082233588,58.936,-69.65897693079238,https://finance.naver.com/item/main.naver?code=381620
싸이토젠,KOSDAQ,3430.0,79334346210,-6.41,2.23,-535.0,1538.0,0.67218,6375227510.0,-1469636270.0,-1271314640.0,,-13.88903,건강관리업체및서비스,11200.0,2260.0,0.0251786168,23129547,217330,46118.0,72812.05,0.6333841719880157,223068426.6,-36.12662942271881,-56.02564102564103,1.437042357686674,-34.78543563068921,-23.052295274086617,67.218,-69.375,https://finance.naver.com/item/main.naver?code=217330
초록뱀미디어,KOSDAQ,3240.0,79230733200,27.52,0.29,115.0,11069.0,0.30078,24606505500.0,-796576440.0,-2316988920.0,,-1083.31724,방송과엔터테인먼트,8000.0,2765.0,0.0,24453930,047820,18466.0,19186.8,0.962432505680989,60072255.0,-40.55045871559633,-32.84974093264249,0.962432505680989,1.0389375734031983,-3.2372595125301316,30.078,-59.5,https://finance.naver.com/item/main.naver?code=047820
포커스에이아이,KOSDAQ,2160.0,78971470560,-4.75,2.91,-455.0,742.0,1.47323,8114304980.0,-2636711570.0,-3470450600.0,,229.76836,전자장비와기기,3695.0,1317.0,0.009096557,36560866,331380,29948.0,90363.1,0.33141846616594606,174738660.0,9.367088607594942,-24.47552447552448,1.3592605831362579,-61.32075471698113,-32.49460768973956,147.323,-41.5426251691475,https://finance.naver.com/item/main.naver?code=331380
이상네트웍스,KOSDAQ,8000.0,78680568000,5.09,0.53,1579.0,15272.0,0.26255,24680092040.0,5842656670.0,4749432760.0,,5.40936,다각화된소비자서비스,8150.0,5750.0,0.0502407151,9835071,080010,5856.0,8215.35,0.7128119921853603,62346010.75,5.263157894736836,13.960113960113961,2.244578745884229,10.339182818229439,23.673561105568712,26.255,-1.8404907975460127,https://finance.naver.com/item/main.naver?code=080010
마음AI,KOSDAQ,11140.0,79208463500,-10.17,3.11,-1106.0,3622.0,1.20357,1710585790.0,-2086363750.0,-2198139450.0,,32.17663,IT서비스,26500.0,7730.0,0.0,7110275,377480,190846.0,319067.55,0.5981366641640619,3462599777.75,-31.10698824984539,-43.7089439110662,1.4871145624178956,-30.53561568194368,-121.96779385148521,120.357,-57.9622641509434,https://finance.naver.com/item/main.naver?code=377480
동국생명과학,KOSDAQ,2455.0,78521063700,8.73,0.58,275.0,4107.0,0.67493,33084007100.0,3438791810.0,2305799280.0,,-35.75178,건강관리장비와용품,4650.0,2155.0,0.0272617303,31984140,303810,114765.0,45855.05,2.5027777747489095,107944049.75,-22.79874213836478,-31.424581005586592,2.816592719885814,6.695885074263453,10.394121242949437,67.49300000000001,-47.204301075268816,https://finance.naver.com/item/main.naver?code=303810
액트로,KOSDAQ,7740.0,77903185140,9.85,0.99,802.0,7978.0,0.49793,48675218120.0,-487025600.0,2509504060.0,,85.22491,핸드셋,32700.0,4550.0,0.1395174829,10065011,290740,31027.0,50302.1,0.6168132145576427,374921740.25,-57.00000000000001,-61.49253731343284,3.485798803628477,10.052644773126097,-1.0005617207494089,49.793,-76.3302752293578,https://finance.naver.com/item/main.naver?code=290740
아비코전자,KOSDAQ,5880.0,78162451920,8.37,0.68,716.0,8782.0,0.29214,35261802270.0,1945861470.0,2614219870.0,,-70.52697,전기제품,14260.0,4360.0,0.2021886966,13292934,036010,84927.0,139610.6,0.608313408867235,816274107.6,-39.877300613496935,-25.190839694656486,1.041153035657751,8.153040309724437,5.518326757947644,29.214000000000002,-58.76577840112203,https://finance.naver.com/item/main.naver?code=036010
대양금속,KOSPI,1780.0,78295569500,8.43,0.97,206.0,1789.0,0.5792,55173770470.0,1047320950.0,836807950.0,,41.57565,철강,2545.0,1094.0,0.0279718617,43986275,009190,338362.0,465926.05,0.726213956055902,849300962.0,23.69701181375956,31.754256106587707,1.6525133119300799,11.514812744550028,1.8982225450215817,57.92,-30.05893909626719,https://finance.naver.com/item/main.naver?code=009190
영화테크,KOSDAQ,7280.0,77824510400,4.0,0.82,1822.0,8856.0,0.28898,24415984190.0,3067304660.0,7741298390.0,,11.42846,자동차부품,11120.0,5930.0,0.0193002363,10690180,265560,4590.0,14827.3,0.30956411484221674,102420899.25,-24.32432432432432,-12.394705174488562,0.9877725546795438,20.573622402890695,12.562691047515786,28.898000000000003,-34.53237410071942,https://finance.naver.com/item/main.naver?code=265560
기가레인,KOSDAQ,9150.0,77668256100,-7.37,1.89,-1250.0,4870.0,1.29808,7813024740.0,-4716777960.0,-3964568550.0,,-246.63174,통신장비,31250.0,3580.0,0.0,8488334,049080,1523886.0,2097484.05,0.7265304353565883,21817544846.5,275.7700205338809,1499.6503496503497,1.5351506487021918,-25.667351129363446,-60.370702985896344,129.808,-70.72,https://finance.naver.com/item/main.naver?code=049080
로스웰,KOSDAQ,1687.0,77652114022,,,,,1.53311,262294507000.0,7062257000.0,9037594000.0,,-246.63174,통신장비,2145.0,857.0,0.5736191754,46029706,900260,3179.0,16933.25,0.1877371443757105,27845497.65,7.1111111111111125,6.907477820025343,1.504495592990123,,2.692491383359393,153.311,-21.35198135198135,https://finance.naver.com/item/main.naver?code=900260
한국가구,KOSDAQ,5170.0,77550000000,5.02,0.39,1029.0,13102.0,0.31974,44274655630.0,6041786830.0,4699403820.0,,7.93004,식품과기본식료품소매,8590.0,4375.0,0.0486567333,15000000,004590,24240.0,42800.55,0.5663478623522361,217945302.5,-25.718390804597703,2.1739130434782705,1.1071820338757328,7.85376278430774,13.646152057038597,31.974000000000004,-39.81373690337602,https://finance.naver.com/item/main.naver?code=004590
오파스넷,KOSDAQ,5920.0,77235120160,6.18,1.21,971.0,4962.0,1.16797,38093280830.0,1405906110.0,1830125310.0,,32.17663,IT서비스,8570.0,5470.0,0.0494139681,13046473,173130,24743.0,58764.85,0.42105101944444684,352005721.0,-21.899736147757253,-7.6443057722308865,0.5702218247813106,19.568722289399435,3.690693159967445,116.797,-30.921820303383896,https://finance.naver.com/item/main.naver?code=173130
APS,KOSDAQ,4195.0,77163757095,-20.68,0.36,-205.0,11700.0,0.64259,20877850350.0,-733432980.0,8943100050.0,,27.50173,반도체와반도체장비,10770.0,3280.0,0.0314955442,18394221,054620,15170.0,47698.3,0.31804068488814063,192587143.45,-30.43117744610282,-7.395143487858724,1.312625397550856,-1.7521367521367521,-3.5129717269958305,64.259,-61.049210770659236,https://finance.naver.com/item/main.naver?code=054620
한솔로지스틱스,KOSPI,2750.0,77428518750,4.88,0.54,563.0,5100.0,0.99668,164911091980.0,4495907890.0,3635076930.0,,8.74565,항공화물운송과물류,3750.0,2470.0,0.0483265896,28155825,009180,24471.0,51688.95,0.4734280731181423,140085877.45,-14.463452566096425,-1.7857142857142905,0.6430194461292017,11.03921568627451,2.726261669861026,99.668,-26.66666666666667,https://finance.naver.com/item/main.naver?code=009180
이월드,KOSPI,546.0,77426181378,-4.08,0.35,-131.0,1515.0,0.90368,23267911060.0,245229370.0,-1726957420.0,,9.96468,"섬유,의류,신발,호화품",2100.0,461.0,0.0278353358,141806193,084680,163799.0,550248.7,0.29768175735808194,337851964.3,-69.58217270194986,-66.06587942821629,0.7865697819913069,-8.646864686468646,1.053938058159313,90.36800000000001,-74.0,https://finance.naver.com/item/main.naver?code=084680
서한,KOSDAQ,764.0,77083676860,2.61,0.14,294.0,5428.0,1.36645,105257580350.0,6232894450.0,-857971540.0,,35.15774,건설,1238.0,667.0,0.0422273324,100894865,011370,159708.0,167964.8,0.9508420811979653,129267420.75,-25.024533856722275,-15.29933481152993,1.0043116176722742,5.416359616801769,5.921563491460214,136.64499999999998,-38.2875605815832,https://finance.naver.com/item/main.naver?code=011370
주성코퍼레이션,KOSPI,1460.0,77102935800,36.41,2.59,39.0,548.0,0.40717,17564239770.0,-264784260.0,1252115750.0,,10.30001,해운사,2850.0,702.0,0.0075347712,52810230,109070,147549.0,375983.95,0.39243430470901747,572346117.9,-22.58748674443266,71.76470588235293,0.4804726371963484,7.116788321167883,-1.5075190470370128,40.717,-48.7719298245614,https://finance.naver.com/item/main.naver?code=109070
일성건설,KOSPI,1426.0,77039478880,27.88,1.05,51.0,1354.0,4.34772,84646164620.0,1638104910.0,371768680.0,,35.15774,건설,2830.0,1105.0,0.6519152842,54024880,013360,268194.0,844778.1,0.317472718575446,1267003585.75,-14.251352976548404,-29.230769230769226,0.8916838634903059,3.766617429837518,1.9352381969743166,434.772,-49.6113074204947,https://finance.naver.com/item/main.naver?code=013360
신스틸,KOSDAQ,1852.0,76804999464,43.18,0.68,33.0,2089.0,1.77257,94942253830.0,476289970.0,476202610.0,,41.57565,철강,2360.0,1335.0,0.005970334,41471382,162300,5040429.0,37237.35,135.35949792345588,55086017.05,8.430913348946145,5.46697038724373,135.35949792345588,1.5797032072762087,0.5016628011094267,177.257,-21.525423728813564,https://finance.naver.com/item/main.naver?code=162300
선도전기,KOSPI,4265.0,76770000000,14.55,2.16,312.0,2105.0,1.06708,5056155120.0,-495648920.0,-907340770.0,,52.67418,전기장비,16590.0,3000.0,0.0180663889,18000000,007610,289936.0,1070079.55,0.2709480804487853,5281952165.5,-70.78767123287672,-34.38461538461538,2.7033691093339742,14.821852731591449,-9.802881997022276,106.708,-74.29174201326101,https://finance.naver.com/item/main.naver?code=007610
한울반도체,KOSDAQ,11390.0,76710966600,-3.26,2.32,-3557.0,4998.0,2.15424,11332339520.0,-4241542640.0,-6061289880.0,,229.76836,전자장비와기기,29050.0,7079.615,0.0,6734940,320000,233263.0,764911.0,0.3049544326071922,10992468383.25,-14.5536384096024,494.77806788511754,0.8228617446997102,-71.16846738695479,-37.42865833232642,215.424,-60.79173838209984,https://finance.naver.com/item/main.naver?code=320000
대영포장,KOSPI,708.0,76743340692,47.2,0.38,15.0,1865.0,0.3812,67378522600.0,-2253063590.0,-2143250370.0,,16.65708,포장재,1637.0,576.0,0.0356564978,108394549,014160,140863.0,389439.3,0.3617072031507863,269618395.95,-34.68634686346863,-34.139534883720934,1.0077668073047585,0.8042895442359249,-3.3438898673625714,38.12,-56.75015271838729,https://finance.naver.com/item/main.naver?code=014160
서남,KOSDAQ,2885.0,76450131415,-17.79,7.95,-165.0,369.0,0.62675,453415560.0,-894174000.0,-891045140.0,,52.67418,전기장비,7150.0,2295.0,0.0037596259,26499179,294630,299558.0,317426.8,0.9437073366206005,871040539.35,-30.73229291716687,-3.833333333333333,2.7806127270917265,-44.71544715447154,-197.20849456511814,62.675000000000004,-59.65034965034965,https://finance.naver.com/item/main.naver?code=294630
CG인바이츠,KOSDAQ,994.0,76432816908,-22.07,0.89,-46.0,1144.0,0.9218,4288709850.0,-6101710750.0,-5832825190.0,,-35.33202,생명과학도구및서비스,1985.0,711.0,0.0272535444,76894182,083790,365367.0,133850.9,2.729656655278373,112030007.75,-18.32374691865243,-24.064171122994647,2.729656655278373,-4.020979020979021,-142.2738064222274,92.17999999999999,-49.92443324937028,https://finance.naver.com/item/main.naver?code=083790
삐아,KOSDAQ,7470.0,76387301190,15.39,1.65,486.0,4524.0,0.25129,20255846320.0,2942664780.0,2334172950.0,,42.98944,화장품,12550.0,6200.0,0.0162073141,10225877,451250,11335.0,21263.25,0.5330793740373649,149652395.0,-8.56793145654835,-20.447284345047922,1.328301176913219,10.742705570291777,14.527483737346996,25.129,-40.4780876494024,https://finance.naver.com/item/main.naver?code=451250
케이피에프,KOSDAQ,3825.0,76276711800,3.84,0.28,1000.0,13491.0,1.07271,194245782780.0,7823927750.0,8359921180.0,,173.4423,기계,6880.0,3310.0,0.0522277925,19941624,024880,28584.0,55824.45,0.5120337056612291,204471600.45,-35.60606060606061,-35.38851351351351,0.6989768819934635,7.412348973389666,4.027849479162834,107.271,-44.404069767441854,https://finance.naver.com/item/main.naver?code=024880
아이씨디,KOSDAQ,4190.0,76150212250,-35.51,0.69,-117.0,6033.0,0.86915,22439730240.0,-5030734870.0,-3564259620.0,,15.48254,디스플레이장비및부품,6960.0,3610.0,0.0306704394,18174275,040910,9457.0,26357.95,0.35879118064948146,103161838.4,-25.57726465364121,4.358655043586546,0.42123913278536457,-1.9393336648433617,-22.418874096055085,86.91499999999999,-39.79885057471264,https://finance.naver.com/item/main.naver?code=040910
테라사이언스,KOSDAQ,654.0,76111715580,-3.89,2.31,-168.0,283.0,1.10011,3750368490.0,-1748634190.0,-2005029090.0,,173.4423,기계,654.0,654.0,0.0057463488,116378770,073640,,,,,,,,-59.36395759717315,-46.625663442474156,110.011,0.0,https://finance.naver.com/item/main.naver?code=073640
에스넷,KOSDAQ,3820.0,76066292440,16.22,0.71,249.0,5721.0,1.09802,77797915160.0,50758550.0,-556210740.0,,32.17663,IT서비스,6280.0,2835.0,0.0451284666,19912642,038680,108098.0,267978.25,0.40338348354763864,965948863.7,-15.859030837004406,8.987161198288153,1.0708369056070781,4.352385946512848,0.06524410055926234,109.80199999999999,-39.171974522293,https://finance.naver.com/item/main.naver?code=038680
동방아그로,KOSPI,5580.0,75986079660,7.15,0.41,786.0,13754.0,0.46007,104397285710.0,17167441100.0,12721208330.0,,-30.06008,화학,6330.0,5380.0,0.3099588128,13617577,007590,26724.0,7468.45,3.578252515582216,41524582.25,-7.462686567164178,-4.288164665523153,3.578252515582216,5.714701177839173,16.444336635042962,46.007,-11.848341232227488,https://finance.naver.com/item/main.naver?code=007590
지아이에스,KOSDAQ,1581.0,75796592904,-17.15,1.59,-95.0,1025.0,2.7616,13887991560.0,-1413082570.0,-1792852930.0,,27.50173,반도체와반도체장비,4140.0,1260.0,0.0185261689,47942184,306620,127674.0,283969.3,0.449604939688903,473851561.65,-50.59374999999999,-39.075144508670526,1.2213714651548602,-9.268292682926829,-10.174851877574154,276.16,-61.81159420289855,https://finance.naver.com/item/main.naver?code=306620
휴비츠,KOSDAQ,6960.0,75710149200,-15.05,0.69,-461.0,10000.0,1.01065,29679715330.0,2615407070.0,3850471890.0,,-35.75178,건강관리장비와용품,10090.0,6270.0,0.0403665415,10877895,065510,24160.0,41919.3,0.5763455019525612,289375212.25,-4.918032786885251,-22.752497225305213,0.9994441701078023,-4.61,8.812102949506288,101.065,-31.020812685827547,https://finance.naver.com/item/main.naver?code=065510
와이즈넛,KOSDAQ,6400.0,75615238400,47.91,1.24,134.0,5170.0,0.12415,7217622910.0,-1426009150.0,-1016402150.0,,164.30795,소프트웨어,17190.0,5010.0,0.0,11814881,096250,18464.0,45429.95,0.4064279181465091,273286369.75,-32.631578947368425,-49.12559618441972,2.2373566336744815,2.591876208897485,-19.757324091069755,12.415,-62.76905177428738,https://finance.naver.com/item/main.naver?code=096250
제이스로보틱스,KOSDAQ,4305.0,75236737170,-3.06,0.56,-1428.0,7841.0,0.52107,6417797680.0,-6928298750.0,-6386650860.0,,229.76836,전자장비와기기,10100.0,2965.0,0.0207292107,17476594,090470,13812.0,31415.15,0.43966048228322957,124653960.55,-44.87836107554417,-16.40776699029126,0.8893479738279142,-18.21196275985206,-107.95445876380447,52.107000000000006,-57.376237623762385,https://finance.naver.com/item/main.naver?code=090470
시공테크,KOSDAQ,3750.0,75179887500,2.3,0.38,1617.0,9842.0,0.36665,24575961930.0,-2310720450.0,-2479254640.0,,13.58287,"호텔,레스토랑,레저",5990.0,3150.0,0.0,20047970,020710,88020.0,134644.65,0.6537207382543607,486913933.85,-16.481069042316253,-8.312958435207829,4.291243655057962,16.42958748221906,-9.402360145990022,36.665,-37.395659432387305,https://finance.naver.com/item/main.naver?code=020710
에스피소프트,KOSDAQ,3130.0,75153065320,20.42,1.14,155.0,2772.0,0.24872,12917383110.0,847928450.0,909587530.0,,32.17663,IT서비스,7290.0,2520.0,0.030047649,24010564,443670,37826.0,115250.6,0.32820653428268487,337709258.9,-41.275797373358344,-43.29710144927537,0.9240559268238082,5.591630591630592,6.564243258710626,24.872,-57.06447187928669,https://finance.naver.com/item/main.naver?code=443670
혜인,KOSPI,5910.0,75132334770,3.29,0.35,1382.0,13026.0,0.94514,40365454220.0,1301381570.0,415946810.0,,173.4423,기계,8780.0,3925.0,0.0536215344,12712747,003010,3564579.0,61619.35,57.84837068226134,265708801.1,-10.45454545454545,10.67415730337078,57.84837068226134,10.609550130508214,3.2239983301245756,94.514,-32.6879271070615,https://finance.naver.com/item/main.naver?code=003010
종근당바이오,KOSPI,13770.0,75541696740,-25.93,0.59,-526.0,23156.0,1.38709,40695194450.0,-1706510720.0,-2029094470.0,,49.64242,제약,24900.0,11770.0,0.0148386008,5485962,063160,5151.0,8518.55,0.6046803740073134,111886212.5,-26.755319148936174,-35.95348837209302,1.9356580638723728,-2.271549490412852,-4.1933961566314615,138.709,-44.6987951807229,https://finance.naver.com/item/main.naver?code=063160
중앙에너비스,KOSDAQ,12050.0,75036916500,-46.83,1.01,-252.0,11730.0,0.09221,11227495490.0,-202119460.0,-153983770.0,,-116.68055,석유와가스,38000.0,11500.0,0.0377151272,6227130,000440,28597.0,113765.4,0.25136816641966714,1592051294.25,-38.014403292181065,-24.166142227816234,0.6271590483574092,-2.1483375959079285,-1.8002185810719928,9.221,-68.28947368421052,https://finance.naver.com/item/main.naver?code=000440
수젠텍,KOSDAQ,4480.0,75009536000,-2.88,0.88,-1525.0,4991.0,0.29671,2345526850.0,-4682117560.0,-4297591290.0,,-35.75178,건강관리장비와용품,8670.0,3530.0,0.0325528573,16743200,253840,393548.0,107174.55,3.6720284806420924,428101049.75,-34.5985401459854,-28.548644338118024,3.6720284806420924,-30.55499899819675,-199.6190135278136,29.670999999999996,-48.32756632064591,https://finance.naver.com/item/main.naver?code=253840
지엠비코리아,KOSPI,3930.0,74954060400,5.12,0.26,762.0,15206.0,1.33402,200336922970.0,3580821230.0,3767456940.0,,11.42846,자동차부품,7140.0,3510.0,0.56527961,19072280,013870,11680.0,21169.05,0.5517488975650774,80242166.6,-9.6551724137931,-13.721185510428102,1.0495038747605585,5.011179797448376,1.7873995352001188,133.402,-44.95798319327731,https://finance.naver.com/item/main.naver?code=013870
키스트론,KOSDAQ,4190.0,74783580900,7.57,0.39,551.0,10628.0,0.1438,19792322520.0,2072577510.0,2960509140.0,,52.67418,전기장비,7820.0,3315.0,0.0290307489,17848110,475430,167103.0,390646.05,0.42776062883523336,1646066239.15,-22.40740740740741,-11.040339702760082,0.6570474730257736,5.184418517124577,10.47162356972344,14.38,-46.41943734015346,https://finance.naver.com/item/main.naver?code=475430
아모센스,KOSDAQ,6340.0,74747091080,140.68,1.61,44.0,3833.0,1.8862,27824728440.0,531416910.0,177414240.0,,85.22491,핸드셋,29900.0,4090.0,0.0805632039,11789762,357580,40565.0,67651.35,0.5996184850708818,371225943.9,-64.16054267947993,-50.85271317829457,1.4007850545480613,1.147925906600574,1.9098727635237254,188.62,-78.79598662207357,https://finance.naver.com/item/main.naver?code=357580
한성크린텍,KOSDAQ,1394.0,74705508288,719.5,1.24,2.0,1161.0,1.45773,44880919560.0,-548281190.0,-812293500.0,,35.15774,건설,2745.0,1074.0,0.0196067784,53590752,066980,254440.0,1102377.25,0.2308102784232893,1917992657.05,-8.168642951251648,6.819923371647518,0.5594246434240184,0.17226528854435832,-1.221635375066277,145.773,-49.216757741347905,https://finance.naver.com/item/main.naver?code=066980
디에스엠,KOSDAQ,2785.0,74675778525,29.16,0.64,95.0,4295.0,1.40043,12512036170.0,-3326278970.0,-3907474510.0,,11.42846,자동차부품,7275.0,1410.0,0.0051618649,26813565,104040,102175.0,85721.55,1.1919406496966047,209842940.5,307.1637426900585,274.83176312247645,1.1919406496966047,2.211874272409779,-26.584633586461255,140.043,-61.718213058419245,https://finance.naver.com/item/main.naver?code=104040
삼호개발,KOSPI,3095.0,74651400000,3.63,0.29,838.0,10609.0,0.50084,90719308220.0,958644720.0,2418942780.0,,35.15774,건설,5500.0,2700.0,0.0654995025,24120000,010960,110346.0,939424.2,0.11746131300428497,3599784573.05,-18.121693121693117,-17.466666666666665,0.26225958411546135,7.898953718540862,1.0567152007764726,50.083999999999996,-43.72727272727273,https://finance.naver.com/item/main.naver?code=010960
대림바스,KOSPI,4490.0,74499157600,5.5,0.44,812.0,10213.0,0.95913,75804478250.0,5584296690.0,4090494130.0,,-8.56848,건축제품,6450.0,3845.0,0.0222987372,16592240,005750,22105.0,42439.9,0.520854196169171,176975711.25,-11.787819253438114,-3.854389721627405,1.0335085615187594,7.9506511309115835,7.366710805109987,95.91300000000001,-30.38759689922481,https://finance.naver.com/item/main.naver?code=005750
삼현철강,KOSDAQ,4820.0,74434729800,11.56,0.37,411.0,12759.0,0.11238,57350647690.0,1543032570.0,1851655940.0,,41.57565,철강,6140.0,4110.0,0.0400864087,15442890,017480,48835.0,22240.2,2.1957985989334627,102792890.2,1.2605042016806678,11.703360370799532,2.1957985989334627,3.22125558429344,2.6905233544015448,11.238,-21.498371335504885,https://finance.naver.com/item/main.naver?code=017480
현대공업,KOSDAQ,4850.0,74399000000,6.1,0.45,793.0,10837.0,0.7216,91173624700.0,5514578560.0,5042653080.0,,11.42846,자동차부품,7320.0,4050.0,0.048052086,15340000,170030,17492.0,25928.9,0.6746140407036164,119984055.25,-18.896321070234112,-23.742138364779876,0.8522922299056265,7.317523299806219,6.048436242548553,72.16,-33.7431693989071,https://finance.naver.com/item/main.naver?code=170030
피스피스스튜디오,KOSDAQ,5250.0,74386782750,4.8,0.58,1139.0,9418.0,0.24896,23429519940.0,2029437630.0,2034775600.0,,9.96468,"섬유,의류,신발,호화품",42000.0,4455.0,0.0394982367,14168911,0117P0,138951.0,263478.25,0.5273718039344804,1398560601.7,-61.762563729060446,-61.762563729060446,0.8506356786565874,12.093862815884476,8.661883108135077,24.895999999999997,-87.5,https://finance.naver.com/item/main.naver?code=0117P0
KT지니뮤직,KOSDAQ,1279.0,74329645202,-2.63,0.5,-474.0,2474.0,0.54756,75180526730.0,4959535840.0,3645626380.0,,-1083.31724,방송과엔터테인먼트,2555.0,1214.0,0.0125619289,58115438,043610,65496.0,66299.35,0.987882988294757,85368340.25,-23.459006582884502,-33.315954118873826,5.0561430843590465,-19.15925626515764,6.5968357175940735,54.75600000000001,-49.9412915851272,https://finance.naver.com/item/main.naver?code=043610
HLB글로벌,KOSPI,1467.0,74323361835,-9.6,0.99,-150.0,1457.0,0.5577,26670822040.0,-2511472930.0,-1815154940.0,,-17.50626,판매업체,3230.0,1000.0,0.0218746018,50663505,003580,176206.0,637292.7,0.2764914771501384,822632687.0,-26.53980971457186,-44.43181818181819,0.34134707646894435,-10.29512697323267,-9.416556138514881,55.769999999999996,-54.582043343653254,https://finance.naver.com/item/main.naver?code=003580
엠엑스온,KOSDAQ,4365.0,74262635460,41.52,0.96,105.0,4551.0,0.65328,36034800400.0,501926170.0,1651400760.0,,229.76836,전자장비와기기,7940.0,3785.0,0.0152077175,17013204,347890,6012.0,27766.15,0.2165226363755868,115308230.15,-23.42105263157894,-37.90896159317212,1.6672098940616542,2.3071852340145025,1.3928928825147593,65.328,-45.02518891687658,https://finance.naver.com/item/main.naver?code=347890
성창기업지주,KOSPI,5320.0,74215702400,-3.58,0.11,-1480.0,48555.0,0.26699,33050057950.0,-1621318700.0,-1458830250.0,,-6.0397,종이와목재,9245.0,4395.0,0.0098709564,13950320,000180,2861.0,11562.1,0.24744639814566557,58742944.0,-16.08832807570978,272.81009110021023,0.8321152731770179,-3.0480897950777472,-4.905645558784867,26.699,-42.455381287182256,https://finance.naver.com/item/main.naver?code=000180
아이디피,KOSDAQ,5590.0,74200128340,6.37,0.94,857.0,5785.0,0.10661,11146675150.0,2283391670.0,2895411920.0,,17.98164,컴퓨터와주변기기,5680.0,4380.0,0.0113310309,13273726,332370,3559.0,5683.45,0.6262041541669233,30009969.25,8.333333333333325,9.1796875,1.3484767174867378,14.81417458945549,20.48495752565284,10.661,-1.5845070422535246,https://finance.naver.com/item/main.naver?code=332370
씨티씨바이오,KOSDAQ,3065.0,74114826300,22.46,1.0,136.0,3042.0,0.92399,34438041860.0,4597596140.0,3499909530.0,,49.64242,제약,7680.0,2570.0,0.0200515942,24181020,060590,25334.0,46840.8,0.5408532732148041,135159534.95,-27.02380952380953,-32.48898678414097,0.6309456712951103,4.470742932281394,13.35034134254926,92.399,-60.09114583333333,https://finance.naver.com/item/main.naver?code=060590
팜젠사이언스,KOSPI,3270.0,74079773550,-0.52,0.49,-6256.0,6677.0,0.32385,43322596500.0,1768230660.0,-987775580.0,,49.64242,제약,4645.0,2590.0,0.0163014942,22654365,004720,12457.0,35672.5,0.349204569346135,117136142.55,-17.00507614213198,-23.058823529411764,0.9019272548882192,-93.69477310169238,4.081543588921315,32.385000000000005,-29.60172228202368,https://finance.naver.com/item/main.naver?code=004720
탑머티리얼,KOSDAQ,9040.0,74056068720,-2.2,0.62,-3837.0,13681.0,0.7486,8066995280.0,-2741184580.0,-565248290.0,,229.76836,전자장비와기기,28650.0,6520.0,0.0,8192043,360070,68415.0,39165.6,1.7468135302408236,310351126.75,-46.158427635497326,-60.437636761487965,1.7468135302408236,-28.046195453548716,-33.98024276518481,74.86,-68.44677137870856,https://finance.naver.com/item/main.naver?code=360070
DSR,KOSPI,4620.0,73920000000,4.83,0.3,935.0,15284.0,0.59445,76336302790.0,6673854820.0,9783660900.0,,29.93748,비철금속,4800.0,3630.0,0.029159125,16000000,155660,44979.0,37279.95,1.2065198585298533,167243261.0,9.738717339667469,18.158567774936053,1.2065198585298533,6.117508505626799,8.74270114752567,59.445,-3.749999999999998,https://finance.naver.com/item/main.naver?code=155660
남광토건,KOSPI,7500.0,73744290000,13.84,0.59,539.0,12722.0,2.33677,82105893920.0,2249327680.0,3567817040.0,,35.15774,건설,13400.0,6420.0,0.0114172568,9832572,001260,25618.0,157977.15,0.16216269251597462,1352194815.75,-16.851441241685137,-7.975460122699385,0.43756328051240323,4.23675522716554,2.7395447179366146,233.677,-44.029850746268664,https://finance.naver.com/item/main.naver?code=001260
라이온켐텍,KOSDAQ,2045.0,73419099200,8.44,0.52,241.0,3936.0,0.19106,36621169480.0,4189221310.0,4592460700.0,,6.9634,건축자재,3650.0,1863.0,0.0298099592,35901760,171120,40646.0,53114.1,0.7652581894449874,106257526.9,-12.231759656652363,-3.309692671394804,1.3586975963068189,6.122967479674797,11.439343334701173,19.106,-43.97260273972603,https://finance.naver.com/item/main.naver?code=171120
화일약품,KOSDAQ,8720.0,73401332480,-291.0,0.36,-30.0,24580.0,0.03013,23439627780.0,-565648430.0,578991840.0,,49.64242,제약,13800.0,7090.0,0.0,8417584,061250,1006.0,10950.55,0.09186753176781076,95313493.25,2.4676850763807323,676.4915405164737,1.821461022505719,-0.12205044751830757,-2.4132142170049424,3.013,-36.81159420289855,https://finance.naver.com/item/main.naver?code=061250
세원물산,KOSDAQ,8790.0,73396500000,3.93,0.18,2230.0,47436.0,0.27773,54342578190.0,-1958206570.0,1680387380.0,,11.42846,자동차부품,14000.0,7970.0,0.0190826347,8350000,024830,689.0,2117.2,0.32542981296051393,18303798.0,-15.723873441994252,-22.074468085106382,2.7810315511052335,4.701070916603423,-3.603448042441874,27.772999999999996,-37.21428571428571,https://finance.naver.com/item/main.naver?code=024830
정다운,KOSDAQ,2245.0,73376132270,11.96,0.56,186.0,3997.0,0.75104,32459236270.0,1630498710.0,1284000670.0,,32.75937,식품,2785.0,2050.0,0.0178868743,32684246,208140,20063.0,40687.5,0.49309984639016896,89625017.1,-8.739837398373984,-12.815533980582527,0.9657757296466973,4.653490117588191,5.023219574352604,75.104,-19.389587073608617,https://finance.naver.com/item/main.naver?code=208140
디케이락,KOSDAQ,7200.0,73213293600,10.21,0.52,682.0,13415.0,0.75883,32829091370.0,238053870.0,1926077190.0,,173.4423,기계,11680.0,6170.0,0.0831787303,10168513,105740,68511.0,51036.65,1.34238826412,336147814.5,-25.849639546858903,-28.42942345924453,1.34238826412,5.08386134923593,0.7251308521366487,75.883,-38.35616438356164,https://finance.naver.com/item/main.naver?code=105740
엔브이에이치코리아,KOSDAQ,1736.0,73207120000,-5.52,0.35,-314.0,4978.0,3.8856,383187241880.0,10528080190.0,75704160.0,,11.42846,자동차부품,2505.0,1591.0,0.015666967,42170000,067570,118708.0,134018.25,0.8857599617962479,230767246.15,-16.538461538461537,-26.751054852320678,2.6692707896126087,-6.3077541181197265,2.7475027974175097,388.56,-30.69860279441118,https://finance.naver.com/item/main.naver?code=067570
강동씨앤엘,KOSDAQ,1201.0,73179207096,104.09,0.52,11.0,2208.0,2.20296,12545451800.0,-785529790.0,-1988257780.0,,6.9634,건축자재,2930.0,910.0,0.0147486466,60931896,198440,889640.0,1841184.4,0.48318897335867067,2788686000.8,16.601941747572813,13.301886792452834,0.6515431045364061,0.4981884057971014,-6.26147071084359,220.296,-59.010238907849825,https://finance.naver.com/item/main.naver?code=198440
싸이닉솔루션,KOSDAQ,3095.0,73057475000,38.99,1.99,79.0,1548.0,0.87853,40386799920.0,-31702760.0,1561422620.0,,27.50173,반도체와반도체장비,12700.0,1959.0,0.0479606016,23605000,234030,41164.0,95455.5,0.4312375923859809,281187656.5,-51.489028213166144,-69.65686274509804,1.017898392444647,5.103359173126615,-0.07849782617785579,87.85300000000001,-75.62992125984252,https://finance.naver.com/item/main.naver?code=234030
포바이포,KOSDAQ,5110.0,72918345850,-5.64,1.86,-926.0,2799.0,1.01957,7334912720.0,-2503007640.0,-2755628170.0,,-1083.31724,방송과엔터테인먼트,14710.0,3980.0,0.0195693893,14269735,389140,37109.0,87048.9,0.42630061953683507,424357457.7,-35.31645569620253,-38.28502415458937,1.4056811746041593,-33.0832440157199,-34.12457292334353,101.95700000000001,-65.26172671651938,https://finance.naver.com/item/main.naver?code=389140
화천기공,KOSPI,33100.0,72820000000,6.39,0.21,5173.0,154300.0,0.28357,55160050190.0,1868771370.0,4733146440.0,,173.4423,기계,44850.0,29450.0,0.0944195455,2200000,000850,5653.0,34278.05,0.16491603227138066,1255374211.25,-5.9659090909090935,-20.24096385542169,0.431354759095106,3.3525599481529484,3.387907305310594,28.357,-26.198439241917505,https://finance.naver.com/item/main.naver?code=000850
뉴프렉스,KOSDAQ,2970.0,72767260170,8.31,0.67,360.0,4434.0,0.49927,34969125370.0,291472270.0,1486228650.0,,229.76836,전자장비와기기,7280.0,2260.0,0.0370770932,24500761,085670,135146.0,310975.1,0.4345878496381222,950113855.65,-51.549755301794455,-55.135951661631424,0.7693220453984901,8.119079837618404,0.8335131831751617,49.927,-59.2032967032967,https://finance.naver.com/item/main.naver?code=085670
양지사,KOSDAQ,4555.0,72788900000,-39.31,0.34,-116.0,13435.0,0.13247,6875295410.0,701232680.0,1375119470.0,,14.24452,상업서비스와공급품,9820.0,4000.0,0.0114338548,15980000,030960,16067.0,191712.1,0.08380795995662245,947910642.7,-28.38050314465409,-42.99123904881101,0.29285579783435683,-0.8634164495720135,10.199309821365187,13.247,-53.61507128309573,https://finance.naver.com/item/main.naver?code=030960
유니크,KOSDAQ,3760.0,72645813200,6.74,0.53,559.0,7054.0,1.26173,112074500720.0,5075497820.0,4754554080.0,,11.42846,자동차부품,5130.0,3410.0,0.0283986161,19320695,011320,25560.0,37399.6,0.6834297693023456,136658469.65,-10.900473933649291,-11.216056670602125,0.7691258730039894,7.924581797561666,4.5286820707596185,126.173,-26.7056530214425,https://finance.naver.com/item/main.naver?code=011320
폴라리스AI파마,KOSDAQ,5460.0,72527091000,11.72,0.53,464.0,10233.0,0.40533,13703333300.0,606341180.0,3653698200.0,,49.64242,제약,10200.0,4110.0,0.0149134066,13283350,041910,40778.0,87509.5,0.4659836931990241,486701806.2,-25.205479452054792,-22.111269614835948,0.521497665967695,4.534349653083162,4.4247714532346665,40.533,-46.470588235294116,https://finance.naver.com/item/main.naver?code=041910
아이진,KOSDAQ,1675.0,72409888200,-2.89,1.23,-562.0,1322.0,0.2706,1271955860.0,-3532739030.0,-3556855490.0,,-69.9395,생물공학,3062.445,1182.0,0.0171099398,43229784,185490,70918.0,133701.1,0.5304219636188483,201461225.75,20.503597122302164,5.744949494949503,1.4388288503235949,-42.511346444780635,-277.7406937690432,27.060000000000002,-45.30514017394598,https://finance.naver.com/item/main.naver?code=185490
CJ씨푸드,KOSPI,2015.0,72400507595,25.96,0.83,78.0,2447.0,1.05143,54950315110.0,-1471480100.0,-1286136870.0,,32.75937,식품,3350.0,1710.0,0.0212444636,35930773,011150,116327.0,57688.65,2.0164625103898253,115118965.55,-20.98039215686275,-29.790940766550523,2.0164625103898253,3.187576624438088,-2.677837419229314,105.14300000000001,-39.850746268656714,https://finance.naver.com/item/main.naver?code=011150
아미코젠,KOSDAQ,1024.0,72351116288,-1.92,0.61,-543.0,1703.0,0.6024,12280289270.0,-3170769440.0,19368340500.0,,-69.9395,생물공학,4400.0,1010.0,0.0260666041,70655387,092040,879489.0,738899.65,1.1902685296981803,847681948.8,-37.93939393939394,-41.585852823730754,2.9186629063906038,-31.88490898414563,-25.819989825044242,60.24,-76.72727272727273,https://finance.naver.com/item/main.naver?code=092040
APS이노베이션,KOSDAQ,3360.0,72334395840,811.25,0.42,4.0,7818.0,0.32321,19648242480.0,3002995080.0,6505201830.0,,-70.52697,전기제품,8440.0,2270.0,0.0281403454,21528094,079810,110499.0,98820.0,1.1181845780206436,278765031.5,-38.34862385321101,-36.60377358490566,1.4824327059299738,0.051163980557687394,15.28378471029537,32.321,-60.18957345971564,https://finance.naver.com/item/main.naver?code=079810
팅크웨어,KOSDAQ,6500.0,72211256000,-2.66,0.41,-2461.0,16025.0,0.91758,119665154050.0,-4567439190.0,-4016003330.0,,34.07215,전자제품,10730.0,5500.0,0.0261071141,11109424,084730,1539.0,14167.05,0.1086323546539329,89815628.0,-17.51269035532995,-34.27704752275025,1.8431501265259882,-15.357254290171607,-3.816849797470344,91.758,-39.422180801491145,https://finance.naver.com/item/main.naver?code=084730
피제이전자,KOSDAQ,4860.0,72243900000,7.71,0.52,629.0,9377.0,0.50695,51094151760.0,1822607380.0,3837852830.0,,-35.75178,건강관리장비와용품,12250.0,3980.0,0.0315451732,14865000,006140,47313.0,57997.7,0.8157737289582173,260112223.95,-32.49999999999999,-41.65666266506602,1.2123929052358973,6.707902314172977,3.5671545905315565,50.695,-60.3265306122449,https://finance.naver.com/item/main.naver?code=006140
휴비스,KOSPI,2090.0,72105000000,28.59,0.27,71.0,7534.0,2.15979,226017457500.0,178812780.0,-818164430.0,,9.96468,"섬유,의류,신발,호화품",4070.0,1630.0,0.0171241739,34500000,079980,67852.0,155349.85,0.4367690087888723,300776908.15,-29.032258064516125,-17.227722772277232,1.1913239697366942,0.9423944783647464,0.07911458786319636,215.979,-48.64864864864865,https://finance.naver.com/item/main.naver?code=079980
앱튼,KOSDAQ,3670.0,72148214380,-2.84,0.76,-1300.0,4840.0,0.80247,4541237870.0,-1773991260.0,-13216027000.0,,-34.90219,에너지장비및서비스,13280.0,730.0,0.0,19658914,270520,238331.0,260721.5,0.9141210065146143,787020455.1,153.97923875432525,860.7329842931938,1.869504432891035,-26.859504132231404,-39.06404620905709,80.247,-72.3644578313253,https://finance.naver.com/item/main.naver?code=270520
아이에스티이,KOSDAQ,7420.0,72085136760,-15.31,3.48,-497.0,2184.0,1.86435,6382461540.0,534874640.0,731657620.0,,27.50173,반도체와반도체장비,15580.0,5590.0,0.0732208555,9714978,212710,62710.0,120061.55,0.5223154290445192,1011657402.0,-27.040314650934118,-16.347237880496056,0.5223154290445192,-22.756410256410255,8.380381717114114,186.435,-52.37483953786906,https://finance.naver.com/item/main.naver?code=212710
원준,KOSDAQ,4720.0,72081862320,-5.31,0.66,-866.0,6969.0,0.67444,608076530.0,-4476042910.0,-2182584370.0,,-70.52697,전기제품,12150.0,3230.0,0.019790027,15271581,382840,170492.0,47533.65,3.586764323800087,206319128.15,-47.262569832402235,-55.72232645403376,3.586764323800087,-12.426460037308079,-736.0986141004324,67.444,-61.15226337448561,https://finance.naver.com/item/main.naver?code=382840
우신시스템,KOSPI,3935.0,72065802490,3.98,0.36,985.0,10957.0,1.39474,82173323790.0,-335084910.0,1355239240.0,,11.42846,자동차부품,7840.0,3320.0,0.0090383593,18314054,017370,13890.0,25797.75,0.5384190481728057,103406489.85,-30.843585237258353,-37.93375394321766,1.7840703162097469,8.98968695810897,-0.4077782114014692,139.47400000000002,-49.808673469387756,https://finance.naver.com/item/main.naver?code=017370
바이오스마트,KOSDAQ,2850.0,72032444700,8.1,0.51,356.0,5697.0,0.63412,145332268070.0,10074551390.0,7177703350.0,,52.67418,전기장비,6930.0,2305.0,0.0743283498,25274542,038460,86540.0,117493.6,0.7365507568071793,315659125.7,-21.595598349381017,-28.838951310861425,1.7099229234613629,6.248902931367387,6.932081583662854,63.412,-58.87445887445888,https://finance.naver.com/item/main.naver?code=038460
지아이텍,KOSDAQ,1825.0,71826780500,105.88,0.83,17.0,2160.0,0.36559,10090514770.0,516724160.0,2193350330.0,,-70.52697,전기제품,3265.0,1531.0,0.0377629574,39357140,382480,84089.0,102492.95,0.8204369178563014,175156007.4,-28.84990253411306,-23.64016736401674,0.9022279093342518,0.787037037037037,5.120889982107425,36.559000000000005,-44.104134762634,https://finance.naver.com/item/main.naver?code=382480
자이글,KOSDAQ,5310.0,71849132100,-13.28,3.71,-400.0,1431.0,1.62529,2516777000.0,-501522000.0,167324460.0,,-35.75178,건강관리장비와용품,6270.0,4560.0,0.0049191074,13530910,234920,,,,,,,,-27.952480782669465,-19.927152862569866,162.529,-15.311004784688997,https://finance.naver.com/item/main.naver?code=234920
네오리진,KOSDAQ,1352.0,71804738928,-2.75,1.43,-490.0,943.0,0.37599,6681103100.0,-1065169110.0,3721399370.0,,18.81972,게임엔터테인먼트,1859.0,907.0,0.6211910432,53110014,094860,34570.0,168928.2,0.20464315608643197,226886634.25,-5.255781359495448,24.036697247706428,1.2929043226648953,-51.961823966065744,-15.943012614189414,37.599,-27.27272727272727,https://finance.naver.com/item/main.naver?code=094860
바이오에프디엔씨,KOSDAQ,8230.0,71565611000,10.45,1.0,782.0,8184.0,0.05002,3997511690.0,1025675260.0,1161300120.0,,-69.9395,생물공학,20250.0,6330.0,0.1171031659,8695700,251120,5295.0,17046.15,0.31062732640508267,132444315.25,-37.2234935163997,-48.30402010050251,0.8616021799643907,9.555229716520039,25.657842666621445,5.002,-59.358024691358025,https://finance.naver.com/item/main.naver?code=251120
크리스에프앤씨,KOSDAQ,3050.0,71464428000,4.99,0.18,615.0,17440.0,0.98844,63150912000.0,-6720572010.0,-11465815980.0,,9.96468,"섬유,의류,신발,호화품",4950.0,2525.0,0.0079566949,23430960,110790,1408.0,5910.95,0.2382019810690329,16975325.85,-19.09814323607427,-23.076923076923073,1.6208900430556847,3.5263761467889907,-10.642082271115894,98.844,-38.38383838383839,https://finance.naver.com/item/main.naver?code=110790
파로스아이바이오,KOSDAQ,5510.0,71332085320,-6.61,5.1,-831.0,1076.0,1.3561,,-2367121320.0,-2212582990.0,,-69.9395,생물공학,12120.0,3710.0,0.0162478839,12945932,388870,22384.0,75030.8,0.2983308188104085,364279207.65,-27.879581151832454,-45.1195219123506,1.042838407693907,-77.23048327137546,,135.61,-54.537953795379536,https://finance.naver.com/item/main.naver?code=388870
케이엔에스,KOSDAQ,8120.0,71225034720,-63.78,1.26,-127.0,6412.0,0.58674,13282352650.0,1337131440.0,795839300.0,,-70.52697,전기제품,20400.0,5920.0,0.0196067836,8771556,432470,12464.0,76935.05,0.1620067836441258,621599929.75,-38.94736842105263,-50.457596095179994,0.7181642177395088,-1.9806612601372424,10.066977404036926,58.67400000000001,-60.196078431372555,https://finance.naver.com/item/main.naver?code=432470
아이엠티,KOSDAQ,9030.0,71107737330,75.08,2.37,124.0,3921.0,1.28369,12238145790.0,1052367410.0,843876140.0,,27.50173,반도체와반도체장비,19500.0,6240.0,0.0396499586,7874611,451220,17058.0,54348.8,0.3138615756005652,478980620.0,-41.0958904109589,-8.417849898580121,1.729201012717852,3.162458556490691,8.599075612090742,128.369,-53.69230769230769,https://finance.naver.com/item/main.naver?code=451220
동양고속,KOSPI,24550.0,71086218950,21.7,1.18,1136.0,20914.0,1.8303,30596610480.0,621929660.0,-199794220.0,,12.11119,도로와철도운송,172800.0,7170.0,0.0350528687,2895569,084670,10531.0,29043.05,0.3625996580937608,705971261.25,-26.276276276276278,-50.9,0.9917691151583597,5.431768193554556,2.032675025903719,183.03,-85.79282407407408,https://finance.naver.com/item/main.naver?code=084670
블랙야크아이앤씨,KOSDAQ,2755.0,71162470990,-12.1,1.87,-229.0,1484.0,1.64777,16692443780.0,2589318700.0,993813420.0,,9.96468,"섬유,의류,신발,호화품",4150.0,2010.0,0.0092725605,25830298,478560,20407.0,39293.8,0.5193440186492525,96838482.05,-17.14285714285714,-20.490620490620493,1.5415918032870324,-15.431266846361186,15.511921047188935,164.777,-33.6144578313253,https://finance.naver.com/item/main.naver?code=478560
국제약품,KOSPI,3350.0,70885437200,11.88,0.72,280.0,4617.0,0.81644,43979873630.0,1968732380.0,2144602980.0,,49.64242,제약,5470.0,2810.0,0.0430169294,21159832,002720,23168.0,54471.25,0.42532528627486976,179143383.8,-22.2737819025522,-27.173913043478258,0.7998898501503087,6.064544076239983,4.476439374434828,81.644,-38.75685557586838,https://finance.naver.com/item/main.naver?code=002720
비투엔,KOSDAQ,953.0,70807218605,-4.48,1.88,-223.0,531.0,0.93582,2762116990.0,-1377166770.0,-426719160.0,,32.17663,IT서비스,1692.0,521.0,0.0060551323,74299285,307870,392456.0,315671.9,1.2432402123850743,272254564.85,-4.509018036072144,-20.583333333333332,2.2055051463243953,-41.99623352165725,-49.859103542171106,93.582,-43.67612293144209,https://finance.naver.com/item/main.naver?code=307870
신일전자,KOSPI,1032.0,70741041672,17.39,0.87,61.0,1221.0,0.5435,33381198610.0,-247368020.0,-948765760.0,,11.80476,가정용기기와용품,1501.0,994.0,0.0306762224,68547521,002700,1050302.0,8336769.9,0.1259842855924331,9817537929.7,-24.45095168374817,-22.34762979683973,1.4541739960940987,4.995904995904995,-0.7410399575223641,54.35,-31.245836109260495,https://finance.naver.com/item/main.naver?code=002700
에스와이스틸텍,KOSDAQ,1406.0,70540426000,-26.11,0.74,-54.0,1912.0,0.31967,17461247280.0,-588779000.0,-722957990.0,,6.9634,건축자재,6050.706,1110.0,0.060890634,50171000,365330,261163.0,516149.7,0.5059830510411999,763461340.1,-57.96711509715994,-58.46381093057607,0.7940952014502769,-2.8242677824267783,-3.3719183432811453,31.967000000000002,-76.76304219705932,https://finance.naver.com/item/main.naver?code=365330
쿼드메디슨,KOSDAQ,6150.0,70614994950,-8.21,2.18,-722.0,2716.0,0.73256,273811550.0,-4415236430.0,-4607883850.0,,-69.9395,생물공학,27150.0,4735.0,0.0465353372,11482113,464490,30299.0,31066.7,0.9752886531237627,173758295.5,-46.47519582245431,-58.33333333333333,0.9752886531237627,-26.583210603829162,-1612.5091983884538,73.256,-77.34806629834254,https://finance.naver.com/item/main.naver?code=464490
이엠텍,KOSDAQ,4110.0,70416366960,-5.7,0.33,-715.0,12360.0,0.69533,48564475970.0,-4795180630.0,-3229932000.0,,85.22491,핸드셋,10930.0,3400.0,0.062959962,17132936,091120,22877.0,44920.05,0.5092826032028014,172382825.1,-43.31034482758621,-51.36094674556213,0.9635786246898655,-5.784789644012945,-9.873844068578345,69.533,-62.39707227813358,https://finance.naver.com/item/main.naver?code=091120
HC보광산업,KOSDAQ,1930.0,70133743110,-27.88,0.76,-69.0,2530.0,0.92456,7860984950.0,-1518368970.0,-1520448540.0,,6.9634,건축자재,4555.0,1600.0,0.0054668949,36338727,225530,7364.0,98377.95,0.07485417209852412,201117767.7,-34.46519524617997,-32.161687170474515,0.5991891475681288,-2.727272727272727,-19.31525094702032,92.456,-57.628979143798034,https://finance.naver.com/item/main.naver?code=225530
에이텍,KOSDAQ,8480.0,70044800000,133.02,0.63,63.0,13373.0,0.74113,41484171740.0,4189380930.0,4026557270.0,,17.98164,컴퓨터와주변기기,13760.0,7300.0,0.0602859564,8260000,045660,6626.0,24200.95,0.27379090490249347,191424737.5,-7.625272331154687,-16.288252714708783,0.6970387526109512,0.47109848201600235,10.098745507700475,74.113,-38.372093023255815,https://finance.naver.com/item/main.naver?code=045660
현대에이치티,KOSDAQ,8120.0,70035000000,5.69,0.57,1367.0,13750.0,0.33438,30964954590.0,-1334063060.0,-1550819090.0,,-246.63174,통신장비,12450.0,5550.0,0.039792,8625000,039010,138454.0,73390.3,1.8865435895479374,518455531.0,-20.392156862745104,-1.8137847642079818,1.8865435895479374,9.941818181818181,-4.30829974616152,33.438,-34.77911646586346,https://finance.naver.com/item/main.naver?code=039010
미투온,KOSDAQ,2140.0,70028773640,86.4,0.47,25.0,4588.0,0.10217,23055976220.0,3890734050.0,3214388840.0,,18.81972,게임엔터테인먼트,6900.0,1738.0,0.0353565789,32723726,201490,80258.0,398816.35,0.20124049578208117,855701177.35,-27.210884353741495,-51.85601799775028,0.6530574787116927,0.5448997384481256,16.87516508897579,10.217,-68.98550724637681,https://finance.naver.com/item/main.naver?code=201490
디지틀조선,KOSDAQ,1887.0,70036508829,12.69,0.75,147.0,2479.0,0.16503,10256769330.0,2382843230.0,2180349950.0,,32.17663,IT서비스,3070.0,1358.0,0.0226303101,37115267,033130,10873.0,89545.35,0.12142450724688662,175219978.5,-15.94654788418708,8.94919168591224,1.158586124237607,5.929810407422348,23.23190815094601,16.503,-38.534201954397396,https://finance.naver.com/item/main.naver?code=033130
태웅로직스,KOSDAQ,1795.0,69503855745,-12.74,0.29,-141.0,6137.0,1.19024,276634642690.0,546039830.0,1221119340.0,,10.30001,해운사,3655.0,1410.0,0.0362512035,38720811,124560,19231.0,60537.4,0.31767138991763766,108127454.05,-22.795698924731177,-31.619047619047624,0.5300194590451522,-2.297539514420727,0.1973866413440845,119.024,-50.889192886456904,https://finance.naver.com/item/main.naver?code=124560
피앤에스로보틱스,KOSDAQ,5160.0,69429244800,26.27,1.71,212.0,3261.0,0.05129,932358140.0,-356981470.0,-57578090.0,,-35.75178,건강관리장비와용품,14800.0,3605.0,0.0138738845,13455280,460940,397110.0,238559.65,1.6646151182733544,1279742166.2,-40.484429065743946,-56.08510638297872,12.156213341191606,6.501073290401717,-38.28801988042921,5.1290000000000004,-65.13513513513513,https://finance.naver.com/item/main.naver?code=460940
셀바스헬스케어,KOSDAQ,2710.0,69756928440,18.71,1.02,151.0,2766.0,0.09197,6584400190.0,668546230.0,13222861250.0,,-35.75178,건강관리장비와용품,7490.0,2130.0,0.039655619,25740564,208370,474953.0,340697.95,1.3940588723824137,932250335.45,-30.77905491698595,-52.78745644599303,8.747058795041179,5.459146782357195,10.153487192582078,9.197,-63.81842456608812,https://finance.naver.com/item/main.naver?code=208370
옵티팜,KOSDAQ,4765.0,69902349870,-27.91,2.74,-170.0,1731.0,0.59816,5361368950.0,-723396480.0,-753907750.0,,49.64242,제약,6250.0,4075.0,0.0083232004,14669958,153710,2588.0,9973.4,0.2594902440491708,46415598.8,-5.456349206349209,-9.064885496183205,2.766358513646299,-9.820912767186597,-13.492756919853463,59.816,-23.760000000000005,https://finance.naver.com/item/main.naver?code=153710
SY동아,KOSDAQ,4600.0,69920000000,2.42,0.36,1888.0,12809.0,0.66593,94870256220.0,4447913160.0,2827551970.0,,11.42846,자동차부품,8640.0,4015.0,0.0211274342,15200000,041930,11236.0,24942.2,0.450481513258654,110839294.7,-28.46034214618973,-33.81294964028777,0.8411447266079175,14.739636193301584,4.688416936163304,66.593,-46.75925925925925,https://finance.naver.com/item/main.naver?code=041930
제이씨케미칼,KOSDAQ,3105.0,69141562470,-16.64,0.46,-183.0,6691.0,1.75635,121152280010.0,1586448130.0,1441809440.0,,-34.90219,에너지장비및서비스,6480.0,2400.0,0.0355104008,22267814,137950,432887.0,161116.8,2.6867899561063777,486882566.85,-23.33333333333333,-5.909090909090908,8.22367375717492,-2.7350171872664775,1.3094661774991385,175.63500000000002,-52.08333333333333,https://finance.naver.com/item/main.naver?code=137950
페이퍼코리아,KOSPI,1950.0,69413490900,-3.52,0.26,-545.0,7410.0,0.77693,67206996150.0,1235077470.0,-664562980.0,,-6.0397,종이와목재,5200.0,1701.0,0.0025321475,35596662,001020,5313.0,11555.95,0.4597631523154738,22127636.95,190.17857142857144,220.72368421052633,1.329791146552209,-7.3549257759784075,1.8377215777408318,77.693,-62.5,https://finance.naver.com/item/main.naver?code=001020
디에이테크놀로지,KOSDAQ,6090.0,69131518050,-4.14,-3.33,-1470.0,-1830.0,-3.61281,1512246450.0,-1981194060.0,-1858486140.0,,-70.52697,전기제품,203.0,203.0,0.0223283938,11351645,196490,,,,,,,,80.32786885245902,-131.0099990646366,-361.281,2900.0,https://finance.naver.com/item/main.naver?code=196490
웅진씽크빅,KOSPI,1216.0,69101735360,-2.95,0.26,-412.0,4654.0,1.9026,179575267250.0,-3370509130.0,-4234262230.0,,10.90798,교육서비스,3955.425,1055.0,0.0226132838,56827085,095720,16377.0,46028.25,0.35580322953838134,55011857.55,5.739130434782602,0.0,1.118095951942557,-8.852599914052428,-1.8769339350656042,190.26000000000002,-69.25741228818649,https://finance.naver.com/item/main.naver?code=095720
코아시아,KOSDAQ,2625.0,69076549500,-4.58,0.83,-565.0,3100.0,2.39452,121819993200.0,-2028710040.0,-210948440.0,,85.22491,핸드셋,7850.0,1706.0,0.0545297268,26314876,045970,43838.0,107641.45,0.40725947114238986,282265167.1,-49.80879541108987,-53.621908127208485,1.1188533785080004,-18.225806451612904,-1.6653342252854437,239.452,-66.56050955414013,https://finance.naver.com/item/main.naver?code=045970
피제이메탈,KOSDAQ,2780.0,68953365820,8.96,0.92,307.0,2977.0,1.1988,103055031850.0,7932145870.0,1496219280.0,,29.93748,비철금속,4140.0,2450.0,0.0329989849,24803369,128660,46344.0,81598.55,0.5679512687419078,215006681.2,-17.751479289940832,-7.487520798668889,0.8338138361527258,10.312395028552233,7.6970000664746765,119.88000000000001,-32.850241545893724,https://finance.naver.com/item/main.naver?code=128660
한일단조,KOSDAQ,2095.0,68919317655,46.44,0.5,45.0,4222.0,0.81421,35604294050.0,2554670590.0,2703469270.0,,11.42846,자동차부품,4800.0,1750.0,0.0555068632,32897049,024740,113602.0,241924.9,0.4695754756951434,507846197.2,-34.42879499217527,-8.515283842794762,0.5533494071920666,1.065845570819517,7.175175517909195,81.42099999999999,-56.35416666666666,https://finance.naver.com/item/main.naver?code=024740
모델솔루션,KOSDAQ,10670.0,68252789000,10.35,0.98,1068.0,11302.0,0.1873,18708909070.0,748368160.0,1965895620.0,,173.4423,기계,31500.0,8560.0,0.0341057108,6396700,417970,28778.0,20468.7,1.4059515259884603,214776334.75,-48.82494004796163,-56.6260162601626,1.4059515259884603,9.449654928331269,4.000063056589542,18.73,-66.12698412698413,https://finance.naver.com/item/main.naver?code=417970
엔케이,KOSPI,9200.0,68246280800,-15.98,0.38,-560.0,23370.0,0.35504,31914326490.0,534042320.0,2917591540.0,,22.196,조선,17610.0,6950.0,0.0,7418074,085310,7252.0,27289.1,0.26574712980640625,215864015.0,727.3381294964029,686.9974337040205,0.6080816150037928,-2.396234488660676,1.673362338281951,35.504000000000005,-47.756956274843844,https://finance.naver.com/item/main.naver?code=085310
비트컴퓨터,KOSDAQ,4100.0,68155501300,8.79,0.87,471.0,4774.0,0.1349,9611327740.0,1770846920.0,1815710940.0,,635.5771,건강관리기술,5920.0,3410.0,0.0536433425,16623293,032850,51317.0,46802.25,1.0964643793834699,183643705.55,-16.75126903553299,-14.937759336099587,1.0964643793834699,9.865940511101803,18.42458157607265,13.489999999999998,-30.743243243243246,https://finance.naver.com/item/main.naver?code=032850
이엔셀,KOSDAQ,6170.0,68052119890,-4.12,1.69,-1482.0,3609.0,0.72654,308928040.0,-4869807970.0,-5260474610.0,,49.64242,제약,20950.0,4800.0,0.0475079734,11029517,456070,17213.0,47506.15,0.3623320349049544,284159707.25,-53.32829046898638,-63.72721928277484,1.1157502765431422,-41.06400665004156,-1576.356736669161,72.654,-70.54892601431982,https://finance.naver.com/item/main.naver?code=456070
삼정펄프,KOSPI,27150.0,67874212650,2.14,0.23,12556.0,114819.0,0.10418,26941358190.0,-1058461130.0,-15971279070.0,,6.29329,가정용품,36450.0,24750.0,0.1689459598,2499971,009770,2055.0,4250.15,0.4835123466230604,113938141.25,-9.499999999999996,-16.589861751152068,0.8980859499076504,10.935472352136841,-3.9287593540583856,10.418,-25.514403292181065,https://finance.naver.com/item/main.naver?code=009770
아이티센씨티에스,KOSPI,5600.0,67788817600,1.31,0.3,4360.0,18920.0,1.05727,248845656060.0,3473958920.0,38775333520.0,,32.17663,IT서비스,9980.0,4570.0,0.0224248431,12105146,031820,12601.0,31382.0,0.4015359123064177,164388323.45,-34.731934731934736,822.5700164744646,0.9372570263208209,23.044397463002113,1.396029561055461,105.72699999999999,-43.8877755511022,https://finance.naver.com/item/main.naver?code=031820
넥스트칩,KOSDAQ,2055.0,67583670705,-2.53,3.74,-815.0,552.0,1.4153,11672144260.0,-2425529830.0,-3677287480.0,,27.50173,반도체와반도체장비,7570.0,1575.0,0.028137102,32887431,396270,91901.0,184948.25,0.49690116018940433,384014667.2,-69.28251121076234,-37.15596330275229,1.1392538182978211,-147.64492753623188,-20.780499075154506,141.53,-72.85336856010568,https://finance.naver.com/item/main.naver?code=396270
이녹스,KOSDAQ,7200.0,67578076800,2.91,0.38,2469.0,18657.0,0.5763,14409159590.0,820660780.0,1018510240.0,,10.37864,레저용장비와제품,17300.0,5120.0,0.0063329414,9385844,088390,8179.0,11626.05,0.7035063499640893,79765966.5,-42.21508828250401,-28.000000000000004,0.7035063499640893,13.2336388486895,5.695410442740471,57.63,-58.38150289017341,https://finance.naver.com/item/main.naver?code=088390
팬젠,KOSDAQ,4990.0,67437399910,32.6,2.26,154.0,2218.0,0.09072,3731518360.0,482122010.0,750593670.0,,-69.9395,생물공학,8510.0,4220.0,0.0714358176,13514509,222110,9815.0,6223.05,1.5772008902387094,29251163.55,-23.230769230769234,-9.76491862567812,1.5772008902387094,6.943192064923355,12.920263643028143,9.072,-41.36310223266745,https://finance.naver.com/item/main.naver?code=222110
옵트론텍,KOSDAQ,1925.0,67304410250,-3.0,1.09,-670.0,1841.0,2.91269,59343950500.0,4413851440.0,-566493070.0,,229.76836,전자장비와기기,2540.0,1241.0,0.0914375719,34963330,082210,79221.0,254334.5,0.31148349909273026,508233263.9,9.312890403180019,0.6272869837950834,0.5037971647574356,-36.39326453014666,7.437744543144293,291.269,-24.212598425196852,https://finance.naver.com/item/main.naver?code=082210
한국내화,KOSPI,1629.0,66898243998,-2.6,0.37,-607.0,4239.0,0.59277,88422883220.0,-309828220.0,-557915580.0,,29.93748,비철금속,2470.0,1339.0,0.0062194125,41067062,010040,33899.0,36181.95,0.9369036218335386,53687751.05,-9.999999999999998,-21.870503597122305,3.110584144856759,-14.319414956357631,-0.350393708865084,59.277,-34.04858299595141,https://finance.naver.com/item/main.naver?code=010040
THE E&M,KOSDAQ,1745.0,67045262730,-2.2,2.46,-809.0,722.0,1.10926,6196020250.0,-2142663630.0,-17594499530.0,,21.51394,양방향미디어와서비스,4500.0,860.0,0.0149693059,38421354,089230,172754.0,509888.15,0.338807638498757,828890114.55,-54.79274611398963,47.133220910623955,1.948684235944687,-112.04986149584488,-34.5812883681263,110.92599999999999,-61.22222222222222,https://finance.naver.com/item/main.naver?code=089230
다스코,KOSPI,3300.0,66829128300,-11.94,0.41,-273.0,8046.0,1.47551,59536570280.0,-5841205610.0,-5820949340.0,,6.9634,건축자재,5800.0,2270.0,0.0370774131,20251251,058730,1960746.0,6308421.5,0.3108140443691025,29924248014.1,-1.0494752623688153,3.4482758620689724,0.3108140443691025,-3.392990305741984,-9.811122109535129,147.55100000000002,-43.103448275862064,https://finance.naver.com/item/main.naver?code=058730
비상교육,KOSPI,5140.0,66803248740,2.82,0.3,1738.0,16305.0,0.87794,104237314710.0,35041682710.0,25758009930.0,,10.90798,교육서비스,7470.0,4460.0,0.0529788968,12996741,100220,111372.0,54696.65,2.0361758901139284,269624354.85,-23.283582089552233,5.43589743589743,3.3538982734774434,10.659306961054892,33.61721549282992,87.79400000000001,-31.191432396251674,https://finance.naver.com/item/main.naver?code=100220
동일금속,KOSDAQ,7340.0,66794000000,12.33,0.4,596.0,18440.0,0.18789,28574296610.0,1546130030.0,1382233420.0,,173.4423,기계,8880.0,6910.0,0.0,9100000,109860,592.0,4823.0,0.12274517934895293,34680018.75,-1.0781671159029615,-2.7814569536423805,0.7990877047480821,3.2321041214750545,5.410911950353692,18.789,-17.34234234234234,https://finance.naver.com/item/main.naver?code=109860
동원모빌리티,KOSPI,1427.0,66719289391,3.15,0.5,453.0,2844.0,2.54932,178815012800.0,6061280670.0,13121472300.0,,11.42846,자동차부품,1967.0,1219.0,0.0414197578,46754933,018500,16060.0,95119.55,0.1688401595676178,129874924.55,-20.72222222222222,-12.453987730061344,1.0495739309111534,15.928270042194093,3.3896933904422144,254.932,-27.45297407219115,https://finance.naver.com/item/main.naver?code=018500
유라테크,KOSDAQ,5790.0,66700800000,5.94,0.43,964.0,13417.0,0.20877,48762260010.0,-1798100230.0,481896390.0,,11.42846,자동차부품,9760.0,5130.0,0.0206908854,11520000,048430,12306.0,13717.4,0.8971087815475236,76182207.5,-22.072678331090177,-29.476248477466505,1.0968550891568374,7.184914660505329,-3.687483372655926,20.877000000000002,-40.67622950819673,https://finance.naver.com/item/main.naver?code=048430
태경케미컬,KOSPI,5730.0,66468000000,7.45,0.39,770.0,14876.0,0.30908,13962642500.0,-653473280.0,1731625440.0,,-30.06008,화학,11640.0,4980.0,0.0169112069,11600000,006890,37455.0,129778.15,0.2886079051057516,785231022.75,-27.376425855513308,-25.0,0.8357801371032026,5.176122613605808,-4.680154777292335,30.908,-50.77319587628865,https://finance.naver.com/item/main.naver?code=006890
센서뷰,KOSDAQ,1286.0,66441069116,-4.05,4.94,-319.0,262.0,1.28607,2085377510.0,-3359266010.0,-4236165440.0,,-246.63174,통신장비,4663.794,789.397,0.0161840612,51664906,321370,757375.0,1094615.45,0.6919096564916931,1495957685.4,-61.38138138138138,-61.03030303030303,0.7761830878597593,-121.7557251908397,-161.08670942749356,128.607,-72.42588330445126,https://finance.naver.com/item/main.naver?code=321370
대창솔루션,KOSDAQ,1800.0,66338571600,-9.2,2.04,-193.0,872.0,2.97432,21247628230.0,1482042770.0,1040352710.0,,22.196,조선,4180.0,1348.0,0.0399131325,36854762,096350,162285.0,161991.95,1.0018090405109636,263875551.1,-33.944954128440365,-19.282511210762333,1.0018090405109636,-22.13302752293578,6.9750974271446955,297.432,-56.9377990430622,https://finance.naver.com/item/main.naver?code=096350
대현,KOSPI,1498.0,66334900380,5.98,0.24,249.0,6265.0,0.13164,65808580150.0,3570628530.0,3860651390.0,,9.96468,"섬유,의류,신발,호화품",1912.0,1369.0,0.0669885785,44282310,016090,134809.0,112954.05,1.193485315488909,165957638.15,-13.659942363112387,-8.041743400859424,1.288878088036684,3.974461292897047,5.4257796200150965,13.164000000000001,-21.65271966527197,https://finance.naver.com/item/main.naver?code=016090
녹십자엠에스,KOSDAQ,2760.0,66137965560,16.15,1.34,169.0,2040.0,0.95625,23551428040.0,291894910.0,220671750.0,,-35.75178,건강관리장비와용품,6660.0,2200.0,0.0362130734,23963031,142280,134641.0,143535.5,0.9380327514795991,377021034.4,-41.9558359621451,-29.139922978177147,1.8087859797750383,8.284313725490195,1.2393936771232832,95.625,-58.55855855855856,https://finance.naver.com/item/main.naver?code=142280
아이티센엔텍,KOSDAQ,5090.0,66296013130,2.84,0.66,1772.0,7642.0,1.77941,135907564020.0,7038200530.0,11224753390.0,,32.17663,IT서비스,7950.0,4050.0,0.0,13024757,010280,27207.0,26659.85,1.0205233712867852,123628872.9,-22.99546142208775,321.3576158940397,1.6071733336834229,23.187647212771527,5.178667266057587,177.941,-35.9748427672956,https://finance.naver.com/item/main.naver?code=010280
큐에스아이,KOSDAQ,7130.0,66106657730,26.06,0.76,282.0,9645.0,0.07216,6144239430.0,534022900.0,2251601530.0,,27.50173,반도체와반도체장비,22750.0,5360.0,0.0908924124,9271621,066310,26677.0,56086.45,0.4756407296236435,385132580.5,-49.7179125528914,-13.260340632603407,1.5355045648280468,2.9237947122861585,8.691440268303477,7.216,-68.65934065934066,https://finance.naver.com/item/main.naver?code=066310
탑코미디어,KOSDAQ,1339.0,66004865511,-24.31,2.02,-55.0,661.0,0.80122,11879582200.0,-83531880.0,-125610280.0,,21.51394,양방향미디어와서비스,3155.0,850.0,0.0160198729,49294149,134580,79444.0,69459.75,1.1437415193691312,74574545.95,-24.775280898876407,-30.621761658031087,2.461511882781035,-8.32072617246596,-0.7031550318326852,80.122,-57.55942947702059,https://finance.naver.com/item/main.naver?code=134580
특수건설,KOSDAQ,3760.0,65974204560,-3.42,0.77,-1113.0,4922.0,1.29293,53195796670.0,2589863350.0,2025627190.0,,35.15774,건설,7690.0,3145.0,0.0233010537,17546331,026150,31367.0,49726.45,0.6307910578776487,185718427.1,-35.83617747440273,-41.06583072100314,0.7350011915187994,-22.612759041040228,4.868548855591375,129.29299999999998,-51.10533159947984,https://finance.naver.com/item/main.naver?code=026150
디알텍,KOSDAQ,790.0,65946874240,-2.52,0.93,-321.0,867.0,1.69161,31847242250.0,-596334110.0,-884883920.0,,-35.75178,건강관리장비와용품,2365.0,681.0,0.0208322752,83477056,214680,165541.0,181075.45,0.9142100709952674,155333417.45,-52.976190476190474,-61.6504854368932,0.9142100709952674,-37.0242214532872,-1.8724827265067197,169.161,-66.59619450317125,https://finance.naver.com/item/main.naver?code=214680
신일제약,KOSDAQ,5490.0,65805418350,8.17,0.4,651.0,13180.0,0.11753,20868069940.0,1329766050.0,1436232950.0,,49.64242,제약,6820.0,4820.0,0.0343815061,11986415,012790,22907.0,15030.95,1.5239888363676282,77330481.5,-7.263513513513509,-8.499999999999996,1.5239888363676282,4.939301972685888,6.37225221989073,11.753,-19.50146627565983,https://finance.naver.com/item/main.naver?code=012790
프로티아,KOSDAQ,5100.0,65686546500,14.18,2.06,347.0,2384.0,0.07715,3821733350.0,759854540.0,978147160.0,,-35.75178,건강관리장비와용품,6890.0,3680.0,0.0176296603,12879715,303360,43599.0,38142.3,1.1430616402262055,184105616.6,9.4420600858369,-8.92857142857143,1.1430616402262055,14.555369127516778,19.882458309133472,7.715,-25.979680696661834,https://finance.naver.com/item/main.naver?code=303360
신신제약,KOSDAQ,4320.0,65536560000,7.05,0.88,613.0,4933.0,0.83981,30180379030.0,3178166890.0,2860804710.0,,49.64242,제약,6990.0,3900.0,0.050353515,15170500,002800,29220.0,30820.8,0.9480610496807351,131007544.25,-20.147874306839185,-25.900514579759857,0.9480610496807351,12.42651530508818,10.53057314767594,83.981,-38.19742489270386,https://finance.naver.com/item/main.naver?code=002800
랩지노믹스,KOSDAQ,882.0,65479671180,-0.9,0.39,-867.0,2015.0,0.57524,17928401870.0,-4177818750.0,-4708392620.0,,-35.33202,생명과학도구및서비스,2585.0,500.0,0.0243334219,74239990,084650,12112119.0,1535492.85,7.888098599742746,1179543306.9,-37.667844522968196,-49.71493728620297,7.888098599742746,-43.0272952853598,-23.30279508621925,57.524,-65.88007736943908,https://finance.naver.com/item/main.naver?code=084650
센코,KOSDAQ,1731.0,65450574426,11.53,1.1,148.0,1553.0,0.2358,8841501530.0,-200963920.0,1503192980.0,,229.76836,전자장비와기기,2750.0,1212.0,0.0205318865,37810846,347000,24744.0,50989.55,0.48527590457260356,83540281.35,-24.73913043478261,-20.23041474654378,1.7837184285799736,9.52994204764971,-2.2729614344137317,23.580000000000002,-37.05454545454545,https://finance.naver.com/item/main.naver?code=347000
제일연마,KOSPI,8610.0,65436000000,4.18,0.52,2042.0,16369.0,0.16483,19502819680.0,1535438970.0,1866957540.0,,29.93748,비철금속,12900.0,8030.0,0.0641928947,7600000,001560,688.0,2989.8,0.2301157268044685,25448686.75,-22.57194244604317,-8.012820512820518,0.7264699979931768,12.474799926690695,7.872907585637893,16.483,-33.255813953488364,https://finance.naver.com/item/main.naver?code=001560
해성에어로보틱스,KOSDAQ,5860.0,65428652140,455.38,1.67,13.0,3551.0,0.0849,3285532220.0,-303894840.0,-278965870.0,,173.4423,기계,21400.0,4605.0,0.0398534782,11165299,059270,59931.0,92987.45,0.644506328542185,507878085.0,-41.51696606786427,-66.79886685552407,2.4686234540252476,0.36609405801182765,-9.249485917383577,8.49,-72.61682242990655,https://finance.naver.com/item/main.naver?code=059270
잉크테크,KOSDAQ,3335.0,65386933795,26.33,0.84,128.0,3991.0,1.02684,21934956940.0,1987358440.0,1655351050.0,,17.98164,컴퓨터와주변기기,4450.0,2735.0,0.0089436664,19606277,049550,6894.0,9899.75,0.696381221748024,30905349.2,-3.0523255813953543,14.604810996563566,1.523775852925579,3.2072162365321977,9.060234061257292,102.684,-25.056179775280896,https://finance.naver.com/item/main.naver?code=049550
서플러스글로벌,KOSDAQ,1766.0,65320808000,-4.05,0.33,-421.0,5163.0,1.39675,36612438300.0,-4451281870.0,-6946851100.0,,27.50173,반도체와반도체장비,2795.0,1213.0,0.0163289986,36988000,140070,269203.0,172214.1,1.563187915507499,260165529.45,-30.74509803921569,-15.299760191846524,2.2018348091126105,-8.154173929885726,-12.157840550051539,139.67499999999998,-36.81574239713774,https://finance.naver.com/item/main.naver?code=140070
TJ미디어,KOSDAQ,3125.0,65304415625,16.36,0.78,191.0,4010.0,0.62023,17403688340.0,-676069380.0,110519880.0,,34.07215,전자제품,4481.815,2995.0,0.0071417931,20897413,032540,2121.0,3685.05,0.5755688525257459,11879976.75,-12.342215988779802,-44.29590017825312,1.6485529368665282,4.763092269326683,-3.884632767447041,62.022999999999996,-30.273784170029327,https://finance.naver.com/item/main.naver?code=032540
비엘팜텍,KOSDAQ,2335.0,65178706655,-3.83,8.14,-629.0,296.0,0.8147,1516050370.0,49061660.0,523446350.0,,-13.88903,건강관리업체및서비스,8150.0,376.0,0.0170088673,27913793,065170,349513.0,2064346.6,0.16930926231089294,6514786225.5,8.604651162790699,42.37804878048781,0.4521668018345369,-212.5,3.2361497329406013,81.47,-71.34969325153374,https://finance.naver.com/item/main.naver?code=065170
아리바이오랩,KOSDAQ,2325.0,65132347725,-3.56,4.82,-597.0,441.0,1.29264,173160000.0,-1705697330.0,-2073415590.0,,49.64242,제약,6720.0,1824.0,0.0,28013913,261780,380998.0,375439.35,1.014805720284781,921872285.55,-19.82758620689655,-22.499999999999996,1.014805720284781,-135.37414965986395,-985.0411931161931,129.264,-65.40178571428572,https://finance.naver.com/item/main.naver?code=261780
예림당,KOSDAQ,2815.0,64841489755,0.52,0.26,5479.0,11107.0,0.10215,3183673010.0,139776800.0,-881403540.0,,2.40029,출판,4035.0,2505.0,0.0199696739,23034277,036000,21400.0,37723.1,0.5672916594871578,105711640.55,-9.919999999999995,-7.704918032786889,0.899024735506891,49.32925182317457,4.390425761721051,10.215,-30.235439900867412,https://finance.naver.com/item/main.naver?code=036000
빛샘전자,KOSDAQ,8050.0,64823510500,8.58,0.78,943.0,10357.0,0.40634,38858140180.0,3792403540.0,3377906720.0,,229.76836,전자장비와기기,25700.0,4600.0,0.025850749,8052610,072950,1004877.0,344935.5,2.913231604169475,2779829767.0,-52.395032525133054,48.79852125693161,7.67485805317226,9.104953171767887,9.759611557405217,40.634,-68.67704280155642,https://finance.naver.com/item/main.naver?code=072950
테이팩스,KOSPI,13540.0,64811241000,31.77,0.41,423.0,32645.0,0.31365,38632372640.0,1841757990.0,1982271040.0,,229.76836,전자장비와기기,23300.0,10150.0,0.0499219705,4786650,055490,11291.0,27967.95,0.40371210617867953,340195055.25,-22.849002849002854,-9.431438127090297,1.218895199683924,1.2957573901056822,4.76739548762025,31.365,-41.88841201716739,https://finance.naver.com/item/main.naver?code=055490
유비벨록스,KOSDAQ,4395.0,64739224605,-7.96,0.48,-546.0,9085.0,1.24539,153406435670.0,-2428147470.0,-2024233820.0,,34.07215,전자제품,6780.0,3660.0,0.0336713713,14730199,089850,6662.0,17412.7,0.3825943133460061,70944997.7,-11.65829145728643,-20.235934664246823,1.1924629724281701,-6.00990643918547,-1.5828198206907729,124.539,-35.17699115044248,https://finance.naver.com/item/main.naver?code=089850
티플랙스,KOSDAQ,2665.0,64675291330,19.31,0.38,137.0,6922.0,0.61788,63944734790.0,2361805130.0,1341581420.0,,29.93748,비철금속,5570.0,2275.0,0.0740994401,24268402,081150,58933.0,76256.9,0.7728218692341284,201500098.1,-37.29411764705882,-14.446227929374,0.8372750531427321,1.9791967639410575,3.693509931281083,61.788,-52.1543985637343,https://finance.naver.com/item/main.naver?code=081150
한국전자인증,KOSDAQ,3400.0,64600000000,13.33,0.95,252.0,3523.0,0.39674,10979568050.0,2524509650.0,2334043290.0,,32.17663,IT서비스,4945.0,2990.0,0.0363107895,19000000,041460,24780.0,76809.5,0.32261634303048453,260576363.6,-12.708600770218226,-15.527950310559003,0.40873850239879184,7.152994606869145,22.99279569563759,39.674,-31.24368048533872,https://finance.naver.com/item/main.naver?code=041460
인지소프트,KOSDAQ,19650.0,64524980100,2.35,0.71,8108.0,26761.0,0.1622,4608375590.0,857926340.0,10171710830.0,,164.30795,소프트웨어,23700.0,15300.0,0.0078048819,3283714,100030,16481.0,4431.7,3.718888913960783,78369539.5,-1.7008504252126078,-9.447004608294929,6.295778143827426,30.297821456597283,18.616675729766204,16.220000000000002,-17.08860759493671,https://finance.naver.com/item/main.naver?code=100030
흥국,KOSDAQ,5510.0,64500060000,4.95,0.51,1099.0,10653.0,0.20426,38993472220.0,4932255310.0,4920933510.0,,173.4423,기계,6110.0,4750.0,0.0701793098,11706000,010240,11260.0,18333.25,0.6141846099300451,98915958.5,-1.2544802867383464,10.642570281124497,1.294369519861454,10.316342814230733,12.64892565138176,20.426,-9.819967266775775,https://finance.naver.com/item/main.naver?code=010240
대륙제관,KOSDAQ,4055.0,64487471945,6.95,0.4,577.0,9988.0,0.39544,69168698300.0,3503018460.0,3207825160.0,,16.65708,포장재,4250.0,3400.0,0.0467403445,15903199,004780,10829.0,80233.05,0.1349693175069376,320884088.45,4.24164524421593,12.952646239554323,0.8002437898098103,5.776932318782539,5.064456244075364,39.544000000000004,-4.5882352941176485,https://finance.naver.com/item/main.naver?code=004780
제너셈,KOSDAQ,4895.0,64387660095,69.86,1.3,71.0,3826.0,0.81847,6731551120.0,-2471795630.0,-1677558340.0,,27.50173,반도체와반도체장비,9670.0,3965.0,0.0374302072,13153761,217190,35113.0,73991.9,0.4745519441992975,367672839.35,-36.920103092783506,-5.865384615384617,0.9011256637550867,1.8557239937271301,-36.71955521003308,81.84700000000001,-49.379524301964835,https://finance.naver.com/item/main.naver?code=217190
아고스,KOSDAQ,2580.0,64356172740,-3.32,1.53,-756.0,1641.0,0.42544,9158811570.0,-2957014890.0,-3745930360.0,,34.07215,전자제품,5800.0,1752.0,0.0191804501,24944253,175140,44450.0,57294.7,0.775813469657752,127005447.55,-27.52808988764045,-43.10915104740904,1.8431373233475348,-46.06946983546618,-32.286010771155105,42.544,-55.51724137931034,https://finance.naver.com/item/main.naver?code=175140
아우토크립트,KOSDAQ,6590.0,64259030690,-4.67,2.07,-1434.0,3227.0,1.31967,5095237140.0,-4652957430.0,-4927555710.0,,11.42846,자동차부품,22750.0,5120.0,0.0233076823,9750991,331740,8534.0,32159.4,0.26536564736904295,201058765.25,-51.076466221232366,-58.889582033686835,1.7847658849356642,-44.43755810350171,-91.3197423820003,131.96699999999998,-71.03296703296704,https://finance.naver.com/item/main.naver?code=331740
푸드웰,KOSDAQ,6420.0,64200000000,5.83,0.59,1094.0,10889.0,1.09206,85109653050.0,5845909990.0,4056579200.0,,32.75937,식품,10220.0,5440.0,0.0365771,10000000,005670,6149.0,18964.15,0.32424337499967043,116950500.0,-6.140350877192979,3.049759229534521,0.9116675411236463,10.04683625677289,6.868680320627861,109.206,-37.18199608610567,https://finance.naver.com/item/main.naver?code=005670
케이엘넷,KOSDAQ,2795.0,64136848230,6.17,0.86,449.0,3233.0,0.14693,11385618950.0,2324102200.0,2628821990.0,,32.17663,IT서비스,3260.0,2420.0,0.0997995642,22946994,039420,18840.0,42808.85,0.4400959147466003,112678702.95,-9.253246753246758,-1.9298245614035037,1.8044866890841498,13.888029693782864,20.41261182379549,14.693000000000001,-14.26380368098159,https://finance.naver.com/item/main.naver?code=039420
FSN,KOSDAQ,1416.0,64080492360,-2.9,0.98,-475.0,1408.0,2.20181,59267679460.0,1888466730.0,-131595200.0,,21.51394,양방향미디어와서비스,3955.0,1198.0,0.0,45254585,214270,308360.0,93810.1,3.2870661048224017,125468378.4,-22.155030236393625,-26.134585289514867,3.2870661048224017,-33.73579545454545,3.1863348577271933,220.181,-64.19721871049305,https://finance.naver.com/item/main.naver?code=214270
삼륭물산,KOSDAQ,4300.0,63747500000,10.48,1.11,408.0,3863.0,0.80582,23947109740.0,677528590.0,543801350.0,,16.65708,포장재,11950.0,3545.0,0.016845059,14825000,014970,21886.0,273224.0,0.08010277281644365,1331596343.0,-34.84848484848485,-39.52180028129395,0.2641422422627588,10.56173958063681,2.8292708279040943,80.582,-64.01673640167364,https://finance.naver.com/item/main.naver?code=014970
무림페이퍼,KOSPI,1532.0,63745462920,-4.15,0.15,-369.0,10373.0,2.82676,307389569340.0,159306980.0,-7767272340.0,,-6.0397,종이와목재,2685.0,1256.0,0.0197746129,41609310,009200,33528.0,46193.35,0.7258187596266562,66646078.9,-18.467269824374664,-19.874476987447697,0.8891756064455165,-3.557312252964427,0.05182575984671504,282.67600000000004,-42.94227188081937,https://finance.naver.com/item/main.naver?code=009200
레뷰코퍼레이션,KOSDAQ,5870.0,63453625790,12.22,1.34,478.0,4348.0,0.71442,13273348100.0,1284349240.0,1510110870.0,,21.51394,양방향미디어와서비스,12280.0,4650.0,0.013565447,10809817,443250,4430.0,11992.85,0.3693867596109348,66949370.5,-18.131101813110185,-45.59777571825765,0.8416681606123648,10.993560257589696,9.67615126435206,71.44200000000001,-52.19869706840391,https://finance.naver.com/item/main.naver?code=443250
엠엑스로보틱스,KOSDAQ,3175.0,63607778550,-7.92,1.22,-415.0,2686.0,1.27308,25814282680.0,-1144067260.0,194406150.0,,173.4423,기계,7580.0,2475.0,0.0329120883,20033946,007820,29133.0,72548.95,0.4015633582567356,204025368.15,-44.78260869565217,-45.35283993115319,1.1728219360859118,-15.45048399106478,-4.431915750602604,127.30799999999999,-58.11345646437995,https://finance.naver.com/item/main.naver?code=007820
스마트레이더시스템,KOSDAQ,3845.0,63385247950,-20.13,3.28,-189.0,1160.0,0.94983,1463696090.0,-1474448190.0,-1737808170.0,,11.42846,자동차부품,10300.0,2755.0,0.0358871127,16485110,424960,20679.0,37227.65,0.5554742241317945,127401097.9,-44.35600578871202,-55.23864959254947,0.8164630321817251,-16.29310344827586,-100.7345855518409,94.98299999999999,-62.66990291262135,https://finance.naver.com/item/main.naver?code=424960
국순당,KOSDAQ,3545.0,63307687680,8.88,0.23,397.0,15068.0,0.0805,17461542620.0,35387350.0,1052736170.0,,17.23181,음료,5110.0,3115.0,0.0154378042,17858304,043650,33186.0,53554.5,0.6196678150295494,192554490.9,-11.59600997506235,-11.26408010012515,1.124368633821621,2.6347225909211573,0.2026587843359741,8.05,-30.626223091976513,https://finance.naver.com/item/main.naver?code=043650
유엔젤,KOSPI,4975.0,63159883650,14.14,0.97,353.0,5122.0,0.23464,17720796640.0,201649880.0,1718616190.0,,32.17663,IT서비스,6700.0,4160.0,0.0433581186,12695454,072130,21625.0,47276.15,0.4574188041961962,231481940.25,2.8955532574974185,6.874328678839947,0.5939992998583853,6.891839125341663,1.1379278488238438,23.464,-25.74626865671642,https://finance.naver.com/item/main.naver?code=072130
페스카로,KOSDAQ,6400.0,63147072000,21.31,1.03,305.0,6312.0,0.08961,6554660570.0,570675560.0,964675550.0,,11.42846,자동차부품,47000.0,4450.0,0.0340323491,9866730,0015S0,17778.0,26090.75,0.6813909144045304,167600892.75,-54.15472779369628,-72.64957264957265,1.205408046913178,4.832065906210393,8.706409033778542,8.961,-86.38297872340426,https://finance.naver.com/item/main.naver?code=0015S0
오리엔트바이오,KOSPI,1065.0,63145449630,-4.65,0.85,-222.0,1212.0,0.19071,6540634190.0,-259440400.0,-464776570.0,,-69.9395,생물공학,1632.0,745.0,0.0020467183,59291502,002630,1982445.0,554808.65,3.573204923895833,567267015.75,88.49557522123894,88.16254416961131,5.3314291332696415,-18.316831683168317,-3.966593948896567,19.070999999999998,-34.74264705882353,https://finance.naver.com/item/main.naver?code=002630
앤디포스,KOSDAQ,2070.0,63115210800,9.57,0.53,230.0,4190.0,0.22651,12978530250.0,1289068500.0,2064051480.0,,85.22491,핸드셋,4150.0,1537.0,0.0101715816,30490440,238090,37352.0,24238.45,1.5410226313976347,53154100.9,-40.0,19.308357348703176,1.5410226313976347,5.4892601431980905,9.932314947603563,22.651,-50.120481927710834,https://finance.naver.com/item/main.naver?code=238090
지엘팜텍,KOSDAQ,814.0,63124890884,0.0,3.17,0.0,257.0,1.45486,9433733120.0,34628480.0,-119998690.0,,49.64242,제약,1330.0,778.0,0.0093815258,77549006,204840,268818.0,145271.4,1.8504537025181833,121070454.1,-26.929982046678635,-25.25252525252525,5.067232779473454,0.0,0.3670708038855354,145.486,-38.796992481203006,https://finance.naver.com/item/main.naver?code=204840
위메이드플레이,KOSDAQ,6060.0,63030308460,3.31,0.23,1812.0,25565.0,0.18439,32380278730.0,3388864820.0,6149260790.0,,18.81972,게임엔터테인먼트,11630.0,4860.0,0.0383441427,10401041,123420,10276.0,27936.85,0.36782958708658997,164515953.0,-17.32605729877217,-29.534883720930228,0.5349565180039983,7.0878153725796995,10.46582967446865,18.439,-47.89337919174549,https://finance.naver.com/item/main.naver?code=123420
알체라,KOSDAQ,1494.0,62977548618,-21.9,2.61,-69.0,578.0,0.85664,1995528750.0,-4309495710.0,-4623773950.0,,164.30795,소프트웨어,3280.0,1250.0,0.0560772832,42153647,347860,135249.0,276932.05,0.48838334168977554,425626106.9,-35.74193548387097,-26.584766584766584,0.8968806607974773,-11.937716262975778,-215.9575856774802,85.664,-54.45121951219512,https://finance.naver.com/item/main.naver?code=347860
웨이브일렉트로,KOSDAQ,4375.0,62879276250,37.67,1.03,116.0,4249.0,1.00664,15810577930.0,-1134976750.0,-1173990300.0,,42.07756,우주항공과국방,12150.0,3215.0,0.0621373346,14372406,095270,58615.0,62325.3,0.9404687983852464,236869458.95,-43.91025641025641,-7.8947368421052655,1.4741044166654633,2.73005413038362,-7.178591162353546,100.664,-63.991769547325106,https://finance.naver.com/item/main.naver?code=095270
해성옵틱스,KOSDAQ,1059.0,62731114620,-4.58,2.86,-240.0,385.0,4.03427,69497852520.0,703765860.0,3254050020.0,,85.22491,핸드셋,2930.0,485.0,0.006982118,59236180,076610,557134.0,1538117.5,0.36221810102284124,1741405471.35,-53.141592920353986,-38.03393797542422,2.373713321641552,-62.33766233766234,1.01264403788228,403.427,-63.85665529010238,https://finance.naver.com/item/main.naver?code=076610
화천기계,KOSPI,2850.0,62700000000,22.22,0.43,126.0,6446.0,0.28351,46245829610.0,-604349820.0,1125861260.0,,173.4423,기계,6760.0,2450.0,0.0454922727,22000000,010660,88681.0,157591.6,0.5627266935547326,419330883.55,-41.05480868665977,-50.77720207253886,1.2248749298820496,1.9547005895128762,-1.3068201502634909,28.351,-57.84023668639053,https://finance.naver.com/item/main.naver?code=010660
이화공영,KOSDAQ,2215.0,62588831935,16.91,4.03,131.0,550.0,2.29157,13235212920.0,-857716470.0,-130922600.0,,35.15774,건설,2215.0,1616.0,0.0057435714,28256809,001840,,,,,,,,23.81818181818182,-6.480564197829317,229.157,0.0,https://finance.naver.com/item/main.naver?code=001840
셀바이오휴먼텍,KOSDAQ,6700.0,62561337100,6.31,0.99,1059.0,6775.0,0.47697,12747082650.0,1455773850.0,1824508040.0,,42.98944,화장품,11510.0,4960.0,0.0374689706,9337513,318160,17298.0,25965.95,0.66618013205756,157315271.25,-14.212548015364913,-21.72897196261683,2.0991336731373202,15.6309963099631,11.420447250336139,47.697,-41.78974804517811,https://finance.naver.com/item/main.naver?code=318160
휴니드,KOSPI,4430.0,62533946450,-5.76,0.35,-763.0,12438.0,1.13307,21631472540.0,-3270909730.0,-2422688000.0,,42.07756,우주항공과국방,11850.0,3550.0,0.2825847805,14116015,005870,28821.0,54318.4,0.530593684644614,233697180.45,-47.00956937799043,-43.63867684478372,1.0141683112904651,-6.134426756713298,-15.121068267320096,113.307,-62.61603375527427,https://finance.naver.com/item/main.naver?code=005870
삼성출판사,KOSPI,6240.0,62400000000,15.33,0.38,405.0,16404.0,0.19472,10696074710.0,-198213760.0,1977814130.0,,2.40029,출판,18710.0,5500.0,0.0149918,10000000,068290,9277.0,12756.55,0.7272342443685793,79089112.5,-19.999999999999996,-43.324250681198905,0.7908878184148536,2.468910021945867,-1.8531448720593313,19.472,-66.64885088188134,https://finance.naver.com/item/main.naver?code=068290
인크로스,KOSDAQ,5110.0,62334958420,4.89,0.45,993.0,10770.0,0.95771,10455337670.0,1538207400.0,2035383290.0,,11.38111,광고,8240.0,4325.0,0.059605339,12198622,216050,69840.0,30954.25,2.2562329890079713,146800234.55,-21.14197530864198,-26.6857962697274,2.2562329890079713,9.220055710306408,14.712173327635817,95.771,-37.98543689320388,https://finance.naver.com/item/main.naver?code=216050
이오플로우,KOSDAQ,1490.0,62295566450,-1.21,-0.42,-1227.0,-3559.0,-1.21485,97908040.0,-3383823310.0,-9103925790.0,,-35.75178,건강관리장비와용품,1490.0,1490.0,0.2089249459,41809105,294090,,,,,,,,34.475976397864564,-3456.1240425198994,-121.485,0.0,https://finance.naver.com/item/main.naver?code=294090
유니테크노,KOSDAQ,2545.0,62277946770,-18.7,0.44,-131.0,5612.0,0.76679,28407691820.0,1473655900.0,884044830.0,,11.42846,자동차부품,4980.0,2155.0,0.0199447862,24470706,241690,39913.0,48572.45,0.8217209549857997,118181116.15,-32.40371845949536,-38.228155339805824,0.8391999991764879,-2.3342836778332146,5.187524242861911,76.679,-48.895582329317264,https://finance.naver.com/item/main.naver?code=241690
엔시스,KOSDAQ,5650.0,62138191500,-8.35,1.1,-654.0,4968.0,0.90491,11414972580.0,-1647283990.0,-1029591240.0,,229.76836,전자장비와기기,8450.0,4630.0,0.0125287441,10997910,333620,19882.0,10107.45,1.9670638984115676,52718271.75,-20.97902097902098,-16.666666666666664,1.9670638984115676,-13.16425120772947,-14.430906237008237,90.491,-33.13609467455622,https://finance.naver.com/item/main.naver?code=333620
엔비알모션,KOSDAQ,5640.0,62098565760,-4.06,1.74,-1415.0,3306.0,1.38289,15079231800.0,-1227732160.0,-1994002300.0,,173.4423,기계,29700.0,4445.0,0.0833328792,11010384,0004V0,89192.0,243657.1,0.3660554114778514,1360505993.2,-71.06208311954849,-71.94029850746269,1.0458591192294417,-42.80096793708409,-8.141874707437019,138.289,-81.01010101010101,https://finance.naver.com/item/main.naver?code=0004V0
티에스아이,KOSDAQ,3125.0,62010037500,50.16,0.6,61.0,5136.0,1.46299,50879877580.0,3801531590.0,9076264600.0,,229.76836,전자장비와기기,6550.0,2345.0,0.0303306239,19843212,277880,11933.0,41512.35,0.2874566243539573,123077621.05,-42.97445255474452,-46.76320272572402,0.9360106088910891,1.1876947040498442,7.471581636616037,146.299,-52.290076335877856,https://finance.naver.com/item/main.naver?code=277880
삼일씨엔에스,KOSPI,4850.0,61749942950,41.11,0.23,117.0,21058.0,0.66082,39953085070.0,1306172940.0,540571550.0,,6.9634,건축자재,11070.0,3990.0,0.0192542429,12731947,004440,7177.0,44508.75,0.16124919257449377,231650211.25,-28.04154302670623,-15.209790209790208,0.4426320667284523,0.555608319878431,3.2692667855598967,66.082,-56.187895212285454,https://finance.naver.com/item/main.naver?code=004440
KNN,KOSDAQ,4680.0,61977108960,5.44,0.27,850.0,17200.0,0.06773,13056785640.0,-86806360.0,6833425790.0,,-1083.31724,방송과엔터테인먼트,8950.0,4415.0,0.0,13242972,058400,10110.0,174839.75,0.05782437918150764,151996725.25,514.9802890932983,565.7183499288763,0.28168651579517817,4.941860465116279,-0.6648371382774727,6.773,-47.70949720670391,https://finance.naver.com/item/main.naver?code=058400
제이엔케이글로벌,KOSDAQ,2665.0,61841066495,20.99,0.39,126.0,6844.0,0.93004,52041028010.0,579008180.0,2478944850.0,,-116.68055,석유와가스,5520.0,2255.0,0.0338194906,23204903,126880,36985.0,62256.25,0.5940768999096476,166208395.25,-25.350140056022408,-28.647925033467203,1.1273727537395843,1.8410286382232612,1.1125994280680622,93.00399999999999,-51.721014492753625,https://finance.naver.com/item/main.naver?code=126880
인벤테라,KOSDAQ,7840.0,61667197760,-6.6,3.72,-1210.0,2145.0,0.03332,,-1907127090.0,-1819216130.0,,49.64242,제약,60200.0,6090.0,0.0487569215,7865714,0007J0,24582.0,27003.85,0.9103146403198062,198210177.75,-58.29787234042554,-77.75886524822695,0.9103146403198062,-56.41025641025641,,3.3320000000000003,-86.9767441860465,https://finance.naver.com/item/main.naver?code=0007J0
트루엔,KOSDAQ,5890.0,61658822990,4.99,0.55,1156.0,10450.0,0.04973,7818498440.0,1678724390.0,1642423880.0,,229.76836,전자장비와기기,9420.0,5100.0,0.0376540196,10468391,417790,12311.0,15327.6,0.8031916281740129,86446188.5,-21.779548472775566,-26.282853566958696,0.8031916281740129,11.062200956937799,21.47118660805156,4.973000000000001,-37.47346072186837,https://finance.naver.com/item/main.naver?code=417790
와이어블,KOSDAQ,1288.0,61616321592,13.52,0.79,95.0,1631.0,0.78304,11953602560.0,1332624660.0,1050448150.0,,29.06502,무선통신서비스,3300.0,1003.0,0.0132170235,47838759,065530,99095.0,195839.05,0.5060022503172886,226723955.0,-37.017114914425434,-4.592592592592593,1.7767345174519587,5.824647455548743,11.148309920051416,78.304,-60.96969696969696,https://finance.naver.com/item/main.naver?code=065530
고바이오랩,KOSDAQ,3165.0,61460783685,-9.83,1.94,-326.0,1653.0,0.93246,19218333060.0,-2670414090.0,-195201510.0,,-13.88903,건강관리업체및서비스,8730.0,2310.0,0.0285436,19418889,348150,27050.0,32281.85,0.8379321507286602,96235833.2,-32.94491525423729,-44.47368421052632,0.8379321507286602,-19.72171808832426,-13.895138988708942,93.246,-63.745704467353946,https://finance.naver.com/item/main.naver?code=348150
대원미디어,KOSDAQ,4880.0,61385256480,10.51,0.56,454.0,8448.0,0.83343,102529879190.0,1948891780.0,1272007510.0,,-1083.31724,방송과엔터테인먼트,10970.0,3800.0,0.0353190164,12578946,048910,28719.0,27538.65,1.042861578181937,123935213.8,-29.17271407837445,-36.95090439276486,1.223407828633575,5.37405303030303,1.9008037416960892,83.343,-55.51504102096627,https://finance.naver.com/item/main.naver?code=048910
이글루,KOSDAQ,5580.0,61358344020,-1380.0,0.76,-4.0,7266.0,0.3384,38939910550.0,-3182623400.0,-2560825990.0,,32.17663,IT서비스,8700.0,4600.0,0.050766093,10996119,067920,12333.0,53240.75,0.23164587275723952,283735550.7,-13.219284603421466,4.299065420560755,10.080924855491329,-0.055050922102945224,-8.17316566742858,33.839999999999996,-35.862068965517246,https://finance.naver.com/item/main.naver?code=067920
우리산업,KOSDAQ,6700.0,61185492100,4.26,0.5,1536.0,13224.0,1.96127,119853659720.0,4279590410.0,4394714800.0,,11.42846,자동차부품,10400.0,5610.0,0.0319767617,9132163,215360,21268.0,11180.95,1.9021639485016926,69386118.25,-25.96685082872928,-23.253150057273764,1.9021639485016926,11.61524500907441,3.5706797940070443,196.127,-35.57692307692307,https://finance.naver.com/item/main.naver?code=215360
피엠티,KOSDAQ,3045.0,60900000000,-1.84,4.66,-1698.0,670.0,4.99589,15874520770.0,162042350.0,1269937950.0,,27.50173,반도체와반도체장비,9920.0,1876.5,0.02967345,20000000,147760,80385.0,177258.55,0.45349011373499337,607767945.4,-55.22058823529412,-15.062761506276146,0.792627492439716,-253.43283582089552,1.0207700273146576,499.589,-69.30443548387098,https://finance.naver.com/item/main.naver?code=147760
하이스틸,KOSPI,3015.0,60877285065,-13.39,0.43,-227.0,7121.0,0.87798,54905169870.0,1766243620.0,2223211190.0,,41.57565,철강,5680.0,2355.0,0.0264834593,20191471,071090,3121776.0,110926.45,28.142755853090044,319935539.6,-24.906600249066003,-20.238095238095234,28.142755853090044,-3.187754528858307,3.2168985619787134,87.798,-46.91901408450704,https://finance.naver.com/item/main.naver?code=071090
호전실업,KOSPI,6710.0,60832860000,4.69,0.31,1416.0,21402.0,1.44971,89200812250.0,-1434462310.0,585066110.0,,9.96468,"섬유,의류,신발,호화품",8840.0,6100.0,0.0203562762,9066000,111110,5669.0,9003.4,0.6296510207255037,59311812.25,-10.533333333333328,-13.64221364221364,2.257369438212231,6.616204093075413,-1.6081269596286665,144.971,-24.095022624434392,https://finance.naver.com/item/main.naver?code=111110
다이나믹솔루션,KOSDAQ,1420.0,60829800960,-3.05,1.08,-496.0,1408.0,0.44525,3126423680.0,-3071041480.0,-5848670210.0,,-35.75178,건강관리장비와용품,3512.0,1200.0,0.0,42837888,290660,515736.0,771765.2,0.6682550599586506,1237470756.5,35.62559694364853,113.85542168674698,1.074572940060008,-35.22727272727273,-98.22857662081167,44.525,-59.56719817767654,https://finance.naver.com/item/main.naver?code=290660
브이원텍,KOSDAQ,3800.0,60582966800,-6.21,0.56,-614.0,6767.0,0.53092,18917843230.0,-4807178080.0,-3283275560.0,,173.4423,기계,11000.0,3120.0,0.0162224079,15942886,251630,15418.0,38122.9,0.4044288341128298,131269218.1,-36.34840871021775,-50.96774193548388,1.2182179215117421,-9.073444657898627,-25.41081465553513,53.09199999999999,-65.45454545454545,https://finance.naver.com/item/main.naver?code=251630
샌즈랩,KOSDAQ,3980.0,60765199240,-113.61,1.16,-36.0,3538.0,0.03816,1827213980.0,-1009376740.0,-637541220.0,,164.30795,소프트웨어,10360.0,2965.0,0.0319133189,15267638,411080,32383.0,55765.3,0.5807016191072225,210280227.35,-46.216216216216225,-47.4934036939314,3.626197653379431,-1.0175240248728095,-55.241299106084995,3.816,-61.58301158301158,https://finance.naver.com/item/main.naver?code=411080
SGC E&C,KOSDAQ,12000.0,60443832000,-0.6,0.19,-18934.0,61780.0,3.24979,317855250310.0,17897795260.0,6138450000.0,,35.15774,건설,21750.0,9910.0,0.0164965716,5036986,016250,8314.0,6885.35,1.207491267691548,78239529.75,-21.97659297789337,-20.318725099601597,1.3162729563493503,-30.64745872450631,5.630800574332032,324.979,-44.827586206896555,https://finance.naver.com/item/main.naver?code=016250
제이투케이바이오,KOSDAQ,10330.0,60404499390,22.33,1.77,459.0,5775.0,0.21086,11125552390.0,1914837070.0,1594738980.0,,42.98944,화장품,11850.0,6710.0,0.0209536308,5847483,420570,39318.0,32316.85,1.2166408545387315,286389713.5,29.125,21.67255594817432,1.3817250134217909,7.9480519480519485,17.211164020234325,21.086,-12.827004219409288,https://finance.naver.com/item/main.naver?code=420570
코스리거글로벌,KOSDAQ,3485.0,60334069470,-6.71,1.66,-510.0,2065.0,5.7505,39523892250.0,1545160010.0,-2892718070.0,,-13.88903,건강관리업체및서비스,5725.0,2555.0,0.0025642163,17312502,043710,1579.0,7530.65,0.20967645555164563,22832960.75,-12.437185929648242,282.54665203073546,0.7225139928160252,-24.69733656174334,3.909432806431153,575.05,-39.12663755458515,https://finance.naver.com/item/main.naver?code=043710
원일티엔아이,KOSDAQ,7180.0,60175795400,-27.2,1.21,-261.0,5853.0,0.45428,3988445920.0,-2014090330.0,-1373807220.0,,-34.90219,에너지장비및서비스,29150.0,5400.0,0.0110445852,8381030,136150,5037.0,17047.5,0.295468543774747,121392393.0,-54.98432601880878,-64.27860696517413,0.6432028156621206,-4.459251665812404,-50.4981230885036,45.428000000000004,-75.36878216123499,https://finance.naver.com/item/main.naver?code=136150
엔젯,KOSDAQ,5540.0,60229866180,-7.18,1.5,-720.0,3449.0,0.463,4365462540.0,-1361299090.0,-1117419570.0,,15.48254,디스플레이장비및부품,12800.0,3000.0,0.0,10871817,419080,52894.0,44096.85,1.1994961091325118,184169274.5,6.538461538461537,-36.757990867579906,1.1994961091325118,-20.87561612061467,-31.183387270573164,46.300000000000004,-56.71874999999999,https://finance.naver.com/item/main.naver?code=419080
보락,KOSPI,1003.0,60079700000,25.36,1.21,39.0,814.0,0.19517,11206671010.0,557322020.0,542935280.0,,32.75937,식품,1527.0,814.0,0.0385599165,59900000,002760,103770.0,135712.75,0.7646297050203463,133411554.0,-1.2795275590551158,-10.923623445825935,0.7646297050203463,4.791154791154791,4.973127340873015,19.517,-34.31565160445318,https://finance.naver.com/item/main.naver?code=002760
에이프로젠,KOSPI,2540.0,59931129820,-0.74,0.34,-3540.0,7695.0,0.61673,36292222640.0,-20604439860.0,-28122518100.0,,49.64242,제약,7800.0,280.0,0.0,23594933,007460,58106.0,112315.1,0.5173480680692089,257982689.6,-51.153846153846146,259.2644978783593,1.0808876099473712,-46.00389863547758,-56.77370621354703,61.673,-67.43589743589745,https://finance.naver.com/item/main.naver?code=007460
오픈베이스,KOSDAQ,1900.0,59702527700,7.13,0.6,266.0,3142.0,0.97641,58214464280.0,308971360.0,1806856810.0,,17.98164,컴퓨터와주변기기,4195.0,1521.0,0.0529241846,31422383,049480,91716.0,870442.7,0.10536707355923601,1751559301.5,-34.2560553633218,-21.325051759834366,0.2841094537296941,8.465945257797582,0.5307467204609307,97.641,-54.70798569725864,https://finance.naver.com/item/main.naver?code=049480
에스엠씨지,KOSDAQ,2985.0,59918812440,39.32,1.34,73.0,2138.0,0.75674,15040987770.0,1356796150.0,936775430.0,,16.65708,포장재,8120.0,1790.0,0.026201566,20073304,460870,89489.0,119786.7,0.7470695828501829,323431536.65,-12.463343108504398,-19.324324324324326,1.173502567480363,3.4144059869036485,9.020658554793838,75.67399999999999,-63.23891625615763,https://finance.naver.com/item/main.naver?code=460870
코리아나,KOSDAQ,1490.0,59600000000,-5.96,0.57,-249.0,2600.0,0.19709,18616430920.0,-465388860.0,215268450.0,,42.98944,화장품,3055.0,1150.0,0.0379189,40000000,027050,120171.0,84251.5,1.4263366230868293,114165032.4,-19.849381387842925,-32.426303854875286,1.9181142175510228,-9.576923076923077,-2.49988229215313,19.709,-51.22749590834697,https://finance.naver.com/item/main.naver?code=027050
머큐리,KOSDAQ,3475.0,59559918875,-22.84,0.38,-148.0,8897.0,0.29458,26015545810.0,-1165466980.0,1335237360.0,,-246.63174,통신장비,12750.0,2480.0,0.068627201,17139545,100590,236821.0,187509.15,1.2629836997287867,620587588.05,-64.06411582213029,2.2058823529411686,3.59178205436908,-1.6634820726087445,-4.479886712782368,29.458000000000002,-72.74509803921569,https://finance.naver.com/item/main.naver?code=100590
코츠테크놀로지,KOSDAQ,11250.0,59459535000,7.01,0.96,1627.0,11871.0,1.21289,16925155310.0,1365947330.0,1526531780.0,,42.07756,우주항공과국방,26000.0,9250.0,0.0435680753,5285292,448710,13991.0,54477.7,0.25682068075561193,593326629.75,-42.27809132888661,-40.476190476190474,0.4221727422413208,13.705669278072612,8.070515779509263,121.289,-56.730769230769226,https://finance.naver.com/item/main.naver?code=448710
에이에스텍,KOSDAQ,9200.0,59288691600,24.08,0.88,382.0,10500.0,0.68269,4588100470.0,-1734461840.0,-1884294690.0,,42.98944,화장품,22900.0,8290.0,0.135808745,6444423,453860,6906.0,11092.75,0.6225687949336278,103263900.75,-32.69934162399415,-43.27990135635018,1.0691667981339164,3.638095238095238,-37.80348428158985,68.269,-59.82532751091703,https://finance.naver.com/item/main.naver?code=453860
부방,KOSDAQ,988.0,59331632880,22.63,0.3,43.0,3207.0,0.42819,80958720230.0,921202860.0,903939330.0,,11.80476,가정용기기와용품,1597.0,750.0,0.0152961604,60052260,014470,49211.0,188219.05,0.261456000335779,173438047.15,-22.63116679718089,-25.037936267071327,3.2448203303544463,1.3408169628936701,1.1378673691764212,42.819,-38.13400125234815,https://finance.naver.com/item/main.naver?code=014470
내츄럴엔도텍,KOSDAQ,1865.0,59222888500,-18.5,2.49,-102.0,759.0,0.54051,5701541660.0,-70159180.0,-69436380.0,,42.98944,화장품,4100.0,1668.0,0.0128714624,31754900,168330,5526.0,19211.85,0.28763497528868903,34368011.1,-21.141649048625787,-33.392857142857146,1.2250251797718597,-13.438735177865613,-1.2305299896730035,54.051,-54.51219512195122,https://finance.naver.com/item/main.naver?code=168330
써니전자,KOSPI,1668.0,59226406584,16.77,0.71,101.0,2388.0,0.02762,3067309590.0,446225780.0,1162227950.0,,229.76836,전자장비와기기,2045.0,1418.0,0.0570443297,35507438,004770,129218.0,217739.25,0.5934529488826659,354562280.35,-1.1262596324836949,0.9074410163339319,1.1598092672772593,4.2294807370184255,14.547790723661514,2.762,-18.435207823960877,https://finance.naver.com/item/main.naver?code=004770
알파칩스,KOSDAQ,8860.0,59023034120,-37.17,1.4,-240.0,6356.0,0.36185,19678128070.0,-472455940.0,-94428860.0,,27.50173,반도체와반도체장비,21300.0,6100.0,0.011823484,6661742,117670,3081.0,13230.3,0.2328745379923358,115699004.25,-51.425438596491226,-43.38658146964857,0.7401948557477911,-3.775959723096287,-2.400919123604423,36.185,-58.40375586854461,https://finance.naver.com/item/main.naver?code=117670
나래나노텍,KOSDAQ,5490.0,58797620010,1.51,0.52,3613.0,10520.0,0.16216,17278271500.0,659665530.0,13182336210.0,,15.48254,디스플레이장비및부품,6240.0,2860.0,0.0161886859,10709949,137080,6228.0,25152.55,0.24760908933686646,133006917.5,-1.4362657091561926,29.63400236127509,0.4914809830414809,34.344106463878326,3.817890753713414,16.216,-12.01923076923077,https://finance.naver.com/item/main.naver?code=137080
팬스타엔터프라이즈,KOSDAQ,1019.0,58970492955,-31.63,0.66,-32.0,1540.0,0.69072,13458740910.0,232952500.0,830270140.0,,10.30001,해운사,2222.0,680.0,0.0107051647,57870945,054300,118998.0,103415.35,1.1506802423431337,98259615.95,1.3930348258706537,47.04184704184704,3.491309558977463,-2.0779220779220777,1.7308639906048984,69.072,-54.14041404140414,https://finance.naver.com/item/main.naver?code=054300
남화산업,KOSDAQ,2845.0,58572860000,8.95,0.32,324.0,9175.0,0.09328,1987642730.0,-459212610.0,-178470770.0,,13.58287,"호텔,레스토랑,레저",7820.0,2600.0,0.010047892,20588000,111710,65528.0,248002.1,0.2642235690746167,863650844.05,-25.52356020942408,-31.8562874251497,0.5070602224739226,3.5313351498637604,-23.103377838933863,9.328,-63.61892583120204,https://finance.naver.com/item/main.naver?code=111710
원풍,KOSDAQ,4875.0,58500000000,7.54,0.55,646.0,8872.0,0.1831,23300509360.0,3224395300.0,3772209550.0,,-30.06008,화학,5740.0,4360.0,0.01326375,12000000,008370,881.0,3181.45,0.2769177576262396,15326914.45,-5.523255813953487,1.5625,2.2382875732763363,7.281334535617674,13.838303919378353,18.310000000000002,-15.06968641114983,https://finance.naver.com/item/main.naver?code=008370
참좋은여행,KOSDAQ,4175.0,58450000000,5.19,0.57,807.0,7354.0,0.67323,21057815890.0,1128884870.0,3060323720.0,,13.58287,"호텔,레스토랑,레저",7770.0,3920.0,0.0298787143,14000000,094850,14155.0,24181.05,0.5853757384398114,102966143.6,-18.93203883495146,-28.01724137931034,0.9497519752037236,10.973619798748981,5.360882989465628,67.323,-46.267696267696266,https://finance.naver.com/item/main.naver?code=094850
누리플렉스,KOSDAQ,4840.0,58348789400,-9.58,0.88,-578.0,6261.0,1.16198,15016331490.0,-3226815740.0,584087710.0,,32.17663,IT서비스,19350.0,2855.0,0.2833004923,12055535,040160,110504.0,40242.5,2.7459526619867054,207276572.0,-71.92575406032482,32.60273972602741,4.731490339814872,-9.231752116275356,-21.488708757853882,116.19800000000001,-74.98708010335918,https://finance.naver.com/item/main.naver?code=040160
에이비온,KOSDAQ,647.0,58295543688,-1.44,0.82,-434.0,759.0,0.19302,574247560.0,-6544703900.0,-6577181940.0,,49.64242,제약,4510.0,570.0,0.0563385076,90101304,203400,764129.0,758514.0,1.0074026319883351,528226661.45,-70.5909090909091,-82.27397260273972,1.9960198493369932,-57.180500658761524,-1139.7007764386497,19.302,-85.65410199556541,https://finance.naver.com/item/main.naver?code=203400
유유제약,KOSPI,3700.0,58265609400,7.46,0.52,492.0,7069.0,0.45402,35541599770.0,4302899120.0,3351641650.0,,49.64242,제약,5100.0,3320.0,0.0304082652,15747462,000220,37297.0,61247.65,0.6089539761933723,220855642.55,-7.730673316708225,-18.681318681318682,0.8164721421964761,6.959966048946102,12.106655715683335,45.402,-27.450980392156865,https://finance.naver.com/item/main.naver?code=000220
DGI,KOSDAQ,1284.0,58141862016,-17.59,2.52,-73.0,509.0,0.23308,7366268190.0,-476162520.0,-210703020.0,,-246.63174,통신장비,1284.0,1284.0,0.0092917414,45281824,099520,,,,,,,,-14.341846758349705,-6.464094270235904,23.308,0.0,https://finance.naver.com/item/main.naver?code=099520
레이저쎌,KOSDAQ,3980.0,58120111140,-2.18,2.73,-1837.0,1467.0,1.27634,1194005700.0,-1705432520.0,-1700261250.0,,27.50173,반도체와반도체장비,14640.0,1573.0,0.0337520748,14603043,412350,138094.0,683133.4,0.20214792601269385,3275722026.2,-49.49238578680203,85.54778554778555,0.6304654405713437,-125.22154055896387,-142.8328625231856,127.634,-72.81420765027322,https://finance.naver.com/item/main.naver?code=412350
와이엠씨,KOSDAQ,3060.0,58061535480,41.07,0.48,75.0,6461.0,0.46002,47095519970.0,1100515020.0,1592798200.0,,15.48254,디스플레이장비및부품,5130.0,2480.0,0.0442555685,18974358,155650,10087.0,38149.85,0.2644047093238899,107586645.75,-35.031847133757964,-20.827943078913325,3.380904512075408,1.1608110199659496,2.3367722040249936,46.001999999999995,-40.35087719298246,https://finance.naver.com/item/main.naver?code=155650
블루엠텍,KOSDAQ,1714.0,58012981558,-12.76,1.29,-134.0,1325.0,1.38555,44036142910.0,-742736280.0,2642237000.0,,-13.88903,건강관리업체및서비스,6870.0,1341.0,0.0434665019,33846547,439580,38619.0,90372.6,0.4273308502798414,148313240.55,-41.20068610634648,-63.60934182590234,0.8924054414723046,-10.11320754716981,-1.6866515342135808,138.555,-75.0509461426492,https://finance.naver.com/item/main.naver?code=439580
압타머사이언스,KOSDAQ,950.0,57987279900,-3.44,1.38,-276.0,686.0,0.71754,706941700.0,-1487726530.0,-2362020630.0,,-35.33202,생명과학도구및서비스,1998.0,675.0,0.2038870011,61039242,291650,224855.0,152631.55,1.473188210432247,132523696.9,-45.74528840662479,-23.63344051446945,1.9515296804625257,-40.2332361516035,-210.44543418502545,71.75399999999999,-52.45245245245245,https://finance.naver.com/item/main.naver?code=291650
SCL사이언스,KOSDAQ,1698.0,57760945806,-13.88,2.32,-120.0,719.0,2.43955,7660764980.0,-647653830.0,-993644410.0,,-13.88903,건강관리업체및서비스,3250.0,1389.0,0.0057896266,34017047,246960,89483.0,79324.4,1.1280640004840883,128079799.05,-7.364975450081834,-26.652267818574515,2.934166536399897,-16.689847009735743,-8.454166544605314,243.955,-47.753846153846155,https://finance.naver.com/item/main.naver?code=246960
퀀텀레일,KOSDAQ,1629.0,57869783541,106.94,1.25,16.0,1365.0,0.9535,1620927770.0,-1928022130.0,-4821579840.0,,85.22491,핸드셋,3580.0,1150.0,0.0444047863,35524729,070300,304811.0,297417.4,1.0248593390971745,494185291.85,-30.680851063829785,-6.540447504302927,1.3962666609283787,1.1721611721611722,-118.94559188161729,95.35,-54.497206703910614,https://finance.naver.com/item/main.naver?code=070300
알에프텍,KOSDAQ,6380.0,57727662740,-1.46,0.21,-4492.0,30621.0,1.05288,67482908290.0,-7312884540.0,-12780828770.0,,85.22491,핸드셋,15407.95,5400.0,0.0,9048223,061040,13150.0,14920.75,0.8813229897960894,99218551.0,196.05568445475637,227.68361581920905,6.093929594691956,-14.66967114072042,-10.83664697522182,105.28800000000001,-58.59280436398093,https://finance.naver.com/item/main.naver?code=061040
덕우전자,KOSDAQ,3605.0,57428767550,8.23,0.54,434.0,6629.0,0.7574,51866904830.0,1473614020.0,17105568640.0,,85.22491,핸드셋,6880.0,2810.0,0.0305336808,15930310,263600,18795.0,32614.25,0.5762818399932544,102179403.05,-39.916666666666664,-27.900000000000002,1.3060242072100385,6.546990496304119,2.841145090168667,75.74,-47.60174418604651,https://finance.naver.com/item/main.naver?code=263600
디알젬,KOSDAQ,5070.0,57420842700,8.04,0.59,622.0,8454.0,0.36157,27328479450.0,2738170310.0,3982128200.0,,-35.75178,건강관리장비와용품,7120.0,4605.0,0.1573313049,11325610,263690,3284.0,15667.4,0.20960720987528245,77570991.75,-9.302325581395355,-7.650273224043714,1.0701839488364375,7.357463922403595,10.019475525558374,36.157000000000004,-28.792134831460668,https://finance.naver.com/item/main.naver?code=263690
인터지스,KOSPI,1929.0,57383648946,5.49,0.18,348.0,10387.0,0.76463,194535727120.0,3478871460.0,2901328410.0,,10.30001,해운사,2930.0,1795.0,0.061279438,29747874,129260,19081.0,26794.35,0.7121277433488777,51274782.8,-16.673866090712743,-20.61728395061728,1.066008318917981,3.35034177337056,1.7882943721972708,76.46300000000001,-34.16382252559727,https://finance.naver.com/item/main.naver?code=129260
대주산업,KOSDAQ,1617.0,57229429950,8.43,0.51,191.0,3160.0,0.30861,24987373470.0,1965318490.0,1579560910.0,,32.75937,식품,6090.0,1355.0,0.0968881128,35392350,003310,223313.0,1402855.9,0.15918456058102617,2462630762.7,-47.15686274509804,-61.31578947368421,0.23188055166606922,6.044303797468355,7.865246390780422,30.861,-73.44827586206897,https://finance.naver.com/item/main.naver?code=003310
새론오토모티브,KOSPI,2980.0,57216000000,-110.74,0.23,-27.0,12758.0,0.12562,36117137780.0,-1730142480.0,3539438930.0,,11.42846,자동차부품,3650.0,2615.0,0.6597788542,19200000,075180,29475.0,15852.85,1.8592871313360058,45981610.75,2.758620689655178,-4.792332268370602,1.86477510353028,-0.21163191722840569,-4.7903643155191356,12.562000000000001,-18.356164383561648,https://finance.naver.com/item/main.naver?code=075180
오리콤,KOSDAQ,4770.0,57120988500,7.14,0.43,666.0,11173.0,0.77149,50299384380.0,1500252800.0,1079361090.0,,11.38111,광고,6910.0,4255.0,0.0410751521,11975050,010470,7522.0,10132.55,0.7423600179619149,47603249.15,-15.724381625441698,-18.181818181818176,0.8415453168254784,5.9607983531728275,2.9826464448668863,77.149,-30.969609261939222,https://finance.naver.com/item/main.naver?code=010470
삼기,KOSDAQ,1492.0,57202426576,-8.77,0.58,-175.0,2656.0,3.3345,148578965910.0,-3735186040.0,-5854287220.0,,11.42846,자동차부품,2345.0,836.0,0.0114110727,38339428,122350,2473848.0,5418398.65,0.45656441317768304,9881565156.6,12.349397590361445,-16.787506971556056,2.978988819879467,-6.588855421686747,-2.513939989501977,333.45,-36.375266524520256,https://finance.naver.com/item/main.naver?code=122350
오텍,KOSDAQ,2080.0,57116346560,-4.76,0.45,-431.0,4600.0,3.46647,163014417600.0,-4180124350.0,-11669681810.0,,173.4423,기계,5200.0,1650.0,0.0115440829,27459782,067170,111940.0,598571.35,0.18701195772233337,1492187810.3,-46.93877551020408,6.72139558748075,0.8039993895464593,-9.369565217391305,-2.564266652939292,346.647,-60.0,https://finance.naver.com/item/main.naver?code=067170
태양,KOSDAQ,6620.0,56932000000,4.41,0.27,1489.0,24397.0,0.17717,36781462410.0,2485731350.0,8619309860.0,,6.29329,가정용품,7470.0,5910.0,0.0118063953,8600000,053620,3187.0,4825.5,0.6604496943321936,31191828.75,-6.760563380281692,2.954898911353032,1.5718578385659516,6.103209410993156,6.758109077588467,17.717,-11.378848728246316,https://finance.naver.com/item/main.naver?code=053620
일신석재,KOSPI,735.0,56930608350,-81.78,0.97,-9.0,758.0,0.56805,12399898370.0,101358360.0,32297240.0,,6.9634,건축자재,2530.0,630.0,0.0518904971,77456610,007110,207001.0,365733.45,0.5659887002405714,293200966.45,-51.22760451227604,-54.17705735660847,0.8848766772631816,-1.1873350923482848,0.8174128285214325,56.80500000000001,-70.94861660079052,https://finance.naver.com/item/main.naver?code=007110
위츠,KOSDAQ,4225.0,56894272500,27.47,1.24,152.0,3373.0,2.48831,54906391380.0,1496961460.0,2505174710.0,,85.22491,핸드셋,9290.0,3050.0,0.0480268229,13466100,459100,8770.0,22269.05,0.39382012254676335,86130267.15,-37.684365781710916,-38.59011627906976,1.3073750339596886,4.506374147643047,2.726388353661278,248.831,-54.52099031216362,https://finance.naver.com/item/main.naver?code=459100
다원넥스뷰,KOSDAQ,7100.0,56876481200,16.82,3.11,434.0,2351.0,0.7967,3163896270.0,633838920.0,847413420.0,,27.50173,반도체와반도체장비,28100.0,4960.0,0.0813773005,8010772,323350,23848.0,44437.85,0.5366596268721372,331504549.0,-68.23266219239373,-19.864559819413095,1.5807695466814888,18.460229689493833,20.033492438107018,79.67,-74.73309608540926,https://finance.naver.com/item/main.naver?code=323350
코렌텍,KOSDAQ,4230.0,56713344300,8.64,0.72,489.0,5844.0,0.77364,24575620580.0,885693690.0,1150772870.0,,-35.75178,건강관리장비와용품,7440.0,3385.0,0.0365625427,13407410,104540,21960.0,17327.4,1.2673569029398524,68136122.55,-16.23762376237624,-36.48648648648649,3.4328866419659034,8.367556468172484,3.6039524907085783,77.364,-43.14516129032258,https://finance.naver.com/item/main.naver?code=104540
애드바이오텍,KOSDAQ,2100.0,56595627900,-7.27,2.13,-275.0,937.0,2.13639,3070028430.0,-1061700230.0,-5402340990.0,,49.64242,제약,4385.0,1300.0,0.013147535,26950299,179530,58174.0,96063.0,0.6055817536408399,189417902.0,-22.22222222222222,12.781954887218049,1.934688693877976,-29.34898612593383,-34.58274912457407,213.639,-52.109464082098064,https://finance.naver.com/item/main.naver?code=179530
휴마시스,KOSDAQ,2295.0,56629127295,-3.27,0.24,-690.0,9505.0,0.38513,8924092720.0,-1625600570.0,3257123110.0,,-35.33202,생명과학도구및서비스,7580.0,1898.0,0.0,24675001,205470,41751.0,44348.9,0.9414213204837099,93690293.85,-41.379310344827594,127.90466732869912,1.4060326186218823,-7.259337190952131,-18.215863741048178,38.513,-69.72295514511873,https://finance.naver.com/item/main.naver?code=205470
한켐,KOSDAQ,7010.0,56550609340,8.9,0.86,734.0,7581.0,0.10467,6304108350.0,461458600.0,615827110.0,,15.48254,디스플레이장비및부품,17040.0,5460.0,0.0512145949,8067134,457370,2509889.0,106231.4,23.62662075431558,720466955.5,-19.70217640320733,-23.969631236442513,23.62662075431558,9.682099986809128,7.319966193157197,10.467,-58.86150234741784,https://finance.naver.com/item/main.naver?code=457370
토탈소프트,KOSDAQ,6590.0,56397483600,6.61,1.54,997.0,4272.0,0.49648,7375102190.0,1856124850.0,2567166730.0,,6.55957,운송인프라,9790.0,5580.0,0.0685914064,8558040,045340,22854.0,26787.4,0.8531623076521051,169830641.75,-5.722460658082973,-10.583446404341924,1.0335456221955097,23.338014981273407,25.16744584931643,49.647999999999996,-32.68641470888662,https://finance.naver.com/item/main.naver?code=045340
3S,KOSDAQ,1060.0,56242582400,-5.67,1.19,-195.0,933.0,0.27362,7133055080.0,-1615145220.0,-2167968400.0,,173.4423,기계,2035.0,831.0,0.0252074482,53059040,060310,85123.0,181822.6,0.4681651235874968,191597792.35,-38.01169590643275,-29.19171676686707,1.9762229777816398,-20.90032154340836,-22.643105960707093,27.362,-47.91154791154791,https://finance.naver.com/item/main.naver?code=060310
수산아이앤티,KOSDAQ,8330.0,56235830000,10.71,0.61,774.0,13514.0,0.09717,6626262630.0,461788510.0,1232831200.0,,164.30795,소프트웨어,11200.0,6860.0,0.0134421567,6751000,050960,2453.0,6445.95,0.38054902690836884,51314618.75,-9.45652173913043,-12.315789473684212,0.650951372567271,5.727393813822703,6.969064400032693,9.717,-25.624999999999996,https://finance.naver.com/item/main.naver?code=050960
디와이덕양,KOSPI,1726.0,56207155480,45.24,0.47,38.0,3682.0,4.29772,428060698450.0,2618286070.0,3764637330.0,,11.42846,자동차부품,2600.0,1650.0,0.0197781175,32564980,024900,63491.0,120735.95,0.5258665708101026,211153628.7,-21.18721461187215,-23.796909492273734,0.8071084047460595,1.0320478001086366,0.6116623365519811,429.772,-33.61538461538461,https://finance.naver.com/item/main.naver?code=024900
한패스,KOSDAQ,5310.0,56137320000,5.94,1.2,898.0,4459.0,1.07447,17056441760.0,-746963210.0,652134850.0,,32.17663,IT서비스,47750.0,4420.0,0.047672815,10572000,408470,38924.0,51673.0,0.7532754049503609,274301072.2,-59.18524212144505,-80.4779411764706,1.264761093801405,20.139044628840548,-4.379361302377525,107.447,-88.87958115183247,https://finance.naver.com/item/main.naver?code=408470
코위버,KOSDAQ,5730.0,56135664000,15.22,0.33,379.0,17332.0,0.15773,12410689360.0,-2189280770.0,-1708171380.0,,-246.63174,통신장비,14550.0,4075.0,0.0313227789,9796800,056360,44440.0,79255.95,0.5607149999463763,403784410.2,-48.42484248424842,9.770114942528728,2.0515178986561895,2.1867066697438267,-17.640283359731114,15.773000000000001,-60.61855670103093,https://finance.naver.com/item/main.naver?code=056360
삼화왕관,KOSPI,26050.0,56121572950,11.02,0.42,2345.0,61829.0,0.82244,39334124210.0,1768573220.0,2745588110.0,,16.65708,포장재,36500.0,24100.0,0.0514616973,2154379,004450,2133.0,499.85,4.267280184055217,12611898.75,-5.6159420289855095,-8.916083916083917,5.441632489746924,3.79271862718142,4.496282186322002,82.244,-28.63013698630137,https://finance.naver.com/item/main.naver?code=004450
제이씨현시스템,KOSDAQ,2930.0,56005285760,6.82,0.51,462.0,6135.0,0.39627,74272878520.0,3582757890.0,2812715140.0,,17.98164,컴퓨터와주변기기,5840.0,2435.0,0.0411627194,19114432,033320,288468.0,161283.45,1.7885778113005393,499070158.85,-34.378499440089584,-30.321046373365046,14.003724498700889,7.530562347188265,4.823776809774842,39.627,-49.828767123287676,https://finance.naver.com/item/main.naver?code=033320
평화산업,KOSPI,1019.0,55945401921,3.53,0.89,286.0,1132.0,3.12765,162584204770.0,5100543370.0,8493617100.0,,11.42846,자동차부품,1080.0,787.0,0.0355082111,54902259,090080,279013.0,282739.45,0.9868201978889044,272677158.0,4.298874104401218,3.0333670374115274,1.0108706089652504,25.265017667844525,3.1371702910596335,312.765,-5.648148148148147,https://finance.naver.com/item/main.naver?code=090080
프리엠스,KOSDAQ,9290.0,55740000000,54.88,0.69,168.0,13288.0,0.12187,4966920190.0,-32617360.0,-980768640.0,,173.4423,기계,10310.0,6400.0,0.0045153333,6000000,053160,12875.0,18978.6,0.6783956666982812,171128812.75,11.524609843937572,33.09455587392549,3.1008082787982256,1.2642986152919928,-0.6566918483141562,12.187000000000001,-9.893307468477207,https://finance.naver.com/item/main.naver?code=053160
한국선재,KOSDAQ,2180.0,55620528720,170.38,0.43,13.0,5127.0,1.10768,66119842400.0,8159923160.0,-4019576480.0,,41.57565,철강,5050.0,1801.0,0.047444376,25514004,025550,52960.0,79663.8,0.6647937959273849,168407138.95,-43.37662337662338,-35.59822747415067,0.6941421323110372,0.25355958650282817,12.341111024789738,110.768,-56.831683168316836,https://finance.naver.com/item/main.naver?code=025550
성원에너텍,KOSDAQ,806.0,55513882710,-1.45,1.1,-557.0,730.0,2.116,1637047310.0,-1995574840.0,-4686261250.0,,229.76836,전자장비와기기,2373.981,732.0,0.0181049987,68875785,340930,14400047.0,2484124.55,5.796829712101191,2511100777.2,-42.13926776740847,-42.13926776740847,5.796829712101191,-76.3013698630137,-121.90086552843728,211.60000000000002,-66.04859095333957,https://finance.naver.com/item/main.naver?code=340930
일진디스플,KOSPI,902.0,55503470462,-7.39,1.63,-122.0,555.0,0.86062,11788775940.0,-611164070.0,-579947820.0,,21.18543,디스플레이패널,1286.0,776.0,0.0088297841,61533781,020760,,,,,,,,-21.98198198198198,-5.184287776021638,86.06200000000001,-29.86003110419907,https://finance.naver.com/item/main.naver?code=020760
진양제약,KOSDAQ,3925.0,55478253975,2.14,0.35,1828.0,11310.0,0.69705,32400648190.0,3368862720.0,2268234950.0,,49.64242,제약,6120.0,3350.0,0.028870458,14134587,007370,10636.0,14949.6,0.711457162733451,57056646.65,-15.135135135135137,-22.430830039525695,2.3461497297586558,16.162687886825818,10.397516433142691,69.705,-35.866013071895416,https://finance.naver.com/item/main.naver?code=007370
소마젠,KOSDAQ,2875.0,55303652375,,,,,1.01874,12828257000.0,-713570000.0,-664378000.0,,-35.33202,생명과학도구및서비스,4665.0,2380.0,0.0,19236053,950200,12728.0,19193.9,0.6631273477511084,51448561.05,-14.434523809523814,-20.68965517241379,0.7561256440848394,,-5.562486002580085,101.874,-38.37084673097535,https://finance.naver.com/item/main.naver?code=950200
서울평가정보,KOSDAQ,1573.0,55283085000,7.61,1.64,205.0,951.0,0.2353,8832391180.0,267810180.0,-570967970.0,,14.24452,상업서비스와공급품,2530.0,1400.0,0.0193896714,35145000,036120,77610.0,315705.45,0.24583040932616146,520368699.2,-16.46309081253319,-22.702702702702705,0.24583040932616146,21.55625657202944,3.032136762765075,23.53,-37.82608695652174,https://finance.naver.com/item/main.naver?code=036120
동우팜투테이블,KOSDAQ,2145.0,55173183780,1.95,0.23,1100.0,9312.0,0.1752,75973181160.0,4196626100.0,7111143440.0,,32.75937,식품,2730.0,1978.0,0.0640999972,25721764,088910,32678.0,61585.45,0.5306123443118465,131158469.15,-11.546391752577323,4.126213592233019,0.7578900535759664,11.812714776632301,5.523825692071362,17.52,-21.42857142857143,https://finance.naver.com/item/main.naver?code=088910
우성머티리얼스,KOSPI,3270.0,54988558710,-6.47,1.64,-510.0,2010.0,2.22923,2684949160.0,-816601270.0,-1784466570.0,,9.96468,"섬유,의류,신발,호화품",5880.0,1922.0,0.0,16816073,011300,68093.0,115649.95,0.5887853820948474,326156980.8,22.93233082706767,695.6204379562043,2.2227592835102827,-25.37313432835821,-30.41403100533941,222.92299999999997,-44.38775510204081,https://finance.naver.com/item/main.naver?code=011300
화성밸브,KOSDAQ,5280.0,54966912000,-27.57,0.57,-189.0,9065.0,0.3649,20004169330.0,794159830.0,360226140.0,,173.4423,기계,11680.0,4260.0,0.038997637,10410400,039610,17009.0,40915.6,0.41570941156918145,207412357.85,-38.02816901408451,-40.33898305084745,1.0290695969263557,-2.084942084942085,3.969971543927138,36.49,-54.794520547945204,https://finance.naver.com/item/main.naver?code=039610
한국특강,KOSPI,1918.0,54944063720,17.76,0.25,104.0,7479.0,1.74783,210066037540.0,-3608030990.0,-2747411180.0,,41.57565,철강,3802.493,1693.0,0.0112778018,28646540,007280,696172.0,21035.9,33.09447183148807,39460361.75,-26.230769230769234,37.29420186113099,33.09447183148807,1.3905602353255784,-1.7175698805252955,174.783,-49.55940747293946,https://finance.naver.com/item/main.naver?code=007280
케이피항공산업,KOSDAQ,7420.0,54858004040,0.0,0.0,0.0,0.0,3.81408,13676826000.0,590688000.0,554895000.0,,42.07756,우주항공과국방,46500.0,5740.0,0.0181454411,7393262,288180,40243.0,45560.55,0.8832860885129789,341933575.5,-83.07867730900797,-83.07867730900797,1.3470206132278912,,4.318896796669051,381.408,-84.04301075268818,https://finance.naver.com/item/main.naver?code=288180
코닉오토메이션,KOSDAQ,1287.0,54852544890,-20.29,2.43,-69.0,577.0,0.81467,8599887990.0,199437530.0,-89801920.0,,32.17663,IT서비스,3700.0,967.0,0.0083060088,42620470,391710,123914.0,209063.25,0.5927105792146635,257152522.55,-40.416666666666664,-53.029197080291965,1.9796879652449677,-11.95840554592721,2.319071251066376,81.467,-65.21621621621621,https://finance.naver.com/item/main.naver?code=391710
에스디생명공학,KOSDAQ,499.0,54756837359,-7.34,1.86,-68.0,268.0,0.24233,6068453530.0,-1059800730.0,-1171918400.0,,42.98944,화장품,499.0,499.0,0.0167177024,109733141,217480,,,,,,,,-25.37313432835821,-17.464098962952757,24.233,0.0,https://finance.naver.com/item/main.naver?code=217480
에스씨디,KOSDAQ,1131.0,54660736884,8.63,0.4,132.0,2824.0,0.30932,50999433290.0,507853690.0,703946210.0,,-70.52697,전기제품,1672.0,998.0,0.5534223938,48329564,042110,242656.0,4391160.0,0.05526011350076062,5734863925.85,-24.950232249502324,-13.399693721286365,0.4229720620519407,4.674220963172805,0.9958026143392072,30.932,-32.35645933014354,https://finance.naver.com/item/main.naver?code=042110
기신정기,KOSPI,1870.0,54604000000,17.4,0.22,107.0,8561.0,0.05361,28375590190.0,-1487980670.0,-12095180.0,,173.4423,기계,2645.0,1801.0,0.6298901027,29200000,092440,23329.0,45941.05,0.5078029344126875,86075327.6,-16.888888888888886,-21.920668058455117,1.627781689795945,1.2498539890199742,-5.243875669322246,5.361,-29.300567107750474,https://finance.naver.com/item/main.naver?code=092440
더블유에스아이,KOSDAQ,1315.0,54587343720,-12.9,0.95,-106.0,1436.0,0.39068,11946040730.0,-172462830.0,-59308300.0,,49.64242,제약,5000.0,1012.0,0.0547632731,41511288,299170,163349.0,181167.7,0.9016452712045248,223776255.9,-42.0704845814978,-66.1082474226804,1.991745769251362,-7.381615598885793,-1.4436819185363685,39.068000000000005,-73.7,https://finance.naver.com/item/main.naver?code=299170
아셈스,KOSDAQ,4955.0,54599670230,5.71,0.7,834.0,6767.0,0.59808,13243032700.0,2421895260.0,1690858320.0,,-30.06008,화학,11940.0,4060.0,0.0228412359,11019106,136410,16321.0,17941.75,0.9096660024802485,83377726.0,-25.03782148260212,-46.72043010752688,0.9096660024802485,12.324516033692921,18.288071281436917,59.80799999999999,-58.50083752093802,https://finance.naver.com/item/main.naver?code=136410
퓨런티어,KOSDAQ,6370.0,54507007100,-8.94,1.34,-719.0,4810.0,0.13673,3381252290.0,-1435333050.0,-1127202200.0,,229.76836,전자장비와기기,18930.0,4415.0,0.0839105136,8556830,370090,13054.0,30413.25,0.42922081658487665,182708379.75,-55.76388888888889,-59.709044908285904,0.9009231173912686,-14.94802494802495,-42.449747220725726,13.672999999999998,-66.34970945589012,https://finance.naver.com/item/main.naver?code=370090
오가노이드사이언스,KOSDAQ,8270.0,54464235200,-3.43,2.3,-2517.0,3745.0,0.58406,143577370.0,-4242969000.0,-4387224540.0,,-69.9395,생물공학,48500.0,6070.0,0.07792024,6585760,476040,24070.0,28031.25,0.8586845039018952,217421433.25,-55.00544069640914,-75.71218795888399,1.5059620958751394,-67.20961281708945,-2955.179496601728,58.406000000000006,-82.94845360824742,https://finance.naver.com/item/main.naver?code=476040
HLB제넥스,KOSDAQ,1667.0,54419126649,2.13,1.18,775.0,1403.0,1.54706,11667666200.0,1004719430.0,-2377754890.0,,-69.9395,생물공학,3680.0,1323.0,0.0137618235,32644947,187420,94767.0,402912.65,0.2352048266541147,670681917.15,-35.00974658869396,-42.417962003454235,0.5449766841522597,55.23877405559515,8.611143075039292,154.70600000000002,-54.701086956521735,https://finance.naver.com/item/main.naver?code=187420
피엔케이피부임상연구센타,KOSDAQ,1812.0,54379163712,10.96,0.64,162.0,2792.0,0.08412,6238495980.0,958564840.0,1460537570.0,,-35.33202,생명과학도구및서비스,3230.0,1292.0,0.0174909005,30010576,347740,21268.0,30506.35,0.6971663276662072,51059004.0,-23.220338983050848,-25.27835051546392,1.0207710853641947,5.802292263610315,15.365319510873517,8.412,-43.90092879256966,https://finance.naver.com/item/main.naver?code=347740
희림,KOSDAQ,3900.0,54297652500,6.44,0.58,619.0,6930.0,1.37282,59677212950.0,1157156810.0,322912860.0,,35.15774,건설,7460.0,3095.0,0.0510028569,13922475,037440,101024.0,220127.45,0.45893413111358894,821066473.95,-36.378466557911906,-11.963882618510159,0.9545697276736727,8.932178932178932,1.9390262259223017,137.28199999999998,-47.72117962466488,https://finance.naver.com/item/main.naver?code=037440
이닉스,KOSDAQ,5980.0,54247139440,213.21,0.44,28.0,13584.0,0.16175,26606707570.0,-563356170.0,339618120.0,,-70.52697,전기제품,14400.0,4700.0,0.0156424104,9071428,452400,6750.0,19376.45,0.34836102588451445,107020362.5,-30.140186915887845,-46.271338724168906,0.7358933137907099,0.2061248527679623,-2.1173464191984577,16.175,-58.472222222222214,https://finance.naver.com/item/main.naver?code=452400
파이오링크,KOSDAQ,8450.0,54057480750,7.24,0.62,1160.0,13588.0,0.16028,12825882830.0,-1477232950.0,-1255173440.0,,-246.63174,통신장비,14420.0,7070.0,0.0439875354,6397335,170790,6069.0,18001.6,0.33713669896009246,140327530.75,-23.18181818181818,-2.8735632183908066,1.4357612656652743,8.536944362672946,-11.517592742580824,16.028000000000002,-41.400832177531214,https://finance.naver.com/item/main.naver?code=170790
구영테크,KOSDAQ,1970.0,53998497850,2.22,0.34,860.0,5617.0,3.59521,147634909030.0,8443832420.0,6820970430.0,,11.42846,자동차부품,3005.0,1653.0,0.0223086452,27410405,053270,211161.0,82930.8,2.546231315747587,151702653.25,-12.05357142857143,-22.745098039215684,2.546231315747587,15.310664055545665,5.7194009705957685,359.52099999999996,-34.44259567387687,https://finance.naver.com/item/main.naver?code=053270
우원개발,KOSDAQ,2985.0,53951934750,1.12,0.34,2654.0,8672.0,0.64445,60861269860.0,1566030780.0,1851292170.0,,35.15774,건설,6610.0,2470.0,0.063782432,18074350,046940,87848.0,307397.2,0.285780091685936,996534847.75,-45.72727272727273,-22.86821705426356,0.35486009631837895,30.604243542435423,2.573115519282397,64.445,-54.84114977307111,https://finance.naver.com/item/main.naver?code=046940
테고사이언스,KOSDAQ,6650.0,53923746100,-7.41,1.03,-876.0,6308.0,0.55332,1198107820.0,-1866083060.0,-2010592140.0,,-69.9395,생물공학,19370.0,5230.0,0.0195041605,8108834,191420,3146.0,8152.1,0.38591283227634593,50304719.5,-43.786982248520715,-55.666666666666664,0.38591283227634593,-13.88712745719721,-155.7525148279226,55.332,-65.66855962829116,https://finance.naver.com/item/main.naver?code=191420
드림어스컴퍼니,KOSDAQ,728.0,53945945144,21.41,0.37,34.0,1943.0,0.41633,48599819390.0,144911190.0,105027690.0,,-1083.31724,방송과엔터테인먼트,2300.0,681.0,0.0291900146,74101573,060570,81238.0,40424.6,2.009617905928568,34639271.05,-41.147938561034756,-50.40871934604905,3.3337126403229718,1.7498713329902211,0.29817228092377895,41.632999999999996,-68.34782608695652,https://finance.naver.com/item/main.naver?code=060570
와이엠텍,KOSDAQ,4900.0,53733400000,15.85,0.88,311.0,5590.0,0.75292,13968429920.0,472584510.0,267876560.0,,-70.52697,전기제품,13990.0,3905.0,0.0274647091,10966000,273640,7303.0,20891.3,0.3495713526683356,101294637.55,-58.29787234042554,-40.963855421686745,0.49704901083226033,5.56350626118068,3.3832328522717745,75.292,-64.97498213009291,https://finance.naver.com/item/main.naver?code=273640
삼양케이씨아이,KOSDAQ,4990.0,53693398000,5.52,0.43,905.0,11666.0,0.16318,29903072080.0,2077224280.0,2275672450.0,,-30.06008,화학,7440.0,4710.0,0.0329811714,10760200,036670,13417.0,8141.35,1.6480067802023006,41368013.25,-15.280135823429541,-21.909233176838818,2.845105541464253,7.757586147779873,6.946524672925847,16.317999999999998,-32.93010752688173,https://finance.naver.com/item/main.naver?code=036670
SJM,KOSPI,3440.0,53680849120,4.38,0.23,777.0,14855.0,0.2237,53106195720.0,3143252330.0,6203303360.0,,11.42846,자동차부품,4200.0,2945.0,0.076521423,15604898,123700,24092.0,18518.7,1.3009552506385438,60855893.5,-7.402422611036341,-8.994708994709,1.3009552506385438,5.230562100302929,5.918805305830331,22.37,-18.0952380952381,https://finance.naver.com/item/main.naver?code=123700
위지트,KOSDAQ,1261.0,53656198154,6.57,0.35,198.0,3681.0,0.71863,116015859750.0,4025622710.0,1884060020.0,,15.48254,디스플레이장비및부품,2250.0,503.0,0.0158610775,42550514,036090,115225.0,275267.3,0.41859312748008937,342044686.85,66.35883905013193,82.22543352601157,0.7541033751557124,5.378973105134474,3.4698899949323523,71.863,-43.955555555555556,https://finance.naver.com/item/main.naver?code=036090
대성창투,KOSDAQ,992.0,53568000000,165.33,0.54,6.0,1835.0,0.00573,1414986860.0,-348839780.0,229527740.0,,13.64569,창업투자,1857.0,737.0,0.0338354259,54000000,027830,84054.0,193298.5,0.4348404152127409,185135358.15,-29.14285714285715,-37.80564263322884,0.9443994650760352,0.32697547683923706,-24.65321692103911,0.573,-46.580506192784064,https://finance.naver.com/item/main.naver?code=027830
알피바이오,KOSDAQ,6180.0,53558110980,11.37,0.5,541.0,12393.0,0.50644,35127223720.0,2423259710.0,2616533660.0,,49.64242,제약,9130.0,4810.0,0.0151050712,8666361,314140,19103.0,26630.5,0.7173353861174218,150409511.0,5.28109028960817,-9.11764705882353,1.43459567037795,4.365367546195433,6.89852329155263,50.644,-32.31106243154436,https://finance.naver.com/item/main.naver?code=314140
금호에이치티,KOSPI,5120.0,53539476480,-2.24,0.18,-2300.0,28000.0,0.35936,85312152880.0,1628819940.0,3785422530.0,,11.42846,자동차부품,11530.0,2500.0,0.0093499726,10456929,214330,41581.0,731938.65,0.056809406088884636,6388464685.05,1104.7058823529412,866.0377358490566,0.06740182390969517,-8.214285714285714,1.9092472584663251,35.936,-55.59410234171727,https://finance.naver.com/item/main.naver?code=214330
인바이오젠,KOSPI,5320.0,53435229120,-36.83,0.33,-142.0,15788.0,0.03748,786278950.0,-979672320.0,-14678125120.0,,229.76836,전자장비와기기,14300.0,4805.0,0.0075152705,10044216,101140,12948.0,4554.6,2.8428402055065205,23718961.0,-27.322404371584696,-55.81395348837209,2.8428402055065205,-0.899417278946035,-124.59602536733306,3.7479999999999998,-62.7972027972028,https://finance.naver.com/item/main.naver?code=101140
엠투엔,KOSDAQ,1337.0,53443173672,-88.8,0.38,-15.0,3477.0,0.34316,21935037220.0,709144880.0,80852900.0,,11.42846,자동차부품,2415.0,1100.0,0.023433061,39972456,033310,32988.0,54498.3,0.6053032846896141,70243492.8,-18.126148193508882,-23.20505456634119,0.887917604769323,-0.4314063848144953,3.2329321937662985,34.316,-44.637681159420296,https://finance.naver.com/item/main.naver?code=033310
에르코스,KOSDAQ,7010.0,53395050830,-8.41,1.01,-855.0,7124.0,1.17546,8768402730.0,-583385980.0,-915633870.0,,32.75937,식품,17000.0,5830.0,0.0081840802,7616983,435570,10065.0,27347.75,0.3680375899297017,196324352.25,-26.750261233019856,-47.213855421686745,0.5226755400352863,-12.00168444693992,-6.6532753793802994,117.54599999999999,-58.76470588235294,https://finance.naver.com/item/main.naver?code=435570
디와이디,KOSDAQ,1380.0,53369093280,-2.82,3.87,-500.0,364.0,1.10876,15561629540.0,1083811990.0,276860250.0,,42.98944,화장품,2295.0,193.0,0.0617215939,38673256,219550,8803.0,88151.8,0.0998618292536284,108536839.9,-14.28571428571429,-19.01408450704225,0.6770139690851463,-137.36263736263737,6.964643305600758,110.87599999999999,-39.869281045751634,https://finance.naver.com/item/main.naver?code=219550
디티씨,KOSDAQ,2855.0,53365425890,11.25,0.26,240.0,10582.0,0.19577,41601219770.0,1850729260.0,4585713750.0,,85.22491,핸드셋,3700.0,2265.0,0.010449008,18691918,066670,23834.0,15215.7,1.5664083808171823,38046346.45,-11.059190031152644,-4.194630872483218,1.9885381546691903,2.268002268002268,4.448737970261683,19.576999999999998,-22.83783783783784,https://finance.naver.com/item/main.naver?code=066670
SG&G,KOSDAQ,3130.0,53346461740,1.96,0.13,1612.0,24694.0,0.20917,12467527720.0,1927533140.0,8876037580.0,,11.42846,자동차부품,5010.0,2685.0,0.0294216045,17043598,040610,24787.0,32213.0,0.7694719523173874,96592354.2,42.27272727272726,74.2761692650334,1.2267097134697171,6.527901514537944,15.460427947618793,20.916999999999998,-37.5249500998004,https://finance.naver.com/item/main.naver?code=040610
유니켐,KOSPI,5910.0,53301007530,-6.32,0.32,-720.0,14410.0,0.83621,19561204970.0,-1241703700.0,-2786698890.0,,11.42846,자동차부품,18890.0,3060.0,0.0,9018783,011330,58164.0,47184.4,1.2326955519197023,176893226.55,778.1575037147103,397.4747474747475,1.2745314129246106,-4.996530187369882,-6.347787377640264,83.621,-68.713605082054,https://finance.naver.com/item/main.naver?code=011330
범양건영,KOSPI,1935.0,53173451700,-0.61,-0.76,-3184.0,-2532.0,-2.48137,7654555890.0,521872160.0,-757794340.0,,35.15774,건설,1935.0,1935.0,0.0113706349,27479820,002410,,,,,,,,125.75039494470775,6.817798021199111,-248.137,0.0,https://finance.naver.com/item/main.naver?code=002410
남화토건,KOSDAQ,4525.0,53123500000,4.91,0.31,931.0,14580.0,0.1193,17559116430.0,385216690.0,800271500.0,,35.15774,건설,12190.0,3200.0,0.0375586882,11740000,091590,281964.0,919164.45,0.30676121122830635,5576359338.6,13.693467336683419,22.462787550744245,0.8458268811418893,6.385459533607682,2.1938273006826914,11.93,-62.87940935192782,https://finance.naver.com/item/main.naver?code=091590
케이사인,KOSDAQ,7500.0,53003437500,20.49,0.58,371.0,13139.0,0.59999,7745742270.0,240789740.0,327104030.0,,164.30795,소프트웨어,16000.0,6330.0,0.0384477422,7067125,192250,17280.0,99168.25,0.17424931870835675,768668853.75,-40.334128878281625,-30.23255813953488,0.9643711570991723,2.823654768247203,3.108672243493069,59.999,-53.125,https://finance.naver.com/item/main.naver?code=192250
에스피시스템스,KOSDAQ,4890.0,52683970020,-8.17,1.0,-607.0,4982.0,0.41032,10803422250.0,-1585043230.0,-1311481930.0,,173.4423,기계,17300.0,3500.0,0.0529268269,10773818,317830,24964.0,49800.85,0.5012765846366076,222572849.4,-54.889298892988926,-65.66011235955057,1.503588794167168,-12.18386190285026,-14.671677116017564,41.032000000000004,-71.73410404624278,https://finance.naver.com/item/main.naver?code=317830
대동기어,KOSDAQ,5850.0,52576992000,-22.05,1.32,-341.0,5700.0,2.9302,59325071990.0,-1406809540.0,-2020618380.0,,173.4423,기계,18803.303,5453.846,0.0317456874,8987520,008830,2576899.0,79784.3,32.29832185028884,684999671.75,-70.63253012048193,-66.45642201834863,32.29832185028884,-5.982456140350878,-2.3713574932317583,293.02000000000004,-68.88844475888092,https://finance.naver.com/item/main.naver?code=008830
고려산업,KOSPI,2110.0,52622186750,5.49,0.44,391.0,4843.0,1.43432,75202070130.0,3274397470.0,667305800.0,,32.75937,식품,3320.0,1648.0,0.020941381,24939425,002140,1301050.0,5359648.1,0.2427491461612937,11823067135.45,-18.217054263565892,-13.70143149284253,0.6293717305805955,8.07350815610159,4.354132092826206,143.43200000000002,-36.44578313253012,https://finance.naver.com/item/main.naver?code=002140
모나리자,KOSPI,1437.0,52552893435,35.02,0.6,41.0,2391.0,0.21373,32292391750.0,325952510.0,337202350.0,,6.29329,가정용품,2695.0,1275.0,0.0263577501,36571255,012690,155347.0,6520790.3,0.02382333932744318,12001601291.5,-34.082568807339456,-36.41592920353982,0.12084394126276381,1.7147636971978253,1.0093786565066056,21.373,-46.67903525046382,https://finance.naver.com/item/main.naver?code=012690
푸른로보틱스,KOSDAQ,6260.0,52342276360,-82.89,1.35,-76.0,4670.0,0.27185,4297225970.0,-531677930.0,-849241860.0,,17.98164,컴퓨터와주변기기,15700.0,4715.0,0.0462498681,8361386,094940,21093.0,77606.2,0.27179529470583536,431588856.6,-42.304147465437794,-41.76744186046511,0.9287402295177447,-1.6274089935760172,-12.372584865487072,27.185,-60.12738853503185,https://finance.naver.com/item/main.naver?code=094940
전방,KOSPI,31150.0,52332000000,1.19,0.16,26160.0,199651.0,0.04026,7896198900.0,-918629190.0,841210390.0,,9.96468,"섬유,의류,신발,호화품",45500.0,22750.0,0.0138678571,1680000,000950,1230.0,3524.05,0.3490302350988209,97621265.0,3.488372093023262,-17.48344370860927,4.785970687135539,13.102864498549971,-11.63381522722281,4.026,-31.538461538461537,https://finance.naver.com/item/main.naver?code=000950
네오이뮨텍,KOSDAQ,1529.0,52309903360,,,,,0.4545,526977000.0,-6220876000.0,-7545855000.0,,49.64242,제약,6835.0,1115.0,0.0119213991,34211840,950220,2311227.0,114286.25,20.223141454024436,149807395.35,176.49186256781192,106.90121786197567,20.223141454024436,,-1180.4833987062054,45.45,-77.62984637893197,https://finance.naver.com/item/main.naver?code=950220
유신,KOSDAQ,17420.0,52260000000,4.94,0.33,3507.0,51711.0,1.12846,108604392940.0,-763751470.0,365046330.0,,35.15774,건설,29150.0,14300.0,0.0362726667,3000000,054930,6931.0,15420.45,0.4494680764828523,247533595.5,-25.71428571428571,-23.090507726269315,1.3370556630967319,6.781922608342519,-0.7032417836191442,112.846,-40.2401372212693,https://finance.naver.com/item/main.naver?code=054930
화승알앤에이,KOSPI,2750.0,52232463250,2.84,0.31,960.0,8788.0,1.88543,184715512130.0,9057273390.0,10915162900.0,,11.42846,자동차부품,4500.0,2375.0,0.0313628421,18993623,378850,14517.0,21501.35,0.6751669081243736,58798937.55,-18.154761904761905,-20.28985507246377,1.9915028591227995,10.923987255348203,4.903363710799572,188.543,-38.888888888888886,https://finance.naver.com/item/main.naver?code=378850
다보링크,KOSDAQ,1001.0,52114834772,-8.02,3.05,-113.0,297.0,2.4003,12574362770.0,-1006860990.0,-4202371850.0,,-246.63174,통신장비,2385.0,525.0,0.0088179515,52062772,340360,1558535.0,496328.25,3.140129541286437,366034746.65,-28.601997146932955,-34.7457627118644,3.140129541286437,-38.04713804713805,-8.007252601318102,240.03,-58.029350104821795,https://finance.naver.com/item/main.naver?code=340360
노랑풍선,KOSDAQ,3100.0,52112711200,-17.72,1.29,-173.0,2380.0,1.9197,29615028300.0,2380877770.0,2118142800.0,,13.58287,"호텔,레스토랑,레저",7580.0,2660.0,0.0296018239,16810552,104620,32125.0,48899.35,0.6569616978548795,150608540.4,-31.94291986827662,-38.8560157790927,1.2947615868104587,-7.268907563025211,8.039424260823685,191.97,-59.10290237467019,https://finance.naver.com/item/main.naver?code=104620
러셀,KOSDAQ,1635.0,52012620000,-17.68,0.88,-93.0,1871.0,0.32417,4976217490.0,-348875490.0,-405232730.0,,27.50173,반도체와반도체장비,5930.0,1205.0,0.0337170879,31812000,217500,38039.0,116332.75,0.3269844476297517,162122604.8,-41.08108108108108,-60.45949214026602,1.6235324962231186,-4.970603955104223,-7.0108569551287845,32.417,-72.4283305227656,https://finance.naver.com/item/main.naver?code=217500
엘컴텍,KOSDAQ,3070.0,51850774210,20.28,0.6,145.0,4885.0,0.18544,17918594040.0,1491426090.0,1527578390.0,,229.76836,전자장비와기기,3880.0,696.0,0.0028602381,16889503,037950,115111.0,55242.0,2.0837587342963686,171365312.35,1.1532125205930832,256.56213704994195,13.253376054451323,2.968270214943705,8.323343263822277,18.544,-20.87628865979382,https://finance.naver.com/item/main.naver?code=037950
본느,KOSDAQ,6200.0,52021000800,-2.71,1.15,-1765.0,4135.0,0.65039,9268495370.0,-2092626230.0,-1898600720.0,,42.98944,화장품,6200.0,1220.0,0.0,8390484,226340,709289.0,209889.35,3.379347260830528,856717544.75,828.1437125748504,919.7368421052632,15.54014531942664,-42.68440145102781,-22.577841887620213,65.039,0.0,https://finance.naver.com/item/main.naver?code=226340
제이엠티,KOSDAQ,3100.0,51919544000,3.65,0.36,853.0,8646.0,0.40426,67973261150.0,3431582300.0,5577757670.0,,15.48254,디스플레이장비및부품,4275.0,2265.0,0.0648573223,16748240,094970,130962.0,193680.2,0.6761765012634229,557762675.05,-21.119592875318062,15.456238361266283,4.194801533662192,9.865833911635438,5.048429694181298,40.426,-27.485380116959067,https://finance.naver.com/item/main.naver?code=094970
레몬,KOSDAQ,2080.0,51822821440,-3.38,4.62,-554.0,406.0,2.60925,3314526710.0,-2084749740.0,-2056438050.0,,-30.06008,화학,9500.0,1200.0,0.0135827201,24914818,294140,322985.0,26449.95,12.211176202601516,51131567.2,-33.96825396825397,-72.4867724867725,12.211176202601516,-136.45320197044336,-62.89735827773734,260.925,-78.10526315789474,https://finance.naver.com/item/main.naver?code=294140
덕성,KOSPI,3300.0,51744000000,9.14,0.51,359.0,6371.0,0.55708,34273448800.0,909512920.0,447231000.0,,9.96468,"섬유,의류,신발,호화품",6670.0,2720.0,0.0425204719,15680000,004830,41790.0,111239.75,0.37567506219674174,364332732.9,-23.25581395348837,-32.02883625128733,0.7462710047442573,5.6349081776801135,2.6536953584898644,55.708,-50.524737631184415,https://finance.naver.com/item/main.naver?code=004830
홈캐스트,KOSDAQ,1488.0,51625045488,1500.0,0.61,1.0,2458.0,0.04298,5064300930.0,-2334395070.0,-469204990.0,,30.99486,전문소매,2540.0,1186.0,0.0152959924,34694251,064240,58221.0,62863.4,0.9261509876971338,87716940.85,-26.69950738916256,-20.85106382978723,3.9711819596140203,0.04068348250610252,-46.09510971536994,4.298,-41.41732283464567,https://finance.naver.com/item/main.naver?code=064240
SG세계물산,KOSPI,2555.0,51719577280,66.38,0.2,40.0,13190.0,0.11079,27746575680.0,-1874024400.0,3007544120.0,,9.96468,"섬유,의류,신발,호화품",9030.0,2155.0,0.0,20242496,004060,146327.0,150209.6,0.9741521181069651,366056905.2,-27.0,688.5802469135803,3.157361446938145,0.3032600454890068,-6.754074526575958,11.079,-71.70542635658914,https://finance.naver.com/item/main.naver?code=004060
에이테크솔루션,KOSDAQ,5150.0,51500000000,114.13,0.59,46.0,8845.0,2.69089,68749469000.0,-948835000.0,-956913000.0,,173.4423,기계,14250.0,3995.0,0.0157915,10000000,071670,9412.0,29735.85,0.31652029452664043,144605137.4,-41.939120631341595,-52.31481481481482,0.9400773813427227,0.5200678349349915,-1.380134296019072,269.089,-63.859649122807014,https://finance.naver.com/item/main.naver?code=071670
알에프세미,KOSDAQ,2965.0,51550708615,30.26,3.58,98.0,829.0,0.42149,5390347750.0,156715500.0,1311800590.0,,27.50173,반도체와반도체장비,2965.0,2965.0,0.0499886377,17386411,096610,,,,,,,,11.821471652593486,2.9073356167048776,42.149,0.0,https://finance.naver.com/item/main.naver?code=096610
삼화전자,KOSPI,2685.0,51460132725,-5.67,2.53,-476.0,1069.0,2.44354,5945695590.0,-2146104200.0,-2107587420.0,,229.76836,전자장비와기기,5830.0,2010.0,0.0352124372,19165785,011230,386885.0,1473945.3,0.262482603662429,4506449830.0,18.5430463576159,-10.499999999999998,0.7761556687347895,-44.52759588400374,-36.095090431631064,244.354,-53.945111492281306,https://finance.naver.com/item/main.naver?code=011230
조비,KOSPI,9900.0,51403166100,25.79,0.93,380.0,10535.0,1.42117,43589086620.0,4728691280.0,3689317690.0,,-30.06008,화학,20950.0,8640.0,0.0398022895,5192239,001550,9427.0,39778.5,0.2369873172693792,416297051.75,-25.05677517032551,-12.621359223300976,0.29103661525698554,3.6070242050308496,10.848337615384517,142.11700000000002,-52.74463007159904,https://finance.naver.com/item/main.naver?code=001550
세코닉스,KOSDAQ,3480.0,51478954440,10.49,0.36,327.0,9657.0,1.20804,103992934590.0,1045854800.0,-1766046040.0,,229.76836,전자장비와기기,7550.0,2900.0,0.0609843178,14792803,053450,20406.0,56682.4,0.3600059277659379,188850579.15,-32.947976878612714,-42.85714285714286,0.8209602980819443,3.3861447654551102,1.0056979391180387,120.804,-53.907284768211916,https://finance.naver.com/item/main.naver?code=053450
쎄크,KOSDAQ,5810.0,51276358350,-12.59,1.41,-451.0,4016.0,1.63562,9734801980.0,-3753549780.0,-3548027330.0,,229.76836,전자장비와기기,19530.0,4015.0,0.0541461792,8825535,081180,24934.0,65469.95,0.3808464799499618,357200889.2,-51.583333333333336,-60.20547945205479,1.53325304204448,-11.2300796812749,-38.558049642012335,163.562,-70.25089605734766,https://finance.naver.com/item/main.naver?code=081180
지에스이,KOSDAQ,1712.0,51338766064,13.19,0.53,129.0,3237.0,1.45283,71509418620.0,5436787670.0,4144538400.0,,8.90138,가스유틸리티,4345.0,1415.0,0.0527682828,29987597,053050,50103.0,190220.85,0.26339383931887594,350903447.45,-27.763713080168774,-29.691991786447637,0.6058484125162935,3.985171455050973,7.602897317472275,145.28300000000002,-60.59838895281933,https://finance.naver.com/item/main.naver?code=053050
캐프,KOSDAQ,2380.0,51253740300,2.63,0.39,904.0,6111.0,0.62032,67813542320.0,7370591790.0,6618870250.0,,85.22491,핸드셋,3595.0,1927.0,0.0387503056,21535185,198080,31654.0,63736.35,0.49663967265147757,135273550.15,-21.19205298013245,-4.225352112676061,1.4593242317766864,14.792996236295206,10.868908388857632,62.032,-33.796940194714885,https://finance.naver.com/item/main.naver?code=198080
인팩,KOSPI,5120.0,51200000000,4.25,0.38,1196.0,13223.0,3.01375,158135541510.0,2012224560.0,443920550.0,,11.42846,자동차부품,13560.0,4430.0,0.0043959,10000000,023810,16553.0,33813.3,0.48954109773373194,159127188.2,-35.10773130544994,-45.93453009503696,0.48954109773373194,9.044846101489828,1.2724682514668932,301.375,-62.24188790560472,https://finance.naver.com/item/main.naver?code=023810
에피소드컴퍼니,KOSDAQ,2925.0,51172529850,-4.6,1.91,-635.0,1525.0,1.09746,15305021180.0,-180303730.0,-465612240.0,,21.51394,양방향미디어와서비스,6020.0,1960.0,0.0029509773,17494882,317530,8906.0,16961.95,0.5250575552928761,49055219.35,-20.731707317073166,-40.789473684210535,2.725099413687695,-41.63934426229508,-1.1780691309046591,109.74600000000001,-51.411960132890364,https://finance.naver.com/item/main.naver?code=317530
와이즈버즈,KOSDAQ,1038.0,51011762640,26.76,1.0,37.0,989.0,2.71683,11821523570.0,2908809210.0,1220518410.0,,11.38111,광고,1441.0,608.0,0.1239664514,49144280,273060,524970.0,103531.15,5.070647819520985,85548569.4,-16.959999999999997,-5.550500454959051,5.070647819520985,3.741152679474216,24.606043313924552,271.683,-27.966689798750867,https://finance.naver.com/item/main.naver?code=273060
삼익제약,KOSDAQ,5050.0,50841319400,-55.56,0.73,-99.0,7503.0,0.2385,15508768090.0,929141710.0,1238915650.0,,49.64242,제약,25050.0,3705.0,0.0124599855,10067588,014950,350827.0,2008248.55,0.17469301795338033,11422042237.35,-36.875,-70.08293838862559,1.1591523369953385,-1.319472211115554,5.991073595323844,23.849999999999998,-79.84031936127745,https://finance.naver.com/item/main.naver?code=014950
포니링크,KOSDAQ,1993.0,50943987787,3.27,0.24,630.0,8570.0,0.25062,10169652750.0,-4131011030.0,8105036620.0,,30.99486,전문소매,5295.0,1757.0,0.0341638949,25561459,064800,21403.0,22354.2,0.957448712098845,44852211.4,193.08823529411762,145.74599260172624,2.2744271769958218,7.351225204200699,-40.620964467051245,25.062,-62.360717658168085,https://finance.naver.com/item/main.naver?code=064800
우성,KOSPI,16450.0,50830500000,3.19,0.19,5039.0,82793.0,1.22641,148572222480.0,1224702250.0,-3298747380.0,,32.75937,식품,25450.0,14500.0,0.0126194175,3090000,006980,833.0,1119.95,0.7437832046073485,17699907.0,-27.0509977827051,0.0,0.9598642796553417,6.086263331441064,0.8243144172961826,122.641,-35.36345776031434,https://finance.naver.com/item/main.naver?code=006980
한컴라이프케어,KOSPI,1833.0,50727186198,-6.32,0.38,-279.0,4590.0,0.61793,5988817490.0,-3814416520.0,-2230652930.0,,-35.75178,건강관리장비와용품,3780.0,1524.0,0.0429413372,27674406,372910,73772.0,177589.55,0.41540732548733866,310538142.3,-22.33050847457627,-40.29315960912052,0.7353754767665103,-6.078431372549019,-63.69231532550844,61.793,-51.507936507936506,https://finance.naver.com/item/main.naver?code=372910
아진전자부품,KOSPI,1023.0,50433664710,11.45,1.49,88.0,676.0,2.4705,36491396390.0,880717010.0,406229730.0,,11.42846,자동차부품,1382.0,793.0,0.0092108746,49299770,009320,121711.0,123837.5,0.9828283032199455,122029639.45,-6.318681318681318,-5.8011049723756924,1.023357222166145,13.017751479289942,2.413492212211833,247.04999999999998,-25.976845151953686,https://finance.naver.com/item/main.naver?code=009320
경남스틸,KOSDAQ,1876.0,50613737104,10.95,0.45,172.0,4224.0,0.51866,95635986000.0,1406776070.0,1270506650.0,,41.57565,철강,3430.0,1548.0,0.0368923502,26979604,039240,130703.0,85211.75,1.5338612339260724,161841426.65,-29.34086629001883,-31.28205128205128,1.5338612339260724,4.071969696969697,1.4709693796642616,51.866,-45.30612244897959,https://finance.naver.com/item/main.naver?code=039240
HLB파나진,KOSDAQ,1106.0,50353923760,-15.7,0.69,-70.0,1591.0,0.11481,3129762750.0,-748975210.0,-1074953370.0,,-35.33202,생명과학도구및서비스,2940.0,980.0,0.0150202864,45527960,046210,122209.0,748450.3,0.1632827189727895,926987992.35,-41.13890367216605,-41.04477611940298,0.24722683657151315,-4.3997485857950975,-23.930734366366906,11.481,-62.38095238095238,https://finance.naver.com/item/main.naver?code=046210
대진첨단소재,KOSDAQ,2825.0,50428566500,-1.06,0.8,-2671.0,3532.0,1.49675,26304750480.0,-4901009530.0,-4256855470.0,,-70.52697,전기제품,9120.0,2340.0,0.0388758051,17850820,393970,297170.0,720387.15,0.4125142987350621,2828488678.25,-32.57756563245824,-32.57756563245824,1.2603445244685445,-75.62287655719139,-18.631651852110632,149.675,-69.02412280701755,https://finance.naver.com/item/main.naver?code=393970
이노메트리,KOSDAQ,5110.0,50247692880,-11.49,0.83,-437.0,6059.0,0.33872,17522946950.0,245899290.0,1313854370.0,,-70.52697,전기제품,11540.0,4030.0,0.0228024262,9833208,302430,16649.0,30958.05,0.5377922705079939,161957829.0,-45.75371549893843,-35.31645569620253,1.0409247352465676,-7.212411288991582,1.4032987185411756,33.872,-55.719237435008665,https://finance.naver.com/item/main.naver?code=302430
모티브링크,KOSDAQ,4055.0,50242901690,-449.44,1.37,-9.0,2963.0,0.86729,17688433490.0,-1440644440.0,-1006210000.0,,11.42846,자동차부품,11860.0,2590.0,0.0136573132,12390358,463480,9253.0,23396.25,0.3954907303520863,92460500.55,-48.86506935687264,-55.1438053097345,0.8416733450873537,-0.3037462031724603,-8.14455638943073,86.729,-65.80944350758853,https://finance.naver.com/item/main.naver?code=463480
포인트엔지니어링,KOSDAQ,4330.0,50225462620,-8.35,0.74,-520.0,5860.0,0.40289,5800653980.0,-2064136100.0,-1241157400.0,,15.48254,디스플레이장비및부품,6305.362,3900.0,0.0055420041,11599414,256630,1331.0,7649.85,0.173990339679863,33385555.2,318.35748792270533,332.5674325674326,0.6605358274998856,-8.873720136518772,-35.584541107208054,40.289,-31.328288526495385,https://finance.naver.com/item/main.naver?code=256630
SM Life Design,KOSDAQ,1108.0,50213855312,9.33,0.76,119.0,1461.0,0.08068,14340583390.0,2285301780.0,2494288070.0,,-1083.31724,방송과엔터테인먼트,2140.0,940.0,0.0265214225,45319364,063440,40521.0,97747.4,0.41454811074258757,106974135.85,-15.419847328244273,-35.84250144759699,3.414965513149199,8.145106091718002,15.935905240742093,8.068,-48.22429906542056,https://finance.naver.com/item/main.naver?code=063440
경창산업,KOSDAQ,1401.0,50182426005,-2.41,0.46,-587.0,3093.0,3.03542,171649786430.0,4450829410.0,3335726160.0,,11.42846,자동차부품,3035.0,1000.0,0.0328683614,35819005,024910,33219.0,62668.85,0.5300719575993497,88455703.4,-28.00616649537513,-36.31818181818181,1.2873221704243816,-18.978338182993856,2.592971131842963,303.542,-53.83855024711697,https://finance.naver.com/item/main.naver?code=024910
