name,market,tradePrice,marketCap,per,pbr,eps,bps,debtRatio,sales,operatingProfit,netIncome,sectorName,sectorPer,wicsSectorName,high52wPrice,low52wPrice,foreignRatio,listedShareCount,code,vol_today,vol_avg20,vol_mult,amt_avg20,ret_60d,ret_6m,vol_mult_max5,roe,op_margin,debt_pct,off_high_pct,naver_url
DL이앤씨,KOSPI,71500.0,2766594044500,8.23,0.57,8746.0,126050.0,0.8643,1802922191210.0,159428468830.0,129720311230.0,,36.90859,건설,106600.0,38450.0,0.2472381302,38693623,375500,272328.0,312449.95,0.871589193725267,22189230905.0,-0.5563282336578546,39.92172211350293,1.6890961256354817,6.938516461721539,8.842781436008746,86.42999999999999,-32.92682926829268,https://finance.naver.com/item/main.naver?code=375500
CJ제일제당,KOSPI,185800.0,2797067758800,-5.23,0.42,-35668.0,440524.0,1.60396,7362113166000.0,257574531000.0,-3876905000.0,,35.44428,식품,252000.0,172600.0,0.1245779081,15054186,097950,44997.0,81732.6,0.5505391973337443,15425182897.5,-7.099999999999995,-16.306306306306308,0.9008889965570653,-8.096721177506787,3.4986494392607383,160.39600000000002,-26.269841269841265,https://finance.naver.com/item/main.naver?code=097950
GS건설,KOSPI,33300.0,2849863617000,33.83,0.64,1073.0,56462.0,2.29043,2779365000000.0,91354000000.0,14371000000.0,,36.90859,건설,44850.0,17790.0,0.1892627483,85581490,006360,2274173.0,3109111.15,0.7314543901076036,104313693186.25,20.216606498194945,44.46854663774404,1.7303266883848782,1.9003931847968545,3.2868658848334062,229.043,-25.75250836120402,https://finance.naver.com/item/main.naver?code=006360
팬오션,KOSPI,5600.0,2993589267200,10.05,0.53,564.0,10707.0,1.03084,1913665000000.0,193695000000.0,137448000000.0,,10.30179,해운사,6600.0,3485.0,0.174923672,534569512,028670,3281269.0,4486968.3,0.7312886520727147,26134194082.25,9.375,6.666666666666665,1.9192096810668353,5.267581955729896,10.121677514089457,103.084,-15.151515151515149,https://finance.naver.com/item/main.naver?code=028670
효성,KOSPI,172500.0,2887720207500,8.45,1.14,19734.0,146168.0,0.81722,733636709690.0,231638674800.0,226319284640.0,,31.65137,복합기업,318000.0,82600.0,0.2153499613,16740407,004800,16987.0,18652.05,0.910730992035728,2994785455.0,-3.6312849162011163,0.11607661056296514,1.545031243214553,13.500903070439493,31.57402999883682,81.722,-45.75471698113207,https://finance.naver.com/item/main.naver?code=004800
한올바이오파마,KOSPI,55100.0,2878459153800,-547.71,18.75,-109.0,3184.0,0.48809,44275731480.0,5597740050.0,-19228508520.0,,48.4019,제약,73000.0,28950.0,0.0336441335,52240638,009420,466946.0,352456.2,1.3248341212326524,20413409226.25,-4.835924006908465,-9.819967266775775,1.4123684020879756,-3.4233668341708547,12.642908118928723,48.809000000000005,-24.520547945205486,https://finance.naver.com/item/main.naver?code=009420
현대엘리베이터,KOSPI,74800.0,2924110398000,10.22,1.98,7258.0,37450.0,1.91184,692843740390.0,84478649450.0,166912467860.0,,179.16167,기계,113400.0,61800.0,0.2212861917,39092385,017800,77829.0,144172.65,0.5398319306747847,10600231617.5,-3.483870967741931,-33.034914950760964,0.8353109969193186,19.380507343124165,12.193030625122942,191.184,-34.038800705467374,https://finance.naver.com/item/main.naver?code=017800
두산퓨얼셀,KOSPI,44350.0,2904646748100,-27.82,10.05,-1623.0,4491.0,3.45877,44258911480.0,-50913804630.0,-55598415360.0,,-42.48075,에너지장비및서비스,108900.0,18230.0,0.1589680972,65493726,336260,638845.0,1007845.8,0.6338717688757546,36674405348.75,-46.94976076555024,22.853185595567858,1.1240826721706831,-36.138944555778224,-115.03627840690854,345.877,-59.274563820018365,https://finance.naver.com/item/main.naver?code=336260
F&F,KOSPI,68300.0,2616373222500,6.3,1.33,10611.0,50123.0,0.26669,399621629200.0,86499071630.0,72987676490.0,,9.12316,"섬유,의류,신발,호화품",89000.0,58000.0,0.1294370296,38307075,383220,78448.0,96386.85,0.813886956571358,6198671925.0,-7.327001356852103,-6.181318681318682,0.8215436026802411,21.169921991899926,21.645242727017038,26.668999999999997,-23.258426966292134,https://finance.naver.com/item/main.naver?code=383220
DN오토모티브,KOSPI,46200.0,2703201963000,8.68,1.22,5440.0,38780.0,1.22313,1249319637000.0,205436080000.0,157872007000.0,,10.62051,자동차부품,67500.0,21550.0,0.0599373467,58510865,007340,99210.0,311986.05,0.3179949872758734,16145007377.5,12.00000000000001,47.13375796178343,0.4556004988043536,14.027849406910779,16.443836622412746,122.313,-31.555555555555557,https://finance.naver.com/item/main.naver?code=007340
케어젠,KOSDAQ,50600.0,2717979000000,125.55,11.87,411.0,4348.0,0.10339,18794592270.0,5236513810.0,4304583650.0,,-11.95284,건강관리업체및서비스,153800.0,48000.0,0.0451500512,53715000,214370,57023.0,85580.1,0.6663114438987567,5037377576.25,-34.96143958868895,-65.19944979367263,0.6807189989261522,9.452621895124196,27.861811178306557,10.339,-67.1001300390117,https://finance.naver.com/item/main.naver?code=214370
농심,KOSPI,441500.0,2685486443000,15.11,0.91,29342.0,485193.0,0.36912,956063105300.0,59252095210.0,54665696240.0,,35.44428,식품,579000.0,319000.0,0.2492040465,6082642,004370,21781.0,38792.75,0.5614708934014732,16542546700.0,18.206157965194116,-3.4972677595628388,1.2977682685553358,6.047490380116778,6.197508813124577,36.912,-23.747841105354063,https://finance.naver.com/item/main.naver?code=004370
제주반도체,KOSDAQ,77400.0,2665875274200,66.67,11.6,1173.0,6742.0,0.63576,289938012130.0,121871077130.0,145019513740.0,,30.86468,반도체와반도체장비,138000.0,15880.0,0.009458978,34442833,080220,1890422.0,1834829.85,1.0302982589911538,146928153047.5,-17.2192513368984,71.42857142857142,1.0302982589911538,17.398398101453573,42.033494068158426,63.576,-43.913043478260875,https://finance.naver.com/item/main.naver?code=080220
달바글로벌,KOSPI,207500.0,2599127362500,33.36,13.73,6594.0,16022.0,0.34999,186860908470.0,47240874550.0,38059528100.0,,49.63323,화장품,283000.0,116200.0,0.4120665836,12525915,483650,155506.0,160441.45,0.9692383109227696,37977695762.5,7.0139247034553875,21.987066431510872,0.9692383109227696,41.15591062289352,25.281304119092617,34.999,-26.67844522968198,https://finance.naver.com/item/main.naver?code=483650
에코프로머티,KOSPI,37400.0,2648438738000,112.17,2.56,345.0,15125.0,0.95852,178788095610.0,-10583518570.0,-12449410450.0,,-82.80274,전기제품,88800.0,27100.0,0.1421958438,70813870,450080,375668.0,345733.05,1.0865839988395671,12580333015.0,-32.12341197822142,-42.900763358778626,1.0985556631048146,2.28099173553719,-5.919587953487906,95.852,-57.88288288288288,https://finance.naver.com/item/main.naver?code=450080
BGF리테일,KOSPI,150900.0,2608141415400,13.08,1.94,11303.0,76009.0,1.70106,2426816474390.0,84851552000.0,56829553160.0,,36.89842,백화점과일반상점,156600.0,101200.0,0.3992528078,17283906,282330,40856.0,77418.25,0.5277308644925454,11077749797.5,16.615146831530136,9.347826086956523,1.4758793953622047,14.870607428067729,3.4964140426534778,170.106,-3.6398467432950166,https://finance.naver.com/item/main.naver?code=282330
롯데케미칼,KOSPI,60000.0,2566525140000,-1.22,0.2,-48311.0,298452.0,0.76761,5686369979630.0,110138582640.0,194490759400.0,,-33.47526,화학,119500.0,52500.0,0.2141941847,42775419,011170,160310.0,128051.8,1.2519152405510894,7266881652.5,-22.580645161290324,-30.39443155452436,1.2519152405510894,-16.187192580381435,1.936887382188355,76.761,-49.7907949790795,https://finance.naver.com/item/main.naver?code=011170
신영증권,KOSPI,154000.0,2531760000000,11.48,0.69,13618.0,227883.0,5.5207,1663107293490.0,121069203110.0,94323853830.0,,8.14824,증권,272000.0,119300.0,0.0628526764,16440000,001720,3037.0,6876.75,0.4416330388628349,1071348417.5,-20.863309352517987,-39.6078431372549,0.6581597411567964,5.975873584251568,7.279698885568502,552.0699999999999,-43.38235294117647,https://finance.naver.com/item/main.naver?code=001720
동서,KOSPI,25650.0,2557305000000,17.61,1.48,1468.0,17452.0,0.04047,135733871060.0,9836682560.0,41216142630.0,,35.44428,식품,30950.0,22350.0,0.0364189168,99700000,026960,63183.0,59791.4,1.0567238766779168,1548290696.25,8.456659619450324,-15.34653465346535,1.0567238766779168,8.411643364657346,7.247036044269141,4.047,-17.12439418416801,https://finance.naver.com/item/main.naver?code=026960
현대무벡스,KOSDAQ,22850.0,2544942491150,228.16,16.15,103.0,1455.0,1.05841,100360141290.0,3196477710.0,11343328740.0,,179.16167,기계,50400.0,4850.0,0.018378585,111376039,319400,588786.0,1779231.55,0.3309215149652669,45070140837.5,-30.96676737160121,-15.055762081784385,0.78050324590973,7.079037800687285,3.1850071840408027,105.84100000000001,-54.66269841269842,https://finance.naver.com/item/main.naver?code=319400
코리안리,KOSPI,14680.0,2594264735080,9.0,0.69,1587.0,20843.0,2.78191,1773666088860.0,291247018710.0,214621970100.0,,9.00092,손해보험,15500.0,10010.0,0.2646663996,176721031,003690,145773.0,264127.85,0.551903178706827,3838072360.5,12.490421455938705,4.55840455840455,1.1449720277509547,7.614067072878185,16.420622829700438,278.191,-5.290322580645157,https://finance.naver.com/item/main.naver?code=003690
티에스이,KOSDAQ,223000.0,2466698667000,67.21,6.7,3526.0,35375.0,0.35697,188776809070.0,52503164380.0,42365187630.0,,30.86468,반도체와반도체장비,294000.0,36150.0,0.1171163328,11061429,131290,93528.0,126511.05,0.7392872006042159,30057219357.5,8.252427184466015,151.12612612612614,1.7876383130169262,9.967491166077739,27.81229571505862,35.697,-24.149659863945583,https://finance.naver.com/item/main.naver?code=131290
에스엘,KOSPI,52900.0,2457126708000,7.88,0.96,6749.0,55423.0,0.5689,1367309815930.0,125755180030.0,112151887900.0,,10.62051,자동차부품,79500.0,32650.0,0.1590164121,46448520,005850,35647.0,88787.55,0.40148646966832624,4926119340.0,-24.103299856527983,-14.53957996768982,0.8962630458887535,12.17725493026361,9.197270330752755,56.88999999999999,-33.45911949685535,https://finance.naver.com/item/main.naver?code=005850
한화비전,KOSPI,49700.0,2509272983000,55.54,2.91,902.0,17188.0,1.36841,542288924730.0,65578457510.0,75294760130.0,,-328.00078,통신장비,97900.0,30950.0,0.2371895598,50488390,489790,73280.0,205661.65,0.3563133914368576,10418638876.25,-30.489510489510486,-19.709208400646204,1.2402360867959583,5.247847335350244,12.092900024216949,136.84099999999998,-49.23391215526047,https://finance.naver.com/item/main.naver?code=489790
롯데지주,KOSPI,24250.0,2416846568000,-2.65,0.3,-9028.0,79142.0,1.39049,4093073648310.0,128978572270.0,64351963340.0,,31.65137,복합기업,39600.0,21150.0,0.1010355157,99663776,004990,115924.0,124604.15,0.9303381949959131,2907536276.25,-4.150197628458496,-37.17616580310881,0.9303381949959131,-11.407343761845796,3.1511422308087296,139.049,-38.76262626262626,https://finance.naver.com/item/main.naver?code=004990
서진시스템,KOSDAQ,36800.0,2342347121600,-21.65,2.97,-1801.0,13127.0,2.06156,410183847980.0,-19357186930.0,-40186454790.0,,55.86742,전기장비,83300.0,18790.0,0.1412946248,63650737,178320,1110044.0,1003734.15,1.105914349930208,37858288122.5,-47.50356633380884,3.5161744022503605,2.187044248718647,-13.719814123562124,-4.7191489926594645,206.156,-55.82232893157263,https://finance.naver.com/item/main.naver?code=178320
디앤디파마텍,KOSDAQ,51800.0,2374388146200,-97.81,29.3,-547.0,1826.0,1.38587,662064380.0,-9879995350.0,-7766714990.0,,-75.84231,생물공학,116600.0,35135.276,0.0892171754,45837609,347850,503943.0,1508740.05,0.3340157901952692,85994796533.75,-43.87865655471289,-40.115606936416185,0.5656567544554809,-29.956188389923327,-1492.3013000639,138.587,-55.57461406518009,https://finance.naver.com/item/main.naver?code=347850
한국앤컴퍼니,KOSPI,24600.0,2335406904000,6.72,0.49,3666.0,50477.0,0.09719,339568170580.0,100149796830.0,95691702420.0,,10.62051,자동차부품,36450.0,21550.0,0.0885781086,94935240,000240,40073.0,83106.25,0.4821899676618786,2074455976.25,-0.8064516129032251,-27.2189349112426,0.7434699556290892,7.2627137111951985,29.4932816167484,9.719,-32.51028806584362,https://finance.naver.com/item/main.naver?code=000240
하나마이크론,KOSDAQ,34950.0,2323855871550,55.81,5.92,637.0,6007.0,1.94444,683159243030.0,142321958810.0,85127384080.0,,30.86468,반도체와반도체장비,58500.0,13330.0,0.1936848953,66490869,067310,515064.0,1673495.4,0.3077773622801712,60497506605.0,-16.48745519713262,3.2496307237813937,1.2995291173193546,10.60429498917929,20.83291125195976,194.444,-40.256410256410255,https://finance.naver.com/item/main.naver?code=067310
NHN,KOSPI,70400.0,2305820985600,72.63,1.57,1023.0,47466.0,0.94431,757918045230.0,57905020200.0,29074839380.0,,34.12563,IT서비스,78200.0,24650.0,0.1253002041,32753139,181710,129715.0,359966.8,0.3603526769690983,22244903600.0,43.5270132517839,76.0,0.4959457372179879,2.155226899254203,7.640010759003367,94.431,-9.974424552429673,https://finance.naver.com/item/main.naver?code=181710
HL만도,KOSPI,50300.0,2361943136000,24.32,0.9,2130.0,57793.0,1.4258,2495284875900.0,107018120000.0,58782922200.0,,10.62051,자동차부품,79100.0,32150.0,0.1794526581,46957120,204320,227942.0,486091.25,0.46892841621814835,25120504837.5,-8.876811594202893,-16.166666666666664,0.7413628613969085,3.6855674562663294,4.288813715564268,142.57999999999998,-36.40960809102401,https://finance.naver.com/item/main.naver?code=204320
케이뱅크,KOSPI,5650.0,2292177603150,19.42,0.99,294.0,5781.0,12.40015,324058000000.0,32402000000.0,33206000000.0,,9.36308,은행,9880.0,5210.0,0.0181487651,405695151,279570,303277.0,581902.8,0.521181544409135,3269160290.75,1.4362657091562037,-32.172869147659064,0.88979293449009,5.08562532433835,9.998827370409002,1240.015,-42.81376518218624,https://finance.naver.com/item/main.naver?code=279570
풍산,KOSPI,80900.0,2267164090200,15.2,0.97,5388.0,84137.0,1.04746,1470322219180.0,125210909270.0,82479885720.0,,31.17957,비철금속,159200.0,55200.0,0.1293540551,28024278,103140,115572.0,177254.95,0.6520100002849003,14546209917.5,11.894882434301524,-28.59664607237423,1.2272435833244713,6.4038413539821955,8.515882276459799,104.74600000000001,-49.18341708542714,https://finance.naver.com/item/main.naver?code=103140
한솔케미칼,KOSPI,205500.0,2218174398000,15.42,2.08,13428.0,99420.0,0.38389,247539416450.0,49753611310.0,53664875080.0,,-33.47526,화학,346500.0,159300.0,0.4285857486,10794036,014680,20076.0,39610.4,0.5068365883707309,8419553167.5,-19.883040935672515,-32.06611570247934,1.137075111586856,13.506336753168377,20.09926823918551,38.389,-40.692640692640694,https://finance.naver.com/item/main.naver?code=014680
제일기획,KOSPI,19180.0,2206490695500,9.37,1.24,2049.0,15525.0,1.12533,1074518428890.0,92693736590.0,63536831990.0,,11.3913,광고,23300.0,17760.0,0.1867087994,115041225,030000,158939.0,292584.7,0.543223893798958,5541060385.0,4.866047020229636,-16.24454148471616,1.0889735519321413,13.198067632850242,8.626537628187036,112.53299999999999,-17.68240343347639,https://finance.naver.com/item/main.naver?code=030000
GS리테일,KOSPI,26350.0,2203055385250,50.67,0.67,520.0,39303.0,1.20561,3175142890360.0,109407193000.0,64648505320.0,,36.89842,백화점과일반상점,29950.0,15950.0,0.1371159843,83607415,007070,95899.0,205948.5,0.4656455375979917,5509220650.0,9.791666666666664,14.56521739130434,0.9444060044137248,1.3230542197796604,3.445740767515358,120.561,-12.020033388981632,https://finance.naver.com/item/main.naver?code=007070
SK가스,KOSPI,235000.0,2178272340000,8.71,0.7,26176.0,325701.0,1.47946,2312994733070.0,-43939497660.0,-33032313460.0,,9.4585,가스유틸리티,302000.0,196100.0,0.0581976265,9269244,018670,13711.0,14459.2,0.9482543985836007,3244123485.0,6.094808126410833,-5.241935483870963,1.1631348898970897,8.036819045689144,-1.8996799703767515,147.946,-22.18543046357616,https://finance.naver.com/item/main.naver?code=018670
금호타이어,KOSPI,7450.0,2140089138150,6.09,1.04,1209.0,7065.0,1.38845,1332767136120.0,182237600550.0,137774059840.0,,10.62051,자동차부품,8850.0,4220.0,0.1072684266,287260287,073240,4999164.0,6868846.55,0.7278025449556739,52641952212.0,60.21505376344085,5.077574047954858,0.7278025449556739,17.112526539278132,13.673626518173062,138.845,-15.81920903954802,https://finance.naver.com/item/main.naver?code=073240
동진쎄미켐,KOSDAQ,41900.0,2135648279400,22.11,2.02,1927.0,21091.0,0.81591,346873555790.0,59290515850.0,84971814670.0,,30.86468,반도체와반도체장비,72200.0,27950.0,0.1283352723,50970126,005290,192701.0,398195.5,0.48393565472236627,16740028202.5,-23.67941712204007,-20.190476190476193,0.8918659301775133,9.136598549144184,17.092832491934022,81.59100000000001,-41.96675900277008,https://finance.naver.com/item/main.naver?code=005290
현대백화점,KOSPI,97800.0,2109048393600,9.97,0.45,9572.0,210969.0,0.87599,1068052590000.0,79318730000.0,60829593000.0,,36.89842,백화점과일반상점,222000.0,69050.0,0.2866899248,21564912,069960,204448.0,184439.3,1.1084839294011635,18767268525.0,-33.24232081911263,-10.110294117647056,1.1084839294011635,4.5371594878868455,7.426481686636797,87.599,-55.94594594594595,https://finance.naver.com/item/main.naver?code=069960
이수스페셜티케미컬,KOSPI,69600.0,2103233491200,2692.31,15.92,26.0,4398.0,2.01069,108029149000.0,7737005000.0,3627145000.0,,-33.47526,화학,131800.0,43000.0,0.0528758651,30218872,457190,308715.0,115259.7,2.678429667958532,7375778407.5,-18.596491228070178,-27.800829875518673,2.678429667958532,0.5911778080945885,7.161960518637428,201.069,-47.19271623672231,https://finance.naver.com/item/main.naver?code=457190
롯데에너지머티리얼즈,KOSPI,39850.0,2086763700550,-12.33,1.2,-3065.0,31623.0,0.31536,194197979590.0,-16896328510.0,-18781791970.0,,264.33639,전자장비와기기,83100.0,21600.0,0.0809939177,52365463,020150,808689.0,197188.4,4.101098239044488,6461232248.75,-27.938517179023503,-9.637188208616775,4.101098239044488,-9.692312557315878,-8.700568639113719,31.535999999999998,-52.04572803850782,https://finance.naver.com/item/main.naver?code=020150
대한광통신,KOSDAQ,13310.0,2069514134600,-58.9,28.84,-237.0,484.0,1.55218,49053665500.0,956781920.0,444593210.0,,-328.00078,통신장비,31500.0,1049.296,0.0256417923,155485660,010170,3873954.0,12993666.05,0.29814172421339086,165221333484.0,-26.38274336283186,179.6218487394958,2.1097827121699804,-48.96694214876033,1.950479969738449,155.218,-57.74603174603175,https://finance.naver.com/item/main.naver?code=010170
한전KPS,KOSPI,45350.0,2040750000000,16.59,1.53,2761.0,29906.0,0.25075,437938590100.0,43579646760.0,38273641990.0,,3.13891,전기유틸리티,69000.0,41500.0,0.0846553778,45000000,051600,69613.0,121766.35,0.5716932469438395,5606594971.25,-6.783144912641315,-28.129952456418383,3.3444379337969807,9.23226108473216,9.95108623564069,25.074999999999996,-34.27536231884057,https://finance.naver.com/item/main.naver?code=051600
이마트,KOSPI,74800.0,2064167261200,14.61,0.18,5084.0,410591.0,1.33722,6915029941460.0,-43037624220.0,-136781502140.0,,36.89842,백화점과일반상점,136400.0,70300.0,0.2398732938,27595819,139480,108490.0,120816.85,0.8979707714610999,9259116570.0,-16.143497757847534,-33.45195729537367,0.9015960935912498,1.238215158150081,-0.6223779880107545,133.722,-45.16129032258065,https://finance.naver.com/item/main.naver?code=139480
메지온,KOSDAQ,66500.0,2036341321000,-61.38,125.8,-1160.0,566.0,2.20785,2200899870.0,-4540625130.0,7685387190.0,,35.44428,식품,179900.0,42100.0,0.2473094057,30621674,140410,114935.0,149599.6,0.7682841397971653,9094927342.5,6.913183279742774,-50.70422535211267,0.7682841397971653,-204.94699646643107,-206.30766496433117,220.785,-63.035019455252915,https://finance.naver.com/item/main.naver?code=140410
에스피지,KOSDAQ,90300.0,2002615608000,226.46,8.02,412.0,11633.0,0.67887,88770106740.0,3996957640.0,2435275070.0,,-82.80274,전기제품,165700.0,25750.0,0.0442532384,22177360,058610,155590.0,707964.55,0.2197708910707464,76513255527.5,-12.921890067502407,-30.054221533694815,0.4803672726268568,3.5416487578440647,4.502594157858506,67.887,-45.503922751961376,https://finance.naver.com/item/main.naver?code=058610
씨에스윈드,KOSPI,47300.0,1994707361900,58.42,1.76,837.0,27826.0,1.61711,686396223210.0,86031237020.0,61062432230.0,,-42.48075,에너지장비및서비스,79400.0,34500.0,0.1724082549,42171403,112610,243314.0,406552.65,0.5984809101600985,18393020072.5,7.8677309007981755,-2.6748971193415683,0.9942230114598932,3.0079781499317186,12.533757341738621,161.711,-40.42821158690176,https://finance.naver.com/item/main.naver?code=112610
펄어비스,KOSDAQ,31350.0,1970156578500,-230.66,2.43,-137.0,13011.0,0.2241,192610521760.0,67625499270.0,99542325760.0,,18.38474,게임엔터테인먼트,77400.0,29450.0,0.0470879676,62843910,263750,202465.0,511608.8,0.3957418246128683,16571417463.75,-22.5925925925926,-38.76953125,0.705615306069794,-1.0529551917608178,35.10997148653381,22.41,-59.496124031007746,https://finance.naver.com/item/main.naver?code=263750
시프트업,KOSPI,33050.0,1941419464500,9.91,2.06,3293.0,15882.0,0.12987,55723749280.0,28117514580.0,41735620720.0,,18.38474,게임엔터테인먼트,42750.0,27500.0,0.3695030412,58741890,462870,30366.0,51069.95,0.5945962351637314,1635091183.75,8.183306055646478,-2.363367799113736,1.1489927051034905,20.73416446291399,50.458762992984305,12.987000000000002,-22.690058479532162,https://finance.naver.com/item/main.naver?code=462870
고영,KOSDAQ,28050.0,1913128174650,127.01,5.6,224.0,5079.0,0.26163,88759068560.0,14552561110.0,15724243440.0,,264.33639,전자장비와기기,45000.0,13800.0,0.2636865262,68204213,098460,357112.0,946797.7,0.37717877852892967,28426987606.25,-10.526315789473683,-9.661835748792269,0.602012446798297,4.410316991533766,16.39557663920578,26.162999999999997,-37.66666666666667,https://finance.naver.com/item/main.naver?code=098460
롯데렌탈,KOSPI,51400.0,1866302543200,13.47,1.1,3514.0,43125.0,4.12629,765763505340.0,84637726230.0,18291248620.0,,13.62122,도로와철도운송,53100.0,26650.0,0.0640635695,36309388,089860,439184.0,170193.8,2.5804935314917468,7537478575.0,71.04825291181365,50.51244509516837,2.5804935314917468,8.148405797101448,11.052723933666798,412.629,-3.2015065913371,https://finance.naver.com/item/main.naver?code=089860
비에이치아이,KOSDAQ,61200.0,1893795750000,29.81,10.94,2107.0,5739.0,4.44608,296273189760.0,45483095560.0,20318448640.0,,-42.48075,에너지장비및서비스,114200.0,33150.0,0.101572903,30944375,083650,232121.0,416610.25,0.5571658402547705,23972844943.75,-9.063893016344727,-32.37569060773481,1.4288630680594152,36.713713190451294,15.35174195034123,444.608,-46.40980735551664,https://finance.naver.com/item/main.naver?code=083650
우리기술,KOSDAQ,10750.0,1857434579000,2320.0,15.36,5.0,755.0,1.23865,19793567450.0,-1134042430.0,20080369670.0,,42.45479,우주항공과국방,30200.0,3540.0,0.0555186361,172784612,032820,4209626.0,3018828.25,1.3944569387145493,35317376787.75,-24.295774647887324,-36.503248670998225,3.1231935768455856,0.6622516556291391,-5.729348349481084,123.86500000000001,-64.40397350993378,https://finance.naver.com/item/main.naver?code=032820
셀트리온제약,KOSDAQ,41550.0,1844916894600,47.66,4.24,875.0,9844.0,0.7346,153290879060.0,19305676050.0,13721037610.0,,48.4019,제약,78300.0,37000.0,0.048660237,44402332,068760,61490.0,82794.2,0.7426848740612265,3561896562.5,-5.028571428571427,-44.893899204244036,1.191713912327192,8.888663145062981,12.594145306221066,73.46000000000001,-46.93486590038314,https://finance.naver.com/item/main.naver?code=068760
대한조선,KOSPI,47250.0,1799692492500,6.49,1.68,7314.0,28354.0,0.47028,354435070880.0,95248495370.0,78723703940.0,,20.70862,조선,109700.0,42100.0,0.0183824979,38088730,439260,36168.0,65271.45,0.554116692673443,3349552338.75,-21.250000000000004,-47.67441860465116,1.1399777391187111,25.79530225012344,26.873326935033464,47.028,-56.92798541476755,https://finance.naver.com/item/main.naver?code=439260
테크윙,KOSDAQ,48050.0,1780427642250,188.59,8.24,263.0,6018.0,2.13888,56776728490.0,12507979530.0,5080287550.0,,30.86468,반도체와반도체장비,74000.0,31625.0,0.1726291165,37053645,089030,303767.0,558153.85,0.5442352498329985,26708671592.5,-12.157221206581347,9.080590238365494,0.7550570510263434,4.370222665337321,22.030116673952097,213.88799999999998,-35.06756756756757,https://finance.naver.com/item/main.naver?code=089030
HD현대마린엔진,KOSPI,52300.0,1774094188500,10.7,3.61,4867.0,14413.0,0.89106,128119406960.0,31285526010.0,31873394370.0,,20.70862,조선,118200.0,46500.0,0.1302405156,33921495,071970,128936.0,187038.4,0.6893557686549928,10168904623.75,-20.51671732522796,-42.903930131004365,1.0460151498301953,33.76812599736349,24.419037484124175,89.106,-55.752961082910325,https://finance.naver.com/item/main.naver?code=071970
SK이터닉스,KOSPI,51800.0,1764670807200,60.37,6.79,911.0,8095.0,3.63268,240891560120.0,4682586130.0,-2892906060.0,,-42.48075,에너지장비및서비스,87700.0,17210.0,0.0288568375,34067004,475150,1029451.0,3902233.15,0.2638107361678274,215642465647.5,46.53465346534653,75.0,0.4414933536198369,11.25386040765905,1.9438564504573645,363.26800000000003,-40.935005701254276,https://finance.naver.com/item/main.naver?code=475150
코오롱인더,KOSPI,58900.0,1763821284800,264.44,0.46,225.0,129709.0,0.86542,1356513249420.0,98748108610.0,65997917010.0,,-33.47526,화학,104900.0,33750.0,0.1803777542,29946032,120110,262540.0,177222.5,1.4814146059332196,9727321137.5,-10.62215477996965,-3.7581699346405206,1.4814146059332196,0.17346521829634026,7.279553565158424,86.542,-43.8512869399428,https://finance.naver.com/item/main.naver?code=120110
호텔신라,KOSPI,44800.0,1758315820800,-9.66,1.51,-4566.0,29223.0,2.07043,971829935000.0,61141705000.0,21449048000.0,,36.89842,백화점과일반상점,70300.0,39700.0,0.2129447675,39248121,008770,277940.0,273185.65,1.0174033665384692,11580314137.5,-18.9873417721519,-7.818930041152261,1.116804634504045,-15.624679191048147,6.291399636707013,207.043,-36.273115220483646,https://finance.naver.com/item/main.naver?code=008770
다우기술,KOSPI,39450.0,1707684458400,3.33,0.49,11707.0,79869.0,12.12393,16184969595240.0,817754206190.0,678203792310.0,,8.14824,증권,62300.0,32300.0,0.2751204094,43287312,023590,15192.0,32101.4,0.4732503878335524,1249063238.75,0.8951406649616356,-35.853658536585364,2.6773287146354985,14.657752069013007,5.0525532431676705,1212.393,-36.67736757624398,https://finance.naver.com/item/main.naver?code=023590
CJ대한통운,KOSPI,73500.0,1676707284000,6.48,0.35,11347.0,207860.0,1.42205,3379978742010.0,101566441440.0,36766682560.0,,8.69822,항공화물운송과물류,154000.0,69400.0,0.1572974702,22812344,000120,49879.0,46503.4,1.072588240859808,3494920942.5,-10.256410256410254,-46.89306358381503,1.072588240859808,5.458962763398442,3.0049432020865505,142.205,-52.27272727272727,https://finance.naver.com/item/main.naver?code=000120
동원산업,KOSPI,37950.0,1675144081050,4.37,0.48,8793.0,79927.0,0.99631,2571953804710.0,151458058090.0,104623125670.0,,35.44428,식품,51500.0,29850.0,0.0459065338,44140819,006040,36495.0,49840.7,0.7322328940002849,1862637375.0,10.8029197080292,-17.500000000000004,0.9637103812747414,11.001288675916774,5.8888327547966055,99.631,-26.31067961165049,https://finance.naver.com/item/main.naver?code=006040
LS마린솔루션,KOSDAQ,31850.0,1663807499900,153.49,2.67,215.0,12341.0,0.24123,95440343610.0,6121569380.0,6975962360.0,,36.90859,건설,51600.0,21650.0,0.0249481545,52238854,060370,82896.0,109705.2,0.7556250752015401,3478437866.25,4.7697368421052655,0.4731861198738141,1.0621374374232033,1.7421602787456445,6.414026970622304,24.123,-38.275193798449614,https://finance.naver.com/item/main.naver?code=060370
네이처셀,KOSDAQ,25800.0,1662424444800,-590.91,26.58,-44.0,978.0,0.40692,6195914450.0,-701540410.0,-637062630.0,,-75.84231,생물공학,36950.0,16550.0,0.0716116395,64435056,007390,253398.0,371306.75,0.6824492148338267,8679368415.0,-24.005891016200298,11.93058568329719,1.6742518147057655,-4.4989775051124745,-11.322629059218208,40.692,-30.175913396481736,https://finance.naver.com/item/main.naver?code=007390
현대위아,KOSPI,59000.0,1604509897000,16.15,0.44,3716.0,135750.0,0.73505,2353743000000.0,50386000000.0,50579000000.0,,10.62051,자동차부품,112600.0,46950.0,0.1967333948,27195083,011210,46617.0,60539.4,0.77002745319577,3756052562.5,-26.249999999999996,-31.870669745958423,1.2765075306329432,2.7373848987108653,2.1406755113026357,73.505,-47.60213143872114,https://finance.naver.com/item/main.naver?code=011210
LX인터내셔널,KOSPI,39700.0,1538772000000,9.88,0.51,3943.0,77069.0,1.65418,4776320982020.0,117835472890.0,78763061820.0,,16.3601,무역회사와판매업체,57700.0,29000.0,0.264474484,38760000,001120,102151.0,83728.4,1.2200280908270074,3094016280.0,0.37926675094817064,-16.684155299055615,1.2200280908270074,5.116194578883857,2.4670760891820356,165.418,-31.195840554592724,https://finance.naver.com/item/main.naver?code=001120
아시아나항공,KOSPI,7710.0,1588188381810,-5.26,2.1,-1446.0,3623.0,54.96466,1844111928500.0,-356276433490.0,-407179826670.0,,133.28483,항공사,9590.0,6500.0,0.036576125,205990711,020560,180321.0,106698.55,1.6900042221754654,776058968.5,12.719298245614041,-1.2804097311139517,4.723569345600292,-39.91167540712117,-19.319675122962582,5496.466,-19.603753910323253,https://finance.naver.com/item/main.naver?code=020560
코오롱티슈진,KOSDAQ,17940.0,1524364670400,,,,,1.51415,819268000.0,-7121222000.0,49649171000.0,,-75.84231,생물공학,149000.0,11470.0,0.0381152748,84970160,950160,1279158.0,3902938.0,0.3277423315461327,82376165259.0,-81.91532258064515,-81.46694214876034,0.49289919542662475,,-869.2176430667375,151.41500000000002,-87.95973154362416,https://finance.naver.com/item/main.naver?code=950160
에임드바이오,KOSDAQ,23750.0,1535940073750,226.85,8.16,108.0,3002.0,0.03681,20197147790.0,8520436920.0,10882978530.0,,-75.84231,생물공학,80200.0,17400.0,0.0235081445,64671161,0009K0,105857.0,144459.3,0.7327807901602735,3645430039.25,-10.377358490566035,-54.06189555125726,0.7327807901602735,3.597601598934044,42.186337440272794,3.681,-70.3865336658354,https://finance.naver.com/item/main.naver?code=0009K0
IPARK현대산업개발,KOSPI,23050.0,1519163956500,9.45,0.46,2476.0,50647.0,1.28476,914639719530.0,122718510000.0,83711676990.0,,36.90859,건설,25050.0,16900.0,0.176959543,65907330,294870,96667.0,179060.25,0.5398573943686552,3960303597.0,18.144541260891845,-3.556485355648531,1.0499091786144608,4.8887397081762,13.417142004620198,128.476,-7.984031936127744,https://finance.naver.com/item/main.naver?code=294870
HD현대에너지솔루션,KOSPI,133900.0,1499680000000,38.24,3.81,3721.0,37302.0,0.36392,165037257500.0,36114687940.0,30744622940.0,,-42.48075,에너지장비및서비스,256000.0,42250.0,0.0732560714,11200000,322000,185197.0,405670.2,0.4565210853545565,52763656820.0,-16.573208722741427,64.90147783251233,0.7974211563974873,9.975336443086162,21.882748469690245,36.392,-47.6953125,https://finance.naver.com/item/main.naver?code=322000
녹십자,KOSPI,128100.0,1497045517800,-314.88,1.21,-410.0,106673.0,1.12439,421179665230.0,1729683180.0,1050149570.0,,48.4019,제약,183800.0,105900.0,0.2387565077,11686538,006280,13517.0,31150.35,0.43392770867743063,3887158302.5,0.9456264775413725,-25.99653379549394,0.6205066716746361,-0.3843521790893666,0.41067585232431525,112.439,-30.30467899891186,https://finance.naver.com/item/main.naver?code=006280
효성티앤씨,KOSPI,345000.0,1493050290000,141.24,0.98,2517.0,364612.0,1.88178,2416150883810.0,188761842590.0,123915819310.0,,16.3601,무역회사와판매업체,557000.0,199000.0,0.2145873934,4327682,298020,17420.0,20757.6,0.8392106987320307,6757411025.0,1.3215859030837107,-10.273081924577376,1.0978629514009328,0.6903228637565412,7.8125022677533975,188.178,-38.06104129263914,https://finance.naver.com/item/main.naver?code=298020
HJ중공업,KOSPI,16500.0,1489873176000,29.51,2.27,570.0,7416.0,2.51213,729908000000.0,64853000000.0,62543000000.0,,36.90859,건설,34350.0,12910.0,0.0569583189,90295344,097230,129950.0,257685.35,0.5042971981139013,4413534810.25,-24.13793103448276,-35.546875,0.5689070022801064,7.686084142394822,8.885092367805257,251.213,-51.96506550218341,https://finance.naver.com/item/main.naver?code=097230
세아베스틸지주,KOSPI,41350.0,1482898620650,26.16,0.76,1567.0,54192.0,1.1523,1135709521550.0,59839774820.0,35167437390.0,,43.89712,철강,92500.0,23050.0,0.0704168094,35862119,001430,66997.0,148541.55,0.4510320513014709,6183467141.25,-15.526046986721143,-41.34751773049645,0.7948819707347877,2.8915707115441394,5.268933092885542,115.23,-55.2972972972973,https://finance.naver.com/item/main.naver?code=001430
대웅제약,KOSPI,126800.0,1469177710000,7.46,1.45,17022.0,87439.0,1.12976,448464138490.0,68068583250.0,19916270470.0,,48.4019,제약,199400.0,105000.0,0.1510685427,11586575,069620,18628.0,27402.3,0.679796951350799,3356856992.5,4.706853839801806,-33.92391870766024,1.2462092598066585,19.46728576493327,15.17815526547789,112.97600000000001,-36.40922768304915,https://finance.naver.com/item/main.naver?code=069620
태성,KOSDAQ,48000.0,1465823040000,-576.47,11.67,-85.0,4199.0,0.59834,30518470360.0,3118058690.0,3466455910.0,,264.33639,전자장비와기기,94000.0,23000.0,0.0414835231,30537980,323280,120949.0,335750.7,0.3602345430702006,15378765773.75,-11.602209944751385,-33.147632311977716,0.44125894599772986,-2.0242914979757085,10.216956004737323,59.833999999999996,-48.93617021276596,https://finance.naver.com/item/main.naver?code=323280
엘앤씨바이오,KOSDAQ,53700.0,1448273104800,-9.14,6.53,-5811.0,8128.0,0.42435,38785377750.0,8579727950.0,-28122597850.0,,-34.27735,건강관리장비와용품,125000.0,29200.0,0.2265987791,26969704,290650,125059.0,224764.95,0.5563990292970501,12495012946.25,-37.7030162412993,-45.14811031664965,0.9551934142756688,-71.49360236220473,22.121037482998346,42.435,-57.04,https://finance.naver.com/item/main.naver?code=290650
LS에코에너지,KOSPI,47250.0,1447025532750,33.24,6.68,1387.0,6898.0,1.14827,350271469180.0,25256211370.0,19138089260.0,,55.86742,전기장비,109800.0,32000.0,0.0672535882,30624879,229640,64633.0,88897.15,0.7270536794486663,4107861210.0,-21.51162790697675,4.419889502762442,1.8594859340260066,20.107277471730935,7.210467763510923,114.82699999999998,-56.9672131147541,https://finance.naver.com/item/main.naver?code=229640
대주전자재료,KOSDAQ,91300.0,1433787799400,66.96,5.5,1377.0,16760.0,1.38368,100581579530.0,6783880800.0,4258311880.0,,264.33639,전자장비와기기,183300.0,58900.0,0.1384182946,15704138,078600,311412.0,185312.6,1.6804685704048186,16445486397.5,-25.225225225225223,-2.8723404255319163,1.6804685704048186,8.21599045346062,6.744655265606167,138.368,-50.190943807965084,https://finance.naver.com/item/main.naver?code=078600
코리아써키트,KOSPI,59400.0,1424567628000,35.52,3.81,1726.0,16070.0,0.8162,407179666180.0,19290297930.0,17621761470.0,,264.33639,전자장비와기기,148300.0,12020.0,0.0571283288,23982620,007810,144423.0,384747.2,0.3753711527985129,22853670188.75,-49.532710280373834,-1.0000000000000009,1.1445957241534181,10.74051026757934,4.737539600386731,81.62,-59.94605529332434,https://finance.naver.com/item/main.naver?code=007810
브이엠,KOSDAQ,54100.0,1424277986500,49.78,8.28,1135.0,6824.0,0.21035,72292819990.0,20054641810.0,17905820030.0,,30.86468,반도체와반도체장비,122100.0,12400.0,0.1460952001,26326765,089970,389436.0,520639.25,0.747995853174727,33531992062.5,-20.44117647058824,56.13275613275612,1.3333435771505895,16.63247362250879,27.740848693928505,21.035,-55.69205569205569,https://finance.naver.com/item/main.naver?code=089970
오스코텍,KOSDAQ,37000.0,1415552512000,25.62,7.4,1368.0,4739.0,0.19215,52648538750.0,38672297970.0,40754788820.0,,48.4019,제약,66000.0,27300.0,0.121830403,38258176,039200,161788.0,180534.4,0.8961616179520357,6578016652.5,-11.377245508982037,-31.985294117647058,1.4553237499335308,28.86684954631779,73.453696699227,19.215,-43.939393939393945,https://finance.naver.com/item/main.naver?code=039200
후성,KOSPI,12700.0,1362142691000,262.6,4.21,50.0,3118.0,1.10709,188221516550.0,23399254120.0,24958712300.0,,-33.47526,화학,23550.0,5450.0,0.1106563842,107255330,093370,2075185.0,3546852.65,0.5850778717858494,41799130053.25,9.200343938091148,55.446756425948585,0.7953273728470226,1.603592046183451,12.431763673407719,110.70899999999999,-46.07218683651805,https://finance.naver.com/item/main.naver?code=093370
오뚜기,KOSPI,336500.0,1348634795000,16.59,0.56,20279.0,603102.0,0.69831,943801725700.0,45258374730.0,33205179090.0,,35.44428,식품,470000.0,290500.0,0.1116911146,4007830,007310,2900.0,4736.7,0.6122405894399054,1562750150.0,2.43531202435312,-18.621523579201938,1.3655076318956236,3.3624494695756275,4.7953265498039555,69.831,-28.40425531914894,https://finance.naver.com/item/main.naver?code=007310
코스모신소재,KOSPI,40200.0,1335225754200,-2590.63,2.71,-16.0,15288.0,0.58299,137684386640.0,4653102070.0,1236335260.0,,-33.47526,화학,66400.0,26600.0,0.0644281993,33214571,005070,67641.0,90356.8,0.7485988879641599,3463235702.5,-12.608695652173918,-29.84293193717278,1.4397920245072866,-0.10465724751439037,3.379542287657025,58.299,-39.45783132530121,https://finance.naver.com/item/main.naver?code=005070
HDC,KOSPI,22350.0,1335227464350,3.73,0.38,6057.0,59006.0,1.20503,1519714183590.0,228381795440.0,256782004990.0,,36.90859,건설,30650.0,15850.0,0.2433721653,59741721,012630,56522.0,58435.55,0.9672536666464164,1298097906.25,9.82800982800982,-7.0686070686070686,1.893590459916951,10.265057790733145,15.027943932226574,120.503,-27.079934747145185,https://finance.naver.com/item/main.naver?code=012630
롯데웰푸드,KOSPI,144700.0,1331901857800,17.82,0.59,8176.0,247808.0,0.99536,1155747701060.0,64708988700.0,36082295690.0,,35.44428,식품,155000.0,90000.0,0.1354539602,9204574,280360,44854.0,47401.4,0.9462589712540136,6131983152.5,33.24125230202579,6.710914454277295,2.5874974156881443,3.2993285123966944,5.5988853484762995,99.536,-6.6451612903225765,https://finance.naver.com/item/main.naver?code=280360
SK네트웍스,KOSPI,6640.0,1331943422960,25.56,0.63,257.0,10430.0,1.47889,1444497000000.0,24791000000.0,49655000000.0,,31.65137,복합기업,16240.0,4275.0,0.1794883741,200593889,001740,873538.0,1064835.65,0.8203500699849785,7817949566.75,-39.08256880733945,20.508166969147013,1.0393556977548601,2.464046021093001,1.7162375553566398,147.889,-59.11330049261083,https://finance.naver.com/item/main.naver?code=001740
기가비스,KOSDAQ,104800.0,1328419438400,92.45,6.77,1219.0,16646.0,0.17724,22307133450.0,6610590500.0,5996928870.0,,30.86468,반도체와반도체장비,206000.0,25500.0,0.0607014586,12675758,420770,159085.0,116110.95,1.3701119489591638,13449764112.5,-27.222222222222225,66.34920634920636,1.549647126304625,7.323080619968761,29.634423960466332,17.724,-49.126213592233015,https://finance.naver.com/item/main.naver?code=420770
SK아이이테크놀로지,KOSPI,16140.0,1320043794000,-5.78,0.51,-2800.0,31808.0,1.51834,39526333000.0,-63448326000.0,-1327762742000.0,,-82.80274,전기제품,35100.0,11840.0,0.0446723628,81787100,361610,520664.0,597900.55,0.8708204065040581,10283734552.25,-9.325842696629216,-38.51428571428571,9.251976771053313,-8.80281690140845,-160.52166033211327,151.834,-54.017094017094024,https://finance.naver.com/item/main.naver?code=361610
코미코,KOSDAQ,25550.0,1312331676250,26.27,4.83,1007.0,5472.0,2.22354,175961637380.0,27050200980.0,8967917810.0,,30.86468,반도체와반도체장비,55782.353,16144.405,0.254739286,51363275,183300,305690.0,344057.85,0.8884843057642778,14678649638.75,-82.24461431549688,-76.62397072278134,1.2939190313489433,18.40277777777778,15.372783171813426,222.35399999999998,-54.19698412506909,https://finance.naver.com/item/main.naver?code=183300
케이씨텍,KOSPI,66000.0,1306711626000,25.47,2.54,2686.0,26877.0,0.14101,112688832960.0,23521741080.0,21110597040.0,,30.86468,반도체와반도체장비,124800.0,30850.0,0.1235669422,19798661,281820,126113.0,184888.95,0.6821013370458321,12531652135.0,1.071975497702904,37.5,1.3309070120199178,9.993674889310562,20.873178346206913,14.100999999999999,-47.11538461538461,https://finance.naver.com/item/main.naver?code=281820
KB발해인프라,KOSPI,10540.0,1291630075920,0.0,0.0,0.0,0.0,,,,,,6.56369,운송인프라,11380.0,8500.0,0.0151376123,122545548,415640,149339.0,108106.0,1.381412687547407,1118267316.0,8.884297520661155,4.667328699106266,1.5136255156975562,,,,-7.3813708260105475,https://finance.naver.com/item/main.naver?code=415640
오름테라퓨틱,KOSDAQ,59200.0,1285799728000,-32.23,10.54,-2017.0,6165.0,0.56982,24105270.0,-15352897690.0,63384312380.0,,48.4019,제약,146600.0,25750.0,0.0607935969,21719590,475830,151981.0,154595.15,0.9830903492121196,10081596537.5,-6.180665610142633,-54.705432287681724,0.9830903492121196,-32.7169505271695,-63691.042207782775,56.982,-59.61800818553888,https://finance.naver.com/item/main.naver?code=475830
한일시멘트,KOSPI,17070.0,1255416717630,16.03,0.67,1061.0,25406.0,0.62143,370950768340.0,61562117840.0,48363667340.0,,7.62098,건축자재,21150.0,12710.0,0.0447956576,73545209,300720,106596.0,90736.3,1.17478892130272,1408776742.0,19.20391061452513,-7.4295010845987,2.6798205348906667,4.176178855388491,16.595765016336184,62.143,-19.290780141843967,https://finance.naver.com/item/main.naver?code=300720
대신증권,KOSPI,26900.0,1282218789400,11.23,0.51,2413.0,53208.0,8.56739,2401389120000.0,102459635000.0,145487475000.0,,8.14824,증권,51400.0,22750.0,0.0989662344,47666126,003540,26666.0,60313.65,0.44212213984728166,1602917712.5,-10.33333333333334,-42.27467811158798,0.7029254571726301,4.53503232596602,4.2666819028479654,856.7389999999999,-47.66536964980544,https://finance.naver.com/item/main.naver?code=003540
더블유게임즈,KOSPI,58500.0,1238647878000,8.8,0.95,6651.0,61507.0,0.10546,210628862680.0,70071579600.0,65033071470.0,,18.38474,게임엔터테인먼트,76500.0,47000.0,0.2095126316,21173468,192080,66087.0,45331.05,1.4578749003166702,2704186525.0,-17.721518987341767,2.2727272727272707,1.4578749003166702,10.813403352463947,33.26779564226055,10.546,-23.529411764705888,https://finance.naver.com/item/main.naver?code=192080
한국카본,KOSPI,23850.0,1232484191100,11.82,2.1,2043.0,11519.0,0.68861,243377663940.0,50399828670.0,36561668930.0,,20.70862,조선,54100.0,18530.0,0.1312777924,51676486,017960,127971.0,270193.5,0.4736272338157654,6465951295.0,-26.046511627906977,-41.68704156479217,1.9514792176717797,17.73591457591805,20.70848567369974,68.861,-55.91497227356748,https://finance.naver.com/item/main.naver?code=017960
롯데정밀화학,KOSPI,47700.0,1230660000000,11.48,0.5,4165.0,95632.0,0.11084,586274822120.0,61908017610.0,94165203670.0,,-33.47526,화학,71800.0,41000.0,0.2372627907,25800000,004000,40412.0,45354.6,0.8910231817720805,2100388407.5,-0.7284079084287187,-4.790419161676651,1.2279680561618889,4.355236740839887,10.559555906927304,11.084,-33.56545961002786,https://finance.naver.com/item/main.naver?code=004000
성호전자,KOSDAQ,16490.0,1210919272480,12.64,4.8,1343.0,3536.0,2.23131,85242926090.0,6892730830.0,-45996985800.0,,-82.80274,전기제품,59600.0,1030.0,0.0269046226,73433552,043260,475566.0,1923570.55,0.2472308592996498,36603068106.75,-66.20901639344262,-32.96747967479675,0.6057932213611816,37.980769230769226,8.085985718888407,223.131,-72.33221476510067,https://finance.naver.com/item/main.naver?code=043260
RFHIC,KOSDAQ,45000.0,1195894890000,41.47,3.51,1131.0,13376.0,0.33585,51501149690.0,11186415360.0,12062643210.0,,-328.00078,통신장비,126900.0,24300.0,0.2222100765,26575442,218410,235690.0,368778.45,0.6391100130715338,18669963773.75,-45.652173913043484,-23.728813559322038,0.6669776935176119,8.455442583732058,21.72070997896979,33.585,-64.53900709219857,https://finance.naver.com/item/main.naver?code=218410
교보증권,KOSPI,10330.0,1177237387130,8.05,0.54,1266.0,18773.0,8.14841,2395697867000.0,95907271000.0,68411373000.0,,8.14824,증권,18220.0,8120.0,0.0106622361,113962961,030610,25788.0,45918.2,0.5616073800802297,464885166.75,-9.465381244522353,-34.119897959183675,1.1573842180224836,6.7437276940286575,4.003312451085469,814.841,-43.30406147091108,https://finance.naver.com/item/main.naver?code=030610
제이에스링크,KOSDAQ,32000.0,1172338144000,-54.91,15.37,-601.0,2147.0,0.81346,6311115440.0,-4163592330.0,8012904070.0,,-34.66388,생명과학도구및서비스,49900.0,13860.0,0.0310354689,36635567,127120,156744.0,163681.3,0.9576170277239978,6015452343.75,-19.395465994962212,-14.209115281501338,1.1287117098898898,-27.992547741034002,-65.97236842810786,81.34599999999999,-35.87174348697395,https://finance.naver.com/item/main.naver?code=127120
삼화콘덴서,KOSPI,112500.0,1169437500000,92.3,4.22,1221.0,26701.0,0.23026,82846780040.0,8637921250.0,8319746740.0,,-82.80274,전기제품,196800.0,25450.0,0.0532542569,10395000,001820,424878.0,879082.8,0.4833196599910725,85909919565.0,0.6261180679785427,97.36842105263158,1.774443772532007,4.572862439609003,10.426381382389813,23.026,-42.83536585365854,https://finance.naver.com/item/main.naver?code=001820
제이앤티씨,KOSDAQ,19840.0,1147713565440,-12.47,4.62,-1604.0,4333.0,1.74879,38831737880.0,-25005727650.0,-24671954450.0,,95.46514,핸드셋,30100.0,11140.0,0.0353783279,57848466,204270,255780.0,471129.6,0.5429079387073111,8606746928.25,13.177410154021674,-16.286919831223635,1.7947588094655909,-37.01823217170552,-64.39507736499998,174.87900000000002,-34.08637873754152,https://finance.naver.com/item/main.naver?code=204270
하이트진로,KOSPI,15600.0,1094084331600,26.09,0.97,596.0,16066.0,1.72646,618592498750.0,64937902200.0,40549320740.0,,17.2861,음료,19530.0,13830.0,0.0749438668,70133611,000080,81161.0,111395.35,0.7285851698477539,1715448428.0,-3.165735567970207,-14.049586776859503,1.217680989377025,3.709697497821486,10.497686656598825,172.64600000000002,-20.122887864823348,https://finance.naver.com/item/main.naver?code=000080
삼아알미늄,KOSPI,70900.0,1072252959500,-42.26,4.83,-1692.0,14814.0,1.39911,96924845540.0,1744641020.0,261235530.0,,31.17957,비철금속,104600.0,19000.0,0.3863787078,15123455,006110,187965.0,227178.15,0.8273903102036881,12233001268.75,-1.3908205841446475,122.25705329153604,1.7432002153376107,-11.421628189550425,1.7999936035802115,139.911,-32.217973231357554,https://finance.naver.com/item/main.naver?code=006110
태광산업,KOSPI,953000.0,1061070200000,9.7,0.2,96033.0,4669556.0,0.13422,557672402730.0,-1081792480.0,58666537920.0,,-33.47526,화학,1634000.0,708000.0,0.0339213221,1113400,003240,1765.0,1562.2,1.129816924849571,1407392400.0,9.540229885057471,-17.986230636833046,1.129816924849571,2.05657668523517,-0.19398350621337013,13.422,-41.676866585067316,https://finance.naver.com/item/main.naver?code=003240
한화투자증권,KOSPI,4930.0,1057720530750,10.56,0.52,467.0,9484.0,8.34304,1659350000000.0,29649000000.0,19127000000.0,,8.14824,증권,10300.0,3515.0,0.0610875317,214547775,003530,1004584.0,1826983.35,0.5498594171643655,8837992898.1,-17.420435510887778,-43.071593533487295,2.003692042404218,4.924082665541966,1.7867839816795732,834.304,-52.135922330097095,https://finance.naver.com/item/main.naver?code=003530
DL,KOSPI,50600.0,1060367730400,-12.94,0.28,-3895.0,177828.0,1.44393,1667870966620.0,256506513550.0,152719006560.0,,-33.47526,화학,77700.0,33900.0,0.216650703,20955884,000210,76386.0,77171.0,0.9898277850487878,3810488311.25,0.9980039920159722,0.7968127490039834,0.9898277850487878,-2.1903187349573745,15.37927805469386,144.393,-34.87773487773488,https://finance.naver.com/item/main.naver?code=000210
롯데관광개발,KOSPI,13190.0,1051578791020,37.3,2.84,356.0,4677.0,4.84441,203273425100.0,51929106410.0,14631454540.0,,15.6358,"호텔,레스토랑,레저",27700.0,10150.0,0.208862908,79725458,032350,235091.0,318653.6,0.7377635149893176,4134708233.0,-28.04146208401528,-48.07086614173228,1.1839251149210304,7.611716912550781,25.546431553683703,484.441,-52.3826714801444,https://finance.naver.com/item/main.naver?code=032350
대원전선,KOSPI,13280.0,1041343444480,120.53,8.92,113.0,1527.0,1.52177,278067660460.0,3727364420.0,3514215600.0,,55.86742,전기장비,20300.0,2765.0,0.0277960496,78414416,006340,1224919.0,9449407.85,0.129629180943862,141033355505.75,26.355851569933385,144.11764705882354,0.6665118174574294,7.400130975769483,1.3404523251045877,152.17700000000002,-34.58128078817734,https://finance.naver.com/item/main.naver?code=006340
스피어,KOSDAQ,20100.0,1036182376200,4200.0,14.15,5.0,1484.0,2.58283,77061765160.0,1665260910.0,-24290420230.0,,42.45479,우주항공과국방,57300.0,7050.0,0.0911217438,51551362,347700,678900.0,1195234.2,0.5680058351743952,27402445366.5,-34.52768729641694,-55.92105263157895,0.6367354615522214,0.3369272237196766,2.1609431169173074,258.283,-64.92146596858639,https://finance.naver.com/item/main.naver?code=347700
한화손해보험,KOSPI,8890.0,1037808954350,4.53,0.48,1858.0,17378.0,5.88881,2090736330000.0,135869246000.0,106464244000.0,,9.00092,손해보험,10800.0,5050.0,0.1364484499,116738915,000370,1223483.0,774932.2,1.5788258637336274,5578865008.75,48.16666666666667,4.342723004694826,2.427809813555302,10.691679134537921,6.49863132191327,588.8810000000001,-17.685185185185183,https://finance.naver.com/item/main.naver?code=000370
대웅,KOSPI,17790.0,1034345824200,4.21,0.64,4280.0,28372.0,0.85232,570821463430.0,76642287620.0,36337460580.0,,48.4019,제약,30600.0,15410.0,0.0506445601,58141980,003090,52441.0,56428.2,0.9293402943918112,975686280.5,-0.3361344537815114,-39.38671209540034,1.504212432790697,15.085295361624137,13.426665346370365,85.232,-41.86274509803921,https://finance.naver.com/item/main.naver?code=003090
하나머티리얼즈,KOSDAQ,50500.0,998772537000,26.11,2.15,1984.0,24038.0,0.40674,90087346640.0,26015940780.0,19753577010.0,,30.86468,반도체와반도체장비,87900.0,25800.0,0.2144056981,19777674,166090,113900.0,181234.6,0.628467191143413,10241887677.5,-20.094936708860757,-14.261460101867574,0.8219788053716012,8.253598469090607,28.878573684673903,40.674,-42.54835039817975,https://finance.naver.com/item/main.naver?code=166090
삼현,KOSDAQ,31050.0,984519955350,104.56,7.7,307.0,4168.0,0.63933,20996133950.0,-5388519000.0,-7017751230.0,,10.62051,자동차부품,76900.0,14280.0,0.01718164,31707567,437730,87436.0,218611.25,0.3999611181949694,8124375522.5,-33.225806451612904,-39.473684210526315,1.212595417664919,7.365642994241843,-25.66433902942403,63.93299999999999,-59.62288686605981,https://finance.naver.com/item/main.naver?code=437730
STX엔진,KOSPI,24850.0,997679365550,13.94,2.93,1793.0,8545.0,2.17317,212989808010.0,24960663730.0,22156309090.0,,20.70862,조선,67700.0,18830.0,0.0446251168,40148063,077970,151913.0,174365.3,0.8712341274324651,4597539668.75,-26.041666666666664,-29.90126939351199,1.475201774665028,20.983031012287885,11.71918222905205,217.31699999999998,-63.29394387001477,https://finance.naver.com/item/main.naver?code=077970
SFA반도체,KOSDAQ,5860.0,963737375580,-49.14,1.98,-116.0,2884.0,0.2041,126288286340.0,-6151051760.0,-5350472390.0,,30.86468,반도체와반도체장비,11640.0,3240.0,0.0562090415,164460303,036540,2113425.0,1744758.35,1.2112995475849133,10068801002.25,-18.384401114206128,-17.69662921348315,1.2112995475849133,-4.0221914008321775,-4.870643143766963,20.41,-49.65635738831615,https://finance.naver.com/item/main.naver?code=036540
SNT다이내믹스,KOSPI,28900.0,961002943300,10.87,0.8,2696.0,36682.0,0.31815,196312938240.0,17187511330.0,13114150090.0,,10.62051,자동차부품,76400.0,28000.0,0.138939858,33252697,003570,48190.0,49868.3,0.9663453536615445,1566766161.25,-32.476635514018696,-50.76660988074957,1.3437795152431504,7.349653781146066,8.755159738370182,31.814999999999998,-62.17277486910995,https://finance.naver.com/item/main.naver?code=003570
티엘비,KOSDAQ,41200.0,976491912000,44.97,6.79,934.0,6185.0,0.90367,88243337680.0,12772973580.0,10758976870.0,,30.86468,반도체와반도체장비,67608.254,13683.758,0.0523883962,23701260,356860,427798.0,671603.15,0.6369803357831183,22798344551.25,-61.387066541705714,-32.45901639344262,1.3865986185442996,15.101050929668553,14.474717203375844,90.36699999999999,-39.060695163049175,https://finance.naver.com/item/main.naver?code=356860
인제니아테라퓨틱스(Reg.S),KOSDAQ,19290.0,953786469030,,,,,0.66886,7419250000.0,530611000.0,691450000.0,,-75.84231,생물공학,20900.0,9900.0,0.0074014139,49444607,950260,,,,,,,,,7.151814536509756,66.886,-7.703349282296646,https://finance.naver.com/item/main.naver?code=950260
종근당,KOSPI,68800.0,949631264000,11.63,0.9,5882.0,76180.0,0.83259,478465317190.0,18611682320.0,20423787600.0,,48.4019,제약,98100.0,63000.0,0.1600203727,13802780,185750,15897.0,21280.95,0.7470061251964785,1449542845.0,-7.5268817204301115,-27.27272727272727,0.9059745922996858,7.721186663166185,3.889870728625717,83.259,-29.867482161060146,https://finance.naver.com/item/main.naver?code=185750
NICE평가정보,KOSPI,16080.0,947297354160,12.17,2.02,1317.0,7931.0,0.32195,163184691900.0,32869855410.0,25834210650.0,,15.49036,상업서비스와공급품,18500.0,13010.0,0.3243623273,58911527,030190,242589.0,112985.0,2.147090321724123,1760117348.5,14.042553191489372,-7.479861910241659,6.8732221091295305,16.605724372714665,20.142732156606165,32.195,-13.08108108108108,https://finance.naver.com/item/main.naver?code=030190
파라다이스,KOSPI,10210.0,945745990220,9.38,0.52,1087.0,19694.0,0.8746,318088896490.0,35550352990.0,21023431100.0,,15.6358,"호텔,레스토랑,레저",24000.0,9160.0,0.0827193363,92629382,034230,423675.0,478361.15,0.885680202081628,4677961948.5,-34.12903225806452,-50.19512195121951,1.4016836442507925,5.519447547476389,11.176231984921744,87.46000000000001,-57.458333333333336,https://finance.naver.com/item/main.naver?code=034230
SK케미칼,KOSPI,54100.0,935863240600,23.07,0.46,2306.0,116581.0,0.89056,745120400310.0,32349394490.0,6806283630.0,,-33.47526,화학,81800.0,35850.0,0.1098935612,17298766,285130,169917.0,94930.6,1.789907574586066,4634707040.0,30.51869722557299,-15.600624024960997,3.4943316485938145,1.9780238632367195,4.341498968024679,89.056,-33.86308068459658,https://finance.naver.com/item/main.naver?code=285130
SK디스커버리,KOSPI,52900.0,921187427900,7.33,0.32,6961.0,158509.0,1.35009,3055582491150.0,-30354711970.0,-58554917200.0,,-132.71454,석유와가스,68300.0,42750.0,0.1384395011,17413751,006120,23813.0,23091.6,1.0312407975194444,1197450951.25,16.391639163916395,-16.03174603174603,1.395182663825807,4.391548744866222,-0.993418179935168,135.00900000000001,-22.547584187408486,https://finance.naver.com/item/main.naver?code=006120
유안타증권,KOSPI,4780.0,921010887560,10.68,0.51,443.0,9275.0,10.56758,1723369309000.0,72815836000.0,67977885000.0,,8.14824,증권,8400.0,3315.0,0.6876744439,192680102,003470,166266.0,293485.0,0.5665229909535411,1349928055.75,-6.640625,-10.65420560747663,0.9916997461539772,4.776280323450135,4.225202086385768,1056.758,-43.095238095238095,https://finance.naver.com/item/main.naver?code=003470
세방전지,KOSPI,67100.0,930006000000,6.41,0.56,10646.0,121686.0,0.43443,530187002750.0,35322669570.0,36266527870.0,,10.62051,자동차부품,77700.0,46900.0,0.2549921356,13860000,004490,104268.0,67832.95,1.5371290795992214,4168945580.0,25.420560747663544,-6.284916201117319,4.786773979312414,8.74874677448515,6.6623039393245485,43.443,-13.64221364221364,https://finance.naver.com/item/main.naver?code=004490
롯데칠성,KOSPI,99100.0,919537404400,21.25,0.66,4697.0,151359.0,1.66726,1112889927260.0,55845209060.0,28202210050.0,,17.2861,음료,154800.0,93900.0,0.1642538047,9278884,005300,14115.0,18007.15,0.7838553019217366,1787300632.5,-8.240740740740737,-33.13090418353576,1.4779129401376674,3.1032181766528586,5.018035269444317,166.726,-35.98191214470285,https://finance.naver.com/item/main.naver?code=005300
CJ CGV,KOSPI,5540.0,917328695380,-5.64,1.58,-964.0,3444.0,4.12308,593957859690.0,11469683500.0,22608767780.0,,890.26506,방송과엔터테인먼트,6660.0,4150.0,0.0539258254,165582797,079160,423205.0,753808.45,0.5614224674716767,4044679946.45,23.385300668151455,-7.35785953177257,3.090907245733316,-27.990708478513355,1.9310601438940949,412.308,-16.816816816816814,https://finance.naver.com/item/main.naver?code=079160
와이씨,KOSDAQ,11170.0,916446559500,45.23,2.41,239.0,4490.0,0.26807,104991544810.0,15052094720.0,17852715000.0,,30.86468,반도체와반도체장비,24150.0,6820.0,0.0375092556,82045350,232140,1579352.0,1342713.9,1.1762386611176068,15742143375.75,-25.134048257372655,-46.42685851318945,7.253452131537478,5.32293986636971,14.336482758911032,26.807,-53.74741200828157,https://finance.naver.com/item/main.naver?code=232140
해성디에스,KOSPI,53800.0,914600000000,38.47,1.62,1401.0,33198.0,0.60685,211085611180.0,24866714290.0,19079524110.0,,30.86468,반도체와반도체장비,108500.0,21750.0,0.2076427647,17000000,195870,47021.0,109611.05,0.4289804723155193,5934986640.0,-28.07486631016043,-7.8767123287671215,0.5975766129418522,4.220133742996566,11.780392870452593,60.685,-50.4147465437788,https://finance.naver.com/item/main.naver?code=195870
한샘,KOSPI,38400.0,903702835200,13.96,1.63,2808.0,24081.0,1.41573,417232957620.0,11284642520.0,4769177800.0,,28.5733,가구,54800.0,28300.0,0.1303792975,23533928,009240,26940.0,55069.2,0.48920267590595107,2168905901.25,24.878048780487806,-21.87182095625636,4.787249496996506,11.660645322038121,2.7046383354686054,141.57299999999998,-29.92700729927007,https://finance.naver.com/item/main.naver?code=009240
경동나비엔,KOSPI,61800.0,900338985600,10.09,1.17,6206.0,53311.0,0.86668,388199645860.0,84261176700.0,68456389090.0,,11.78848,가정용기기와용품,83200.0,53000.0,0.0826295362,14568592,009450,27083.0,69367.65,0.39042694973809844,4718112022.5,-8.714918759231905,-10.043668122270743,1.0022827643721535,11.641124720976908,21.70562946118397,86.668,-25.721153846153843,https://finance.naver.com/item/main.naver?code=009450
GS피앤엘,KOSPI,45300.0,898337097300,44.79,1.01,979.0,43209.0,0.93131,158960998740.0,29360307070.0,19221773190.0,,15.6358,"호텔,레스토랑,레저",67000.0,32250.0,0.1083386227,19830841,499790,81786.0,77325.0,1.0576915615906886,3237058630.0,-7.4565883554647545,-24.750830564784053,1.0576915615906886,2.2657316762711472,18.470132487040008,93.131,-32.38805970149253,https://finance.naver.com/item/main.naver?code=499790
큐리옥스바이오시스템즈,KOSDAQ,51200.0,881228134400,-31.43,16.76,-1645.0,3084.0,0.08874,1175624880.0,-4457198940.0,-4840960880.0,,-34.66388,생명과학도구및서비스,149200.0,31650.0,0.0732665922,17211487,445680,54746.0,142117.5,0.3852164582123947,6701974545.0,-42.40719910011248,-52.014995313964384,3.062782556687248,-53.33981841763943,-379.13445145869997,8.874,-65.68364611260054,https://finance.naver.com/item/main.naver?code=445680
지역난방공사,KOSPI,75700.0,876510920800,2.72,0.38,28102.0,198762.0,2.19079,653113000000.0,33094000000.0,10408000000.0,,2.61036,복합유틸리티,116700.0,60400.0,0.0309613029,11578744,071320,7825.0,19999.4,0.3912617378521355,1418167530.0,10.834553440702788,-18.514531754574815,0.9453283598507954,14.138517422847425,5.06711702262855,219.07899999999998,-35.132819194515854,https://finance.naver.com/item/main.naver?code=071320
빙그레,KOSPI,91500.0,848116336500,14.42,1.08,6284.0,84119.0,0.44906,442070092910.0,69725485930.0,56411830110.0,,35.44428,식품,96000.0,61500.0,0.2157846921,9269031,005180,83164.0,137280.85,0.6057946173847263,11353301987.5,32.22543352601157,5.293440736478705,0.9303555448556736,7.470369357695645,15.772495594764255,44.906,-4.6875,https://finance.naver.com/item/main.naver?code=005180
리브스메드,KOSDAQ,33350.0,842263287850,-32.62,4.59,-1030.0,7328.0,0.14613,12507068190.0,-12189597350.0,-11028339070.0,,-34.27735,건강관리장비와용품,95900.0,29900.0,0.0342962069,25255271,491000,107704.0,198709.25,0.542018048983628,8138876645.0,-26.944140197152244,-61.48960739030023,0.7269414986972171,-14.055676855895197,-97.46166859269358,14.613000000000001,-65.22419186652763,https://finance.naver.com/item/main.naver?code=491000
덕산네오룩스,KOSDAQ,33900.0,841776968100,15.82,1.86,2165.0,18395.0,0.534,94584555040.0,18499176470.0,19940655100.0,,16.34808,디스플레이장비및부품,57300.0,24500.0,0.1044221863,24831179,213420,102135.0,153503.7,0.6653585548752244,5119557142.5,-2.3054755043227626,-22.95454545454545,3.2499802936346156,11.76950258222343,19.558348043374167,53.400000000000006,-40.83769633507853,https://finance.naver.com/item/main.naver?code=213420
신성델타테크,KOSDAQ,30300.0,832763624400,39.34,3.46,797.0,9059.0,1.86099,299159226420.0,13940746670.0,12717818550.0,,11.78848,가정용기기와용품,83000.0,22600.0,0.0356253767,27483948,065350,88104.0,162049.6,0.5436853901521509,5019877875.0,-25.369458128078815,-58.5499316005472,3.190331849014129,8.797880560768297,4.659975504291518,186.099,-63.493975903614455,https://finance.naver.com/item/main.naver?code=065350
인바디,KOSDAQ,61100.0,823681890200,24.85,2.53,2423.0,23830.0,0.12091,73253798830.0,17743448300.0,14529649050.0,,-34.27735,건강관리장비와용품,73500.0,26000.0,0.3322800392,13480882,041830,223475.0,150446.9,1.4854078083363633,9707431528.75,53.517587939698494,71.62921348314606,1.4854078083363633,10.167855644146034,24.221881436042924,12.091000000000001,-16.870748299319725,https://finance.naver.com/item/main.naver?code=041830
온코닉테라퓨틱스,KOSDAQ,17990.0,816887041600,50.22,11.14,359.0,1619.0,0.084,24399301130.0,2789195800.0,3768045440.0,,48.4019,제약,28900.0,6462.5,0.003976538,45407840,476060,2945195.0,949105.95,3.103125631021489,14900701139.25,10.707692307692307,-8.12053115423902,6.731438149766104,22.174181593576282,11.431457750117943,8.4,-37.75086505190311,https://finance.naver.com/item/main.naver?code=476060
에스에이엠티,KOSDAQ,8100.0,809960042700,10.42,1.63,777.0,4983.0,1.78915,2580464421810.0,147642182850.0,105128279690.0,,264.33639,전자장비와기기,19950.0,2860.0,0.0729485486,99995067,031330,423387.0,835788.7,0.5065718165368831,7851798595.25,-49.18444165621079,57.28155339805825,0.5065718165368831,15.59301625526791,5.72153530202289,178.915,-59.3984962406015,https://finance.naver.com/item/main.naver?code=031330
미래에셋벤처투자,KOSDAQ,15210.0,807963991380,26.8,2.19,582.0,7122.0,1.77531,86096545310.0,22352587040.0,16370905610.0,,14.71625,창업투자,70700.0,5900.0,0.041917635,53120578,100790,362247.0,1184812.3,0.30574209940258046,19979381230.75,-61.78391959798994,-35.41401273885351,0.6821299880158233,8.171861836562764,25.962234558328763,177.531,-78.48656294200849,https://finance.naver.com/item/main.naver?code=100790
알지노믹스,KOSDAQ,28750.0,806593785000,-4.24,14.25,-7092.0,2113.0,0.10619,807823290.0,-6851726570.0,-6366999350.0,,-75.84231,생물공학,122625.0,19990.0,0.0921720482,28055436,476830,149141.0,447881.05,0.3329924318075078,14789994620.0,-72.64509990485253,-79.46428571428572,0.9302827168061699,-335.6365357311879,-848.1714571512292,10.619,-76.55453618756371,https://finance.naver.com/item/main.naver?code=476830
씨어스,KOSDAQ,21000.0,805252602000,49.53,20.3,427.0,1042.0,0.25646,28375516330.0,12949759750.0,12939614540.0,,570.90407,건강관리기술,64235.101,17676.326,0.0493608327,38345362,458870,107136.0,353907.4,0.30272325472708395,8260432488.5,-27.835051546391753,-86.27450980392157,0.5444983631311467,40.978886756238005,45.637089381555576,25.646,-67.30759402090767,https://finance.naver.com/item/main.naver?code=458870
큐리언트,KOSDAQ,21350.0,801354123850,-23.35,22.73,-880.0,904.0,1.08969,1909021080.0,-12844947440.0,-13237234110.0,,48.4019,제약,62900.0,10980.0,0.0417761681,37534151,115180,180418.0,257765.15,0.6999317013956309,6151143255.75,-18.97533206831119,-34.80916030534351,2.520069140455954,-97.34513274336283,-672.855191310931,108.96900000000001,-66.05723370429253,https://finance.naver.com/item/main.naver?code=115180
GST,KOSDAQ,43350.0,798940500000,17.45,2.63,2533.0,16838.0,0.2973,99243908460.0,15459264220.0,12190073400.0,,30.86468,반도체와반도체장비,70800.0,19370.0,0.2318346175,18430000,083450,46528.0,133184.7,0.34934943728521367,6290637333.75,-16.150870406189554,47.44897959183674,0.7298210680355927,15.043354317614918,15.577040908491444,29.73,-38.771186440677965,https://finance.naver.com/item/main.naver?code=083450
HS효성첨단소재,KOSPI,176700.0,791606811600,-37.13,0.99,-4843.0,180761.0,3.47837,952698172430.0,77593421080.0,45193271410.0,,-33.47526,화학,282000.0,135000.0,0.0835679343,4479948,298050,10330.0,18785.8,0.5498834225851441,3253119645.0,-10.982367758186395,-30.295857988165675,3.8372600581290124,-2.6792283733770006,8.144596402666156,347.837,-37.34042553191489,https://finance.naver.com/item/main.naver?code=298050
쎄트렉아이,KOSDAQ,71400.0,781921249200,52.36,3.22,1396.0,22735.0,0.74194,51141250850.0,1367100770.0,-215161170.0,,42.45479,우주항공과국방,224000.0,45650.0,0.1133984545,10951278,099320,36638.0,46402.55,0.7895686767214302,3480518930.0,-40.201005025125625,-57.09134615384615,0.7895686767214302,6.140312293820101,2.6731860235679004,74.194,-68.125,https://finance.naver.com/item/main.naver?code=099320
레이크머티리얼즈,KOSDAQ,11850.0,778906993800,104.62,5.97,117.0,2049.0,1.65619,37205660670.0,6079887510.0,2630386340.0,,-33.47526,화학,28700.0,9200.0,0.0997096053,65730548,281740,539698.0,370778.65,1.455580034071541,4584113995.0,-27.743902439024392,-45.011600928074245,3.3629363502995653,5.710102489019034,16.34129699758937,165.619,-58.71080139372822,https://finance.naver.com/item/main.naver?code=281740
아이티센글로벌,KOSDAQ,33550.0,778511880850,17.86,6.64,2010.0,5404.0,1.45518,2292427258510.0,8294110930.0,37059152190.0,,34.12563,IT서비스,75500.0,14230.0,0.0205402592,23204527,124500,674211.0,685285.4,0.9838397257551379,22897856190.0,-21.976744186046517,-35.35645472061657,1.0090365269710984,37.19467061435973,0.36180475952771957,145.518,-55.56291390728476,https://finance.naver.com/item/main.naver?code=124500
SK오션플랜트,KOSPI,12450.0,777852706050,22.08,1.06,625.0,13037.0,0.4433,170484462290.0,19344277350.0,13789266670.0,,-42.48075,에너지장비및서비스,31600.0,11010.0,0.049720407,62478129,100090,2501728.0,832565.35,3.004842803030417,11504541891.0,-21.10266159695817,-33.67075119872136,3.004842803030417,4.794047710362814,11.346651237398229,44.330000000000005,-60.60126582278481,https://finance.naver.com/item/main.naver?code=100090
차바이오텍,KOSDAQ,8360.0,777252992560,-4.93,2.16,-1637.0,3732.0,1.78436,316429568470.0,-28194836530.0,30678723030.0,,-11.95284,건강관리업체및서비스,23950.0,7600.0,0.0819922733,92972846,085660,360824.0,375492.15,0.9609362006635824,3262828109.25,-32.08773354995939,-60.65882352941176,5.048252007398823,-43.863879957127544,-8.910304010566286,178.436,-65.09394572025052,https://finance.naver.com/item/main.naver?code=085660
샘씨엔에스,KOSDAQ,12890.0,776208589210,48.86,4.51,264.0,2862.0,0.40181,31265241800.0,9529353440.0,11265118030.0,,30.86468,반도체와반도체장비,16960.0,4690.0,0.0806902248,60217889,252990,572546.0,510745.45,1.1210006863497266,7073186508.25,0.4676539360872978,14.070796460176993,1.198912295743408,9.224318658280922,30.479065221878436,40.181,-23.997641509433965,https://finance.naver.com/item/main.naver?code=252990
보령,KOSPI,9060.0,777232095420,11.84,0.91,766.0,10008.0,0.71037,279622584600.0,23798692280.0,24054889960.0,,48.4019,제약,10800.0,7410.0,0.0584258327,85787207,003850,92486.0,90377.2,1.02333331858035,807235012.75,8.50299401197605,-11.176470588235299,1.1071265761718665,7.653876898481215,8.511005044189838,71.03699999999999,-16.11111111111111,https://finance.naver.com/item/main.naver?code=003850
다우데이타,KOSDAQ,20200.0,773660000000,3.53,0.48,5713.0,42047.0,11.8618,16370867719470.0,831560581240.0,684798148870.0,,8.14824,증권,31450.0,15940.0,0.1377773368,38300000,032190,48766.0,68200.4,0.7150397944880089,1335272369.5,4.500775995861361,-33.98692810457516,0.8724289007102598,13.587176255143055,5.0795143879332585,1186.18,-35.77106518282989,https://finance.naver.com/item/main.naver?code=032190
유일로보틱스,KOSDAQ,65300.0,769321828500,-31.06,8.66,-2138.0,7669.0,0.23086,9959811150.0,-1456691140.0,-1282753190.0,,179.16167,기계,155000.0,53800.0,0.156967477,11781345,388720,23646.0,25314.6,0.9340854684648385,1775663820.0,-29.405405405405403,-43.560933448573905,0.9340854684648385,-27.878471769461466,-14.625690367633126,23.086000000000002,-57.87096774193549,https://finance.naver.com/item/main.naver?code=388720
이노션,KOSPI,19030.0,761200000000,8.36,0.72,2294.0,26618.0,1.53594,499051454740.0,44586457500.0,36476935430.0,,11.3913,광고,22650.0,16730.0,0.200950075,40000000,214320,50898.0,63523.6,0.8012455213495457,1212035197.75,-4.754754754754753,-7.621359223300972,1.2969353122304152,8.61822826658652,8.93424056307561,153.594,-15.98233995584989,https://finance.naver.com/item/main.naver?code=214320
LS머트리얼즈,KOSDAQ,11300.0,764475046700,1936.67,4.25,6.0,2736.0,0.47748,51297766950.0,532787050.0,-286651690.0,,-82.80274,전기제품,32725.0,8700.0,0.0938584395,67652659,417200,306519.0,465558.4,0.6583900107913422,5458379660.75,-36.694677871148464,-32.65792610250298,1.9781471024902568,0.21929824561403508,1.0386164577481671,47.748000000000005,-65.46982429335371,https://finance.naver.com/item/main.naver?code=417200
넥슨게임즈,KOSDAQ,11500.0,757392001000,-11.38,2.73,-974.0,4052.0,0.68208,41454225430.0,10653536180.0,8654096880.0,,18.38474,게임엔터테인먼트,15420.0,7860.0,0.0332813576,65860174,225570,183505.0,210898.6,0.8701100908208969,2102726940.0,13.748763600395652,-5.271828665568368,3.0866018076933655,-24.03751233958539,25.699518129918175,68.208,-25.421530479896237,https://finance.naver.com/item/main.naver?code=225570
SGC에너지,KOSPI,52000.0,749285316000,-13.03,1.14,-4260.0,48667.0,3.36963,576959944060.0,44880845870.0,7694153020.0,,-42.48075,에너지장비및서비스,70700.0,20150.0,0.0440479098,14409333,005090,348126.0,197940.15,1.758743741479432,11479298523.75,10.992529348986135,18.047673098751417,1.758743741479432,-8.753364702981486,7.778849525355038,336.96299999999997,-26.449787835926454,https://finance.naver.com/item/main.naver?code=005090
디아이,KOSPI,26650.0,754195000000,123.47,3.85,196.0,6287.0,0.93874,168631873360.0,39589999870.0,31839433080.0,,30.86468,반도체와반도체장비,41700.0,12600.0,0.1555371731,28300000,003160,918249.0,199113.05,4.611696722038059,4774990144.75,-0.37383177570093906,-24.182076813655762,4.611696722038059,3.1175441386989027,23.477174914307078,93.874,-36.09112709832134,https://finance.naver.com/item/main.naver?code=003160
휴림로봇,KOSDAQ,6290.0,752026292410,-44.26,6.13,-148.0,1068.0,0.29516,25443658470.0,-5301195910.0,-7590786860.0,,179.16167,기계,26600.0,2530.0,0.0769577846,119559029,090710,1092846.0,1483323.45,0.7367550213003105,10544003887.0,-38.212180746561884,-57.26902173913043,0.7367550213003105,-13.857677902621724,-20.83503799679795,29.516,-76.35338345864662,https://finance.naver.com/item/main.naver?code=090710
동운아나텍,KOSDAQ,35750.0,747530212000,686.54,10.43,52.0,3424.0,0.5289,26113542080.0,-5069646830.0,19334900320.0,,30.86468,반도체와반도체장비,56400.0,16280.0,0.035473901,20909936,094170,110477.0,86458.0,1.2778111915612205,2764908850.0,-7.503234152652006,16.639477977161498,1.2778111915612205,1.5186915887850467,-19.413861261980127,52.89,-36.61347517730496,https://finance.naver.com/item/main.naver?code=094170
에스디바이오센서,KOSPI,6190.0,747436941380,-1.43,0.31,-4279.0,19476.0,0.20615,186477165600.0,-7300169520.0,16309680440.0,,-34.27735,건강관리장비와용품,10930.0,5800.0,0.0604552819,120749102,137310,110178.0,241947.95,0.45537893584136585,1524944932.75,-13.668061366806139,-33.297413793103445,4.337420507179333,-21.970630519613884,-3.9147793224501903,20.615,-43.36688014638609,https://finance.naver.com/item/main.naver?code=137310
비에이치,KOSPI,22000.0,741653836000,18.4,0.79,991.0,23055.0,0.71322,414237053660.0,7891040600.0,7612387660.0,,264.33639,전자장비와기기,43400.0,12440.0,0.1189380621,33711538,090460,6024015.0,1103162.25,5.460679061488915,19155777683.5,-23.344947735191635,9.45273631840795,5.460679061488915,4.298416829321188,1.9049576879418557,71.322,-49.30875576036866,https://finance.naver.com/item/main.naver?code=090460
영풍,KOSPI,40350.0,742871059050,-88.69,0.2,-451.0,195772.0,0.42849,853191924780.0,1511094000.0,386236712730.0,,95.46514,핸드셋,71797.387,31000.0,0.1617597783,18410683,000670,25095.0,32128.35,0.7810858634196901,1230986603.75,-17.737003058103973,-33.63486842105263,1.1083046592806665,-0.23037002227080483,0.1771106776930224,42.849,-43.80018314594095,https://finance.naver.com/item/main.naver?code=000670
로보스타,KOSDAQ,75900.0,740025000000,-146.72,8.78,-533.0,8904.0,0.2935,26369469060.0,499640800.0,1098222270.0,,179.16167,기계,171600.0,28450.0,0.0363431795,9750000,090360,64121.0,202441.05,0.316739119857361,16438042310.0,-48.7508440243079,-0.26281208935611255,0.33272402015302727,-5.98607367475292,1.894770042063183,29.349999999999998,-55.769230769230774,https://finance.naver.com/item/main.naver?code=090360
선익시스템,KOSDAQ,72900.0,738303935400,6.51,4.37,10959.0,16300.0,1.96832,20242142080.0,-10142570890.0,-7953600180.0,,16.34808,디스플레이장비및부품,144000.0,35800.0,0.0228305232,10127626,171090,57174.0,50958.75,1.121966296269041,3445502720.0,1.8156424581005526,-38.89354568315172,1.8680010793043393,67.23312883435582,-50.10621331435689,196.832,-49.375,https://finance.naver.com/item/main.naver?code=171090
OCI,KOSPI,80700.0,722466346500,-11.85,0.66,-6994.0,125846.0,0.97496,535009757000.0,43260886000.0,29786694000.0,,-33.47526,화학,163200.0,52500.0,0.1146176569,8952495,456040,31155.0,46339.5,0.6723205904250154,3626066160.0,-28.898678414096914,-5.05882352941176,0.7303704183256186,-5.557586256217917,8.085999448417535,97.49600000000001,-50.55147058823529,https://finance.naver.com/item/main.naver?code=456040
지엔씨에너지,KOSDAQ,43750.0,719639768750,17.97,3.41,2565.0,13535.0,0.65809,66495947820.0,10160166380.0,14089767580.0,,55.86742,전기장비,58000.0,18350.0,0.0637613109,16448909,119850,685872.0,988276.2,0.694008415865929,50154369722.5,111.35265700483092,9.92462311557789,0.694008415865929,18.950868119689694,15.2793767336062,65.809,-24.56896551724138,https://finance.naver.com/item/main.naver?code=119850
SNT모티브,KOSPI,26600.0,705971235200,8.92,0.61,2921.0,42534.0,0.2689,258025087410.0,25841587050.0,23814373280.0,,10.62051,자동차부품,40800.0,24100.0,0.1268826861,26540272,064960,67044.0,79909.4,0.8390001676899089,2148299290.0,-7.155322862129143,-27.520435967302447,5.032549362152638,6.867447218695631,10.015145158710054,26.889999999999997,-34.80392156862745,https://finance.naver.com/item/main.naver?code=064960
씨엠티엑스,KOSDAQ,71800.0,693188648400,-19.43,3.78,-3737.0,19207.0,0.43555,47897115680.0,15575157710.0,10087479220.0,,30.86468,반도체와반도체장비,170300.0,56500.0,0.0745177503,9654438,388210,16049.0,48063.45,0.33391277571626676,3637790412.5,-33.39517625231912,-51.81208053691275,0.8684353703281809,-19.456448169938042,32.51794495112696,43.555,-57.839107457428064,https://finance.naver.com/item/main.naver?code=388210
피노,KOSDAQ,8280.0,689905224360,-58.15,5.43,-135.0,1447.0,0.18342,104407384320.0,2323925300.0,-1740380860.0,,-82.80274,전기제품,19150.0,3445.0,0.4086219747,83321887,033790,5934572.0,1041256.95,5.699430865743562,6747999183.75,-22.180451127819545,37.7703826955075,5.699430865743562,-9.32964754664824,2.225824653242304,18.342,-56.762402088772845,https://finance.naver.com/item/main.naver?code=033790
코미팜,KOSDAQ,9310.0,687883268450,-91.27,9.63,-102.0,967.0,0.87594,16701768500.0,1638211200.0,517899710.0,,48.4019,제약,10790.0,5650.0,0.0413403153,73886495,041960,106114.0,284801.15,0.37258978764657374,2545815797.25,31.497175141242927,6.036446469248302,0.5926064554163493,-10.548086866597725,9.808609190098641,87.59400000000001,-13.716404077849864,https://finance.naver.com/item/main.naver?code=041960
LF,KOSPI,23200.0,678368000000,6.38,0.38,3646.0,61158.0,0.71262,465388608270.0,44077822710.0,35247387720.0,,9.12316,"섬유,의류,신발,호화품",26450.0,17010.0,0.1335744528,29240000,093050,7115.0,26631.25,0.2671673316122976,600870422.5,8.411214953271017,-2.1097046413502074,1.3575780333255105,5.961607639229537,9.471186429305076,71.262,-12.287334593572774,https://finance.naver.com/item/main.naver?code=093050
SNT에너지,KOSPI,32800.0,678329682400,7.15,1.66,4270.0,18458.0,0.46079,108055984080.0,21269561320.0,18130221350.0,,-42.48075,에너지장비및서비스,67900.0,21200.0,0.0189715738,20680783,100840,388456.0,150062.85,2.588622034034406,4448403666.25,-3.2448377581120957,-31.30890052356021,5.6950071253478125,23.133600606782966,19.68383472798039,46.079,-51.69366715758468,https://finance.naver.com/item/main.naver?code=100840
원익QnC,KOSDAQ,25750.0,676916000000,30.67,1.42,856.0,18524.0,1.61183,271857366890.0,30873452910.0,26732383080.0,,30.86468,반도체와반도체장비,45400.0,16790.0,0.1224523357,26288000,074600,148949.0,236179.35,0.6306605552094203,6593231982.5,-25.03639010189228,-15.016501650165015,0.771587355118049,4.621032174476355,11.356489347037684,161.18300000000002,-43.281938325991185,https://finance.naver.com/item/main.naver?code=074600
루닛,KOSDAQ,9090.0,676824856200,-11.93,4.13,-762.0,2202.0,0.64416,21813709920.0,-15368887350.0,-23557162140.0,,570.90407,건강관리기술,24550.0,8350.0,0.1145688358,74458180,328130,197727.0,446819.25,0.4425212208292279,4419033534.5,-38.163265306122454,-78.6619718309859,4.2643753598351015,-34.60490463215259,-70.45517432093918,64.416,-62.973523421588595,https://finance.naver.com/item/main.naver?code=328130
인텔리안테크,KOSDAQ,62900.0,675388561300,87.02,2.41,724.0,26101.0,0.89625,97246184450.0,7136001850.0,4745480380.0,,-328.00078,통신장비,180200.0,39000.0,0.221791261,10737497,189300,32173.0,83610.85,0.3847945571657267,5840272570.0,-43.68845120859445,-44.8729184925504,2.4026068387057418,2.77384008275545,7.338079010872699,89.625,-65.09433962264151,https://finance.naver.com/item/main.naver?code=189300
JW중외제약,KOSPI,29000.0,675291970000,11.13,1.84,2534.0,15290.0,0.60975,222020100170.0,33339146160.0,27891601210.0,,48.4019,제약,39250.0,20700.0,0.0776097841,23285930,001060,323206.0,79040.85,4.089100762453845,2221373860.0,11.538461538461542,-23.684210526315784,4.089100762453845,16.5729234793983,15.016273812358582,60.975,-26.114649681528668,https://finance.naver.com/item/main.naver?code=001060
E1,KOSPI,98000.0,672280000000,5.36,0.28,18124.0,349725.0,6.43643,4402807537000.0,117898702210.0,99298166770.0,,9.4585,가스유틸리티,114500.0,71000.0,0.0690806122,6860000,017940,7811.0,7436.15,1.0504091498961157,670462480.0,15.294117647058814,-7.9812206572769995,1.539371852369842,5.182357566659518,2.6778073131566913,643.6429999999999,-14.41048034934498,https://finance.naver.com/item/main.naver?code=017940
TKG휴켐스,KOSPI,16420.0,671226414960,10.53,0.7,1561.0,23511.0,0.36185,397199442610.0,32818441450.0,22288367510.0,,-33.47526,화학,21550.0,14300.0,0.0815886791,40878588,069260,38470.0,53944.05,0.7131463062191289,855417931.75,2.946708463949843,-19.11330049261084,0.8742947553993443,6.639445365998895,8.262459089657785,36.185,-23.805104408352673,https://finance.naver.com/item/main.naver?code=069260
맵스리얼티,KOSPI,7210.0,669335526510,,,,,,,,,,31.41759,부동산,8190.0,4665.0,0.02716927,92834331,094800,39652.0,85876.4,0.4617333749435235,588049314.5,41.37254901960785,10.076335877862586,0.9419817318844294,,,,-11.965811965811968,https://finance.naver.com/item/main.naver?code=094800
롯데손해보험,KOSPI,2155.0,668774769600,13.07,1.04,158.0,1985.0,18.68007,870976000000.0,-28456000000.0,-19767000000.0,,9.00092,손해보험,3280.0,1569.0,0.0077937832,310336320,000400,670837.0,392350.6,1.7097896626129794,792738561.05,13.242249080399372,-20.91743119266055,1.7097896626129794,7.959697732997481,-3.2671393930487183,1868.007,-34.29878048780488,https://finance.naver.com/item/main.naver?code=000400
명인제약,KOSPI,45800.0,668680000000,6.86,0.85,6718.0,54409.0,0.06377,76106145640.0,27612131000.0,24322263200.0,,48.4019,제약,134500.0,39100.0,0.0102784247,14600000,317450,11124.0,20327.55,0.547237615944863,947212247.5,3.8548752834467015,-26.24798711755234,0.7846002100597466,12.347221966953995,36.2810792319084,6.376999999999999,-65.94795539033458,https://finance.naver.com/item/main.naver?code=317450
태웅,KOSDAQ,33350.0,667246156350,115.31,1.03,271.0,30459.0,0.35025,105494491890.0,3195829370.0,4283695790.0,,-42.48075,에너지장비및서비스,61300.0,19980.0,0.0373100307,20007381,044490,162119.0,203758.6,0.7956424906727863,6426941890.0,2.457757296466978,-6.582633053221287,2.245549390307943,0.8897206080304673,3.0293803143128253,35.025,-45.59543230016313,https://finance.naver.com/item/main.naver?code=044490
동원시스템즈,KOSPI,22950.0,665349921900,12.65,0.79,1834.0,29468.0,0.71912,402189492880.0,31383311600.0,19869773830.0,,18.15087,포장재,30700.0,17520.0,0.1387787887,28991282,014820,50993.0,43275.95,1.1783219085889507,926777765.25,12.5,-19.190140845070424,1.6575719308299415,6.223700285054975,7.803115734145679,71.91199999999999,-25.2442996742671,https://finance.naver.com/item/main.naver?code=014820
미원에스씨,KOSPI,133000.0,665000000000,10.42,1.42,12662.0,92934.0,0.26608,162829067100.0,37109592760.0,32974900490.0,,-33.47526,화학,149200.0,89600.0,0.005883,5000000,268280,998.0,2747.4,0.36325252966440996,340791522.5,38.25363825363826,-7.317073170731703,0.7825580548882579,13.624722921643318,22.790521017484842,26.607999999999997,-10.857908847184984,https://finance.naver.com/item/main.naver?code=268280
대한해운,KOSPI,2060.0,664859520400,3.73,0.31,560.0,6684.0,0.6381,312832991250.0,62926691080.0,57477832570.0,,10.30179,해운사,3385.0,1639.0,0.1270252204,322747340,005880,1012159.0,2056188.05,0.49225021028597066,4178414945.4,1.4778325123152802,-8.849557522123897,1.0456183713352483,8.378216636744465,20.11510705074972,63.81,-39.143279172821266,https://finance.naver.com/item/main.naver?code=005880
안랩,KOSDAQ,59100.0,657576504600,10.34,1.42,5714.0,41556.0,0.37293,71308784760.0,5381783020.0,6412906570.0,,163.68113,소프트웨어,75000.0,50800.0,0.2694410986,11126506,053800,15818.0,36506.7,0.4332903275289194,2157055775.0,0.8532423208191142,-9.355828220858896,1.1810982641542511,13.750120319568776,7.5471529042503915,37.293,-21.199999999999996,https://finance.naver.com/item/main.naver?code=053800
파미셀,KOSPI,10930.0,655843873020,16.56,5.38,671.0,2064.0,0.28447,38980267330.0,13228721470.0,10378281870.0,,-33.47526,화학,21150.0,8140.0,0.0811102237,60004014,005690,311082.0,1133479.05,0.2744488307922409,13470911473.25,-18.004501125281326,-42.0159151193634,0.7251585285144881,32.509689922480625,33.936969590300656,28.447,-48.32151300236407,https://finance.naver.com/item/main.naver?code=005690
케이아이엔엑스,KOSDAQ,134600.0,656848000000,41.07,3.44,3535.0,42214.0,0.36784,42506109550.0,8818013550.0,6772364780.0,,34.12563,IT서비스,163700.0,80000.0,0.4368973361,4880000,093320,13716.0,13345.3,1.027777569631256,1937338700.0,18.69488536155204,7.250996015936262,1.027777569631256,8.373999147202351,20.745284956336356,36.784,-17.776420281001837,https://finance.naver.com/item/main.naver?code=093320
자화전자,KOSPI,30000.0,648165060000,13.24,1.4,2284.0,21665.0,0.67795,235193567600.0,22449691440.0,17462465570.0,,-328.00078,통신장비,60000.0,16600.0,0.1284196498,21605502,033240,70479.0,125261.8,0.5626535783455131,3594413553.75,-17.01244813278008,-25.65055762081785,0.8152445518106877,10.542349411493191,9.545197884910182,67.795,-50.0,https://finance.naver.com/item/main.naver?code=033240
대상,KOSPI,18740.0,649303988500,-2.17,0.62,-8447.0,29733.0,2.03409,1165775349440.0,46450513750.0,19596078820.0,,35.44428,식품,24150.0,15880.0,0.1635983581,34648025,001680,207950.0,143079.5,1.453387801886364,2571525529.25,1.406926406926412,-21.91666666666666,4.04159226164475,-28.409511317391452,3.984516722910061,203.409,-22.401656314699792,https://finance.naver.com/item/main.naver?code=001680
한국쉘석유,KOSPI,498000.0,647400000000,13.44,4.62,37098.0,107971.0,0.51145,95483718880.0,15564070340.0,12754026000.0,,-33.47526,화학,620000.0,401000.0,0.5850715385,1300000,002960,741.0,1486.2,0.4985870004037142,752690725.0,-0.7968127490039834,5.844845908607854,1.4688467231866504,34.35922608848672,16.30023476521718,51.144999999999996,-19.67741935483871,https://finance.naver.com/item/main.naver?code=002960
클로봇,KOSDAQ,25350.0,645391708650,-308.54,11.06,-82.0,2287.0,0.2414,8859369110.0,-2839891890.0,-2633137160.0,,179.16167,기계,77953.663,18195.503,0.0481165207,25459239,466100,225356.0,624664.1,0.36076348872938274,18898227668.75,-41.31944444444444,-63.314037626628085,0.8304591219505011,-3.585483165719283,-32.05523841189184,24.14,-67.48068144020378,https://finance.naver.com/item/main.naver?code=466100
솔루엠,KOSPI,13460.0,643606536560,47.65,1.34,281.0,9997.0,1.51509,491846718660.0,21825989790.0,5393351980.0,,264.33639,전자장비와기기,24350.0,11520.0,0.193539596,47816236,248070,52986.0,97730.1,0.5421666405743982,1356693233.5,-24.169014084507047,-26.24657534246575,0.7264906103646676,2.810843252975893,4.437559296819809,151.50900000000001,-44.72279260780287,https://finance.naver.com/item/main.naver?code=248070
지투지바이오,KOSDAQ,38600.0,641895843600,-47.97,11.64,-862.0,3553.0,0.69077,1602828350.0,-2701811410.0,-5709782720.0,,48.4019,제약,124000.0,22400.0,0.052143712,16629426,456160,136002.0,161946.65,0.8397950806639101,6416380097.5,-27.16981132075472,-60.288065843621396,1.1940969448889496,-24.26118772867999,-168.5652371946129,69.077,-68.87096774193549,https://finance.naver.com/item/main.naver?code=456160
대한유화,KOSPI,98600.0,640900000000,18.74,0.32,5134.0,297102.0,0.35582,956254316740.0,-3876526720.0,-1466147000.0,,-33.47526,화학,202500.0,79300.0,0.1347609231,6500000,006650,67786.0,37998.55,1.7839101755198552,3358081287.5,-19.246519246519245,-44.16761041902605,2.030130097069493,1.728026065122416,-0.4053865851519084,35.582,-51.308641975308646,https://finance.naver.com/item/main.naver?code=006650
금양,KOSPI,9900.0,633275240400,-9.24,1.38,-1071.0,7186.0,1.73047,17364980930.0,-7939945900.0,-19439242690.0,,-33.47526,화학,9900.0,9900.0,0.0508900374,63967196,001570,,,,,,,,-14.903979961035347,-45.72389645578493,173.047,0.0,https://finance.naver.com/item/main.naver?code=001570
필옵틱스,KOSDAQ,26900.0,630596444300,-37.09,5.49,-736.0,4970.0,1.21,8196676120.0,-15176871030.0,-3368230280.0,,264.33639,전자장비와기기,64900.0,19380.0,0.0146086678,23442247,161580,58966.0,96446.9,0.6113830511918994,2620471216.25,-35.87604290822408,-44.877049180327866,0.7412057826638285,-14.808853118712273,-185.15884741338297,121.0,-58.55161787365177,https://finance.naver.com/item/main.naver?code=161580
RF머트리얼즈,KOSDAQ,34950.0,628709923050,86.67,11.9,424.0,3087.0,0.33402,25059802340.0,5290262130.0,5234561980.0,,42.45479,우주항공과국방,63420.571,3358.821,0.1246453982,17988839,327260,443116.0,527045.95,0.840754017747409,18518525521.25,-54.3733681462141,-24.432432432432428,1.78705101519137,13.735017816650469,21.11055010819371,33.402,-44.8916976796062,https://finance.naver.com/item/main.naver?code=327260
미코,KOSDAQ,18800.0,628235426400,20.65,5.29,937.0,3658.0,2.59694,349190198260.0,19502426670.0,16339179160.0,,30.86468,반도체와반도체장비,29250.0,11300.0,0.2374928247,33416778,059090,86775.0,223364.9,0.38848986568614857,4020505716.5,-10.476190476190473,17.061021170610214,1.0176039297132182,25.615090213231273,5.585044129869558,259.694,-35.72649572649572,https://finance.naver.com/item/main.naver?code=059090
예스티,KOSDAQ,28700.0,621393027500,-1057.14,4.64,-28.0,6379.0,0.68439,41945739920.0,4565708670.0,1931655300.0,,30.86468,반도체와반도체장비,44000.0,15200.0,0.0484320936,21651325,122640,315186.0,408365.55,0.7718231863583987,10881901278.75,12.328767123287676,32.56351039260969,1.7185117598680888,-0.4389402727700266,10.884797070472086,68.43900000000001,-34.77272727272728,https://finance.naver.com/item/main.naver?code=122640
넥센타이어,KOSPI,6360.0,621167697720,4.37,0.32,1469.0,19967.0,1.31441,891293882270.0,34334021880.0,216140460.0,,10.62051,자동차부품,10110.0,5710.0,0.1099443065,97667877,002350,49269.0,70710.3,0.6967726059711244,455762988.75,-6.8814055636896025,-31.31749460043196,1.274114237954018,7.3571392798116895,3.8521550033032965,131.441,-37.091988130563806,https://finance.naver.com/item/main.naver?code=002350
미원상사,KOSPI,138000.0,621000000000,14.64,1.51,9449.0,91715.0,0.20439,130051444920.0,20307360800.0,18692204910.0,,-33.47526,화학,161900.0,109100.0,0.0290433333,4500000,002840,2529.0,5771.55,0.4381838500922629,727534700.0,15.28822055137844,-9.921671018276768,1.1139122072926684,10.302567737011394,15.614867495314561,20.439,-14.762198888202594,https://finance.naver.com/item/main.naver?code=002840
LX세미콘,KOSPI,38150.0,620483045000,7.2,0.53,5081.0,69207.0,0.27208,401152905700.0,22006367300.0,17887139690.0,,16.34808,디스플레이장비및부품,67300.0,29500.0,0.2932728737,16264300,108320,87969.0,84818.25,1.037147076248331,3175127395.0,-26.493256262042387,-31.874999999999996,5.124203812269176,7.341742887280188,5.485780356395409,27.208,-43.31352154531947,https://finance.naver.com/item/main.naver?code=108320
카프로,KOSPI,3660.0,618539985360,-19.16,8.06,-191.0,454.0,2.6708,12364023680.0,-272943640.0,-3519164710.0,,-33.47526,화학,3660.0,3660.0,0.0007656746,168999996,006380,,,,,,,,-42.070484581497794,-2.207563225889907,267.08,0.0,https://finance.naver.com/item/main.naver?code=006380
이엔에프테크놀로지,KOSDAQ,43250.0,617948907000,12.24,1.42,3635.0,31327.0,0.60771,179010795050.0,27254732720.0,15387720440.0,,30.86468,반도체와반도체장비,65000.0,33300.0,0.2202629565,14287836,102710,41731.0,82776.75,0.5041391453518047,3907411433.75,3.221957040572798,-26.194539249146754,0.7238385174581027,11.60340919973186,15.225189471052516,60.771,-33.46153846153847,https://finance.naver.com/item/main.naver?code=102710
케이엠더블유,KOSDAQ,14620.0,616842668620,-22.6,4.74,-673.0,3211.0,0.62953,24322069200.0,-6264120700.0,-14945111640.0,,-328.00078,통신장비,40000.0,11500.0,0.0597117665,42191701,032500,229687.0,228116.8,1.0068833159153556,3608372338.0,-55.42682926829268,-25.9746835443038,3.545359219487561,-20.959202740579258,-25.754883963573295,62.953,-63.45,https://finance.naver.com/item/main.naver?code=032500
현대바이오,KOSDAQ,6390.0,616670605080,-28.0,5.71,-235.0,1153.0,0.27103,520398890.0,-5538393300.0,-11559025750.0,,49.63323,화장품,21500.0,4565.0,0.0741017731,96505572,048410,620864.0,968884.4,0.6408029688577915,6849522552.0,-37.10629921259843,-64.04051772650534,1.2443981965237545,-20.38161318300087,-1064.2592454415112,27.102999999999998,-70.27906976744185,https://finance.naver.com/item/main.naver?code=048410
금호건설,KOSPI,16500.0,614789571000,9.33,2.41,1765.0,6840.0,4.05512,511651231360.0,16540377110.0,13582221570.0,,36.90859,건설,19380.0,3200.0,0.0,37259974,002990,6373513.0,12624363.8,0.5048581537233583,187289429172.75,324.1645244215938,213.09297912713473,2.7691762970265477,25.804093567251464,3.232744513491089,405.51199999999994,-14.860681114551088,https://finance.naver.com/item/main.naver?code=002990
현대그린푸드,KOSPI,18900.0,613712994300,7.12,0.84,2654.0,22431.0,0.36388,594973411000.0,38127340000.0,30574126000.0,,35.44428,식품,19950.0,14650.0,0.1598987755,32471587,453340,27717.0,45267.1,0.6122989986104699,843947243.25,13.105924596050267,14.26844014510278,0.9208674732863382,11.831839864473274,6.408242670192197,36.388,-5.263157894736848,https://finance.naver.com/item/main.naver?code=453340
나노신소재,KOSDAQ,49650.0,608817783150,375.0,2.47,136.0,20643.0,0.47852,36547748440.0,5339739830.0,6048713930.0,,-33.47526,화학,95300.0,33200.0,0.0670995909,12262191,121600,38634.0,54843.85,0.7044363223953096,2610250790.0,-14.24870466321243,-28.663793103448278,1.173859967890657,0.6588189701109335,14.610311326746125,47.852,-47.90136411332634,https://finance.naver.com/item/main.naver?code=121600
에프에스티,KOSDAQ,28100.0,608359070900,-44.24,2.29,-608.0,11763.0,1.11633,89302520310.0,9622218030.0,6999938380.0,,30.86468,반도체와반도체장비,51000.0,15000.0,0.0814418561,21649789,036810,242782.0,180282.25,1.346677224185964,4414480865.5,-3.436426116838487,-31.71324422843257,1.502965488837642,-5.168749468672957,10.77485606968084,111.63300000000001,-44.90196078431372,https://finance.naver.com/item/main.naver?code=036810
NHN KCP,KOSDAQ,15070.0,605220407770,12.74,1.95,1195.0,7810.0,1.18032,383375286300.0,15440751570.0,12973130870.0,,34.12563,IT서비스,25500.0,10900.0,0.0969599292,40160611,060250,463992.0,612246.45,0.7578516788459941,9049670586.75,-5.812499999999998,-33.75824175824176,2.0972420501580697,15.30089628681178,4.027581360035101,118.03200000000001,-40.90196078431373,https://finance.naver.com/item/main.naver?code=060250
가비아,KOSDAQ,44800.0,601246643200,36.93,3.35,1232.0,13565.0,0.68073,88761097960.0,12477291590.0,8716451850.0,,34.12563,IT서비스,47900.0,24900.0,0.4284106533,13420684,079940,20762.0,36357.4,0.5710529355784517,1582827338.75,44.98381877022655,36.377473363774726,0.5710529355784517,9.082196830077404,14.057162289298025,68.073,-6.471816283924847,https://finance.naver.com/item/main.naver?code=079940
GKL,KOSPI,9610.0,594432988700,12.71,1.35,761.0,7137.0,0.40095,120451186020.0,20834975560.0,18014742930.0,,15.6358,"호텔,레스토랑,레저",17700.0,8990.0,0.1228937784,61855670,114090,105340.0,119462.45,0.881783355355595,1116463594.75,-18.97133220910624,-28.28358208955224,1.3032463338898541,10.662743449628694,17.297443261821027,40.095,-45.706214689265536,https://finance.naver.com/item/main.naver?code=114090
세진중공업,KOSPI,10440.0,593508320640,11.65,2.58,891.0,4019.0,1.04641,93498436620.0,20367628830.0,20623415280.0,,20.70862,조선,27400.0,8500.0,0.0240954285,56849456,075580,87839.0,161847.15,0.5427281234176815,1754761132.75,-27.14584787159805,-47.05882352941176,3.2656614589753357,22.16969395371983,21.78392448718572,104.641,-61.8978102189781,https://finance.naver.com/item/main.naver?code=075580
SK증권,KOSPI,2535.0,586333040475,18.51,0.89,138.0,2887.0,11.35318,720583351580.0,28703124620.0,23371186450.0,,8.14824,증권,6190.0,1253.344,0.0029409142,231295085,001510,2589125.0,9028189.35,0.2867823103422172,25731149534.3,-20.90483619344774,52.98732649366325,1.965525678745318,4.780048493245584,3.9833177601263725,1135.318,-59.04684975767367,https://finance.naver.com/item/main.naver?code=001510
PI첨단소재,KOSPI,19820.0,582040502040,19.42,1.66,1035.0,12094.0,0.2924,77501049490.0,22983465580.0,17471381660.0,,-33.47526,화학,32150.0,14880.0,0.1472246678,29366322,178920,20030.0,47569.2,0.4210707768892477,917607467.75,-9.082568807339452,0.1515917129863542,0.8368019642962253,8.557962626095584,29.655683027835085,29.24,-38.35147744945567,https://finance.naver.com/item/main.naver?code=178920
부국증권,KOSPI,55600.0,576565661600,10.73,0.59,5109.0,93587.0,7.78953,479606128280.0,15625412370.0,12847330840.0,,8.14824,증권,104600.0,44800.0,0.0109542188,10369886,001270,1669.0,2346.5,0.711272107393991,129901065.0,-10.032362459546928,-46.17618586640852,1.2235243980396335,5.459091540491735,3.2579676214807853,778.953,-46.84512428298279,https://finance.naver.com/item/main.naver?code=001270
DI동일,KOSPI,27700.0,573822701700,-59.06,1.11,-469.0,25027.0,1.11321,180226705070.0,3346400680.0,6149202150.0,,9.12316,"섬유,의류,신발,호화품",38477.115,14981.313,0.047406351,20715621,001530,91213.0,32879.95,2.7741222234218728,855479983.75,18.884120171673825,14.699792960662528,6.769809564795567,-1.8739761058057298,1.85677293423317,111.321,-28.009155572084854,https://finance.naver.com/item/main.naver?code=001530
에스티큐브,KOSDAQ,8320.0,565620981120,-25.73,7.78,-321.0,1062.0,0.30703,1502008590.0,-6057902320.0,-5525384660.0,,-17.27383,판매업체,22500.0,6010.0,0.0582774376,67983291,052020,73967.0,145523.7,0.508281468929116,1234567089.0,-19.845857418111756,-6.200676437429542,0.7481599217172185,-30.225988700564972,-403.3200848738155,30.703000000000003,-63.022222222222226,https://finance.naver.com/item/main.naver?code=052020
하이젠알앤엠,KOSDAQ,18260.0,564014880000,-73.94,5.08,-251.0,3657.0,0.50818,20799513680.0,-1464487810.0,-888725670.0,,179.16167,기계,91200.0,11000.0,0.0209942696,30888000,160190,73179.0,201085.6,0.3639196441714374,3854895321.25,-35.13321492007104,-71.99386503067484,0.38398572548208326,-6.8635493573967725,-7.040971402173668,50.818,-79.9780701754386,https://finance.naver.com/item/main.naver?code=160190
한국단자,KOSPI,55500.0,561382500000,5.26,0.48,10428.0,114828.0,0.38091,395077399000.0,17838281000.0,25210175000.0,,10.62051,자동차부품,94000.0,54100.0,0.2843770638,10115000,025540,27218.0,27078.15,1.005164680748131,1587920957.5,-26.0,-29.47903430749682,1.3082873091403955,9.081408715644269,4.515135779761474,38.091,-40.95744680851063,https://finance.naver.com/item/main.naver?code=025540
전진건설로봇,KOSPI,38400.0,560353728000,18.23,3.7,2172.0,10701.0,0.42007,47254266110.0,9608408670.0,9528508440.0,,179.16167,기계,74350.0,25600.0,0.0001004623,14592545,079900,67205.0,111125.05,0.6047691317124266,4364311532.5,-28.888888888888886,-33.90705679862306,10.754091899171248,20.297168488926268,20.33342057970647,42.007,-48.35238735709482,https://finance.naver.com/item/main.naver?code=079900
솔루스첨단소재,KOSPI,7950.0,558187769100,-10.88,1.06,-736.0,7584.0,1.16121,101870141990.0,-21675841070.0,59273096010.0,,264.33639,전자장비와기기,16900.0,5330.0,0.0288703697,70212298,336370,78457.0,89228.85,0.8792783948240955,664192609.0,-27.79291553133515,-10.472972972972972,1.567475093537572,-9.70464135021097,-21.27791386815559,116.12100000000001,-52.958579881656796,https://finance.naver.com/item/main.naver?code=336370
KG스틸,KOSPI,5520.0,552049111440,3.99,0.26,1394.0,21234.0,0.63214,896376295810.0,43109837880.0,93398852820.0,,43.89712,철강,7900.0,4825.0,0.0616192377,100008897,016380,130479.0,251669.1,0.518454589776814,1407297206.0,3.370786516853941,-9.80392156862745,0.5991081145837928,6.564943015917867,4.8093460393265195,63.214000000000006,-30.126582278481017,https://finance.naver.com/item/main.naver?code=016380
인카금융서비스,KOSDAQ,11310.0,557171960670,7.26,2.45,1480.0,4391.0,3.57111,338806116000.0,32329191000.0,21998071000.0,,9.00092,손해보험,17330.0,8100.0,0.025909323,49263657,211050,166564.0,86352.4,1.9288867477916076,908019432.75,25.388026607538805,-24.85049833887043,1.9288867477916076,33.705306308358004,9.542091914302988,357.111,-34.737449509521056,https://finance.naver.com/item/main.naver?code=211050
에이치브이엠,KOSDAQ,45200.0,555924924800,43.3,6.06,1060.0,7571.0,1.09639,29152193590.0,2011205120.0,-8998967850.0,,31.17957,비철금속,144000.0,21950.0,0.0512790075,12299224,295310,39493.0,165059.05,0.23926588696590706,8055759346.25,-52.06786850477201,-43.78109452736319,0.5628955213300937,14.000792497688549,6.89898382360461,109.639,-68.61111111111111,https://finance.naver.com/item/main.naver?code=295310
티에프이,KOSDAQ,44700.0,551918990700,29.16,4.91,1586.0,9411.0,0.3179,33608936550.0,6082266000.0,5946518100.0,,30.86468,반도체와반도체장비,77700.0,23500.0,0.0247334189,12347181,425420,70502.0,102717.4,0.6863686191433973,4167913538.75,-4.893617021276597,2.0547945205479534,1.5508278052209266,16.85261927531612,18.09716886147652,31.790000000000003,-42.47104247104247,https://finance.naver.com/item/main.naver?code=425420
쏠리드,KOSDAQ,8860.0,538302891240,14.56,1.51,610.0,5886.0,0.59985,70130784810.0,3536137930.0,-187511460.0,,-328.00078,통신장비,20900.0,6090.0,0.1774419193,60756534,050890,455779.0,741622.95,0.614569708232465,7220846256.25,-34.41894892672095,0.1129943502824915,0.8865205695158167,10.36357458375807,5.042204988266122,59.985,-57.607655502392355,https://finance.naver.com/item/main.naver?code=050890
KG모빌리티,KOSPI,2670.0,540341015040,11.64,0.37,232.0,7336.0,1.54015,1233964507110.0,5222308100.0,14897226260.0,,7.85368,자동차,4670.0,2525.0,0.1803826652,202374912,003620,232007.0,451586.15,0.5137602205027767,1258855744.25,-12.459016393442624,-35.11543134872418,0.9537737151593333,3.162486368593239,0.4232138015242333,154.015,-42.82655246252677,https://finance.naver.com/item/main.naver?code=003620
신풍제약,KOSPI,10500.0,550394481000,60.52,1.98,172.0,5267.0,0.31819,63887734790.0,-8028496490.0,-7979206790.0,,48.4019,제약,15900.0,6310.0,0.0503891544,52418522,019170,1081578.0,664491.55,1.6276775829579773,6769522232.0,15.00547645125958,-16.666666666666664,5.792248223472518,3.2656161002468194,-12.566569336649353,31.818999999999996,-33.9622641509434,https://finance.naver.com/item/main.naver?code=019170
애경케미칼,KOSPI,10900.0,530270928100,-180.66,0.75,-61.0,14790.0,1.11819,503302782000.0,42845427000.0,16155636000.0,,-33.47526,화학,19960.0,7000.0,0.0,48648709,161000,502235.0,288445.35,1.7411790483015241,2937909979.0,0.0,2.251407129455907,7.760034959828613,-0.4124408384043272,8.512853203342715,111.819,-45.39078156312625,https://finance.naver.com/item/main.naver?code=161000
메디톡스,KOSDAQ,73000.0,532790281000,29.06,1.07,2371.0,64588.0,0.50751,68702321980.0,4764632330.0,3127722620.0,,-75.84231,생물공학,141100.0,65600.0,0.1483675338,7298497,086900,38892.0,33966.7,1.1450037831169941,2426409387.5,-13.813459268004724,-44.48669201520913,5.319798508539246,3.6709605499473588,6.935183837581263,50.751000000000005,-48.2636428065202,https://finance.naver.com/item/main.naver?code=086900
동성화인텍,KOSDAQ,17750.0,532313518500,9.64,2.08,1869.0,8649.0,0.74618,224533797660.0,35940409070.0,26571928310.0,,-33.47526,화학,34300.0,14050.0,0.1636771197,29989494,033500,77670.0,106039.8,0.7324608307446826,1847485745.5,-6.233491811938718,-41.89852700490998,0.8884305704084693,21.609434616718694,16.00668115203873,74.618,-48.25072886297376,https://finance.naver.com/item/main.naver?code=033500
프로텍,KOSDAQ,58700.0,528300000000,11.47,1.57,5293.0,38739.0,0.23721,77314344470.0,23097012500.0,34943233830.0,,30.86468,반도체와반도체장비,101900.0,26300.0,0.0662378889,9000000,053610,22967.0,26097.65,0.880040923224888,1650205360.0,-20.56833558863329,2.44328097731239,0.880040923224888,13.663233434007074,29.87416197903902,23.721,-42.394504416094215,https://finance.naver.com/item/main.naver?code=053610
한양이엔지,KOSDAQ,30150.0,527625000000,11.83,0.78,2541.0,38303.0,0.40489,354702606140.0,28525210470.0,21874531130.0,,30.86468,반도체와반도체장비,39400.0,18710.0,0.1972157143,17500000,045100,44989.0,96018.5,0.4685451241167067,3026440540.0,-0.4950495049504955,3.253424657534243,0.7268286840556768,6.633945121792027,8.042007579369516,40.489000000000004,-23.477157360406085,https://finance.naver.com/item/main.naver?code=045100
쿠쿠홈시스,KOSPI,23400.0,525033522000,4.46,0.49,5330.0,48373.0,0.23288,318271750680.0,54024014770.0,42770892680.0,,11.78848,가정용기기와용품,27950.0,20150.0,0.0958563697,22437330,284740,9894.0,16522.0,0.5988379130855829,368535610.0,7.339449541284404,-10.516252390057357,2.6147560827986926,11.018543402311206,16.974178404013422,23.288,-16.279069767441857,https://finance.naver.com/item/main.naver?code=284740
위메이드,KOSDAQ,15430.0,523825092690,-27.4,1.25,-551.0,12033.0,1.08178,108274192350.0,-20961901130.0,3457086680.0,,18.38474,게임엔터테인먼트,34850.0,12570.0,0.0755867353,33948483,112040,167625.0,247691.1,0.6767501940925612,4123516686.0,-16.232356134636262,-43.89090909090909,2.8765425968070715,-4.579074212582066,-19.360016154394337,108.178,-55.724533715925396,https://finance.naver.com/item/main.naver?code=112040
세미파이브,KOSDAQ,15390.0,523651521600,-7.78,2.36,-1979.0,6513.0,0.56543,46801507510.0,-11038068320.0,-12232124310.0,,30.86468,반도체와반도체장비,51300.0,12630.0,0.0574006978,34025440,490470,190418.0,203379.8,0.9362680069505428,3312732140.25,-51.83098591549295,-45.328596802841915,1.0129816235437346,-30.38538307999386,-23.58485635882886,56.543,-70.0,https://finance.naver.com/item/main.naver?code=490470
우리기술투자,KOSDAQ,6190.0,519960000000,4.27,0.61,1420.0,9971.0,0.2091,18419239000.0,15434690650.0,14356015180.0,,14.71625,창업투자,13140.0,3725.0,0.0037286786,84000000,041190,3729370.0,5913896.85,0.6306112694542517,37562388411.25,10.931899641577058,-22.914072229140725,3.7287505276660347,14.241299769331059,83.79657080295229,20.91,-52.891933028919325,https://finance.naver.com/item/main.naver?code=041190
네패스,KOSDAQ,22650.0,522290925300,31.57,4.24,719.0,5360.0,1.77757,153704779820.0,14594820420.0,18272718840.0,,30.86468,반도체와반도체장비,41150.0,11400.0,0.1054164841,23059202,033640,79913.0,157410.85,0.5076714851612834,3011175781.0,-34.53757225433526,31.456761462565286,1.9810133799544314,13.414179104477611,9.495358854221479,177.757,-44.95747266099636,https://finance.naver.com/item/main.naver?code=033640
아난티,KOSDAQ,5340.0,519587286600,-11.6,0.67,-444.0,7660.0,1.15971,55123302630.0,-5364779880.0,-9198407320.0,,15.6358,"호텔,레스토랑,레저",10480.0,3150.0,0.04681198,97300990,025980,9668384.0,6438273.85,1.5017043737585036,33598393745.25,11.366006256517203,-39.729119638826184,1.5017043737585036,-5.796344647519582,-9.732326664114463,115.971,-49.04580152671756,https://finance.naver.com/item/main.naver?code=025980
가온칩스,KOSDAQ,43550.0,516452656200,-35.55,9.34,-1239.0,4714.0,1.32786,21310472300.0,328112080.0,729241980.0,,30.86468,반도체와반도체장비,83200.0,34950.0,0.0013648885,11858844,399720,42628.0,99165.8,0.42986594168554076,4616408385.0,-12.9,-36.04992657856094,1.0817842441648229,-26.2834111158252,1.5396753079001446,132.786,-47.65625,https://finance.naver.com/item/main.naver?code=399720
동국제강,KOSPI,10390.0,515427296630,61.51,0.27,166.0,38029.0,1.26785,995514578460.0,45563446840.0,11645015990.0,,43.89712,철강,17710.0,7760.0,0.2677722837,49608017,460860,181417.0,181558.45,0.999220912053391,1799986647.25,5.589430894308944,16.74157303370787,4.149831638241018,0.4365089799889558,4.576873892744379,126.785,-41.33258046301525,https://finance.naver.com/item/main.naver?code=460860
하나투어,KOSPI,33200.0,514265742400,15.83,3.33,2062.0,9807.0,2.5637,115435401980.0,5440143060.0,6947813450.0,,15.6358,"호텔,레스토랑,레저",53400.0,28600.0,0.113391266,15489932,039130,27720.0,27706.7,1.0004800282964048,882761418.75,-6.478873239436622,-33.73253493013972,2.2153486340848962,21.02579789945957,4.712716347574675,256.37,-37.827715355805246,https://finance.naver.com/item/main.naver?code=039130
와이지-원,KOSDAQ,13720.0,510297948160,19.43,1.24,736.0,11486.0,1.97651,213294648260.0,47746853000.0,30386443870.0,,179.16167,기계,28500.0,4900.0,0.2098912483,37193728,019210,645874.0,888657.0,0.7267978533900031,14880648374.75,-1.2949640287769792,50.76923076923077,0.7267978533900031,6.4078008009750995,22.385396628328888,197.651,-51.859649122807014,https://finance.naver.com/item/main.naver?code=019210
지아이이노베이션,KOSDAQ,7890.0,509031287340,-13.54,4.48,-604.0,1824.0,0.09202,,-14384745240.0,-14253166320.0,,-75.84231,생물공학,21000.0,6470.0,0.0845596208,64516006,358570,299413.0,436905.25,0.6853041935293751,3643365999.5,-36.009732360097324,-49.063912201420266,2.437739075005393,-33.114035087719294,,9.202,-62.42857142857143,https://finance.naver.com/item/main.naver?code=358570
엠앤씨솔루션,KOSPI,18400.0,505295280000,11.02,2.58,1660.0,7090.0,0.94423,93508776250.0,12509247200.0,9896897460.0,,42.45479,우주항공과국방,76666.667,13010.0,0.0803876672,27461700,484870,233538.0,147021.85,1.5884577700525466,2575835834.5,-71.42857142857143,-87.44027303754265,8.938508119711457,23.413258110014105,13.377618338792024,94.423,-76.00000010434782,https://finance.naver.com/item/main.naver?code=484870
천보,KOSDAQ,41250.0,505437281250,-7.33,1.16,-5752.0,36443.0,0.88198,51002936720.0,-3812961740.0,-2807709910.0,,-82.80274,전기제품,80600.0,25900.0,0.0431491815,12253025,278280,39176.0,36097.0,1.0852979471978281,1340395108.75,0.73260073260073,-20.977011494252874,3.169626284732803,-15.78355239689378,-7.475965082035771,88.198,-48.82133995037221,https://finance.naver.com/item/main.naver?code=278280
에코프로에이치엔,KOSDAQ,24050.0,504447114600,40.17,1.74,631.0,14535.0,0.46928,51527505750.0,5762214320.0,5072378450.0,,15.49036,상업서비스와공급품,46900.0,20000.0,0.0900765256,20974932,383310,658882.0,141672.3,4.650746829126089,3444025226.25,-15.909090909090907,-33.37950138504156,4.650746829126089,4.34124527003784,11.182793027003834,46.928,-48.720682302771856,https://finance.naver.com/item/main.naver?code=383310
삼지전자,KOSDAQ,30800.0,502610477600,6.12,0.95,5030.0,32565.0,1.52143,2690378225730.0,158401255460.0,113401741930.0,,-328.00078,통신장비,64500.0,10910.0,0.0570780859,16318522,037460,37976.0,84897.05,0.4473182519298374,2875374976.25,-30.630630630630627,31.62393162393162,0.9527186162534504,15.446031014893292,5.887694672261921,152.143,-52.24806201550387,https://finance.naver.com/item/main.naver?code=037460
대덕,KOSPI,15990.0,500280697020,157.18,0.91,103.0,17702.0,0.32226,481519040900.0,67413498950.0,58252050800.0,,264.33639,전자장비와기기,24350.0,7800.0,0.1500428387,31287098,008060,29619.0,71454.75,0.414514080589464,1100175804.25,-18.87366818873668,32.80730897009967,0.9956231041323355,0.5818551576093097,14.00017304071682,32.226,-34.332648870636554,https://finance.naver.com/item/main.naver?code=008060
현대차증권,KOSPI,8090.0,500229325960,7.9,0.34,1009.0,23342.0,7.84341,842984000000.0,32311000000.0,26589000000.0,,8.14824,증권,14880.0,6560.0,0.029461836,61833044,001500,81904.0,86913.95,0.9423573546018792,692575219.75,-15.199161425576523,-37.04280155642024,1.0657207502362969,4.322680147373833,3.832931585890124,784.341,-45.63172043010753,https://finance.naver.com/item/main.naver?code=001500
아이센스,KOSDAQ,17330.0,498364164970,-96.42,1.58,-187.0,11419.0,0.64609,88674090940.0,6607677160.0,3969941330.0,,-34.27735,건강관리장비와용품,27600.0,14000.0,0.2553069552,28757309,099190,26727.0,47949.25,0.5574018363165222,876893352.0,3.772455089820359,-35.81481481481481,1.2841702424959722,-1.6376215080129608,7.451643529642707,64.60900000000001,-37.210144927536234,https://finance.naver.com/item/main.naver?code=099190
태영건설,KOSPI,1671.0,497273020338,8.95,0.84,191.0,2037.0,5.10139,320064703530.0,37170590680.0,-11465821050.0,,36.90859,건설,2275.0,1510.0,0.0050840371,297590078,009410,275053.0,331531.95,0.8296425125843828,546167073.65,2.389705882352944,-9.036472509526405,2.7144321987669664,9.37653411880216,11.61346136266974,510.139,-26.549450549450547,https://finance.naver.com/item/main.naver?code=009410
에이프릴바이오,KOSDAQ,18020.0,496609251640,-41.75,4.32,-429.0,4150.0,0.01506,,-2915112840.0,-1985455620.0,,48.4019,제약,76700.0,17030.0,0.1045229067,27558782,397030,191779.0,329906.8,0.5813126616365591,7585828900.5,-64.10358565737052,-75.31506849315068,2.3155085011888206,-10.337349397590362,,1.506,-76.50586701434159,https://finance.naver.com/item/main.naver?code=397030
바이오노트,KOSPI,4800.0,489053030400,-5.51,0.32,-865.0,15047.0,0.04095,36367636560.0,8457087990.0,9072183450.0,,-34.27735,건강관리장비와용품,6320.0,4050.0,0.0057793487,101886048,377740,40990.0,73906.3,0.5546211892626204,353297870.65,2.3454157782516027,-20.661157024793386,1.2679027363025885,-5.7486542167874,23.254433859201544,4.095,-24.0506329113924,https://finance.naver.com/item/main.naver?code=377740
티앤엘,KOSDAQ,30650.0,492549178000,13.28,2.5,2391.0,12698.0,0.12938,56017242490.0,24958923590.0,19948377450.0,,-34.27735,건강관리장비와용품,35800.0,21812.805,0.1317965267,16070120,340570,94522.0,99460.4,0.9503480782301298,3639794251.25,-44.675090252707584,-43.96709323583181,1.2441534520271385,18.82973696645141,44.55578761210101,12.937999999999999,-14.38547486033519,https://finance.naver.com/item/main.naver?code=340570
현대힘스,KOSDAQ,13740.0,487916619540,22.33,1.89,604.0,7122.0,0.26852,72768240800.0,12183282680.0,8714265380.0,,20.70862,조선,33450.0,10380.0,0.0118062821,35510671,460930,284992.0,453326.2,0.6286687158165577,6626126171.75,-5.502063273727654,-28.437500000000004,0.6286687158165577,8.480763830384722,16.74258240416333,26.851999999999997,-58.9237668161435,https://finance.naver.com/item/main.naver?code=460930
NICE,KOSPI,13250.0,487032330250,12.23,0.61,1079.0,21761.0,1.70692,802368727420.0,74856224570.0,-14552091320.0,,34.12563,IT서비스,15430.0,10660.0,0.0892017846,36757157,034310,46727.0,55992.35,0.8345247163228549,734619102.25,6.08486789431546,-14.12832145171743,1.1500856813475413,4.9584118376912825,9.329404550785354,170.692,-14.12832145171743,https://finance.naver.com/item/main.naver?code=034310
삼천리,KOSPI,134500.0,487801506500,4.1,0.27,32566.0,491062.0,1.19641,1157298325450.0,28065612760.0,32194708110.0,,9.4585,가스유틸리티,161900.0,107600.0,0.1224646566,3626777,004690,5635.0,8386.8,0.6718891591548625,1043144347.5,11.157024793388427,-14.440203562340969,0.8009014165116612,6.631749147765455,2.42509750017024,119.64099999999999,-16.924027177269917,https://finance.naver.com/item/main.naver?code=004690
성우하이텍,KOSDAQ,6050.0,484000000000,2.87,0.29,2110.0,21208.0,1.47204,1126339978030.0,65055337050.0,16133391190.0,,10.62051,자동차부품,11990.0,4880.0,0.0636916375,80000000,015750,154012.0,218194.35,0.7058477912008262,1316258896.25,-9.836065573770492,-29.651162790697672,0.7940031444443909,9.949075820445115,5.77581709953895,147.204,-49.54128440366973,https://finance.naver.com/item/main.naver?code=015750
월덱스,KOSDAQ,29300.0,483772094900,11.91,1.41,2482.0,20992.0,0.22079,75412635610.0,16531239360.0,15049602870.0,,30.86468,반도체와반도체장비,35400.0,20700.0,0.2017792025,16510993,101160,38499.0,71094.9,0.541515636142677,2055054283.75,18.145161290322577,2.987697715289972,1.1363824971974081,11.823551829268293,21.92104708485735,22.078999999999997,-17.231638418079097,https://finance.naver.com/item/main.naver?code=101160
성일하이텍,KOSDAQ,37150.0,480019422250,-6.06,3.71,-6364.0,10382.0,3.0814,76814493290.0,6330532520.0,9298405090.0,,-82.80274,전기제품,85500.0,23800.0,0.0327515079,12921115,365340,41423.0,52721.15,0.785699856698877,1839050315.0,-28.967495219885276,-41.953125,0.9495240524912677,-61.29840107879021,8.24132562601195,308.14,-56.54970760233918,https://finance.naver.com/item/main.naver?code=365340
삼양사,KOSPI,46700.0,481638068300,-1.47,0.29,-31276.0,160164.0,1.27212,705531575520.0,43080556720.0,36713288840.0,,35.44428,식품,54000.0,40750.0,0.0487503259,10313449,145990,7621.0,8237.95,0.925108795270668,370700467.5,9.36768149882905,-12.710280373831772,0.9645603578560199,-19.527484328563222,6.106113208079768,127.21199999999999,-13.518518518518519,https://finance.naver.com/item/main.naver?code=145990
한국기업평가,KOSDAQ,105000.0,476753970000,18.35,3.5,5656.0,29647.0,0.37152,42983101350.0,20867118650.0,16628608770.0,,15.49036,상업서비스와공급품,115000.0,92400.0,0.8083871121,4540514,034950,1007.0,1171.3,0.8597285067873304,119900550.0,4.581673306772904,-7.079646017699115,1.0714590625800393,19.07781563058657,48.547261585627766,37.152,-8.695652173913048,https://finance.naver.com/item/main.naver?code=034950
아이에스동서,KOSPI,15790.0,476652351040,-8.88,0.38,-1810.0,41857.0,1.14339,113793757500.0,5098559700.0,6167495380.0,,36.90859,건설,34450.0,14320.0,0.0696273784,30186976,010780,106564.0,144602.7,0.7369433627449556,2363634041.5,-39.61759082217973,-49.39102564102564,0.7756563328347257,-4.324246840432902,4.480526710790792,114.33899999999998,-54.165457184325106,https://finance.naver.com/item/main.naver?code=010780
고려제강,KOSPI,17620.0,475740000000,48.51,0.26,356.0,67342.0,0.38861,483129826870.0,5338049300.0,26734280270.0,,43.89712,철강,28300.0,15300.0,0.067548,27000000,002240,8574.0,20632.0,0.4155680496316402,352445680.75,-4.705246078961601,-26.27615062761506,1.021132221791392,0.5286448278934395,1.104889204333136,38.861000000000004,-37.73851590106007,https://finance.naver.com/item/main.naver?code=002240
젬백스,KOSDAQ,10740.0,475451240220,-41.24,8.39,-275.0,1351.0,1.20665,22705381330.0,997171660.0,-9865224650.0,,30.86468,반도체와반도체장비,61000.0,8980.0,0.0716109798,44269203,082270,158283.0,233644.25,0.6774530081523513,2659164174.25,-18.63636363636364,-75.13888888888889,4.02735783140394,-20.355292376017765,4.391785566192911,120.665,-82.39344262295081,https://finance.naver.com/item/main.naver?code=082270
앱클론,KOSDAQ,23700.0,472865457300,-25.2,8.33,-976.0,2954.0,0.21537,1684169880.0,-6254858540.0,-6058717130.0,,-75.84231,생물공학,95800.0,9950.0,0.0735184701,19952129,174900,113912.0,256577.45,0.4439673088963975,7470081611.75,-29.253731343283583,-60.1010101010101,0.866900033498657,-33.03994583615437,-371.3911888746045,21.537,-75.26096033402922,https://finance.naver.com/item/main.naver?code=174900
네오셈,KOSDAQ,10750.0,471593513000,84.52,3.8,126.0,2805.0,0.35658,36000174210.0,11417108680.0,8799651570.0,,30.86468,반도체와반도체장비,21400.0,6700.0,0.0,43869164,253590,191224.0,427342.3,0.4474726700352387,4590813251.75,-20.133729569093607,-34.7298117789921,0.7663856351220087,4.491978609625669,31.71403730826557,35.658,-49.76635514018691,https://finance.naver.com/item/main.naver?code=253590
서희건설,KOSDAQ,2260.0,469150091360,3.45,0.39,664.0,5846.0,0.47296,200542329430.0,36427105910.0,150188955090.0,,36.90859,건설,4000.0,1623.0,0.0392802423,207588536,035890,189491.0,301605.45,0.6282744559158331,635651985.55,1.3452914798206317,-32.53731343283582,1.2551663108209747,11.358193636674649,18.164297788669604,47.296,-43.50000000000001,https://finance.naver.com/item/main.naver?code=035890
일동제약,KOSPI,14500.0,458754654000,15.68,1.89,942.0,7821.0,1.24604,147860721010.0,1980086310.0,5102288430.0,,48.4019,제약,45050.0,11250.0,0.0853443484,31638252,249420,104982.0,266964.65,0.393243075440887,3971353214.25,-26.39593908629442,-61.94225721784776,2.2252346893118617,12.044495588799386,1.3391564010201764,124.604,-67.81354051054385,https://finance.naver.com/item/main.naver?code=249420
로킷헬스케어,KOSDAQ,26000.0,452641540000,-122.97,36.89,-222.0,740.0,15.09902,8215797440.0,-13452986170.0,-9342591750.0,,-34.27735,건강관리장비와용품,153800.0,14120.0,0.0583630349,17409290,376900,74773.0,151963.25,0.49204659679231655,4833474698.75,-49.21875,-58.92575039494471,0.5537852079367873,-30.0,-163.74534874121727,1509.902,-83.09492847854357,https://finance.naver.com/item/main.naver?code=376900
덕산하이메탈,KOSDAQ,10020.0,455278760040,-4.46,2.29,-2333.0,4544.0,0.99162,90753036170.0,10078195950.0,12438888740.0,,30.86468,반도체와반도체장비,21100.0,4345.0,0.0573649864,45437002,077360,486163.0,820104.05,0.5928064859574831,8081428039.75,-30.896551724137932,-23.802281368821287,1.348419142668543,-51.342429577464785,11.105078546486716,99.16199999999999,-52.51184834123222,https://finance.naver.com/item/main.naver?code=077360
원텍,KOSDAQ,5060.0,451760068760,12.85,2.89,393.0,1749.0,0.61117,47493484530.0,11088331790.0,15446428880.0,,-34.27735,건강관리장비와용품,11430.0,4130.0,0.0320177455,89280646,336570,232518.0,574678.25,0.4046055336181594,2916566578.45,-34.4559585492228,-37.83783783783784,1.3755470996161765,22.46998284734134,23.34705886445515,61.117,-55.73053368328959,https://finance.naver.com/item/main.naver?code=336570
유니드,KOSPI,66400.0,449368640000,6.74,0.41,9830.0,162961.0,0.42625,399849385220.0,24243282160.0,43059042210.0,,-33.47526,화학,101600.0,55800.0,0.1248727762,6767600,014830,10149.0,11368.0,0.8927691766361717,714644685.0,-1.6296296296296253,-18.627450980392158,1.7763898662913442,6.032118114150011,6.0631035225079,42.625,-34.645669291338585,https://finance.naver.com/item/main.naver?code=014830
유진로봇,KOSDAQ,11710.0,447737541060,-65.11,15.81,-186.0,766.0,0.53985,8203314920.0,-2954307100.0,-2899773090.0,,179.16167,기계,49450.0,9250.0,0.2035935152,38235486,056080,154431.0,337549.85,0.4575057580384053,4418069005.0,-39.639175257731964,-67.19887955182074,0.5490863053264577,-24.281984334203656,-36.013576570092226,53.98500000000001,-76.31951466127401,https://finance.naver.com/item/main.naver?code=056080
엔켐,KOSDAQ,20400.0,446984277600,-6.93,1.01,-3154.0,21543.0,1.37562,102320994520.0,-11950418670.0,-27757910630.0,,-82.80274,전기제품,105000.0,14020.0,0.0322366023,21910994,348370,264811.0,384439.95,0.6888227927404527,8444624308.25,-38.27534039334341,-73.19316688567675,2.1774219874911545,-14.64048646892262,-11.67934178714822,137.562,-80.57142857142857,https://finance.naver.com/item/main.naver?code=348370
명신산업,KOSPI,8500.0,445996130500,6.12,0.55,1302.0,14406.0,0.91115,497054350040.0,44136149520.0,30217492180.0,,10.62051,자동차부품,14940.0,5390.0,0.0569792533,52470133,009900,573413.0,170696.35,3.359257535383738,1333687973.25,-2.1864211737629424,-9.670563230605733,3.359257535383738,9.037900874635568,8.87954194877244,91.115,-43.10575635876841,https://finance.naver.com/item/main.naver?code=009900
디어유,KOSDAQ,18650.0,442721271900,23.64,2.1,785.0,8842.0,0.26447,23352262000.0,9405775550.0,4532356890.0,,20.29601,양방향미디어와서비스,50900.0,17680.0,0.0337727815,23738406,376300,57884.0,88538.85,0.6537695034439683,1728185773.25,-15.801354401805867,-55.06024096385542,3.3300522877810135,8.878081881927166,40.27779214707338,26.447,-63.35952848722985,https://finance.naver.com/item/main.naver?code=376300
브이티,KOSDAQ,12710.0,444110760980,7.48,1.85,1728.0,6998.0,0.36806,131668235840.0,10678686240.0,3222848790.0,,49.63323,화장품,34350.0,10290.0,0.0722914175,34941838,018290,196728.0,280159.95,0.702198868896143,3712726565.5,3.1655844155844104,-33.8365434669443,1.5201423329780006,24.692769362675048,8.110297955975105,36.806,-62.99854439592431,https://finance.naver.com/item/main.naver?code=018290
아세아,KOSPI,214500.0,441623754000,11.38,0.29,18725.0,722172.0,0.61333,508745051000.0,36403767000.0,25661370000.0,,7.62098,건축자재,402000.0,157800.0,0.0538397126,2058852,002030,3178.0,6528.3,0.48680360890277713,1230792487.5,24.492164828787,-26.916524701873932,0.7508846100822573,2.5928726120647156,7.155601205052312,61.333000000000006,-46.64179104477611,https://finance.naver.com/item/main.naver?code=002030
HLB이노베이션,KOSDAQ,13810.0,438516442640,-12.04,1.91,-1155.0,7280.0,0.20642,10589385980.0,-9233286200.0,-8408744730.0,,30.86468,반도체와반도체장비,29100.0,7460.0,0.0,31753544,024850,181374.0,142539.85,1.2724441621062461,1812780441.0,-8.543046357615891,364.98316498316495,1.5611072973628075,-15.865384615384615,-87.19378269371573,20.642,-52.542955326460486,https://finance.naver.com/item/main.naver?code=024850
아이쓰리시스템,KOSDAQ,59900.0,437702178500,22.58,3.14,2657.0,19122.0,0.39699,39475966070.0,4759291460.0,3830778130.0,,42.45479,우주항공과국방,137900.0,49250.0,0.0443775091,7307215,214430,16585.0,25919.7,0.6398608008580347,1715454200.0,-12.42690058479532,-46.99115044247788,0.6398608008580347,13.894990063800858,12.056174766085972,39.699,-56.56272661348803,https://finance.naver.com/item/main.naver?code=214430
코스모화학,KOSPI,11380.0,437085634640,-14.8,2.04,-791.0,5730.0,1.07269,206139203620.0,7636150170.0,1549079930.0,,-33.47526,화학,21650.0,7160.0,0.0508420748,38408228,005420,133510.0,111871.65,1.193421210825084,1162195916.75,-6.568144499178985,-34.21965317919076,1.215348124390764,-13.804537521815007,3.7043658051947217,107.26899999999999,-47.4364896073903,https://finance.naver.com/item/main.naver?code=005420
비나텍,KOSDAQ,60600.0,435133088400,-66.56,5.24,-933.0,11841.0,1.94717,35384414520.0,497894840.0,-38637148640.0,,55.86742,전기장비,204500.0,41538.952,0.1173229009,7180414,126340,53686.0,88011.5,0.60998846741619,5948728832.5,-50.164473684210535,-46.56084656084656,1.3671508836913357,-7.879402077527235,1.4071021006114983,194.717,-70.36674816625916,https://finance.naver.com/item/main.naver?code=126340
한컴,KOSDAQ,17990.0,434993594560,12.61,1.17,1427.0,15357.0,0.45194,119951671880.0,14337143760.0,24144238030.0,,163.68113,소프트웨어,27800.0,14800.0,0.0519348757,24179744,030520,133486.0,116954.2,1.141352768861657,2106331266.25,-6.448257930317213,-23.119658119658116,1.3141811067922315,9.29217946213453,11.952433455319339,45.194,-35.28776978417266,https://finance.naver.com/item/main.naver?code=030520
쏘카,KOSPI,11420.0,433274137640,-20.36,2.27,-560.0,5020.0,2.09698,120992525210.0,6811456130.0,6464833190.0,,13.62122,도로와철도운송,21000.0,9000.0,0.0032351394,37939942,403550,12433.0,19853.7,0.6262308788789999,212075195.25,-2.9736618521665203,-2.8085106382978675,0.9016455371039152,-11.155378486055776,5.6296503591256855,209.69799999999998,-45.61904761904761,https://finance.naver.com/item/main.naver?code=403550
부광약품,KOSPI,4380.0,432151258980,27.53,1.21,152.0,3452.0,0.39671,56987922650.0,1409953890.0,1388990360.0,,48.4019,제약,9890.0,3235.0,0.0722678941,98664671,003000,4788992.0,276511.8,17.319304275622233,1190932758.15,-1.2401352874859106,-18.43575418994413,17.319304275622233,4.40324449594438,2.4741275421802027,39.671,-55.7128412537917,https://finance.naver.com/item/main.naver?code=003000
케이씨,KOSPI,39150.0,431453945250,10.39,0.53,3947.0,77202.0,0.22074,250415628920.0,22174308420.0,25460061230.0,,30.86468,반도체와반도체장비,43000.0,20850.0,0.1390451552,11020535,029460,26345.0,34300.1,0.7680735624677479,1186966495.0,27.110389610389607,20.461538461538463,2.220430844224944,5.112561850729256,8.855001788679893,22.073999999999998,-8.953488372093021,https://finance.naver.com/item/main.naver?code=029460
유진투자증권,KOSPI,4445.0,430571228010,6.24,0.36,703.0,12331.0,9.72358,1065721579700.0,66579169470.0,52712837540.0,,8.14824,증권,6920.0,3105.0,0.1088785073,96866418,001200,272607.0,429224.55,0.6351151163184865,1855828787.7,-5.021367521367526,-17.988929889298888,1.0741976431683602,5.701078582434515,6.247332393207426,972.3580000000001,-35.76589595375722,https://finance.naver.com/item/main.naver?code=001200
마키나락스,KOSDAQ,24000.0,426113664000,-22.86,24.69,-1052.0,974.0,0.11983,3992151500.0,-1802194750.0,-1546819520.0,,163.68113,소프트웨어,83600.0,13420.0,0.0,17754736,477850,583166.0,2136102.7,0.27300466405477597,61034255047.75,-10.1123595505618,-60.0,0.7323341710115342,-108.00821355236138,-45.143445833656365,11.983,-71.29186602870814,https://finance.naver.com/item/main.naver?code=477850
조광피혁,KOSPI,64500.0,428869401000,20.26,0.4,3248.0,162644.0,0.15358,21301429930.0,-1445886840.0,587452110.0,,9.12316,"섬유,의류,신발,호화품",84300.0,57600.0,0.0062893867,6649138,004700,2646.0,1211.7,2.1837088388214903,76809510.0,1.097178683385569,-19.475655430711612,2.1837088388214903,1.9969995819089548,-6.787745445969692,15.357999999999999,-23.48754448398577,https://finance.naver.com/item/main.naver?code=004700
DB증권,KOSPI,10020.0,425312817780,4.84,0.36,2029.0,27483.0,10.48382,1075176925000.0,30224965000.0,30431517000.0,,8.14824,증권,19350.0,7550.0,0.0945624609,42446389,016610,62552.0,54035.5,1.1576093494091848,506980546.75,-7.649769585253452,-38.338461538461544,1.308362095289208,7.382745697340173,2.8111619862005504,1048.382,-48.21705426356589,https://finance.naver.com/item/main.naver?code=016610
신대양제지,KOSPI,10550.0,425142001000,13.47,0.51,770.0,20359.0,0.29568,174536333480.0,14766524150.0,14530743950.0,,18.15087,포장재,18150.0,8200.0,0.0195810096,40297820,016590,11946.0,10932.15,1.0927402203592158,107786140.25,17.09211986681465,-32.32841565105837,1.5433377697891084,3.7821111056535193,8.46042990337716,29.568,-41.8732782369146,https://finance.naver.com/item/main.naver?code=016590
세아제강지주,KOSPI,102300.0,423691511100,6.47,0.2,15656.0,510476.0,1.44088,1166898744310.0,-50795879560.0,-74622910590.0,,43.89712,철강,260000.0,94200.0,0.0843476415,4141657,003030,15766.0,24028.4,0.6561402340563666,2538822967.5,-28.710801393728225,-30.027359781121753,0.7392918379917097,3.066941442888598,-4.353066605623623,144.088,-60.653846153846146,https://finance.naver.com/item/main.naver?code=003030
광전자,KOSPI,7310.0,423568907530,88.24,1.57,85.0,4784.0,0.08436,36825118540.0,1302341750.0,2606483150.0,,264.33639,전자장비와기기,22450.0,1760.0,0.1772692084,57943763,017900,355826.0,4606832.95,0.07723874598057652,37387362122.75,-16.1697247706422,264.5885286783043,0.9098769253180756,1.7767558528428091,3.536558201667095,8.436,-67.43875278396436,https://finance.naver.com/item/main.naver?code=017900
자이에스앤디,KOSPI,10830.0,420014691600,12.93,0.98,895.0,11817.0,0.79968,303336739840.0,9035841110.0,9852411010.0,,36.90859,건설,11920.0,3050.0,0.0425301657,38782520,317400,1132559.0,1820705.55,0.6220440202425922,17048832544.25,202.09205020920504,130.67092651757187,0.6966513613362688,7.573834306507574,2.978815264766841,79.96799999999999,-9.144295302013427,https://finance.naver.com/item/main.naver?code=317400
뉴로메카,KOSDAQ,17760.0,415733610240,-14.89,24.08,-1244.0,769.0,1.48097,2822194670.0,-5266954960.0,-4579129890.0,,179.16167,기계,88302.605,14700.0,0.0458446071,23408424,348340,307360.0,389063.2,0.790000185059908,8586212632.5,-63.60655737704918,-76.6622864651774,1.193531025293577,-161.76853055916774,-186.6262103032035,148.09699999999998,-79.88734307442006,https://finance.naver.com/item/main.naver?code=348340
인텍플러스,KOSDAQ,31900.0,413346738200,-123.52,8.86,-270.0,3765.0,1.83294,8960989870.0,-5117444750.0,-6094354380.0,,30.86468,반도체와반도체장비,54100.0,10960.0,0.0,12957578,064290,169143.0,297749.1,0.5680722460622047,9662751401.25,-17.78350515463918,91.59159159159158,0.6679818679552685,-7.171314741035857,-57.10802962887402,183.294,-41.0351201478743,https://finance.naver.com/item/main.naver?code=064290
삼영무역,KOSPI,22350.0,412736287800,6.75,0.66,3325.0,34228.0,0.15574,123412537990.0,9033245960.0,23070316130.0,,-33.47526,화학,24550.0,14510.0,0.2021779127,18466948,002810,16316.0,22320.25,0.7309953965569382,511549901.25,6.175771971496435,-5.296610169491522,0.8356985248821138,9.714269019516186,7.319552864824767,15.573999999999998,-8.96130346232179,https://finance.naver.com/item/main.naver?code=002810
글로벌텍스프리,KOSDAQ,5860.0,411860313800,11.39,2.88,504.0,1993.0,0.24304,46904130950.0,9038744530.0,11935460190.0,,29.77157,기타금융,7230.0,3955.0,0.1992904576,70283330,204620,1089833.0,949915.35,1.147294861589509,5093977652.7,22.59414225941423,10.775047258979198,4.6920717725005705,25.288509784244855,19.270679036000775,24.304000000000002,-18.948824343015215,https://finance.naver.com/item/main.naver?code=204620
원익머트리얼즈,KOSDAQ,32600.0,411020800000,8.53,0.79,3863.0,41679.0,0.22896,92296563340.0,14582865140.0,13190022950.0,,-33.47526,화학,56100.0,22900.0,0.1687702253,12608000,104830,46430.0,66472.2,0.6984874880025034,2281186141.25,-20.68126520681265,-25.740318906605918,0.8328143193696012,9.268456536865088,15.800008811032292,22.896,-41.889483065953655,https://finance.naver.com/item/main.naver?code=104830
오킨스전자,KOSDAQ,19290.0,406844521950,49.53,8.38,424.0,2506.0,0.795,35083034140.0,8394249820.0,8810271020.0,,30.86468,반도체와반도체장비,27500.0,5900.0,0.0756076716,21090955,080580,172391.0,429676.9,0.4012107702322373,7437122641.25,11.438474870017323,13.60424028268552,1.6406187998470478,16.919393455706306,23.926806861979127,79.5,-29.854545454545455,https://finance.naver.com/item/main.naver?code=080580
한화갤러리아,KOSPI,2115.0,410013075150,120.29,0.49,17.0,4193.0,1.40484,150903680820.0,15135023480.0,5085497810.0,,36.89842,백화점과일반상점,4120.0,999.0,0.0214040666,193859610,452260,1250057.0,926540.85,1.3491655548700308,1868870708.35,-18.653846153846153,-25.396825396825395,1.3491655548700308,0.4054376341521584,10.029591987257929,140.484,-48.665048543689316,https://finance.naver.com/item/main.naver?code=452260
흥아해운,KOSPI,1689.0,406077654411,13.39,1.6,127.0,1062.0,0.70802,49963892320.0,3141141300.0,2171035810.0,,10.30179,해운사,4795.0,1524.0,0.0240764331,240424899,003280,2806403.0,6792388.1,0.41316882349522993,12149034435.35,-13.384615384615383,-14.002036659877803,0.6154929515879695,11.958568738229754,6.2868226516104215,70.80199999999999,-64.77580813347237,https://finance.naver.com/item/main.naver?code=003280
KCC글라스,KOSPI,25350.0,404852479200,-4.81,0.29,-5246.0,86505.0,0.78101,577146098540.0,4810796100.0,-11814926190.0,,7.62098,건축자재,31450.0,21000.0,0.0472941005,15970512,344820,6116.0,10224.25,0.5981856859916376,251361260.0,10.940919037199116,-17.021276595744684,0.749003594395677,-6.064389341656551,0.8335490982560251,78.101,-19.39586645468998,https://finance.naver.com/item/main.naver?code=344820
카페24,KOSDAQ,16740.0,404742549060,10.52,1.54,1615.0,10998.0,0.56917,83427216580.0,8233172650.0,8832864770.0,,34.12563,IT서비스,43950.0,15010.0,0.1867945832,24178169,042000,47130.0,58612.5,0.8040946896992962,1024585802.25,-13.08411214953271,-51.12408759124087,0.8040946896992962,14.684488088743407,9.868689125095106,56.916999999999994,-61.911262798634816,https://finance.naver.com/item/main.naver?code=042000
율촌화학,KOSPI,16300.0,404240000000,100.42,1.43,168.0,11783.0,1.40649,156111443010.0,9539955220.0,5789586580.0,,18.15087,포장재,39200.0,11150.0,0.0554095161,24800000,008730,54192.0,59652.7,0.9084584603882139,906060529.0,-6.857142857142861,-41.26126126126126,1.1972970209227747,1.425782907578715,6.110990351545787,140.649,-58.41836734693877,https://finance.naver.com/item/main.naver?code=008730
국일제지,KOSDAQ,3585.0,404175004395,-179.0,3.38,-20.0,1060.0,0.09826,15252420660.0,-199968620.0,-208086610.0,,-6.01077,종이와목재,5970.0,2610.0,0.0,112740587,078130,20621.0,83314.8,0.24750704556693406,299325084.8,4.366812227074246,992.9878048780488,0.6428749753945278,-1.8867924528301887,-1.3110615321830494,9.826,-39.949748743718594,https://finance.naver.com/item/main.naver?code=078130
코스모로보틱스,KOSDAQ,12440.0,403685787440,-13.8,23.76,-902.0,524.0,0.14521,1243441650.0,-3317212760.0,-7220870940.0,,179.16167,기계,68500.0,10000.0,0.0,32450626,439960,501447.0,3413829.3,0.1468869577046515,59284571197.75,-56.27416520210896,-48.16666666666667,0.18575709101799556,-172.13740458015266,-266.776712843743,14.521,-81.83941605839415,https://finance.naver.com/item/main.naver?code=439960
한라캐스트,KOSDAQ,11010.0,401890895520,83.44,3.69,128.0,2892.0,1.23708,49036916050.0,3256343740.0,1972104940.0,,10.62051,자동차부품,25350.0,4380.0,0.0167746999,36502352,125490,1373818.0,2355940.35,0.5831293648839624,27608874595.75,-7.401177460050468,-36.247828604516506,0.5831293648839624,4.426002766251729,6.640596518508018,123.708,-56.5680473372781,https://finance.naver.com/item/main.naver?code=125490
하이록코리아,KOSDAQ,34000.0,400116896000,7.98,0.87,4211.0,38609.0,0.07898,59250816360.0,16990737920.0,14848728080.0,,179.16167,기계,48100.0,27550.0,0.2933597685,11768144,013030,29992.0,35474.0,0.8454642837007386,1164137052.5,-1.449275362318836,-17.27493917274939,1.1734227885211705,10.906783392473256,28.675955815978227,7.898,-29.31392931392931,https://finance.naver.com/item/main.naver?code=013030
한전산업,KOSPI,12250.0,399350000000,97.68,3.86,125.0,3167.0,1.17041,124664357570.0,15923944470.0,11783967530.0,,3.13891,전기유틸리티,27800.0,8810.0,0.0253587423,32600000,130660,216580.0,569862.8,0.38005639252114715,7614117602.5,-6.702208682406708,-52.241715399610136,12.08015157332607,3.9469529523208084,12.77345408133883,117.041,-55.93525179856116,https://finance.naver.com/item/main.naver?code=130660
신도리코,KOSPI,41050.0,398830675450,17.45,0.33,2330.0,124856.0,0.06689,71264703500.0,-8790840250.0,-2157716070.0,,19.67952,사무용전자제품,73200.0,37000.0,0.1158712846,9715729,029530,3694.0,8708.6,0.42417839836483473,356706135.0,0.6127450980392135,-30.658783783783782,0.8669590979032221,1.8661498045748701,-12.335475794128575,6.689,-43.9207650273224,https://finance.naver.com/item/main.naver?code=029530
아세아시멘트,KOSPI,11070.0,398279471040,24.69,0.38,463.0,30144.0,0.93557,277710635000.0,23561341000.0,12754116000.0,,7.62098,건축자재,14550.0,8310.0,0.0419348934,35978272,183190,68474.0,44949.2,1.5233641533108488,454312163.0,15.673981191222563,-17.87833827893175,3.573189289242078,1.5359607218683653,8.48413349384333,93.557,-23.91752577319588,https://finance.naver.com/item/main.naver?code=183190
삼양바이오팜,KOSPI,53500.0,397819045000,183.72,1.75,301.0,31593.0,0.16096,35859168670.0,746349830.0,1330448180.0,,-34.27735,건강관리장비와용품,150900.0,23250.0,0.0278751511,7435870,0120G0,50236.0,94261.15,0.532944908904676,5306540318.75,3.8834951456310662,-48.15891472868217,1.5954929469882344,0.9527426961668725,2.081336120389207,16.096,-64.54605699138503,https://finance.naver.com/item/main.naver?code=0120G0
토모큐브,KOSDAQ,29450.0,396873324300,-83.56,10.47,-365.0,2912.0,0.09527,4963787180.0,-586621980.0,-202919240.0,,-34.66388,생명과학도구및서비스,67800.0,27200.0,0.0152001599,13476174,475960,33300.0,40052.85,0.8314015107539164,1353858953.75,-26.097867001254706,-55.580693815987935,0.8314015107539164,-12.534340659340659,-11.818032456419697,9.527,-56.56342182890855,https://finance.naver.com/item/main.naver?code=475960
타이거일렉,KOSDAQ,62800.0,396537412000,75.81,6.86,835.0,9226.0,0.97438,33502698090.0,6884665920.0,4641601940.0,,30.86468,반도체와반도체장비,87900.0,15300.0,0.0525085164,6314290,219130,26594.0,51396.2,0.5174312497811122,3675805440.0,18.045112781954884,89.1566265060241,0.593993330246205,9.0505094298721,20.549586488543017,97.438,-28.555176336746303,https://finance.naver.com/item/main.naver?code=219130
세아제강,KOSPI,139600.0,395947480000,12.97,0.35,10714.0,400720.0,0.81422,495160536290.0,34934804580.0,32517667270.0,,43.89712,철강,189000.0,112000.0,0.0375570285,2836300,306200,2951.0,7048.6,0.4186646993729251,945605727.5,3.2544378698224907,2.421129860601612,1.356723320943166,2.673687362747055,7.055248150781504,81.42200000000001,-26.137566137566136,https://finance.naver.com/item/main.naver?code=306200
제이에스코퍼레이션,KOSPI,13640.0,395788579120,5.23,0.78,2692.0,18174.0,2.26251,453516257270.0,56475627040.0,28353430820.0,,9.12316,"섬유,의류,신발,호화품",16090.0,9500.0,0.0309558704,29016758,194370,40367.0,86664.1,0.46578687138042163,1148217157.75,31.153846153846153,-7.210884353741498,1.0344767902741734,14.812369318807086,12.452834079193185,226.25099999999998,-15.226848974518337,https://finance.naver.com/item/main.naver?code=194370
노타,KOSDAQ,18500.0,395759955000,-18.79,14.57,-999.0,1288.0,0.87818,3823408190.0,-6191205310.0,-6195547260.0,,34.12563,IT서비스,65300.0,15130.0,0.008943257,21392430,486990,73756.0,152824.35,0.48261942550385456,3056156396.25,-46.45441389290883,-46.45441389290883,0.5943424591696284,-77.56211180124224,-161.92896500543407,87.818,-71.66921898928025,https://finance.naver.com/item/main.naver?code=486990
아주IB투자,KOSDAQ,3260.0,394934023560,48.0,1.51,70.0,2227.0,0.24234,20021468520.0,8050578290.0,6052768880.0,,14.71625,창업투자,19950.0,1913.0,0.0887207229,121145406,027360,1530649.0,4290952.35,0.3567154503591726,16634279803.0,-66.39175257731958,-33.46938775510204,0.4544739351393637,3.1432420296362817,40.20972928113667,24.234,-83.65914786967419,https://finance.naver.com/item/main.naver?code=027360
파이버프로,KOSDAQ,11990.0,393922157750,41.75,8.51,285.0,1398.0,0.43538,13339235270.0,2698929120.0,2361164790.0,,264.33639,전자장비와기기,29950.0,5280.0,0.0293723867,32854225,368770,144519.0,194039.15,0.7447929966710326,2567387933.25,-22.79459111397295,-14.234620886981396,1.4755269748398714,20.386266094420602,20.23301235318867,43.538,-59.966611018363935,https://finance.naver.com/item/main.naver?code=368770
메카로,KOSDAQ,38650.0,393945536000,29.62,1.84,1278.0,20599.0,0.08695,25345823740.0,4485384720.0,4691396000.0,,30.86468,반도체와반도체장비,48000.0,12100.0,0.0267769685,10192640,241770,15000.0,14018.0,1.0700527892709373,527809505.0,-1.9035532994923887,55.84677419354838,1.0700527892709373,6.204184669158697,17.696740757023825,8.695,-19.47916666666667,https://finance.naver.com/item/main.naver?code=241770
다날,KOSDAQ,5200.0,393356376400,-5.65,1.31,-938.0,4033.0,1.34834,60530648810.0,1797242990.0,-8195072770.0,,34.12563,IT서비스,11450.0,3805.0,0.0380652734,75645457,064260,1651239.0,4643291.2,0.3556182304482648,24269830437.75,-5.282331511839711,-41.10985277463194,1.1466222493217741,-23.25812050582693,2.96914542522314,134.834,-54.58515283842795,https://finance.naver.com/item/main.naver?code=064260
일진하이솔루스,KOSPI,10820.0,392908715800,-198.73,1.26,-55.0,8677.0,0.08217,25881611990.0,-646390460.0,966208040.0,,10.62051,자동차부품,21200.0,8000.0,0.0329540588,36313190,271940,21389.0,36566.7,0.5849310985131281,400270292.75,-21.19446467589221,-25.686813186813183,1.3803816040277084,-0.633859628903999,-2.4974891836325686,8.217,-48.96226415094339,https://finance.naver.com/item/main.naver?code=271940
인벤티지랩,KOSDAQ,29500.0,392577386000,-37.01,5.49,-766.0,5163.0,0.86695,392669500.0,-8384087660.0,923290180.0,,48.4019,제약,101700.0,22650.0,0.112923653,13307708,389470,31890.0,43823.8,0.7276867820681913,1346006113.75,-37.23404255319149,-60.296096904441455,1.028527877545991,-14.836335463877589,-2135.151230233059,86.695,-70.99311701081612,https://finance.naver.com/item/main.naver?code=389470
프레스티지바이오파마,KOSPI,6520.0,391826930600,,,,,0.38182,509200000.0,-26351567000.0,-29376796000.0,,48.4019,제약,15350.0,4945.0,0.6355822764,60096155,950210,46302.0,40121.75,1.154037398667805,256980722.25,-3.9764359351988188,-43.54978354978355,1.154037398667805,,-5175.091712490181,38.182,-57.524429967426705,https://finance.naver.com/item/main.naver?code=950210
네오위즈,KOSDAQ,18060.0,390754449540,7.18,0.67,2522.0,26889.0,0.16354,102073078790.0,7942472240.0,18405602210.0,,18.38474,게임엔터테인먼트,31550.0,16100.0,0.2136655541,21636459,095660,35496.0,54739.05,0.6484584588150506,1023265657.5,-5.296276874672257,-31.590909090909093,0.6995188992136326,9.379300085536837,7.7811626083508685,16.354,-42.75752773375594,https://finance.naver.com/item/main.naver?code=095660
네오팜,KOSDAQ,24300.0,389480132700,14.08,2.01,1779.0,12490.0,0.12539,43571648900.0,9789095200.0,8405205330.0,,49.63323,화장품,26000.0,15590.0,0.2775502903,16027989,092730,71211.0,92584.8,0.769143531119579,2165915425.5,44.29928741092637,21.560780390195088,1.5427694394760263,14.243394715772617,22.466662261202604,12.539,-6.538461538461537,https://finance.naver.com/item/main.naver?code=092730
INVENI,KOSPI,14250.0,388312500000,3.52,0.48,4003.0,29078.0,1.02636,193743999000.0,11239000000.0,8851765000.0,,9.4585,가스유틸리티,18190.0,11840.0,0.0502354862,27250000,015360,14376.0,30748.9,0.467528919733714,435663105.0,-1.9944979367262694,-83.31381733021077,0.5156932443111786,13.766421349473829,5.800953865931094,102.636,-21.660252886201214,https://finance.naver.com/item/main.naver?code=015360
드림텍,KOSPI,5880.0,387414554520,5770.0,1.02,1.0,5644.0,0.84621,257336437900.0,104648000.0,-4986530520.0,,95.46514,핸드셋,9120.0,3565.0,0.5912156586,65886829,192650,358215.0,506276.2,0.7075485673630323,2813457764.4,26.451612903225797,-27.317676143386894,8.441615466024277,0.01771793054571226,0.04066583063556115,84.621,-35.526315789473685,https://finance.naver.com/item/main.naver?code=192650
뉴파워프라즈마,KOSDAQ,8860.0,387116648640,44.31,1.32,211.0,7057.0,1.15405,208752572460.0,27290312720.0,28741958130.0,,30.86468,반도체와반도체장비,13280.0,4710.0,0.0831584297,43692624,144960,783992.0,1469083.45,0.5336606303746734,16238580382.25,4.604486422668241,44.299674267100976,0.7185064946446712,2.989939067592461,13.073042596986065,115.405,-33.28313253012048,https://finance.naver.com/item/main.naver?code=144960
슈프리마,KOSDAQ,55500.0,387074260500,12.05,1.44,4662.0,38917.0,0.09494,40339162620.0,10159018420.0,18868062160.0,,264.33639,전자장비와기기,65000.0,30200.0,0.2932060242,6974311,236200,12303.0,27821.7,0.44220877947788956,1613402300.0,27.293577981651374,15.504682622268472,0.946958668952652,11.979340648045842,25.1840091865546,9.494,-14.615384615384619,https://finance.naver.com/item/main.naver?code=236200
제주은행,KOSPI,10150.0,383655353550,45.0,0.59,226.0,17124.0,12.02183,93313000000.0,947000000.0,4210000000.0,,9.36308,은행,18840.0,8000.0,0.0081134579,37798557,006220,281946.0,414964.75,0.6794456637581867,4115917125.5,-4.962546816479396,-40.954043048283886,5.54004888367024,1.3197850969399672,1.0148639525039382,1202.183,-46.12526539278131,https://finance.naver.com/item/main.naver?code=006220
신세계인터내셔날,KOSPI,10850.0,379598100000,88.05,0.45,123.0,24118.0,0.57306,291576304400.0,6964738250.0,6808584570.0,,9.12316,"섬유,의류,신발,호화품",17130.0,9550.0,0.0694334591,34986000,031430,57749.0,112920.15,0.5114144818263171,1207804484.0,-22.277936962750722,-15.234375,0.7586068562608179,0.509992536694585,2.388650293216351,57.306000000000004,-36.66082895504962,https://finance.naver.com/item/main.naver?code=031430
프로티나,KOSDAQ,34400.0,379611155200,-38.69,13.51,-906.0,2594.0,0.16613,349276450.0,-3955963410.0,-3111949030.0,,-75.84231,생물공학,120100.0,15500.0,0.0215901685,11035208,468530,63030.0,140853.7,0.44748558255835663,4737831980.5,-8.63213811420983,-54.31606905710491,1.5291398096038655,-34.926754047802625,-1132.6167023284852,16.613,-71.35720233139051,https://finance.naver.com/item/main.naver?code=468530
켐트로닉스,KOSDAQ,22600.0,379002610200,34.11,1.62,667.0,14012.0,2.13358,175294692610.0,10020719400.0,5693083360.0,,264.33639,전자장비와기기,48900.0,16250.0,0.0778829396,16770027,089010,24599.0,54930.05,0.44782409628245373,1213292205.0,-24.792013311148086,-30.246913580246915,0.7376472440858873,4.760205538110191,5.716499028464225,213.35799999999998,-53.783231083844576,https://finance.naver.com/item/main.naver?code=089010
서울바이오시스,KOSDAQ,8260.0,378872843580,-25.81,5.11,-341.0,1721.0,2.80288,214143532510.0,10195901750.0,8161538060.0,,16.34808,디스플레이장비및부품,19270.0,2135.0,0.0246916269,45868383,092190,226870.0,256996.0,0.882776385624679,1927134166.25,-16.98492462311558,162.63910969793324,0.882776385624679,-19.814061592097616,4.761246641676594,280.288,-57.135443694862474,https://finance.naver.com/item/main.naver?code=092190
풀무원,KOSPI,9910.0,377774571220,117.38,1.17,84.0,8405.0,2.74249,893550879140.0,24638411320.0,10306279890.0,,35.44428,식품,15950.0,8100.0,0.0123118134,38120542,017810,35426.0,35738.2,0.9912642494585626,336215680.75,2.9075804776739433,-27.239353891336272,1.308739667918362,0.9994051160023795,2.7573596417602197,274.249,-37.86833855799373,https://finance.naver.com/item/main.naver?code=017810
동화기업,KOSDAQ,7450.0,376651773250,-7.77,0.44,-1001.0,17795.0,1.65221,233505042650.0,-864710220.0,-8090164280.0,,7.62098,건축자재,12980.0,4500.0,0.5057876625,50557285,025900,135511.0,266885.95,0.5077487218791398,2044906664.0,-7.33830845771144,-26.237623762376238,0.9210451130904418,-5.625175611126721,-0.37031757866407683,165.221,-42.6040061633282,https://finance.naver.com/item/main.naver?code=025900
코세스,KOSDAQ,22700.0,376478637400,28.36,5.06,827.0,4635.0,0.69988,18555106000.0,5730276920.0,6214325490.0,,30.86468,반도체와반도체장비,51400.0,10270.0,0.0129350914,16584962,089890,79236.0,160770.95,0.4928502319604381,3685623048.25,-36.94444444444444,2.483069977426644,1.7236509456465858,17.84250269687163,30.88248011086544,69.988,-55.83657587548638,https://finance.naver.com/item/main.naver?code=089890
BGF,KOSPI,3930.0,376166988630,6.35,0.21,618.0,18674.0,0.21301,123573334570.0,13646457780.0,14491484250.0,,-33.47526,화학,5420.0,3605.0,0.0555560518,95716791,027410,53877.0,74887.25,0.7194415604792538,302341675.25,-7.962529274004682,-9.132947976878613,0.7194415604792538,3.3094141587233588,11.043205904806069,21.301000000000002,-27.49077490774908,https://finance.naver.com/item/main.naver?code=027410
LS증권,KOSDAQ,6730.0,373388408700,18.32,0.48,370.0,14185.0,15.11262,1636450892430.0,39220417030.0,30318106060.0,,8.14824,증권,9190.0,4660.0,0.025076553,55481190,078020,129562.0,57277.85,2.2619913282359585,377531739.25,-6.267409470752094,-12.597402597402596,2.2619913282359585,2.608389143461403,2.396675464655147,1511.262,-26.768226332970624,https://finance.naver.com/item/main.naver?code=078020
현대퓨처넷,KOSPI,3425.0,374013562000,48.19,0.5,69.0,6666.0,0.05719,71566798000.0,6601167000.0,8919362000.0,,49.63323,화장품,3750.0,2770.0,0.008478628,109201040,126560,220991.0,113225.75,1.9517733377787296,364993146.5,18.923611111111114,-2.560455192034139,1.9517733377787296,1.035103510351035,9.223784191099343,5.718999999999999,-8.666666666666668,https://finance.naver.com/item/main.naver?code=126560
메가스터디교육,KOSDAQ,35800.0,371074732800,4.46,0.75,8072.0,48011.0,0.81182,204742632020.0,28412084840.0,21415876120.0,,10.89225,교육서비스,50800.0,34900.0,0.2697384213,10365216,215200,25337.0,41822.45,0.6058229491576893,1585246151.25,-6.036745406824151,-25.416666666666664,0.9810998638291157,16.812813730186832,13.876975478768195,81.182,-29.527559055118115,https://finance.naver.com/item/main.naver?code=215200
더블유씨피,KOSDAQ,10960.0,370920858240,-2.06,0.37,-4789.0,26430.0,1.16619,36236878610.0,-15498673110.0,809747260.0,,-82.80274,전기제품,21350.0,5520.0,0.0292655434,33843144,393890,1360655.0,245431.65,5.5439263843925595,2121949234.25,-20.348837209302328,14.644351464435147,5.5439263843925595,-18.119561104805147,-42.770441893753386,116.619,-48.66510538641686,https://finance.naver.com/item/main.naver?code=393890
시노펙스,KOSDAQ,4000.0,368808812000,49.94,2.14,80.0,1867.0,0.53497,53806934130.0,-1898878410.0,-2022096610.0,,95.46514,핸드셋,8330.0,2990.0,0.0068854103,92202203,025320,638229.0,874506.8,0.7298159373946549,3688244311.85,-13.043478260869568,-42.775393419170236,0.7298159373946549,4.284949116229245,-3.5290589228002163,53.49699999999999,-51.980792316926774,https://finance.naver.com/item/main.naver?code=025320
한중엔시에스,KOSDAQ,40550.0,367583560300,92.89,4.05,450.0,10316.0,2.03417,42577655450.0,-6946439820.0,-2199544440.0,,55.86742,전기장비,73000.0,23200.0,0.0276610583,9064946,107640,134724.0,115068.6,1.1708146271007034,4254844983.75,-6.242774566473985,-12.134344528710727,3.8204949047785406,4.362155874369911,-16.31475417465712,203.417,-44.45205479452055,https://finance.naver.com/item/main.naver?code=107640
국도화학,KOSPI,39950.0,369970238400,15.17,0.38,2538.0,100377.0,1.2519,534253619370.0,47954010280.0,43892831830.0,,-33.47526,화학,44450.0,29050.0,0.2014922633,9260832,007690,32308.0,19416.25,1.6639670379192686,745498705.0,29.707792207792206,0.5031446540880502,1.6639670379192686,2.528467676858244,8.975888705545524,125.19,-10.123734533183349,https://finance.naver.com/item/main.naver?code=007690
동아에스티,KOSPI,37750.0,367227507750,-12.77,0.57,-2975.0,66929.0,1.00974,224659014800.0,6293596660.0,1447418120.0,,48.4019,제약,56460.988,31600.0,0.1924815898,9727881,170900,4485.0,8089.0,0.5544566695512424,303586796.25,-1.5645371577574951,-29.041353383458645,0.7423661762887872,-4.44500889001778,2.8013995635130864,100.974,-33.13967513285456,https://finance.naver.com/item/main.naver?code=170900
에이스침대,KOSDAQ,33000.0,365970000000,6.23,0.47,5302.0,70896.0,0.09387,84791570730.0,16622531820.0,22394602760.0,,28.5733,가구,39850.0,26400.0,0.0182460775,11090000,003800,2329.0,2528.75,0.9210084033613445,82798868.75,3.125,-13.043478260869568,1.1930795847750866,7.478560144436922,19.603990911939555,9.386999999999999,-17.189460476787954,https://finance.naver.com/item/main.naver?code=003800
PS일렉트로닉스,KOSDAQ,7820.0,365284422660,15.71,2.77,482.0,2734.0,1.41643,74419754160.0,4170900910.0,5997877750.0,,95.46514,핸드셋,14990.0,4065.0,0.0,46711563,332570,2398516.0,4751516.85,0.5047895389448109,44444231022.5,-17.16101694915254,40.90090090090091,0.8863460096958301,17.62984637893197,5.604561526812762,141.643,-47.831887925283525,https://finance.naver.com/item/main.naver?code=332570
큐로셀,KOSDAQ,23950.0,364690290400,-7.55,70.11,-3232.0,348.0,1.26981,,-9739048920.0,-17646524510.0,,-75.84231,생물공학,66000.0,20650.0,0.0191042947,15227152,372320,17033.0,27175.45,0.6267789493826229,699645225.0,-17.697594501718218,-57.23214285714286,0.9336367935029595,-928.735632183908,,126.98100000000001,-63.71212121212122,https://finance.naver.com/item/main.naver?code=372320
한세실업,KOSPI,9100.0,364000000000,6.14,0.48,1454.0,18656.0,1.33173,561596038210.0,36093623010.0,13141328650.0,,9.12316,"섬유,의류,신발,호화품",15540.0,7800.0,0.0554884,40000000,105630,48652.0,73584.3,0.6611736470959159,683081043.75,2.824858757062154,-35.18518518518518,0.9683043801463084,7.793739279588337,6.4269725130260555,133.173,-41.44144144144144,https://finance.naver.com/item/main.naver?code=105630
엑시콘,KOSDAQ,27800.0,362812156600,33.57,1.59,715.0,15111.0,0.23597,31468619660.0,4134899030.0,7586545460.0,,30.86468,반도체와반도체장비,41700.0,9690.0,0.0549323539,13050797,092870,583479.0,262550.6,2.2223487586773754,5560179819.75,10.099009900990108,-10.032362459546928,2.2223487586773754,4.7316524386208725,13.139753426350318,23.597,-33.333333333333336,https://finance.naver.com/item/main.naver?code=092870
엘티씨,KOSDAQ,34350.0,362877728100,66.87,2.68,501.0,12514.0,0.55374,140878399400.0,23201268460.0,21567320600.0,,30.86468,반도체와반도체장비,60700.0,11800.0,0.0422901052,10564126,170920,133365.0,274077.4,0.48659612211732883,10193970287.5,-26.129032258064512,26.98706099815158,1.076991390023402,4.003516062010548,16.469003451781123,55.374,-43.41021416803954,https://finance.naver.com/item/main.naver?code=170920
나이스정보통신,KOSDAQ,7960.0,362180000000,7.64,0.83,982.0,9066.0,1.7915,316161218510.0,21282587050.0,19485062500.0,,15.49036,상업서비스와공급품,8060.0,4190.0,0.2817288352,45500000,036800,356103.0,160436.9,2.219582901439756,1307085475.0,-72.87904599659285,-71.46953405017922,2.219582901439756,10.831678799911758,6.7315615590995845,179.15,-1.2406947890818865,https://finance.naver.com/item/main.naver?code=036800
제주항공,KOSPI,4485.0,361674817725,-3.01,1.31,-1490.0,3415.0,10.09029,461809076650.0,-44963476490.0,-43455647420.0,,133.28483,항공사,6790.0,3985.0,0.0264455723,80640985,089590,113919.0,148896.1,0.7650905564349906,643300873.1,0.11160714285713969,-31.838905775075986,2.0757763299374528,-43.63103953147877,-9.73637781573473,1009.029,-33.94698085419735,https://finance.naver.com/item/main.naver?code=089590
엠씨넥스,KOSPI,20750.0,361081125000,6.65,0.88,3145.0,23796.0,0.5877,294668492130.0,2187694730.0,792768020.0,,95.46514,핸드셋,32500.0,15600.0,0.1292967848,17401500,097520,28207.0,44654.05,0.6316784255851372,884076637.5,0.728155339805836,-26.418439716312058,0.9555236311152068,13.216506975962346,0.7424257388994432,58.77,-36.15384615384616,https://finance.naver.com/item/main.naver?code=097520
한국철강,KOSPI,9860.0,359397000000,-37.05,0.42,-271.0,23878.0,0.14835,173809519340.0,-6284385120.0,-1795105040.0,,43.89712,철강,11720.0,7610.0,0.057506118,36450000,104700,59730.0,34461.85,1.7332209385160693,335896037.0,19.370460048426153,1.336073997944509,1.7332209385160693,-1.1349359242817656,-3.6156737236622294,14.835,-15.870307167235499,https://finance.naver.com/item/main.naver?code=104700
위메이드맥스,KOSDAQ,4280.0,358678064080,-10.04,0.77,-428.0,5563.0,0.24586,33703193750.0,-15429327600.0,-14377202490.0,,18.38474,게임엔터테인먼트,8160.0,2600.0,0.0918362915,83803286,101730,254138.0,692738.4,0.366859986396019,3081884694.95,16.780354706684864,-34.15384615384616,0.439561312033518,-7.6936904547905804,-45.78001632263708,24.586,-47.549019607843135,https://finance.naver.com/item/main.naver?code=101730
삼립,KOSPI,41450.0,357672423050,23.85,0.7,1732.0,59413.0,1.53625,847831492830.0,110210380.0,-3052252960.0,,35.44428,식품,57800.0,34650.0,0.0202297854,8629009,005610,4506.0,3647.2,1.2354683044527308,145368583.75,1.5931372549019551,-20.441458733205376,1.2354683044527308,2.915186911955296,0.012999090141382428,153.625,-28.287197231833904,https://finance.naver.com/item/main.naver?code=005610
한솔아이원스,KOSDAQ,12660.0,356292582840,12.93,1.75,1029.0,7607.0,0.21287,53737600590.0,6560670110.0,5164961520.0,,30.86468,반도체와반도체장비,19900.0,7050.0,0.0489476418,28143174,114810,127830.0,337383.85,0.37888594845307505,3993672700.0,-2.239382239382237,-27.40825688073395,0.4484091339878895,13.527014591823322,12.208714267046883,21.287,-36.38190954773869,https://finance.naver.com/item/main.naver?code=114810
파인엠텍,KOSDAQ,8370.0,353255280840,-20.96,1.87,-397.0,4459.0,1.13955,95213286430.0,7330620600.0,-4850414920.0,,95.46514,핸드셋,14060.0,5340.0,0.0387273933,42204932,441270,431174.0,506787.05,0.8507991670268608,4067156608.25,4.62499999999999,-20.813623462630083,2.070258109397231,-8.903341556402781,7.699157202592109,113.95500000000001,-40.469416785206256,https://finance.naver.com/item/main.naver?code=441270
큐렉소,KOSDAQ,8510.0,351120812900,131.19,3.75,67.0,2342.0,0.10478,23617960750.0,2436183150.0,2484812140.0,,-34.27735,건강관리장비와용품,22550.0,6970.0,0.0557113597,41259790,060280,134674.0,241288.9,0.558144199753905,2211320270.0,-21.926605504587158,-50.407925407925404,0.558144199753905,2.860802732707088,10.314959770605936,10.478,-62.26164079822616,https://finance.naver.com/item/main.naver?code=060280
GRT,KOSDAQ,4200.0,350744284800,,,,,0.835,277436640000.0,41673993000.0,28322192000.0,,-33.47526,화학,7490.0,2120.0,0.6551595569,83510544,900290,450537.0,445948.9,1.0102883985138207,1683894900.15,33.757961783439484,-12.5,1.221065911363387,,15.02108481417595,83.5,-43.925233644859816,https://finance.naver.com/item/main.naver?code=900290
한솔테크닉스,KOSPI,6640.0,352715584880,-16.58,0.75,-412.0,9050.0,1.16071,335110968130.0,14233351620.0,10675506830.0,,264.33639,전자장비와기기,16430.0,4229.091,0.0699198945,53119817,004710,360122.0,627695.5,0.5737208566892705,4668787058.25,-46.103896103896105,5.3968253968254,0.5737208566892705,-4.552486187845304,4.24735474921204,116.071,-59.5861229458308,https://finance.naver.com/item/main.naver?code=004710
보성파워텍,KOSDAQ,7140.0,350786943360,17.59,3.24,415.0,2253.0,0.14493,24391145190.0,4726421090.0,4161270850.0,,55.86742,전기장비,18200.0,3800.0,0.0459228187,49129824,006910,442402.0,1562906.9,0.28306356571846986,11562119078.0,-14.593301435406703,-42.04545454545454,1.802521954442712,18.41988459831336,19.377610412231736,14.493,-60.769230769230774,https://finance.naver.com/item/main.naver?code=006910
엠케이전자,KOSDAQ,14100.0,346353217800,226.03,0.81,63.0,17572.0,1.52081,488955111700.0,25237604030.0,33224848160.0,,30.86468,반도체와반도체장비,37000.0,7830.0,0.1191689093,24564058,033160,412512.0,1162548.1,0.35483435050988427,18921990951.75,-44.26877470355731,39.6039603960396,0.7301117261298693,0.35852492601866603,5.161538027949816,152.081,-61.891891891891895,https://finance.naver.com/item/main.naver?code=033160
메디포스트,KOSDAQ,8790.0,344608460370,-3.72,1.4,-2408.0,6371.0,1.04207,18783950500.0,-24338992640.0,32159849580.0,,-75.84231,생물공학,29100.0,7250.0,0.0238637285,39204603,078160,30713.0,76244.9,0.4028203853634801,725287972.0,-17.54221388367729,-59.678899082568805,0.6435577986199733,-37.79626432271229,-129.5733431580327,104.20700000000001,-69.79381443298969,https://finance.naver.com/item/main.naver?code=078160
신라젠,KOSDAQ,2480.0,343612838720,-14.71,3.23,-175.0,797.0,0.06613,2244329080.0,-6183107000.0,-5487443200.0,,48.4019,제약,5400.0,1780.0,0.024614697,138553564,215600,1259624.0,3540008.6,0.35582512426664725,9648556484.6,-5.343511450381677,-33.24360699865411,6.879671139781976,-21.9573400250941,-275.4991260016111,6.6129999999999995,-54.074074074074076,https://finance.naver.com/item/main.naver?code=215600
신성이엔지,KOSPI,16850.0,342159166700,-50.21,1.49,-340.0,11470.0,1.93973,201805601950.0,3063706090.0,-2136406990.0,,30.86468,반도체와반도체장비,49700.0,11300.0,0.0,20306182,011930,82841.0,180022.25,0.46017089554207885,2924497308.5,-20.892018779342724,706.2200956937799,0.8185988120912832,-2.964254577157803,1.518147197300833,193.97299999999998,-66.09657947686117,https://finance.naver.com/item/main.naver?code=011930
유바이오로직스,KOSDAQ,9290.0,341428932030,8.08,1.91,1127.0,4782.0,0.31719,33219694670.0,8576674710.0,7502444750.0,,-75.84231,생물공학,17700.0,6950.0,0.0663062322,36752307,206650,141760.0,150035.4,0.9448436835573472,1340646704.0,-5.300713557594294,-34.39265536723164,2.264958803055812,23.567544960267668,25.818041963357995,31.719,-47.51412429378531,https://finance.naver.com/item/main.naver?code=206650
한섬,KOSPI,15900.0,341484204600,7.34,0.24,2153.0,66913.0,0.18125,363202589000.0,4606386000.0,3300630000.0,,9.12316,"섬유,의류,신발,호화품",28750.0,14180.0,0.2532067104,21476994,020000,73137.0,182542.85,0.4006566129541639,2924813781.75,-28.216704288939056,-25.526932084309127,0.4665315568372029,3.217610927622435,1.2682690430931922,18.125,-44.69565217391305,https://finance.naver.com/item/main.naver?code=020000
현대코퍼레이션,KOSPI,25750.0,340645874500,3.55,0.44,7226.0,57671.0,3.19572,2816432723330.0,62936540860.0,40296711110.0,,16.3601,무역회사와판매업체,32850.0,20050.0,0.1032437456,13228966,011760,16677.0,21765.0,0.7662301860785665,576890361.25,4.462474645030423,-8.849557522123897,1.187870434183322,12.52969430042829,2.234619003630493,319.572,-21.61339421613394,https://finance.naver.com/item/main.naver?code=011760
코오롱,KOSPI,26350.0,340117368000,-2.25,0.2,-11476.0,132503.0,1.9159,1706697417660.0,99841066440.0,55380453280.0,,31.65137,복합기업,88200.0,20200.0,0.1409493418,12907680,002020,21879.0,65734.6,0.33283841386423585,1732686583.75,-48.33333333333333,-59.585889570552155,0.43546321115516023,-8.660935978808027,5.849957081255153,191.59,-70.12471655328798,https://finance.naver.com/item/main.naver?code=002020
감성코퍼레이션,KOSDAQ,3775.0,339232613600,9.75,2.54,387.0,1485.0,0.28475,58549423710.0,9099136650.0,7229233980.0,,9.12316,"섬유,의류,신발,호화품",7700.0,3540.0,0.1511582794,89862944,036620,537509.0,377187.5,1.4250445733222867,1551589515.9,-25.542406311637077,-42.629179331306986,1.6680748964374483,26.060606060606062,15.54094997598739,28.475,-50.97402597402597,https://finance.naver.com/item/main.naver?code=036620
디케이티,KOSDAQ,16840.0,336820713200,14.24,1.63,1159.0,10140.0,0.75265,147976022850.0,10049203340.0,10492094370.0,,95.46514,핸드셋,34950.0,6660.0,0.069771709,20001230,290550,537962.0,376711.35,1.4280482921472901,6566254309.25,-26.301969365426693,40.56761268781302,1.4280482921472901,11.429980276134122,6.7911024681252945,75.265,-51.81688125894135,https://finance.naver.com/item/main.naver?code=290550
SIMPAC,KOSPI,5120.0,334699356160,13.81,0.43,381.0,12180.0,1.05468,461111549990.0,26833708000.0,17082685000.0,,31.17957,비철금속,6900.0,3725.0,0.0136764687,65370968,009160,74821.0,89250.2,0.8383286536052581,434562787.4,8.130939809926074,-2.2900763358778664,1.318125897757092,3.12807881773399,5.819352822669901,105.468,-25.79710144927536,https://finance.naver.com/item/main.naver?code=009160
HLB생명과학,KOSDAQ,2740.0,334052738920,-3.3,1.11,-819.0,2440.0,0.65828,14656102030.0,-7559347460.0,-8696739140.0,,-34.27735,건강관리장비와용품,5330.0,1608.0,0.054422409,121917058,067630,360193.0,276207.55,1.3040664529264316,762418499.75,-13.564668769716093,-30.368487928843713,1.3040664529264316,-33.5655737704918,-51.57815798857399,65.828,-48.59287054409006,https://finance.naver.com/item/main.naver?code=067630
에이디테크놀로지,KOSDAQ,24650.0,331838472550,91.01,2.42,278.0,10456.0,1.33294,45945836760.0,-1173866600.0,-6540691260.0,,30.86468,반도체와반도체장비,62000.0,20500.0,0.0185090529,13462007,200710,73792.0,104301.8,0.7074853933489162,2927185538.75,-29.6718972895863,-44.29378531073447,0.7074853933489162,2.65876052027544,-2.5548922008575907,133.294,-60.24193548387097,https://finance.naver.com/item/main.naver?code=200710
넥스틸,KOSPI,12780.0,332305560000,9.1,0.71,1386.0,17845.0,0.79293,167465318820.0,5492244230.0,449133500.0,,43.89712,철강,23000.0,9030.0,0.0186741789,26002000,092790,181192.0,506285.75,0.35788485060067365,6460187013.0,-5.960264900662249,5.882352941176472,0.6703210588091804,7.7668814794059955,3.279630832640241,79.293,-44.434782608695656,https://finance.naver.com/item/main.naver?code=092790
휴온스글로벌,KOSDAQ,26200.0,331687074400,11.01,0.58,2367.0,44802.0,0.41409,214141005640.0,19504181320.0,-343623370.0,,48.4019,제약,76700.0,20100.0,0.0678965059,12659812,084110,77387.0,45125.7,1.7149207657720547,1175615701.25,-7.092198581560282,-54.03508771929825,4.776900967741221,5.283246283648051,9.108102047857741,41.409,-65.84093872229467,https://finance.naver.com/item/main.naver?code=084110
이수화학,KOSPI,12610.0,331569471090,-9.53,3.34,-1279.0,3655.0,1.51095,743435315000.0,96559250000.0,77841970000.0,,-33.47526,화학,17990.0,5060.0,0.0621254089,26294169,005950,593859.0,662242.3,0.8967397582425646,8989467523.5,3.0228758169934533,37.21436343852014,0.8967397582425646,-34.99316005471956,12.988251708220236,151.095,-29.905503057254034,https://finance.naver.com/item/main.naver?code=005950
스틱인베스트먼트,KOSPI,8480.0,328776697760,20.38,1.21,417.0,7052.0,0.19998,16844963970.0,4581642800.0,3655184650.0,,14.71625,창업투자,13390.0,5990.0,0.4877826599,38770837,026890,53899.0,36748.5,1.4666993210607235,303484477.5,16.164383561643824,-34.81936971560338,1.4666993210607235,5.913216108905275,27.1988875022806,19.997999999999998,-36.669156086631816,https://finance.naver.com/item/main.naver?code=026890
아세아제지,KOSPI,8610.0,339660281100,11.27,0.39,758.0,22004.0,0.23394,229485570750.0,12443111010.0,11361912020.0,,18.15087,포장재,11380.0,6800.0,0.0513834773,39449510,002310,45949.0,99321.65,0.4626282386569293,789073268.5,17.945205479452063,-20.203892493049125,1.0769555278229872,3.444828213052172,5.4221757687569125,23.394000000000002,-24.34094903339191,https://finance.naver.com/item/main.naver?code=002310
마이크로컨텍솔,KOSDAQ,40750.0,338745214500,20.53,4.26,2031.0,9781.0,0.26706,41896605610.0,13904493270.0,11471038720.0,,30.86468,반도체와반도체장비,43700.0,15500.0,0.1432853998,8312766,098120,54564.0,226755.05,0.24062970152153174,8432247715.0,48.181818181818194,40.51724137931034,0.3918501484310934,20.76474798077906,33.18763672511273,26.706000000000003,-6.750572082379858,https://finance.naver.com/item/main.naver?code=098120
저스템,KOSDAQ,14110.0,322686965910,85.28,5.55,163.0,2503.0,0.65303,29324457320.0,9275628920.0,6789924500.0,,30.86468,반도체와반도체장비,22250.0,3009.455,0.036554072,22869381,417840,533384.0,992052.75,0.5376568937488455,12327574197.75,-3.8173142467621046,109.03703703703704,0.6573380296561852,6.512185377546944,31.631033504834182,65.303,-36.58426966292135,https://finance.naver.com/item/main.naver?code=417840
넥스틴,KOSDAQ,31400.0,328977957000,-131.25,2.14,-240.0,14724.0,0.7613,20832585960.0,-786341950.0,1296585760.0,,30.86468,반도체와반도체장비,100400.0,24800.0,0.1458847256,10477005,348210,54266.0,66460.15,0.8165193728873619,2229972483.75,-51.39318885448916,-59.5360824742268,1.0846951142902928,-1.6299918500407498,-3.77457676886504,76.13,-68.72509960159363,https://finance.naver.com/item/main.naver?code=348210
헥토파이낸셜,KOSDAQ,23700.0,331104547200,32.17,1.79,701.0,12613.0,1.87539,50136973070.0,4609083920.0,4219677250.0,,34.12563,IT서비스,45000.0,14180.0,0.0354724216,13970656,234340,1114957.0,670197.4,1.6636247768194863,14280624065.5,-1.2499999999999956,-7.058823529411762,3.687900012742514,5.557757868865456,9.192984015139707,187.539,-47.333333333333336,https://finance.naver.com/item/main.naver?code=234340
엑스게이트,KOSDAQ,11560.0,329962767520,86.84,6.98,136.0,1692.0,0.40595,12091873230.0,373332340.0,581291010.0,,163.68113,소프트웨어,30550.0,6100.0,0.0252315309,28543492,356680,321647.0,926978.9,0.34698416544324795,11060690876.0,-35.634743875278396,52.10526315789474,4.438543315279344,8.037825059101655,3.0874648857032385,40.595,-62.16039279869068,https://finance.naver.com/item/main.naver?code=356680
한국자산신탁,KOSPI,2635.0,322455295010,6.53,0.3,404.0,8853.0,0.61552,68798893440.0,10766660990.0,12182787970.0,,31.41759,부동산,3470.0,2040.0,0.0533836595,122373926,123890,273047.0,250293.9,1.090905531457219,609184721.55,23.419203747072604,-10.677966101694913,1.1479504694281404,4.563424827742009,15.649468256912707,61.55199999999999,-24.063400576368878,https://finance.naver.com/item/main.naver?code=123890
서연이화,KOSPI,12140.0,328125225180,5.52,0.28,2220.0,43348.0,1.51921,1254454868840.0,51061941590.0,34111193460.0,,10.62051,자동차부품,18310.0,9390.0,0.0695417571,27028437,200880,32935.0,63909.95,0.5153344666988474,785084185.75,-2.175664786462528,-26.02071907373553,0.6279616867170136,5.121343545261603,4.070448675225535,151.921,-33.69743309666848,https://finance.naver.com/item/main.naver?code=200880
넥센,KOSPI,6210.0,326298097170,3.5,0.23,1757.0,26875.0,1.14897,1008641751940.0,49074520690.0,22868368410.0,,10.62051,자동차부품,8090.0,4965.0,0.0259891633,52543977,005720,3775.0,24740.35,0.15258474516326567,150213450.75,2.9850746268656803,-22.857142857142854,1.0155070562865927,6.537674418604651,4.8654064335142895,114.897,-23.238566131025962,https://finance.naver.com/item/main.naver?code=005720
덴티움,KOSPI,37350.0,322102328850,19.65,0.57,1903.0,65218.0,0.65957,89345998980.0,14688440420.0,13890294420.0,,-34.27735,건강관리장비와용품,60600.0,35000.0,0.134205546,8623891,145720,11590.0,18275.2,0.6341927858518648,715286486.25,-17.184035476718407,-28.857142857142858,0.920810716161793,2.917906099543071,16.439953201808162,65.957,-38.366336633663366,https://finance.naver.com/item/main.naver?code=145720
유니슨,KOSDAQ,1244.0,322815865296,-10.74,2.82,-113.0,431.0,1.71334,5763640730.0,-4942929730.0,-10262047820.0,,-42.48075,에너지장비및서비스,1794.0,681.0,0.0172482605,259498284,018000,2780424.0,4332739.45,0.6417242560015927,4578047211.4,34.777898158179845,5.15638207945901,4.018215542593959,-26.218097447795824,-85.76054548771293,171.334,-30.6577480490524,https://finance.naver.com/item/main.naver?code=018000
애경산업,KOSPI,12060.0,318503816100,19.72,0.75,604.0,15841.0,0.29289,194164692920.0,4526677820.0,4611370980.0,,49.63323,화장품,19100.0,10120.0,0.0204503722,26409935,018250,607304.0,36198.85,16.776886558550896,427830736.5,2.203389830508473,-24.53066332916145,16.776886558550896,3.8128906003408876,2.3313599150928477,29.288999999999998,-36.858638743455494,https://finance.naver.com/item/main.naver?code=018250
퍼시스,KOSPI,27800.0,319700000000,7.04,0.42,3976.0,66786.0,0.12806,87598314290.0,-5417281160.0,31702740020.0,,28.5733,가구,50800.0,23500.0,0.2009124348,11500000,016800,167.0,922.55,0.18101999891604792,25123367.5,-0.35842293906810374,-34.35655253837072,0.8378949650425451,5.953343515107957,-6.184229918016154,12.806000000000001,-45.2755905511811,https://finance.naver.com/item/main.naver?code=016800
남해화학,KOSPI,6480.0,321918902640,10.38,0.55,608.0,11459.0,1.01992,504927562930.0,12919837130.0,8337343030.0,,-33.47526,화학,12820.0,5250.0,0.0271733985,49678843,025860,618912.0,764428.8,0.8096398251871201,4701828607.5,-1.3698630136986356,-15.18324607329843,1.4425960926642218,5.305873112837071,2.558750616628771,101.99199999999999,-49.453978159126365,https://finance.naver.com/item/main.naver?code=025860
빛과전자,KOSDAQ,2840.0,320044987480,-7.46,2.99,-380.0,947.0,0.24435,4329240330.0,-2077767050.0,1035464940.0,,-328.00078,통신장비,8100.0,592.0,0.0080257944,112691897,069540,3718906.0,12269770.85,0.30309498404365065,35968868358.1,-24.468085106382976,136.66666666666666,2.4913350358128326,-40.12671594508976,-47.99380241382904,24.435000000000002,-64.93827160493827,https://finance.naver.com/item/main.naver?code=069540
광동제약,KOSPI,6430.0,320212765440,12.26,0.48,521.0,13201.0,0.85871,439815610350.0,2822601170.0,3163818430.0,,48.4019,제약,12800.0,5150.0,0.1619514477,49799808,009290,87138.0,164438.05,0.5299138490148722,1034436139.0,2.551834130781505,-41.96750902527076,0.9556060777903899,3.9466707067646394,0.6417692104547649,85.871,-49.765625,https://finance.naver.com/item/main.naver?code=009290
에이블씨엔씨,KOSPI,12200.0,317372764200,23.56,3.74,548.0,3450.0,1.10789,65238290820.0,10407609700.0,9240011220.0,,49.63323,화장품,16790.0,8710.0,0.1013259278,26014161,078520,140291.0,147953.4,0.9482107204025052,1768007651.5,9.810981098109806,3.0405405405405483,1.7832912254804554,15.884057971014492,15.95322251577038,110.789,-27.33770101250744,https://finance.naver.com/item/main.naver?code=078520
매커스,KOSDAQ,26600.0,316588864200,10.33,1.86,2604.0,14459.0,1.33,66835794640.0,13035437850.0,14185810910.0,,30.86468,반도체와반도체장비,33850.0,16000.0,0.3263080313,11901837,093520,6053.0,37948.1,0.15950732711255636,965522462.5,27.884615384615373,-7.317073170731703,0.4336448992176157,18.009544228508194,19.503677513244572,133.0,-21.418020679468242,https://finance.naver.com/item/main.naver?code=093520
한국화장품제조,KOSPI,13940.0,315880400000,9.91,2.59,1510.0,5776.0,0.96112,71182564340.0,13952906540.0,10837864320.0,,49.63323,화장품,15690.0,6750.0,0.0206866726,22660000,003350,883573.0,2192703.25,0.4029605921366697,27406893609.75,69.79293544457978,-74.23290203327171,2.157735206531025,26.142659279778393,19.601578939127048,96.112,-11.153601019757808,https://finance.naver.com/item/main.naver?code=003350
페니트리움바이오,KOSDAQ,4930.0,315353627290,-15.92,12.96,-311.0,382.0,0.48833,2115649290.0,-1858687390.0,-1510311800.0,,48.4019,제약,20884.542,2234.16,0.0353690093,63966253,187660,1387044.0,1138422.65,1.2183910782168645,4745291906.4,-26.527570789865873,-59.12106135986732,2.5947753235584345,-81.41361256544502,-87.85422984732976,48.833,-76.39402386703046,https://finance.naver.com/item/main.naver?code=187660
DB,KOSPI,1571.0,316044248743,6.18,0.68,259.0,2351.0,1.13013,229964349370.0,12908986250.0,25156357830.0,,34.12563,IT서비스,2545.0,1257.0,0.0588722546,201173933,012030,587165.0,480596.65,1.2217417661983285,717989329.25,-16.702014846235414,-28.59090909090909,2.925704954456091,11.016588685665674,5.613472821054602,113.013,-38.27111984282907,https://finance.naver.com/item/main.naver?code=012030
케이카,KOSPI,6430.0,313918052640,6.07,1.39,1050.0,4587.0,1.79833,439157235900.0,-33635105620.0,-27103154680.0,,7.85368,자동차,16970.0,5990.0,0.0772316573,48820848,381970,36900.0,123785.45,0.2980964240950774,841261335.0,-25.75057736720554,-57.75295663600526,0.9415888539404268,22.890778286461742,-7.659012050904476,179.833,-62.10960518562169,https://finance.naver.com/item/main.naver?code=381970
제우스,KOSDAQ,10050.0,311720749500,-53.75,0.95,-192.0,10867.0,0.6616,82392309250.0,-9635418610.0,-7864716710.0,,30.86468,반도체와반도체장비,20950.0,6580.0,0.0759302563,31016990,079370,85246.0,188830.6,0.45144166252715395,1820878432.75,-8.719346049046317,-41.39941690962099,1.3675220012010765,-1.7668169688046378,-11.694560691051393,66.16,-52.02863961813841,https://finance.naver.com/item/main.naver?code=079370
엔젤로보틱스,KOSDAQ,20250.0,311707865250,-32.4,9.7,-642.0,2144.0,0.17056,788302490.0,-3485917720.0,-1138909920.0,,-34.27735,건강관리장비와용품,43950.0,14860.0,0.0176776025,15392981,455900,27603.0,137283.65,0.20106545826833713,3133573239.0,-23.29545454545454,-39.37125748502994,0.24347400436978475,-29.94402985074627,-442.20559546881555,17.055999999999997,-53.92491467576792,https://finance.naver.com/item/main.naver?code=455900
인화정공,KOSDAQ,6790.0,310266816090,12.24,0.92,553.0,7394.0,0.21733,31829877540.0,5133675670.0,9386222410.0,,20.70862,조선,17000.0,5480.0,0.0093160316,45694671,101930,14270.0,25426.35,0.5612288039769767,191611975.0,-26.59459459459459,-84.20930232558139,0.6964035341289647,7.4790370570733025,16.12848074438429,21.733,-60.05882352941177,https://finance.naver.com/item/main.naver?code=101930
LX하우시스,KOSPI,34950.0,313420066500,-7.89,0.42,-4396.0,83591.0,1.60847,939692000000.0,54903000000.0,47092000000.0,,7.62098,건축자재,43000.0,27000.0,0.1504490018,8967670,108670,12578.0,25118.15,0.5007534392461228,852321993.75,8.372093023255811,10.426540284360186,1.0146447887284693,-5.258939359500425,5.842659084040303,160.847,-18.720930232558143,https://finance.naver.com/item/main.naver?code=108670
에스티아이,KOSDAQ,19980.0,309830799060,19.38,1.08,1045.0,18772.0,0.18532,72460474670.0,2896079740.0,4328589420.0,,30.86468,반도체와반도체장비,43200.0,17320.0,0.0333692159,15507047,039440,44185.0,92830.85,0.47597323519067203,2031865516.5,-28.642857142857146,-42.170767004341535,1.106270167729801,5.566801619433198,3.9967716926908725,18.532,-53.75,https://finance.naver.com/item/main.naver?code=039440
수산인더스트리,KOSPI,21400.0,305720400000,6.16,0.55,3475.0,39100.0,0.23014,92617220410.0,5862779530.0,18373341290.0,,-42.48075,에너지장비및서비스,36400.0,19430.0,0.0279459611,14286000,126720,15830.0,21273.1,0.7441322609304709,468796740.0,-9.322033898305083,-26.333907056798623,2.027255078009317,8.887468030690538,6.330118204850583,23.014000000000003,-41.208791208791204,https://finance.naver.com/item/main.naver?code=126720
씨앤씨인터내셔널,KOSDAQ,22400.0,305309782400,17.12,0.87,1329.0,26036.0,0.2004,73321341720.0,1600640910.0,-6233460270.0,,49.63323,화장품,45900.0,16550.0,0.0065591819,13629901,352480,17753.0,27493.85,0.6457080401617089,590897507.0,13.705583756345185,-28.205128205128204,1.0776955573701028,5.104470732831464,2.1830491265592733,20.04,-51.19825708061002,https://finance.naver.com/item/main.naver?code=352480
TCC스틸,KOSPI,11570.0,303292474290,-40.21,1.22,-284.0,9346.0,1.30313,182686709690.0,1170027180.0,-6051561930.0,,43.89712,철강,22950.0,6310.0,0.0535294964,26213697,002710,80821.0,51736.0,1.5621810731405599,524640949.0,-9.961089494163422,-25.69043031470777,1.5621810731405599,-3.038733147870747,0.6404555547502127,130.313,-49.58605664488017,https://finance.naver.com/item/main.naver?code=002710
툴젠,KOSDAQ,34450.0,309968319050,-8.42,5.74,-4181.0,6133.0,0.10352,487200050.0,-6891483130.0,-6781643680.0,,-75.84231,생물공학,139815.385,31950.769,0.0112080638,8997629,199800,12138.0,17850.05,0.6799980952434307,696946332.5,-29.40573770491803,-33.36557059961315,0.6913145901552097,-68.17218327082993,-1414.5078864421298,10.352,-75.3603653846821,https://finance.naver.com/item/main.naver?code=199800
한양디지텍,KOSDAQ,20250.0,308698735500,20.1,1.77,1025.0,11658.0,0.86445,258011869430.0,15383354250.0,11142168570.0,,30.86468,반도체와반도체장비,44300.0,8790.0,0.0456688241,15244382,078350,88020.0,121207.8,0.7261908887051823,2677338075.75,-23.29545454545454,-25.41436464088398,1.2203340049072748,8.792245668210672,5.962266109689029,86.44500000000001,-54.28893905191874,https://finance.naver.com/item/main.naver?code=078350
한국피아이엠,KOSDAQ,49900.0,303115404300,-5060.0,5.33,-10.0,9488.0,0.65829,10502526840.0,179762940.0,760923620.0,,10.62051,자동차부품,178400.0,11300.0,0.0158809257,6074457,448900,44181.0,112812.7,0.39163143865894534,6827368772.5,-37.468671679197996,-37.780548628428924,1.1984643572931062,-0.10539629005059022,1.7116160971410572,65.82900000000001,-72.02914798206278,https://finance.naver.com/item/main.naver?code=448900
네패스아크,KOSDAQ,24850.0,302773518250,91.43,1.85,280.0,13841.0,0.66153,30932193330.0,5102398120.0,9351322520.0,,30.86468,반도체와반도체장비,63500.0,14310.0,0.0661753958,12184045,330860,150959.0,175915.95,0.8581313974088193,4792944950.0,-35.370611183355,24.74899598393574,1.1226440808806706,2.0229752185535728,16.495429423853274,66.15299999999999,-60.86614173228347,https://finance.naver.com/item/main.naver?code=330860
진에어,KOSPI,5800.0,302760000000,-30.42,1.32,-189.0,4355.0,6.35724,360297536790.0,-73103330430.0,-67543910600.0,,133.28483,항공사,8600.0,4710.0,0.0119550575,52200000,272450,56891.0,86352.8,0.6588205593796611,477498116.75,3.2028469750889688,-21.62162162162162,2.027288055511807,-4.339839265212399,-20.289711409436695,635.724,-32.55813953488372,https://finance.naver.com/item/main.naver?code=272450
에이플러스에셋,KOSPI,13360.0,302038778480,13.15,1.71,979.0,7506.0,0.98019,198958559150.0,10117889620.0,9059878900.0,,9.00092,손해보험,14990.0,5600.0,0.1181575228,22607693,244920,27591.0,39484.9,0.698773455168938,510666456.25,41.67550371155886,-4.97866287339972,0.9049535392010616,13.042899014122037,5.085425660110386,98.019,-10.873915943962642,https://finance.naver.com/item/main.naver?code=244920
한국정보통신,KOSDAQ,8050.0,301426381550,7.71,0.84,1038.0,9544.0,0.82891,237610744000.0,11941965000.0,10182505000.0,,34.12563,IT서비스,16500.0,6915.0,0.6335545163,37444271,025770,10846.0,30329.95,0.35760032575061945,241175676.0,1.6414141414141437,-5.182567726737341,0.637752452608725,10.875943000838223,5.025852282167847,82.891,-51.21212121212122,https://finance.naver.com/item/main.naver?code=025770
펨트론,KOSDAQ,13460.0,301403817220,-75.06,11.11,-180.0,1216.0,1.37005,24004276740.0,1393395010.0,-2224344850.0,,264.33639,전자장비와기기,34700.0,8670.0,0.0324818644,22392557,168360,91843.0,81466.6,1.127369989664476,1027498976.25,-30.582774626095922,-38.11494252873563,1.2467686143769348,-14.802631578947366,5.804778144713224,137.005,-61.21037463976946,https://finance.naver.com/item/main.naver?code=168360
티로보틱스,KOSDAQ,13320.0,300473132760,-5.88,5.69,-2230.0,2304.0,0.60575,10837745650.0,-1412108040.0,-966213990.0,,179.16167,기계,30900.0,9800.0,0.0153154686,22558043,117730,69649.0,105300.25,0.6614324277482722,1483902420.75,-20.572450805008945,-40.800000000000004,0.6614324277482722,-96.78819444444444,-13.029536636154587,60.575,-56.89320388349515,https://finance.naver.com/item/main.naver?code=117730
휴메딕스,KOSDAQ,26600.0,298716138000,5.21,0.97,5017.0,26994.0,0.08597,50421305090.0,11685116180.0,2447365520.0,,48.4019,제약,72400.0,21050.0,0.0647285424,11229930,200670,25844.0,26975.55,0.9580527551801539,713167665.0,4.724409448818889,-39.54545454545455,2.261306998374454,18.58561161739646,23.174957806313298,8.597000000000001,-63.25966850828729,https://finance.naver.com/item/main.naver?code=200670
한라IMS,KOSDAQ,17530.0,299932690400,11.53,1.5,1511.0,11613.0,0.46431,42836209120.0,9193629960.0,8363809400.0,,20.70862,조선,22150.0,13100.0,0.0070887942,17109680,092460,10821.0,25354.35,0.4267906690567891,452022772.0,-9.77869274318065,6.113801452784506,0.7942226876255949,13.011280461551708,21.462286576865978,46.431,-20.857787810383744,https://finance.naver.com/item/main.naver?code=092460
폰드그룹,KOSDAQ,5200.0,299372590400,8.93,1.31,600.0,4078.0,0.78616,149183477720.0,21710800440.0,16282404700.0,,9.12316,"섬유,의류,신발,호화품",7250.0,3560.0,0.0107552238,57571652,472850,186429.0,99690.8,1.870072263438552,515350571.2,22.93144208037825,-16.666666666666664,4.066985117984809,14.713094654242276,14.553086422042421,78.616,-28.27586206896552,https://finance.naver.com/item/main.naver?code=472850
쿠콘,KOSDAQ,29600.0,298715267200,13.38,1.68,2127.0,16970.0,0.92563,17958595020.0,4957780910.0,13198391680.0,,34.12563,IT서비스,47400.0,13000.0,0.027733396,10091732,294570,271251.0,176756.7,1.5346009514773697,4750113402.25,33.33333333333333,-12.166172106824924,7.00613894692535,12.533883323512079,27.60673039554962,92.56299999999999,-37.552742616033754,https://finance.naver.com/item/main.naver?code=294570
KG케미칼,KOSPI,4490.0,298152325640,4.37,0.3,1023.0,14858.0,1.27037,2581225451600.0,90911935490.0,135006841140.0,,7.85368,자동차,7400.0,3570.0,0.1185554658,66403636,001390,103985.0,232698.3,0.44686617822304675,1048094673.25,2.277904328018221,-23.247863247863243,0.45646229473958344,6.8851797011710865,3.5220455242934037,127.037,-39.32432432432432,https://finance.naver.com/item/main.naver?code=001390
한국토지신탁,KOSPI,1180.0,297937291400,12.0,0.24,97.0,4754.0,0.95404,43690820380.0,478580630.0,9891391810.0,,31.41759,부동산,1878.0,1039.0,0.0423971589,252489230,034830,362860.0,321851.7,1.1274136504483276,365187738.65,0.9409751924722043,-19.673247106875426,1.1274136504483276,2.0403870424905346,1.095380278597552,95.404,-37.167199148029816,https://finance.naver.com/item/main.naver?code=034830
한양증권,KOSPI,19720.0,297959063920,4.45,0.44,4383.0,44072.0,10.43125,511339150780.0,25994459070.0,18633514600.0,,8.14824,증권,31500.0,16870.0,0.1032466624,15109486,001750,8681.0,7234.05,1.2000193529212544,141469294.0,-11.964285714285715,-28.160291438979968,2.091636082139327,9.945089852967872,5.083604302613614,1043.125,-37.39682539682539,https://finance.naver.com/item/main.naver?code=001750
대한제강,KOSPI,8670.0,298001737320,14.28,0.28,598.0,30821.0,0.40836,387727240070.0,16292618910.0,8866776050.0,,43.89712,철강,15503.954,6800.0,0.0369953144,34371596,084010,22607.0,26340.95,0.8582454315429018,216771973.75,6.119951040391669,-34.467120181405896,0.8582454315429018,1.940235553680932,4.202082605044346,40.836,-44.07878145149296,https://finance.naver.com/item/main.naver?code=084010
디아이티,KOSDAQ,15750.0,297675000000,9.82,1.26,1644.0,12787.0,0.15321,41600866280.0,14097114500.0,13678428590.0,,30.86468,반도체와반도체장비,29000.0,11280.0,0.0640702646,18900000,110990,65178.0,78319.5,0.8322065386014977,1276683327.5,-26.914153132250583,-24.460431654676263,1.2428833176922733,12.856807695315556,33.88658881552502,15.321000000000002,-45.689655172413794,https://finance.naver.com/item/main.naver?code=110990
상신이디피,KOSDAQ,22200.0,295886461800,152.32,1.91,151.0,12012.0,1.20281,86036945970.0,6399286250.0,5366212570.0,,-82.80274,전기제품,31550.0,9490.0,0.0433964208,13328219,091580,258403.0,297486.65,0.8686204910371608,5625823052.5,18.336886993603407,34.05797101449275,2.8888825767475614,1.257076257076257,7.437835197255084,120.28099999999999,-29.635499207606976,https://finance.naver.com/item/main.naver?code=091580
한국알콜,KOSDAQ,14280.0,295217665680,9.7,0.55,1507.0,26443.0,0.18057,128648249610.0,17230920990.0,17843089220.0,,-33.47526,화학,16265.0,8840.0,0.2392596592,20673506,017890,23970.0,104196.8,0.2300454524515148,1511734993.5,27.613941018766752,15.533980582524265,1.243857776822321,5.699050788488447,13.393824667056037,18.057000000000002,-12.204119274515834,https://finance.naver.com/item/main.naver?code=017890
KG이니시스,KOSDAQ,10610.0,292352544740,5.85,0.56,1798.0,18729.0,1.60002,371847338760.0,28611433550.0,19681696830.0,,34.12563,IT서비스,12280.0,8920.0,0.0862742454,27554434,035600,41365.0,64672.6,0.6396062629305146,651343386.5,10.405827263267419,-10.840336134453777,2.3608143170368905,9.600085429013829,7.694403204662052,160.002,-13.59934853420195,https://finance.naver.com/item/main.naver?code=035600
제이브이엠,KOSDAQ,24050.0,290761902600,9.75,1.18,2461.0,20312.0,0.36942,49306359680.0,13523560610.0,11578547350.0,,-34.27735,건강관리장비와용품,34500.0,19930.0,0.1981298096,12089892,054950,9943.0,17908.3,0.5552174131547941,433898473.75,8.577878103837477,-10.093457943925232,0.5552174131547941,12.11599054745963,27.4276192721758,36.942,-30.289855072463766,https://finance.naver.com/item/main.naver?code=054950
AP시스템,KOSDAQ,19230.0,289427287830,12.01,0.78,1605.0,24853.0,0.82639,162843598280.0,9594698000.0,9494953930.0,,16.34808,디스플레이장비및부품,31100.0,15600.0,0.1561708826,15050821,265520,31450.0,52462.0,0.5994815294880104,1027414036.75,-15.472527472527474,-15.842450765864335,0.7286988677518966,6.45797288053756,5.891971254223013,82.639,-38.16720257234727,https://finance.naver.com/item/main.naver?code=265520
리파인,KOSDAQ,16710.0,289584300000,29.47,1.3,567.0,12867.0,0.04644,14114004530.0,4860802370.0,4838631290.0,,15.49036,상업서비스와공급품,18150.0,8420.0,0.0360633006,17330000,377450,215677.0,242173.5,0.890588772099342,3836691201.75,65.60951437066403,22.597212032281732,1.1164309885268207,4.406621590114246,34.43956929210366,4.644,-7.933884297520666,https://finance.naver.com/item/main.naver?code=377450
유나이티드제약,KOSPI,18160.0,288939674000,6.8,0.62,2614.0,28664.0,0.14814,77221337750.0,13297698400.0,37705892560.0,,48.4019,제약,21800.0,16100.0,0.0846799103,15910775,033270,33505.0,26836.5,1.2484862034915134,483167854.0,0.8888888888888946,-13.729216152018997,1.3142921021742775,9.119452972369523,17.22023832719733,14.814,-16.697247706422015,https://finance.naver.com/item/main.naver?code=033270
CJ프레시웨이,KOSDAQ,24300.0,288479539800,6.11,0.63,3961.0,38342.0,3.19376,923161888240.0,23533221970.0,10139289660.0,,8.08584,식품과기본식료품소매,36400.0,19800.0,0.1833005295,11871586,051500,2463.0,8433.5,0.29204956423786094,201123293.75,2.5316455696202445,-30.47210300429185,1.3093021877038002,10.330707839966616,2.549197737665046,319.37600000000003,-33.24175824175825,https://finance.naver.com/item/main.naver?code=051500
한스바이오메드,KOSDAQ,20200.0,288079613400,-8.45,8.19,-2413.0,2492.0,0.9429,36345572940.0,4095164850.0,1786216180.0,,-34.27735,건강관리장비와용품,57800.0,6970.0,0.0691739438,14261367,042520,91136.0,142303.25,0.640435127096535,2840076844.25,-28.998242530755714,-55.4083885209713,1.2589522726993234,-96.8298555377207,11.267300303011814,94.28999999999999,-65.05190311418684,https://finance.naver.com/item/main.naver?code=042520
트리니티항공,KOSPI,2820.0,287939176620,-0.44,4.05,-6830.0,740.0,23.11601,469700730250.0,-181982906080.0,-211381152430.0,,133.28483,항공사,9278.935,2465.0,0.0075215787,102106091,091810,219477.0,620019.85,0.35398382809840684,395189386.75,216.14349775784754,100.99786172487528,1.0383312727810248,-922.972972972973,-38.74443754497442,2311.601,-69.60858115721254,https://finance.naver.com/item/main.naver?code=091810
TYM,KOSPI,6920.0,286488000000,6.91,0.64,984.0,10601.0,0.92038,262526157410.0,27598651920.0,26475872200.0,,179.16167,기계,9900.0,5380.0,0.1997493237,41400000,002900,108764.0,284213.35,0.3826843461083021,1966510427.0,7.78816199376946,-11.168164313222084,0.6696518654032262,9.2821431940383,10.512724595628704,92.038,-30.101010101010107,https://finance.naver.com/item/main.naver?code=002900
에이유브랜즈,KOSDAQ,19950.0,285888487500,33.41,4.25,615.0,4838.0,0.46304,30272543120.0,6274259070.0,4732567310.0,,9.12316,"섬유,의류,신발,호화품",28700.0,10450.0,0.020629019,14330250,481070,16269.0,54445.8,0.2988109275646606,1073646530.75,69.93185689948893,-7.852193995381063,0.7660278662449629,12.711864406779661,20.725906789954553,46.304,-30.487804878048784,https://finance.naver.com/item/main.naver?code=481070
아스플로,KOSDAQ,21400.0,285363414600,-27.96,5.99,-769.0,3589.0,1.43655,31714304450.0,4419623410.0,8819092120.0,,179.16167,기계,24400.0,3435.0,0.047208873,13334739,159010,53276.0,212183.65,0.251084379027319,4294570451.0,34.169278996865195,229.73805855161785,0.6658759993995768,-21.426581220395654,13.935741258232134,143.655,-12.295081967213118,https://finance.naver.com/item/main.naver?code=159010
HEM파마,KOSDAQ,39450.0,284795349150,-11.66,56.59,-3389.0,698.0,2.50117,4574549690.0,-2859222390.0,1404750930.0,,-11.95284,건강관리업체및서비스,97500.0,18910.0,0.0110946626,7219147,376270,6623.0,11725.9,0.5648180523456622,482439365.0,-16.06382978723404,-49.3581514762516,1.217987531873886,-485.5300859598854,-62.50281631545683,250.11700000000002,-59.53846153846154,https://finance.naver.com/item/main.naver?code=376270
진성티이씨,KOSDAQ,12940.0,285102141620,7.93,0.88,1633.0,14795.0,0.71953,152844599740.0,11492081690.0,33983526640.0,,179.16167,기계,21100.0,11210.0,0.1423776461,22032623,036890,34817.0,71054.75,0.4900024277053962,947997939.0,-7.372942018611306,-17.051282051282048,1.3327187837547807,11.037512673200405,7.518801259284845,71.953,-38.67298578199052,https://finance.naver.com/item/main.naver?code=036890
포스코스틸리온,KOSPI,4745.0,284700000000,16.61,0.74,285.0,6401.0,0.33444,298198950560.0,9587102740.0,7047150790.0,,31.17957,비철금속,10500.0,3560.0,0.0322665,60000000,058430,124811.0,371199.95,0.33623657546290076,1742068122.4,-12.615101289134433,-90.20639834881321,0.7178152906539993,4.452429307920638,3.2150021728768623,33.444,-54.80952380952381,https://finance.naver.com/item/main.naver?code=058430
바텍,KOSDAQ,19140.0,284310459840,6.96,0.56,2701.0,33371.0,0.38247,121362551530.0,24473090870.0,22189947960.0,,-34.27735,건강관리장비와용품,27350.0,16030.0,0.2238692399,14854256,043150,21328.0,66430.85,0.32105565411250947,1337170225.75,2.7375201288244666,-11.183294663573085,0.6412984328817107,8.093853945042103,20.165273852165523,38.247,-30.018281535648995,https://finance.naver.com/item/main.naver?code=043150
하림,KOSDAQ,2675.0,284110952850,7.4,0.88,363.0,3065.0,1.69477,425793631000.0,17304976000.0,8920902000.0,,35.44428,식품,3565.0,2550.0,0.0523061537,106209702,136480,111200.0,256199.45,0.43403684121882385,686487653.5,-5.477031802120136,-19.306184012066364,0.807062622499775,11.843393148450245,4.064169762088339,169.477,-24.964936886395517,https://finance.naver.com/item/main.naver?code=136480
삼양엔씨켐,KOSDAQ,12980.0,284109874400,18.99,2.41,691.0,5448.0,0.19275,38008074720.0,5587144970.0,7127750610.0,,30.86468,반도체와반도체장비,25000.0,7560.0,0.0340321853,21888280,482630,39787.0,163817.25,0.24287430047812425,2260813269.0,-10.297166551485837,-37.745803357314145,0.7426873543537081,12.683553597650512,14.699889460751933,19.275000000000002,-48.08,https://finance.naver.com/item/main.naver?code=482630
바이오니아,KOSDAQ,11000.0,283913201000,-80.64,1.08,-109.0,8124.0,0.69739,96153096480.0,1176049270.0,-1100049010.0,,-75.84231,생물공학,15640.0,5470.0,0.0514523839,25810291,064550,5500894.0,371966.9,14.788665335544641,3268836259.0,36.30731102850062,-14.396887159533078,14.788665335544641,-1.3417035942885278,1.2231007768373015,69.73899999999999,-29.66751918158568,https://finance.naver.com/item/main.naver?code=064550
사조대림,KOSPI,30950.0,283640253650,-3.48,0.43,-8909.0,72933.0,2.16947,879223955830.0,20441773570.0,-112386073460.0,,35.44428,식품,43950.0,23200.0,0.0167159749,9164467,003960,7442.0,6353.45,1.171332110900377,196377648.75,16.353383458646608,-20.74263764404609,1.3704365344812661,-12.215320910973086,2.3249791403491358,216.947,-29.579067121729242,https://finance.naver.com/item/main.naver?code=003960
서울가스,KOSPI,57200.0,283140000000,7.13,0.2,7866.0,284280.0,0.42706,275500139500.0,-2348497860.0,2575041530.0,,9.4585,가스유틸리티,84200.0,51800.0,0.0288480808,4950000,017390,6349.0,3979.45,1.5954466069431705,218388230.0,3.435804701627476,-17.6978417266187,1.5954466069431705,2.766990291262136,-0.8524488823353209,42.706,-32.06650831353919,https://finance.naver.com/item/main.naver?code=017390
인탑스,KOSDAQ,17940.0,282416862000,17.67,0.43,1023.0,42138.0,0.1535,155007375290.0,1867198440.0,4402051820.0,,95.46514,핸드셋,24950.0,13000.0,0.0758727759,15742300,049070,32383.0,57402.05,0.5641436150799493,1055640325.75,-2.44698205546493,-10.299999999999997,0.5641436150799493,2.427737434144952,1.2045868375660822,15.35,-28.096192384769537,https://finance.naver.com/item/main.naver?code=049070
광주신세계,KOSPI,37000.0,282205364000,6.36,0.33,5830.0,113441.0,0.3894,48351900170.0,13896916240.0,12103885870.0,,36.89842,백화점과일반상점,59600.0,29450.0,0.0430863497,7627172,037710,28328.0,76111.55,0.3721905545216199,3020916322.5,4.078762306610417,-8.75462392108508,0.5177663574056762,5.139235373454042,28.74119981043136,38.940000000000005,-37.91946308724832,https://finance.naver.com/item/main.naver?code=037710
인투셀,KOSDAQ,18790.0,282262628400,-25.48,11.49,-744.0,1650.0,0.85723,760301100.0,-2206673700.0,-2071193310.0,,48.4019,제약,74900.0,13050.0,0.0483199263,15021960,287840,29575.0,51730.65,0.5717113548737547,1014167536.0,-25.584158415841586,-63.51456310679612,0.7835780141946795,-45.09090909090909,-290.2368153880088,85.723,-74.913217623498,https://finance.naver.com/item/main.naver?code=287840
마녀공장,KOSDAQ,17090.0,280160813400,31.27,2.33,557.0,7488.0,0.13542,25810066400.0,2524227810.0,2806846810.0,,49.63323,화장품,21250.0,11060.0,0.0327351607,16393260,439090,82568.0,486249.05,0.1698059872816204,8913436584.25,29.078549848942604,21.205673758865238,0.5223105320205768,7.438568376068376,9.78001284801034,13.542000000000002,-19.576470588235296,https://finance.naver.com/item/main.naver?code=439090
LB세미콘,KOSDAQ,4020.0,281733684120,-1.64,0.97,-2600.0,4381.0,1.3202,144854953990.0,13108569880.0,8970908830.0,,30.86468,반도체와반도체장비,6812.108,2885.0,0.2693412009,70083006,061970,689135.0,1075601.9,0.6406970831866325,4935975714.2,-12.131147540983612,-19.760479041916167,0.7675116602155501,-59.34718100890207,9.049445337509786,132.02,-40.9874300290013,https://finance.naver.com/item/main.naver?code=061970
제닉,KOSDAQ,35150.0,280099102000,15.29,7.03,2414.0,5246.0,0.62969,49209965810.0,9987427080.0,11214382210.0,,49.63323,화장품,38900.0,15570.0,0.0205118037,7968680,123330,272427.0,357602.5,0.7618151439097881,10890125042.5,52.49457700650759,59.41043083900226,1.4757139561384498,46.016012199771254,20.29553753107962,62.968999999999994,-9.640102827763497,https://finance.naver.com/item/main.naver?code=123330
에코아이,KOSDAQ,9450.0,280014169050,160.67,2.28,60.0,4227.0,0.15494,17756462210.0,6163158360.0,5808554340.0,,15.49036,상업서비스와공급품,15700.0,5840.0,0.0042783385,29631129,448280,5469.0,19187.55,0.2850285732154444,163436344.75,-4.158215010141985,-14.090909090909086,1.527240319894932,1.4194464158977997,34.70938234829831,15.494,-39.80891719745223,https://finance.naver.com/item/main.naver?code=448280
롯데이노베이트,KOSPI,18500.0,279893289500,28.28,0.66,657.0,28166.0,0.87228,274495717300.0,12378062000.0,8673338500.0,,34.12563,IT서비스,25400.0,15260.0,0.0174916109,15129367,286940,19517.0,13467.55,1.4491871201517723,250497959.5,-13.145539906103288,-23.395445134575567,1.8724266848832936,2.332599588155933,4.509382558589012,87.22800000000001,-27.16535433070866,https://finance.naver.com/item/main.naver?code=286940
송원산업,KOSPI,11650.0,279600000000,118.14,0.36,97.0,31671.0,0.60917,328509000000.0,39811000000.0,29619000000.0,,-33.47526,화학,16730.0,8470.0,0.1608976667,24000000,004430,157318.0,162651.3,0.9672102221131956,1903427714.75,16.267465069860275,20.725388601036276,2.0762760580456474,0.30627387831138897,12.1186938561805,60.917,-30.36461446503288,https://finance.naver.com/item/main.naver?code=004430
오이솔루션,KOSDAQ,22500.0,278499555000,-8.82,4.04,-2642.0,5774.0,0.52626,19651552520.0,-870134580.0,-2423475520.0,,-328.00078,통신장비,57900.0,9130.0,0.0284061136,12377758,138080,123479.0,443632.75,0.2783360786596571,10806620454.0,-34.78260869565217,14.737378888322294,1.1346367011903427,-45.75684101143055,-4.427815965758618,52.626,-61.13989637305699,https://finance.naver.com/item/main.naver?code=138080
지노믹트리,KOSDAQ,11180.0,277925878360,-30.19,2.36,-374.0,4790.0,0.02032,842315520.0,-2644007220.0,-2476249320.0,,-34.27735,건강관리장비와용품,33300.0,10010.0,0.0213297675,24859202,228760,119697.0,92950.8,1.287745775184291,1176943878.25,-7.9835390946502045,-48.8329519450801,1.9146688355560144,-7.807933194154488,-313.8974834513319,2.032,-66.42642642642642,https://finance.naver.com/item/main.naver?code=228760
삼양컴텍,KOSDAQ,6700.0,276110015000,10.6,1.81,649.0,3797.0,0.68551,46789798590.0,11483135120.0,9291731560.0,,42.45479,우주항공과국방,22650.0,4710.0,0.0473832001,41210450,484590,130451.0,166247.6,0.7846789968697292,1081145740.25,-13.770913770913772,-47.11917916337806,2.262342433815586,17.092441401106136,24.5419631330796,68.551,-70.41942604856513,https://finance.naver.com/item/main.naver?code=484590
화신,KOSPI,7940.0,277268055400,4.18,0.49,1920.0,16443.0,1.99374,498388345910.0,5800422000.0,7030664460.0,,10.62051,자동차부품,16720.0,6410.0,0.0129518239,34920410,010690,158108.0,613892.65,0.2575499152824195,5370322231.0,-15.170940170940172,-39.43554538520213,0.5827598685209865,11.676701331873746,1.1638358014590198,199.374,-52.511961722488046,https://finance.naver.com/item/main.naver?code=010690
퍼스텍,KOSPI,5660.0,276049169080,19.11,3.42,303.0,1691.0,4.06274,92241612170.0,3412773070.0,2685184330.0,,42.45479,우주항공과국방,18730.0,3700.0,0.1203013503,48771938,010820,230678.0,462182.6,0.4991057646912714,2833252146.0,-31.393939393939398,-22.145804676753777,0.5032166940079528,17.9183914843288,3.699819408739634,406.274,-69.78109983982915,https://finance.naver.com/item/main.naver?code=010820
넥스트바이오메디컬,KOSDAQ,33350.0,276047488100,-873.68,5.66,-38.0,5864.0,0.29323,4935531420.0,-1033899060.0,-633068600.0,,-34.27735,건강관리장비와용품,101000.0,30150.0,0.0233527028,8277286,389650,22692.0,30454.55,0.745110336550696,1102065440.0,-29.936974789915972,-56.85640362225097,0.8164297288910852,-0.6480218281036835,-20.948079791577946,29.323,-66.98019801980197,https://finance.naver.com/item/main.naver?code=389650
파트론,KOSDAQ,5500.0,275000000000,8.15,0.53,674.0,10321.0,0.4069,355039030210.0,4476500290.0,3936222200.0,,95.46514,핸드셋,8730.0,4950.0,0.2543381,50000000,091700,60721.0,119223.25,0.5093050223005999,668332505.75,-15.773353751914243,-31.335830212234704,0.7424810177545068,6.530374963666312,1.2608473742597315,40.69,-36.998854524627724,https://finance.naver.com/item/main.naver?code=091700
아이마켓코리아,KOSPI,8220.0,274785064800,12.42,0.7,666.0,11758.0,2.40448,1007697787270.0,17725447890.0,19077545550.0,,15.49036,상업서비스와공급품,10330.0,6890.0,0.0400351313,33428840,122900,32206.0,104017.2,0.30962187022915444,831281128.25,13.692946058091282,0.8588957055214674,1.1512711359275196,5.664228610307875,1.7590043477242139,240.448,-20.425943852855756,https://finance.naver.com/item/main.naver?code=122900
유니셈,KOSDAQ,8960.0,274751438080,29.64,1.09,305.0,8275.0,0.17474,80144122690.0,5347885540.0,5258194440.0,,30.86468,반도체와반도체장비,14390.0,6000.0,0.1677063202,30664223,036200,111949.0,245388.4,0.4562114590583744,2200554387.0,-11.637080867850102,-14.585319351763582,0.8452111020732846,3.6858006042296076,6.6728355873153555,17.474,-37.73453787352328,https://finance.naver.com/item/main.naver?code=036200
일성아이에스,KOSPI,20600.0,273980000000,120.29,0.38,170.0,53943.0,0.03758,17090884670.0,-1563119470.0,216945170.0,,48.4019,제약,29300.0,17120.0,0.0035384211,13300000,003120,7148.0,9041.4,0.7905855287897893,182735268.0,8.70712401055409,-27.20848056537103,0.7905855287897893,0.3151474704780972,-9.145924861009549,3.758,-29.692832764505116,https://finance.naver.com/item/main.naver?code=003120
비츠로넥스텍,KOSDAQ,9390.0,272088799770,-36.1,4.68,-264.0,2035.0,1.21622,6670405540.0,-3119672680.0,-2436899340.0,,42.45479,우주항공과국방,31100.0,6540.0,0.0028356828,28976443,488900,27206.0,159382.2,0.17069660225545888,1683677552.5,-17.48681898066784,-51.17004680187207,0.2676835932745313,-12.972972972972974,-46.76886077304379,121.62200000000001,-69.80707395498392,https://finance.naver.com/item/main.naver?code=488900
덕산테코피아,KOSDAQ,13320.0,272748098880,-3.61,2.4,-3752.0,5642.0,7.02264,42181814090.0,-10561938960.0,-18128395900.0,,30.86468,반도체와반도체장비,33000.0,7850.0,0.0222988366,20476584,317330,359823.0,98539.75,3.6515517849395804,1131680560.0,-14.395886889460153,-30.91286307053942,7.763192011345676,-66.50124069478908,-25.039081859933347,702.264,-59.63636363636364,https://finance.naver.com/item/main.naver?code=317330
키다리스튜디오,KOSPI,7340.0,272048042440,39.05,1.27,179.0,5485.0,0.68512,64427044210.0,5515919170.0,2025425790.0,,20.29601,양방향미디어와서비스,7340.0,2800.0,0.0604014444,37063766,020120,456862.0,911902.45,0.5009987636287193,4802147694.0,127.24458204334366,93.66754617414247,2.9182562235686507,3.263445761166819,8.56149655418128,68.512,0.0,https://finance.naver.com/item/main.naver?code=020120
대원강업,KOSPI,4370.0,270940000000,7.48,0.48,587.0,9057.0,0.94883,472011656000.0,38487335000.0,30865344000.0,,10.62051,자동차부품,6200.0,3140.0,0.025907629,62000000,000430,41607.0,250329.45,0.16620896981957176,1042599113.1,-8.28961175236097,3.5545023696682554,1.0840514370163,6.481174781936623,8.153895038558115,94.883,-29.516129032258064,https://finance.naver.com/item/main.naver?code=000430
이뮨온시아,KOSDAQ,2950.0,269445651550,-8.0,8.15,-375.0,368.0,0.04849,,-4273817150.0,-3901969400.0,,48.4019,제약,15499.001,2300.0,0.0349279725,91337509,424870,110473.0,236306.05,0.46749966833265594,731258494.4,-34.29844097995546,-65.08875739644971,0.5462323118684436,-101.90217391304348,,4.849,-80.96651519668913,https://finance.naver.com/item/main.naver?code=424870
한텍,KOSDAQ,24150.0,268575555150,8.52,1.68,2881.0,14605.0,0.36215,46339420660.0,10597133380.0,8975739320.0,,-42.48075,에너지장비및서비스,62200.0,20800.0,0.0498536076,11121141,098070,26454.0,72657.2,0.364093303898306,1879818402.5,-28.55029585798816,-37.35408560311284,1.2465660664049814,19.726121191372815,22.868506401391855,36.215,-61.17363344051447,https://finance.naver.com/item/main.naver?code=098070
아이티켐,KOSDAQ,21000.0,268443021000,-16.6,4.02,-1265.0,5224.0,2.73849,12699292030.0,-1721939270.0,-4302604420.0,,48.4019,제약,55200.0,17470.0,0.0,12783001,309710,381262.0,216715.4,1.7592750676693951,7279669845.0,-32.692307692307686,-32.692307692307686,1.7592750676693951,-24.215160796324657,-13.559332803216117,273.849,-61.95652173913043,https://finance.naver.com/item/main.naver?code=309710
KG에코솔루션,KOSDAQ,5630.0,268004901260,2.86,0.16,1964.0,34152.0,1.18977,2150308765160.0,51655482290.0,112760760890.0,,7.85368,자동차,7600.0,4745.0,0.0269899995,47603002,151860,64430.0,77055.8,0.8361473114288606,436775035.0,11.045364891518727,-20.1418439716312,1.0717817477723934,5.750761302412743,2.4022355824865187,118.977,-25.921052631578945,https://finance.naver.com/item/main.naver?code=151860
매일유업,KOSDAQ,34850.0,267077784300,4.52,0.41,7724.0,86122.0,0.53666,480004585600.0,20405358500.0,16279052570.0,,35.44428,식품,41650.0,31100.0,0.1407031491,7663638,267980,1790.0,2858.9,0.6261149393123229,97862547.5,6.25,-14.162561576354681,1.505474133407954,8.96867234852883,4.251075742223076,53.666000000000004,-16.326530612244895,https://finance.naver.com/item/main.naver?code=267980
KBI메탈,KOSDAQ,6160.0,266674013760,-5940.0,1.7,-1.0,3484.0,1.4752,279852511250.0,12865536880.0,11310437550.0,,55.86742,전기장비,11760.0,1620.0,0.0205427491,43291236,024840,12317101.0,7010919.9,1.7568452037228381,38520129091.4,37.807606263982095,167.82608695652175,1.7568452037228381,-0.02870264064293915,4.597256184171547,147.52,-47.61904761904761,https://finance.naver.com/item/main.naver?code=024840
엔케이젠바이오텍코리아,KOSDAQ,3670.0,265496721770,-22.8,37.07,-161.0,99.0,0.92638,2138035750.0,-129894050.0,-190677320.0,,-34.66388,생명과학도구및서비스,3685.0,3670.0,0.0,72342431,182400,,,,,,,,-162.62626262626264,-6.075391863770285,92.638,-0.4070556309362261,https://finance.naver.com/item/main.naver?code=182400
현대약품,KOSPI,8290.0,265280000000,66.46,2.03,96.0,3141.0,0.75472,55585357880.0,976252400.0,1211880920.0,,48.4019,제약,15960.0,3500.0,0.009520125,32000000,004310,19578576.0,1513693.7,12.934305005035036,9622842424.5,39.56228956228956,-37.76276276276276,12.934305005035036,3.0563514804202483,1.7563121606729144,75.472,-48.05764411027569,https://finance.naver.com/item/main.naver?code=004310
싸이맥스,KOSDAQ,24300.0,265459104900,16.98,1.36,1425.0,17779.0,0.26224,62515652940.0,11289841680.0,9006494590.0,,30.86468,반도체와반도체장비,47850.0,11850.0,0.0578998472,10924243,160980,82605.0,185346.1,0.4456797310544975,5374764036.25,-32.49999999999999,18.536585365853654,1.2648445259975796,8.015073963664998,18.059223808852376,26.223999999999997,-49.21630094043887,https://finance.naver.com/item/main.naver?code=160980
티엠씨,KOSPI,10990.0,264795532750,-490.43,2.43,-23.0,4647.0,1.03116,106351589330.0,1341527850.0,1772507620.0,,20.70862,조선,38700.0,8820.0,0.0303335758,24094225,217590,212223.0,742222.35,0.28592914239243805,9919247063.25,-38.39686098654709,-32.41082410824109,3.25725437936489,-0.49494297396169573,1.2614083705297081,103.11600000000001,-71.60206718346254,https://finance.naver.com/item/main.naver?code=217590
스맥,KOSDAQ,3855.0,263078283870,-9.08,2.68,-424.0,1435.0,2.21517,47760971380.0,1608784220.0,2864123590.0,,179.16167,기계,8340.0,2415.0,0.0391345132,68243394,099440,165006.0,410590.3,0.4018750564735699,1666652720.9,13.549337260677463,-42.11711711711712,0.9153284916862381,-29.54703832752613,3.3684076632362663,221.517,-53.776978417266186,https://finance.naver.com/item/main.naver?code=099440
KH바텍,KOSDAQ,11110.0,263056380620,11.49,0.85,925.0,12563.0,0.78792,103888068900.0,4974995270.0,3093857800.0,,95.46514,핸드셋,19960.0,8250.0,0.0727351798,23677442,060720,220131.0,160915.1,1.3679946754530805,1743283492.25,1.5539305301645268,-30.82191780821918,1.3679946754530805,7.362891029212768,4.788803298277498,78.792,-44.33867735470942,https://finance.naver.com/item/main.naver?code=060720
우진,KOSPI,12980.0,262165756600,30.05,1.35,441.0,9841.0,0.26127,30892672790.0,814200890.0,327947250.0,,179.16167,기계,31700.0,10330.0,0.0988070901,20197670,105840,121852.0,228043.9,0.5343357134306158,3178489490.5,-28.915662650602414,-53.056057866184446,3.5853666772055734,4.481251905294177,2.635579302363109,26.127,-59.05362776025236,https://finance.naver.com/item/main.naver?code=105840
세방,KOSPI,13630.0,260545668890,4.49,0.25,3011.0,54806.0,0.24661,307315327730.0,8457630130.0,22427741420.0,,8.69822,항공화물운송과물류,17110.0,11700.0,0.1280978685,19115603,004360,9943.0,20497.1,0.48509301315795894,270749047.0,0.6646971935007295,-18.334331935290592,1.8124515175317486,5.493924022917199,2.7521016255429585,24.661,-20.33898305084746,https://finance.naver.com/item/main.naver?code=004360
에이팩트,KOSDAQ,5940.0,260311922640,49.59,3.68,123.0,1657.0,2.12357,45223916450.0,1109690790.0,4390179670.0,,30.86468,반도체와반도체장비,13100.0,2610.0,0.012471124,43823556,200470,271670.0,817720.9,0.33222827006133754,4901819371.2,-24.81012658227848,-29.87012987012987,3.2153770314541306,7.423053711526856,2.4537697685402478,212.357,-54.656488549618324,https://finance.naver.com/item/main.naver?code=200470
아이스크림미디어,KOSDAQ,19470.0,259611675510,4.98,1.21,3893.0,16098.0,0.28016,77184300230.0,32329056830.0,41805699690.0,,10.89225,교육서비스,27550.0,14130.0,0.0721645294,13333933,461300,23135.0,40479.9,0.5715182102722586,730872504.75,13.859649122807017,21.76360225140712,1.4217920498815462,24.18312833892409,41.885534666587986,28.016000000000002,-29.32849364791289,https://finance.naver.com/item/main.naver?code=461300
사조산업,KOSPI,51700.0,258500000000,-8.84,0.48,-5823.0,106906.0,1.1148,186669459570.0,16382254270.0,-44108186000.0,,35.44428,식품,72800.0,39150.0,0.011542,5000000,007160,2563.0,8032.8,0.3190668260133453,417927528.75,16.704288939051914,-20.461538461538463,0.7197988248182452,-5.446841150169308,8.776076337145417,111.48,-28.983516483516482,https://finance.naver.com/item/main.naver?code=007160
휴온스,KOSDAQ,21550.0,258161780750,5.86,0.67,3651.0,32090.0,0.60447,146980812510.0,2927452840.0,-1077068150.0,,48.4019,제약,41500.0,21050.0,0.1501072025,11979665,243070,59045.0,41261.0,1.4310123361043117,975145717.5,-19.88847583643123,-26.700680272108844,6.617605002302416,11.3773761296354,1.9917244911139866,60.446999999999996,-48.0722891566265,https://finance.naver.com/item/main.naver?code=243070
서흥,KOSPI,22300.0,257991219900,5.84,0.52,3911.0,43882.0,0.91757,212900400980.0,22491978470.0,16566368520.0,,48.4019,제약,30800.0,16000.0,0.0609516909,11569113,008490,9216.0,85982.6,0.10718447685927152,2218795888.75,21.857923497267763,-2.8322440087146017,0.2938734115972301,8.912538170548288,10.564554301667526,91.757,-27.5974025974026,https://finance.naver.com/item/main.naver?code=008490
비덴트,KOSDAQ,3320.0,256309348520,29.12,0.4,114.0,8348.0,0.09303,3112694570.0,-2120518270.0,-2221502940.0,,20.94687,디스플레이패널,3320.0,3320.0,0.014718553,77201611,121800,,,,,,,,1.3655965500718734,-68.12484239338652,9.303,0.0,https://finance.naver.com/item/main.naver?code=121800
필에너지,KOSDAQ,11810.0,255614246420,-15.66,1.9,-716.0,5893.0,0.78448,2390732760.0,-7143555190.0,-3797379860.0,,-82.80274,전기제품,22850.0,7330.0,0.0213495897,21643882,378340,200682.0,33549.3,5.981704536309252,355197129.25,-12.583271650629168,-23.261858349577647,5.981704536309252,-12.150008484642797,-298.8019116783258,78.448,-48.31509846827133,https://finance.naver.com/item/main.naver?code=378340
HLB제약,KOSDAQ,7770.0,254850996120,54.69,2.02,130.0,3516.0,0.36152,62277890620.0,-30962000.0,-56665320.0,,48.4019,제약,20503.321,5528.986,0.0,32799356,047920,993543.0,135267.0,7.345050899332431,1117466470.25,-31.238938053097343,-51.37672090112642,7.345050899332431,3.6973833902161544,-0.04971587780472582,36.152,-62.103700176181206,https://finance.naver.com/item/main.naver?code=047920
한국공항,KOSPI,80400.0,254574942000,6.09,0.61,13258.0,132482.0,0.34892,173873700020.0,12924050320.0,10333016570.0,,6.56369,운송인프라,95900.0,54200.0,0.1305302153,3166355,005430,5638.0,9943.85,0.5669836129869216,852375997.5,6.914893617021267,14.366998577524903,0.80089703686198,10.00739723132199,7.43301046593786,34.892,-16.16266944734098,https://finance.naver.com/item/main.naver?code=005430
남양유업,KOSPI,44650.0,253319408550,50.0,0.37,888.0,120319.0,0.16962,258038155820.0,1278332550.0,1518194680.0,,35.44428,식품,60100.0,39500.0,0.0678310734,5673447,003920,1948.0,4050.05,0.4809817162751077,176548285.0,-1.5435501653803696,-12.962962962962965,2.067875705238207,0.7380380488534646,0.4954044668075089,16.962,-25.707154742096506,https://finance.naver.com/item/main.naver?code=003920
큐에이드,KOSDAQ,4080.0,253187202960,19.81,4.46,206.0,915.0,1.87686,23530444080.0,-699583090.0,-1975495220.0,,15.49036,상업서비스와공급품,4080.0,4080.0,0.0002250559,62055687,377460,,,,,,,,22.51366120218579,-2.9730976925956933,187.686,0.0,https://finance.naver.com/item/main.naver?code=377460
세보엠이씨,KOSDAQ,25100.0,253130287200,7.21,0.94,3612.0,27833.0,0.70051,289840009640.0,18059542460.0,15131096890.0,,36.90859,건설,29300.0,12010.0,0.1235057817,10084872,011560,65071.0,55786.4,1.166431244891228,1314761843.25,12.05357142857142,58.86075949367089,4.134340986333586,12.977400926957209,6.230865946503079,70.051,-14.334470989761094,https://finance.naver.com/item/main.naver?code=011560
대한제당,KOSPI,2910.0,250963972650,-4.13,0.56,-708.0,5203.0,1.48195,336628472000.0,13379268000.0,12432993000.0,,35.44428,식품,3260.0,2150.0,0.0,86241915,001790,155234.0,184626.5,0.8408002101540136,512211033.9,16.39999999999999,-1.3559322033898313,0.9799243337224072,-13.607534114933692,3.974490904025492,148.19500000000002,-10.73619631901841,https://finance.naver.com/item/main.naver?code=001790
삼진제약,KOSPI,18820.0,250682400000,9.58,0.82,1963.0,22942.0,0.59612,79630293310.0,7150958150.0,6098509140.0,,48.4019,제약,25900.0,16580.0,0.0377177177,13320000,005500,25087.0,39044.0,0.6425315029197828,707027021.25,-7.2906403940886655,-5.664160401002505,1.0061212990472288,8.556359515299452,8.980198179305185,59.611999999999995,-27.33590733590734,https://finance.naver.com/item/main.naver?code=005500
DXVX,KOSDAQ,2540.0,250010757280,-4.31,2.65,-587.0,954.0,0.28143,6404418470.0,-6035537520.0,-5917036360.0,,-11.95284,건강관리업체및서비스,5360.0,1319.0,0.0494295548,98429432,180400,18518.0,80829.5,0.2290995243073383,212914396.7,-7.299270072992703,-49.80237154150198,1.4758720516643058,-61.530398322851156,-94.24021163314146,28.143,-52.61194029850746,https://finance.naver.com/item/main.naver?code=180400
대아티아이,KOSDAQ,3545.0,249828121465,10.6,1.4,290.0,2189.0,0.83468,30464709510.0,1798023880.0,1938808990.0,,13.62122,도로와철도운송,5140.0,2065.0,0.0419797536,70473377,045390,5898133.0,2098455.2,2.810702368103927,6751112076.15,12.718600953895077,-27.20739219712526,2.810702368103927,13.24805847418913,5.901989248936712,83.468,-31.03112840466926,https://finance.naver.com/item/main.naver?code=045390
유진기업,KOSDAQ,3230.0,249714087490,-21.95,0.25,-149.0,12870.0,1.80627,368273504130.0,14248462460.0,-11408064010.0,,7.62098,건축자재,5200.0,2950.0,0.0498995982,77310863,023410,435872.0,302323.45,1.4417406258098735,1018959788.95,-5.693430656934306,-36.039603960396036,1.4417406258098735,-1.1577311577311578,3.868989297413673,180.627,-37.88461538461539,https://finance.naver.com/item/main.naver?code=023410
셀바스AI,KOSDAQ,9240.0,248692659600,-41.52,2.26,-223.0,4090.0,0.19775,33344024530.0,1780045870.0,-297610430.0,,-34.27735,건강관리장비와용품,17580.0,6100.0,0.0049996675,26914790,108860,155288.0,1022747.3,0.15183418230485674,10540463942.0,-3.0430220356768123,-25.24271844660194,0.6099786330406347,-5.452322738386308,5.338425385329453,19.775000000000002,-47.44027303754266,https://finance.naver.com/item/main.naver?code=108860
일신방직,KOSPI,10840.0,248886400000,7.02,0.26,1555.0,42582.0,0.19401,138516423590.0,12489780750.0,30041092150.0,,9.12316,"섬유,의류,신발,호화품",17800.0,9300.0,0.1072310105,22960000,003200,18319.0,36259.1,0.5052248952676708,388463910.75,5.344995140913511,-24.72222222222222,0.762236238626993,3.6517777464656427,9.016823006468153,19.401,-39.10112359550561,https://finance.naver.com/item/main.naver?code=003200
에어부산,KOSPI,1525.0,248445179800,-6.72,1.11,-229.0,1383.0,16.46658,235319319020.0,-35515179760.0,-61757044860.0,,133.28483,항공사,2240.0,1400.0,0.0086648197,162914872,298690,62599.0,127445.15,0.4911838543875542,193806732.95,-7.687651331719126,-26.1501210653753,0.8997282360293821,-16.55820679681851,-15.092334920866202,1646.6580000000001,-31.91964285714286,https://finance.naver.com/item/main.naver?code=298690
코오롱글로벌,KOSPI,9770.0,248392079430,-1.03,0.36,-9556.0,26910.0,3.2187,750494505250.0,52208362990.0,32238057510.0,,36.90859,건설,13570.0,7900.0,0.0104473501,25423959,003070,12262.0,43831.5,0.2797531455688261,453379778.5,9.04017857142858,-6.5071770334928285,0.2885595975497074,-35.510962467484205,6.956528345615093,321.87,-28.002947678703016,https://finance.naver.com/item/main.naver?code=003070
에스비비테크,KOSDAQ,37200.0,247881158400,-24.42,19.22,-1554.0,1974.0,0.4137,2703873670.0,-2951877100.0,-3227679050.0,,179.16167,기계,115000.0,20500.0,0.0392825242,6663472,389500,58070.0,119263.25,0.48690606704076905,4472268061.25,-38.20598006644518,-33.21364452423698,0.7046764196011764,-78.72340425531915,-109.17215300225176,41.370000000000005,-67.65217391304348,https://finance.naver.com/item/main.naver?code=389500
선진,KOSPI,10340.0,245881105360,2.03,0.43,5002.0,23678.0,1.40279,541130013760.0,43398691730.0,23759256750.0,,35.44428,식품,13950.0,8370.0,0.0740967764,23779604,136490,44061.0,86842.1,0.5073691216587346,895885633.5,6.269270298047269,-21.189024390243905,0.7982073211034739,21.125095024917645,8.020011942868878,140.279,-25.87813620071685,https://finance.naver.com/item/main.naver?code=136490
코스맥스비티아이,KOSPI,25600.0,245860377600,8.77,0.93,3056.0,28837.0,2.04411,238977044740.0,16260419820.0,46549998450.0,,-11.95284,건강관리업체및서비스,29150.0,11810.0,0.0583725126,9603921,044820,23591.0,63009.2,0.3744056423506409,1564848542.75,47.97687861271675,79.64912280701755,1.0234854592662659,10.597496272150362,6.804176458743499,204.411,-12.178387650085764,https://finance.naver.com/item/main.naver?code=044820
뷰웍스,KOSDAQ,27400.0,245816661400,11.15,0.98,2434.0,27823.0,0.41988,63877066590.0,10696407740.0,16243346440.0,,-34.27735,건강관리장비와용품,34900.0,18010.0,0.3030862146,8971411,100120,8894.0,31999.4,0.2779427114258392,858323160.0,6.20155038759691,3.396226415094339,0.5496665562479296,8.74815799877799,16.74530204816032,41.988,-21.489971346704873,https://finance.naver.com/item/main.naver?code=100120
잇츠한불,KOSPI,11200.0,245608328000,11.78,0.51,949.0,22121.0,0.05857,49663192940.0,7333928060.0,14508253000.0,,49.63323,화장품,14200.0,8200.0,0.0134560975,21929315,226320,49901.0,57892.3,0.86196264442767,628080329.75,14.63664278403276,-6.432748538011701,1.3371899199029922,4.290041137380769,14.767330946402094,5.856999999999999,-21.126760563380287,https://finance.naver.com/item/main.naver?code=226320
우주일렉트로,KOSDAQ,26500.0,244872481500,9.69,0.79,2684.0,32705.0,0.30274,44983936610.0,447277900.0,3535839820.0,,95.46514,핸드셋,51700.0,18800.0,0.1022881842,9240471,065680,16989.0,17361.5,0.9785444806036345,418454967.5,-36.14457831325302,-19.330289193302896,2.4847507415833885,8.206696223818987,0.9943058204927521,30.274,-48.74274661508704,https://finance.naver.com/item/main.naver?code=065680
더본코리아,KOSPI,16480.0,244364945600,-13.7,0.97,-1179.0,16648.0,0.29641,83216576480.0,-5562003640.0,-4405558260.0,,15.6358,"호텔,레스토랑,레저",28850.0,12130.0,0.0046245036,14827970,475560,64975.0,121869.75,0.5331511716402142,2226603919.75,0.6719609040928498,-31.333333333333336,1.3270971672625897,-7.081931763575204,-6.68376887787105,29.641000000000002,-42.87694974003466,https://finance.naver.com/item/main.naver?code=475560
삼영전자,KOSPI,12210.0,244200000000,45.84,0.43,269.0,28401.0,0.0864,41685108790.0,3112098050.0,5487252360.0,,-82.80274,전기제품,17990.0,10070.0,0.4019015,20000000,005680,12899.0,31126.55,0.414405065771825,407117533.0,-6.793893129770989,-4.460093896713612,1.0398518306718862,0.9471497482483011,7.465730905676738,8.64,-32.128960533629794,https://finance.naver.com/item/main.naver?code=005680
에스바이오메딕스,KOSDAQ,19700.0,243987021600,-29.01,27.94,-684.0,710.0,0.92258,4816104620.0,-3686242210.0,-6405353060.0,,-75.84231,생물공학,42600.0,13910.0,0.0219114409,12385128,304360,20345.0,22530.25,0.9030081778941645,434925799.5,-35.62091503267973,-48.02110817941953,1.797583249187204,-96.3380281690141,-76.53991141911696,92.258,-53.755868544600936,https://finance.naver.com/item/main.naver?code=304360
상아프론테크,KOSDAQ,15240.0,243672923880,35.01,1.16,433.0,13041.0,0.92511,55832322730.0,3579752210.0,4967601250.0,,264.33639,전자장비와기기,30050.0,10600.0,0.0472535651,15989037,089980,16239.0,23310.45,0.6966403479984299,333806783.0,-19.747235387045812,-30.251716247139594,1.1434785686248012,3.3202975231960736,6.411612548006204,92.511,-49.28452579034942,https://finance.naver.com/item/main.naver?code=089980
사피엔반도체,KOSDAQ,29300.0,241883835300,-51.2,19.13,-585.0,1566.0,0.93915,7214957820.0,311641700.0,103805630.0,,30.86468,반도체와반도체장비,56000.0,19000.0,0.0404129602,8255421,452430,12014.0,29239.5,0.41088253903110517,807473572.5,-28.710462287104622,-13.950073421439058,1.1580909386275415,-37.35632183908046,4.319383533138937,93.915,-47.67857142857142,https://finance.naver.com/item/main.naver?code=452430
KPX케미칼,KOSPI,55100.0,241266865900,5.22,0.35,10650.0,158214.0,0.38459,244962263730.0,23038622510.0,61185868770.0,,-33.47526,화학,57000.0,45000.0,0.2966958983,4378709,025000,3052.0,4605.65,0.6626643361957596,241804447.5,11.991869918699184,0.5474452554744547,1.7838958670328837,6.731389131176761,9.40496799759877,38.458999999999996,-3.3333333333333326,https://finance.naver.com/item/main.naver?code=025000
덕양에너젠,KOSDAQ,9430.0,240172311660,37.6,3.95,250.0,2381.0,0.55268,36980490340.0,1392363030.0,885487320.0,,-132.71454,석유와가스,42800.0,5900.0,0.0220186044,25468962,0001A0,42073.0,63800.85,0.6594426249807017,552910508.5,-9.933142311365806,-56.94063926940639,1.00233774314919,10.499790004199916,3.76512863187741,55.267999999999994,-77.96728971962617,https://finance.naver.com/item/main.naver?code=0001A0
LS네트웍스,KOSPI,3040.0,239561168640,-7.77,0.28,-405.0,11323.0,10.8324,2379092704890.0,63054037910.0,35834276490.0,,8.14824,증권,4965.0,2560.0,0.0090695894,78803016,000680,72509.0,81504.5,0.8896318608175009,242650213.9,0.16474464579900872,-16.59807956104252,2.3678201817077587,-3.5767906031970322,2.650339676986878,1083.24,-38.77139979859013,https://finance.naver.com/item/main.naver?code=000680
클리오,KOSDAQ,13240.0,239264713720,17.75,0.97,755.0,13864.0,0.29667,86805271280.0,11617333900.0,13721492710.0,,49.63323,화장품,15330.0,8800.0,0.0271888884,18071353,237880,84886.0,208400.7,0.4073210886527732,2784684897.75,25.023607176581674,-1.341281669150518,0.9475496003612272,5.4457587997691865,13.383212480872277,29.666999999999998,-13.63339856490542,https://finance.naver.com/item/main.naver?code=237880
디지털대성,KOSDAQ,8640.0,239114954880,10.81,1.63,801.0,5322.0,0.86306,69024696300.0,15111354870.0,20130395550.0,,10.89225,교육서비스,9180.0,6760.0,0.0380794933,27675342,068930,17017.0,34854.85,0.48822473773377306,285827817.75,13.833992094861669,-0.34602076124568004,1.6424686951744163,15.050732807215333,21.89267853395829,86.30600000000001,-5.882352941176472,https://finance.naver.com/item/main.naver?code=068930
다올투자증권,KOSPI,3915.0,238466979990,5.96,0.42,641.0,9169.0,12.07112,769062907680.0,9184564100.0,15037208360.0,,8.14824,증권,5740.0,3005.0,0.047146591,60911106,030210,54526.0,61382.85,0.8882937172190604,230643502.6,6.821282401091411,-16.52452025586354,1.3545151455170297,6.990947758752318,1.1942539431145747,1207.112,-31.794425087108014,https://finance.naver.com/item/main.naver?code=030210
케이프,KOSDAQ,7710.0,237932257650,3.88,0.8,2008.0,9768.0,13.48029,161093349960.0,2793384940.0,-680924110.0,,8.14824,증권,17500.0,6880.0,0.0231193464,30860215,064820,33201.0,72503.45,0.4579230367658367,608511701.0,-24.48579823702253,-42.804154302670625,0.8142647005073552,20.55692055692056,1.7340162959511403,1348.029,-55.942857142857136,https://finance.naver.com/item/main.naver?code=064820
대동,KOSPI,8250.0,237821636250,-11.24,0.44,-703.0,17840.0,2.37606,467080858520.0,41232575820.0,21418694530.0,,179.16167,기계,13640.0,5470.0,0.0334325984,28826865,000490,705034.0,1021359.35,0.6902898573357164,8577051588.25,3.7735849056603765,-27.56804214223003,0.6902898573357164,-3.9405829596412554,8.827716886247536,237.606,-39.516129032258064,https://finance.naver.com/item/main.naver?code=000490
한미글로벌,KOSPI,21700.0,237778835000,12.46,1.06,1826.0,21462.0,0.8424,119662587870.0,6248267710.0,5839211550.0,,36.90859,건설,34750.0,13740.0,0.0441220893,10957550,053690,216621.0,365183.15,0.5931845431532096,7680727870.75,16.72942442173211,6.633906633906639,6.426441088533246,8.508060758549995,5.221571604976522,84.24000000000001,-37.55395683453238,https://finance.naver.com/item/main.naver?code=053690
오픈엣지테크놀로지,KOSDAQ,9010.0,237382235300,-7.65,13.53,-1208.0,683.0,1.28199,2942294270.0,-6254481180.0,-6106602540.0,,30.86468,반도체와반도체장비,22700.0,7600.0,0.0303769794,26346530,394280,32589.0,77233.3,0.4219552964848064,738020082.25,-36.00852272727273,-43.51097178683385,1.0640229020383694,-176.86676427525623,-212.5715719114662,128.19899999999998,-60.308370044052865,https://finance.naver.com/item/main.naver?code=394280
흥국화재,KOSPI,3695.0,237376573275,1.77,0.27,1992.0,12842.0,12.01646,1028627000000.0,-2140000000.0,-664000000.0,,9.00092,손해보험,7480.0,2870.0,0.0159781092,64242645,000540,95232.0,35295.2,2.6981572565108007,119412194.0,3.0683403068340276,-43.93019726858876,2.6981572565108007,15.511602554119296,-0.20804431538351606,1201.646,-50.60160427807487,https://finance.naver.com/item/main.naver?code=000540
서호전기,KOSDAQ,46050.0,237157500000,9.98,2.53,4588.0,18120.0,0.32486,23953326780.0,4198541320.0,5217573130.0,,6.56369,운송인프라,59900.0,35200.0,0.0227883495,5150000,065710,8088.0,7602.3,1.0638885600410402,338338487.5,14.837905236907734,-13.76404494382022,5.772858213961564,25.32008830022075,17.52800919288423,32.486,-23.121869782971615,https://finance.naver.com/item/main.naver?code=065710
미창석유,KOSPI,136300.0,237117293600,3.02,0.43,45517.0,316865.0,0.14551,135946149450.0,8156045310.0,79400019670.0,,-33.47526,화학,169000.0,104000.0,0.3049017286,1739672,003650,4305.0,3047.7,1.412540604390196,445551337.5,12.36603462489696,-3.2647267565649396,2.1376775929389376,14.364792577280545,5.99946768849068,14.551,-19.349112426035497,https://finance.naver.com/item/main.naver?code=003650
디아이씨,KOSPI,6080.0,236442499520,-22.16,1.68,-278.0,3657.0,3.01322,196618790360.0,8729606730.0,5428742960.0,,10.62051,자동차부품,15150.0,3790.0,0.0095180926,38888569,092200,187511.0,908604.7,0.20637247419037125,5685393590.1,-39.562624254473164,-41.59462055715658,0.6187487253807954,-7.6018594476346735,4.439863918406013,301.322,-59.867986798679866,https://finance.naver.com/item/main.naver?code=092200
BYC,KOSPI,37850.0,236416777500,16.24,0.56,2367.0,68791.0,0.38004,43426502660.0,2992635670.0,3698689540.0,,9.12316,"섬유,의류,신발,호화품",71500.0,29150.0,0.0494765576,6246150,001460,836.0,3384.5,0.2470084207416162,123047103.75,2.9931972789115635,-33.008849557522126,0.6346579997045354,3.4408570888633685,6.891265671173899,38.004,-47.06293706293706,https://finance.naver.com/item/main.naver?code=001460
대명에너지,KOSDAQ,13180.0,236137163500,16.52,1.45,807.0,9190.0,1.27054,25345510560.0,3397394790.0,16526211150.0,,-42.48075,에너지장비및서비스,27600.0,10590.0,0.0123285328,17916325,389260,53232.0,222706.5,0.23902310888995157,3156573567.25,-4.630969609261937,-33.096446700507606,0.48314261146396714,8.781284004352557,13.404325716609279,127.054,-52.24637681159421,https://finance.naver.com/item/main.naver?code=389260
강원에너지,KOSDAQ,9010.0,235368572380,-39.15,6.93,-234.0,1321.0,1.50366,47481157920.0,-94530510.0,-761624640.0,,264.33639,전자장비와기기,20250.0,6040.0,0.0105619415,26123038,114190,79265.0,174522.2,0.45418290624344637,1595896343.75,-5.555555555555558,-41.264667535853974,1.018340360137564,-17.713853141559426,-0.1990905743269203,150.36599999999999,-55.50617283950617,https://finance.naver.com/item/main.naver?code=114190
신흥에스이씨,KOSDAQ,6100.0,235205233500,-40.6,0.78,-151.0,7821.0,1.46984,131556472230.0,5196061820.0,-194996620.0,,-82.80274,전기제품,12290.0,3425.0,0.0718741405,38558235,243840,321313.0,263022.05,1.2216200124666354,1417160166.5,-7.71558245083207,1.1608623548922115,4.596972002917626,-1.9306993990538295,3.949681632474708,146.984,-50.36615134255492,https://finance.naver.com/item/main.naver?code=243840
한진,KOSPI,15160.0,235262218560,-140.85,0.16,-106.0,94858.0,1.8592,864122121550.0,29830881270.0,2967477400.0,,8.69822,항공화물운송과물류,23650.0,13700.0,0.0513570927,15518616,002320,15416.0,21724.05,0.7096282691302958,327977169.0,-7.334963325183375,-33.799126637554586,1.0300565502288939,-0.11174597819899217,3.4521603516516293,185.92,-35.8985200845666,https://finance.naver.com/item/main.naver?code=002320
갤럭시아머니트리,KOSDAQ,5990.0,234986729620,28.49,1.99,212.0,3035.0,2.4011,35926429590.0,5601261750.0,3612290940.0,,34.12563,IT서비스,12250.0,4055.0,0.0219816355,39229838,094480,565733.0,1412368.2,0.4005563138564009,8662091586.6,-1.1551155115511524,-43.5969868173258,2.2376990645923636,6.985172981878089,15.590922376430893,240.11,-51.102040816326536,https://finance.naver.com/item/main.naver?code=094480
슈어소프트테크,KOSDAQ,4385.0,234415518115,27.04,2.2,164.0,2019.0,0.3842,26447518870.0,2755203840.0,2753063030.0,,163.68113,소프트웨어,10880.0,3000.0,0.0500796515,53458499,298830,161587.0,203005.0,0.7959754685845176,850505024.9,-18.94639556377079,-46.13022113022113,0.9565281643309278,8.122833085685983,10.417626899305432,38.42,-59.69669117647059,https://finance.naver.com/item/main.naver?code=298830
인피니트헬스케어,KOSDAQ,9610.0,234449961380,9.16,1.26,1083.0,7866.0,0.27189,25485285630.0,4926911040.0,25367573390.0,,570.90407,건강관리기술,10980.0,5250.0,0.1344930891,24396458,071200,33693.0,105855.25,0.31829314086925303,1024904305.75,31.82441700960219,42.79346210995543,0.3638364653618975,13.768115942028986,19.33237520477419,27.189000000000004,-12.47723132969034,https://finance.naver.com/item/main.naver?code=071200
피에이치에이,KOSDAQ,11150.0,234150000000,4.78,0.26,2369.0,43257.0,0.37439,316817781260.0,11381660300.0,14374783300.0,,10.62051,자동차부품,15600.0,9730.0,0.1514018571,21000000,043370,3785.0,15419.3,0.24547158431316599,169860259.5,-10.008071025020183,-17.22345953971789,1.1545271186110913,5.476570266084102,3.592494163280411,37.439,-28.525641025641026,https://finance.naver.com/item/main.naver?code=043370
유니테스트,KOSDAQ,11080.0,234166116080,-10.68,2.29,-1022.0,4773.0,0.94726,50527384900.0,7880932740.0,6969281360.0,,30.86468,반도체와반도체장비,23700.0,6030.0,0.088516743,21134126,086390,140464.0,172715.8,0.8132666496058844,1731994551.75,-21.474131821403265,-41.653501843075304,0.826826497633685,-21.41210978420281,15.597349349461384,94.726,-53.24894514767933,https://finance.naver.com/item/main.naver?code=086390
더즌,KOSDAQ,3260.0,233926264980,17.02,2.88,173.0,1022.0,1.80378,15006965450.0,3640110900.0,2731243730.0,,34.12563,IT서비스,5530.0,1588.0,0.0065894776,71756523,462860,6678098.0,3731076.6,1.789858187312477,10362632953.7,24.427480916030532,-25.229357798165143,3.1126723584286635,16.927592954990214,24.256142336890633,180.378,-41.04882459312839,https://finance.naver.com/item/main.naver?code=462860
PKC,KOSPI,5190.0,233695781910,22.71,1.03,229.0,5057.0,1.77804,71575091710.0,5448094140.0,3954831400.0,,-33.47526,화학,8200.0,4075.0,0.0152320255,45028089,001340,46874.0,117087.1,0.4003344518738614,587613106.95,-10.362694300518138,-24.563953488372093,0.7163043580377343,4.528376507810955,7.611718001108517,177.804,-36.70731707317073,https://finance.naver.com/item/main.naver?code=001340
바이넥스,KOSDAQ,7140.0,233365102320,-69.11,1.19,-101.0,5881.0,0.93672,37809540710.0,-9154005880.0,-15018771870.0,,48.4019,제약,19200.0,5500.0,0.0741620076,32684188,053030,46877.0,108009.4,0.4340085214805378,760032349.75,-13.03288672350792,-52.368245496998,0.867498569568945,-1.7173950008501957,-24.21083596389447,93.672,-62.81250000000001,https://finance.naver.com/item/main.naver?code=053030
에스엔시스,KOSDAQ,24200.0,228364848800,11.07,1.31,2169.0,18298.0,0.36237,41075547290.0,6071907970.0,5481901550.0,,20.70862,조선,57600.0,19000.0,0.0797933443,9436564,0008Z0,12182.0,17339.95,0.702539511359606,408551236.25,-5.653021442495132,-29.651162790697672,1.5055406734160133,11.853754508689475,14.782293531310364,36.237,-57.986111111111114,https://finance.naver.com/item/main.naver?code=0008Z0
큐라클,KOSDAQ,10330.0,228881727360,-9.41,5.97,-1120.0,1765.0,0.27297,7184603330.0,2358590980.0,3227579410.0,,48.4019,제약,20750.0,3600.0,0.0177732158,22156992,365270,54131.0,119849.3,0.4516588749371085,1317152651.25,-22.33082706766917,-36.155747836835594,0.7623657376388514,-63.45609065155807,32.82840919207713,27.297,-50.216867469879524,https://finance.naver.com/item/main.naver?code=365270
SBS,KOSPI,12340.0,228922276920,28.22,0.17,433.0,69877.0,0.69627,285351328160.0,7793303540.0,6609529880.0,,890.26506,방송과엔터테인먼트,20800.0,10500.0,0.0,18551238,034120,6185.0,8128.1,0.7609404411855168,97983053.75,-3.89408099688473,-33.86923901393355,1.1107146811678006,0.6196602601714442,2.7311257285020236,69.627,-40.67307692307692,https://finance.naver.com/item/main.naver?code=034120
케이티알파,KOSDAQ,4700.0,230389962700,5.28,0.76,890.0,6183.0,0.54574,96365650140.0,12721918040.0,13321504320.0,,24.38705,인터넷과카탈로그소매,6100.0,4220.0,0.011385736,49019141,036030,15119.0,32922.8,0.4592258252639508,153734674.3,3.7527593818984517,-8.023483365949124,0.6082714714422831,14.394306970726184,13.201714533672112,54.574,-22.95081967213115,https://finance.naver.com/item/main.naver?code=036030
경방,KOSPI,8350.0,228917504500,4.38,0.26,1888.0,31241.0,0.54323,117107557440.0,11166155600.0,-2197989990.0,,9.12316,"섬유,의류,신발,호화품",15210.0,6200.0,0.0277694511,27415270,000050,23973.0,28023.8,0.8554514377065209,238936794.0,2.4539877300613577,-22.756706753006473,0.8645865300209108,6.043340482058833,9.534957302581411,54.323,-45.101906640368185,https://finance.naver.com/item/main.naver?code=000050
삼부토건,KOSPI,347.0,13581546341,-1.04,-0.56,-5602.0,-10365.0,1.81696,21981751620.0,-6946231990.0,176408096330.0,,36.90859,건설,347.0,347.0,0.0014721549,39139903,001470,,,,,,,,54.047274481427884,-31.59999307643892,181.696,0.0,https://finance.naver.com/item/main.naver?code=001470
골프존,KOSDAQ,36200.0,227170023000,8.48,0.49,4269.0,73255.0,0.41119,101208044200.0,6623879860.0,8242673600.0,,15.6358,"호텔,레스토랑,레저",63400.0,34100.0,0.1660059136,6275415,215000,19700.0,26438.5,0.7451254798872856,954666612.5,-17.44583808437856,-39.464882943143806,1.0771034665355448,5.827588560507816,6.544815594806247,41.119,-42.90220820189275,https://finance.naver.com/item/main.naver?code=215000
아이엠바이오로직스,KOSDAQ,15300.0,226999199700,125.63,2.79,128.0,5770.0,0.01953,,-2677728840.0,-2122500000.0,,48.4019,제약,104000.0,13190.0,0.0488794261,14836549,493280,60697.0,78736.75,0.7708852600596291,1341945617.75,-44.96402877697842,-85.28846153846153,1.1379057428710226,2.218370883882149,,1.9529999999999998,-85.28846153846153,https://finance.naver.com/item/main.naver?code=493280
칩스앤미디어,KOSDAQ,10620.0,226793009880,36.77,2.6,291.0,4120.0,0.23069,7091905740.0,1126870850.0,2177371120.0,,30.86468,반도체와반도체장비,21150.0,7740.0,0.0236063466,21355274,094360,26223.0,55376.6,0.47353936500254623,582678832.75,-26.809097174362506,-41.967213114754095,0.8797759342393718,7.063106796116505,15.889535074390315,23.069,-49.787234042553195,https://finance.naver.com/item/main.naver?code=094360
신성에스티,KOSDAQ,24950.0,225542461100,418.55,2.22,62.0,11704.0,1.61894,59873653620.0,1671690670.0,1229126390.0,,-82.80274,전기제품,51900.0,13800.0,0.0170643571,9039778,416180,18824.0,21986.55,0.8561597885980293,499716857.75,-11.837455830388688,-34.3421052631579,3.317027910245127,0.5297334244702666,2.792030499106862,161.894,-51.92678227360308,https://finance.naver.com/item/main.naver?code=416180
미원화학,KOSPI,10310.0,226744530800,8.38,1.16,1235.0,8899.0,0.31198,105425225120.0,24349042190.0,19658859070.0,,-33.47526,화학,15400.0,8210.0,0.0045065904,21992680,134380,4818.0,6217.85,0.7748659102422862,68053558.0,-0.8653846153846123,-90.82740213523131,1.1844930321574176,13.87796381615912,23.09603053945084,31.197999999999997,-33.05194805194805,https://finance.naver.com/item/main.naver?code=134380
미래반도체,KOSDAQ,15650.0,225954700000,16.15,2.07,979.0,7635.0,1.24661,340148059390.0,28153149400.0,18997225470.0,,30.86468,반도체와반도체장비,47850.0,10520.0,0.0337334118,14438000,254490,34467.0,99086.9,0.3478461835015527,1635980218.0,-35.99182004089979,-13.963716327652554,0.5255084173589042,12.822527832351016,8.276733799536611,124.661,-67.29362591431557,https://finance.naver.com/item/main.naver?code=254490
LIG아큐버,KOSDAQ,29850.0,226974803100,-191.77,1.38,-158.0,21991.0,0.46219,63669079000.0,5643627050.0,4582919620.0,,-328.00078,통신장비,62500.0,18280.0,0.0815129607,7603846,073490,25791.0,54290.15,0.4750585511368084,1684906958.75,-16.62011173184358,-12.846715328467152,0.6416265197277959,-0.7184757400754854,8.863999823210888,46.219,-52.239999999999995,https://finance.naver.com/item/main.naver?code=073490
모토닉,KOSPI,10390.0,225806846660,8.21,0.46,1248.0,22319.0,0.10298,73661865890.0,5812353760.0,7031852190.0,,10.62051,자동차부품,11980.0,9290.0,0.1128946941,21733094,009680,9296.0,12425.2,0.7481569713163571,125629485.25,4.212637913741224,-9.257641921397376,0.8238901587097189,5.591648371342802,7.89058719837432,10.298,-13.272120200333893,https://finance.naver.com/item/main.naver?code=009680
우리로,KOSDAQ,5140.0,225260494860,-275.28,5.49,-18.0,903.0,0.42176,14727621030.0,2554875340.0,1272413110.0,,18.70194,컴퓨터와주변기기,16200.0,1206.0,0.0285871769,43824999,046970,1038906.0,959597.35,1.0826478418265744,4679573190.45,-22.121212121212118,251.81382614647504,4.406610751895053,-1.9933554817275747,17.347508703515302,42.176,-68.27160493827161,https://finance.naver.com/item/main.naver?code=046970
무학,KOSPI,7900.0,225150000000,4.18,0.35,1898.0,22743.0,0.25766,37902358510.0,2410797600.0,25544836490.0,,17.2861,음료,10490.0,7080.0,0.024604386,28500000,033920,16819.0,21869.75,0.7690531441831754,168285653.5,6.182795698924726,-24.03846153846154,0.7690531441831754,8.34542496592358,6.3605477199102145,25.766,-24.690181124880837,https://finance.naver.com/item/main.naver?code=033920
에이직랜드,KOSDAQ,20600.0,225068554800,-8.49,4.08,-2443.0,5085.0,1.70494,59739940880.0,7980160420.0,9028299180.0,,30.86468,반도체와반도체장비,34800.0,13910.0,0.0090024784,10925658,445090,13039.0,54314.5,0.24006480774010625,1181940419.75,-26.95035460992907,-35.22012578616353,0.41241289158512,-48.0432645034415,13.3581659145425,170.494,-40.804597701149426,https://finance.naver.com/item/main.naver?code=445090
아이씨티케이,KOSDAQ,15430.0,223771260500,-31.7,5.0,-499.0,3161.0,0.47558,1723536120.0,-1939948300.0,-12812875010.0,,-328.00078,통신장비,39950.0,11000.0,0.0355125893,14502350,456010,90029.0,239669.25,0.3756385101551409,3955062159.5,-40.88122605363985,-11.575931232091685,1.6552937016325624,-15.78614362543499,-112.55628921777398,47.558,-61.376720901126404,https://finance.naver.com/item/main.naver?code=456010
채비,KOSDAQ,4780.0,224419044980,-5.5,2.71,-899.0,1822.0,0.6346,28953504370.0,-10035636350.0,-11377239200.0,,-82.80274,전기제품,30750.0,3555.0,0.0294263692,46949591,0011T0,87795.0,142567.0,0.6158157217308353,693480706.7,-46.94783573806881,-78.80266075388028,0.8954456501153844,-49.34138309549945,-34.66121482827607,63.46000000000001,-84.45528455284553,https://finance.naver.com/item/main.naver?code=0011T0
한국캐피탈,KOSDAQ,1420.0,224082798960,2.45,0.29,578.0,4820.0,5.87842,134368954050.0,29086683510.0,23423431010.0,,29.77157,기타금융,2500.0,1224.0,0.0071602073,157804788,023760,85106.0,170422.75,0.49938168466357924,148837651.55,48.380355276907004,21.67952013710368,2.041053791233858,11.991701244813278,21.64687796793935,587.842,-43.2,https://finance.naver.com/item/main.naver?code=023760
GS글로벌,KOSPI,2700.0,222841162800,11.1,0.41,241.0,6576.0,1.87525,1134888565000.0,11717467000.0,7858181000.0,,16.3601,무역회사와판매업체,5690.0,2200.0,0.0512737551,82533764,001250,259113.0,517945.05,0.5002712160295769,1416421169.6,-8.31918505942275,3.6468330134356908,0.6271167182696311,3.6648418491484183,1.032477316396258,187.525,-52.54833040421792,https://finance.naver.com/item/main.naver?code=001250
KSS해운,KOSPI,9960.0,224872149000,6.14,0.41,1619.0,24109.0,2.29983,159897316520.0,32012343410.0,17011433210.0,,10.30179,해운사,14400.0,8540.0,0.0767717011,22577525,044450,26656.0,41683.35,0.6394879490252103,422247437.5,3.2124352331606154,-9.53678474114441,0.6463252113853614,6.7153345223775345,20.020563263171393,229.983,-30.833333333333336,https://finance.naver.com/item/main.naver?code=044450
한농화성,KOSPI,14140.0,221107773880,55.97,1.27,253.0,11152.0,0.46942,72385860390.0,7779235310.0,5905198100.0,,-33.47526,화학,29450.0,9250.0,0.0433053131,15637042,011500,169986.0,69225.85,2.455527812226213,915952714.5,-13.410900183710961,-39.95753715498939,2.455527812226213,2.268651362984218,10.746899004981213,46.942,-51.986417657045834,https://finance.naver.com/item/main.naver?code=011500
바디텍메드,KOSDAQ,10080.0,220831843680,9.29,0.94,1091.0,10787.0,0.16133,50417300180.0,8239188530.0,7649799090.0,,-34.66388,생명과학도구및서비스,15000.0,9580.0,0.0379140951,21907921,206640,16043.0,42580.35,0.37677003594380976,467637769.5,-6.580166821130673,-25.882352941176467,1.1270456912636933,10.11402614257903,16.34198677950708,16.133,-32.8,https://finance.naver.com/item/main.naver?code=206640
미래나노텍,KOSDAQ,7120.0,220791192880,14.8,0.68,487.0,10551.0,0.94572,106692096700.0,2600443780.0,-9834903200.0,,16.34808,디스플레이장비및부품,14160.0,5220.0,0.0276768148,31009999,095500,107014.0,146004.55,0.7329497608122487,1044682142.5,-2.465753424657535,-36.25783348254252,0.7933108933933909,4.615676239219031,2.437334967098833,94.572,-49.717514124293785,https://finance.naver.com/item/main.naver?code=095500
세나테크놀로지,KOSDAQ,40350.0,220615642500,12.61,1.31,3280.0,31550.0,0.21128,75459826780.0,18002385630.0,14771768140.0,,-328.00078,통신장비,176400.0,27000.0,0.0234079249,5467550,061090,9886.0,33966.45,0.29105190563040884,1511129835.0,-19.46107784431138,-9.325842696629216,0.5997094191474235,10.396196513470683,23.856913536901178,21.128,-77.12585034013605,https://finance.naver.com/item/main.naver?code=061090
베뉴지,KOSDAQ,4575.0,220515000000,1.92,0.46,2331.0,9718.0,0.49008,14064019250.0,5867699120.0,219445783120.0,,15.6358,"호텔,레스토랑,레저",7300.0,2290.0,0.0063880498,48200000,019010,192309.0,917936.3,0.20950146540669543,4633317875.0,-11.165048543689316,-21.928327645051194,0.33208186668290596,23.986416958221856,41.72135301933692,49.008,-37.328767123287676,https://finance.naver.com/item/main.naver?code=019010
대원산업,KOSDAQ,10950.0,219411720000,2.78,0.37,3836.0,29170.0,0.30498,258546932200.0,13127008760.0,20031399020.0,,10.62051,자동차부품,18930.0,9510.0,0.1536454965,20037600,005710,43159.0,9343.35,4.61922115729369,105342455.75,7.038123167155419,-33.06845965770171,4.61922115729369,13.150497086047308,5.077224722142729,30.497999999999998,-42.15530903328051,https://finance.naver.com/item/main.naver?code=005710
비츠로테크,KOSDAQ,8350.0,218770208750,33.73,0.86,252.0,9877.0,0.40381,123206867640.0,11817356980.0,11637323480.0,,-82.80274,전기제품,23800.0,6520.0,0.08207954,26200025,042370,64320.0,130681.3,0.492189777726423,1136454008.25,-27.328111401218447,-26.236749116607772,0.9556455284727042,2.551381998582565,9.591475870102723,40.381,-64.91596638655463,https://finance.naver.com/item/main.naver?code=042370
이지바이오,KOSDAQ,6610.0,218671491200,8.13,2.11,840.0,3240.0,1.92182,148130264730.0,15060340610.0,10857210180.0,,35.44428,식품,8560.0,5340.0,0.0621043156,33081920,353810,84958.0,105885.9,0.802354232244331,666020178.5,4.258675078864349,-16.750629722921918,1.5897867421441383,25.925925925925924,10.166957196391152,192.18200000000002,-22.7803738317757,https://finance.naver.com/item/main.naver?code=353810
바이오다인,KOSDAQ,7330.0,218170874990,255.17,4.95,29.0,1495.0,0.00861,587322130.0,-680661050.0,-323040920.0,,-34.27735,건강관리장비와용품,16860.0,6600.0,0.0430922444,29764103,314930,43755.0,30535.05,1.4329434535067078,236776662.25,-24.897540983606557,-47.829181494661924,1.4329434535067078,1.939799331103679,-115.89228725299353,0.861,-56.52431791221827,https://finance.naver.com/item/main.naver?code=314930
아스트,KOSDAQ,5170.0,217738463690,-15.66,0.64,-310.0,7610.0,0.73126,56996960540.0,3822532340.0,1754157800.0,,42.45479,우주항공과국방,10390.0,3990.0,0.0,42115757,067390,149640.0,835921.3,0.17901206728432448,445740286.1,640.6876790830945,449.41551540913923,1.4655841405165773,-4.07358738501971,6.706554707101228,73.126,-50.24061597690086,https://finance.naver.com/item/main.naver?code=067390
카나프테라퓨틱스,KOSDAQ,16310.0,216932459800,-3.13,15.33,-5564.0,1135.0,0.04364,74959410.0,-4696394940.0,-4343195800.0,,48.4019,제약,70000.0,9170.0,0.030658663,13300580,0082N0,79543.0,69052.05,1.151928146955811,1021817221.25,-23.427230046948356,-67.76679841897233,1.151928146955811,-490.22026431718064,-6265.250673664587,4.364,-76.7,https://finance.naver.com/item/main.naver?code=0082N0
효성화학,KOSPI,57100.0,216512408100,0.72,0.59,80426.0,98013.0,1.93079,871289334300.0,170770733910.0,155951871660.0,,-33.47526,화학,87500.0,38900.0,0.0270066203,3791811,298000,30822.0,74047.2,0.4162480147797621,5083964687.5,3.8181818181818095,3.8181818181818095,0.533267969619378,82.0564618979115,19.599773254104896,193.079,-34.74285714285714,https://finance.naver.com/item/main.naver?code=298000
백산,KOSPI,10950.0,216493315050,6.87,0.86,1581.0,12658.0,0.67397,126464943050.0,16339089740.0,9115931640.0,,9.12316,"섬유,의류,신발,호화품",15110.0,9050.0,0.0615304304,19771079,035150,9325.0,18381.35,0.5073076787069503,191415225.25,6.621226874391439,-24.116424116424117,0.8168061649443594,12.4901248222468,12.919856954776844,67.39699999999999,-27.531436135009923,https://finance.naver.com/item/main.naver?code=035150
강스템바이오텍,KOSDAQ,2285.0,214913730465,-15.86,3.28,-151.0,730.0,0.20977,641994660.0,-6062121030.0,-6249329260.0,,-75.84231,생물공학,4690.0,1080.0,0.0223381958,94054149,217730,277631.0,562157.55,0.4938668883838703,1405216681.75,-13.282732447817835,-0.21834061135370675,0.7332944296487701,-20.684931506849317,-944.2634663035982,20.977,-51.279317697228144,https://finance.naver.com/item/main.naver?code=217730
DSC인베스트먼트,KOSDAQ,8090.0,215194000000,12.53,1.72,669.0,4874.0,0.46368,12401037350.0,4586555190.0,3526979220.0,,14.71625,창업투자,19700.0,6120.0,0.074776203,26600000,241520,114021.0,161679.4,0.7052289902114927,1328527333.0,-32.80730897009967,-56.317494600431964,0.977718868328309,13.725892490767336,36.98525422149462,46.367999999999995,-58.934010152284266,https://finance.naver.com/item/main.naver?code=241520
오리엔탈정공,KOSDAQ,4745.0,216247021445,11.33,1.73,420.0,2752.0,0.66903,59676885480.0,8819279030.0,6784191750.0,,20.70862,조선,12990.0,3530.0,0.0445242483,45573661,014940,82397.0,175016.5,0.4707956106995626,835140090.2,-12.129629629629635,-43.57907253269917,0.997225975836564,15.261627906976743,14.778383555146618,66.903,-63.471901462663595,https://finance.naver.com/item/main.naver?code=014940
지씨셀,KOSDAQ,13600.0,214884678400,-0.74,1.09,-18158.0,12404.0,0.77035,41603971180.0,-1009284590.0,2174866170.0,,-11.95284,건강관리업체및서비스,28450.0,11610.0,0.0287674116,15800344,144510,32570.0,53826.85,0.605088352745888,762894873.25,-20.83818393480792,-46.03174603174603,0.7306019207886028,-146.3882618510158,-2.4259332976492076,77.035,-52.196836555360285,https://finance.naver.com/item/main.naver?code=144510
천일고속,KOSPI,150000.0,214383000000,-38.9,22.83,-3941.0,6716.0,7.07281,12363550850.0,-1078313560.0,-1251599340.0,,13.62122,도로와철도운송,518000.0,36800.0,0.0048865815,1429220,000650,2564.0,2939.65,0.8722126783800792,452893762.5,-28.57142857142857,-46.619217081850536,0.8722126783800792,-58.68076235854676,-8.721714118238127,707.281,-71.04247104247105,https://finance.naver.com/item/main.naver?code=000650
JTC,KOSDAQ,4370.0,213138512550,,,,,0.98736,46377564000.0,1971840000.0,1001795000.0,,36.89842,백화점과일반상점,7450.0,3350.0,0.1713707439,48773115,950170,2346.0,15865.3,0.14786987954844852,67042095.25,-9.80392156862745,-8.86339937434828,0.5050014812200211,,4.251711021303318,98.736,-41.34228187919463,https://finance.naver.com/item/main.naver?code=950170
DS단석,KOSPI,12000.0,213109668000,-17.73,0.79,-678.0,15304.0,2.57033,310076582520.0,6289708730.0,2518116230.0,,-33.47526,화학,26450.0,9560.0,0.028652121,17759139,017860,32365.0,102028.15,0.3172163760687614,1210880090.0,-21.311475409836067,-35.89743589743589,0.5889061009143065,-4.430214323052796,2.0284371940903703,257.03299999999996,-54.63137996219282,https://finance.naver.com/item/main.naver?code=017860
삼영,KOSPI,6260.0,212840000000,16.05,2.47,400.0,2595.0,1.17978,54043032230.0,7175900400.0,6405369840.0,,-33.47526,화학,13980.0,4365.0,0.0454294118,34000000,003720,156247.0,419322.75,0.3726175124054204,3030214962.25,-27.039627039627035,-23.56532356532357,0.3726175124054204,15.414258188824661,13.278123199046856,117.97800000000001,-55.22174535050072,https://finance.naver.com/item/main.naver?code=003720
아이엘,KOSDAQ,5760.0,212634293760,-14.26,8.71,-394.0,645.0,2.88187,24870125990.0,2762638400.0,-596457000.0,,16.34808,디스플레이장비및부품,10400.0,2400.0,0.0140536774,36915676,307180,238695.0,437627.3,0.5454298669210079,2286724287.0,-21.739130434782606,-8.42607313195548,1.0423869808853332,-61.08527131782946,11.10826057379374,288.187,-44.61538461538461,https://finance.naver.com/item/main.naver?code=307180
데브시스터즈,KOSDAQ,17480.0,212716742000,17.06,1.07,953.0,15161.0,1.0024,52668441030.0,-15974564350.0,-14972710280.0,,18.38474,게임엔터테인먼트,58200.0,13100.0,0.0275024139,12169150,194480,240969.0,105568.8,2.282577807079364,1974824352.0,17.71043771043772,-57.57281553398058,2.282577807079364,6.285865048479651,-30.33042945186259,100.24,-69.96563573883161,https://finance.naver.com/item/main.naver?code=194480
씨메스로보틱스,KOSDAQ,17970.0,212169885180,-12.72,3.63,-1439.0,5040.0,0.23036,3744361940.0,-4770689860.0,-4301313780.0,,179.16167,기계,46950.0,13420.0,0.0192057284,11806894,475400,18171.0,66114.45,0.2748415815302101,1332632009.0,-32.44360902255639,-48.94886363636364,0.2748415815302101,-28.5515873015873,-127.40995492545788,23.036,-61.72523961661342,https://finance.naver.com/item/main.naver?code=475400
코텍,KOSDAQ,11930.0,211895756770,5.31,0.42,2221.0,27942.0,0.22142,129613502290.0,16038491670.0,16180359510.0,,20.94687,디스플레이패널,14500.0,8430.0,0.1251178597,17761589,052330,8034.0,28479.15,0.28210111607965827,347300667.25,8.949771689497709,12.75992438563327,0.6835175909393363,7.948607830506048,12.374090188624901,22.142,-17.724137931034477,https://finance.naver.com/item/main.naver?code=052330
티씨머티리얼즈,KOSDAQ,6040.0,211632842000,110.98,2.55,51.0,2222.0,0.80715,123830504790.0,3811388910.0,2641318930.0,,55.86742,전기장비,10410.0,2990.0,0.0351365567,35038550,125020,738814.0,771725.95,0.9573528012113627,4264543896.2,-13.3428981348637,2.8960817717206044,1.0687667040352862,2.295229522952295,3.077907916521544,80.715,-41.97886647454371,https://finance.naver.com/item/main.naver?code=125020
바이오플러스,KOSDAQ,3430.0,211427676460,13.64,1.21,253.0,2841.0,0.48058,25401735860.0,6247133160.0,3743710740.0,,-34.27735,건강관리장비와용품,7350.0,3065.0,0.0323781574,61640722,099430,110798.0,260234.95,0.42576141290783576,936034791.8,-29.5687885010267,-37.86231884057971,0.5633755189301053,8.905315029919041,24.593331709418067,48.058,-53.333333333333336,https://finance.naver.com/item/main.naver?code=099430
메가터치,KOSDAQ,7260.0,211114345860,-51.59,2.83,-138.0,2519.0,0.15059,25216164730.0,4771813600.0,4080083150.0,,264.33639,전자장비와기기,10990.0,3245.0,0.3736711208,29079111,446540,105899.0,237391.25,0.44609479077261693,1776287889.25,9.009009009009006,77.28937728937728,0.7353977874079184,-5.478364430329496,18.923629549115812,15.059000000000001,-33.939945404913566,https://finance.naver.com/item/main.naver?code=446540
휴스틸,KOSPI,3750.0,210705281250,-13.99,0.2,-268.0,18820.0,0.34882,242023351920.0,-805730600.0,-14250732950.0,,43.89712,철강,7300.0,3110.0,0.0291868693,56188075,005010,191094.0,272480.6,0.7013123136105837,1019382402.9,-18.918918918918916,-16.387959866220736,0.7504460868039781,-1.4240170031880977,-0.332914404171351,34.882000000000005,-48.630136986301366,https://finance.naver.com/item/main.naver?code=005010
그래피,KOSDAQ,18820.0,210542671140,-14.61,9.19,-1190.0,1893.0,1.07106,6278652830.0,-3691905270.0,-3563149750.0,,-34.27735,건강관리장비와용품,69000.0,8210.0,0.0365026852,11187177,318060,100273.0,103306.3,0.9706378023411931,2023164069.5,-21.09014675052411,-69.14754098360656,0.9706378023411931,-62.86318013734813,-58.80091430377748,107.106,-72.72463768115942,https://finance.naver.com/item/main.naver?code=318060
드림시큐리티,KOSDAQ,2070.0,210528281880,24.43,1.71,87.0,1244.0,2.92383,108304341200.0,8161426430.0,4783122850.0,,15.49036,상업서비스와공급품,4810.0,1400.0,0.0374172883,101704484,203650,588981.0,1063548.1,0.5537887755147134,2184076685.65,-32.90113452188006,23.655913978494624,3.2396597765535944,6.993569131832797,7.535641082871016,292.38300000000004,-56.96465696465695,https://finance.naver.com/item/main.naver?code=203650
영진약품,KOSPI,1148.0,209960855188,-1133.0,2.27,-1.0,500.0,1.63933,61578186350.0,-1497358690.0,-2431269460.0,,48.4019,제약,2320.0,1081.0,0.0272794057,182892731,003520,245130.0,303661.3,0.8072480754050648,370274262.3,-9.392265193370164,-44.674698795180724,1.0499329351484696,-0.2,-2.4316381802628393,163.933,-50.51724137931035,https://finance.naver.com/item/main.naver?code=003520
대화제약,KOSDAQ,11260.0,209623479000,114.26,2.6,94.0,4138.0,1.57031,41291264990.0,3328677030.0,1983280770.0,,48.4019,제약,24900.0,7460.0,0.0046224213,18616650,067080,160587.0,96659.95,1.6613602634803764,1029605101.75,-3.513281919451583,-26.835607537361927,1.6613602634803764,2.2716288061865635,8.061455687555577,157.031,-54.77911646586345,https://finance.naver.com/item/main.naver?code=067080
성신양회,KOSPI,8540.0,209367263420,8.31,0.37,1044.0,23623.0,1.22651,503228825770.0,18935122740.0,19365922770.0,,7.62098,건축자재,15310.0,6780.0,0.0495193908,24516073,004980,56257.0,69254.8,0.8123191461097281,562838537.75,1.5457788347205792,-18.589132507149664,2.4410726765509394,4.419421749989417,3.7627261735308997,122.651,-44.219464402351406,https://finance.naver.com/item/main.naver?code=004980
탑코미디어,KOSDAQ,4240.0,209007191760,-69.27,5.76,-55.0,661.0,0.74495,15488193740.0,3666965400.0,3175459120.0,,20.29601,양방향미디어와서비스,4240.0,850.0,0.0207800118,49294149,134580,984390.0,843117.05,1.1675603049422378,2277420885.95,228.4275755228505,121.98952879581154,2.3920047637513675,-8.32072617246596,23.675875066888207,74.495,0.0,https://finance.naver.com/item/main.naver?code=134580
금화피에스시,KOSDAQ,34650.0,207900000000,6.69,0.53,5180.0,65215.0,0.26843,137037842320.0,16823880350.0,14228602070.0,,36.90859,건설,42500.0,28350.0,0.2337141667,6000000,036190,3232.0,11176.3,0.2891833612197239,388090237.5,6.779661016949157,-6.224627875507438,9.759222640766623,7.942957908456644,12.276813517476578,26.843,-18.470588235294116,https://finance.naver.com/item/main.naver?code=036190
티엑스알로보틱스,KOSDAQ,13430.0,207505788450,-13.35,3.85,-1032.0,3578.0,0.65791,10143464550.0,-1560723570.0,-1442557110.0,,179.16167,기계,26500.0,7540.0,0.0065726852,15450915,484810,151359.0,599382.9,0.252524721676244,9855494983.25,0.07451564828613311,-26.4512595837897,1.021548996476209,-28.84292901062046,-15.386494055426061,65.791,-49.32075471698113,https://finance.naver.com/item/main.naver?code=484810
SAMG엔터,KOSDAQ,20250.0,206698574250,5.62,2.27,3560.0,8830.0,0.45055,37458325950.0,2069946400.0,-350312380.0,,890.26506,방송과엔터테인먼트,66100.0,19250.0,0.0465159522,10207337,419530,54962.0,122476.25,0.4487563915452996,2940350111.0,-19.32270916334662,-45.49125168236877,0.7976321939967953,40.31710079275198,5.525998152621661,45.055,-69.36459909228442,https://finance.naver.com/item/main.naver?code=419530
옵티코어,KOSDAQ,8450.0,206658126350,-8.19,8.95,-1032.0,944.0,4.03899,3387568940.0,-1873164040.0,-9701268010.0,,-328.00078,통신장비,11100.0,2494.0,0.0020697086,24456583,380540,,,,,,,,-109.32203389830508,-55.295230095007305,403.899,-23.873873873873876,https://finance.naver.com/item/main.naver?code=380540
솔트룩스,KOSDAQ,16390.0,206413283450,-18.14,2.87,-885.0,5600.0,0.61851,11526290870.0,-3519948240.0,-3279174940.0,,34.12563,IT서비스,38350.0,9960.0,0.0102823957,12593855,304100,88214.0,316678.05,0.2785605127984084,5459952444.75,-4.039812646370022,-39.2962962962963,0.5631587032950343,-15.803571428571427,-30.538429748996954,61.851,-57.26205997392437,https://finance.naver.com/item/main.naver?code=304100
엠로,KOSDAQ,16630.0,205593264220,69.83,2.15,238.0,7728.0,0.17311,17766244380.0,-1111164460.0,-1053201640.0,,163.68113,소프트웨어,48600.0,11900.0,0.024899145,12362794,058970,47910.0,43846.85,1.0926668620436817,733523313.75,-26.41592920353982,-58.93827160493827,5.317371715413993,3.0797101449275366,-6.254357624681058,17.311,-65.78189300411523,https://finance.naver.com/item/main.naver?code=058970
네오티스,KOSDAQ,14900.0,205542788200,50.3,4.0,330.0,4154.0,0.75249,22575611640.0,4494698700.0,4157010150.0,,10.62051,자동차부품,36300.0,3090.0,0.1006485914,13794818,085910,326018.0,139604.45,2.3352980510291754,2565410457.75,-50.986842105263165,-11.782119597394914,2.3352980510291754,7.944150216658643,19.909532338145766,75.249,-58.95316804407713,https://finance.naver.com/item/main.naver?code=085910
노바렉스,KOSDAQ,11230.0,205001943040,5.69,0.8,2000.0,14257.0,0.40109,101784947810.0,10966592940.0,7670886300.0,,-11.95284,건강관리업체및서비스,21500.0,10610.0,0.0708376208,18254848,194700,91413.0,260694.95,0.350651211310384,3635758585.25,-24.98329993319973,-24.882943143812707,0.599969427869623,14.028196675317389,10.774277706042673,40.109,-47.76744186046512,https://finance.naver.com/item/main.naver?code=194700
YG PLUS,KOSPI,3215.0,204676898650,9.12,1.09,353.0,2963.0,0.48857,62117127350.0,3773000490.0,2749235090.0,,890.26506,방송과엔터테인먼트,9290.0,2715.0,0.0520029574,63663110,037270,101695.0,208138.5,0.4885929321101094,701235945.6,-12.517006802721086,-56.90348525469169,0.6809504248373078,11.9136010799865,6.074009940512807,48.857,-65.39289558665232,https://finance.naver.com/item/main.naver?code=037270
한국정보인증,KOSDAQ,5020.0,203767301920,7.63,0.98,654.0,5107.0,0.70435,36910570760.0,8538656170.0,6046410210.0,,34.12563,IT서비스,7750.0,3780.0,0.0192089418,40591096,053300,47967.0,85872.6,0.5585832966510854,406623690.7,-4.92424242424242,-25.519287833827896,1.6361796428662925,12.805952614059136,23.13336259555581,70.435,-35.225806451612904,https://finance.naver.com/item/main.naver?code=053300
삼목에스폼,KOSDAQ,13790.0,202713000000,19.44,0.31,715.0,45432.0,0.2051,82875525020.0,-3059226800.0,2362295790.0,,-8.83051,건축제품,23500.0,12570.0,0.0186090476,14700000,018310,2277.0,9608.25,0.236983842010772,133448357.75,-32.40196078431372,-33.220338983050844,1.1690994718080816,1.573780595175207,-3.691351335948375,20.51,-41.319148936170215,https://finance.naver.com/item/main.naver?code=018310
아스테라시스,KOSDAQ,5360.0,201683893120,21.6,4.33,250.0,1247.0,0.12901,11222466670.0,79277640.0,1298373210.0,,-34.27735,건강관리장비와용품,17480.0,4050.0,0.011371788,37627592,450950,9806.0,22080.75,0.4440972340160547,124523988.25,-31.54533844189017,-61.04651162790697,1.2993670957734678,20.04811547714515,0.7064190282865862,12.901000000000002,-69.33638443935926,https://finance.naver.com/item/main.naver?code=450950
아이티엠반도체,KOSDAQ,8880.0,201424453920,-1.98,2.05,-4522.0,4375.0,12.8251,66981834860.0,-8262237880.0,-65926254090.0,,264.33639,전자장비와기기,19620.0,6610.0,0.0241809988,22682934,084850,10112.0,26743.9,0.37810491364385895,224937018.5,-22.580645161290324,-11.2,0.9478423117047251,-103.36000000000001,-12.33504262352481,1282.51,-54.74006116207951,https://finance.naver.com/item/main.naver?code=084850
도우인시스,KOSDAQ,18300.0,200520822600,377.55,1.2,49.0,15451.0,0.32066,58892453300.0,8199988240.0,9822089810.0,,16.34808,디스플레이장비및부품,34250.0,11670.0,0.0095915809,10957422,484120,11636.0,34719.9,0.3351392141106397,674962049.25,11.449451887941532,-22.127659574468083,0.4093041742631747,0.3171315772441913,13.923665564124155,32.066,-46.56934306569344,https://finance.naver.com/item/main.naver?code=484120
케이엔알시스템,KOSDAQ,17900.0,200427069700,-21.9,8.19,-778.0,2081.0,1.50759,4507080280.0,-1933299190.0,-2091253740.0,,179.16167,기계,45300.0,8510.0,0.0123404903,11197043,199430,548490.0,238032.75,2.3042627537597244,3598887493.5,10.357583230579536,-48.26589595375722,2.3042627537597244,-37.385872176838056,-42.89471387006224,150.759,-60.48565121412803,https://finance.naver.com/item/main.naver?code=199430
에스엠벡셀,KOSPI,1796.0,199808160960,109.8,2.61,15.0,631.0,0.43802,36149595950.0,764903420.0,-948212880.0,,10.62051,자동차부품,3495.0,1321.0,0.0056778697,111251760,010580,3261132.0,266844.3,12.221104216953483,475235078.1,-18.36363636363636,-16.27039627039627,15.91810280376984,2.3771790808240887,2.1159390579578523,43.802,-48.612303290414886,https://finance.naver.com/item/main.naver?code=010580
대한제분,KOSPI,11820.0,199758000000,-7.7,0.19,-1519.0,61093.0,0.53184,351123357970.0,7028056060.0,12224109470.0,,35.44428,식품,16400.0,10500.0,0.0749587574,16900000,001130,13752.0,13544.6,1.0153123754116031,156525645.75,2.961672473867605,-92.640099626401,1.0153123754116031,-2.486373234249423,2.001591719967681,53.184,-27.926829268292686,https://finance.naver.com/item/main.naver?code=001130
지놈앤컴퍼니,KOSDAQ,3810.0,199260809250,-18.32,1.56,-205.0,2402.0,0.51277,6253653470.0,-7973730580.0,-42647856380.0,,48.4019,제약,10180.0,2440.0,0.0410889412,52299425,314130,254043.0,454498.7,0.5589520938123695,1815955685.3,-29.704797047970477,-49.60317460317461,0.7225653230691309,-8.534554537885096,-127.50515547833834,51.276999999999994,-62.57367387033399,https://finance.naver.com/item/main.naver?code=314130
비보존 제약,KOSDAQ,3280.0,199160504480,-5.39,2.41,-622.0,1394.0,0.71591,13282472890.0,-1937664490.0,-2840010670.0,,48.4019,제약,8049.244,2070.0,0.0161728327,60719666,082800,217111.0,780493.65,0.27817138550710824,2555523150.85,10.067114093959727,-15.897435897435896,1.6811206599823072,-44.61979913916787,-14.588130584168654,71.59100000000001,-59.25083150666075,https://finance.naver.com/item/main.naver?code=082800
HDC랩스,KOSPI,7670.0,199094799670,14.38,0.66,534.0,11616.0,0.55591,153732976510.0,5705679460.0,6914560140.0,,36.90859,건설,8790.0,7210.0,0.0428778068,25957601,039570,3687.0,11362.2,0.3244970164228758,86310969.25,-0.3896103896103842,-10.606060606060607,0.6359683864040414,4.597107438016529,3.7114219665348496,55.591,-12.741751990898752,https://finance.naver.com/item/main.naver?code=039570
AJ네트웍스,KOSPI,4395.0,198885875805,6.96,0.43,635.0,10216.0,2.76176,327848505000.0,21486266000.0,28331292000.0,,13.62122,도로와철도운송,5570.0,3825.0,0.0666662777,45252759,095570,57869.0,137054.5,0.4222334910564775,596986320.45,2.807017543859658,-18.761552680221815,0.7673808594391283,6.215740015661707,6.553717852091472,276.17600000000004,-21.095152603231593,https://finance.naver.com/item/main.naver?code=095570
동원개발,KOSDAQ,2190.0,198869739000,7.6,0.19,290.0,11867.0,0.37071,69813246060.0,1951097660.0,5885914570.0,,36.90859,건설,3630.0,1919.0,0.0307317629,90808100,013120,42701.0,104650.9,0.4080328023934816,229430202.1,-6.209850107066384,-34.91827637444279,0.5609316307838729,2.4437515800117975,2.7947384917801372,37.071,-39.66942148760331,https://finance.naver.com/item/main.naver?code=013120
국보디자인,KOSDAQ,26500.0,198750000000,4.3,0.54,6006.0,47874.0,0.36786,105617551520.0,7083761310.0,74730394460.0,,36.90859,건설,26750.0,19660.0,0.1363770667,7500000,066620,9575.0,5384.95,1.7781037892645244,133181728.75,2.5145067698259194,1.5325670498084198,1.7781037892645244,12.54543175836571,6.706992548164309,36.786,-0.9345794392523366,https://finance.naver.com/item/main.naver?code=066620
와이씨켐,KOSDAQ,9820.0,198571103800,44.02,4.14,229.0,2432.0,2.39348,27064804070.0,2120718390.0,-465534750.0,,30.86468,반도체와반도체장비,17700.0,7400.0,0.0264948625,20221090,112290,122593.0,87845.7,1.3955492414540496,920126634.25,-33.0150068212824,-60.64128256513026,1.3955492414540496,9.416118421052632,7.83570568076165,239.34799999999998,-44.51977401129944,https://finance.naver.com/item/main.naver?code=112290
이노스페이스,KOSDAQ,5860.0,198546011920,-1.52,3.37,-3938.0,1776.0,0.17664,2471751400.0,-15819040030.0,-15966669140.0,,42.45479,우주항공과국방,20809.196,4810.0,0.0304342136,33881572,462350,130846.0,318767.55,0.4104746546503871,2160808151.5,-58.64502470007057,-68.99470899470899,0.4332655566728797,-221.73423423423424,-639.9931655748228,17.663999999999998,-71.83937332321729,https://finance.naver.com/item/main.naver?code=462350
코오롱생명과학,KOSDAQ,15160.0,198453541480,7.6,0.34,2001.0,45249.0,0.55551,50590987740.0,-785008530.0,-2185648850.0,,48.4019,제약,72700.0,13210.0,0.0288590984,13090603,102940,60576.0,259122.35,0.23377373661515496,4315417488.75,-68.74226804123711,-75.18821603927988,0.5870817395720593,4.422197175628191,-1.5516766227897332,55.550999999999995,-79.14718019257221,https://finance.naver.com/item/main.naver?code=102940
동아지질,KOSPI,17680.0,198407028560,12.13,0.95,1453.0,18566.0,1.01488,111943502470.0,5035723760.0,5524581210.0,,36.90859,건설,19240.0,13200.0,0.0739897829,11222117,028100,16276.0,20579.85,0.7908706817590994,364317696.25,25.83629893238435,-2.7502750275027465,1.501517260815798,7.826133792954863,4.498451137304316,101.488,-8.108108108108103,https://finance.naver.com/item/main.naver?code=028100
한선엔지니어링,KOSDAQ,10290.0,198058524300,20.56,2.69,518.0,3957.0,0.64325,23644816780.0,5603074580.0,2031145250.0,,179.16167,기계,37300.0,7770.0,0.0532135058,19247670,452280,409761.0,266026.0,1.5403043311556013,3144540569.5,-58.674698795180724,-0.9624639076034613,1.5403043311556013,13.090725296942127,23.69684075851824,64.325,-72.41286863270777,https://finance.naver.com/item/main.naver?code=452280
스카이라이프,KOSPI,4130.0,196269804150,27.96,0.36,147.0,11465.0,0.85278,249926108840.0,11100581290.0,10427966750.0,,890.26506,방송과엔터테인먼트,5510.0,3895.0,0.0631002849,47522955,053210,23040.0,32198.4,0.7155635062611806,132522986.3,-7.191011235955058,-21.183206106870234,0.7616216954879745,1.2821631051024858,4.441545279731648,85.27799999999999,-25.045372050816695,https://finance.naver.com/item/main.naver?code=053210
더핑크퐁컴퍼니,KOSDAQ,13670.0,196178306700,8.12,0.91,1443.0,12838.0,0.10457,21704662490.0,2656650680.0,21541578060.0,,890.26506,방송과엔터테인먼트,61500.0,9500.0,0.049471849,14351010,403850,737559.0,53917.65,13.679361025563985,627191564.0,22.710951526032307,-37.86363636363637,13.679361025563985,11.24006854650257,12.239999959566292,10.456999999999999,-77.77235772357723,https://finance.naver.com/item/main.naver?code=403850
나무가,KOSDAQ,13870.0,195363346790,7.97,1.13,1741.0,12226.0,0.38801,93206654780.0,2152255990.0,2283054250.0,,95.46514,핸드셋,28600.0,11050.0,0.0611175453,14085317,190510,13700.0,38232.15,0.3583371586478919,523537524.0,-15.271838729383013,-39.69565217391305,0.694990995798039,14.240143955504662,2.309122664127438,38.801,-51.50349650349651,https://finance.naver.com/item/main.naver?code=190510
삼미금속,KOSDAQ,8460.0,195016358340,102.33,2.11,86.0,4178.0,1.22631,22258663140.0,2606524970.0,1279299170.0,,179.16167,기계,20850.0,4020.0,0.0033962966,23051579,012210,125887.0,460694.3,0.27325495453275633,3924880639.75,-13.6734693877551,-54.270270270270274,3.877182765230653,2.0584011488750598,11.710159561721099,122.631,-59.42446043165468,https://finance.naver.com/item/main.naver?code=012210
해성산업,KOSDAQ,6160.0,194533736320,-7.97,0.27,-775.0,23076.0,1.14593,659043299310.0,27316269660.0,14588426040.0,,-6.01077,종이와목재,9090.0,5350.0,0.0152860252,31580152,034810,62280.0,43297.9,1.4384069435238198,268865304.75,-1.2820512820512775,-29.19540229885057,1.4384069435238198,-3.3584676720402147,4.1448368701418214,114.59299999999999,-32.233223322332236,https://finance.naver.com/item/main.naver?code=034810
헥토이노베이션,KOSDAQ,14920.0,193861035640,6.04,0.83,2427.0,17664.0,1.14987,102828587180.0,12880295230.0,8921575140.0,,34.12563,IT서비스,25700.0,12210.0,0.1536091453,12993367,214180,31042.0,76345.7,0.4065978830503879,1115408764.5,-2.547354670150226,-33.83592017738359,1.303321601609521,13.739809782608695,12.525986773943732,114.987,-41.94552529182879,https://finance.naver.com/item/main.naver?code=214180
KZ정밀,KOSDAQ,12280.0,193410000000,20.93,0.34,591.0,36900.0,0.25597,34270020660.0,6978754620.0,6856153460.0,,179.16167,기계,19130.0,11110.0,0.0430247619,15750000,036560,3359.0,12900.75,0.260372458965564,158607282.0,0.0,-15.076071922544953,2.230878049725791,1.6016260162601628,20.364022214161103,25.596999999999998,-35.80763199163617,https://finance.naver.com/item/main.naver?code=036560
교촌에프앤비,KOSPI,3845.0,192115732600,10.91,1.01,351.0,3776.0,0.90069,132272708200.0,7847786370.0,5193492460.0,,35.44428,식품,5050.0,3495.0,0.0207670237,49965080,339770,41589.0,49872.6,0.8339047894033998,188740930.55,-4.944375772558718,-21.770091556459814,1.0549881097035245,9.295550847457628,5.93303522457099,90.069,-23.86138613861386,https://finance.naver.com/item/main.naver?code=339770
환인제약,KOSPI,10290.0,191394720300,11.94,0.45,857.0,22777.0,0.13433,71418439120.0,7894213000.0,7699034960.0,,48.4019,제약,12140.0,9160.0,0.1269232858,18600070,016580,20514.0,40893.0,0.5016506492553737,412455313.75,1.5794669299111552,-8.857395925597878,0.6857163817768323,3.7625675023049565,11.05346615981881,13.433,-15.238879736408562,https://finance.naver.com/item/main.naver?code=016580
동성케미컬,KOSPI,3775.0,191277706025,5.63,0.41,670.0,9170.0,0.73224,352378978740.0,46133195770.0,31340729120.0,,-33.47526,화학,4773.456,3150.0,0.0396251669,50669591,102260,53832.0,74989.7,0.7178585859124653,276094813.1,-2.075226977950717,-18.554476806903995,1.6919390262929443,7.306434023991276,13.091926179864153,73.224,-20.916836774027036,https://finance.naver.com/item/main.naver?code=102260
케이엔제이,KOSDAQ,23750.0,190603131250,7.34,1.94,3271.0,12376.0,1.53727,34351360320.0,6261519370.0,360116910.0,,30.86468,반도체와반도체장비,44600.0,15300.0,0.0685568748,8025395,272110,32056.0,92368.6,0.34704434190839745,2494280540.0,-21.746293245469516,-28.7856071964018,0.7601933990555232,26.430187459599225,18.22786437471714,153.727,-46.74887892376681,https://finance.naver.com/item/main.naver?code=272110
한국비엔씨,KOSDAQ,2785.0,190479757510,63.1,0.78,42.0,3417.0,0.17611,24606572850.0,-366262890.0,-1737934320.0,,-34.27735,건강관리장비와용품,6180.0,2050.0,0.0453570754,68394886,256840,2960279.0,711440.75,4.160963509610603,1905801265.0,-6.543624161073824,-40.9957627118644,13.760876081388366,1.2291483757682178,-1.4884758321799372,17.610999999999997,-54.935275080906145,https://finance.naver.com/item/main.naver?code=256840
계룡건설,KOSPI,21300.0,190228319100,1.91,0.2,11283.0,106029.0,2.32476,840067986790.0,69009628490.0,38800079610.0,,36.90859,건설,33300.0,16300.0,0.0960732208,8930907,013580,67320.0,79430.05,0.847538179819854,1724741403.75,6.499999999999995,-27.427597955706982,0.8894996289187782,10.641428288487113,8.214767087327541,232.476,-36.03603603603604,https://finance.naver.com/item/main.naver?code=013580
SJG세종,KOSPI,7030.0,190177661970,2.76,0.36,2541.0,19312.0,1.40996,524581498840.0,34025396460.0,33485949530.0,,10.62051,자동차부품,12640.0,5240.0,0.0724818249,27052299,033530,30501.0,67652.15,0.4508504164317025,464979000.75,2.777777777777768,-31.945788964181997,0.6156640993671303,13.157622203811101,6.486198338149535,140.996,-44.38291139240506,https://finance.naver.com/item/main.naver?code=033530
나우로보틱스,KOSDAQ,14650.0,190133296300,-21.17,11.89,-701.0,1248.0,5.68125,3017838460.0,-2631596970.0,-3201111520.0,,179.16167,기계,38250.0,10700.0,0.0081638066,12978382,459510,24709.0,136084.75,0.18157067562676935,2238863343.5,-27.114427860696523,-45.94095940959409,0.22559471211873483,-56.169871794871796,-87.20138618685375,568.125,-61.69934640522876,https://finance.naver.com/item/main.naver?code=459510
대성에너지,KOSPI,6900.0,189750000000,7.62,0.54,905.0,12713.0,0.84526,161046909120.0,2733815670.0,3075582200.0,,9.4585,가스유틸리티,16150.0,6400.0,0.0200971636,27500000,117580,40759.0,53176.9,0.7664794299780544,360931719.75,-3.6312849162011163,-19.86062717770035,0.8483382822240484,7.118697396365925,1.6975275619620658,84.526,-57.27554179566563,https://finance.naver.com/item/main.naver?code=117580
제테마,KOSDAQ,5080.0,189418462920,-25.46,2.58,-184.0,1818.0,2.01879,20082245180.0,2305643430.0,1351121990.0,,-34.27735,건강관리장비와용품,11280.0,3800.0,0.0287609664,37287099,216080,224925.0,214254.9,1.0498009613782462,999808878.05,1.195219123505975,-49.35194416749751,1.0498009613782462,-10.121012101210122,11.481004286792599,201.87900000000002,-54.96453900709219,https://finance.naver.com/item/main.naver?code=216080
티이엠씨,KOSDAQ,8640.0,189413838720,11.67,0.94,759.0,9438.0,0.55838,86461337820.0,5858763870.0,5292344620.0,,30.86468,반도체와반도체장비,30300.0,6300.0,0.0610272419,21922898,425040,94989.0,166755.7,0.5696297038122234,1534088393.25,-52.265193370165754,-9.812108559498956,0.6273728574195664,8.041958041958042,6.7761661081362154,55.838,-71.48514851485149,https://finance.naver.com/item/main.naver?code=425040
서연,KOSPI,8030.0,188543147320,3.09,0.2,2575.0,40447.0,1.23318,1356856518230.0,66974388820.0,46812070110.0,,10.62051,자동차부품,11990.0,6550.0,0.0667055965,23479844,007860,18784.0,29923.35,0.6277372018841474,240018598.75,-1.3513513513513487,-27.461607949412826,0.804020940168798,6.366355972012758,4.935996394620054,123.318,-33.02752293577982,https://finance.naver.com/item/main.naver?code=007860
코메론,KOSDAQ,20800.0,188198400000,8.35,0.75,2510.0,28066.0,0.05213,23711527520.0,9875061780.0,14357992170.0,,179.16167,기계,23650.0,10180.0,0.2243618479,9048000,049430,15822.0,28865.95,0.5481198436219836,594344906.75,15.684093437152402,26.137052759248025,0.596966321912149,8.943205301788641,41.64667068231123,5.213,-12.050739957716704,https://finance.naver.com/item/main.naver?code=049430
BGF에코머티리얼즈,KOSDAQ,3000.0,188300697000,13.12,0.45,226.0,6634.0,0.67439,102653009360.0,1201814520.0,927978380.0,,-33.47526,화학,6520.0,2460.0,0.0100579925,62766899,126600,42386.0,38081.25,1.1130411948137207,109613777.5,-4.30622009569378,-22.978177150192558,1.1130411948137207,3.406692794694001,1.1707542988684185,67.43900000000001,-53.987730061349694,https://finance.naver.com/item/main.naver?code=126600
석경에이티,KOSDAQ,34450.0,187924750000,49.28,4.25,699.0,8109.0,0.22955,5168301790.0,1275560010.0,1132870500.0,,-33.47526,화학,75300.0,28650.0,0.0139983501,5455000,357550,2448.0,5104.25,0.47960033305578686,172465775.0,-23.444444444444446,-39.56140350877193,0.9372581672135966,8.620051794302627,24.680447501499327,22.955000000000002,-54.24966799468791,https://finance.naver.com/item/main.naver?code=357550
대성산업,KOSPI,4120.0,186370169360,-2.55,0.25,-1626.0,16698.0,1.69976,365855736190.0,3012632130.0,-2584066430.0,,-132.71454,석유와가스,13140.0,3585.0,0.0298460425,45235478,128820,47542.0,109599.1,0.43378093433248993,460140831.8,-21.0727969348659,-56.76810073452256,0.7109364949164728,-9.737693136902623,0.8234481059046314,169.976,-68.64535768645358,https://finance.naver.com/item/main.naver?code=128820
HLB테라퓨틱스,KOSDAQ,2105.0,186461129445,-20.19,1.24,-105.0,1705.0,0.30543,12558348050.0,-4731982440.0,-9042240740.0,,48.4019,제약,4160.0,1342.0,0.0406524788,88580109,115450,384791.0,303176.1,1.269199649972409,647172959.7,-20.715630885122415,-26.655052264808365,1.269199649972409,-6.158357771260997,-37.67997527349945,30.543,-49.39903846153846,https://finance.naver.com/item/main.naver?code=115450
오로라,KOSDAQ,17490.0,188242946100,7.77,0.98,2279.0,18082.0,2.17803,91165080960.0,12176952580.0,10487551590.0,,10.7743,레저용장비와제품,26400.0,9040.0,0.0617507008,10762890,039830,12142.0,140311.85,0.08653581290532482,2776335848.25,0.11448196908987462,13.793103448275868,0.31558988068363436,12.603694281606018,13.357035886736956,217.80300000000003,-33.75,https://finance.naver.com/item/main.naver?code=039830
사람인,KOSDAQ,17430.0,187071501330,2.02,0.69,8746.0,25433.0,0.1523,35192356250.0,6443132240.0,6749210020.0,,15.49036,상업서비스와공급품,18400.0,12570.0,0.2340978265,10732731,143240,5814.0,11249.15,0.5168390500615603,190311040.75,14.973614775725586,20.37292817679559,0.9722512367601108,34.38839303267409,18.30832864451922,15.229999999999999,-5.271739130434783,https://finance.naver.com/item/main.naver?code=143240
현대사료,KOSDAQ,994.0,187340898626,43.22,2.45,23.0,406.0,0.48044,29524987020.0,296016000.0,-619654860.0,,35.44428,식품,994.0,994.0,0.0238011824,188471729,016790,,,,,,,,5.665024630541872,1.0025948522838672,48.044,0.0,https://finance.naver.com/item/main.naver?code=016790
니어스랩,KOSDAQ,32200.0,186037303200,-18.34,-1.59,-1565.0,-18059.0,4.2322,508736920.0,-4180595500.0,-4532261700.0,,42.45479,우주항공과국방,42000.0,25150.0,0.0138868407,5777556,417030,,,,,,,,8.666039094080514,-821.7598007237218,423.21999999999997,-23.33333333333333,https://finance.naver.com/item/main.naver?code=417030
하이비젼시스템,KOSDAQ,12400.0,185282188800,-9.13,0.64,-1350.0,19368.0,0.4544,50339337650.0,-5722134830.0,768797630.0,,95.46514,핸드셋,21500.0,8000.0,0.1162539807,14942112,126700,54036.0,81944.75,0.6594199140274393,891586396.75,4.114189756507147,-32.240437158469945,1.1513245204848388,-6.970260223048327,-11.367123798459435,45.440000000000005,-42.325581395348834,https://finance.naver.com/item/main.naver?code=126700
이연제약,KOSPI,9950.0,184938769450,-6.16,0.83,-1616.0,12010.0,1.28034,35845295000.0,-7031997860.0,-6804366510.0,,48.4019,제약,13200.0,9100.0,0.0121363476,18586811,102460,30395.0,40955.7,0.7421433402432385,412215516.5,1.7382413087934534,-15.029888983774553,0.9412609233879534,-13.455453788509574,-19.617631435311107,128.034,-24.62121212121212,https://finance.naver.com/item/main.naver?code=102460
아이텍,KOSDAQ,6920.0,183646669120,-30.14,0.86,-213.0,7422.0,0.36563,14245360460.0,1083265460.0,2768341020.0,,30.86468,반도체와반도체장비,9730.0,4300.0,0.0178891933,26538536,119830,151501.0,218067.0,0.6947451929911449,1420216970.75,2.6706231454005858,-19.158878504672895,1.3308662016719632,-2.869846402586904,7.604338711131497,36.563,-28.879753340184998,https://finance.naver.com/item/main.naver?code=119830
신세계 I&C,KOSPI,13170.0,184128453000,6.2,0.41,2156.0,32954.0,0.30628,174955496530.0,15236657210.0,12842179200.0,,34.12563,IT서비스,29300.0,10310.0,0.0603898175,13980900,035510,28223.0,40658.65,0.6941450343284885,539338668.0,-17.995018679950192,-29.19354838709678,0.7585839667573813,6.542453116465376,8.708875978290477,30.628,-55.051194539249146,https://finance.naver.com/item/main.naver?code=035510
에프앤가이드,KOSDAQ,16130.0,184048655160,18.94,2.71,866.0,6042.0,0.16594,14920954800.0,7862713710.0,6163555030.0,,34.12563,IT서비스,37000.0,8100.0,0.1027200611,11410332,064850,40611.0,33508.65,1.211955718896464,588416486.0,-33.209109730848866,9.727891156462576,1.211955718896464,14.333002317113538,52.69578130482642,16.594,-56.4054054054054,https://finance.naver.com/item/main.naver?code=064850
퓨쳐켐,KOSDAQ,8240.0,184801940800,-16.0,3.34,-492.0,2354.0,0.24137,4271637850.0,-3219119590.0,2318297080.0,,48.4019,제약,33928.4,6410.0,0.0615736451,22427420,220100,166695.0,40429.9,4.1230623869957626,337298108.5,-30.28764805414551,-65.66666666666667,4.1230623869957626,-20.900594732370433,-75.36031150206237,24.137,-75.71356150010021,https://finance.naver.com/item/main.naver?code=220100
티쓰리,KOSDAQ,3295.0,183617894900,10.96,1.84,308.0,1835.0,0.12823,25802746480.0,5173827280.0,5593544860.0,,18.38474,게임엔터테인먼트,3795.0,1660.0,0.0371965836,55726220,204610,60784.0,170138.45,0.3572619828145842,558339180.6,27.46615087040618,69.06105695228322,1.065867239298348,16.78474114441417,20.051459576252054,12.823,-13.175230566534912,https://finance.naver.com/item/main.naver?code=204610
코칩,KOSDAQ,20800.0,182418620800,56.58,2.89,357.0,7001.0,0.17815,17996033150.0,4410030760.0,3490983980.0,,-82.80274,전기제품,36500.0,9310.0,0.0075995487,8770126,126730,1271453.0,1057443.4,1.2023839762960364,20239433326.5,-11.489361702127665,-4.147465437788023,1.2023839762960364,5.099271532638195,24.505571440337118,17.815,-43.013698630136986,https://finance.naver.com/item/main.naver?code=126730
알멕,KOSDAQ,28600.0,182793496600,-145.37,1.27,-205.0,23535.0,1.24311,55217090660.0,2601088840.0,3506548200.0,,10.62051,자동차부품,104000.0,18900.0,0.0865064999,6391381,354320,22692.0,68258.8,0.33244065234079706,2067295023.75,-52.88303130148271,-54.53100158982511,0.49154101742192946,-0.8710431272572764,4.710658980597585,124.31099999999999,-72.5,https://finance.naver.com/item/main.naver?code=354320
에스오에스랩,KOSDAQ,10110.0,182117182590,-10.14,6.82,-1000.0,1486.0,3.91849,455980250.0,-5177308500.0,-6243283870.0,,264.33639,전자장비와기기,28700.0,6550.0,0.0167750211,18013569,464080,63424.0,140131.45,0.4526036089685791,1369953176.75,-9.89304812834224,-42.654566080544534,0.8440360818360189,-67.29475100942126,-1135.4238478530594,391.849,-64.77351916376305,https://finance.naver.com/item/main.naver?code=464080
화승엔터프라이즈,KOSPI,2995.0,181464881620,-6.26,0.39,-477.0,7621.0,2.01272,397514062000.0,7290491770.0,-1579103870.0,,9.12316,"섬유,의류,신발,호화품",7140.0,2800.0,0.0566062714,60589276,241590,13404.0,43598.4,0.30744247495320925,134012323.95,-12.04111600587372,-48.362068965517246,0.3857939740907923,-6.2590211258365045,1.8340210993592474,201.272,-58.0532212885154,https://finance.naver.com/item/main.naver?code=241590
HB테크놀러지,KOSDAQ,1902.0,180541259796,5.97,0.6,320.0,3208.0,0.30438,28535978680.0,516788200.0,10604293450.0,,16.34808,디스플레이장비및부품,6140.0,1575.0,0.0219473192,94921798,078150,309780.0,602970.35,0.513756605113336,1195274155.9,-36.915422885572134,-10.704225352112672,0.8862326315050152,9.975062344139651,1.8110056984385159,30.438,-69.0228013029316,https://finance.naver.com/item/main.naver?code=078150
미래산업,KOSPI,6500.0,180561407000,13.74,1.2,479.0,5490.0,0.36263,30798429920.0,10360254660.0,10723734180.0,,30.86468,반도체와반도체장비,13400.0,2044.0,0.1103007134,27778678,025560,373870.0,720178.0,0.5191355470453138,5933826945.25,-66.1634565330557,-57.29303547963207,1.0687829953150472,8.72495446265938,33.6389052523493,36.263,-51.49253731343284,https://finance.naver.com/item/main.naver?code=025560
아모텍,KOSDAQ,10700.0,181713242200,22.5,1.14,484.0,9535.0,1.28965,62299515040.0,-575237190.0,-2409255440.0,,95.46514,핸드셋,32339.232,7351.042,0.0826939023,16982546,052710,142413.0,418398.35,0.3403765813129999,5386912405.5,-55.601659751037346,-26.71232876712328,0.7526105205720817,5.0760356581017305,-0.9233413608928792,128.965,-66.91325260909102,https://finance.naver.com/item/main.naver?code=052710
한솔제지,KOSPI,7580.0,180408366080,46.99,0.26,163.0,29322.0,1.92434,592742934640.0,50803654220.0,29963959460.0,,-6.01077,종이와목재,9390.0,5930.0,0.0553013087,23800576,213500,27489.0,68021.35,0.40412311722716465,515564874.25,18.437499999999996,-15.496098104793754,0.81250960176474,0.5558965964122502,8.570942182694322,192.434,-19.275825346112885,https://finance.naver.com/item/main.naver?code=213500
경농,KOSPI,9240.0,180388593000,8.9,0.63,1044.0,14751.0,0.75991,121952525580.0,13536273720.0,9905856650.0,,-33.47526,화학,11900.0,8550.0,0.0108724387,19522575,002100,19250.0,83053.55,0.2317781720347896,784229418.75,2.6666666666666616,-5.230769230769228,0.3941071754307913,7.077486272117145,11.099625576118388,75.991,-22.352941176470587,https://finance.naver.com/item/main.naver?code=002100
에브리봇,KOSDAQ,14190.0,180079372770,-14.08,2.92,-1017.0,4906.0,0.42895,9837802680.0,-1226926360.0,7609482820.0,,11.78848,가정용기기와용품,31900.0,9470.0,0.0,12690583,270660,39342.0,202894.65,0.19390358493927762,3041586907.75,4.108584005869398,-39.09871244635193,1.2093714644521185,-20.72971871178149,-12.471548778817345,42.895,-55.51724137931034,https://finance.naver.com/item/main.naver?code=270660
JW생명과학,KOSPI,11390.0,180355570060,6.17,0.8,1847.0,14245.0,0.34847,63245757500.0,9346122010.0,8014213790.0,,48.4019,제약,15580.0,10550.0,0.1447554506,15834554,234080,18071.0,22171.7,0.8150480116544965,251492740.0,3.170289855072461,-18.11646297627606,0.9972622757839948,12.965952965952965,14.777468686338368,34.847,-26.893453145057766,https://finance.naver.com/item/main.naver?code=234080
슈피겐코리아,KOSDAQ,28950.0,179963708850,5.97,0.32,4967.0,91806.0,0.07943,110317441460.0,12575472880.0,15231954040.0,,95.46514,핸드셋,34950.0,21000.0,0.1198601176,6216363,192440,3542.0,9334.15,0.3794667966552927,271710640.0,-4.926108374384242,13.0859375,0.574664002614057,5.410321765461952,11.399351465706118,7.943,-17.16738197424893,https://finance.naver.com/item/main.naver?code=192440
사조씨푸드,KOSPI,10450.0,179933774350,-6.41,0.88,-1637.0,11978.0,1.06059,83890211920.0,10484028730.0,4625103380.0,,35.44428,식품,11240.0,6480.0,0.0446851397,17218543,014710,5196.0,20136.05,0.2580446512598052,206525373.25,41.2162162162162,9.884332281808629,0.713893737848287,-13.666722324261146,12.497320593250922,106.059,-7.028469750889677,https://finance.naver.com/item/main.naver?code=014710
SP삼화,KOSPI,6600.0,179542895400,21.75,0.54,308.0,12503.0,0.98353,177546898930.0,13751021060.0,9556792060.0,,7.62098,건축자재,14300.0,5180.0,0.208784659,27203469,000390,74817.0,89927.85,0.831966960179744,560976956.75,0.6097560975609762,-32.377049180327866,1.6064767477483337,2.463408781892346,7.745007737601492,98.35300000000001,-53.84615384615385,https://finance.naver.com/item/main.naver?code=000390
지투파워,KOSDAQ,9600.0,179610595200,33.37,4.4,297.0,2252.0,0.96203,10416736730.0,412619330.0,349207910.0,,55.86742,전기장비,18460.0,5350.0,0.013934786,18709437,388050,435637.0,2453759.9,0.1775385603130934,24498568450.5,9.090909090909083,-17.59656652360515,2.354398651636617,13.188277087033748,3.9611189251972196,96.203,-47.99566630552546,https://finance.naver.com/item/main.naver?code=388050
HS효성,KOSPI,48150.0,179403385050,9.05,0.34,5292.0,139520.0,0.83416,430921091740.0,35762681620.0,27112020950.0,,31.65137,복합기업,75400.0,37400.0,0.0503131167,3725927,487570,1388.0,5496.25,0.252535819877189,249382746.25,-7.934990439770551,-28.348214285714292,0.7614282465317261,3.7930045871559632,8.29912536320634,83.416,-36.14058355437666,https://finance.naver.com/item/main.naver?code=487570
대원제약,KOSPI,7970.0,178747836510,-122.0,0.64,-65.0,12407.0,1.0793,152831677190.0,-8919930.0,3777595600.0,,48.4019,제약,13670.0,7060.0,0.132667662,22427583,003220,18276.0,28112.7,0.6500976427024086,221087494.75,-29.092526690391463,-33.24958123953099,1.0253728741814199,-0.5238977996292415,-0.005836440562587534,107.92999999999999,-41.69714703730797,https://finance.naver.com/item/main.naver?code=003220
우양피앤엘,KOSPI,5730.0,178591975320,-21.5,1.43,-273.0,4112.0,1.03838,9125576850.0,-167045910.0,-305270080.0,,-132.71454,석유와가스,8460.0,4375.0,0.0021547501,31167884,002420,4561.0,18765.45,0.2430530576138595,108460656.0,-2.716468590831922,6.111111111111112,0.5128574054978697,-6.639105058365759,-1.8305243903567587,103.83800000000001,-32.26950354609929,https://finance.naver.com/item/main.naver?code=002420
코스맥스엔비티,KOSDAQ,8620.0,177813360000,-12.59,4.28,-731.0,2152.0,2.62063,102264020040.0,8473334190.0,30310832410.0,,-11.95284,건강관리업체및서비스,11200.0,2860.0,0.0448041012,20628000,222040,457758.0,542950.7,0.843093120609293,5067899378.75,26.57856093979443,146.2857142857143,0.8722854579614687,-33.968401486988846,8.285743301197922,262.063,-23.03571428571428,https://finance.naver.com/item/main.naver?code=222040
이랜텍,KOSDAQ,7020.0,177544294200,6.66,0.65,1056.0,10776.0,1.28684,213541859660.0,7108932600.0,3228852910.0,,95.46514,핸드셋,14490.0,5700.0,0.0655865022,25291210,054210,39081.0,111441.65,0.35068576245954725,815232246.5,-24.02597402597403,-34.269662921348306,0.7962014202051029,9.799554565701559,3.3290581112849713,128.684,-51.5527950310559,https://finance.naver.com/item/main.naver?code=054210
바이오비쥬,KOSDAQ,12030.0,177482042610,40.67,2.94,298.0,4118.0,0.05487,9875617430.0,2701051940.0,2529350540.0,,49.63323,화장품,18450.0,5230.0,0.0036150588,14753287,489460,191998.0,137370.9,1.3976613678733998,1575167173.25,76.65198237885463,1.4333895446880351,2.3695921042957426,7.236522583778533,27.3507146175467,5.487,-34.79674796747968,https://finance.naver.com/item/main.naver?code=489460
도화엔지니어링,KOSPI,5260.0,177367200000,24.36,0.7,220.0,7625.0,2.02685,169612698910.0,4491439240.0,3419723840.0,,36.90859,건설,7650.0,4465.0,0.010371293,33720000,002150,24233.0,56062.05,0.43225319088402936,292705971.5,0.766283524904221,-22.873900293255133,3.124520063037295,2.8852459016393444,2.648055993957888,202.685,-31.241830065359476,https://finance.naver.com/item/main.naver?code=002150
코난테크놀로지,KOSDAQ,14170.0,177372804960,-17.05,5.99,-830.0,2361.0,0.76461,4171608450.0,-2820698750.0,-2677645300.0,,163.68113,소프트웨어,29750.0,10010.0,0.005369368,12517488,402030,13147.0,81825.3,0.16067157712834537,1248473314.25,-16.104203670811135,-34.398148148148145,0.5293472801199629,-35.15459551037696,-67.61657484896503,76.461,-52.36974789915967,https://finance.naver.com/item/main.naver?code=402030
듀켐바이오,KOSDAQ,6220.0,177199838400,26.81,3.53,229.0,1737.0,0.50469,11196128400.0,1931234680.0,1204698030.0,,48.4019,제약,12770.0,5100.0,0.0095993432,28488720,176750,27278.0,40666.5,0.670773240873938,260517430.75,-2.6604068857590035,-46.74657534246576,0.7849212496772527,13.18364997121474,17.24912944013754,50.468999999999994,-51.29209083790134,https://finance.naver.com/item/main.naver?code=176750
방림,KOSPI,5500.0,176609279000,26.39,0.95,208.0,5755.0,0.37123,31527782270.0,1582071060.0,5462288420.0,,9.12316,"섬유,의류,신발,호화품",6280.0,4460.0,0.0,32110778,003610,42629.0,97088.8,0.43907227198193816,532544942.25,7.21247563352827,-7.718120805369133,0.7448644951837905,3.614248479582971,5.01802203038368,37.123,-12.420382165605092,https://finance.naver.com/item/main.naver?code=003610
윤성에프앤씨,KOSDAQ,22050.0,175938008400,-9.14,0.99,-2401.0,22214.0,0.52536,59821694080.0,17074073000.0,15990023820.0,,264.33639,전자장비와기기,43900.0,11230.0,0.0129230956,7979048,372170,10475.0,42910.6,0.24411217741070973,854703280.0,-5.161290322580648,-33.484162895927604,0.39819997856007605,-10.808499144683532,28.541607292442627,52.536,-49.772209567198175,https://finance.naver.com/item/main.naver?code=372170
압타바이오,KOSDAQ,6260.0,175864715300,-10.54,3.81,-607.0,1680.0,0.28897,1602804790.0,-3574709530.0,1115500140.0,,-11.95284,건강관리업체및서비스,10890.0,3870.0,0.0143236464,28093405,293780,19634.0,67524.65,0.2907678899483374,399687225.75,17.009345794392527,-19.016817593790424,0.629459019780184,-36.13095238095238,-223.02837827181685,28.897000000000002,-42.51606978879706,https://finance.naver.com/item/main.naver?code=293780
잉글우드랩,KOSDAQ,8840.0,175631935440,,,,,0.3116,51302029000.0,8633679000.0,6616895000.0,,49.63323,화장품,16910.0,7000.0,0.1158706224,19867866,950140,25712.0,63334.1,0.405974032945917,585046622.0,-2.7502750275027465,-33.333333333333336,1.4270195676578652,,16.829118006229344,31.16,-47.72324068598463,https://finance.naver.com/item/main.naver?code=950140
유화증권,KOSPI,3095.0,175493974425,13.49,0.35,229.0,8871.0,0.79196,17127835410.0,10612802850.0,11171891750.0,,8.14824,증권,4940.0,2630.0,0.018100834,56702415,003460,37251.0,45413.35,0.8202654065379453,141234498.4,-0.1612903225806428,-12.81690140845071,1.6802327949820923,2.5814451583812423,61.962312200897074,79.196,-37.34817813765182,https://finance.naver.com/item/main.naver?code=003460
현대비앤지스틸,KOSPI,11620.0,175215783820,11.98,0.34,976.0,34303.0,0.41561,202786746880.0,9531629210.0,5300223690.0,,31.17957,비철금속,25500.0,9250.0,0.0500095797,15078811,004560,19519.0,37469.6,0.5209289664154408,440270153.5,-12.102874432677757,-46.69724770642202,0.6993402651749685,2.8452321954348014,4.700321572612625,41.561,-54.431372549019606,https://finance.naver.com/item/main.naver?code=004560
엘오티베큠,KOSDAQ,9830.0,175072624390,-20.04,0.65,-500.0,15352.0,0.35504,81458228770.0,8738173640.0,7962423900.0,,30.86468,반도체와반도체장비,17940.0,6070.0,0.0849856932,17810033,083310,29102.0,84634.55,0.34385484415052714,805852707.25,-7.872539831302716,-26.42215568862275,0.8173376003062579,-3.2569046378322044,10.727183455796126,35.504000000000005,-45.206243032329986,https://finance.naver.com/item/main.naver?code=083310
이크레더블,KOSDAQ,14500.0,174632200000,13.54,4.08,1069.0,3547.0,0.36012,23016513280.0,12258218740.0,9733842520.0,,15.49036,상업서비스와공급품,18490.0,13320.0,0.0985883789,12043600,092130,1403.0,4697.45,0.2986726841158501,66893147.5,3.86819484240688,-7.936507936507942,0.8274702232062077,30.138144911192555,53.2583653782681,36.012,-21.579232017306648,https://finance.naver.com/item/main.naver?code=092130
아이디스,KOSDAQ,16290.0,174569993100,9.31,0.66,1745.0,24487.0,0.31574,83750597990.0,8555358550.0,6076610240.0,,264.33639,전자장비와기기,20750.0,13670.0,0.0227565439,10716390,143160,2053.0,6474.35,0.31709746924401677,101199624.25,2.7112232030264805,-18.955223880597018,0.7866426745542023,7.126230244619594,10.215280553604558,31.574,-21.49397590361446,https://finance.naver.com/item/main.naver?code=143160
나이벡,KOSDAQ,15350.0,174495622550,37.72,3.89,416.0,4032.0,0.34617,6060942840.0,102547480.0,381340000.0,,-34.27735,건강관리장비와용품,54300.0,11230.0,0.0307183637,11367793,138610,43856.0,131489.1,0.3335333499126543,2402226546.0,-21.24166239096973,-53.27245053272451,1.0442766738839948,10.317460317460316,1.691939401296185,34.617,-71.73112338858195,https://finance.naver.com/item/main.naver?code=138610
DH오토넥스,KOSPI,4200.0,174035631000,41.58,4.81,101.0,874.0,0.66541,7815513600.0,-1910947440.0,-4737127330.0,,10.62051,자동차부품,1984.0,1984.0,0.0208564532,41437055,000300,,,,,,,,11.556064073226544,-24.45069560111827,66.541,111.69354838709675,https://finance.naver.com/item/main.naver?code=000300
대양전기공업,KOSDAQ,18140.0,173551420620,6.91,0.64,2680.0,29042.0,0.24645,70834320840.0,7559162520.0,7664418020.0,,20.70862,조선,36650.0,14000.0,0.0732853137,9567333,108380,35675.0,38896.85,0.9171693851815764,689407167.0,-2.157497303128375,-47.26744186046512,0.9171693851815764,9.228014599545487,10.671610075961024,24.645,-50.50477489768077,https://finance.naver.com/item/main.naver?code=108380
일진파워,KOSDAQ,11540.0,174008301860,9.37,1.2,1250.0,9773.0,1.1392,86381019170.0,5603242490.0,3896060560.0,,36.90859,건설,24500.0,9010.0,0.0415489814,15078709,094820,42049.0,126352.6,0.33279093584144687,1531107395.0,-7.75379696243006,-39.51781970649895,2.1791320479356973,12.790340734677171,6.486659388647266,113.92,-52.89795918367347,https://finance.naver.com/item/main.naver?code=094820
SYTS,KOSPI,57900.0,173700000000,6.36,0.34,9071.0,171777.0,0.05801,35341736030.0,1613039040.0,6482148350.0,,9.12316,"섬유,의류,신발,호화품",62700.0,49050.0,0.0393396667,3000000,002170,9939.0,3513.0,2.829205807002562,197709160.0,12.645914396887159,-4.926108374384242,2.829205807002562,5.280683677092975,4.564119427044456,5.801,-7.655502392344493,https://finance.naver.com/item/main.naver?code=002170
이랜시스,KOSDAQ,5700.0,172679288400,40.64,3.2,140.0,1780.0,0.2648,20733808020.0,1368218240.0,184357710.0,,264.33639,전자장비와기기,9530.0,3525.0,0.013973706,30294612,264850,165063.0,2549114.95,0.06475306262669715,16381217083.2,-2.564102564102566,-25.392670157068064,0.11065291504410187,7.865168539325842,6.598972261536354,26.479999999999997,-40.18887722980063,https://finance.naver.com/item/main.naver?code=264850
매드업,KOSDAQ,9180.0,172651932000,12.34,3.69,616.0,2059.0,1.27927,18262357060.0,3789871370.0,4238792010.0,,11.3913,광고,22500.0,4560.0,0.0118418282,18807400,0039P0,6938093.0,3827710.1,1.8125962569631384,32536454373.0,-8.92857142857143,-8.92857142857143,1.8125962569631384,29.917435648372997,20.752367055077173,127.92699999999999,-59.20000000000001,https://finance.naver.com/item/main.naver?code=0039P0
동부건설,KOSPI,7500.0,172099972500,3.31,0.31,2251.0,24189.0,2.05007,596121494460.0,18034855480.0,23100809810.0,,36.90859,건설,10610.0,5230.0,0.0804653382,22946663,005960,68447.0,52774.8,1.2969637023731022,394013974.25,19.426751592356695,-20.29755579171094,1.2969637023731022,9.305882839307122,3.025365742991196,205.00699999999998,-29.3119698397738,https://finance.naver.com/item/main.naver?code=005960
그린광학,KOSDAQ,14700.0,172027352700,69.39,2.63,212.0,5602.0,0.58292,15353192950.0,214771970.0,377811700.0,,42.45479,우주항공과국방,55000.0,11000.0,0.0625430836,11702541,0015G0,16802.0,49773.25,0.33757088395875295,760943827.0,-27.22772277227723,-56.70103092783505,0.8071403816306952,3.7843627275972866,1.398874948679649,58.292,-73.27272727272727,https://finance.naver.com/item/main.naver?code=0015G0
모두투어,KOSDAQ,9050.0,171045000000,10.67,1.76,836.0,5081.0,1.11876,42245111230.0,-856131380.0,-215737110.0,,15.6358,"호텔,레스토랑,레저",17500.0,7690.0,0.1035941799,18900000,080160,27125.0,40110.4,0.6762585264669512,359714872.75,-0.11037527593819041,-34.42028985507246,0.9177918943715345,16.453454044479432,-2.0265809583003906,111.876,-48.285714285714285,https://finance.naver.com/item/main.naver?code=080160
아이패밀리에스씨,KOSDAQ,10250.0,170984196250,7.91,1.64,1273.0,6134.0,0.37877,58660342220.0,6814957280.0,6180534420.0,,49.63323,화장품,26500.0,6160.0,0.0509419931,16681385,114840,80736.0,56576.6,1.4270210652460558,519670669.25,2.7054108216432837,-27.76603241719521,1.528246660280045,20.75317900228236,11.617656873601511,37.877,-61.32075471698113,https://finance.naver.com/item/main.naver?code=114840
아바코,KOSDAQ,11650.0,170989950850,5.91,0.76,1987.0,15532.0,1.0308,16487860500.0,-11028132010.0,-7580390450.0,,-82.80274,전기제품,17500.0,9110.0,0.0526659322,14677249,083930,25726.0,44504.85,0.5780493586654039,497266982.25,-6.874500399680262,-27.187499999999996,0.7741852854239482,12.792943600309039,-66.88637382636759,103.08,-33.42857142857143,https://finance.naver.com/item/main.naver?code=083930
삼익THK,KOSPI,8200.0,169740000000,-3.8,1.09,-2174.0,7604.0,1.59445,77684488160.0,1691586140.0,-18341280.0,,179.16167,기계,14650.0,6760.0,0.3774034783,20700000,004380,20502.0,27634.75,0.7418920019178752,236100719.0,-17.338709677419352,-31.837073981712383,0.7418920019178752,-28.590215675960025,2.177508251732298,159.445,-44.027303754266214,https://finance.naver.com/item/main.naver?code=004380
대창단조,KOSPI,6240.0,169376188800,5.48,0.49,1142.0,12806.0,0.27176,102055392610.0,15725020380.0,12462235920.0,,179.16167,기계,7490.0,5170.0,0.0865073266,27143620,015230,36104.0,79705.15,0.45296947562359524,493002195.25,2.2950819672131084,-11.614730878186974,0.6339113595545584,8.91769483054818,15.408318931359604,27.176000000000002,-16.688918558077436,https://finance.naver.com/item/main.naver?code=015230
재영솔루텍,KOSDAQ,7210.0,168462652190,16.25,1.64,440.0,4370.0,0.87871,48976872050.0,7968557170.0,6528826800.0,,95.46514,핸드셋,40500.0,3560.0,0.0,23365139,049630,467220.0,668207.8,0.6992136278564841,5448413338.5,-23.703703703703706,73.52587244283994,1.1902524933112124,10.068649885583524,16.270041014185185,87.871,-82.19753086419753,https://finance.naver.com/item/main.naver?code=049630
지누스,KOSPI,7700.0,168828760100,-8.59,0.24,-844.0,29617.0,0.66482,147542224520.0,-26700835150.0,-22055421060.0,,28.5733,가구,17470.0,7100.0,0.0742681697,21925813,013890,35435.0,28043.8,1.2635591467632774,220771239.5,-14.539400665926749,-41.04134762633998,1.2635591467632774,-2.849714690886991,-18.097080504829034,66.482,-55.92444190040069,https://finance.naver.com/item/main.naver?code=013890
바이오솔루션,KOSDAQ,6490.0,168247311650,606.36,5.04,11.0,1324.0,0.6042,4703519580.0,-482470150.0,-736043900.0,,-75.84231,생물공학,13450.0,5240.0,0.0207169896,25924085,086820,63154.0,107166.45,0.5893075678069023,722243241.25,-7.153075822603716,-21.333333333333336,1.1472527082869686,0.8308157099697886,-10.257640938745705,60.419999999999995,-51.74721189591078,https://finance.naver.com/item/main.naver?code=086820
레드캡투어,KOSDAQ,10060.0,168211469320,7.08,0.83,1416.0,12037.0,2.51291,98226670040.0,15737165330.0,9128823160.0,,13.62122,도로와철도운송,13330.0,9000.0,0.0707720589,16720822,038390,8741.0,14206.3,0.6152903993298748,141245633.5,4.140786749482395,-14.673452078032234,1.2316366682387392,11.763728503780012,16.021275406762225,251.29100000000003,-24.531132783195797,https://finance.naver.com/item/main.naver?code=038390
제일약품,KOSPI,11410.0,167782589520,6.65,0.74,1605.0,14485.0,1.07735,146604024530.0,-7044294000.0,-6675327720.0,,48.4019,제약,19290.0,8810.0,0.0151568813,14704872,271980,935551.0,104657.65,8.939155427243016,1160195370.5,12.082514734774064,-23.780895123580493,8.939155427243016,11.080428028995511,-4.804979960532056,107.735,-40.850181441161226,https://finance.naver.com/item/main.naver?code=271980
JW신약,KOSDAQ,2990.0,167550937970,9.39,3.16,245.0,729.0,0.51981,21543453050.0,3583998170.0,3571783220.0,,48.4019,제약,3465.0,1246.0,0.013081208,56037103,067290,37218439.0,9182189.05,4.0533296360305275,20654917482.1,122.13967310549778,23.04526748971194,4.0533296360305275,33.6076817558299,16.636136099825464,51.981,-13.708513708513703,https://finance.naver.com/item/main.naver?code=067290
비엠티,KOSDAQ,16940.0,168144491900,8.22,1.13,2063.0,15049.0,0.7982,48647105460.0,6295774410.0,4882986640.0,,179.16167,기계,22200.0,10610.0,0.0361594961,9925885,086670,25224.0,82378.6,0.30619602663798606,1407625164.0,15.238095238095228,24.37591776798824,1.9157159747798578,13.708552063260019,12.941724590739915,79.82000000000001,-23.693693693693696,https://finance.naver.com/item/main.naver?code=086670
웅진,KOSPI,2095.0,167447232600,1.36,0.92,1554.0,2289.0,15.04081,342316262750.0,53551439320.0,12364721710.0,,2.44469,출판,5200.0,1690.0,0.0611257411,79927080,016880,114511.0,146820.3,0.7799398312086272,307046350.95,1.2077294685990392,-16.03206412825652,0.7799398312086272,67.88990825688074,15.643849021309752,1504.0810000000001,-59.71153846153846,https://finance.naver.com/item/main.naver?code=016880
EDGC,KOSDAQ,741.0,167118555474,2.04,-2.55,364.0,-291.0,0.69186,1223555640.0,-716261990.0,-730475010.0,,-34.66388,생명과학도구및서비스,415.0,415.0,0.0046554242,225531114,245620,,,,,,,,-125.08591065292096,-58.53938853160776,69.186,78.55421686746989,https://finance.naver.com/item/main.naver?code=245620
코리아에프티,KOSDAQ,5980.0,166489562720,3.82,0.64,1577.0,9358.0,0.98264,216993397410.0,14405116580.0,11422977770.0,,10.62051,자동차부품,9550.0,4600.0,0.4462527725,27841064,123410,69459.0,95816.05,0.7249203030181269,541732174.75,-4.9284578696343395,-30.545876887340306,1.0060736171027713,16.85189142979269,6.63850455909593,98.264,-37.382198952879584,https://finance.naver.com/item/main.naver?code=123410
와이솔,KOSDAQ,6250.0,166494256250,-4.05,0.56,-1522.0,11034.0,0.2558,81310276850.0,-1843555530.0,1573762430.0,,95.46514,핸드셋,9340.0,5270.0,0.1097127562,26639081,122990,34177.0,48607.65,0.703119776413795,285842166.5,-10.458452722063038,-4.287901990811638,0.7556218002721794,-13.793728475620808,-2.267309375174019,25.580000000000002,-33.083511777301936,https://finance.naver.com/item/main.naver?code=122990
빅솔론,KOSDAQ,8630.0,166031750150,6.78,0.62,1261.0,13716.0,0.19531,42691334840.0,10295216650.0,7887753050.0,,18.70194,컴퓨터와주변기기,9870.0,5290.0,0.0960680455,19238905,093190,9920.0,56575.7,0.17534029627560951,490194635.0,16.937669376693766,10.35805626598465,0.3243618726767853,9.193642461358998,24.115471414948146,19.531000000000002,-12.56332320162108,https://finance.naver.com/item/main.naver?code=093190
모트렉스,KOSDAQ,6760.0,165872627960,22.49,0.66,301.0,10261.0,1.78384,186411461810.0,18313198280.0,18661850960.0,,10.62051,자동차부품,11570.0,4240.0,0.0316978539,24537371,118990,140569.0,128098.25,1.0973530083353988,741430720.0,-2.7338129496402908,-31.090723751274208,1.603862660106598,2.9334372868141507,9.824073102686002,178.38400000000001,-41.57303370786517,https://finance.naver.com/item/main.naver?code=118990
녹십자웰빙,KOSDAQ,9240.0,165980799600,16.51,1.47,564.0,6351.0,1.13391,52082475760.0,4628645090.0,3965020990.0,,48.4019,제약,15890.0,6680.0,0.031576955,17963290,234690,37797.0,95872.5,0.39424235312524447,859711735.5,7.566938300349246,-5.810397553516822,1.5410779942110615,8.880491261218705,8.887144903266787,113.39099999999999,-41.85022026431719,https://finance.naver.com/item/main.naver?code=234690
스트라드비젼,KOSDAQ,3075.0,165512865150,-1.08,5.57,-2836.0,548.0,0.49288,6419628710.0,-11148801250.0,-11307539730.0,,163.68113,소프트웨어,11080.0,2410.0,0.0063595718,53825322,475040,277049.0,1451243.25,0.19090459163203688,4676013268.8,-57.29166666666667,-57.29166666666667,0.5044467907085872,-517.5182481751824,-173.66738410639329,49.288,-72.24729241877257,https://finance.naver.com/item/main.naver?code=475040
유니퀘스트,KOSPI,7660.0,165456781320,8.32,0.7,955.0,11427.0,1.8253,216298440440.0,16573774540.0,12929732430.0,,30.86468,반도체와반도체장비,9520.0,4075.0,0.5862324632,21600102,077500,171921.0,237036.7,0.7252927500256289,1684187722.5,5.364511691884455,13.481481481481472,2.1616526048497975,8.357399142382077,7.66245679177584,182.53,-19.53781512605042,https://finance.naver.com/item/main.naver?code=077500
엠아이텍,KOSDAQ,5100.0,165064957800,8.25,1.33,628.0,3891.0,0.1464,19752327280.0,5801680650.0,5827677230.0,,-34.27735,건강관리장비와용품,7860.0,4000.0,0.0626781864,32365678,179290,79050.0,54192.25,1.4586956622026213,279907396.25,8.626198083067083,-29.26490984743412,1.983290968727078,16.139809817527627,29.372137104443524,14.64,-35.1145038167939,https://finance.naver.com/item/main.naver?code=179290
에치에프알,KOSDAQ,12380.0,164765420000,-537.08,1.17,-24.0,10988.0,0.79553,24143777030.0,-7672896900.0,-4757762540.0,,-328.00078,통신장비,39700.0,11250.0,0.1054542791,13309000,230240,120235.0,169484.7,0.7094150681447942,2498032269.25,-57.236614853195164,-26.440879382055847,1.0162451241911512,-0.2184200946487077,-31.78001888629933,79.553,-68.816120906801,https://finance.naver.com/item/main.naver?code=230240
제일일렉트릭,KOSDAQ,7410.0,164650200000,25.27,1.07,298.0,7066.0,0.49529,49896972970.0,3009747390.0,2693764980.0,,55.86742,전기장비,22300.0,5410.0,0.0385970747,22220000,199820,59693.0,212028.7,0.28153264157163627,1616358712.75,-26.560951437066404,-32.8195829555757,1.8191546710421749,4.217378998018681,6.03192380389403,49.529,-66.7713004484305,https://finance.naver.com/item/main.naver?code=199820
일양약품,KOSPI,8590.0,163945853760,22.69,0.66,375.0,12934.0,0.7581,65144070800.0,-6766557060.0,-2344396020.0,,48.4019,제약,16240.0,7290.0,0.0555074741,19085664,007570,13822.0,22205.9,0.6224471874591887,189562143.5,4.628501827040199,-36.97725605282465,1.004913108678324,2.8993350858203186,-10.387065126424368,75.81,-47.10591133004927,https://finance.naver.com/item/main.naver?code=007570
강남제비스코,KOSPI,12600.0,163800000000,-60.63,0.26,-207.0,47663.0,0.43952,178519987200.0,12368816920.0,6891422540.0,,7.62098,건축자재,18880.0,11110.0,0.0506947692,13000000,000860,8786.0,17431.25,0.5040372893510219,210732730.75,0.0,-30.996714129244253,0.9018859806382216,-0.43429914189203367,6.9285333894534356,43.952000000000005,-33.26271186440678,https://finance.naver.com/item/main.naver?code=000860
모베이스전자,KOSDAQ,2235.0,163676776395,8.25,0.68,274.0,3346.0,2.15031,262792833090.0,2843078150.0,2056819420.0,,10.62051,자동차부품,7070.0,1262.0,0.0479071608,73233457,012860,194175.0,452887.6,0.42874876680218227,1088988636.85,-30.046948356807512,-43.84422110552764,0.9477406756113438,8.188882247459652,1.0818705048270159,215.031,-68.38755304101839,https://finance.naver.com/item/main.naver?code=012860
해태제과식품,KOSPI,5600.0,163054203200,6.49,0.49,878.0,11639.0,1.27424,160091672560.0,9290178030.0,4502125680.0,,35.44428,식품,7380.0,5350.0,0.0112180855,29116822,101530,43762.0,111363.55,0.39296520270770824,665383058.75,-3.2815198618307395,-22.22222222222222,0.39296520270770824,7.5436034023541545,5.803036398734718,127.424,-24.119241192411923,https://finance.naver.com/item/main.naver?code=101530
화신정공,KOSDAQ,4650.0,163009981500,15.53,1.35,294.0,3381.0,0.54184,101535378320.0,10272730480.0,8105920710.0,,10.62051,자동차부품,7880.0,1230.0,0.0440068736,35055910,126640,882485.0,2345177.6,0.37629772687578117,10722382234.45,130.1980198019802,205.5190538764783,0.5196796182941539,8.695652173913043,10.117390263346783,54.184,-40.98984771573604,https://finance.naver.com/item/main.naver?code=126640
대한약품,KOSDAQ,27150.0,162900000000,5.79,0.53,4701.0,51057.0,0.16617,56607645480.0,8079815830.0,6752967660.0,,48.4019,제약,31700.0,24000.0,0.2022746667,6000000,023910,1345.0,6424.4,0.2093580723491688,170854477.5,4.222648752399238,-12.277867528271402,1.9413486084303593,9.207356483929725,14.27336495183265,16.617,-14.353312302839116,https://finance.naver.com/item/main.naver?code=023910
셀비온,KOSDAQ,12610.0,162735215110,-21.39,7.12,-591.0,1776.0,1.30607,472050830.0,-2641657880.0,14401888780.0,,48.4019,제약,42200.0,9930.0,0.0360474198,12905251,308430,5708.0,17624.75,0.3238627498262387,239668692.5,-34.220135628586334,-67.91348600508907,1.1805557525638661,-33.27702702702703,-559.6130145560808,130.607,-70.11848341232228,https://finance.naver.com/item/main.naver?code=308430
새로닉스,KOSDAQ,13080.0,162500347920,-5.38,1.91,-2579.0,7276.0,1.15832,42727319950.0,-4490058700.0,14285577910.0,,11.78848,가정용기기와용품,23200.0,6560.0,0.047386203,12423574,042600,35058.0,20562.05,1.704985641023147,232861585.75,-10.777626193724421,-4.03521643433602,4.047699524123324,-35.44529961517317,-10.508636406997486,115.83200000000001,-43.62068965517242,https://finance.naver.com/item/main.naver?code=042600
GC메디아이,KOSDAQ,3110.0,162333102290,4.27,1.12,729.0,2787.0,0.43712,51525002630.0,3959770140.0,155068740.0,,570.90407,건강관리기술,4390.0,2645.0,0.0214736674,52197139,032620,40830.0,61484.35,0.6640714263060438,187550426.0,-1.4263074484944571,-26.4775413711584,0.8472887816167854,26.157158234660926,7.685143013839377,43.712,-29.15717539863326,https://finance.naver.com/item/main.naver?code=032620
지앤비에스 에코,KOSDAQ,5090.0,162019998690,26.83,1.44,199.0,3701.0,0.24794,36663511990.0,5079369770.0,5116378020.0,,30.86468,반도체와반도체장비,10150.0,2550.0,0.0698919335,31831041,382800,605133.0,976521.45,0.6196822404669146,5427954706.9,-20.344287949921757,26.774595267745948,1.3861037051464666,5.3769251553634145,13.85401859861489,24.794,-49.85221674876848,https://finance.naver.com/item/main.naver?code=382800
메가스터디,KOSDAQ,13600.0,162125042400,5.66,0.46,2393.0,29432.0,0.5306,33685006540.0,7366926110.0,10500226220.0,,10.89225,교육서비스,13710.0,10680.0,0.1902764702,11920959,072870,16960.0,21725.85,0.7806368910767588,285988092.5,8.108108108108114,16.33875106928999,1.609419194185728,8.130606142973635,21.870045063675384,53.059999999999995,-0.8023340627279385,https://finance.naver.com/item/main.naver?code=072870
노루페인트,KOSPI,8100.0,162000000000,10.15,0.4,804.0,20328.0,0.78684,229927647730.0,24348212490.0,18556302420.0,,7.62098,건축자재,10570.0,7000.0,0.0536646,20000000,090350,32436.0,40112.75,0.8086207004007454,319086367.75,8.144192256341798,-11.475409836065575,1.0178060591707125,3.9551357733175916,10.589510539677107,78.684,-23.368022705771054,https://finance.naver.com/item/main.naver?code=090350
아나패스,KOSDAQ,13350.0,161847590250,59.38,2.14,224.0,6221.0,0.94997,18148800490.0,-4190473020.0,-2869100950.0,,16.34808,디스플레이장비및부품,22900.0,10750.0,0.0416285345,12123415,123860,7265.0,18760.3,0.3872539351716124,254944060.0,-20.771513353115722,-22.83236994219653,0.856969238231798,3.600707281787494,-23.089531577081104,94.997,-41.70305676855895,https://finance.naver.com/item/main.naver?code=123860
DMS,KOSDAQ,7170.0,161828506080,1.22,0.38,5910.0,19235.0,0.34816,28806665820.0,-5631978580.0,-2577711380.0,,16.34808,디스플레이장비및부품,9190.0,4230.0,0.0432795882,22570224,068790,8950.0,96318.0,0.09292136464627587,751342303.0,31.07861060329067,-10.15037593984962,0.6502938183932391,30.725240447101637,-19.550956071041757,34.816,-21.9804134929271,https://finance.naver.com/item/main.naver?code=068790
금호전기,KOSPI,13070.0,161754529120,-43.79,6.24,-285.0,2000.0,1.22805,7881579810.0,-1027629400.0,-787109700.0,,16.34808,디스플레이장비및부품,14350.0,2325.0,0.1796201621,12376016,001210,16130237.0,8358317.6,1.9298425558751202,72237549388.25,1597.4025974025974,1296.3675213675212,3.263317488677387,-14.249999999999998,-13.03836825576724,122.805,-8.9198606271777,https://finance.naver.com/item/main.naver?code=001210
에스앤디,KOSDAQ,55800.0,161415673200,8.17,1.95,7124.0,29812.0,0.39047,49922511690.0,8303293740.0,6577474140.0,,35.44428,식품,134600.0,42100.0,0.0506164714,2892754,260970,20430.0,27738.0,0.736534717715769,1541927486.25,10.71428571428572,-16.716417910447756,1.6345446679645252,23.896417549979873,16.632363755173873,39.047,-58.543833580980674,https://finance.naver.com/item/main.naver?code=260970
메디아나,KOSDAQ,8670.0,161246593410,30.66,1.19,286.0,7340.0,0.10277,21144137050.0,2950303180.0,3108957230.0,,-34.27735,건강관리장비와용품,29600.0,4850.0,0.0544917652,18598223,041920,34406.0,63666.35,0.5404110648717887,590345665.75,-38.85754583921015,-66.3953488372093,1.367299994424056,3.896457765667575,13.953291983604505,10.277,-70.70945945945945,https://finance.naver.com/item/main.naver?code=041920
쓰리빌리언,KOSDAQ,5060.0,161022118180,-30.29,6.97,-171.0,743.0,0.98079,3794622270.0,-1666940060.0,6717678280.0,,570.90407,건강관리기술,20100.0,4260.0,0.1255762226,31822553,394800,104216.0,107995.6,0.9650022778705799,625288037.6,-37.53086419753087,-65.60163154316791,1.723255391886336,-23.014804845222073,-43.92901167472461,98.07900000000001,-74.82587064676616,https://finance.naver.com/item/main.naver?code=394800
인터로조,KOSDAQ,14100.0,160933832700,13.85,1.13,1007.0,12297.0,0.60163,29448340190.0,5983531050.0,4777134780.0,,-34.27735,건강관리장비와용품,23100.0,12420.0,0.0507195402,11413747,119610,22135.0,43855.1,0.5047303506319676,626103325.0,-20.6081081081081,-24.152770306616457,0.8178980323839189,8.188989184353908,20.318737869076482,60.163,-38.961038961038966,https://finance.naver.com/item/main.naver?code=119610
셀레믹스,KOSDAQ,14360.0,160567129800,-26.46,4.64,-494.0,2819.0,0.60477,1376271730.0,-924430010.0,-5232091790.0,,-75.84231,생물공학,19840.0,2535.0,0.0115776384,11181555,331920,127081.0,93135.95,1.3644677484902448,984220927.75,-1.6438356164383605,190.1010101010101,6.414590713897265,-17.523944661227386,-67.1691490749432,60.477000000000004,-27.620967741935488,https://finance.naver.com/item/main.naver?code=331920
우양에이치씨,KOSDAQ,10830.0,160175797470,-37.63,0.9,-299.0,12468.0,0.35393,19836790350.0,2014872620.0,2619648450.0,,-42.48075,에너지장비및서비스,21400.0,7970.0,0.0039152782,14790009,101970,17642.0,18792.25,0.9387912570341497,203777658.5,21.685393258426977,-15.719844357976653,6.173821655203608,-2.3981392364453,10.157251170424352,35.393,-49.39252336448598,https://finance.naver.com/item/main.naver?code=101970
지니언스,KOSDAQ,17600.0,159800960000,19.47,2.35,867.0,7171.0,0.30767,13184435290.0,2569533910.0,2688450300.0,,163.68113,소프트웨어,30000.0,11000.0,0.265569959,9079600,263860,107317.0,84538.35,1.2694475347578937,1407606946.75,20.547945205479444,0.3420752565564511,12.588511604496656,12.090363965974062,19.48914650860257,30.767,-41.333333333333336,https://finance.naver.com/item/main.naver?code=263860
버킷스튜디오,KOSDAQ,1153.0,159637252154,-4.18,1.21,-276.0,950.0,0.09556,5241145890.0,-1092759710.0,-1821896950.0,,34.12563,IT서비스,1153.0,1153.0,0.0050308183,138453818,066410,,,,,,,,-29.05263157894737,-20.849633514017675,9.556000000000001,0.0,https://finance.naver.com/item/main.naver?code=066410
씨피시스템,KOSDAQ,4380.0,159592329900,74.81,3.38,54.0,1194.0,0.08336,6847425420.0,1872657830.0,1788210660.0,,179.16167,기계,6190.0,1663.0,0.0015996276,36436605,413630,4550801.0,3816814.2,1.1923035184683604,15722322890.1,63.12849162011174,-3.204419889502763,3.153081960342738,4.522613065326634,27.34834941802112,8.336,-29.24071082390953,https://finance.naver.com/item/main.naver?code=413630
코다코,KOSDAQ,10280.0,159196994920,-24.95,11.62,-412.0,885.0,6.31487,45438886330.0,-540383330.0,7927171630.0,,10.62051,자동차부품,10280.0,10280.0,0.0010963388,15486089,046070,,,,,,,,-46.55367231638418,-1.1892530245470037,631.487,0.0,https://finance.naver.com/item/main.naver?code=046070
알루코,KOSPI,1641.0,158898246612,10.38,0.49,160.0,3371.0,1.50881,142402975630.0,5924445650.0,-2153245150.0,,31.17957,비철금속,3495.0,1380.0,0.0469589466,96830132,001780,180533.0,396184.25,0.45567939664436435,692120698.95,-19.755501222493887,-30.021321961620473,1.3033153135188993,4.746366063482646,4.160338380423491,150.881,-53.047210300429185,https://finance.naver.com/item/main.naver?code=001780
동국씨엠,KOSPI,5320.0,159060849920,-2.99,0.16,-1773.0,32899.0,1.66143,773358200170.0,22032184790.0,5623430670.0,,43.89712,철강,7790.0,4230.0,0.2160463668,29898656,460850,24737.0,46495.7,0.532027692883428,245032037.0,1.333333333333342,-10.135135135135132,2.015326148439533,-5.389221556886228,2.8488978050736224,166.143,-31.707317073170728,https://finance.naver.com/item/main.naver?code=460850
나노엔텍,KOSDAQ,4170.0,158848031010,83.51,1.63,47.0,2404.0,0.08655,12508087350.0,687368310.0,2117623270.0,,-34.66388,생명과학도구및서비스,9390.0,3015.0,0.013537639,38093053,039860,1851936.0,206240.4,8.979501591346798,793010884.95,-6.711409395973156,-29.32203389830509,8.979501591346798,1.9550748752079867,5.4953910279496085,8.655,-55.59105431309904,https://finance.naver.com/item/main.naver?code=039860
티케이케미칼,KOSDAQ,1746.0,158703427764,1.37,0.13,1282.0,13505.0,0.20355,129538053690.0,21468721270.0,41079029990.0,,-33.47526,화학,2915.0,1358.0,0.0424579303,90895434,104480,96555.0,286868.45,0.33658284834041524,481906606.55,3.1914893617021267,-15.652173913043477,0.685178171388314,9.492780451684562,16.573293065972113,20.355,-40.10291595197255,https://finance.naver.com/item/main.naver?code=104480
유성티엔에스,KOSDAQ,4500.0,158514165000,2.66,0.28,1687.0,15883.0,0.14965,13582595540.0,859734750.0,59381313020.0,,13.62122,도로와철도운송,5980.0,2110.0,0.0141988005,35225370,024800,15276.0,25806.25,0.5919496246064423,111271815.1,-0.7717750826901848,12.781954887218049,1.1670816178251393,10.621419127368885,6.329679386153613,14.965,-24.749163879598658,https://finance.naver.com/item/main.naver?code=024800
에코앤드림,KOSDAQ,8880.0,157940692320,-19.04,0.77,-490.0,12165.0,1.27745,20211721540.0,-5279990600.0,-5369536100.0,,-33.47526,화학,26900.0,4855.0,0.02994156,17786114,101360,151773.0,63956.75,2.3730567922854116,538854572.25,-26.913580246913583,-57.10144927536231,9.220653019423283,-4.027949034114262,-26.12340858521446,127.745,-66.98884758364312,https://finance.naver.com/item/main.naver?code=101360
인터플렉스,KOSDAQ,6760.0,157693710720,4.37,0.46,1410.0,13306.0,0.22978,90881456040.0,-5165293500.0,-3979379670.0,,264.33639,전자장비와기기,14670.0,5500.0,0.0732884386,23327472,051370,302778.0,74351.95,4.0722267539721555,492281242.5,-27.700534759358288,-45.21880064829822,4.0722267539721555,10.596723282729597,-5.683550555931432,22.978,-53.91956373551465,https://finance.naver.com/item/main.naver?code=051370
조선내화,KOSPI,13230.0,156843872640,69.84,0.7,188.0,18686.0,1.23708,126215849000.0,1005183000.0,-4560412000.0,,31.17957,비철금속,18800.0,12900.0,0.0054000922,11855168,462520,4514.0,12581.15,0.35879073057709354,170137015.5,-5.025125628140703,-7.933194154488521,0.5676746561323885,1.0061008241464198,0.7963999830163959,123.708,-29.62765957446809,https://finance.naver.com/item/main.naver?code=462520
경동제약,KOSDAQ,5080.0,156305331280,16.08,0.65,316.0,7812.0,0.3293,52261526410.0,3703349340.0,5757026640.0,,48.4019,제약,6270.0,4700.0,0.0191710646,30768766,011040,26034.0,22882.05,1.1377477105416691,115364546.8,2.213279678068414,-15.754560530679928,1.1377477105416691,4.0450588837685615,7.08618671208842,32.93,-18.979266347687396,https://finance.naver.com/item/main.naver?code=011040
KT나스미디어,KOSDAQ,13550.0,156748608650,22.33,0.75,596.0,17839.0,0.94095,32263750890.0,7819522440.0,6818261110.0,,11.3913,광고,15160.0,9040.0,0.0502480817,11568163,089600,33579.0,52561.1,0.638856492729414,636534118.0,32.973503434739946,-3.0064423765211123,1.0788206487307153,3.3409944503615674,24.23624725674294,94.095,-10.620052770448552,https://finance.naver.com/item/main.naver?code=089600
코스텍시스,KOSDAQ,20050.0,156336867500,-279.61,7.01,-76.0,3033.0,0.94567,5343257960.0,1186105760.0,902598640.0,,30.86468,반도체와반도체장비,64100.0,10560.0,0.1655568879,7797350,355150,93906.0,131313.75,0.7151269383442328,2745469296.5,-44.917582417582416,10.773480662983426,1.976746532636529,-2.50576986482031,22.198175137327638,94.56700000000001,-68.72074882995321,https://finance.naver.com/item/main.naver?code=355150
피델릭스,KOSDAQ,4710.0,156052021440,-54.21,3.57,-89.0,1353.0,0.405,33434395550.0,9612339470.0,9528789880.0,,30.86468,반도체와반도체장비,9790.0,850.0,0.3527726193,33132064,032580,802272.0,1369183.75,0.5859491101906519,6224381780.95,-13.41911764705882,301.19250425894376,2.7292173165216136,-6.577974870657798,28.7498526947349,40.5,-51.88968335035751,https://finance.naver.com/item/main.naver?code=032580
대한화섬,KOSPI,116200.0,154313600000,13.23,0.18,8883.0,657488.0,0.17754,27708307850.0,-1144857490.0,2045358000.0,,-33.47526,화학,148800.0,101200.0,0.0048335843,1328000,003830,210.0,407.3,0.5155904738521974,45917690.0,2.108963093145877,-10.615384615384615,0.5155904738521974,1.3510512739396003,-4.131820305295186,17.754,-21.908602150537636,https://finance.naver.com/item/main.naver?code=003830
큐알티,KOSDAQ,12630.0,155213871630,50.4,1.63,247.0,7641.0,0.66803,18495957190.0,1226107620.0,1105317380.0,,30.86468,반도체와반도체장비,24200.0,8060.0,0.0498899002,12289301,405100,15784.0,82825.1,0.19057024983972248,948148342.5,-18.358112475759537,-30.451541850220266,2.255367032457552,3.232561183091218,6.629057406463429,66.803,-47.8099173553719,https://finance.naver.com/item/main.naver?code=405100
KG파이낸셜,KOSDAQ,4255.0,154245392430,6.55,0.43,644.0,9858.0,0.7215,62245653800.0,8813477070.0,6717952130.0,,34.12563,IT서비스,6380.0,3640.0,0.0489296307,36250386,046440,37663.0,141605.35,0.2659715893502611,590889571.1,4.932182490752157,-24.15329768270945,0.6450321262579415,6.532765266788395,14.159184669050742,72.15,-33.307210031347964,https://finance.naver.com/item/main.naver?code=046440
유비쿼스,KOSDAQ,10450.0,153254401850,6.56,0.8,1627.0,13350.0,0.16404,35697994090.0,9005649770.0,10013099210.0,,-328.00078,통신장비,19000.0,8600.0,0.0628701674,14665493,264450,29021.0,43722.85,0.6637490465511741,462363976.0,-11.365564037319764,-17.521704814522497,1.0768053775085569,12.187265917602996,25.227327191817572,16.404,-44.99999999999999,https://finance.naver.com/item/main.naver?code=264450
아가방컴퍼니,KOSDAQ,4670.0,153584793120,10.49,0.68,417.0,6452.0,0.32142,50400206580.0,7192273810.0,11873166530.0,,9.12316,"섬유,의류,신발,호화품",5670.0,3115.0,0.0380842761,32887536,013990,145586.0,81522.6,1.7858360749043822,384293905.35,16.60424469413233,-3.9094650205761305,1.7858360749043822,6.463112213267204,14.270326052302462,32.141999999999996,-17.636684303350968,https://finance.naver.com/item/main.naver?code=013990
흥구석유,KOSDAQ,10210.0,153150000000,914.55,1.87,11.0,5394.0,0.21738,27392682980.0,-691412610.0,-542112330.0,,-132.71454,석유와가스,36200.0,8920.0,0.0209523333,15000000,024060,1193434.0,1027019.95,1.1620358494496625,10811095047.5,-14.560669456066943,-53.272311212814635,1.1620358494496625,0.2039302929180571,-2.5240777272705106,21.738,-71.79558011049724,https://finance.naver.com/item/main.naver?code=024060
푸른저축은행,KOSDAQ,10150.0,153090420000,6.0,0.37,1696.0,27355.0,3.82909,27529813650.0,-3989268150.0,-833591300.0,,29.77157,기타금융,14050.0,9410.0,0.0170462381,15082800,007330,2134.0,9737.5,0.21915275994865213,98217218.0,-2.591170825335898,-18.211120064464136,3.3229268292682925,6.199963443611771,-14.490719772816188,382.909,-27.75800711743772,https://finance.naver.com/item/main.naver?code=007330
디바이스,KOSDAQ,11040.0,153045002880,8.28,0.88,1304.0,12226.0,0.37641,23335819600.0,7746892910.0,8048479930.0,,16.34808,디스플레이장비및부품,29700.0,5485.467,0.0762250147,13862772,187870,87504.0,99081.15,0.8831548685092977,1178317517.0,-47.801418439716315,-41.77215189873418,0.8831548685092977,10.665794209062653,33.197432285600975,37.641000000000005,-62.82828282828283,https://finance.naver.com/item/main.naver?code=187870
삼화전기,KOSPI,23000.0,152117860000,16.43,1.65,1427.0,14219.0,0.45258,53621967270.0,1367992950.0,1014507480.0,,-82.80274,전기제품,59500.0,17800.0,0.2631973655,6613820,009470,18384.0,50943.2,0.3608725011385229,1220809050.0,-29.447852760736193,-54.7244094488189,0.7051775310541938,10.035867501230749,2.551180084669057,45.257999999999996,-61.34453781512605,https://finance.naver.com/item/main.naver?code=009470
롯데하이마트,KOSPI,6430.0,151797588160,-60.47,0.16,-106.0,40757.0,1.06518,591095945180.0,917831190.0,-4469675410.0,,33.69389,전문소매,10120.0,5830.0,0.0277827008,23607712,071840,11384.0,16124.3,0.7060151448434971,102648487.25,-3.59820089955023,-27.59009009009009,1.7337806912548142,-0.26007802340702213,0.15527617766359453,106.518,-36.462450592885375,https://finance.naver.com/item/main.naver?code=071840
하나제약,KOSPI,8530.0,151603229380,16.86,0.48,507.0,17808.0,0.34646,60903578030.0,7285591660.0,8449874810.0,,48.4019,제약,12390.0,8120.0,0.0,17772946,293480,6128.0,39479.1,0.15522137029466224,342353461.75,-6.571741511500551,-22.10045662100457,0.7873533084594128,2.8470350404312668,11.962501868792092,34.646,-31.154156577885395,https://finance.naver.com/item/main.naver?code=293480
안트로젠,KOSDAQ,15410.0,154194001000,-109.64,1.73,-138.0,8739.0,0.02747,2199724180.0,-477805720.0,-149867790.0,,48.4019,제약,61800.0,13500.0,0.0426907586,10006100,065660,15142.0,36544.35,0.41434585647302524,590149286.5,-41.628787878787875,-58.35135135135134,0.49137554779329773,-1.579128046687264,-21.721165059884918,2.7470000000000003,-75.06472491909385,https://finance.naver.com/item/main.naver?code=065660
자람테크놀로지,KOSDAQ,22150.0,152947566300,-20.56,3.94,-1104.0,5756.0,0.23158,6095369340.0,-313619440.0,-239950500.0,,-328.00078,통신장비,64900.0,14450.0,0.019418886,6905082,389020,12236.0,32875.15,0.372196020398386,723135572.25,-37.605633802816904,-59.05730129390019,2.8933708287262565,-19.17998610145935,-5.145208149109468,23.158,-65.87057010785824,https://finance.naver.com/item/main.naver?code=389020
앤로보틱스,KOSDAQ,1732.0,152370853688,12.89,1.58,136.0,1110.0,0.39271,7712154670.0,-8314980.0,-201853070.0,,179.16167,기계,4980.0,728.0,0.0495352294,87973934,138360,201910.0,985934.6,0.20479045973231896,1997363123.25,-31.676528599605525,-17.129186602870817,0.3325788546217974,12.252252252252251,-0.10781656172359935,39.271,-65.22088353413655,https://finance.naver.com/item/main.naver?code=138360
제이오,KOSDAQ,4770.0,152724300210,-19.06,0.83,-250.0,5708.0,0.21184,8934848500.0,-1551627560.0,-2476476750.0,,36.90859,건설,15840.0,3205.0,0.0195348363,32017673,418550,79010.0,85525.85,0.9238142620038269,386132388.25,-23.68,-44.470314318975554,0.9393885006696805,-4.379817799579538,-17.3660198043649,21.184,-69.88636363636364,https://finance.naver.com/item/main.naver?code=418550
한국주철관,KOSPI,6710.0,152991355000,8.53,0.4,789.0,16819.0,0.20702,111848769020.0,7234873030.0,5964228390.0,,43.89712,철강,7880.0,6130.0,0.0259261858,22800500,000970,18801.0,17557.9,1.070800038729005,117276408.75,1.6666666666666607,-6.284916201117319,1.070800038729005,4.691123134550211,6.4684422487531466,20.702,-14.847715736040612,https://finance.naver.com/item/main.naver?code=000970
삼보판지,KOSDAQ,9460.0,151438518000,5.62,0.26,1703.0,37462.0,0.28379,153516901410.0,16503318820.0,14683209030.0,,18.15087,포장재,11150.0,7710.0,0.042071238,16008300,023600,9707.0,23380.35,0.41517770264345916,216229028.0,9.490740740740744,-12.488436632747458,1.7716586791900037,4.545939885750895,10.750164098169442,28.378999999999998,-15.156950672645742,https://finance.naver.com/item/main.naver?code=023600
넥써쓰,KOSDAQ,1838.0,149585712710,-32.95,3.66,-56.0,504.0,1.65005,5792798870.0,-5152122250.0,8591323050.0,,18.38474,게임엔터테인먼트,3380.0,1360.0,0.015034224,81385045,205500,93097.0,175078.9,0.5317431169604104,288123105.9,-11.207729468599037,0.16348773841960984,1.0952319211509782,-11.11111111111111,-88.94011971798358,165.005,-45.62130177514793,https://finance.naver.com/item/main.naver?code=205500
코데즈컴바인,KOSDAQ,3950.0,149478277900,30.0,1.89,117.0,1855.0,0.2787,12262379810.0,1617459220.0,5978998450.0,,9.12316,"섬유,의류,신발,호화품",5960.0,1878.0,0.0142865969,37842602,047770,15979807.0,2585123.6,6.1814479586198505,9127219888.7,30.363036303630352,-20.999999999999996,6.1814479586198505,6.307277628032345,13.190418540787313,27.87,-33.7248322147651,https://finance.naver.com/item/main.naver?code=047770
신라교역,KOSPI,9340.0,149440000000,31.97,0.25,294.0,38108.0,0.17488,128967003910.0,505625880.0,20300207730.0,,35.44428,식품,10530.0,8580.0,0.040607625,16000000,004970,22066.0,15086.65,1.4626176122598458,139333073.5,2.8634361233480066,-10.278578290105667,2.967192849307169,0.7714915503306392,0.39205832861935175,17.488,-11.301044634377966,https://finance.naver.com/item/main.naver?code=004970
오르비텍,KOSDAQ,4450.0,150656676850,159.66,2.03,29.0,2282.0,0.6127,16568819690.0,-1394960590.0,-5075790200.0,,-42.48075,에너지장비및서비스,16410.0,3240.0,0.0664275657,33855433,046120,135226.0,301002.75,0.44925170949434845,1427847069.45,-40.58744993324432,-35.22561863173217,2.439818240863248,1.2708150744960562,-8.419191083610615,61.27,-72.8823887873248,https://finance.naver.com/item/main.naver?code=046120
플리토,KOSDAQ,9050.0,149374331550,22.99,8.62,391.0,1043.0,0.28976,8106229090.0,1398160020.0,1555847090.0,,20.29601,양방향미디어와서비스,20200.0,5510.0,0.0764557115,16505451,300080,53295.0,64045.15,0.8321473210695892,541868054.0,4.503464203233265,-34.515195369030394,1.2150490708507982,37.488015340364335,17.24797072074853,28.976000000000003,-55.1980198019802,https://finance.naver.com/item/main.naver?code=300080
바이젠셀,KOSDAQ,7280.0,149234612800,-7.5,2.84,-807.0,2133.0,0.28031,571215460.0,-2536253730.0,-2342350490.0,,48.4019,제약,17360.0,3070.0,0.0300875251,20499260,308080,2430980.0,87371.15,27.823600811022864,495097476.0,-23.368421052631582,-9.677419354838712,27.823600811022864,-37.83403656821378,-444.00999405723365,28.031,-58.06451612903225,https://finance.naver.com/item/main.naver?code=308080
쎌바이오텍,KOSDAQ,15980.0,150212000000,10.72,0.82,1479.0,19234.0,0.05985,15814220700.0,1639720770.0,3606098050.0,,-75.84231,생물공학,18500.0,11350.0,0.0419078723,9400000,049960,10854.0,13863.0,0.7829474139796581,218075639.0,-2.143294549908148,3.6316472114137577,1.4530044002019764,7.689508162628679,10.368647315008067,5.985,-13.621621621621626,https://finance.naver.com/item/main.naver?code=049960
삼양패키징,KOSPI,9860.0,148574483160,8.65,0.39,1156.0,25622.0,0.81249,131481150710.0,17046516240.0,13565674690.0,,18.15087,포장재,17540.0,7900.0,0.0267668657,15068406,272550,14482.0,24878.75,0.5821032005225343,242357883.25,10.911136107986508,-22.605965463108323,1.533316585439381,4.51174771680587,12.964988629889973,81.24900000000001,-43.78563283922463,https://finance.naver.com/item/main.naver?code=272550
폴라리스오피스,KOSDAQ,2990.0,148554541070,30.56,1.67,98.0,1798.0,0.2665,84115661730.0,3593299510.0,7845018570.0,,10.62051,자동차부품,6150.0,2355.0,0.0301601772,49683793,041020,166480.0,321349.25,0.5180656248614242,979538991.95,-19.07983761840325,-33.849557522123895,0.6623727922190576,5.450500556173527,4.2718554857643625,26.650000000000002,-51.38211382113821,https://finance.naver.com/item/main.naver?code=041020
디오,KOSDAQ,11070.0,148513215960,-111.6,0.78,-100.0,14316.0,0.76231,44949617770.0,4407797260.0,5034095310.0,,-34.27735,건강관리장비와용품,19400.0,10500.0,0.1442156981,13415828,039840,12666.0,25377.6,0.49910156988840554,299191030.5,-19.72443799854967,-39.44201312910285,1.4616433390076289,-0.6985191394244202,9.806083963948243,76.23100000000001,-42.93814432989691,https://finance.naver.com/item/main.naver?code=039840
텔레칩스,KOSDAQ,9820.0,148716368060,-2.33,1.0,-4175.0,9686.0,1.75889,59173535680.0,3179899770.0,-4097427360.0,,30.86468,반도체와반도체장비,19530.0,7050.0,0.0172007391,15144233,054450,42312.0,59316.25,0.7133289781467979,571712484.75,-21.690590111642738,-32.04152249134948,0.7133289781467979,-43.103448275862064,5.373854601483228,175.889,-49.718381976446494,https://finance.naver.com/item/main.naver?code=054450
범한퓨얼셀,KOSDAQ,16850.0,147622850000,93.35,0.92,185.0,18795.0,1.14293,17824990760.0,-3233268860.0,-3988110250.0,,-82.80274,전기제품,44200.0,11810.0,0.0294973177,8761000,382900,31997.0,68793.15,0.46511898350344477,1217967840.0,-39.27927927927928,-45.64516129032258,3.335869923095541,0.9843043362596435,-18.13896513907646,114.293,-61.87782805429865,https://finance.naver.com/item/main.naver?code=382900
지어소프트,KOSDAQ,9470.0,146542852100,10.2,0.87,915.0,10737.0,0.37547,145103021570.0,9900705620.0,7606603530.0,,-17.27383,판매업체,11640.0,6270.0,0.1857114608,15474430,051160,25935.0,257562.9,0.10069384992947354,2540486384.75,18.969849246231153,29.90397805212619,0.3019146002782233,8.521933500977926,6.82322498379108,37.547000000000004,-18.6426116838488,https://finance.naver.com/item/main.naver?code=051160
이구산업,KOSPI,4410.0,147479220000,13.7,1.03,327.0,4355.0,1.76169,190753069480.0,20339975520.0,8689989260.0,,31.17957,비철금속,7170.0,3305.0,0.047552449,33442000,025820,141865.0,245416.9,0.578057175361599,1088669604.05,-9.815950920245397,-22.22222222222222,1.1096627819844518,7.508610792192883,10.662987272208795,176.169,-38.49372384937239,https://finance.naver.com/item/main.naver?code=025820
퓨릿,KOSDAQ,8520.0,146451881760,9.56,1.37,893.0,6252.0,0.13646,44879954950.0,6489149530.0,5257741180.0,,30.86468,반도체와반도체장비,13400.0,5990.0,0.0722576308,17189188,445180,9493.0,39927.25,0.23775742131000757,339529182.5,-3.8374717832957095,-10.126582278481012,0.4129009636275977,14.28342930262316,14.45890384076689,13.645999999999999,-36.417910447761194,https://finance.naver.com/item/main.naver?code=445180
세경하이테크,KOSDAQ,4115.0,146258696070,2.87,0.82,1409.0,4921.0,0.39862,86291471790.0,3325287490.0,20791799320.0,,95.46514,핸드셋,6530.0,2580.0,0.0186225245,35542818,148150,145415.0,103324.7,1.4073595181016736,356136341.15,13.831258644536648,-18.190854870775354,3.582270260644357,28.632391790286526,3.8535528726320267,39.861999999999995,-36.98315467075039,https://finance.naver.com/item/main.naver?code=148150
동화약품,KOSPI,5230.0,146081588100,16.55,0.38,313.0,13692.0,0.57335,136932529610.0,10289858450.0,6460857060.0,,48.4019,제약,7560.0,4450.0,0.0333392048,27931470,000020,76797.0,112614.6,0.6819453250289038,575149118.15,-4.387568555758681,-21.58920539730135,0.7241068209628236,2.2860064271107214,7.514546382299904,57.335,-30.820105820105827,https://finance.naver.com/item/main.naver?code=000020
시너지이노베이션,KOSDAQ,1640.0,144495419320,47.03,0.69,35.0,2401.0,0.22124,31407849780.0,5378199710.0,7708060020.0,,-34.27735,건강관리장비와용품,2960.0,1385.0,0.1430481493,88106963,048870,142870.0,300759.7,0.4750303980220754,491484758.05,-7.292255511588463,-31.380753138075313,0.8994290125971,1.4577259475218658,17.123743738180856,22.124,-44.5945945945946,https://finance.naver.com/item/main.naver?code=048870
안국약품,KOSDAQ,11010.0,143597044200,16.73,0.76,658.0,14551.0,0.84175,91850924880.0,8640460430.0,8574459990.0,,48.4019,제약,13650.0,7280.0,0.0488234545,13042420,001540,26370.0,114552.05,0.23020103088508673,1357267992.75,-3.16622691292876,17.12765957446809,0.43306077892102324,4.522025977596042,9.40704782373009,84.175,-19.34065934065934,https://finance.naver.com/item/main.naver?code=001540
동성제약,KOSPI,1480.0,142996870360,-1.33,1.56,-1126.0,957.0,0.82611,22084859670.0,-2034695910.0,-5894240580.0,,48.4019,제약,2525.0,973.0,0.0087572171,96619507,002210,78471.0,203360.45,0.3858714907446359,328929539.0,-17.777777777777782,-17.777777777777782,0.6236955120821182,-117.65935214211076,-9.213080546596926,82.611,-41.38613861386139,https://finance.naver.com/item/main.naver?code=002210
만호제강,KOSPI,4055.0,142391162800,-36.5,0.72,-110.0,5544.0,0.27063,37671951740.0,1262268800.0,305285520.0,,43.89712,철강,6240.0,2740.0,0.0021174166,35114960,001080,43209.0,26193.7,1.6495951316537947,107224347.75,-11.847826086956525,-19.061876247504994,1.6780752623722497,-1.984126984126984,3.35068596581293,27.063,-35.016025641025635,https://finance.naver.com/item/main.naver?code=001080
한국석유,KOSPI,11210.0,142301085200,27.21,0.69,412.0,16160.0,1.08645,231630791280.0,13790541370.0,12035890830.0,,-33.47526,화학,33575.0,9690.0,0.0562221722,12694120,004090,79280.0,91022.4,0.8709943925890771,985713976.0,-6.50542118432027,-41.093011035207574,0.8709943925890771,2.5495049504950495,5.953673643211672,108.645,-66.6120625465376,https://finance.naver.com/item/main.naver?code=004090
케이알엠,KOSDAQ,4305.0,141392197380,-10.6,2.12,-431.0,2159.0,0.38024,1592811800.0,-2367129340.0,-1752348300.0,,30.86468,반도체와반도체장비,6230.0,2960.0,0.0,32843716,093640,27290.0,47411.85,0.5755944979999726,198011257.5,19.41747572815533,19.916434540389982,1.1104818732025854,-19.96294580824456,-148.61324734033238,38.024,-30.89887640449438,https://finance.naver.com/item/main.naver?code=093640
태경산업,KOSPI,4830.0,141174862500,5.99,0.46,801.0,10506.0,0.67704,240703335870.0,22084681630.0,18078248620.0,,31.17957,비철금속,5450.0,4300.0,0.0273060257,29228750,015890,15951.0,49992.25,0.31906945576564366,237100164.05,3.648068669527893,-5.108055009823187,0.7265926218563877,7.624214734437464,9.175062551658021,67.704,-11.376146788990827,https://finance.naver.com/item/main.naver?code=015890
헬릭스미스,KOSDAQ,3060.0,141043958820,-344.44,1.01,-9.0,3083.0,0.01133,809963840.0,-2184091730.0,-2069898580.0,,-75.84231,생물공학,9960.0,2725.0,0.0399593455,46092797,084990,72042.0,128412.45,0.5610203683521341,408653870.15,-39.64497041420118,-52.26209048361934,0.9616279418389728,-0.2919234511839118,-269.6529921632057,1.133,-69.27710843373494,https://finance.naver.com/item/main.naver?code=084990
나우IB,KOSDAQ,1485.0,140970975750,24.16,1.34,61.0,1101.0,0.64799,6738454880.0,311944960.0,323870490.0,,14.71625,창업투자,3350.0,1092.0,0.0206267674,94929950,293580,77477.0,174686.35,0.4435206299748091,256687917.2,-14.45852534562212,-35.29411764705882,0.744792022960008,5.540417801998183,4.629324757013139,64.79899999999999,-55.67164179104478,https://finance.naver.com/item/main.naver?code=293580
인선이엔티,KOSDAQ,3090.0,140791561080,-12.49,0.44,-249.0,7036.0,0.49029,50259843160.0,2317409170.0,1238689770.0,,15.49036,상업서비스와공급품,4850.0,2680.0,0.0394410127,45563612,060150,28170.0,60689.65,0.46416481228677375,185851089.8,-11.079136690647484,-32.826086956521735,0.5439312963577809,-3.538942581011938,4.610856350312574,49.029,-36.28865979381444,https://finance.naver.com/item/main.naver?code=060150
멀티캠퍼스,KOSDAQ,23750.0,140761001250,5.39,0.61,4417.0,38888.0,0.35251,87637655690.0,8808922170.0,6864178900.0,,10.89225,교육서비스,33600.0,21500.0,0.0405245412,5926779,067280,1699.0,3287.8,0.5167589269420281,80073918.75,-4.040404040404044,-20.568561872909697,0.8671452034795304,11.358259617362682,10.051526482131987,35.251,-29.315476190476186,https://finance.naver.com/item/main.naver?code=067280
메쎄이상,KOSDAQ,3255.0,140721641025,8.92,1.73,365.0,1878.0,0.29216,19382589560.0,6650626450.0,5431701940.0,,20.29601,양방향미디어와서비스,4385.0,2600.0,0.0310875707,43232455,408920,11758.0,24746.0,0.47514749858563,77779859.85,4.8309178743961345,-10.206896551724142,0.5878525822355128,19.435569755058573,34.31237311925002,29.215999999999998,-25.769669327251997,https://finance.naver.com/item/main.naver?code=408920
이노테크,KOSDAQ,15730.0,140671817000,14.23,2.27,1110.0,6961.0,0.55581,19558861110.0,893662870.0,3206184870.0,,16.34808,디스플레이장비및부품,85000.0,8760.0,0.0050104552,8942900,469610,44101.0,269247.75,0.1637933836030199,4524374049.0,4.796802131912048,-36.82730923694779,0.2744089783480085,15.945984772302829,4.5690946163684885,55.581,-81.49411764705883,https://finance.naver.com/item/main.naver?code=469610
제룡산업,KOSDAQ,7030.0,140600000000,11.78,1.57,600.0,4503.0,0.1224,16282469860.0,5835144490.0,9443123520.0,,55.86742,전기장비,15410.0,5040.0,0.0480996,20000000,147830,68870.0,227931.9,0.3021516514362404,1581229468.0,-8.701298701298699,-12.34413965087282,0.6926849642371252,13.324450366422386,35.83697399824329,12.24,-54.38027255029202,https://finance.naver.com/item/main.naver?code=147830
와이엠티,KOSDAQ,7800.0,140503061400,-79.9,0.75,-103.0,10941.0,0.64176,41213202210.0,1577651540.0,-2115927480.0,,-33.47526,화학,23500.0,6200.0,0.0468336215,18013213,251370,225106.0,66900.75,3.364775432263465,541568393.5,-40.54878048780488,-42.307692307692314,3.364775432263465,-0.9414130335435518,3.828024650841612,64.176,-66.80851063829788,https://finance.naver.com/item/main.naver?code=251370
효성ITX,KOSPI,12140.0,140316548000,9.28,1.91,1299.0,6308.0,1.82173,133994248020.0,3471087550.0,3055053550.0,,15.49036,상업서비스와공급품,13430.0,11410.0,0.0127477462,11558200,094280,5700.0,6438.8,0.8852581226315462,77519496.0,-0.24650780608052036,-6.1098221191028586,0.8852581226315462,20.59289790741915,2.5904750400046312,182.173,-9.605361131794488,https://finance.naver.com/item/main.naver?code=094280
에이치엠넥스,KOSDAQ,2275.0,139606799150,12.65,1.02,181.0,2239.0,0.21217,13363135990.0,1382505430.0,1254706860.0,,16.34808,디스플레이장비및부품,10240.0,801.0,0.0371064413,61365626,036170,148467.0,295330.7,0.502714414722208,770655040.95,-54.133064516129025,1.1111111111111072,0.654005831428971,8.083966056275123,10.34566609989277,21.217,-77.783203125,https://finance.naver.com/item/main.naver?code=036170
디엔에프,KOSDAQ,12130.0,140366637540,116.97,0.96,109.0,13305.0,0.07995,21694844470.0,704554810.0,657131030.0,,30.86468,반도체와반도체장비,26000.0,9600.0,0.0478772726,11571858,092070,31113.0,21902.65,1.4205130429422923,288943270.25,-32.234636871508386,-42.64775413711583,1.4205130429422923,0.8192408868846299,3.2475679232191337,7.994999999999999,-53.34615384615384,https://finance.naver.com/item/main.naver?code=092070
동국산업,KOSDAQ,2570.0,139408318740,-13.3,0.36,-194.0,7195.0,0.94694,163391223980.0,-855131390.0,-10567984910.0,,43.89712,철강,3945.0,2125.0,0.0186428916,54244482,005160,22253.0,38276.5,0.581374995101433,98099216.25,2.39043824701195,-11.683848797250862,1.3392551565582016,-2.6963168867268936,-0.5233643332671728,94.694,-34.854245880861846,https://finance.naver.com/item/main.naver?code=005160
화승인더,KOSPI,2525.0,139683000000,6.39,0.36,395.0,6972.0,2.0174,458189180480.0,21685893610.0,8127876610.0,,9.12316,"섬유,의류,신발,호화품",4510.0,2300.0,0.0532455712,55320000,006060,39739.0,69130.8,0.5748378436239707,172216853.7,-5.607476635514019,-28.57142857142857,1.282264923883421,5.665519219736087,4.732956283970261,201.73999999999998,-44.01330376940133,https://finance.naver.com/item/main.naver?code=006060
동양이엔피,KOSDAQ,18450.0,139328090100,2.79,0.31,6525.0,58388.0,0.15003,105678454260.0,2721164730.0,9198494560.0,,-82.80274,전기제품,38050.0,17500.0,0.0779604956,7551658,079960,15144.0,27899.15,0.5428122362150818,538883121.0,-15.172413793103445,-47.285714285714285,1.3328721484346298,11.175241487976981,2.57494751324157,15.003,-51.51116951379764,https://finance.naver.com/item/main.naver?code=079960
지씨지놈,KOSDAQ,5890.0,139303170770,32.0,1.79,185.0,3310.0,0.09967,8288372330.0,432631990.0,780805070.0,,-34.66388,생명과학도구및서비스,9520.0,4100.0,0.0297727861,23650793,340450,32094.0,110461.35,0.29054506395223306,610979271.75,9.07407407407408,-31.591173054587685,1.2208161497211467,5.589123867069486,5.21974608252185,9.966999999999999,-38.13025210084034,https://finance.naver.com/item/main.naver?code=340450
져스텍,KOSDAQ,11560.0,139301525800,-74.97,10.97,-147.0,1005.0,0.39875,5036610460.0,1099152730.0,1161530820.0,,179.16167,기계,42500.0,5180.0,0.0103023948,12050305,153890,246655.0,2476786.85,0.09958668829334263,30047042759.25,-34.055904164289785,-34.055904164289785,0.25177741879564647,-14.626865671641792,21.82326266304105,39.875,-72.8,https://finance.naver.com/item/main.naver?code=153890
링크솔루션,KOSDAQ,24200.0,139199174400,-18.56,3.68,-1344.0,6788.0,0.96706,4269317270.0,-4636180450.0,56723470.0,,179.16167,기계,93300.0,16020.0,0.0625912721,5752032,474650,19874.0,40050.45,0.4962241373068218,974731786.5,-40.68627450980392,-69.63613550815559,0.8897527992819058,-19.79964643488509,-108.59301749668279,96.706,-74.06216505894963,https://finance.naver.com/item/main.naver?code=474650
선광,KOSDAQ,21000.0,138600000000,3.31,0.3,6290.0,68798.0,0.61306,51645812970.0,12346022220.0,13379014090.0,,6.56369,운송인프라,30450.0,17280.0,0.082215303,6600000,003100,3137.0,13973.55,0.22449556483499183,285135638.75,9.8901098901099,-11.949685534591193,0.4956507115228414,9.14270763684991,23.905175482805454,61.306000000000004,-31.034482758620683,https://finance.naver.com/item/main.naver?code=003100
나노팀,KOSDAQ,6860.0,138384914080,139.8,2.88,50.0,2423.0,1.71274,14178441940.0,1414404600.0,726620730.0,,264.33639,전자장비와기기,15930.0,3330.0,0.0083307027,20172728,417010,1474571.0,851155.1,1.7324351343251072,5460911160.0,-31.331331331331334,-38.1981981981982,4.971635604368698,2.063557573256294,9.975740677187552,171.274,-56.93659761456371,https://finance.naver.com/item/main.naver?code=417010
원익,KOSDAQ,7600.0,138268175600,12.66,0.51,632.0,15605.0,0.39977,54031094690.0,3921639990.0,11242703460.0,,49.63323,화장품,17800.0,4215.0,0.0266541074,18193181,032940,5266052.0,750202.0,7.019512078080304,5568375280.0,10.304789550072568,-36.71940049958368,13.28855294973887,4.049983979493752,7.258116853823085,39.977000000000004,-57.30337078651686,https://finance.naver.com/item/main.naver?code=032940
프레스티지바이오로직스,KOSDAQ,1787.0,138943962319,-4.8,1.03,-373.0,1739.0,1.49172,2269602680.0,-16327903360.0,-14649592000.0,,48.4019,제약,3850.0,1650.0,0.4171461091,77752637,334970,190046.0,252739.95,0.7519428566793654,462334383.35,-2.24288840262582,-36.85512367491166,0.9103863477064073,-21.449108683151234,-719.4168170439418,149.172,-53.58441558441558,https://finance.naver.com/item/main.naver?code=334970
아크릴,KOSDAQ,17190.0,138041269560,-25.76,2.77,-585.0,5448.0,0.24241,5473699580.0,-1495145460.0,-1531092020.0,,34.12563,IT서비스,77000.0,11500.0,0.0611591761,8030324,0007C0,889789.0,46255.7,19.236310335807264,755110037.25,-35.13207547169811,-61.0204081632653,19.236310335807264,-10.737885462555067,-27.3150807447127,24.241,-77.67532467532467,https://finance.naver.com/item/main.naver?code=0007C0
에이스테크,KOSDAQ,1827.0,137950254918,-4.63,2.02,-399.0,914.0,3.32945,28725227710.0,-8129919970.0,-9530825060.0,,-328.00078,통신장비,7890.0,1330.0,0.0,75506434,088800,58351.0,209165.55,0.27897041362690944,426405600.65,-38.06779661016949,-39.50331125827815,0.6299459925403587,-43.65426695842451,-28.302369095475484,332.945,-76.84410646387832,https://finance.naver.com/item/main.naver?code=088800
세아메카닉스,KOSDAQ,5200.0,137745400000,84.63,1.63,54.0,2803.0,1.06255,37448791370.0,2040595960.0,3193916530.0,,264.33639,전자장비와기기,7340.0,2270.0,0.0124052172,26489500,396300,5424631.0,1802953.45,3.0087471198992963,8277230255.9,-1.5151515151515138,25.452352231604337,3.0087471198992963,1.9265073135925792,5.449030223268324,106.25500000000001,-29.155313351498634,https://finance.naver.com/item/main.naver?code=396300
마크로젠,KOSDAQ,12700.0,137685780000,68.66,0.89,187.0,14505.0,1.16377,51004029210.0,697800000.0,4299202490.0,,-34.66388,생명과학도구및서비스,20900.0,10440.0,0.0422075562,10841400,038290,19703.0,43371.85,0.4542808296164448,556541153.0,1.9261637239165408,-31.351351351351354,0.7180694390485995,1.2892106170286108,1.3681272064348737,116.377,-39.23444976076556,https://finance.naver.com/item/main.naver?code=038290
에스텍,KOSDAQ,12580.0,137247800000,2.54,0.45,4949.0,27942.0,0.4467,127105592710.0,12542767610.0,12601623830.0,,264.33639,전자장비와기기,16670.0,11220.0,0.5791805683,10910000,069510,4796.0,8411.25,0.5701887353247139,106152973.0,6.610169491525419,-21.86335403726708,0.5701887353247139,17.711688497602175,9.867990339824914,44.67,-24.535092981403718,https://finance.naver.com/item/main.naver?code=069510
제넥신,KOSDAQ,3010.0,137076886940,-4.42,0.49,-598.0,5426.0,0.65777,972206380.0,-10495861220.0,-26267788560.0,,-75.84231,생물공학,7490.0,2140.0,0.034503227,45540494,095700,1334814.0,612810.35,2.1781844905197834,1970618927.35,-9.880239520958078,-34.63626492942454,2.1781844905197834,-11.021009952082565,-1079.5918887098849,65.777,-59.81308411214954,https://finance.naver.com/item/main.naver?code=095700
이수앱지스,KOSDAQ,3360.0,137003805120,-12.0,1.19,-280.0,2822.0,0.29992,14928552480.0,479283630.0,3169613490.0,,48.4019,제약,6350.0,2890.0,0.0187250052,40774942,086890,17449.0,54427.85,0.3205895511213469,184234561.65,3.0674846625766916,-41.96891191709845,0.7320149519042182,-9.922041105598867,3.2105164291186523,29.992,-47.08661417322835,https://finance.naver.com/item/main.naver?code=086890
이엘씨,KOSDAQ,11240.0,137001325200,15.92,0.76,706.0,14791.0,0.07724,18303231270.0,4679483660.0,4486534720.0,,30.86468,반도체와반도체장비,13620.0,6130.0,0.0272848771,12188730,041520,4646.0,38122.3,0.12187092594098467,447020874.75,24.888888888888893,42.82083862770012,1.4336228401749107,4.773172875397201,25.566434641898066,7.724,-17.47430249632893,https://finance.naver.com/item/main.naver?code=041520
혜인,KOSPI,10770.0,136916285190,8.97,0.95,1382.0,13026.0,0.92614,64151484330.0,7104310530.0,9648485650.0,,179.16167,기계,13290.0,3925.0,0.0541901762,12712747,003010,656873.0,1651015.05,0.39786009218995305,13059919089.2,117.13709677419355,87.30434782608695,0.39786009218995305,10.609550130508214,11.074273033894116,92.61399999999999,-18.961625282167038,https://finance.naver.com/item/main.naver?code=003010
일진다이아,KOSPI,9620.0,136632619500,20.54,0.34,483.0,29014.0,0.12117,55098104960.0,5732399970.0,8236200160.0,,31.17957,비철금속,17190.0,7440.0,0.0468961608,14202975,081000,21985.0,40235.75,0.5464046277253437,389632200.0,-7.854406130268199,-37.12418300653595,0.5464046277253437,1.664713586544427,10.40398753126191,12.117,-44.03723094822571,https://finance.naver.com/item/main.naver?code=081000
한신공영,KOSPI,11800.0,136534283600,2.33,0.17,5174.0,72296.0,1.62762,258893384710.0,20476931680.0,18897417180.0,,36.90859,건설,19510.0,7280.0,0.0473459605,11570702,004960,20918.0,38273.75,0.5465364642868807,430396830.75,9.158186864014795,-17.13483146067416,2.557941147653418,7.15668916675888,7.9094070723117476,162.762,-39.51819579702717,https://finance.naver.com/item/main.naver?code=004960
SV인베스트먼트,KOSDAQ,2265.0,136213097745,-23.67,1.77,-98.0,1313.0,0.32555,5999755540.0,325300000.0,395635250.0,,14.71625,창업투자,5030.0,1439.0,0.0080032448,60138233,289080,587283.0,1998331.2,0.29388671907839903,4931182475.55,-7.172131147540983,-45.61824729891957,6.704704405355829,-7.463823305407463,5.421887572439327,32.555,-54.97017892644136,https://finance.naver.com/item/main.naver?code=289080
켄코아에어로스페이스,KOSDAQ,9870.0,135951423090,-8.59,0.83,-1183.0,12229.0,0.3893,28473502330.0,1183958760.0,333635220.0,,42.45479,우주항공과국방,39600.0,7300.0,0.0952986985,13774207,274090,80062.0,137342.15,0.5829383040821773,1464394408.5,-54.62068965517241,-56.03563474387527,0.5829383040821773,-9.673726388093876,4.158107233449002,38.93,-75.07575757575758,https://finance.naver.com/item/main.naver?code=274090
솔본,KOSDAQ,4980.0,136183065060,6.19,0.65,814.0,7775.0,0.20291,34988322100.0,16043798170.0,37302322140.0,,570.90407,건강관리기술,5130.0,3155.0,0.0122033949,27345997,035610,14575.0,51739.5,0.2816996685317794,253488400.9,48.65671641791045,22.20858895705522,0.7898220895060833,10.469453376205788,45.85472296769556,20.291,-2.92397660818714,https://finance.naver.com/item/main.naver?code=035610
라온텍,KOSDAQ,4415.0,135869673570,-18.55,7.33,-217.0,549.0,2.53614,1461728850.0,-2971913740.0,-3271634490.0,,30.86468,반도체와반도체장비,12500.0,2635.0,0.0300106016,30774558,418420,2282726.0,135116.55,16.89449590002113,525453491.4,-24.14089347079038,-33.80809595202399,16.89449590002113,-39.526411657559194,-203.31498143448425,253.614,-64.68,https://finance.naver.com/item/main.naver?code=418420
그래디언트,KOSDAQ,11890.0,135917966760,-4.04,0.31,-2961.0,38707.0,1.56097,1008380083080.0,7838132330.0,13972261920.0,,24.38705,인터넷과카탈로그소매,15300.0,7220.0,0.0332902236,11431284,035080,19546.0,47496.3,0.4115267926133193,537050341.25,37.935034802784216,1.6239316239316182,0.8098104483928221,-7.649779109721757,0.7772993994545369,156.097,-22.287581699346404,https://finance.naver.com/item/main.naver?code=035080
인포바인,KOSDAQ,9150.0,135708673350,10.25,0.71,893.0,12978.0,0.09725,6660043940.0,2161449410.0,2019961040.0,,34.12563,IT서비스,20160.0,6050.0,0.0857888141,14831549,115310,2052.0,8922.9,0.2299700769929059,71216145.75,13.242574257425744,-89.95609220636663,0.853982449652019,6.880875327477269,32.45398122703677,9.725,-54.613095238095234,https://finance.naver.com/item/main.naver?code=115310
남선알미늄,KOSPI,1048.0,135274886320,37.61,0.48,28.0,2196.0,0.54686,82818261980.0,-930088110.0,-782532690.0,,31.17957,비철금속,3485.0,881.0,0.0709485247,129079090,008350,717835.0,956976.25,0.7501074347456377,977977804.35,-22.542498152254254,-16.560509554140125,2.0519161264451444,1.2750455373406193,-1.1230471248293155,54.686,-69.92826398852223,https://finance.naver.com/item/main.naver?code=008350
삼일제약,KOSPI,6200.0,134489228200,-3.77,0.98,-1633.0,6277.0,1.98471,50602012210.0,-6330463200.0,-7690298150.0,,48.4019,제약,12860.0,5500.0,0.0387895229,21691811,000520,34658.0,88346.25,0.3922973527455891,567941243.5,-13.286713286713292,-46.08695652173913,0.4407996943843117,-26.015612553767724,-12.510299340920222,198.471,-51.788491446345255,https://finance.naver.com/item/main.naver?code=000520
경인양행,KOSPI,3220.0,134004695300,23.3,0.55,138.0,5881.0,1.04284,118964470060.0,13343569410.0,10374871510.0,,-33.47526,화학,6430.0,2565.0,0.0622316726,41616365,012610,71908.0,177492.95,0.4051315840995374,562374646.25,-20.68965517241379,-31.122994652406422,0.8487942760543447,2.34653970413195,11.216432438416394,104.28399999999999,-49.92223950233281,https://finance.naver.com/item/main.naver?code=012610
와이바이오로직스,KOSDAQ,8690.0,133859569470,-3.1,4.99,-2822.0,1752.0,1.91841,1547361600.0,-3789058440.0,-7826675900.0,,-75.84231,생물공학,38000.0,7230.0,0.0678191568,15403863,338840,30419.0,60612.55,0.5018597633658376,606626758.25,-41.48148148148149,-66.8952380952381,0.6517462142741066,-161.0730593607306,-244.8722031101198,191.841,-77.13157894736841,https://finance.naver.com/item/main.naver?code=338840
엠디바이스,KOSDAQ,12490.0,133852632160,12.17,2.83,1035.0,4452.0,1.1765,28105925910.0,4834672440.0,13497755510.0,,30.86468,반도체와반도체장비,38000.0,8010.0,0.0279303007,10716784,226590,57475.0,38467.25,1.494128121973887,468794631.0,-17.774851876234365,-54.41605839416058,1.494128121973887,23.247978436657682,17.201612412561857,117.65,-67.13157894736842,https://finance.naver.com/item/main.naver?code=226590
큐리오시스,KOSDAQ,8740.0,133370337360,-15.15,4.92,-602.0,1852.0,0.29209,3473285420.0,-1869245490.0,-2081849420.0,,-34.66388,생명과학도구및서비스,48218.865,8220.0,0.0601719004,15259764,494120,51278.0,117866.35,0.43505207381071864,1271627657.0,-69.65277777777779,-89.69339622641509,0.9017756128021271,-32.50539956803456,-53.81779105271458,29.209000000000003,-81.87431412995723,https://finance.naver.com/item/main.naver?code=494120
토니모리,KOSPI,5550.0,133504134450,12.1,1.14,466.0,4938.0,0.82598,53962074930.0,2260503900.0,1930571100.0,,49.63323,화장품,11300.0,4190.0,0.026158564,24054799,214420,85697.0,170631.9,0.5022331697648564,993930058.75,-0.5376344086021501,-38.60619469026548,0.8270727806465262,9.437019036046983,4.189060377927169,82.598,-50.88495575221239,https://finance.naver.com/item/main.naver?code=214420
한독,KOSPI,9600.0,132129916800,-58.7,0.45,-162.0,21292.0,2.05665,140725980750.0,2774300540.0,-12733786640.0,,48.4019,제약,12900.0,6460.0,0.0226086572,13763533,002390,3791.0,12582.5,0.3012914762567057,117872796.25,18.081180811808117,-18.158567774936063,0.425273196900457,-0.7608491452188616,1.9714202915583519,205.665,-25.581395348837212,https://finance.naver.com/item/main.naver?code=002390
화승코퍼레이션,KOSPI,2650.0,132635817800,1.6,0.45,1681.0,6040.0,1.91329,449059034970.0,21866407330.0,15403614940.0,,10.62051,자동차부품,4000.0,1906.0,0.0734305507,50051252,013520,77943.0,103425.85,0.7536123706017402,271061022.95,13.247863247863245,-0.5628517823639823,0.7536123706017402,27.831125827814567,4.869383672786099,191.329,-33.75,https://finance.naver.com/item/main.naver?code=013520
윈스테크넷,KOSDAQ,10750.0,132007269500,6.26,0.62,1694.0,17202.0,0.08873,20568753660.0,3164896270.0,4462559580.0,,163.68113,소프트웨어,14580.0,9870.0,0.0871307924,12279746,136540,15765.0,11717.6,1.3454120297671879,124101379.0,3.864734299516903,-8.975444538526666,1.3454120297671879,9.84769212882223,15.386913190344465,8.873000000000001,-26.268861454046643,https://finance.naver.com/item/main.naver?code=136540
엘케이켐,KOSDAQ,20650.0,131979064700,29.59,2.21,708.0,9491.0,0.10108,7643902930.0,1899628840.0,1856878480.0,,30.86468,반도체와반도체장비,59500.0,14550.0,0.023945752,6391238,489500,7072.0,17779.0,0.3977726531300973,368569732.75,-26.902654867256636,-48.56787048567871,0.9482535575679172,7.4596986618902115,24.851556297824416,10.108,-65.29411764705883,https://finance.naver.com/item/main.naver?code=489500
티움바이오,KOSDAQ,4390.0,131868905250,-6.64,3.26,-640.0,1302.0,1.79903,4477378400.0,-4244922430.0,-4501849720.0,,48.4019,제약,13700.0,3415.0,0.0425893458,30038475,321550,56066.0,111976.15,0.5006959071195072,499029474.6,-29.307568438003216,-34.4776119402985,0.8336328762866021,-49.155145929339476,-94.80821254687788,179.903,-67.95620437956205,https://finance.naver.com/item/main.naver?code=321550
경보제약,KOSPI,5520.0,131965867200,681.25,0.89,8.0,6096.0,1.50062,75221833770.0,930325040.0,2973734610.0,,48.4019,제약,9300.0,4700.0,0.024132111,23906860,214390,58224.0,27060.25,2.1516430927282637,143267296.0,2.2222222222222143,-7.9999999999999964,5.34163579419998,0.13123359580052493,1.2367752730471622,150.062,-40.645161290322584,https://finance.naver.com/item/main.naver?code=214390
신흥,KOSPI,14090.0,131037000000,45.27,1.15,311.0,12292.0,0.33961,26282382230.0,3643861210.0,3951864420.0,,-34.27735,건강관리장비와용품,14760.0,13150.0,0.0216275269,9300000,004080,1217.0,2751.45,0.44231223536680664,38652944.25,2.398255813953498,0.7147962830593269,3.308073924657908,2.530100878620241,13.864272949507287,33.961000000000006,-4.539295392953935,https://finance.naver.com/item/main.naver?code=004080
아로마티카,KOSDAQ,10450.0,131428834900,24.52,3.21,442.0,3380.0,0.19181,17742639520.0,2245683870.0,1754882240.0,,49.63323,화장품,31500.0,4500.0,0.0546478701,12576922,0015N0,816944.0,911203.75,0.8965546948199017,7949199080.0,74.74916387959867,-30.05354752342704,1.8561402979300732,13.076923076923078,12.65698864855256,19.181,-66.82539682539684,https://finance.naver.com/item/main.naver?code=0015N0
모다이노칩,KOSDAQ,1649.0,131460954678,-28.15,0.37,-59.0,4518.0,1.67357,93684764250.0,6395361750.0,2594808730.0,,33.69389,전문소매,2380.0,1269.0,0.0007527945,79721622,080420,185.0,8895.45,0.020797149104317375,14867702.85,4.698412698412691,-18.366336633663373,0.251926546717704,-1.3058875608676406,6.826469385068661,167.357,-30.714285714285715,https://finance.naver.com/item/main.naver?code=080420
신원,KOSPI,1137.0,130493936841,-36.23,0.44,-31.0,2556.0,1.97538,309913109250.0,7558109000.0,-1044732210.0,,9.12316,"섬유,의류,신발,호화품",1890.0,898.0,0.0263999967,114770393,009270,801777.0,1540010.35,0.52063091653897,1825112194.45,3.6463081130355457,-27.068633739576654,0.52063091653897,-1.2128325508607198,2.4387832506636697,197.53799999999998,-39.84126984126984,https://finance.naver.com/item/main.naver?code=009270
고려신용정보,KOSDAQ,9190.0,131417000000,9.66,2.09,951.0,4407.0,0.79979,43322733880.0,3847433580.0,3349781180.0,,15.49036,상업서비스와공급품,11940.0,8820.0,0.0389112587,14300000,049720,27729.0,49996.85,0.5546149407412667,463164441.75,-5.840163934426235,-15.91948764867338,1.3284036894324343,21.57930565010211,8.880865161134656,79.979,-23.031825795644888,https://finance.naver.com/item/main.naver?code=049720
오늘이엔엠,KOSDAQ,5190.0,130714867710,-0.81,37.87,-6397.0,136.0,5.70312,4531139330.0,-1564081850.0,-8109776350.0,,-328.00078,통신장비,8600.0,1362.586,0.0005436373,25185909,192410,637507.0,193326.55,3.297565699072373,897011165.75,4.742684157416743,462.90672451193063,3.4473071598287977,-4703.676470588235,-34.51851148439525,570.312,-39.65116279069767,https://finance.naver.com/item/main.naver?code=192410
강동씨앤엘,KOSDAQ,2135.0,130089597960,157.82,0.79,11.0,2208.0,2.17661,19655028310.0,2456859240.0,1624772510.0,,7.62098,건축자재,2930.0,910.0,0.010319948,60931896,198440,35030699.0,1559496.8,22.462821982064984,2149261284.55,112.43781094527363,93.73865698729583,22.462821982064984,0.4981884057971014,12.499901812657322,217.661,-27.133105802047787,https://finance.naver.com/item/main.naver?code=198440
씨앤지하이테크,KOSDAQ,13370.0,129972069640,6.49,0.89,2078.0,15198.0,0.2305,72301012700.0,9327500860.0,5688758350.0,,30.86468,반도체와반도체장비,26100.0,9850.0,0.0288987789,9721172,264660,9097.0,25395.9,0.358207427183128,341606785.25,-6.829268292682922,-33.31670822942644,1.3489972790883566,13.672851691011974,12.900926987983945,23.05,-48.77394636015325,https://finance.naver.com/item/main.naver?code=264660
엔에프씨,KOSDAQ,7260.0,129689736000,13.27,2.04,563.0,3660.0,0.32325,26883918000.0,4997970450.0,3539831160.0,,49.63323,화장품,9850.0,4020.0,0.0251393336,17863600,265740,327429.0,564845.9,0.5796784574341426,3947095119.5,38.549618320610676,-8.793969849246231,1.6800228168426112,15.382513661202186,18.590930272886563,32.324999999999996,-26.29441624365483,https://finance.naver.com/item/main.naver?code=265740
알에스오토메이션,KOSDAQ,10100.0,129682384000,-23.95,2.25,-428.0,4565.0,0.56616,18315715600.0,-1449325890.0,-888841510.0,,179.16167,기계,28800.0,7355.0,0.040273399,12839840,140670,42462.0,58542.35,0.7253210709853636,591380400.0,-19.329073482428115,-51.9047619047619,1.2984446302548498,-9.375684556407448,-7.91301809687414,56.616,-64.93055555555556,https://finance.naver.com/item/main.naver?code=140670
경동도시가스,KOSPI,21900.0,129109391400,3.9,0.27,5576.0,80675.0,0.87967,447475292560.0,7090256930.0,7231969190.0,,9.4585,가스유틸리티,24300.0,18370.0,0.0859779632,5895406,267290,7472.0,9384.45,0.7962107528944157,198796297.0,5.542168674698789,-7.789473684210524,1.8744838536088955,6.911682677409359,1.5845024402211656,87.967,-9.876543209876543,https://finance.naver.com/item/main.naver?code=267290
엠에스씨,KOSDAQ,7340.0,129184000000,5.61,0.68,1307.0,10750.0,0.46518,56261884280.0,11663119110.0,9692333810.0,,35.44428,식품,13280.0,5740.0,0.0206586932,17600000,009780,11826.0,42218.85,0.2801118457750507,297349193.25,20.130932896890343,-9.938650306748464,0.6357349856758296,12.15813953488372,20.730054208557693,46.518,-44.72891566265061,https://finance.naver.com/item/main.naver?code=009780
라이콤,KOSDAQ,4215.0,129038684400,557.5,6.29,8.0,709.0,0.4257,4530334520.0,128132380.0,112584380.0,,-328.00078,통신장비,9330.0,2110.0,0.0157313805,30614160,388790,289489.0,676801.7,0.4277308996121021,2838023622.4,-28.680203045685282,41.68067226890757,0.5539067056125894,1.1283497884344147,2.828320501153632,42.57,-54.82315112540193,https://finance.naver.com/item/main.naver?code=388790
슈프리마에이치큐,KOSDAQ,13150.0,128950333350,9.31,0.54,1429.0,24654.0,0.02575,4241492010.0,136209580.0,4824398670.0,,264.33639,전자장비와기기,15600.0,5860.0,0.145102507,9806109,094840,9971.0,32608.35,0.3057805746074242,441331012.5,36.552440290758035,75.56742323097463,0.7108915354502758,5.79621968037641,3.2113600515776994,2.5749999999999997,-15.705128205128204,https://finance.naver.com/item/main.naver?code=094840
고스트스튜디오,KOSDAQ,9900.0,128868884100,,,,,0.08889,21816371000.0,4798388000.0,4680609000.0,,18.38474,게임엔터테인먼트,10430.0,6920.0,0.2950916179,13017059,950190,21958.0,40687.35,0.5396763367483997,379352309.5,16.883116883116877,18.279569892473123,3.713316301012477,,21.994437113303583,8.889,-5.08149568552253,https://finance.naver.com/item/main.naver?code=950190
나인테크,KOSDAQ,2245.0,128897337275,-6.64,1.4,-338.0,1599.0,0.85431,12723389290.0,-469678000.0,580797050.0,,-82.80274,전기제품,4720.0,1274.0,0.0173307653,57415295,267320,217131.0,264580.55,0.8206612315228765,558611917.35,-20.248667850799286,-41.83937823834197,2.799525513118784,-21.138211382113823,-3.6914535057820275,85.431,-52.436440677966104,https://finance.naver.com/item/main.naver?code=267320
디씨엠,KOSPI,11300.0,128820000000,8.22,0.37,1369.0,30605.0,0.12197,50175411210.0,3257475180.0,3276116340.0,,31.17957,비철금속,13230.0,10310.0,0.0528601754,11400000,024090,436.0,2780.5,0.15680632979679915,31282706.0,-1.653611836379465,-7.679738562091498,1.9622370077324223,4.473125306322497,6.492174356810816,12.197,-14.588057445200297,https://finance.naver.com/item/main.naver?code=024090
삼성제약,KOSPI,1362.0,128248751598,10.76,1.03,123.0,1286.0,0.67548,9901023840.0,-4989648880.0,-56645723410.0,,48.4019,제약,2320.0,1140.0,0.0330384273,94162079,001360,393276.0,289042.2,1.3606179305305592,374841520.35,-2.295552367288378,-34.83253588516746,2.1423203947382077,9.564541213063764,-50.39528194894236,67.548,-41.29310344827586,https://finance.naver.com/item/main.naver?code=001360
LG헬로비전,KOSPI,1648.0,127632433520,71.35,0.28,23.0,5845.0,1.71932,243276212060.0,2967704150.0,1144229990.0,,890.26506,방송과엔터테인먼트,3660.0,1435.0,0.0485213959,77446865,037560,54277.0,176953.15,0.3067309058923224,293414181.2,-34.73267326732673,-34.6031746031746,0.9462674159798794,0.39349871685201027,1.2198908084231703,171.932,-54.97267759562842,https://finance.naver.com/item/main.naver?code=037560
국전,KOSDAQ,2380.0,128487365440,-26.22,1.17,-86.0,1920.0,0.6596,40483784420.0,1495899900.0,6132526260.0,,48.4019,제약,6000.0,1700.0,0.0162266945,53986288,307750,2467723.0,229606.1,10.747636931248778,529905265.15,-5.179282868525892,-25.274725274725274,11.02007742825648,-4.479166666666667,3.6950594452355303,65.96,-60.33333333333333,https://finance.naver.com/item/main.naver?code=307750
디와이파워,KOSPI,11530.0,127310893240,5.09,0.41,2278.0,28321.0,0.25595,115860516580.0,10531062960.0,10303130440.0,,179.16167,기계,16390.0,9910.0,0.1329273515,11041708,210540,38200.0,39262.1,0.9729484668420691,452064511.5,-5.800653594771243,-23.944591029023744,0.9921272677722283,8.0435012887963,9.089432078207984,25.595000000000002,-29.65222696766321,https://finance.naver.com/item/main.naver?code=210540
샘표,KOSPI,44200.0,127110360000,9.08,0.41,4834.0,107294.0,0.34185,100345032300.0,4401133670.0,1568660750.0,,35.44428,식품,73100.0,39750.0,0.0459266987,2875800,007540,1598.0,3292.9,0.4852865255549819,147043170.0,2.5522041763341052,-23.661485319516405,0.8913116098272039,4.505377747124722,4.386000551419425,34.185,-39.53488372093024,https://finance.naver.com/item/main.naver?code=007540
노바텍,KOSDAQ,11970.0,126592697070,6.38,0.71,1885.0,16898.0,0.09522,9525688370.0,-151210360.0,23205334990.0,,95.46514,핸드셋,31900.0,9510.0,0.0498250208,10575831,285490,21848.0,20596.6,1.0607576007690591,241966309.0,-19.12162162162162,-54.48669201520913,1.1668916228892148,11.155166291868861,-1.5873956204175093,9.522,-62.476489028213166,https://finance.naver.com/item/main.naver?code=285490
메쥬,KOSDAQ,12860.0,127079305000,30.71,10.81,422.0,1199.0,0.09428,5668414580.0,874700940.0,1097834700.0,,-34.27735,건강관리장비와용품,73500.0,10370.0,0.0390420725,9881750,0088M0,21970.0,79377.5,0.2767786841359327,1036140057.5,-43.09734513274336,-67.02564102564102,2.2500960599666153,35.19599666388657,15.431139124619216,9.428,-82.50340136054422,https://finance.naver.com/item/main.naver?code=0088M0
퀄리타스반도체,KOSDAQ,8890.0,126127515080,-5.52,3.53,-1644.0,2568.0,1.65964,6343237350.0,-865044580.0,-1800431740.0,,30.86468,반도체와반도체장비,32150.0,5720.0,0.026790842,14187572,432720,26007.0,95073.25,0.27354697562142877,834436691.0,-36.5,-30.000000000000004,0.7168367548179956,-64.01869158878505,-13.637272772080648,165.964,-72.34836702954898,https://finance.naver.com/item/main.naver?code=432720
어보브반도체,KOSDAQ,7100.0,126243346300,11.73,1.0,613.0,7205.0,0.79028,68856734950.0,3521730990.0,3223115560.0,,30.86468,반도체와반도체장비,16850.0,5410.0,0.0533965013,17780753,102120,32627.0,108511.85,0.3006768385204012,818015773.25,-30.186823992133725,-42.55663430420712,0.4677737961337863,8.507980569049272,5.114577379478258,79.02799999999999,-57.86350148367953,https://finance.naver.com/item/main.naver?code=102120
HDC현대EP,KOSPI,3950.0,126005000000,3.09,0.29,1279.0,13772.0,1.00969,301411989750.0,12833261170.0,8053857610.0,,10.62051,자동차부품,6600.0,3400.0,0.0332902508,31900000,089470,35040.0,144377.0,0.2426979366519598,587860276.45,-1.8633540372670843,-34.92586490939045,0.8152614336078461,9.286959047342433,4.2577142271759945,100.969,-40.15151515151515,https://finance.naver.com/item/main.naver?code=089470
켐트로스,KOSDAQ,3930.0,126043176150,-8.79,1.9,-446.0,2061.0,0.27218,23955659980.0,3583872870.0,3770049490.0,,-33.47526,화학,9570.0,2630.0,0.0276417897,32072055,220260,59651.0,93736.2,0.6363710071455851,357437905.1,-11.486486486486491,-32.35800344234079,1.0976229034247176,-21.63998059194566,14.96044305601302,27.217999999999996,-58.93416927899686,https://finance.naver.com/item/main.naver?code=220260
금강공업,KOSPI,4290.0,125822941530,-2.42,0.34,-1769.0,12448.0,1.46985,229092311770.0,17990210710.0,10968265040.0,,-8.83051,건축제품,8470.0,3420.0,0.0312402689,29329357,014280,37493.0,110012.3,0.3408073460876647,494822992.15,0.9411764705882453,-28.73754152823921,0.5985876124760595,-14.21111825192802,7.852821673064912,146.985,-49.350649350649356,https://finance.naver.com/item/main.naver?code=014280
코맥스,KOSDAQ,2885.0,125692107675,-3.04,4.56,-950.0,633.0,1.91633,18264739230.0,2237285030.0,1696559520.0,,-328.00078,통신장비,2885.0,2885.0,0.0021235576,43567455,036690,,,,,,,,-150.07898894154818,12.24920324252557,191.633,0.0,https://finance.naver.com/item/main.naver?code=036690
HB솔루션,KOSDAQ,1710.0,125070962940,4.72,0.51,362.0,3367.0,0.32972,10170713890.0,-502801840.0,16954343080.0,,16.34808,디스플레이장비및부품,3070.0,1360.0,0.0158741659,73140914,297890,111221.0,302281.3,0.3679387378577504,523371317.45,-7.866379310344829,-28.000000000000004,0.6490113678881227,10.751410751410752,-4.943623873780998,32.972,-44.299674267100976,https://finance.naver.com/item/main.naver?code=297890
유니트론텍,KOSDAQ,6040.0,125338474120,9.44,0.9,640.0,6717.0,2.39771,340100315050.0,38540229360.0,17783063020.0,,30.86468,반도체와반도체장비,9060.0,4470.0,0.0302882171,20751403,142210,69254.0,448726.55,0.15433452734187447,2943461026.5,-10.119047619047617,-2.1069692058346856,0.5086416214953182,9.528063123418193,11.332018129513932,239.77100000000002,-33.333333333333336,https://finance.naver.com/item/main.naver?code=142210
제이엘케이,KOSDAQ,4860.0,125027835120,-9.15,3.03,-540.0,1631.0,1.00277,520149440.0,-3347223280.0,-3741861400.0,,570.90407,건강관리기술,9210.0,3765.0,0.019114517,25725892,322510,32859.0,118889.0,0.2763838538468656,619195222.6,16.267942583732054,-37.93103448275862,0.6155405462237886,-33.108522378908646,-643.511849210104,100.27699999999999,-47.23127035830619,https://finance.naver.com/item/main.naver?code=322510
텔코웨어,KOSPI,13490.0,124648638730,11.28,0.62,1195.0,21758.0,0.16537,10303557600.0,3144129060.0,3075578380.0,,163.68113,소프트웨어,27450.0,11630.0,0.0151888345,9240077,078000,2188.0,3058.65,0.7153482745655763,39583657.5,-3.2281205164992777,-32.718204488778056,0.925244797541399,5.4922327419799615,30.514985037789277,16.537,-50.85610200364299,https://finance.naver.com/item/main.naver?code=078000
쇼박스,KOSDAQ,1996.0,124626248000,-8.36,1.17,-241.0,1721.0,0.7382,67583339120.0,12496545780.0,9827492120.0,,890.26506,방송과엔터테인먼트,3200.0,1688.0,0.0231223133,62438000,086980,33396.0,126622.8,0.2637439702802339,255745251.9,-24.67924528301887,-31.05354058721934,0.9783309167069437,-14.00348634514817,18.490571704087177,73.82,-37.625,https://finance.naver.com/item/main.naver?code=086980
노머스,KOSDAQ,11460.0,124716337920,8.68,1.25,1359.0,9419.0,0.13821,16146752440.0,3548362730.0,4594269450.0,,890.26506,방송과엔터테인먼트,36950.0,8740.0,0.0253167581,10882752,473980,30993.0,23048.4,1.3446920393606496,259202430.25,-15.361890694239289,-43.68550368550369,1.3446920393606496,14.428283257245992,21.975705289255057,13.821,-68.9851150202977,https://finance.naver.com/item/main.naver?code=473980
우진엔텍,KOSDAQ,13350.0,124408089300,23.79,2.48,572.0,5483.0,0.11292,11378032760.0,1043635770.0,984312300.0,,-42.48075,에너지장비및서비스,34900.0,10750.0,0.0328836121,9318958,457550,53150.0,73365.7,0.7244529800710686,1046141325.5,-38.337182448036955,-57.88643533123028,3.4251155512725977,10.43224512128397,9.172374451838017,11.292,-61.74785100286533,https://finance.naver.com/item/main.naver?code=457550
아바텍,KOSDAQ,9060.0,123829389180,17.75,0.81,506.0,11122.0,0.05716,16906770690.0,335757730.0,1309743500.0,,16.34808,디스플레이장비및부품,19490.0,6750.0,0.0240449328,13667703,149950,30767.0,81072.3,0.3795007665996894,728494509.25,-43.90092879256966,-22.29845626072041,0.6559577068863224,4.549541449379608,1.9859364993847919,5.716,-53.514622883530016,https://finance.naver.com/item/main.naver?code=149950
대동기어,KOSDAQ,6450.0,123723358200,-18.89,1.13,-341.0,5700.0,2.77493,67034193540.0,1645701860.0,572364030.0,,179.16167,기계,18803.303,5453.846,0.0494230608,19181916,008830,238731.0,824022.7,0.2897141061769294,5255042076.5,-56.44834571235652,-72.3175965665236,0.784013595741962,-5.982456140350878,2.455018510841027,277.493,-65.69751601620204,https://finance.naver.com/item/main.naver?code=008830
동방메디컬,KOSDAQ,5910.0,123719585400,10.45,1.01,572.0,5905.0,0.50252,33940580990.0,6357463130.0,3994914040.0,,-34.27735,건강관리장비와용품,11440.0,4500.0,0.010648115,20933940,240550,25792.0,71445.25,0.3610037056347343,441409674.5,-8.372093023255811,-27.127003699136864,0.6104394623855329,9.68670618120237,18.731155874653755,50.251999999999995,-48.33916083916085,https://finance.naver.com/item/main.naver?code=240550
와이투솔루션,KOSPI,3370.0,123693807780,-13.17,1.27,-262.0,2706.0,1.20951,87367181260.0,665400880.0,448483520.0,,264.33639,전자장비와기기,9900.0,2400.0,0.0509182634,36704394,011690,54098.0,145243.2,0.37246494156008675,492861658.5,-25.607064017660043,-61.5296803652968,2.310201097194223,-9.682187730968218,0.7616142244761257,120.95100000000001,-65.95959595959596,https://finance.naver.com/item/main.naver?code=011690
피아이이,KOSDAQ,3425.0,123397612500,-5.3,2.12,-626.0,1566.0,2.02212,11008389060.0,-2980091980.0,-10564623880.0,,34.12563,IT서비스,9850.0,1815.0,0.0173188726,36028500,452450,48735.0,75201.5,0.6480588818042193,242428384.85,-29.59917780061665,-42.533557046979865,1.979428601823102,-39.97445721583653,-27.071099720016615,202.21200000000002,-65.22842639593908,https://finance.naver.com/item/main.naver?code=452450
KCTC,KOSPI,4110.0,123300000000,5.74,0.38,707.0,10550.0,1.30727,290934509200.0,15626815960.0,10631723470.0,,8.69822,항공화물운송과물류,8390.0,3370.0,0.070537,30000000,009070,96196.0,112479.3,0.8552329184125435,450249209.0,-9.3715545755237,-45.49071618037135,1.5737562378144245,6.701421800947867,5.37124867138312,130.727,-51.01311084624554,https://finance.naver.com/item/main.naver?code=009070
라온로보틱스,KOSDAQ,9320.0,123559900000,30.58,3.16,310.0,2998.0,0.56818,18216404460.0,449949290.0,318060190.0,,30.86468,반도체와반도체장비,23950.0,7020.0,0.036320347,13257500,232680,78761.0,310408.1,0.25373371377873194,3102601309.25,-38.724523339907954,-40.937896070975924,0.3117541069321323,10.340226817878586,2.470022506296503,56.818000000000005,-61.085594989561585,https://finance.naver.com/item/main.naver?code=232680
조일알미늄,KOSPI,973.0,123212664533,15.44,0.59,63.0,1655.0,1.07218,154139388820.0,10020716520.0,7455858200.0,,31.17957,비철금속,2235.0,852.0,0.0237246716,126631721,018470,1020145.0,1202531.45,0.8483312432286075,1222021302.2,-32.80386740331491,-24.28015564202335,1.0439211381955957,3.8066465256797586,6.50107451230518,107.21799999999999,-56.46532438478747,https://finance.naver.com/item/main.naver?code=018470
코윈테크,KOSDAQ,10500.0,122787861000,68.24,0.67,148.0,15009.0,0.77023,58382472470.0,-7405178120.0,-7745283310.0,,179.16167,기계,21150.0,7340.0,0.0243874637,11694082,282880,82597.0,64719.4,1.2762324743430873,651042737.25,-14.979757085020239,-38.089622641509436,5.087593519099373,0.9860750216536744,-12.683906327888344,77.023,-50.35460992907801,https://finance.naver.com/item/main.naver?code=282880
신화프리텍,KOSDAQ,1880.0,122689668560,-17.58,1.13,-107.0,1661.0,0.84713,25091615810.0,1528348210.0,212651200.0,,179.16167,기계,2965.0,1648.0,0.0109523435,65260462,095190,129402.0,100709.7,1.2849010571970725,192191691.35,-2.641118591403413,-19.313304721030043,1.2849010571970725,-6.441902468392535,6.09107130275322,84.71300000000001,-36.59359190556493,https://finance.naver.com/item/main.naver?code=095190
비씨엔씨,KOSDAQ,9580.0,122604102340,109.33,1.59,90.0,6182.0,1.46017,26766057170.0,1838067680.0,460659910.0,,30.86468,반도체와반도체장비,19050.0,7120.0,0.0336871069,12797923,146320,18238.0,34819.05,0.5237937278587439,345973224.75,-27.53403933434191,-39.9749373433584,0.5237937278587439,1.455839534131349,6.86715891072723,146.017,-49.71128608923885,https://finance.naver.com/item/main.naver?code=146320
핑거,KOSDAQ,10190.0,122440156230,311.56,2.01,32.0,4960.0,0.84823,22551758660.0,369689800.0,6732534660.0,,34.12563,IT서비스,25650.0,6200.0,0.0417657972,12015717,163730,87657.0,137654.45,0.6367901655195309,1370079398.25,-29.52973720608575,-11.314186248912094,0.9195198556966374,0.6451612903225806,1.6392947688630506,84.82300000000001,-60.2729044834308,https://finance.naver.com/item/main.naver?code=163730
오로스테크놀로지,KOSDAQ,13060.0,122327038520,-18.81,1.9,-695.0,6873.0,1.0508,11366242000.0,-2294089350.0,-3570652520.0,,30.86468,반도체와반도체장비,52000.0,10910.0,0.0941270535,9366542,322310,58796.0,155186.85,0.37887230780185305,2203559435.75,-52.16117216117215,-46.25514403292181,1.0313502722685588,-10.112032591299288,-20.18335831667142,105.08,-74.88461538461539,https://finance.naver.com/item/main.naver?code=322310
AP위성,KOSDAQ,8090.0,122015839360,-42.41,1.13,-195.0,7297.0,0.26804,6760100200.0,-2317459810.0,-1500798930.0,,-328.00078,통신장비,22400.0,5720.0,0.0215396136,15082304,211270,30076.0,56725.25,0.5302048029757471,458926829.25,-36.79687499999999,-53.23699421965318,0.7531919207055059,-2.672331094970536,-34.281441715908294,26.804,-63.88392857142857,https://finance.naver.com/item/main.naver?code=211270
성우,KOSDAQ,8110.0,122020383700,25.13,0.54,316.0,14759.0,0.11066,24714838790.0,763648390.0,1939243760.0,,-82.80274,전기제품,15440.0,6420.0,0.0125351015,15045670,458650,15428.0,13077.7,1.1797181461571988,104994874.0,-24.063670411985015,-41.6126709863211,3.6209731068918845,2.141066467917881,3.089837633531252,11.065999999999999,-47.47409326424871,https://finance.naver.com/item/main.naver?code=458650
톱텍,KOSDAQ,3205.0,121864500225,-8.2,0.31,-405.0,10549.0,0.39362,40843433210.0,-6506930800.0,-2880135850.0,,179.16167,기계,5260.0,2550.0,0.0187677301,38023245,108230,539935.0,1428132.6,0.37807063573788596,4852798557.65,-9.97191011235955,-33.98558187435633,5.095584961788562,-3.839226466963693,-15.931400199743395,39.362,-39.06844106463878,https://finance.naver.com/item/main.naver?code=108230
유아이엘,KOSDAQ,3945.0,121674155625,5.46,0.61,715.0,6445.0,0.40368,89763249160.0,6845777690.0,4132527150.0,,95.46514,핸드셋,4345.0,2905.0,0.0604260176,30842625,049520,308225.0,72704.8,4.239403725751257,272592838.25,9.583333333333343,-3.663003663003661,4.239403725751257,11.093871217998448,7.626481610305381,40.367999999999995,-9.205983889528191,https://finance.naver.com/item/main.naver?code=049520
파세코,KOSDAQ,6080.0,121600000000,32.7,1.41,185.0,4285.0,0.61411,46702021360.0,2351568590.0,2419792910.0,,11.78848,가정용기기와용품,9980.0,4990.0,0.00822765,20000000,037070,172302.0,716497.45,0.24047817616098985,4990674200.25,-2.8753993610223683,-28.132387706855788,0.4000167760541228,4.3173862310385065,5.035260833515237,61.411,-39.07815631262525,https://finance.naver.com/item/main.naver?code=037070
현대리바트,KOSPI,6040.0,121489780080,16.41,0.29,368.0,20785.0,0.95628,373133396360.0,5558530630.0,3754439390.0,,28.5733,가구,9300.0,5100.0,0.0373070232,20114202,079430,6312.0,28971.4,0.21787003734717686,172371733.75,-3.514376996805113,-20.52631578947368,1.4917470332810978,1.7705075775799854,1.4896899297207684,95.628,-35.05376344086022,https://finance.naver.com/item/main.naver?code=079430
신영와코루,KOSPI,13480.0,121320000000,19.31,0.31,697.0,43200.0,0.10785,59372205960.0,-45059200.0,206414920.0,,9.12316,"섬유,의류,신발,호화품",22450.0,11400.0,0.2593162222,9000000,005800,1033.0,4678.45,0.2207996238070301,63112557.0,1.5825169555388152,-23.365548607163156,1.349592279494277,1.6134259259259258,-0.07589275027166265,10.785,-39.9554565701559,https://finance.naver.com/item/main.naver?code=005800
SM C&C,KOSDAQ,1253.0,121183418860,-61.05,1.59,-22.0,843.0,1.21474,27230261950.0,-1557345950.0,-4366299610.0,,11.3913,광고,1900.0,777.0,0.0329287857,96714620,048550,775466.0,956323.05,0.8108828915082618,1412009187.75,47.75943396226414,1.5397082658022754,1.084496499378531,-2.6097271648873073,-5.719173590248918,121.47399999999999,-34.05263157894737,https://finance.naver.com/item/main.naver?code=048550
현대바이오랜드,KOSDAQ,4035.0,121050000000,505.0,0.89,8.0,4538.0,0.14241,40273303100.0,7044462840.0,5962956500.0,,49.63323,화장품,5320.0,3125.0,0.0279308333,30000000,052260,55553.0,67154.5,0.8272416591591033,261910373.1,8.760107816711592,-11.610076670317637,0.8272416591591033,0.17628911414720141,17.491644086178766,14.241000000000001,-24.15413533834586,https://finance.naver.com/item/main.naver?code=052260
제노코,KOSDAQ,12420.0,120925852020,-49.31,2.18,-260.0,5883.0,0.38631,10856051800.0,-695873470.0,193180040.0,,42.45479,우주항공과국방,36900.0,9710.0,0.2121708261,9736381,361390,18672.0,22363.05,0.8349487212164709,292871419.5,-31.945205479452056,-56.113074204947,0.8349487212164709,-4.419513853476118,-6.410005062798245,38.631,-66.34146341463413,https://finance.naver.com/item/main.naver?code=361390
네오오토,KOSDAQ,8960.0,120837678080,7.17,0.78,1260.0,11647.0,0.44623,63398708940.0,4109514860.0,2336624060.0,,10.62051,자동차부품,16100.0,4995.0,0.0127130043,13486348,212560,108199.0,350511.5,0.30868887326093436,4026542340.0,-16.33986928104575,-5.285412262156452,0.4430724812167361,10.818236455739676,6.48201663521131,44.623000000000005,-44.34782608695652,https://finance.naver.com/item/main.naver?code=212560
팜스토리,KOSDAQ,1084.0,120775594400,4.01,0.43,272.0,2550.0,1.88763,362985033940.0,17636031170.0,13336520860.0,,35.44428,식품,1656.0,925.0,0.021281353,111416600,027710,140771.0,336438.05,0.41841581236129505,363659575.4,-2.3423423423423406,-22.736992159657877,4.474354193885026,10.666666666666668,4.858611105414106,188.763,-34.54106280193236,https://finance.naver.com/item/main.naver?code=027710
KX,KOSDAQ,2690.0,120565353460,5.88,0.32,461.0,8467.0,0.8568,112037439830.0,25156255250.0,17399916060.0,,31.65137,복합기업,4460.0,2250.0,0.023212692,44819834,122450,11842.0,29892.45,0.39615354378781265,81002184.3,-4.270462633451954,-27.297297297297295,1.7630204282352233,5.4446675327743,22.453436358569814,85.68,-39.68609865470852,https://finance.naver.com/item/main.naver?code=122450
NICE인프라,KOSDAQ,3490.0,119175570720,14.81,0.58,234.0,6019.0,2.53329,110468183590.0,9647416970.0,4984736140.0,,15.49036,상업서비스와공급품,4845.0,2840.0,0.0262224181,34147728,063570,31193.0,21656.5,1.440352780920278,70748380.65,4.33482810164425,-21.129943502824855,2.33782005402535,3.8876889848812093,8.733208654725559,253.329,-27.966976264189892,https://finance.naver.com/item/main.naver?code=063570
하나기술,KOSDAQ,14880.0,118964260800,-21.18,1.22,-726.0,12570.0,2.41823,5292954430.0,-6370321630.0,1225596120.0,,264.33639,전자장비와기기,35850.0,9250.0,0.0058368387,7994910,299030,25604.0,43005.35,0.5953677856359733,596863029.75,-14.825414997137953,-49.215017064846414,0.9210016893247003,-5.7756563245823385,-120.35474165229117,241.82299999999998,-58.493723849372394,https://finance.naver.com/item/main.naver?code=299030
KCC건설,KOSDAQ,5560.0,118984000000,2.44,0.2,2276.0,27706.0,1.52975,379868908170.0,16294439590.0,8950355870.0,,36.90859,건설,7840.0,4450.0,0.0322553738,21400000,021320,8781.0,15595.3,0.5630542535251005,87692025.5,10.099009900990108,-23.310344827586206,1.0097272896321328,8.214827113260666,4.289490200316123,152.975,-29.081632653061227,https://finance.naver.com/item/main.naver?code=021320
레이언스,KOSDAQ,7160.0,118791660240,-21.79,0.49,-336.0,15058.0,0.12337,36458028610.0,2511659980.0,2566964340.0,,-34.27735,건강관리장비와용품,8020.0,4835.0,0.0361968232,16591014,228850,47219.0,91790.95,0.5144189051317151,632367583.5,8.484848484848495,37.428023032629554,1.4345858714829731,-2.23137202815779,6.889182097221466,12.337,-10.723192019950122,https://finance.naver.com/item/main.naver?code=228850
액트로,KOSDAQ,11800.0,118767129800,14.74,1.48,802.0,7978.0,0.6619,52552861580.0,-404486980.0,1666900040.0,,95.46514,핸드셋,32700.0,4550.0,0.1303792912,10065011,290740,76077.0,69975.35,1.0871971344194775,616893205.5,-2.1558872305140975,-49.247311827956985,3.268836811820162,10.052644773126097,-0.7696764131183587,66.19,-63.91437308868502,https://finance.naver.com/item/main.naver?code=290740
시지메드텍,KOSDAQ,1150.0,118747891400,19.03,1.32,63.0,910.0,0.39374,15316112380.0,332758090.0,1096136520.0,,-34.27735,건강관리장비와용품,3555.0,850.0,0.0388903205,103259036,056090,505283.0,413617.8,1.2216181218506554,450628836.3,-15.066469719350073,-60.750853242320815,1.3104102386309293,6.923076923076923,2.172601517566039,39.373999999999995,-67.65119549929676,https://finance.naver.com/item/main.naver?code=056090
나라스페이스테크놀로지,KOSDAQ,10220.0,118246759260,-11.4,2.5,-905.0,4128.0,0.38384,1947464110.0,-3666505160.0,-3508679510.0,,42.45479,우주항공과국방,64600.0,7520.0,0.0389660171,11570133,478340,39843.0,102558.7,0.3884897136956689,1147727922.25,-53.755656108597286,-79.35353535353535,0.3884897136956689,-21.9234496124031,-188.2707435363212,38.384,-84.17956656346749,https://finance.naver.com/item/main.naver?code=478340
박셀바이오,KOSDAQ,5070.0,117914739150,-6.94,1.52,-577.0,2638.0,0.1015,1624755010.0,-5024586500.0,-4046283680.0,,48.4019,제약,11520.0,3350.0,0.0519829327,23257345,323990,519204.0,81088.95,6.4028945990791595,336963985.2,-0.9765625,-48.26530612244898,6.4028945990791595,-21.872630780894617,-309.25194685197494,10.15,-55.98958333333333,https://finance.naver.com/item/main.naver?code=323990
SG,KOSDAQ,1076.0,117890112952,-55.27,1.15,-22.0,1058.0,0.91001,23027309090.0,686823430.0,1244551550.0,,7.62098,건축자재,3397.241,1035.0,0.0204925459,109563302,255220,4338467.0,1224497.7,3.543058512890633,1618525083.55,-45.29740721911541,-64.19301164725456,5.617977069291351,-2.0793950850661624,2.9826473745395843,91.001,-68.32723966300888,https://finance.naver.com/item/main.naver?code=255220
컨텍,KOSDAQ,7140.0,117865506360,-14.47,1.27,-497.0,5646.0,0.33516,17981050730.0,-7913424170.0,4906063100.0,,42.45479,우주항공과국방,26350.0,5760.0,0.0466001049,16507774,451760,33404.0,90844.15,0.36770667126061507,708191229.75,-50.10482180293501,-61.06870229007634,0.6129178378574736,-8.802692171448813,-44.00979836399138,33.516,-72.90322580645162,https://finance.naver.com/item/main.naver?code=451760
그린케미칼,KOSPI,4910.0,117840000000,11.86,0.92,414.0,5344.0,0.76754,91921547950.0,7523029800.0,9622212920.0,,-33.47526,화학,7780.0,4095.0,0.0199992083,24000000,083420,19406.0,136648.3,0.14201420727517286,690337721.7,7.32240437158469,-21.061093247588424,0.487199621217388,7.747005988023951,8.18418528383801,76.754,-36.88946015424165,https://finance.naver.com/item/main.naver?code=083420
동양,KOSPI,1093.0,117084380976,5.12,0.14,210.0,7624.0,0.95332,146110177710.0,-3603405280.0,-16792743040.0,,7.62098,건축자재,2660.0,970.0,0.031591503,107122032,001520,109519.0,165655.9,0.6611234492704455,184547673.1,75.7234726688103,9.40940940940942,1.0398965566575051,2.7544596012591813,-2.4662246918568886,95.332,-58.909774436090224,https://finance.naver.com/item/main.naver?code=001520
인천도시가스,KOSPI,26750.0,117024669500,5.73,0.46,4650.0,57765.0,1.0096,196532483810.0,3300107110.0,4171226400.0,,9.4585,가스유틸리티,28300.0,24750.0,0.0238975723,4374754,034590,1156.0,1342.1,0.8613367111243574,35556732.5,3.0828516377649384,-1.291512915129156,1.8038894270173609,8.049857179953259,1.6791662355371317,100.96000000000001,-5.477031802120136,https://finance.naver.com/item/main.naver?code=034590
현대에버다임,KOSDAQ,6550.0,116863213600,25.31,0.61,260.0,10745.0,0.84063,79716688880.0,3202238740.0,2961075660.0,,179.16167,기계,11320.0,5020.0,0.0360346586,17841712,041440,46907.0,73617.65,0.637170569829382,472144935.75,-17.91979949874687,-25.904977375565608,3.727896774754424,2.419730107026524,4.01702427056451,84.063,-42.13780918727915,https://finance.naver.com/item/main.naver?code=041440
아이비김영,KOSDAQ,2600.0,116861303000,5.38,1.51,478.0,1702.0,1.00975,28318970010.0,3059124000.0,2070839280.0,,10.89225,교육서비스,3150.0,1790.0,0.0240208309,44946655,339950,35330.0,143240.95,0.2466473449107954,398622808.3,1.7612524461839474,17.913832199546476,0.48907801854148547,28.08460634547591,10.802384404940439,100.975,-17.460317460317466,https://finance.naver.com/item/main.naver?code=339950
태림포장,KOSPI,1650.0,116829801000,-12.0,0.37,-136.0,4398.0,1.20122,212333009000.0,4469541000.0,5061985000.0,,18.15087,포장재,2830.0,1500.0,0.0100459227,70805940,011280,18420.0,36800.5,0.500536677490795,62487168.1,-11.19483315392895,-26.66666666666667,1.4665289873778888,-3.0923146884947705,2.1049675794873703,120.122,-41.696113074204945,https://finance.naver.com/item/main.naver?code=011280
세종텔레콤,KOSDAQ,8330.0,116620000000,26.9,0.5,316.0,17031.0,1.18806,69478150250.0,1378155720.0,-166143620.0,,7.80673,다각화된통신서비스,15450.0,5030.0,0.0036107143,14000000,036630,5520.0,16391.7,0.3367557971412361,128282653.75,-24.954954954954957,0.12019230769231282,1.105925559887016,1.855440079854383,1.9835814785526762,118.80599999999998,-46.084142394822,https://finance.naver.com/item/main.naver?code=036630
아진엑스텍,KOSDAQ,6360.0,116452019760,141.52,2.89,46.0,2254.0,0.10183,8872557400.0,1810935640.0,1742822260.0,,30.86468,반도체와반도체장비,14500.0,3356.977,0.0165502407,18310066,059120,107218.0,1350068.7,0.07941669931315347,9831725222.75,-12.876712328767127,-16.862745098039213,0.1161740880297425,2.0408163265306123,20.41052605644456,10.183,-56.137931034482754,https://finance.naver.com/item/main.naver?code=059120
케이엔솔,KOSDAQ,8960.0,116478270720,-2.16,0.95,-4188.0,9562.0,2.25728,136973158300.0,-5548440340.0,-6618433010.0,,179.16167,기계,18430.0,6490.0,0.0113037063,12999807,053080,25034.0,133166.7,0.18798994042804995,1299699042.5,-22.154648132059073,-32.631578947368425,0.26918891885133445,-43.798368542145994,-4.050750095027925,225.728,-51.38361367335865,https://finance.naver.com/item/main.naver?code=053080
코아스템켐온,KOSDAQ,2200.0,116314827200,-2.33,1.83,-903.0,1147.0,1.3426,5397604610.0,-4281847180.0,-3677628840.0,,-75.84231,생물공학,6100.0,1014.0,0.0131684897,52870376,166480,137026.0,91958.85,1.4900795301376648,193307156.8,-24.52830188679245,-36.41618497109826,1.4900795301376648,-78.72711421098518,-79.32865575346393,134.26,-63.934426229508205,https://finance.naver.com/item/main.naver?code=166480
플래스크,KOSDAQ,2370.0,116064014460,395.0,2.8,6.0,845.0,0.12079,2525636750.0,-863185970.0,200136980.0,,36.90859,건설,2370.0,2370.0,0.0154579261,48972158,041590,,,,,,,,0.7100591715976331,-34.17696428435325,12.078999999999999,0.0,https://finance.naver.com/item/main.naver?code=041590
넵튠,KOSDAQ,2475.0,115670716425,-2.73,0.35,-895.0,7036.0,0.13685,26601422610.0,-945995070.0,-6280591800.0,,18.38474,게임엔터테인먼트,6430.0,2025.0,0.0200005807,46735643,217270,9532.0,57811.1,0.16488183065189904,145728364.95,-16.526138279932546,-49.12641315519013,1.1420125200869728,-12.720295622512792,-3.556182253367088,13.685,-61.508553654743395,https://finance.naver.com/item/main.naver?code=217270
엠플러스,KOSDAQ,9460.0,115623866160,5.42,1.09,1735.0,8620.0,1.04731,32030174830.0,4037155970.0,3634106650.0,,-82.80274,전기제품,20100.0,6990.0,0.0583617157,12222396,259630,73834.0,75788.25,0.9742143406134856,724643421.25,-24.319999999999997,-26.49572649572649,1.496300547908152,20.127610208816705,12.604227080954713,104.731,-52.93532338308458,https://finance.naver.com/item/main.naver?code=259630
제이아이테크,KOSDAQ,3520.0,115402298880,16.74,1.5,215.0,2405.0,0.62665,21881928370.0,6341394480.0,3916891480.0,,30.86468,반도체와반도체장비,6160.0,2480.0,0.0616430008,32784744,417500,74628.0,296363.55,0.2518123433195479,1167408051.85,10.691823899371066,-2.4930747922437657,0.26609885055027854,8.93970893970894,28.9800531871497,62.665000000000006,-42.85714285714286,https://finance.naver.com/item/main.naver?code=417500
케이에스피,KOSDAQ,2865.0,115147931250,17.77,1.41,164.0,2074.0,0.71895,31358494370.0,4296757010.0,2953443750.0,,20.70862,조선,8260.0,2050.0,0.0275141977,40191250,073010,90870.0,138124.35,0.6578854488727005,400461784.55,-20.41666666666667,-31.785714285714285,1.201019226515817,7.907425265188042,13.702051378176547,71.895,-65.31476997578693,https://finance.naver.com/item/main.naver?code=073010
수산세보틱스,KOSPI,1836.0,114564802680,7.46,0.59,254.0,3199.0,0.41563,73026974750.0,6439581950.0,5308106900.0,,179.16167,기계,4045.0,1330.0,0.0232357086,62399130,017550,310399.0,407674.5,0.7613892946456058,763447808.6,-27.430830039525688,-8.199999999999996,6.980355651383641,7.939981244138794,8.818086702954925,41.563,-54.61063040791101,https://finance.naver.com/item/main.naver?code=017550
나인앤컴퍼니,KOSDAQ,5060.0,114628481000,15.68,1.41,329.0,3656.0,0.09795,14131563020.0,1893107720.0,8016882440.0,,9.12316,"섬유,의류,신발,호화품",7100.0,3900.0,0.007263975,22653850,366030,23464.0,82010.9,0.28610830999293996,406819195.35,1.200000000000001,-21.67182662538699,0.7413648673529982,8.99890590809628,13.396308089351038,9.795,-28.732394366197177,https://finance.naver.com/item/main.naver?code=366030
리센스메디컬,KOSDAQ,10400.0,114396890400,-3.93,15.13,-2890.0,751.0,0.49895,1686868060.0,-2789695430.0,-2816018780.0,,-34.27735,건강관리장비와용품,39900.0,8060.0,0.0515027636,10999701,394420,128958.0,138882.05,0.9285433214731494,1613855671.5,-48.768472906403936,-43.63143631436315,0.9285433214731494,-384.8202396804261,-165.37721569047906,49.895,-73.93483709273183,https://finance.naver.com/item/main.naver?code=394420
일승,KOSDAQ,3715.0,114149865105,15.49,2.52,243.0,1494.0,0.39174,16228790690.0,5932655530.0,6752450410.0,,20.70862,조선,10430.0,2850.0,0.0081799092,30726747,333430,58196.0,1018213.25,0.05715502130815917,4284853380.85,-4.498714652956293,-39.495114006514655,0.14822631703132916,16.265060240963855,36.55636235209834,39.174,-64.38159156279961,https://finance.naver.com/item/main.naver?code=333430
아톤,KOSDAQ,4660.0,114086548720,70.76,1.14,66.0,4089.0,0.60178,17438099160.0,3150541960.0,3684104440.0,,163.68113,소프트웨어,11370.0,3300.0,0.0407745384,24482092,158430,111922.0,185015.25,0.6049339176094943,838988026.2,-16.78571428571428,-39.48051948051948,2.5655398676595578,1.6140865737344092,18.0670033533632,60.178,-59.01495162708883,https://finance.naver.com/item/main.naver?code=158430
디와이,KOSPI,4330.0,113964010890,7.78,0.28,570.0,15901.0,0.76386,370529148220.0,23953781820.0,20170716290.0,,10.62051,자동차부품,5640.0,3615.0,0.0412559704,26319633,013570,47258.0,60137.2,0.7858363874606733,258741822.2,13.35078534031413,-20.404411764705888,0.9083728540736848,3.5846802087918994,6.464749651970039,76.386,-23.226950354609933,https://finance.naver.com/item/main.naver?code=013570
진흥기업,KOSPI,782.0,113758904590,-4.01,0.48,-195.0,1644.0,1.21915,220255855070.0,506610490.0,697696490.0,,36.90859,건설,1645.0,621.0,0.0186786513,145471745,002780,2436495.0,1721296.85,1.4154995984568262,1350835458.55,-29.991047448522835,-5.896510228640195,1.4154995984568262,-11.861313868613138,0.23000999898004662,121.91499999999999,-52.462006079027354,https://finance.naver.com/item/main.naver?code=002780
KEC,KOSPI,2830.0,113631937240,-4.26,0.35,-660.0,8115.0,0.42394,67823572940.0,-3272334040.0,-2785577740.0,,30.86468,반도체와반도체장비,10450.0,2140.0,0.0346406218,40152628,092220,248640.0,247640.8,1.0040348763208649,653633476.9,-47.10280373831775,257.77496839443745,1.0040348763208649,-8.133086876155268,-4.824773892249623,42.394,-72.91866028708134,https://finance.naver.com/item/main.naver?code=092220
하이텍팜,KOSDAQ,10660.0,113349624180,10.17,0.89,1079.0,12290.0,0.10316,23379278700.0,6292944830.0,5245361130.0,,48.4019,제약,25000.0,9540.0,0.4636951736,10633173,106190,27611.0,29617.15,0.9322639079047106,347612739.5,-27.036276522929505,-37.03484937979917,2.1515912233283756,8.779495524816925,26.916762106950713,10.316,-57.36,https://finance.naver.com/item/main.naver?code=106190
경동인베스트,KOSPI,47800.0,113048099400,5.64,0.21,8482.0,227089.0,0.23162,62466481510.0,-2497771090.0,576837190.0,,31.17957,비철금속,103700.0,39000.0,0.0411091139,2365023,012320,2497.0,4777.2,0.5226911161349744,224641010.0,-2.4489795918367308,-48.43581445523193,1.0324039186134137,3.7350994543989358,-3.9985781648357164,23.162,-53.90549662487947,https://finance.naver.com/item/main.naver?code=012320
극동유화,KOSPI,3230.0,112628226600,94.85,0.55,34.0,5888.0,1.31558,257785199020.0,13125227210.0,8417737730.0,,-132.71454,석유와가스,6470.0,2950.0,0.0441570866,34869420,014530,59738.0,63656.75,0.9384393642465253,203818723.85,-4.011887072808317,-12.82051282051282,0.941942527697377,0.577445652173913,5.091536387619249,131.558,-50.0772797527048,https://finance.naver.com/item/main.naver?code=014530
아이앤씨,KOSDAQ,6300.0,112561180200,23.31,3.06,281.0,2140.0,0.4506,8979582930.0,348649690.0,553966320.0,,30.86468,반도체와반도체장비,7350.0,2135.0,0.0220441159,17866854,052860,101645.0,60477.9,1.6806965850335411,338558613.05,10.139860139860147,93.5483870967742,4.8343609814494215,13.130841121495326,3.8826935807362712,45.06,-14.28571428571429,https://finance.naver.com/item/main.naver?code=052860
루미르,KOSDAQ,6320.0,112607838720,2170.0,1.89,3.0,3445.0,0.15049,4235109550.0,-1056255100.0,-879919270.0,,42.45479,우주항공과국방,22650.0,4040.0,0.0405895914,17817696,474170,26586.0,59206.5,0.4490385346203542,385857200.25,-40.37735849056604,-64.2736009044658,1.0947277748220212,0.08708272859216255,-24.94044339419744,15.049000000000001,-72.0971302428256,https://finance.naver.com/item/main.naver?code=474170
세명전기,KOSDAQ,7380.0,112515480000,8.83,1.25,837.0,5911.0,0.1596,12646054580.0,5588161830.0,4777026530.0,,55.86742,전기장비,17970.0,5090.0,0.0487233373,15246000,017510,58989.0,314674.1,0.18746061401303762,2392882047.25,-16.136363636363637,-35.77023498694517,0.40693530226987223,14.16004060226696,44.1889744714355,15.959999999999999,-58.931552587646074,https://finance.naver.com/item/main.naver?code=017510
중앙첨단소재,KOSDAQ,1008.0,111980442672,-18.85,1.07,-53.0,936.0,0.24033,4899947040.0,-1045496910.0,-2110957360.0,,-328.00078,통신장비,4355.0,805.0,0.0420901797,111091709,051980,703349.0,865701.95,0.812460916831711,903986610.2,-25.608856088560884,-55.2,1.0111320645633293,-5.662393162393163,-21.336902245376105,24.032999999999998,-76.85419058553387,https://finance.naver.com/item/main.naver?code=051980
현대이지웰,KOSDAQ,4995.0,112277125485,4.88,1.04,1035.0,4862.0,1.25407,30068122000.0,3483010000.0,2846986000.0,,15.49036,상업서비스와공급품,6690.0,4765.0,0.1715584857,22477903,090850,113403.0,101252.55,1.120001422186404,525848327.3,-8.683729433272392,-24.20333839150227,1.120001422186404,21.287535993418345,11.58372977201569,125.407,-25.336322869955154,https://finance.naver.com/item/main.naver?code=090850
서울옥션,KOSDAQ,6300.0,111977882100,-11.77,1.05,-521.0,5836.0,1.19363,4265472250.0,386034390.0,-354091450.0,,-17.27383,판매업체,9950.0,4100.0,0.0262147519,17774267,063170,73701.0,40006.6,1.8422210335294678,222464926.55,21.62162162162162,-31.222707423580786,1.8422210335294678,-8.927347498286498,9.050214545411707,119.363,-36.68341708542714,https://finance.naver.com/item/main.naver?code=063170
KBI동양철관,KOSPI,1078.0,111860725746,-28.66,0.8,-38.0,1363.0,0.75155,60304860130.0,-82673200.0,-2305687160.0,,43.89712,철강,3284.336,890.0,0.0244041484,103766907,008970,233415.0,459341.3,0.5081515639895651,506882582.15,-20.14814814814815,-41.125068268705625,3.4927841237006123,-2.7879677182685256,-0.13709210140240813,75.155,-67.17753603772574,https://finance.naver.com/item/main.naver?code=008970
파워로직스,KOSDAQ,3050.0,111662802750,-9.09,0.57,-337.0,5394.0,0.76962,200535182230.0,4625806290.0,3641735140.0,,95.46514,핸드셋,6850.0,2400.0,0.05920233,36610755,047310,45979.0,111234.75,0.41335104362620495,339950302.55,-24.87684729064039,-50.16339869281046,0.8047485160887222,-6.247682610307749,2.3067305390305624,76.962,-55.47445255474452,https://finance.naver.com/item/main.naver?code=047310
상상인,KOSDAQ,2015.0,111486550695,-0.94,0.3,-2203.0,6994.0,9.49147,126036063120.0,-4517111240.0,-6364489300.0,,29.77157,기타금융,2545.0,1601.0,0.0409353706,55328313,038540,13232.0,218894.6,0.06044918421925438,485828431.0,2.1287379624936653,-5.39906103286385,0.21608573258545435,-31.498427223334286,-3.583983130050024,949.1469999999999,-20.825147347740668,https://finance.naver.com/item/main.naver?code=038540
NH농우바이오,KOSDAQ,6950.0,111412398950,9.05,0.4,767.0,17324.0,0.26286,46099500120.0,2499820670.0,3196744540.0,,-75.84231,생물공학,9020.0,6400.0,0.0239865592,16030561,054050,11062.0,17823.8,0.6206308419080107,121582301.5,-1.278409090909094,-18.331374853113978,1.7883391869298355,4.42738397598707,5.422663290258688,26.285999999999998,-22.9490022172949,https://finance.naver.com/item/main.naver?code=054050
와이엔텍,KOSDAQ,6120.0,111381913080,3.61,0.32,1681.0,19155.0,0.44863,34132042830.0,6368918660.0,6533515520.0,,10.30179,해운사,8190.0,5360.0,0.0362140851,18199659,067900,22909.0,26196.7,0.8744994598556306,157017141.75,-0.4878048780487809,-18.617021276595747,1.0943363095351704,8.775776559645001,18.659646865326522,44.863,-25.274725274725274,https://finance.naver.com/item/main.naver?code=067900
킵스파마,KOSDAQ,5540.0,111232934380,-11.24,1.82,-499.0,3088.0,1.93652,74884347020.0,-2396693500.0,-9046561580.0,,31.17957,비철금속,14250.0,5110.0,0.027449545,20078147,256940,18437.0,35595.85,0.517953637853851,210895127.75,-12.480252764612953,-35.43123543123543,0.90440318183159,-16.159326424870464,-3.200526672630122,193.65200000000002,-61.12280701754387,https://finance.naver.com/item/main.naver?code=256940
NPC,KOSPI,3030.0,111261600000,8.86,0.25,339.0,11789.0,0.42469,115248825840.0,7988638760.0,6761891110.0,,18.15087,포장재,4435.0,2415.0,0.011920561,36720000,004250,12755.0,42404.15,0.30079603057719584,123064115.7,-0.16474464579900872,-23.77358490566037,1.1645794102699853,2.8755619645432184,6.931644380560225,42.469,-31.679819616685457,https://finance.naver.com/item/main.naver?code=004250
한국무브넥스,KOSPI,3650.0,111144033000,5.3,0.28,685.0,13184.0,1.55036,444046269860.0,8702559450.0,7522919230.0,,10.62051,자동차부품,7950.0,3115.0,0.031153659,30450420,010100,27793.0,63409.9,0.43830695206899867,233032035.7,-4.823989569752285,-32.407407407407405,0.7897820371897764,5.195691747572815,1.9598316753665703,155.036,-54.088050314465406,https://finance.naver.com/item/main.naver?code=010100
성도이엔지,KOSDAQ,7300.0,111033000000,3.77,0.39,1982.0,19295.0,1.24222,174639903980.0,10238285530.0,5672440060.0,,36.90859,건설,14450.0,4655.0,0.0460216305,15210000,037350,123229.0,132177.4,0.932300075504587,1020132104.5,-14.619883040935678,-2.79627163781625,0.9394344267628203,10.272091215340762,5.862512115886472,124.22200000000001,-49.48096885813149,https://finance.naver.com/item/main.naver?code=037350
케이엔더블유,KOSDAQ,6930.0,111015273600,-18.71,0.88,-363.0,7691.0,1.68972,18412542530.0,-1836768960.0,-7586667520.0,,30.86468,반도체와반도체장비,11400.0,4100.0,0.0139665233,16019520,105330,27129.0,32185.85,0.8428859265795373,209517305.75,-25.882352941176467,19.8961937716263,1.2262531516178694,-4.719802366402289,-9.975640012819023,168.972,-39.21052631578947,https://finance.naver.com/item/main.naver?code=105330
그린리소스,KOSDAQ,6550.0,110925671350,10.82,1.59,619.0,4219.0,1.05554,14419018410.0,331120840.0,-3779735760.0,,30.86468,반도체와반도체장비,24850.0,4825.0,0.0743687548,16935217,402490,35459.0,108148.6,0.32787294518837967,757574345.25,-44.25531914893617,-29.946524064171122,0.6462774367860518,14.671723157146243,2.296417346761679,105.55399999999999,-73.64185110663983,https://finance.naver.com/item/main.naver?code=402490
동남합성,KOSPI,31600.0,110600000000,15.4,1.94,2046.0,16202.0,0.96675,62020077070.0,5353449990.0,4105401960.0,,-33.47526,화학,35100.0,26100.0,0.0021237143,3500000,023450,779.0,1565.3,0.497668178623906,46900120.0,11.267605633802823,-0.7849293563579329,1.3530952533060756,12.628070608566844,8.631801576056958,96.675,-9.971509971509974,https://finance.naver.com/item/main.naver?code=023450
HS화성,KOSPI,10900.0,110635000000,3.74,0.24,2916.0,45678.0,0.71038,81598558570.0,-5442584810.0,1040017390.0,,36.90859,건설,15780.0,9580.0,0.019524532,10150000,002460,6238.0,13789.95,0.452358420443874,156032135.5,5.009633911368017,-26.251691474966165,0.5717207096472431,6.383817154866675,-6.6699521479059385,71.038,-30.925221799746517,https://finance.naver.com/item/main.naver?code=002460
지오엘리먼트,KOSDAQ,8720.0,109998963200,19.68,1.83,433.0,4668.0,0.24806,17374246560.0,3393715360.0,2890462490.0,,30.86468,반도체와반도체장비,11920.0,5110.0,0.0327059366,12614560,311320,43319.0,103754.85,0.4175130126447101,869814699.5,24.039829302987204,15.496688741721854,0.8329731092088707,9.27592116538132,19.533021753088324,24.806,-26.84563758389261,https://finance.naver.com/item/main.naver?code=311320
에스투더블유,KOSDAQ,10210.0,110528212060,-18.57,4.8,-561.0,2170.0,0.6975,2085113560.0,-3162840390.0,-3069040390.0,,34.12563,IT서비스,40000.0,8010.0,0.0125099233,10825486,488280,36889.0,110077.75,0.3351176781865545,1188158845.25,-46.60041841004185,-48.84769539078157,2.919645432432985,-25.852534562211982,-151.6867210819923,69.75,-74.47500000000001,https://finance.naver.com/item/main.naver?code=488280
위더스제약,KOSDAQ,8320.0,109821337600,20.9,1.06,376.0,7425.0,0.38575,29072007090.0,1076549230.0,1968271720.0,,48.4019,제약,11950.0,5910.0,0.0066598584,13199680,330350,9285253.0,296382.5,31.328614206304355,2461585135.75,23.994038748137104,-10.92077087794433,31.328614206304355,5.063973063973064,3.7030440542590006,38.574999999999996,-30.376569037656907,https://finance.naver.com/item/main.naver?code=330350
비아트론,KOSDAQ,9120.0,110486155200,8.76,0.5,1028.0,17991.0,0.13256,25666161020.0,3489696070.0,4875016060.0,,16.34808,디스플레이장비및부품,12890.0,6500.0,0.0411286775,12114710,141000,28193.0,34831.65,0.8094075359622642,300057092.25,5.190311418685112,-7.22278738555443,1.6496490978750646,5.71396809515869,13.596486312388919,13.256,-29.247478665632276,https://finance.naver.com/item/main.naver?code=141000
레메디,KOSDAQ,14490.0,110497711590,18.74,8.42,777.0,1729.0,1.03018,6184057520.0,2832625820.0,1858930380.0,,-34.27735,건강관리장비와용품,34650.0,6980.0,0.0100166658,7625791,387690,1439867.0,2264245.65,0.6359146588180483,27968073967.25,-34.13636363636363,-34.13636363636363,2.48750439246731,44.93927125506073,45.80529548502647,103.01800000000001,-58.18181818181818,https://finance.naver.com/item/main.naver?code=387690
엔알비,KOSDAQ,10100.0,110076698300,-183.45,1.31,-58.0,8135.0,1.27407,19852947430.0,1874722070.0,5974765410.0,,36.90859,건설,29650.0,5600.0,0.0705130152,10898683,475230,62095.0,118026.5,0.526110661588711,1072196745.25,-11.013215859030833,-60.392156862745104,1.9855371463188352,-0.7129686539643515,9.443041526252609,127.40700000000001,-65.93591905564924,https://finance.naver.com/item/main.naver?code=475230
애니플러스,KOSDAQ,2105.0,109802769780,8.24,0.89,250.0,2310.0,0.78846,32305275700.0,3278554180.0,1058938490.0,,890.26506,방송과엔터테인먼트,4530.0,1800.0,0.0226989575,52162836,310200,395355.0,505424.7,0.7822233460295865,1173415678.65,-6.23608017817372,-34.3213728549142,9.887688512255139,10.822510822510822,10.148664912957235,78.846,-53.53200883002207,https://finance.naver.com/item/main.naver?code=310200
에이티넘인베스트,KOSDAQ,2285.0,109680000000,4.17,0.51,545.0,4446.0,0.08439,8443781770.0,4343156890.0,3347997120.0,,14.71625,창업투자,4000.0,1870.0,0.0916777292,48000000,021080,137764.0,198071.55,0.6955264398142995,449364051.4,-21.206896551724142,-39.06666666666667,0.9992500184907929,12.25820962663068,51.43615749794538,8.439,-42.875,https://finance.naver.com/item/main.naver?code=021080
진로발효,KOSDAQ,16550.0,109579536000,8.99,1.19,1835.0,13837.0,0.20052,28770533360.0,4694746100.0,3426537480.0,,17.2861,음료,19500.0,16000.0,0.0054394121,6621120,018120,5066.0,1250.15,4.052313722353317,20760112.25,-1.8968583283936025,-10.637149028077753,4.052313722353317,13.261545132615451,16.317897347454664,20.052,-15.12820512820513,https://finance.naver.com/item/main.naver?code=018120
엠에스오토텍,KOSDAQ,1749.0,109536894951,-0.88,0.52,-1973.0,3331.0,1.59477,504849615790.0,35479419000.0,5059511630.0,,10.62051,자동차부품,3355.0,1260.0,0.0126341129,62628299,123040,177847.0,310127.4,0.5734643246614133,532288271.45,-8.572922111866177,-25.096359743040686,0.5734643246614133,-59.23146202341639,7.027720313202776,159.477,-47.868852459016395,https://finance.naver.com/item/main.naver?code=123040
STX,KOSPI,3530.0,109493282310,-0.66,-0.96,-5382.0,-3692.0,-3.54316,42377000000.0,-18939000000.0,-57471000000.0,,16.3601,무역회사와판매업체,3530.0,3530.0,0.0220342578,31017927,011810,,,,,,,,145.77464788732394,-44.69169596715199,-354.316,0.0,https://finance.naver.com/item/main.naver?code=011810
도이치모터스,KOSDAQ,3750.0,109430812500,31.13,0.28,120.0,13187.0,3.52921,710940942050.0,12906535450.0,2979815580.0,,7.85368,자동차,5820.0,3500.0,0.039428543,29181550,067990,51258.0,110540.55,0.46370313880290986,415168635.65,-12.28070175438597,-16.573971078976648,0.4860388337130582,0.9099871085159627,1.8154159771392504,352.921,-35.567010309278345,https://finance.naver.com/item/main.naver?code=067990
지에프아이,KOSDAQ,13600.0,109337376800,-20.97,1.63,-601.0,7719.0,0.12592,15537620040.0,2954750110.0,2283564520.0,,264.33639,전자장비와기기,23800.0,8350.0,0.0217844041,8039513,493330,318611.0,53391.75,5.967420060215296,586801534.75,-0.5847953216374324,-18.4652278177458,5.967420060215296,-7.785982640238373,19.016748397716643,12.592,-42.85714285714286,https://finance.naver.com/item/main.naver?code=493330
상상인증권,KOSPI,1010.0,109420491200,-18.36,0.55,-55.0,1839.0,8.14093,58085636410.0,6273240490.0,8447719440.0,,8.14824,증권,1782.0,587.0,0.0107588147,108337120,001290,3155405.0,2152277.4,1.4660772816738215,2501944409.05,-10.301953818827714,-9.172661870503596,1.8557375550196271,-2.990755845568244,10.799985810123621,814.0930000000001,-43.32210998877666,https://finance.naver.com/item/main.naver?code=001290
토비스,KOSDAQ,11290.0,108854431720,3.53,0.54,3180.0,20712.0,0.82934,188093380450.0,15813622460.0,14010119140.0,,16.34808,디스플레이장비및부품,20950.0,8210.0,0.1535877402,9641668,051360,20028.0,59329.05,0.3375749316734382,721797132.5,-39.52865559721478,-31.98795180722892,0.44915602053294296,15.353418308227115,8.407325351996459,82.934,-46.10978520286396,https://finance.naver.com/item/main.naver?code=051360
씨에스베어링,KOSDAQ,3980.0,108534600000,9.76,1.09,412.0,3703.0,0.52027,37804488030.0,3417104500.0,3165402600.0,,179.16167,기계,9600.0,3050.0,0.0291682068,27270000,297090,32390.0,81036.35,0.3996971729353555,315813485.95,-12.910284463894971,-40.861812778603266,1.1487560829183445,11.126113961652715,9.038885799189595,52.027,-58.54166666666667,https://finance.naver.com/item/main.naver?code=297090
대창,KOSPI,1190.0,108457193810,42.54,0.32,28.0,3725.0,1.99686,496772128420.0,22379185010.0,8804360100.0,,31.17957,비철금속,2095.0,950.0,0.046732869,91140499,012800,139296.0,403083.9,0.34557569776416275,476720817.5,-9.367859862909366,-23.42342342342343,0.9519159658820409,0.7516778523489933,4.504919605932348,199.686,-43.198090692124104,https://finance.naver.com/item/main.naver?code=012800
티앤알바이오팹,KOSDAQ,2275.0,108436746600,-2.07,4.67,-1093.0,485.0,2.77578,8721488640.0,-931336720.0,-1661051000.0,,-75.84231,생물공학,4925.0,1127.0,0.0261823138,47664504,246710,119975.0,275708.6,0.4351514606363385,746841724.35,5.568445475638062,-30.32159264931087,0.6261937422336482,-225.36082474226805,-10.678643961405195,277.57800000000003,-53.807106598984774,https://finance.naver.com/item/main.naver?code=246710
씨이랩,KOSDAQ,11550.0,108365380200,-28.94,4.59,-425.0,2678.0,0.13377,2013914270.0,-2720024460.0,-2570658410.0,,34.12563,IT서비스,19100.0,3400.0,0.0586784625,9382284,189330,440566.0,709853.15,0.6206438613394897,10295677268.75,21.451104100946374,159.25925925925927,0.7258261796823752,-15.87005227781927,-135.06158134526748,13.377,-39.52879581151832,https://finance.naver.com/item/main.naver?code=189330
나무에이엑스,KOSDAQ,3130.0,108317606320,-37.29,3.03,-85.0,1045.0,1.32822,35482626780.0,343147090.0,209867500.0,,34.12563,IT서비스,11100.0,1308.0,0.0542753474,34606264,242040,182571.0,260593.65,0.7005965034067407,922794888.35,-63.47724620770128,-17.63157894736842,0.8775962115730755,-8.133971291866029,0.9670847993514871,132.822,-71.8018018018018,https://finance.naver.com/item/main.naver?code=242040
대정화금,KOSDAQ,15000.0,107855865000,7.97,0.59,1889.0,25600.0,0.16828,32308597560.0,5262253230.0,4819958390.0,,-33.47526,화학,15210.0,12030.0,0.0322096531,7190391,120240,6787.0,16191.25,0.4191770246274994,238170334.0,13.722517058377548,11.85682326621924,0.696116729715124,7.37890625,16.287470294021638,16.828000000000003,-1.3806706114398382,https://finance.naver.com/item/main.naver?code=120240
우림피티에스,KOSDAQ,7980.0,107730000000,45.47,1.31,181.0,6273.0,0.14676,14204534960.0,959530170.0,1838953200.0,,179.16167,기계,24000.0,4935.0,0.0306094815,13500000,101170,48900.0,95121.95,0.514076929667653,802094965.0,-20.67594433399602,-48.91165172855314,1.6508072006513743,2.8853817949944207,6.755097387574032,14.676,-66.75,https://finance.naver.com/item/main.naver?code=101170
케이씨에스,KOSDAQ,8970.0,107640000000,43.08,5.54,211.0,1640.0,0.58425,5984119100.0,263137200.0,441238480.0,,34.12563,IT서비스,27500.0,6120.0,0.0290830833,12000000,115500,28683.0,71777.2,0.3996115758207342,645165145.25,-32.30188679245283,-3.858520900321538,2.1330728978004156,12.865853658536587,4.397258737714629,58.425000000000004,-67.38181818181819,https://finance.naver.com/item/main.naver?code=115500
태경비케이,KOSPI,3900.0,107574090000,4.51,0.46,866.0,8538.0,0.52624,119529936620.0,9897161010.0,9005692300.0,,31.17957,비철금속,5210.0,3590.0,0.0431438453,27583100,014580,30079.0,61929.4,0.48569823056577327,243551675.25,-2.1329987452948562,-19.00311526479751,4.635972575222754,10.142890606699462,8.280068817792701,52.624,-25.143953934740882,https://finance.naver.com/item/main.naver?code=014580
삼보모터스,KOSDAQ,4025.0,107530921925,4.45,0.22,909.0,18124.0,2.11928,460286095990.0,5046021630.0,5310886240.0,,10.62051,자동차부품,9990.0,3520.0,0.0,26715757,053700,146223.0,381808.15,0.3829750622138369,1674982094.35,-18.35699797160243,-51.796407185628745,0.6126558587080972,5.015449128227764,1.0962793953501537,211.928,-59.7097097097097,https://finance.naver.com/item/main.naver?code=053700
그리드위즈,KOSDAQ,13530.0,107465407500,52.52,0.85,270.0,16771.0,0.44665,20856501640.0,-1652130960.0,-946447140.0,,3.13891,전기유틸리티,29800.0,10700.0,0.0142215228,7942750,453450,33829.0,40338.15,0.8386353861047172,591440677.5,-16.119032858028515,-27.29715206878023,0.8386353861047172,1.6099218889750164,-7.921419366090775,44.665,-54.59731543624161,https://finance.naver.com/item/main.naver?code=453450
샘표식품,KOSPI,23500.0,107354721000,5.37,0.4,4368.0,58052.0,0.40925,100574215090.0,4662432860.0,1780687180.0,,35.44428,식품,34750.0,20450.0,0.077361181,4568286,248170,8019.0,7719.4,1.0388113065782316,181318506.25,3.0701754385964897,-23.452768729641694,1.786926445060497,7.524288568869289,4.635813320370205,40.925,-32.37410071942446,https://finance.naver.com/item/main.naver?code=248170
메타바이오메드,KOSDAQ,3950.0,107327207750,9.0,0.86,438.0,4594.0,0.49272,26990707740.0,6266505930.0,6297812240.0,,-34.27735,건강관리장비와용품,6600.0,3265.0,0.0543014919,27171445,059210,27037.0,93524.9,0.28908878811952754,374918308.75,9.570041608876556,-24.329501915708818,0.4813049786741285,9.53417501088376,23.217271626831376,49.272,-40.15151515151515,https://finance.naver.com/item/main.naver?code=059210
한국경제TV,KOSDAQ,4880.0,107360000000,29.11,0.55,169.0,9011.0,0.15864,29304954930.0,3137552840.0,4826795720.0,,890.26506,방송과엔터테인먼트,6200.0,4270.0,0.0127757273,22000000,039340,53077.0,10825.95,4.902756801943478,52112309.8,5.399568034557234,-19.338842975206617,4.902756801943478,1.8754855177005882,10.706560878508746,15.864,-21.29032258064516,https://finance.naver.com/item/main.naver?code=039340
세운메디칼,KOSDAQ,2435.0,106653000000,8.67,0.68,279.0,3584.0,0.0549,17713365850.0,3443003310.0,3381498620.0,,-34.27735,건강관리장비와용품,3430.0,2050.0,0.0284273973,43800000,100700,1091015.0,351906.8,3.1002953054615596,869935384.75,10.430839002267579,-8.630393996247655,3.1002953054615596,7.7845982142857135,19.437318345683014,5.489999999999999,-29.008746355685133,https://finance.naver.com/item/main.naver?code=100700
한컴위드,KOSDAQ,3770.0,106378395370,12.25,0.66,314.0,5802.0,0.70937,99815476480.0,-712663640.0,6601192190.0,,31.17957,비철금속,8980.0,2795.0,0.0288135403,28217081,054920,118214.0,274550.35,0.4305731170985577,1070672009.3,-14.512471655328795,-26.65369649805448,1.1941452633369436,5.41192692175112,-0.7139811030635076,70.937,-58.01781737193764,https://finance.naver.com/item/main.naver?code=054920
두올,KOSPI,3705.0,106237258920,3.63,0.37,994.0,9739.0,0.97335,209247332940.0,8265793530.0,7743318720.0,,10.62051,자동차부품,5420.0,3040.0,0.0341766471,28674024,016740,17830.0,41241.45,0.4323320348823817,136609361.35,-18.392070484581502,-25.30241935483871,1.1252999106481465,10.20638669267892,3.950250363463486,97.33500000000001,-31.642066420664207,https://finance.naver.com/item/main.naver?code=016740
탑런토탈솔루션,KOSDAQ,2700.0,105693006600,16.04,0.58,169.0,4656.0,2.04378,178757459180.0,299280670.0,-822960850.0,,10.62051,자동차부품,5280.0,1721.0,0.0079520644,39145558,336680,73623.0,15136.15,4.864050633747683,40094163.05,-11.764705882352944,-35.637663885578064,4.864050633747683,3.6297250859106533,0.16742275895667047,204.378,-48.86363636363637,https://finance.naver.com/item/main.naver?code=336680
HS애드,KOSPI,6520.0,105673838880,6.0,0.49,1072.0,13081.0,1.26877,102766285150.0,3769731060.0,2755826690.0,,11.3913,광고,9390.0,5750.0,0.2323287086,16207644,035000,47520.0,57005.9,0.8335979258287299,378300296.75,-11.891891891891893,-25.229357798165143,2.0047924863917594,8.195092118339577,3.6682566218070596,126.877,-30.56443024494143,https://finance.naver.com/item/main.naver?code=035000
디에스케이,KOSDAQ,4105.0,105541150950,-6.79,1.0,-619.0,4200.0,0.30607,6431036960.0,-3063851520.0,-2088759390.0,,264.33639,전자장비와기기,9280.0,3845.0,0.009934894,25710390,109740,10045.0,25860.2,0.38843473755036695,114938101.75,-32.5944170771757,-36.74884437596302,0.6376980843148932,-14.738095238095239,-47.64164067251761,30.607,-55.765086206896555,https://finance.naver.com/item/main.naver?code=109740
조선선재,KOSPI,83900.0,105516918900,8.37,0.47,9974.0,176087.0,0.06829,16445491210.0,3955054570.0,2852055470.0,,43.89712,철강,141800.0,76000.0,0.0095249,1257651,120030,109.0,492.75,0.22120750887874174,41497557.5,-6.674082313681873,-24.888093106535358,0.6210045662100456,5.664245515001108,24.04947665895837,6.829000000000001,-40.832157968970385,https://finance.naver.com/item/main.naver?code=120030
삼익악기,KOSPI,1162.0,105196923230,4.97,0.31,232.0,3698.0,0.96887,53941601820.0,2907715560.0,30929836350.0,,10.7743,레저용장비와제품,1361.0,1045.0,0.0193951536,90530915,002450,164020.0,155167.9,1.057048526144905,173402133.6,-8.862745098039216,-5.2974735126324335,1.1477438310372183,6.273661438615467,5.390487975686889,96.887,-14.621601763409252,https://finance.naver.com/item/main.naver?code=002450
우리손에프앤지,KOSDAQ,1519.0,105171979717,4.42,0.32,344.0,4805.0,0.61803,77006804060.0,17017743660.0,12469440280.0,,35.44428,식품,2150.0,1360.0,0.0417093921,69237643,073560,134293.0,112401.8,1.1947584469287857,170960924.7,-6.350184956843408,-28.685446009389672,1.2194822502842482,7.159209157127992,22.099013025836772,61.803,-29.348837209302324,https://finance.naver.com/item/main.naver?code=073560
한국화장품,KOSPI,6540.0,105084720000,95.71,3.21,70.0,2088.0,0.73506,21048383240.0,-316140960.0,-542069460.0,,49.63323,화장품,13080.0,4905.0,0.0192743341,16068000,123690,58439.0,210285.85,0.27790267390792106,1439439091.0,-1.9490254872563728,-34.13897280966768,0.9854681139981601,3.3524904214559386,-1.5019726522235255,73.506,-50.0,https://finance.naver.com/item/main.naver?code=123690
서산,KOSDAQ,5230.0,104600000000,-106.33,1.49,-49.0,3495.0,0.05607,12976014920.0,-325586170.0,420480890.0,,7.62098,건축자재,10300.0,952.0,0.0035952,20000000,079650,3610403.0,4327797.55,0.8342356494933549,22866920644.05,410.2439024390244,216.39443436176649,1.6445739242123283,-1.402002861230329,-2.5091383757440995,5.607,-49.22330097087379,https://finance.naver.com/item/main.naver?code=079650
한국제지,KOSPI,2740.0,104202594560,-3.14,0.26,-880.0,10680.0,0.93346,220386265500.0,4681874410.0,1149308380.0,,-6.01077,종이와목재,4285.0,2525.0,0.0052685575,38030144,027970,11623.0,54669.95,0.2126030845098633,46262850.05,285.9154929577465,239.9503722084367,0.37876383644031136,-8.239700374531834,2.1243948207834213,93.34599999999999,-36.05600933488915,https://finance.naver.com/item/main.naver?code=027970
아시아나IDT,KOSPI,9340.0,103674000000,8.15,0.59,1138.0,15701.0,0.19874,45048046670.0,2257364750.0,4957536680.0,,34.12563,IT서비스,12880.0,8610.0,0.0092282883,11100000,267850,3181.0,9418.1,0.337753899406462,88909678.75,-4.106776180698157,-15.931593159315927,1.0768626368375787,7.247945990701229,5.011015830578298,19.874,-27.484472049689444,https://finance.naver.com/item/main.naver?code=267850
다산네트웍스,KOSDAQ,2420.0,103790092560,-13.19,0.36,-185.0,6733.0,0.81751,159155497710.0,16330363610.0,9059583330.0,,-328.00078,통신장비,6050.0,1950.0,0.0649314869,42888468,039560,85262.0,119549.4,0.7131947128132806,295593799.8,-30.15873015873016,-42.243436754176614,1.0985082317435304,-2.7476607752859055,10.260634313591757,81.75099999999999,-60.0,https://finance.naver.com/item/main.naver?code=039560
동구바이오제약,KOSDAQ,3625.0,103185596000,1.93,0.64,1859.0,5610.0,1.23457,59475096590.0,-6453596050.0,-6141466610.0,,48.4019,제약,6390.0,3315.0,0.0178431457,28464992,006620,69448.0,129140.2,0.5377721267273862,476009713.4,-11.15196078431373,-35.4982206405694,2.122158708132712,33.13725490196078,-10.850921511719061,123.457,-43.27073552425665,https://finance.naver.com/item/main.naver?code=006620
삼성공조,KOSPI,12730.0,103447977220,14.25,0.36,905.0,35993.0,0.14391,31891753500.0,2497832560.0,6312759680.0,,10.62051,자동차부품,20000.0,8790.0,0.0262531081,8126314,006660,98451.0,992113.0,0.09923365584363877,14308798386.75,-3.0464584920030457,-8.941344778254646,0.30693681062540257,2.5143777956824938,7.832220827870126,14.391000000000002,-36.35,https://finance.naver.com/item/main.naver?code=006660
옵투스제약,KOSDAQ,5820.0,102703153800,7.84,0.58,731.0,9824.0,0.09815,24640171920.0,2320029010.0,3904107820.0,,48.4019,제약,20750.0,4610.0,0.0389302976,17646590,131030,18401.0,39808.0,0.462243770096463,232928614.5,-1.0204081632653073,-50.298889837745506,0.5934485530546624,7.440960912052118,9.415636455510574,9.815,-71.95180722891567,https://finance.naver.com/item/main.naver?code=131030
NI스틸,KOSPI,3580.0,102388418860,5.13,0.36,673.0,9590.0,0.99082,76242949640.0,7905056990.0,4732064510.0,,7.62098,건축자재,4650.0,2800.0,0.0148227715,28600117,008260,188344.0,154658.25,1.2178076500930277,523615932.5,17.95716639209226,-4.78723404255319,1.2178076500930277,7.017726798748697,10.368246542566476,99.08200000000001,-23.010752688172044,https://finance.naver.com/item/main.naver?code=008260
RF시스템즈,KOSDAQ,7100.0,102348062000,18.84,2.0,396.0,3732.0,0.5707,11583711330.0,1665586490.0,2100953030.0,,42.45479,우주항공과국방,17750.0,3885.0,0.0831320646,14415220,474610,60428.0,93904.15,0.6435072358356899,683625354.75,-25.57651991614256,4.4117647058823595,0.8397072972813237,10.610932475884244,14.378694725294055,57.07,-60.0,https://finance.naver.com/item/main.naver?code=474610
무림P&P,KOSPI,1641.0,102346419684,-3.08,0.17,-544.0,9575.0,2.53085,207911110300.0,-5058683720.0,-62577461910.0,,-6.01077,종이와목재,4420.0,1415.0,0.024344778,62368324,009580,28893.0,34971.8,0.8261799507031379,58573244.0,-9.835164835164834,-35.52062868369351,1.08238637988322,-5.681462140992167,-2.433099276272779,253.085,-62.873303167420815,https://finance.naver.com/item/main.naver?code=009580
로체시스템즈,KOSDAQ,6690.0,102334274070,8.09,0.74,821.0,9007.0,0.23442,46912671660.0,7513771360.0,6501389660.0,,30.86468,반도체와반도체장비,14070.0,5150.0,0.4622957136,15296603,071280,30026.0,189185.9,0.1587116164576747,1215960066.25,-3.879310344827591,-32.831325301204814,0.5223169379959077,9.115132674586434,16.01650704196965,23.442,-52.45202558635395,https://finance.naver.com/item/main.naver?code=071280
워트,KOSDAQ,6300.0,101556000000,29.1,1.57,221.0,4097.0,0.05844,7705145480.0,2077020370.0,1918373540.0,,30.86468,반도체와반도체장비,10960.0,4125.0,0.017414206,16120000,396470,55135.0,610698.8,0.090281821415074,4260009161.25,-4.545454545454541,-15.887850467289722,0.19181141341689223,5.394190871369295,26.956277144815182,5.844,-42.518248175182485,https://finance.naver.com/item/main.naver?code=396470
크라운제과,KOSPI,8150.0,102069377500,8.46,0.46,964.0,17790.0,0.55562,110668996160.0,3527298610.0,3027623160.0,,35.44428,식품,10160.0,7560.0,0.0297694399,12523850,264900,20033.0,8120.05,2.467103035079833,66581507.5,-0.6097560975609762,-8.22072072072072,2.467103035079833,5.4187745924676785,3.1872509306042662,55.562,-19.783464566929133,https://finance.naver.com/item/main.naver?code=264900
금강철강,KOSDAQ,5430.0,101649600000,-1332.5,0.66,-4.0,8115.0,0.23059,51955191950.0,1175051350.0,1467669540.0,,43.89712,철강,8130.0,3720.0,0.0070425214,18720000,053260,80614.0,947516.9,0.08507922127826954,5830808597.6,9.696969696969692,26.72112018669779,0.22008261805145637,-0.04929143561306223,2.261662994394923,23.058999999999997,-33.210332103321036,https://finance.naver.com/item/main.naver?code=053260
아미노로직스,KOSDAQ,1149.0,101273229978,28.53,1.79,40.0,638.0,0.53537,8245846300.0,1983553520.0,989990210.0,,48.4019,제약,1940.0,855.0,0.0240141737,88140322,074430,26700.0,152347.3,0.17525745451347022,174770536.1,-4.1701417848206805,-26.534526854219955,1.010559425733177,6.269592476489027,24.055184244702694,53.537,-40.77319587628866,https://finance.naver.com/item/main.naver?code=074430
까뮤이앤씨,KOSPI,1693.0,101158155190,4.6,0.82,336.0,1881.0,1.32834,109250618990.0,12194238760.0,8716943510.0,,36.90859,건설,2005.0,997.0,0.0202421958,59750830,013700,8693841.0,396426.5,21.930524321658616,661798685.15,43.47457627118645,30.23076923076924,21.930524321658616,17.862838915470494,11.161711368533457,132.834,-15.56109725685786,https://finance.naver.com/item/main.naver?code=013700
에이럭스,KOSDAQ,7420.0,101096758000,-10.75,2.2,-697.0,3399.0,1.58408,21912577230.0,-1259660480.0,-32710640.0,,10.89225,교육서비스,15650.0,5020.0,0.0159551997,13624900,475580,31842.0,206585.25,0.1541349152468533,1712600569.75,-9.401709401709402,-23.42621259029928,0.49254242497951817,-20.506031185642836,-5.748572916723954,158.408,-52.587859424920126,https://finance.naver.com/item/main.naver?code=475580
세원정공,KOSPI,10100.0,101000000000,2.15,0.16,4646.0,63677.0,0.12091,38386118130.0,-670017130.0,2020851480.0,,10.62051,자동차부품,17820.0,9030.0,0.0332962,10000000,021820,4882.0,12728.5,0.3835487292296814,130491815.25,-11.325724319578578,-33.421226104152936,0.9748202851867855,7.296197999277604,-1.7454672747342999,12.091000000000001,-43.32210998877666,https://finance.naver.com/item/main.naver?code=021820
푸드나무,KOSDAQ,2650.0,101095573450,36.0,2.65,75.0,1019.0,2.03779,12911739880.0,-3635754330.0,-5899231480.0,,35.44428,식품,3980.0,1839.0,0.0031185915,38149273,290720,64903.0,49186.5,1.3195287324774074,145895852.8,4.125736738703334,19.369369369369373,1.408150610431724,7.360157016683022,-28.15851592264264,203.77900000000002,-33.417085427135675,https://finance.naver.com/item/main.naver?code=290720
모나용평,KOSPI,2100.0,101079999300,-3.22,0.27,-646.0,7586.0,1.76247,34022853450.0,-8194169140.0,-9197844250.0,,15.6358,"호텔,레스토랑,레저",4240.0,1991.0,0.0208117314,48133333,070960,84193.0,71263.2,1.181437263552577,163672508.65,-14.807302231237319,-38.23529411764706,1.181437263552577,-8.515686791457949,-24.084308954397827,176.24699999999999,-50.47169811320755,https://finance.naver.com/item/main.naver?code=070960
KC코트렐,KOSPI,918.0,100782913662,-7.12,1.97,-129.0,467.0,2.53272,15546540630.0,-3008906350.0,-102509420.0,,15.49036,상업서비스와공급품,918.0,918.0,0.001134742,109785309,119650,,,,,,,,-27.62312633832976,-19.354185742092,253.272,0.0,https://finance.naver.com/item/main.naver?code=119650
세이브존I&C,KOSPI,2445.0,100344988275,12.07,0.19,205.0,13059.0,0.28939,31291394570.0,2686355680.0,31438310450.0,,36.89842,백화점과일반상점,4135.0,2050.0,0.0949192507,41040895,067830,26127.0,41536.55,0.629012279546568,98155518.8,0.8247422680412342,-28.82096069868996,0.629012279546568,1.5697986063251397,8.584966304363723,28.938999999999997,-40.87061668681983,https://finance.naver.com/item/main.naver?code=067830
오성첨단소재,KOSDAQ,10290.0,100245272610,2.89,0.35,3720.0,30910.0,0.22869,11441072440.0,-2380272080.0,132993609200.0,,16.34808,디스플레이장비및부품,20700.0,6990.0,0.0,9742009,052420,126494.0,37625.45,3.361926568320113,361106706.25,18.27586206896552,566.0194174757281,5.421383664514312,12.034940148819153,-20.804623801507894,22.869,-50.28985507246377,https://finance.naver.com/item/main.naver?code=052420
아스타,KOSDAQ,6070.0,99434491000,-25.94,9.98,-234.0,608.0,0.23348,1169452240.0,-838601480.0,-810733970.0,,-34.27735,건강관리장비와용품,11080.0,5530.0,0.0106567855,16381300,246720,25650.0,50173.45,0.511226555080426,357786520.5,-21.271076523994815,-21.271076523994815,2.294002106691886,-38.48684210526316,-71.70891219978338,23.348,-45.21660649819494,https://finance.naver.com/item/main.naver?code=246720
링네트,KOSDAQ,4455.0,99307046520,7.94,0.76,562.0,5843.0,0.53462,57974359780.0,621073390.0,1710662770.0,,34.12563,IT서비스,7400.0,3410.0,0.059249449,22291144,042500,47587.0,113182.8,0.4204437423354078,491043620.15,8.131067961165051,13.647959183673475,0.980396314634379,9.618346739688516,1.0712897776824746,53.461999999999996,-39.7972972972973,https://finance.naver.com/item/main.naver?code=042500
청담글로벌,KOSDAQ,4795.0,99222537015,52.47,1.14,93.0,4268.0,0.82187,65904018610.0,1946827650.0,-938213020.0,,24.38705,인터넷과카탈로그소매,9730.0,3290.0,0.0,20692917,362320,24778.0,227230.7,0.10904336429892615,1288462870.65,26.350461133069825,-16.60869565217391,0.2523426632052799,2.1790065604498596,2.95403480859147,82.187,-50.719424460431654,https://finance.naver.com/item/main.naver?code=362320
스모트로닉,KOSDAQ,2560.0,99015518720,-9.47,1.28,-275.0,2034.0,2.06868,105230489990.0,3035466720.0,3063978460.0,,10.62051,자동차부품,4200.0,1777.0,0.0254609495,38677937,066590,89424.0,236232.95,0.3785416048015317,618449577.3,19.626168224299057,-18.21086261980831,0.5553247334887026,-13.52015732546706,2.8845886019236997,206.868,-39.047619047619044,https://finance.naver.com/item/main.naver?code=066590
스톰테크,KOSDAQ,3675.0,98758267650,9.67,1.05,380.0,3491.0,0.45234,20768506820.0,4586653940.0,3727859410.0,,11.78848,가정용기기와용품,4200.0,3330.0,0.0173477109,26872998,352090,26160.0,37193.6,0.7033468123548138,135411774.65,2.941176470588225,-2.6490066225165587,0.7033468123548138,10.88513319965626,22.084659141614686,45.234,-12.5,https://finance.naver.com/item/main.naver?code=352090
한울소재과학,KOSDAQ,2850.0,98727348750,-2.07,2.42,-1302.0,1116.0,3.15095,2735814090.0,-3539950570.0,-8204258680.0,,-328.00078,통신장비,3950.0,1790.0,0.0069721076,34641175,091440,205734.0,303901.8,0.676975259771413,957245305.25,28.668171557562072,-14.798206278026903,0.6866889238563246,-116.66666666666667,-129.39295045446602,315.09499999999997,-27.848101265822788,https://finance.naver.com/item/main.naver?code=091440
SKAI,KOSDAQ,1821.0,98665640520,-4.46,7.05,-424.0,268.0,0.90811,2738335080.0,-2420187250.0,-6883030280.0,,34.12563,IT서비스,6160.0,1413.0,0.0127367848,54182120,357880,347336.0,760840.7,0.4565160617721949,1522378973.5,-60.83870967741936,-17.97297297297298,0.5605522943238973,-158.2089552238806,-88.38170564575319,90.81099999999999,-70.4383116883117,https://finance.naver.com/item/main.naver?code=357880
LB인베스트먼트,KOSDAQ,4245.0,98557179555,8.12,0.8,541.0,5521.0,0.13906,13117400670.0,2111185600.0,1265279400.0,,14.71625,창업투자,7750.0,3600.0,0.0265719796,23217239,309960,21907.0,50231.0,0.43612510202862775,223957103.3,-8.116883116883123,-39.529914529914535,1.503175329975513,9.798949465676507,16.094542303860266,13.905999999999999,-45.225806451612904,https://finance.naver.com/item/main.naver?code=309960
라온시큐어,KOSDAQ,8850.0,98286577800,28.53,1.79,313.0,4975.0,0.35209,12175896120.0,-673730240.0,207758790.0,,163.68113,소프트웨어,16960.0,6320.0,0.0178062365,11105828,042510,215268.0,193617.2,1.11182270996585,1753943137.25,-3.9087947882736174,-7.232704402515722,11.857334988833635,6.29145728643216,-5.533311333802674,35.209,-47.818396226415096,https://finance.naver.com/item/main.naver?code=042510
계양전기,KOSPI,3620.0,98546640980,-2.96,5.46,-1281.0,694.0,13.58827,97434303730.0,-5111010620.0,-6110029000.0,,10.62051,자동차부품,13494.09,1253.901,0.0,27222829,012200,315582.0,321227.8,0.9824243107227955,1374020703.95,-46.29080118694362,-49.299719887955185,0.9824243107227955,-184.58213256484152,-5.2455966988414175,1358.827,-73.17344111385057,https://finance.naver.com/item/main.naver?code=012200
동아엘텍,KOSDAQ,5600.0,97917758400,1.96,0.57,2811.0,9726.0,1.34357,55481522480.0,990686720.0,2724324730.0,,16.34808,디스플레이장비및부품,14620.0,3535.0,0.104063959,17485314,088130,83759.0,77849.8,1.0759051404114075,425641688.5,-14.893617021276595,-41.483803552769075,1.0759051404114075,28.901912399753236,1.7856155990620535,134.357,-61.696306429548564,https://finance.naver.com/item/main.naver?code=088130
메드팩토,KOSDAQ,2850.0,97684094850,-7.45,2.08,-374.0,1342.0,0.0702,1049247910.0,-3632237770.0,-3193899910.0,,48.4019,제약,8650.0,2235.0,0.0443507698,34275121,235980,101672.0,128495.7,0.7912482674517514,340199580.1,-17.748917748917748,-51.03092783505154,0.7912482674517514,-27.86885245901639,-346.1753638375129,7.02,-67.05202312138728,https://finance.naver.com/item/main.naver?code=235980
씨씨에스,KOSDAQ,2205.0,97355245995,-9.93,3.56,-222.0,620.0,0.17237,4564175030.0,-737515980.0,-597573300.0,,890.26506,방송과엔터테인먼트,1493.0,1493.0,0.0030755318,44152039,066790,,,,,,,,-35.80645161290323,-16.158801429663843,17.237,47.68921634293368,https://finance.naver.com/item/main.naver?code=066790
오상헬스케어,KOSDAQ,6780.0,97017840480,30.58,0.34,226.0,20439.0,0.22283,19136783670.0,-8083381930.0,-4270745470.0,,-34.66388,생명과학도구및서비스,17230.0,5200.0,0.0115769924,14309416,036220,6130.0,17131.25,0.35782561109084277,119626548.0,0.4444444444444473,-39.19282511210762,0.9351331630791682,1.1057292431136554,-42.24002355564069,22.283,-60.65002901915264,https://finance.naver.com/item/main.naver?code=036220
HL D&I,KOSPI,2570.0,97296604570,11.05,0.21,234.0,12211.0,2.50182,445593489410.0,26516343610.0,10550828810.0,,36.90859,건설,4120.0,2110.0,0.0295581709,37858601,014790,48327.0,61793.6,0.7820712824629088,155910731.1,-2.281368821292773,-26.88477951635846,2.7647685197172525,1.916304970927852,5.950792424079103,250.182,-37.62135922330098,https://finance.naver.com/item/main.naver?code=014790
크레오에스지,KOSDAQ,4875.0,96798955500,-14.68,2.66,-440.0,2430.0,0.92222,3181067640.0,-136726310.0,1783638390.0,,34.12563,IT서비스,12800.0,1180.0,0.0,19856196,040350,600329.0,85656.65,7.008550999834806,588655005.75,-37.65984654731458,441.6666666666667,7.008550999834806,-18.106995884773664,-4.298126461718368,92.22200000000001,-61.9140625,https://finance.naver.com/item/main.naver?code=040350
한일사료,KOSDAQ,2450.0,96539028250,15.37,0.6,162.0,4159.0,0.35521,119772795030.0,-377176920.0,-229457900.0,,35.44428,식품,5340.0,2000.0,0.0369085531,39403685,005860,302726.0,453323.35,0.6677926473454324,1096757229.85,-7.8947368421052655,-26.315789473684216,1.313942906316209,3.8951671074777594,-0.31491034329250384,35.521,-54.11985018726592,https://finance.naver.com/item/main.naver?code=005860
다원시스,KOSDAQ,2530.0,96553495610,-0.49,-0.19,-5162.0,-13604.0,-2.2198,-1127637730.0,-22875101590.0,-24972429840.0,,179.16167,기계,7470.0,2015.0,0.0556514603,38163437,068240,,,,,,,,37.9447221405469,2028.5860415472264,-221.98000000000002,-66.13119143239625,https://finance.naver.com/item/main.naver?code=068240
황금에스티,KOSPI,5670.0,96390000000,5.35,0.25,1061.0,22693.0,0.27963,103997412140.0,12362902920.0,12101078170.0,,31.17957,비철금속,6580.0,4915.0,0.0555553529,17000000,032560,12239.0,25246.4,0.4847819887191837,141770314.25,4.036697247706411,-12.769230769230766,0.7158644400785854,4.675450579473846,11.88770245874697,27.962999999999997,-13.829787234042556,https://finance.naver.com/item/main.naver?code=032560
에프엔에스테크,KOSDAQ,11600.0,96353973200,10.36,1.07,1125.0,10847.0,0.38185,14043472520.0,3759177220.0,3496455510.0,,16.34808,디스플레이장비및부품,24150.0,9550.0,0.161436087,8306377,083500,25650.0,73770.35,0.3477006683579514,916628825.5,-32.5973271353864,-34.647887323943664,1.442300327977297,10.371531298976675,26.768145945715144,38.185,-51.966873706004144,https://finance.naver.com/item/main.naver?code=083500
피에스텍,KOSDAQ,5230.0,96342196100,9.43,0.65,559.0,8061.0,0.36001,23333907470.0,1451469080.0,8774574510.0,,-82.80274,전기제품,16990.0,3715.0,0.0829466475,18421070,002230,24323.0,63081.35,0.38558147534889475,327133788.5,-8.566433566433563,-55.86497890295359,0.720957937647181,6.934623495844187,6.220428712448305,36.001,-69.21718658034138,https://finance.naver.com/item/main.naver?code=002230
선진뷰티사이언스,KOSDAQ,7890.0,96283879200,16.15,1.14,496.0,7045.0,0.98075,23572034610.0,1676131380.0,2310684060.0,,49.63323,화장품,11880.0,6000.0,0.0153332547,12203280,086710,11341.0,23739.9,0.4777189457411362,191084577.0,4.641909814323597,-22.189349112426036,0.7482761089979317,7.0404542228530875,7.1106775793080335,98.075,-33.58585858585859,https://finance.naver.com/item/main.naver?code=086710
모비스,KOSDAQ,2990.0,96192228860,-91.82,2.89,-33.0,1048.0,0.18024,401341800.0,-693663900.0,-489322780.0,,163.68113,소프트웨어,9440.0,2130.0,0.0317052639,32171314,250060,232276.0,161959.65,1.4341596811304544,466501782.35,-9.393939393939398,-45.03676470588235,1.4341596811304544,-3.1488549618320607,-172.83619598058314,18.024,-68.32627118644068,https://finance.naver.com/item/main.naver?code=250060
야스,KOSDAQ,7350.0,95976300000,-16.15,0.66,-460.0,11182.0,0.61056,87220392860.0,28015616950.0,28398333930.0,,16.34808,디스플레이장비및부품,13450.0,3650.0,0.0567933834,13058000,255440,51990.0,481394.15,0.10799881967822002,3385991709.75,-12.29116945107399,-36.30849220103987,0.21678285870320607,-4.113754247898408,32.12048929310452,61.056,-45.353159851301115,https://finance.naver.com/item/main.naver?code=255440
컴퍼니케이,KOSDAQ,6120.0,95533200000,13.58,1.2,464.0,5253.0,0.10439,7785252190.0,5440166930.0,4214161300.0,,14.71625,창업투자,11100.0,4815.0,0.0107347854,15610000,307930,48087.0,77993.55,0.6165509840236788,505200814.5,-31.999999999999996,-27.915194346289752,5.35701990741542,8.833047782219685,69.87785106033925,10.439,-44.86486486486486,https://finance.naver.com/item/main.naver?code=307930
원익피앤이,KOSDAQ,2020.0,95858209180,46.0,0.9,45.0,2304.0,2.5945,43185675820.0,-938063230.0,-1410871710.0,,-82.80274,전기제품,4625.0,1515.0,0.034801651,47454559,217820,131845.0,225010.65,0.5859500428090848,436561852.45,-10.022271714922049,-50.67155067155067,1.734500122549755,1.953125,-2.1721629039913446,259.45,-56.32432432432432,https://finance.naver.com/item/main.naver?code=217820
한빛레이저,KOSDAQ,3990.0,95443022430,37.88,3.01,104.0,1311.0,0.35852,4450792480.0,509483950.0,472032540.0,,-82.80274,전기제품,10590.0,2615.0,0.0355339552,23920557,452190,481361.0,280037.7,1.718914988946131,1098975812.8,-23.121387283236995,-14.377682403433479,10.134928261444799,7.9328756674294425,11.447038977651907,35.852000000000004,-62.3229461756374,https://finance.naver.com/item/main.naver?code=452190
태양금속,KOSPI,2600.0,95420000000,27.61,0.62,94.0,4175.0,2.59043,159273838600.0,3891627220.0,5501280470.0,,10.62051,자동차부품,3790.0,1951.0,0.0352444687,36700000,004100,156308.0,239092.7,0.6537547988708982,583671478.2,7.883817427385886,-15.171288743882549,0.8529996942608452,2.251497005988024,2.44335620602039,259.043,-31.398416886543533,https://finance.naver.com/item/main.naver?code=004100
대림제지,KOSDAQ,10830.0,95141550000,14.12,0.34,765.0,32201.0,0.16026,47589284810.0,6235889400.0,6083221000.0,,18.15087,포장재,10990.0,6960.0,0.0349962436,8785000,017650,2672.0,19473.0,0.13721563190058028,200610896.0,20.870535714285722,7.3339940535183334,1.5786473578801417,2.37570261793112,13.103557712406817,16.026,-1.45586897179254,https://finance.naver.com/item/main.naver?code=017650
미래컴퍼니,KOSDAQ,10770.0,94968610680,-3.43,0.85,-3154.0,12792.0,0.21031,23340149330.0,4486775600.0,5574473290.0,,16.34808,디스플레이장비및부품,21750.0,8000.0,0.0315226419,8817884,049950,14271.0,40961.6,0.348399476582946,474424207.0,-9.419680403700593,-35.547576301615806,0.34883891254247884,-24.65603502188868,19.223422852025084,21.031,-50.48275862068965,https://finance.naver.com/item/main.naver?code=049950
아모그린텍,KOSDAQ,5750.0,94856542500,16.22,1.18,357.0,4917.0,1.46853,35784078180.0,1814458780.0,525645820.0,,-33.47526,화학,16750.0,4350.0,0.0755125694,16496790,125210,40188.0,94173.85,0.42674266794869276,541124304.0,-33.37195828505214,-26.84478371501272,0.9276460503632378,7.26052471018914,5.070575720500508,146.85299999999998,-65.67164179104478,https://finance.naver.com/item/main.naver?code=125210
뉴로핏,KOSDAQ,7770.0,94785188820,-3.41,4.69,-2302.0,1672.0,0.41928,782420640.0,-5232362280.0,-5659902660.0,,570.90407,건강관리기술,36700.0,5480.0,0.072410747,12198866,380550,19718.0,49124.7,0.4013866751349118,403845497.0,-39.15426781519186,-73.43589743589743,1.7433999596944105,-137.6794258373206,-668.7403185069351,41.928,-78.82833787465941,https://finance.naver.com/item/main.naver?code=380550
벽산,KOSPI,1449.0,94706640000,3.55,0.27,407.0,5403.0,0.7922,162600105890.0,9825089090.0,7627545880.0,,7.62098,건축자재,2325.0,1296.0,0.0282218788,65360000,007210,32716.0,94891.4,0.3447730774337822,139092178.65,-11.91489361702127,-26.146788990825687,1.1718027134176543,7.532852119193041,6.042486280203738,79.22,-37.67741935483871,https://finance.naver.com/item/main.naver?code=007210
YTN,KOSDAQ,1986.0,94686482280,-6.44,0.41,-309.0,4834.0,0.49826,32871874490.0,-825867590.0,557869800.0,,890.26506,방송과엔터테인먼트,4900.0,1770.0,0.0068016263,47676980,040300,6918.0,18928.35,0.36548352075062013,38449466.0,-17.25,-47.11051930758988,0.9550753235226526,-6.392221762515515,-2.5123836191673172,49.826,-59.46938775510204,https://finance.naver.com/item/main.naver?code=040300
비투엔,KOSDAQ,1274.0,94657289090,-5.35,2.25,-223.0,531.0,0.59188,2726381960.0,-881550300.0,-2064595340.0,,34.12563,IT서비스,1692.0,521.0,0.0131652142,74299285,307870,5134667.0,988224.75,5.195849425952953,1019388043.25,15.712988192552224,5.726141078838176,5.195849425952953,-41.99623352165725,-32.334071782077075,59.187999999999995,-24.704491725768317,https://finance.naver.com/item/main.naver?code=307870
아남전자,KOSPI,1226.0,94555029320,17.48,0.72,71.0,1735.0,0.80783,67459513000.0,1678007000.0,2175655000.0,,41.94149,전자제품,1938.0,1024.0,0.0137020871,77124820,008700,121134.0,272893.6,0.44388728793932875,337018744.1,-2.6984126984127,-8.164794007490638,0.6583738130905232,4.092219020172911,2.4874282742005565,80.783,-36.738906088751285,https://finance.naver.com/item/main.naver?code=008700
티에이치엔,KOSPI,5250.0,94500000000,1.42,0.43,3815.0,12483.0,1.53802,287696640830.0,15499731790.0,13210056250.0,,10.62051,자동차부품,10270.0,4650.0,0.0811582222,18000000,019180,91599.0,120498.55,0.7601668235841842,705128589.5,-26.470588235294112,-33.37563451776649,0.7601668235841842,30.56156372666827,5.387526161335611,153.802,-48.88023369036028,https://finance.naver.com/item/main.naver?code=019180
위드텍,KOSDAQ,9630.0,94119768000,14.81,0.75,659.0,12943.0,0.27279,18301939470.0,2648170660.0,3383250170.0,,30.86468,반도체와반도체장비,12670.0,6700.0,0.020555169,9773600,348350,17686.0,26423.4,0.6693309717901557,251780685.25,10.057142857142853,-1.4329580348004134,0.6693309717901557,5.09155528084679,14.469344433909878,27.278999999999996,-23.993685872138915,https://finance.naver.com/item/main.naver?code=348350
케이엔에스,KOSDAQ,10730.0,94118795880,-78.19,1.55,-127.0,6412.0,0.80635,17233778850.0,1716276410.0,-21122340.0,,-82.80274,전기제품,20400.0,5920.0,0.0080993612,8771556,432470,569022.0,360061.75,1.5803455934988928,3559062814.5,16.503800217155273,-25.94893029675638,7.682815517060615,-1.9806612601372424,9.958793279977595,80.635,-47.40196078431372,https://finance.naver.com/item/main.naver?code=432470
영보화학,KOSPI,4700.0,94000000000,5.44,0.48,863.0,9810.0,0.09647,31828213020.0,5060227260.0,4456935400.0,,-33.47526,화학,5410.0,4240.0,0.5253739,20000000,014440,10442.0,17754.0,0.5881491494874395,81884340.55,6.214689265536721,-6.000000000000005,0.7307648980511434,8.797145769622833,15.898559107984756,9.647,-13.123844731977819,https://finance.naver.com/item/main.naver?code=014440
에스와이,KOSDAQ,1909.0,93364226600,-6.23,0.52,-302.0,3640.0,1.27228,152403501400.0,-1013344000.0,-5364618900.0,,7.62098,건축자재,3670.0,1479.0,0.0212268082,48907400,109610,125578.0,173947.5,0.7219304675261213,331019958.95,-17.537796976241903,-39.3968253968254,3.1394242515701576,-8.296703296703296,-0.6649086081955332,127.22800000000001,-47.983651226158045,https://finance.naver.com/item/main.naver?code=109610
삼기에너지솔루션즈,KOSDAQ,1634.0,93458656160,-8.16,1.41,-194.0,1122.0,2.23662,64308136790.0,3807233130.0,4715563160.0,,10.62051,자동차부품,2465.0,865.0,0.0118760779,57196240,419050,2174222.0,5200209.25,0.4181027907675061,9007230832.85,14.908579465541493,-4.388531304856647,0.4181027907675061,-17.290552584670234,5.920297679331972,223.66199999999998,-33.71196754563894,https://finance.naver.com/item/main.naver?code=419050
엑셈,KOSDAQ,1380.0,93204336120,14.89,0.8,92.0,1717.0,0.10588,12644149490.0,2587951570.0,15045258190.0,,163.68113,소프트웨어,2590.0,1250.0,0.0719935012,67539374,205100,205713.0,407682.15,0.504591628551802,570117166.85,-20.04634994206257,-37.83783783783784,1.054203624073313,5.358182877111241,20.46758124812395,10.588000000000001,-46.71814671814671,https://finance.naver.com/item/main.naver?code=205100
아진산업,KOSDAQ,2390.0,92747730980,4.06,0.27,598.0,8952.0,3.48987,222117996370.0,5899713850.0,-2584248450.0,,10.62051,자동차부품,4895.0,2250.0,0.0349795558,38806582,013310,48746.0,146490.6,0.3327585524258894,375042531.5,-20.333333333333336,-33.97790055248618,1.0865611854958612,6.680071492403932,2.6561169947582126,348.98699999999997,-51.174668028600614,https://finance.naver.com/item/main.naver?code=013310
팜스코,KOSPI,2525.0,92738056075,2.17,0.43,1169.0,5917.0,4.45611,433735332760.0,20265044070.0,-3912455620.0,,35.44428,식품,4865.0,2185.0,0.0084591179,36727943,036580,12742.0,57260.5,0.22252687280062172,149205698.75,-1.7509727626459193,-36.875,1.410343954383912,19.756633429102585,4.672214260490812,445.611,-48.09866392600206,https://finance.naver.com/item/main.naver?code=036580
넥사다이내믹스,KOSDAQ,3120.0,92659763040,-5.99,4.1,-490.0,715.0,3.3217,864712240.0,-2610886820.0,-3012317400.0,,16.34808,디스플레이장비및부품,3445.0,771.0,0.0354696016,29698642,351320,1387559.0,1000467.55,1.3869105499723604,1982927043.95,155.31914893617022,172.72727272727272,3.3627947253261734,-68.53146853146853,-301.9370721524654,332.16999999999996,-9.433962264150942,https://finance.naver.com/item/main.naver?code=351320
사조동아원,KOSPI,654.0,92308568400,-0.67,0.73,-974.0,901.0,3.20354,168495606040.0,4786125360.0,-13060687000.0,,35.44428,식품,1536.0,624.0,0.0101790008,141144600,008040,558979.0,317856.85,1.7585872382489163,240842659.05,-37.476099426386234,-42.53075571177505,3.2309041003835532,-108.10210876803552,2.8405045523049415,320.354,-57.421875,https://finance.naver.com/item/main.naver?code=008040
이니텍,KOSDAQ,4180.0,92048051700,25.15,0.59,163.0,6900.0,0.07507,9490066600.0,-431457170.0,6451198010.0,,163.68113,소프트웨어,10250.0,2165.0,0.0229883977,22021065,053350,139120.0,92454.2,1.5047450521447376,357528228.75,70.26476578411405,12.972972972972974,4.758680514243809,2.36231884057971,-4.546408241223513,7.507,-59.21951219512196,https://finance.naver.com/item/main.naver?code=053350
풍국주정,KOSDAQ,7300.0,91980000000,8.97,0.53,812.0,13637.0,0.15117,41862904810.0,4399306250.0,3742772370.0,,-33.47526,화학,13140.0,6500.0,0.0162520635,12600000,023900,2546.0,7568.85,0.33637871010787634,56007969.25,-5.927835051546393,-22.257720979765704,0.9541740158676681,5.954388795189558,10.508841347648469,15.116999999999999,-44.44444444444444,https://finance.naver.com/item/main.naver?code=023900
나노,KOSDAQ,2980.0,91905673400,13.45,2.21,229.0,1393.0,1.66415,25950413450.0,582526310.0,383360220.0,,-33.47526,화학,7560.0,1685.0,0.0211203784,30840830,187790,153782.0,198201.85,0.7758857952133141,610235019.75,-46.69051878354203,-22.997416020671835,0.9016313419879783,16.439339554917446,2.2447669711404923,166.415,-60.58201058201058,https://finance.naver.com/item/main.naver?code=187790
아비코전자,KOSDAQ,6910.0,91854173940,9.85,0.8,716.0,8782.0,0.30731,37302215890.0,4025788430.0,4478636810.0,,-82.80274,전기제품,14260.0,4360.0,0.2019738457,13292934,036010,60294.0,134806.2,0.4472642949656618,922719692.0,-35.78066914498142,-23.136818687430484,0.6098013296124362,8.153040309724437,10.79235732770298,30.731,-51.54277699859748,https://finance.naver.com/item/main.naver?code=036010
에스피소프트,KOSDAQ,3820.0,91720354480,24.13,1.35,155.0,2772.0,0.2736,13102284830.0,851505050.0,622307090.0,,34.12563,IT서비스,7290.0,2520.0,0.0148597925,24010564,443670,4269126.0,529596.15,8.061097120891079,2019117368.45,1.3262599469495928,-31.907308377896616,13.515287072989484,5.591630591630592,6.498905046319314,27.36,-47.59945130315501,https://finance.naver.com/item/main.naver?code=443670
CMG제약,KOSDAQ,620.0,91836604720,-8.14,0.42,-70.0,1363.0,0.56664,28258871010.0,-2950628480.0,2131949380.0,,48.4019,제약,2205.0,526.0,0.0743223178,148123556,058820,1820715.0,1325384.9,1.373725474011361,854398183.6,-45.326278659611994,-70.6855791962175,1.373725474011361,-5.135730007336757,-10.441423788501167,56.664,-71.88208616780045,https://finance.naver.com/item/main.naver?code=058820
큐브엔터,KOSDAQ,5900.0,91713057400,-16.07,0.53,-359.0,10823.0,0.6276,21549455110.0,-2038952870.0,-2667346450.0,,890.26506,방송과엔터테인먼트,16930.0,4520.0,0.0357611969,15544586,182360,15855.0,14458.95,1.0965526542383783,82666554.5,-7.668231611893583,-53.137410643367744,1.2148876647336078,-3.317010071144784,-9.461737475922657,62.760000000000005,-65.15062020082694,https://finance.naver.com/item/main.naver?code=182360
대봉엘에스,KOSDAQ,8260.0,91575142540,8.98,0.64,919.0,12898.0,0.57489,33650372440.0,3670051140.0,1808261560.0,,48.4019,제약,14000.0,6780.0,0.0537172919,11086579,078140,4985.0,20930.3,0.23817145478086793,171436276.5,-2.4793388429752095,-29.34131736526946,1.1781006483423553,7.12513567995038,10.906420565014109,57.489000000000004,-41.0,https://finance.naver.com/item/main.naver?code=078140
KTcs,KOSPI,2210.0,91503834500,3.6,0.4,616.0,5605.0,0.88871,238407515950.0,9655374110.0,7601425530.0,,15.49036,상업서비스와공급품,3195.0,2040.0,0.0672267594,41404450,058850,48221.0,82612.5,0.5837010137691028,183993580.35,-7.724425887265141,-26.333333333333332,0.809720078680587,10.990187332738627,4.049945351565583,88.871,-30.829420970266042,https://finance.naver.com/item/main.naver?code=058850
금양그린파워,KOSDAQ,7510.0,91017445000,3805.0,0.96,2.0,7927.0,0.73466,84210500820.0,1798513200.0,1170737200.0,,-42.48075,에너지장비및서비스,20200.0,6200.0,0.0132045051,12119500,282720,12449.0,32341.8,0.3849198251179588,250028428.0,-7.283950617283952,-41.962905718701705,0.8974144914630602,0.025230225810521003,2.1357350716204895,73.466,-62.82178217821782,https://finance.naver.com/item/main.naver?code=282720
정상제이엘에스,KOSDAQ,5830.0,91400128160,13.09,1.04,444.0,5585.0,0.29033,24890996790.0,2628889080.0,2844648770.0,,10.89225,교육서비스,6850.0,5530.0,0.0465852705,15677552,040420,10974.0,16309.5,0.6728593764370459,94523697.0,2.821869488536155,-1.851851851851849,0.7322112878996904,7.949865711727842,10.561606279488817,29.032999999999998,-14.890510948905112,https://finance.naver.com/item/main.naver?code=040420
웹케시,KOSDAQ,7030.0,91069685080,7.11,0.79,984.0,8851.0,0.19185,20326789990.0,3336009470.0,2782869680.0,,163.68113,소프트웨어,14530.0,5700.0,0.0254269657,12954436,053580,8053.0,24554.5,0.3279643242582826,172292554.25,2.777777777777768,-29.559118236472948,1.2786658250015273,11.117387865777879,16.411885357408565,19.185,-51.6173434273916,https://finance.naver.com/item/main.naver?code=053580
새빗켐,KOSDAQ,16140.0,91191871560,-5.08,2.08,-3298.0,8056.0,0.84394,17378914490.0,867184760.0,828014340.0,,-82.80274,전기제품,42750.0,9300.0,0.0150890593,5650054,107600,11382.0,35026.7,0.3249521079633537,607770379.5,-18.975903614457835,-49.48356807511737,0.5828410897972119,-40.938430983118174,4.989867235372996,84.394,-62.245614035087726,https://finance.naver.com/item/main.naver?code=107600
한국수출포장,KOSPI,2710.0,90784840110,-24.95,0.34,-108.0,8011.0,0.3037,77202976110.0,-9728582440.0,889700080.0,,18.15087,포장재,3785.0,2150.0,0.0259497173,33499941,002200,131493.0,46785.95,2.8105232446920496,118152028.3,1.4981273408239737,-15.44461778471139,6.576269157727908,-1.3481462988390962,-12.601304936921814,30.37,-28.40158520475562,https://finance.naver.com/item/main.naver?code=002200
차AI헬스케어,KOSPI,5020.0,91383944460,28.73,1.25,181.0,4147.0,0.50221,2908602220.0,-1134111230.0,10401453950.0,,49.63323,화장품,19780.0,3795.0,0.0027261631,18203973,025620,15570.0,10025.8,1.5529932773444515,50050008.25,-22.530864197530864,-53.73271889400921,1.5529932773444515,4.364600916325054,-38.9916236122518,50.221000000000004,-74.62082912032356,https://finance.naver.com/item/main.naver?code=025620
지아이에스,KOSDAQ,1890.0,90610727760,-20.22,1.87,-95.0,1025.0,2.26002,34006796210.0,2580414850.0,-879849590.0,,30.86468,반도체와반도체장비,4140.0,1260.0,0.0179016459,47942184,306620,134986.0,456007.75,0.29601689883560095,843159349.0,-29.73977695167286,-39.32584269662921,4.103053073111147,-9.268292682926829,7.587938699268607,226.00199999999998,-54.347826086956516,https://finance.naver.com/item/main.naver?code=306620
엑세스바이오,KOSDAQ,2570.0,90396753380,,,,,0.14797,9535889000.0,-23636652000.0,-37956505000.0,,-34.66388,생명과학도구및서비스,5280.0,1945.0,0.0481820094,35173834,950130,135245.0,156272.0,0.8654461451827583,386849230.0,-5.340699815837935,-25.507246376811597,4.612585747926692,,-247.8704607404721,14.796999999999999,-51.32575757575757,https://finance.naver.com/item/main.naver?code=950130
서원인텍,KOSDAQ,4860.0,90396000000,13.88,0.43,354.0,11528.0,0.15229,43656330250.0,1245789690.0,2532681740.0,,95.46514,핸드셋,5750.0,4500.0,0.0362227419,18600000,093920,1753.0,12953.6,0.13532917490118576,63085667.15,3.8461538461538547,-9.158878504672895,0.3473165760869565,3.070784177654407,2.8536289762926192,15.229000000000001,-15.478260869565219,https://finance.naver.com/item/main.naver?code=093920
대성하이텍,KOSDAQ,5550.0,90180262800,-14.06,1.36,-411.0,4260.0,1.94266,23116906250.0,-2188817370.0,1932081040.0,,179.16167,기계,15350.0,3330.0,0.0899325706,16248696,129920,49186.0,170761.4,0.28803933441632595,1052361948.0,-17.777777777777782,-27.82834850455137,0.5743921050073377,-9.647887323943662,-9.468470159150296,194.26600000000002,-63.84364820846906,https://finance.naver.com/item/main.naver?code=129920
에이치피오,KOSDAQ,2180.0,90019777680,10.69,0.59,204.0,3681.0,0.39154,78492968840.0,3896301660.0,2387171880.0,,-11.95284,건강관리업체및서비스,3295.0,1926.0,0.0118881733,41293476,357230,16327.0,37003.85,0.4412243590869599,81385886.1,-5.422993492407812,-9.917355371900827,1.1480967520947145,5.541972290138549,4.963886215008912,39.153999999999996,-33.8391502276176,https://finance.naver.com/item/main.naver?code=357230
이스트소프트,KOSDAQ,7660.0,90028608120,-4.61,1.64,-1715.0,4825.0,2.09591,29736292420.0,-331500390.0,-1329744300.0,,163.68113,소프트웨어,23350.0,6800.0,0.038367298,11753082,047560,19650.0,49176.4,0.3995819132754736,405653244.25,-29.205175600739373,-54.1866028708134,4.222553907972117,-35.5440414507772,-1.1148006796470695,209.591,-67.1948608137045,https://finance.naver.com/item/main.naver?code=047560
KTis,KOSPI,2580.0,89789160000,2.18,0.33,1188.0,7801.0,0.85489,155355530000.0,7127065030.0,5790447010.0,,15.49036,상업서비스와공급품,3210.0,2370.0,0.0700158612,34802000,058860,27596.0,50619.3,0.5451675546678836,128115439.45,-0.19342359767892114,-18.354430379746834,1.4658440555282273,15.228816818356622,4.587583737765884,85.489,-19.626168224299068,https://finance.naver.com/item/main.naver?code=058860
오스테오닉,KOSDAQ,4350.0,89877964350,11.66,1.3,374.0,3363.0,0.57818,13183087920.0,2421580540.0,1818099070.0,,-34.27735,건강관리장비와용품,8190.0,3710.0,0.0650108866,20661601,226400,52618.0,114000.05,0.46156120106964865,531356935.7,-5.125408942202836,-34.29003021148036,0.9075171458258132,11.12102289622361,18.368841615068284,57.818000000000005,-46.88644688644688,https://finance.naver.com/item/main.naver?code=226400
엑스페릭스,KOSDAQ,2450.0,89778152800,-3.79,1.0,-646.0,2444.0,0.49832,5258600800.0,-807673180.0,757219710.0,,264.33639,전자장비와기기,4735.0,2010.0,0.0178953287,36644144,317770,52812.0,138101.8,0.3824135529008312,370426535.05,-11.392405063291145,-41.45758661887694,0.7237487129059869,-26.432078559738137,-15.359089056541428,49.832,-48.25765575501584,https://finance.naver.com/item/main.naver?code=317770
동일산업,KOSPI,36800.0,89247912000,-5.92,0.19,-6009.0,189781.0,0.14376,103121421800.0,8049509870.0,10999171280.0,,43.89712,철강,42150.0,32000.0,0.039800595,2425215,004890,460.0,803.2,0.5727091633466135,28305770.0,-1.6042780748663055,-9.1358024691358,1.2848605577689243,-3.1662811345709003,7.805856173716953,14.376,-12.692763938315544,https://finance.naver.com/item/main.naver?code=004890
이지케어텍,KOSDAQ,6530.0,89194399690,38.83,2.43,171.0,2727.0,0.38992,20454883180.0,276333870.0,723497900.0,,570.90407,건강관리기술,11810.631,5780.0,0.0112790137,13659173,099750,14398.0,17275.2,0.8334491062332129,115487687.0,0.0,-30.23504273504274,1.6885477447439103,6.270627062706271,1.3509432812121296,38.992,-44.710828744035766,https://finance.naver.com/item/main.naver?code=099750
엠오티,KOSDAQ,7700.0,89167386000,25.83,1.49,300.0,5203.0,1.33992,31138939870.0,1203506420.0,1086741140.0,,-82.80274,전기제품,11660.0,4835.0,0.0201749023,11580180,413390,23133.0,29937.15,0.772718845982333,215776889.5,11.756168359941954,-14.539400665926749,2.2726946285802088,5.765904285988853,3.8649563055917873,133.992,-33.9622641509434,https://finance.naver.com/item/main.naver?code=413390
크레버스,KOSDAQ,8690.0,88969784200,12.15,1.53,702.0,5570.0,2.6762,55501418480.0,2394474400.0,2918957390.0,,10.89225,교육서비스,14310.0,7900.0,0.0281562739,10238180,096240,9727.0,11706.05,0.8309378483775484,99397268.75,-3.3370411568409364,-19.46246524559777,1.17657108930852,12.603231597845602,4.314258023626643,267.62,-39.273235499650596,https://finance.naver.com/item/main.naver?code=096240
와이제이링크,KOSDAQ,3120.0,88742615520,-28.9,1.2,-109.0,2619.0,0.77603,18494846870.0,2471663490.0,3192233390.0,,264.33639,전자장비와기기,10350.0,2390.0,0.0482412529,28443146,209640,57089.0,147356.6,0.38742071953343116,511507848.95,-44.7787610619469,-30.51224944320713,0.49810459796167933,-4.161893852615503,13.364065717187525,77.603,-69.85507246376812,https://finance.naver.com/item/main.naver?code=209640
삼아제약,KOSDAQ,13960.0,88925200000,6.51,0.37,2120.0,37375.0,0.08766,18779042200.0,1869015190.0,4351469950.0,,48.4019,제약,17480.0,11950.0,0.0282918367,6370000,009300,1578.0,3656.35,0.43157793974865644,48963010.5,2.271062271062263,-14.66992665036675,2.8487425984930326,5.672240802675585,9.95266515775762,8.766,-20.13729977116705,https://finance.naver.com/item/main.naver?code=009300
디앤씨미디어,KOSDAQ,7150.0,88750025650,11.17,0.94,642.0,7665.0,0.17159,15935034930.0,2249569130.0,2164972820.0,,2.44469,출판,16800.0,5780.0,0.0179371897,12412591,263720,10311.0,11431.4,0.9019892576587295,82309530.75,-20.11173184357542,-43.87755102040817,1.0367933936350753,8.37573385518591,14.11712707177605,17.159,-57.44047619047619,https://finance.naver.com/item/main.naver?code=263720
엘앤케이바이오,KOSDAQ,3970.0,88734077410,-5.03,1.93,-802.0,2087.0,0.93953,11735121310.0,1274542510.0,7978711340.0,,-34.27735,건강관리장비와용품,16400.0,2730.0,0.0769389839,22351153,156100,44654.0,137970.0,0.3236500688555483,533723093.5,-23.65384615384616,-66.35593220338983,0.5488294556787707,-38.428366075706755,10.860923175237291,93.953,-75.79268292682927,https://finance.naver.com/item/main.naver?code=156100
광무,KOSDAQ,1484.0,88623191888,-2.89,0.43,-516.0,3491.0,0.15516,951639250.0,-890669240.0,13443361440.0,,34.12563,IT서비스,3130.0,1171.0,0.0110673913,59719132,029480,26670.0,133234.2,0.20017382924204144,200337020.45,-7.940446650124066,-40.994035785288276,0.9331312831089914,-14.7808650816385,-93.59315938261268,15.516,-52.587859424920126,https://finance.naver.com/item/main.naver?code=029480
네오이뮨텍,KOSDAQ,2590.0,88608665600,,,,,0.35061,1169571000.0,-4207783000.0,-446259000.0,,48.4019,제약,5165.0,1115.0,0.0080177214,34211840,950220,827531.0,2225413.25,0.3718549801930046,6500468136.55,419.0380761523046,356.7901234567901,1.1988478993732963,,-359.7714888621554,35.061,-49.85479186834463,https://finance.naver.com/item/main.naver?code=950220
스톤브릿지벤처스,KOSDAQ,4860.0,88538653800,7.61,0.9,637.0,5362.0,0.15109,19631489950.0,15235384650.0,13434663800.0,,14.71625,창업투자,7270.0,4000.0,0.0246170922,18217830,330730,7030.0,30765.95,0.22849936374465926,149923670.5,-16.78082191780822,-27.3542600896861,3.5136571436929462,11.879895561357703,77.60686880518715,15.109,-33.149931224209084,https://finance.naver.com/item/main.naver?code=330730
에이엘티,KOSDAQ,9880.0,88527358920,-9.95,0.96,-1012.0,10470.0,1.10929,16435240220.0,2131623100.0,1479437970.0,,30.86468,반도체와반도체장비,21200.0,6970.0,0.0738373746,8960259,172670,12898.0,70349.7,0.18334122249277537,730695331.25,-18.683127572016456,-31.29346314325452,0.7285318913939932,-9.665711556829034,12.969832332636265,110.92900000000002,-53.39622641509434,https://finance.naver.com/item/main.naver?code=172670
아주스틸,KOSPI,2280.0,88362343920,-2.06,0.59,-1092.0,3813.0,7.09948,294487892270.0,1057025560.0,-8769055060.0,,43.89712,철강,4545.0,1955.0,0.1481551713,38755414,139990,12119.0,88524.15,0.13690049551450084,212692788.65,-6.172839506172845,-30.168453292496167,0.20700565890776698,-28.638867033831627,0.3589368485923593,709.948,-49.834983498349835,https://finance.naver.com/item/main.naver?code=139990
인트론바이오,KOSDAQ,2850.0,88041510300,-9.89,1.27,-283.0,2210.0,0.09971,2034765640.0,-1636052820.0,-2258879680.0,,-34.66388,생명과학도구및서비스,7010.0,2250.0,0.0252472197,30891758,048530,45348.0,87952.75,0.515595021190355,238232160.2,6.145251396648055,-21.703296703296704,0.6903138332798008,-12.805429864253393,-80.40497577893049,9.971,-59.3437945791726,https://finance.naver.com/item/main.naver?code=048530
페이퍼코리아,KOSPI,2470.0,87923755140,-4.31,0.32,-545.0,7410.0,0.77568,80315912560.0,5452909020.0,2612119990.0,,-6.01077,종이와목재,5200.0,1701.0,0.0026857855,35596662,001020,17203.0,27691.35,0.6212409290265734,60631245.85,9.292035398230091,274.24242424242425,1.6136446941012266,-7.3549257759784075,6.7893258585917255,77.568,-52.5,https://finance.naver.com/item/main.naver?code=001020
LS티라유텍,KOSDAQ,4090.0,87919073540,-10.48,1.33,-398.0,3141.0,0.59787,16789687290.0,-2646097400.0,-6798073730.0,,34.12563,IT서비스,11660.0,3270.0,0.0288964894,21496106,322180,32087.0,108146.9,0.2966982872370822,465682870.1,-32.172470978441126,-49.93880048959608,0.5726562666151318,-12.671123845908946,-15.76025422210231,59.787,-64.92281303602059,https://finance.naver.com/item/main.naver?code=322180
삼원강재,KOSPI,2210.0,87825302760,8.22,0.34,269.0,6511.0,0.20096,93327024340.0,2599678370.0,4324189060.0,,10.62051,자동차부품,2560.0,2050.0,0.0075597718,39739956,023000,26269.0,33279.2,0.7893519074977765,73862786.3,0.6833712984054774,-9.61145194274029,2.387467246808818,4.1314698203041,2.785557975714626,20.096,-13.671875,https://finance.naver.com/item/main.naver?code=023000
웨이비스,KOSDAQ,6670.0,87703896700,46.29,1.62,143.0,4091.0,0.47586,7749337870.0,-707458950.0,43323756980.0,,42.45479,우주항공과국방,24650.0,5630.0,0.0821879366,13149010,289930,44233.0,64578.45,0.6849498555632723,450434809.0,-40.33989266547407,-65.4045643153527,0.737351237138705,3.495477878269372,-9.129282551207178,47.586,-72.94117647058825,https://finance.naver.com/item/main.naver?code=289930
사조오양,KOSPI,9260.0,87254563140,8.15,0.35,1123.0,26231.0,0.76506,92117106930.0,475656990.0,2150486800.0,,35.44428,식품,10530.0,7550.0,0.0427009599,9422739,006090,24454.0,7168.85,3.411146836661389,63227826.5,16.185696361355074,4.044943820224711,4.2076483675903384,4.281194007090846,0.5163611905022732,76.506,-12.060778727445399,https://finance.naver.com/item/main.naver?code=006090
동방,KOSPI,1822.0,87404557652,5.12,0.5,360.0,3677.0,2.89537,242037009930.0,5284654290.0,1368195450.0,,8.69822,항공화물운송과물류,3560.0,1617.0,0.0493350193,47971766,004140,77733.0,123552.5,0.6291495518099594,227755181.0,-7.040816326530608,-33.01470588235295,1.2081665688674854,9.790590155017677,2.183407525786402,289.53700000000003,-48.82022471910113,https://finance.naver.com/item/main.naver?code=004140
동신건설,KOSDAQ,10380.0,87192000000,579.44,0.9,18.0,11585.0,0.10986,9753076410.0,-573146780.0,234016920.0,,36.90859,건설,30200.0,8170.0,0.0086672619,8400000,025950,20682.0,97834.1,0.21139868409889803,1141196558.0,-14.638157894736848,-44.043126684636114,0.4114414094881028,0.15537332757876565,-5.8765742818578,10.986,-65.62913907284769,https://finance.naver.com/item/main.naver?code=025950
창해에탄올,KOSDAQ,9450.0,86853863250,5.4,0.5,1749.0,18768.0,0.32873,31100200620.0,4426211000.0,3463682300.0,,17.2861,음료,13460.0,8770.0,0.02100233,9190885,004650,11299.0,19862.55,0.5688594868231924,185489080.0,3.6184210526315708,-7.1709233791748535,0.801256636232508,9.319053708439897,14.232097902138872,32.873000000000005,-29.791976225854388,https://finance.naver.com/item/main.naver?code=004650
한국파마,KOSDAQ,7990.0,87144540990,-32.85,1.26,-242.0,6307.0,0.77279,25905813720.0,2164976320.0,1323286350.0,,48.4019,제약,14950.0,6350.0,0.018703089,10906701,032300,4396.0,9025.25,0.48707792027921665,70909422.5,-10.426008968609867,-42.26878612716764,0.6693443394919808,-3.8370065007134926,8.357106028013236,77.279,-46.5551839464883,https://finance.naver.com/item/main.naver?code=032300
케이옥션,KOSDAQ,3350.0,86725771500,-16.68,0.81,-197.0,4059.0,0.88007,4026211830.0,109223950.0,18336370.0,,-17.27383,판매업체,4840.0,2535.0,0.0148956922,25888290,102370,92753.0,43067.3,2.153675758638224,136828417.2,20.503597122302164,-17.079207920792083,2.4613802119009085,-4.853412170485341,2.712821744403846,88.007,-30.78512396694215,https://finance.naver.com/item/main.naver?code=102370
블랙야크아이앤씨,KOSDAQ,3355.0,86660649790,-14.43,2.23,-229.0,1484.0,1.64777,16692443780.0,2589318700.0,993813420.0,,9.12316,"섬유,의류,신발,호화품",4150.0,2010.0,0.0159024104,25830298,478560,49899.0,247126.7,0.20191666865619942,807845060.45,25.420560747663544,-11.71052631578947,14.95282379443419,-15.431266846361186,15.511921047188935,164.777,-19.1566265060241,https://finance.naver.com/item/main.naver?code=478560
나이스디앤비,KOSDAQ,5610.0,86394000000,6.67,0.75,839.0,7506.0,0.19357,31987861340.0,11078451980.0,8895124470.0,,15.49036,상업서비스와공급품,6590.0,5200.0,0.4467174675,15400000,130580,917.0,4445.45,0.2062783295279443,24406947.0,2.0000000000000018,-6.499999999999995,0.5974648235836643,11.177724487077006,34.63329999541632,19.357,-14.871016691957506,https://finance.naver.com/item/main.naver?code=130580
중앙백신,KOSDAQ,9330.0,86365766730,14.25,0.82,656.0,11383.0,0.16097,11901478580.0,1143505640.0,1288899450.0,,48.4019,제약,10350.0,8560.0,0.0254990369,9256781,072020,7155.0,7513.0,0.9523492612804473,69616449.5,0.43057050592034685,-4.307692307692312,1.2890988952482363,5.762979882280594,9.608097282312631,16.097,-9.85507246376811,https://finance.naver.com/item/main.naver?code=072020
하이로닉,KOSDAQ,5020.0,86339210920,24.0,1.19,215.0,4348.0,0.11652,10798088920.0,1098768970.0,772283200.0,,-34.27735,건강관리장비와용품,9510.0,3770.0,0.0121274168,17199046,149980,10370.0,24172.35,0.42900255870860715,122691834.6,0.0,-31.23287671232877,0.6425109681102582,4.944802207911684,10.175587348284218,11.652,-47.21345951629863,https://finance.naver.com/item/main.naver?code=149980
에이치엔에스하이텍,KOSDAQ,11180.0,85923051500,9.35,0.79,1216.0,14317.0,0.16071,22825812730.0,1967339640.0,1532525250.0,,264.33639,전자장비와기기,24200.0,8500.0,0.0288483721,7685425,044990,3481.0,12393.2,0.28087983733014876,148156937.75,-13.400464756003094,-33.64985163204748,0.8910531581835199,8.493399455193128,8.618924825464473,16.070999999999998,-53.80165289256198,https://finance.naver.com/item/main.naver?code=044990
인지컨트롤스,KOSPI,5460.0,86318215620,5.23,0.37,1043.0,14627.0,1.71649,183652612690.0,9285839570.0,16847963690.0,,10.62051,자동차부품,8460.0,4770.0,0.0345829709,15809197,023800,18421.0,41064.4,0.4485880714195264,218461750.75,-5.372616984402079,-26.016260162601622,0.8721179415746972,7.13064880016408,5.056197912999045,171.649,-35.46099290780141,https://finance.naver.com/item/main.naver?code=023800
로젠,KOSDAQ,1521.0,85413733821,3.82,0.2,400.0,7584.0,1.40182,190148236920.0,2880726320.0,-1811518190.0,,8.69822,항공화물운송과물류,2485.0,1390.0,0.0,56156301,033290,14101.0,32523.15,0.4335680891918526,50188971.5,-3.9772727272727293,-32.69911504424778,0.8061949718892543,5.274261603375527,1.5149897609684342,140.18200000000002,-38.79275653923542,https://finance.naver.com/item/main.naver?code=033290
THE E&M,KOSDAQ,2165.0,85347231410,-2.67,2.99,-809.0,722.0,1.155,7325592240.0,-4072556460.0,954631420.0,,20.29601,양방향미디어와서비스,4500.0,860.0,0.0099247225,39421354,089230,607928.0,477121.1,1.274158698913127,974585017.3,5.867970660146704,116.06786427145708,1.274158698913127,-112.04986149584488,-55.593545567040735,115.5,-51.88888888888889,https://finance.naver.com/item/main.naver?code=089230
APS이노베이션,KOSDAQ,3945.0,84928330830,952.5,0.49,4.0,7818.0,0.32971,15848951550.0,534941890.0,2195103960.0,,-82.80274,전기제품,8440.0,2270.0,0.0277980949,21528094,079810,133688.0,83844.85,1.5944688314189839,280877408.7,3.407601572739183,-22.798434442270054,1.5944688314189839,0.051163980557687394,3.3752509641560486,32.971000000000004,-53.258293838862556,https://finance.naver.com/item/main.naver?code=079810
삼영엠텍,KOSDAQ,6530.0,84890000000,9.88,1.07,666.0,6172.0,1.29837,131393130950.0,3176195380.0,1459936440.0,,20.70862,조선,22800.0,5160.0,0.0557551538,13000000,054540,48481.0,104380.1,0.4644659278923856,694020597.5,-25.02870264064294,-55.93792172739541,0.7980735791592458,10.790667530784187,2.4173222428261196,129.837,-71.35964912280701,https://finance.naver.com/item/main.naver?code=054540
코아시아,KOSDAQ,3215.0,84602326340,-5.81,1.06,-565.0,3100.0,2.28908,132073290990.0,-3037150120.0,-3352006170.0,,95.46514,핸드셋,7850.0,1706.0,0.0528422403,26314876,045970,63088.0,127946.7,0.49308032172771943,398288681.8,-13.342318059299195,-46.14740368509212,0.8117051866128631,-18.225806451612904,-2.2995944882072785,228.908,-59.044585987261144,https://finance.naver.com/item/main.naver?code=045970
한성크린텍,KOSDAQ,1571.0,84474559913,807.5,1.39,2.0,1161.0,1.76146,50483710910.0,1501748810.0,-664350490.0,,36.90859,건설,2745.0,1074.0,0.011382654,53771203,066980,317034.0,746053.7,0.42494796286111847,1249883061.5,-11.642294713160851,26.38777152051488,0.42494796286111847,0.17226528854435832,2.974719534142899,176.14600000000002,-42.76867030965391,https://finance.naver.com/item/main.naver?code=066980
기도산업,KOSDAQ,14410.0,84452787870,1.76,0.47,8396.0,31281.0,0.90688,64926778450.0,384296860.0,-3101765930.0,,9.12316,"섬유,의류,신발,호화품",29500.0,14400.0,0.011388899,5860707,282620,,,,,,,,26.84057415044276,0.5918926969338951,90.688,-51.152542372881356,https://finance.naver.com/item/main.naver?code=282620
써니전자,KOSPI,2375.0,84330165250,23.47,0.99,101.0,2388.0,0.0237,3545337180.0,244575830.0,333626450.0,,264.33639,전자장비와기기,2590.0,1418.0,0.0808793921,35507438,004770,5342217.0,1145028.9,4.665573943155496,2543020651.9,42.90012033694344,46.604938271604944,14.826962882770907,4.2294807370184255,6.898521003297069,2.37,-8.301158301158296,https://finance.naver.com/item/main.naver?code=004770
MDS테크,KOSDAQ,1979.0,84164237930,9.09,0.55,220.0,3618.0,0.41784,57637262850.0,4200330460.0,6597444240.0,,163.68113,소프트웨어,4554.081,1550.0,0.0273135511,42528670,086960,79730.0,215634.0,0.36974688592708016,430904857.3,-27.50915750915751,44.13692643845592,1.0477197473496758,6.0807075732448865,7.287525903045203,41.784,-56.544470772478576,https://finance.naver.com/item/main.naver?code=086960
KT밀리의서재,KOSDAQ,9820.0,84116047980,5.36,0.98,1847.0,10150.0,0.29167,23845799800.0,3392419860.0,2717703690.0,,2.44469,출판,16050.0,9090.0,0.0736229902,8565789,418470,17520.0,38711.95,0.4525734301682039,381551183.25,-4.752667313288073,-35.98435462842242,0.743233032694039,18.19704433497537,14.226488054302964,29.166999999999998,-38.81619937694703,https://finance.naver.com/item/main.naver?code=418470
이엠텍,KOSDAQ,4910.0,84122715760,-6.97,0.4,-715.0,12360.0,0.82477,40430175940.0,-7317923270.0,-5657396610.0,,95.46514,핸드셋,10540.0,3400.0,0.0626052651,17132936,091120,18572.0,36445.4,0.5095841999264653,157390709.25,3.586497890295348,-41.408114558472555,1.880182409851449,-5.784789644012945,-18.100151928253023,82.477,-53.41555977229602,https://finance.naver.com/item/main.naver?code=091120
리메드,KOSDAQ,2720.0,84067448000,163.82,2.15,17.0,1296.0,0.4471,7369232950.0,945356110.0,272134340.0,,-34.27735,건강관리장비와용품,4595.0,2300.0,0.0,30907150,302550,16897.0,47423.0,0.3563039031693482,136133691.25,-3.886925795053009,-13.650793650793647,0.6134786917740337,1.3117283950617282,12.828419408291333,44.71,-40.80522306855278,https://finance.naver.com/item/main.naver?code=302550
셀루메드,KOSDAQ,1009.0,83975227728,-24.61,6.59,-41.0,153.0,1.82949,30813927150.0,1564142100.0,2630369000.0,,36.90859,건설,2975.0,552.0,0.0170585361,83226192,049180,,,,,,,,-26.797385620915033,5.076088135036692,182.949,-66.08403361344537,https://finance.naver.com/item/main.naver?code=049180
오가닉티코스메틱,KOSDAQ,4075.0,83863895275,,,,,0.29989,41275193000.0,-7394174000.0,-8732343000.0,,49.63323,화장품,24800.0,1541.0,0.0,20580097,900300,615847.0,1241744.55,0.4959530525018209,4554197448.6,2311.242603550296,3604.5454545454545,2.580105545862875,,-17.914329316400774,29.988999999999997,-83.56854838709677,https://finance.naver.com/item/main.naver?code=900300
드림씨아이에스,KOSDAQ,3410.0,83887514040,11.4,1.06,299.0,3211.0,0.89448,20011130040.0,2267023110.0,-4447331570.0,,48.4019,제약,8640.0,2360.0,0.5019151687,24600444,223250,27248.0,90363.7,0.3015370109900325,310259884.6,-18.12725090036015,-47.376543209876544,1.1112537445899184,9.31174089068826,11.328811043996394,89.44800000000001,-60.532407407407405,https://finance.naver.com/item/main.naver?code=223250
테라뷰,KOSDAQ,2355.0,83644256505,,,,,0.31481,2014872000.0,-3198265000.0,-2809467000.0,,30.86468,반도체와반도체장비,20800.0,1700.0,0.0,35517731,950250,48115.0,104222.05,0.4616585453845899,247191003.85,-30.73529411764706,-71.06879606879608,1.009642393332313,,-158.73291206587814,31.480999999999998,-88.67788461538461,https://finance.naver.com/item/main.naver?code=950250
엔지켐생명과학,KOSDAQ,990.0,83793832650,-4.23,0.54,-234.0,1837.0,0.13086,23543043250.0,-4068322970.0,-2762954100.0,,48.4019,제약,1766.0,966.0,0.0279584762,84640235,183490,,,,,,,,-12.738160043549266,-17.280361450298063,13.086,-43.94110985277463,https://finance.naver.com/item/main.naver?code=183490
아이로보틱스,KOSDAQ,2130.0,83396903880,48.95,1.87,43.0,1126.0,0.27446,12086117180.0,-828650420.0,-1045247550.0,,-33.47526,화학,5080.0,1002.0,0.0319571626,39153476,066430,317620.0,2115397.85,0.15014669699130118,5111787573.95,-35.15981735159818,-21.111111111111114,0.27582376525531593,3.818827708703375,-6.856216993917975,27.445999999999998,-58.07086614173229,https://finance.naver.com/item/main.naver?code=066430
조이시티,KOSDAQ,1195.0,83534617970,-8.81,0.94,-132.0,1240.0,1.46328,38635295040.0,583126850.0,-1011167290.0,,18.38474,게임엔터테인먼트,3335.0,911.0,0.0300431541,69903446,067000,186424.0,246129.05,0.7574237986129634,282184064.2,-7.935285053929119,-59.353741496598644,0.7574237986129634,-10.64516129032258,1.5093112383282579,146.328,-64.16791604197901,https://finance.naver.com/item/main.naver?code=067000
동인기연,KOSPI,13600.0,83340800000,6.86,0.53,1967.0,25695.0,0.92566,71294801030.0,9027580630.0,8447005070.0,,9.12316,"섬유,의류,신발,호화품",17450.0,10850.0,0.0198836488,6128000,111380,3831.0,11317.85,0.33849185136753,153157016.0,4.214559386973171,-18.26923076923077,0.6869679311883441,7.655185833819809,12.662326704862114,92.566,-22.063037249283667,https://finance.naver.com/item/main.naver?code=111380
로보로보,KOSDAQ,4095.0,83326919130,-61.87,2.82,-67.0,1469.0,0.08501,2218118040.0,-1207454900.0,-1318931080.0,,10.89225,교육서비스,15300.0,3135.0,0.020441897,20348454,215100,44570.0,316140.25,0.1409817320002752,1388297344.6,-26.875000000000004,-54.75138121546961,0.2546116794682107,-4.560925799863853,-54.43600738218603,8.501,-73.23529411764707,https://finance.naver.com/item/main.naver?code=215100
SBI인베스트먼트,KOSDAQ,1028.0,83302219036,9.03,0.57,116.0,1824.0,0.04902,8109221170.0,4941943760.0,4941943260.0,,14.71625,창업투자,1922.0,820.0,0.0603720666,81033287,019550,174080.0,197395.75,0.8818832219032071,202137175.25,15.375982042648717,12.719298245614041,1.0223675028464392,6.359649122807018,60.942273695563784,4.902,-46.514047866805406,https://finance.naver.com/item/main.naver?code=019550
제너셈,KOSDAQ,6310.0,83000231910,89.44,1.66,71.0,3826.0,0.97366,23289263740.0,4174121880.0,1102029180.0,,30.86468,반도체와반도체장비,9670.0,3965.0,0.0561995919,13153761,217190,63982.0,219193.8,0.29189694234052244,1484717545.25,10.896309314587004,6.768189509306266,0.41634389293857765,1.8557239937271301,17.922944780907017,97.366,-34.74663908996898,https://finance.naver.com/item/main.naver?code=217190
디와이피엔에프,KOSDAQ,7890.0,82987816890,2.93,0.5,2703.0,15819.0,0.54439,36761810910.0,1075892390.0,1523417560.0,,179.16167,기계,16600.0,7200.0,0.0364386119,10518101,104460,6781.0,8674.6,0.7817075138911304,69869004.0,-19.898477157360407,-47.470039946737685,1.1974039148779194,17.08704722169543,2.9266577553374398,54.43900000000001,-52.46987951807229,https://finance.naver.com/item/main.naver?code=104460
에코플라스틱,KOSDAQ,2020.0,83162127400,39.88,0.23,50.0,8738.0,3.81505,633464444000.0,25880097000.0,18041575000.0,,10.62051,자동차부품,5180.0,1641.0,0.0197209722,41169370,038110,140819.0,156179.5,0.9016484237688045,306904745.15,-14.767932489451475,-41.193595342066956,0.9016484237688045,0.5722133211261158,4.085485340989399,381.505,-61.003861003861005,https://finance.naver.com/item/main.naver?code=038110
조흥,KOSPI,137900.0,82740000000,10.12,0.54,13470.0,252447.0,2.38765,126187444570.0,5626706310.0,1160225530.0,,35.44428,식품,164400.0,132300.0,0.0003616667,600000,002600,3.0,22.75,0.13186813186813187,3123390.0,-0.7913669064748219,-13.866333541536536,3.120879120879121,5.335773449476524,4.459006463894825,238.765,-16.11922141119222,https://finance.naver.com/item/main.naver?code=002600
제이씨케미칼,KOSDAQ,3720.0,82836268080,-20.49,0.56,-183.0,6691.0,1.79457,142806357960.0,11454819130.0,8754915130.0,,-42.48075,에너지장비및서비스,6480.0,2400.0,0.043055506,22267814,137950,69370.0,196524.35,0.35298424851678684,648932881.45,19.23076923076923,8.296943231441055,0.455383773054077,-2.7350171872664775,8.02122489056719,179.457,-42.592592592592595,https://finance.naver.com/item/main.naver?code=137950
아이씨디,KOSDAQ,4550.0,82692951250,-38.89,0.75,-117.0,6033.0,0.96272,29017603890.0,1766358210.0,4515973500.0,,16.34808,디스플레이장비및부품,6960.0,3610.0,0.0316136957,18174275,040910,7031.0,10803.1,0.6508317057141005,47605434.8,1.1111111111111072,-8.266129032258062,1.5953754015051236,-1.9393336648433617,6.087195264970584,96.272,-34.62643678160919,https://finance.naver.com/item/main.naver?code=040910
알서포트,KOSDAQ,1549.0,82510711567,44.29,0.81,34.0,1857.0,0.13777,14166058440.0,2580213270.0,2117310630.0,,163.68113,소프트웨어,3090.0,1278.0,0.1950796705,53267083,131370,164359.0,105925.45,1.5516478806556877,160511338.45,-11.079219288174514,-32.94372294372294,1.5516478806556877,1.830910070005385,18.214052136862428,13.777000000000001,-49.8705501618123,https://finance.naver.com/item/main.naver?code=131370
케이앤에스아이앤씨,KOSDAQ,8030.0,82394882460,-24.18,5.66,-354.0,1513.0,1.76912,3795272770.0,-1475256190.0,-1536422310.0,,-328.00078,통신장비,24600.0,7950.0,0.0127494888,10260882,487400,,,,,,,,-23.397224058162593,-38.87088700610049,176.912,-67.35772357723577,https://finance.naver.com/item/main.naver?code=487400
DRB동일,KOSPI,4275.0,82389356100,18.47,0.2,232.0,20966.0,0.88038,218500373520.0,11181238830.0,8588487730.0,,-33.47526,화학,6470.0,3900.0,0.0141527526,19272364,004840,24704.0,23440.05,1.053922666547213,102158660.5,-0.9269988412514474,-30.713128038897896,2.782801231226043,1.10655346751884,5.117263027917226,88.03800000000001,-33.9258114374034,https://finance.naver.com/item/main.naver?code=004840
아이진,KOSDAQ,1904.0,82309508736,-3.4,1.44,-562.0,1322.0,0.30104,1339438540.0,-3948183230.0,-3840839260.0,,-75.84231,생물공학,2805.0,1182.0,0.0158878656,43229784,185490,114509.0,256335.1,0.44671603693758677,498027952.55,28.648648648648646,48.40218238503506,0.44671603693758677,-42.511346444780635,-294.76404568738184,30.104,-32.12121212121212,https://finance.naver.com/item/main.naver?code=185490
대한뉴팜,KOSDAQ,5730.0,82253691600,5.37,0.59,1087.0,9971.0,0.88796,55966274830.0,2150354890.0,11263588620.0,,48.4019,제약,7900.0,5030.0,0.0021506215,14354920,054670,5688.0,19692.15,0.28884606302511406,113828557.75,1.7761989342806483,-16.956521739130437,0.6042509324781702,10.90161468257948,3.842233374530995,88.79599999999999,-27.468354430379748,https://finance.naver.com/item/main.naver?code=054670
모베이스,KOSDAQ,3550.0,82171952950,6.74,0.22,525.0,16124.0,1.24933,332794351550.0,8352598880.0,6998894050.0,,10.62051,자동차부품,9140.0,2840.0,0.0331958369,23147029,101330,70016.0,59768.0,1.1714629902288851,208842635.2,-6.208718626155873,-33.76865671641791,1.318330879400348,3.2560158769536094,2.509837934777893,124.933,-61.159737417943106,https://finance.naver.com/item/main.naver?code=101330
미투온,KOSDAQ,2510.0,82136552260,100.4,0.55,25.0,4588.0,0.066,24851428530.0,4765416320.0,4339822010.0,,18.38474,게임엔터테인먼트,6900.0,1738.0,0.016405039,32723726,201490,452895.0,1341249.1,0.3376665825908103,3450349003.5,7.494646680942174,-35.723431498079385,1.5478071895817114,0.5448997384481256,19.1756233016839,6.6000000000000005,-63.6231884057971,https://finance.naver.com/item/main.naver?code=201490
에스트래픽,KOSDAQ,3000.0,81623340000,15.28,0.73,180.0,3783.0,0.82576,18799815570.0,-2708230140.0,-2521649660.0,,34.12563,IT서비스,4170.0,2510.0,0.0231873383,27207780,234300,239169.0,97916.55,2.442579931584599,278285094.8,1.180438448566612,-21.259842519685034,2.442579931584599,4.758128469468676,-14.405620788757556,82.57600000000001,-28.057553956834536,https://finance.naver.com/item/main.naver?code=234300
TP,KOSPI,1739.0,81554491650,2.12,0.28,819.0,6164.0,1.8896,274359189460.0,14010128720.0,4108943070.0,,9.12316,"섬유,의류,신발,호화품",2235.0,1520.0,0.0794075998,46897350,007980,40456.0,211822.5,0.190990097841353,383541157.2,0.11514104778354017,-19.11627906976744,0.6048838060168301,13.286826735885787,5.106491511210196,188.96,-22.1923937360179,https://finance.naver.com/item/main.naver?code=007980
아이큐어,KOSDAQ,2170.0,81501658560,-2.42,3.08,-897.0,705.0,2.51734,37653685940.0,2396373110.0,2262695780.0,,49.63323,화장품,2170.0,2170.0,0.0340015839,37558368,175250,,,,,,,,-127.23404255319149,6.364245757556239,251.73399999999998,0.0,https://finance.naver.com/item/main.naver?code=175250
파워넷,KOSDAQ,3240.0,82662094080,5.05,0.54,652.0,6040.0,0.79468,104243907940.0,6900411980.0,373905620.0,,-82.80274,전기제품,10400.0,2420.0,0.0731743654,25512992,037030,219604.0,257319.55,0.8534291312105902,916247831.5,-45.81939799331104,7.82029950083194,0.8534291312105902,10.794701986754966,6.619487043762493,79.468,-68.84615384615384,https://finance.naver.com/item/main.naver?code=037030
폴레드,KOSDAQ,3235.0,81466555335,8.65,1.98,379.0,1660.0,0.41861,25266411060.0,2064207790.0,1667059340.0,,11.78848,가정용기기와용품,26000.0,3000.0,0.0660798628,25182861,487580,94426.0,272791.2,0.34614752968570833,954671114.15,-25.202312138728324,-83.82499999999999,0.40250198686761157,22.83132530120482,8.16977047154872,41.861,-87.5576923076923,https://finance.naver.com/item/main.naver?code=487580
주성코퍼레이션,KOSPI,1550.0,81855856500,39.74,2.83,39.0,548.0,0.51043,24250955710.0,-267142090.0,524011740.0,,10.30179,해운사,2850.0,702.0,0.0070568524,52810230,109070,287907.0,290371.85,0.9915114016734061,470450808.65,-6.62650602409639,92.3076923076923,1.010690258026045,7.116788321167883,-1.1015734521746814,51.043000000000006,-45.614035087719294,https://finance.naver.com/item/main.naver?code=109070
세미티에스,KOSDAQ,2695.0,81257055495,0.0,0.0,0.0,0.0,0.08299,2493545400.0,-414342710.0,-17496827020.0,,30.86468,반도체와반도체장비,8430.0,2260.0,0.0186338177,30151041,0017J0,155681.0,506345.45,0.3074600551856445,1525035762.0,-50.45955882352941,-50.45955882352941,0.6549007204468806,,-16.616609827918115,8.299,-68.03084223013049,https://finance.naver.com/item/main.naver?code=0017J0
쎄니트,KOSDAQ,2390.0,80860681190,-15.06,0.87,-159.0,2744.0,1.36474,36524731470.0,725961620.0,-258217770.0,,43.89712,철강,2555.0,1601.0,0.0033837457,33832921,037760,26218.0,24498.25,1.0701988917575744,57753364.75,-1.2396694214875992,30.17429193899781,1.7312665190370742,-5.794460641399417,1.9875892054025825,136.47400000000002,-6.4579256360078325,https://finance.naver.com/item/main.naver?code=037760
제일엠앤에스,KOSDAQ,3935.0,81063616775,-5.16,-7.08,-762.0,-556.0,-3.57903,111617300830.0,3753011000.0,4137501040.0,,-82.80274,전기제품,3935.0,3935.0,0.0076687816,20600665,412540,,,,,,,,137.0503597122302,3.362391826439224,-357.903,0.0,https://finance.naver.com/item/main.naver?code=412540
디케이락,KOSDAQ,7980.0,81144733740,11.57,0.59,682.0,13415.0,0.70928,39520297780.0,3806757080.0,3487598890.0,,179.16167,기계,11680.0,6170.0,0.0900347966,10168513,105740,39594.0,73089.65,0.5417182870625321,540679523.25,15.652173913043477,-23.709369024856596,1.5487692169821583,5.08386134923593,9.63240991044982,70.928,-31.67808219178082,https://finance.naver.com/item/main.naver?code=105740
누리플렉스,KOSDAQ,6700.0,80772084500,-11.59,1.07,-578.0,6261.0,1.10051,25251323970.0,-88624730.0,4907473460.0,,34.12563,IT서비스,19350.0,2855.0,0.277739727,12055535,040160,7266.0,45080.4,0.161178694066601,258338539.2,-37.44164332399627,-22.988505747126442,0.8767446606507484,-9.231752116275356,-0.3509706267492793,110.05100000000002,-65.37467700258398,https://finance.naver.com/item/main.naver?code=040160
HRS,KOSDAQ,4940.0,80792712000,5.87,0.61,846.0,8112.0,0.13408,24722696830.0,4381926350.0,6915694980.0,,-33.47526,화학,5640.0,4275.0,0.0332142857,16354800,036640,11349.0,37309.95,0.3041815923098262,182902414.75,6.926406926406936,-8.178438661710041,0.9421615413582705,10.428994082840237,17.72430564566366,13.408000000000001,-12.411347517730498,https://finance.naver.com/item/main.naver?code=036640
DSR제강,KOSPI,5620.0,80928000000,3.25,0.43,1713.0,13053.0,0.41974,64084048030.0,7719792080.0,12011632540.0,,43.89712,철강,6150.0,3325.0,0.0978029167,14400000,069730,11914.0,48038.35,0.24801018353045015,275046979.5,9.980430528375738,26.292134831460668,0.9717860834104419,13.123419903470468,12.046355243329968,41.974000000000004,-8.617886178861788,https://finance.naver.com/item/main.naver?code=069730
젝시믹스,KOSDAQ,2725.0,80868394375,6.99,0.71,400.0,3915.0,0.44097,74377729110.0,5347854380.0,4380718640.0,,9.12316,"섬유,의류,신발,호화품",6330.0,2550.0,0.0496819113,29676475,337930,127538.0,56596.15,2.2534748388362105,165840603.6,-10.361842105263152,-51.940035273368615,2.2534748388362105,10.217113665389528,7.190128609722486,44.096999999999994,-56.95102685624013,https://finance.naver.com/item/main.naver?code=337930
일성건설,KOSPI,1494.0,80713170720,29.41,1.11,51.0,1354.0,4.46446,107353073060.0,3717741850.0,624789610.0,,36.90859,건설,2830.0,1105.0,0.6496021833,54024880,013360,286075.0,790179.2,0.3620381300849225,1257234085.85,17.823343848580443,-24.392712550607285,0.3620381300849225,3.766617429837518,3.463097742830465,446.44599999999997,-47.208480565371026,https://finance.naver.com/item/main.naver?code=013360
빅텍,KOSDAQ,2735.0,80671021205,18.05,1.31,154.0,2116.0,1.03558,22574277310.0,624364990.0,-567383410.0,,42.45479,우주항공과국방,7050.0,2500.0,0.0310770993,29495803,065450,355913.0,263793.15,1.3492124416422488,772769458.4,-22.957746478873243,-39.691289966923925,1.8310141866837708,7.277882797731569,2.7658249317395316,103.55799999999999,-61.20567375886525,https://finance.naver.com/item/main.naver?code=065450
한일철강,KOSPI,3020.0,80626329200,-129.78,0.44,-23.0,6789.0,1.22891,61757186190.0,2856034840.0,1709279860.0,,43.89712,철강,6470.0,2330.0,0.013885703,26697460,002220,61656.0,327289.2,0.1883838513461489,1112726027.2,-37.14880332986472,-28.941176470588236,0.37266429811921686,-0.33878332596847843,4.624619443012224,122.89099999999999,-53.32302936630603,https://finance.naver.com/item/main.naver?code=002220
테이팩스,KOSPI,16850.0,80655052500,39.6,0.51,423.0,32645.0,0.30033,40696984980.0,3183429710.0,3200695950.0,,264.33639,전자장비와기기,23300.0,10150.0,0.0458462599,4786650,055490,12270.0,27421.6,0.44745747877585557,400423044.25,-11.9644723092999,4.012345679012341,3.7900778947982614,1.2957573901056822,7.822274086309969,30.032999999999998,-27.6824034334764,https://finance.naver.com/item/main.naver?code=055490
삐아,KOSDAQ,7860.0,80375393220,15.84,1.7,486.0,4524.0,0.21959,21795737810.0,1769739650.0,1543017040.0,,49.63323,화장품,12550.0,6200.0,0.0149240011,10225877,451250,21682.0,58190.05,0.3726066569800163,467848736.0,14.41048034934498,-11.88340807174888,0.6234742881300154,10.742705570291777,8.119659290395914,21.959,-37.37051792828685,https://finance.naver.com/item/main.naver?code=451250
제이스로보틱스,KOSDAQ,4610.0,80567098340,-3.15,0.57,-1428.0,7841.0,0.98286,4040519900.0,-4162588290.0,-6862289740.0,,264.33639,전자장비와기기,10100.0,2965.0,0.017348861,17476594,090470,29347.0,23679.6,1.2393368131218434,107468562.45,-11.854684512428292,-29.402756508422666,5.136742174698897,-18.21196275985206,-103.02110602152956,98.286,-54.35643564356436,https://finance.naver.com/item/main.naver?code=090470
HLB글로벌,KOSPI,1577.0,79896347385,-10.39,1.07,-150.0,1457.0,0.58548,31163761420.0,-874926340.0,-1637026760.0,,-17.27383,판매업체,3230.0,1000.0,0.0199893197,50663505,003580,164298.0,137055.4,1.1987707160753973,210350689.4,2.137305699481873,-22.506142506142503,1.1987707160753973,-10.29512697323267,-2.807511995129374,58.548,-51.17647058823529,https://finance.naver.com/item/main.naver?code=003580
대교,KOSPI,1000.0,80467700000,-1.81,0.3,-552.0,3375.0,1.15393,158618635460.0,-3721661380.0,-1192365110.0,,10.89225,교육서비스,2335.0,818.0,0.0221034278,80467700,019680,167620.0,95903.75,1.7477940122257993,95575397.35,-15.61181434599156,-40.968122786304605,2.43861162884663,-16.355555555555558,-2.346295168412616,115.39299999999999,-57.17344753747323,https://finance.naver.com/item/main.naver?code=019680
SCL사이언스,KOSDAQ,2360.0,80280230920,-19.17,3.2,-120.0,719.0,2.44584,7590079040.0,405628350.0,-129799940.0,,-11.95284,건강관리업체및서비스,3250.0,1389.0,0.005141187,34017047,246960,48541.0,148862.6,0.32607921667363055,297824387.5,30.45881702598121,15.970515970515976,1.7515950950742496,-16.689847009735743,5.3441913827553496,244.584,-27.384615384615387,https://finance.naver.com/item/main.naver?code=246960
디알텍,KOSDAQ,960.0,80137973760,-2.99,1.11,-321.0,867.0,1.78056,37003506460.0,1865837660.0,2065530370.0,,-34.27735,건강관리장비와용품,2365.0,681.0,0.0149585294,83477056,214680,1142322.0,703120.15,1.6246469397868912,766658394.0,-39.660590823381526,-55.55555555555556,12.265034645927868,-37.0242214532872,5.042326629280202,178.05599999999998,-59.40803382663849,https://finance.naver.com/item/main.naver?code=214680
블루콤,KOSDAQ,4660.0,79686000000,4.73,0.43,998.0,11033.0,0.15857,1942281500.0,158708700.0,572954250.0,,31.41759,부동산,5490.0,2685.0,0.0162291813,17100000,033560,15030.0,48579.25,0.30939135536262913,235216224.95,29.624478442280953,49.59871589085072,0.48183123452914567,9.045590501223602,8.171251180634732,15.857,-15.118397085610201,https://finance.naver.com/item/main.naver?code=033560
동국S&C,KOSDAQ,1394.0,79657342000,-48.1,0.43,-30.0,3331.0,0.34113,5034036760.0,-3059603740.0,-12811090630.0,,-42.48075,에너지장비및서비스,2795.0,1229.0,0.0247780481,57143000,100130,146542.0,229119.65,0.6395872200398351,338342577.75,-12.437185929648242,-32.49394673123487,7.907095703052969,-0.9006304413089163,-60.77833527779006,34.113,-50.12522361359571,https://finance.naver.com/item/main.naver?code=100130
에스넷,KOSDAQ,4000.0,79650568000,16.22,0.71,249.0,5721.0,1.81231,186051978870.0,3123358920.0,2732452040.0,,34.12563,IT서비스,6280.0,2835.0,0.0507948167,19912642,038680,49278.0,261346.95,0.18855395098354888,1082055365.55,12.201963534361848,17.994100294985248,0.6647026108397286,4.352385946512848,1.6787560868580618,181.231,-36.30573248407644,https://finance.naver.com/item/main.naver?code=038680
셀리드,KOSDAQ,2695.0,79510523015,-5.78,1.09,-474.0,2515.0,0.80406,2065576350.0,-2502457760.0,-19023860570.0,,-75.84231,생물공학,4760.0,973.0,0.0201940977,29502977,299660,3567331.0,2613647.3,1.364886149711172,5930949213.2,-2.5316455696202556,-10.465116279069765,3.654988949733195,-18.846918489065605,-121.1505815313968,80.406,-43.38235294117647,https://finance.naver.com/item/main.naver?code=299660
한솔로지스틱스,KOSPI,2825.0,79540205625,4.95,0.55,563.0,5100.0,1.02997,182813293830.0,6118166710.0,3936095370.0,,8.69822,항공화물운송과물류,3750.0,2470.0,0.0462225135,28155825,009180,73353.0,36432.5,2.013394633912029,100922173.75,3.860294117647056,-8.427876823338732,2.013394633912029,11.03921568627451,3.3466749500664585,102.997,-24.66666666666667,https://finance.naver.com/item/main.naver?code=009180
한울반도체,KOSDAQ,11500.0,79507205000,-2.49,1.77,-3557.0,4998.0,3.26558,14107507390.0,-3351533720.0,-11353912330.0,,264.33639,전자장비와기기,29050.0,7079.615,0.0,6913670,320000,561801.0,195633.95,2.8716948157515603,2225007785.75,0.0,458.252427184466,2.8716948157515603,-71.16846738695479,-23.757093491765307,326.558,-60.413080895008605,https://finance.naver.com/item/main.naver?code=320000
동일고무벨트,KOSPI,5710.0,79369000000,7.43,0.33,767.0,17082.0,0.48413,103548476290.0,7509054320.0,7166812470.0,,-33.47526,화학,8700.0,5200.0,0.0369626619,13900000,163560,19604.0,87507.4,0.22402676802190444,512878116.5,-8.34670947030498,-21.132596685082873,13.595570203205673,4.4901065449010655,7.251728455153689,48.413000000000004,-34.36781609195402,https://finance.naver.com/item/main.naver?code=163560
제닉스로보틱스,KOSDAQ,6050.0,79363416000,-10.71,1.61,-561.0,3730.0,0.66947,4476681840.0,-2530427990.0,-565679950.0,,179.16167,기계,19940.0,4560.0,0.0145923287,13117920,381620,40448.0,141222.4,0.2864134868122904,906125247.0,-34.0958605664488,-50.16474464579901,0.32361721653222153,-15.040214477211796,-56.524633209135985,66.947,-69.65897693079238,https://finance.naver.com/item/main.naver?code=381620
테라젠이텍스,KOSDAQ,2135.0,79320322760,7.13,0.56,296.0,3789.0,0.675,69256482440.0,2646694300.0,-7181381750.0,,48.4019,제약,3470.0,1845.0,0.0230327395,37152376,066700,57539.0,107487.05,0.535310997929518,233378418.55,-11.226611226611228,-24.823943661971825,0.8329096388820793,7.81208762206387,3.8215834919033758,67.5,-38.472622478386164,https://finance.naver.com/item/main.naver?code=066700
예스24,KOSDAQ,3170.0,79250000000,-7.64,0.46,-414.0,6912.0,1.97547,135760359260.0,-3472397770.0,-887315250.0,,24.38705,인터넷과카탈로그소매,3985.0,2715.0,0.01012396,25000000,053280,6544.0,12765.5,0.5126317026360111,40771258.65,8.376068376068368,-15.127175368139223,2.535897536328385,-5.989583333333334,-2.557740557646783,197.547,-20.451693851944796,https://finance.naver.com/item/main.naver?code=053280
이월드,KOSPI,558.0,79127855694,-4.17,0.36,-131.0,1515.0,0.89341,29177807830.0,2482286260.0,307273100.0,,9.12316,"섬유,의류,신발,호화품",2100.0,420.0,0.0226252671,141806193,084680,453399.0,686534.5,0.6604169200528159,362488435.5,-54.63414634146342,-66.58682634730539,5.4912986892865545,-8.646864686468646,8.507446050994162,89.34100000000001,-73.42857142857142,https://finance.naver.com/item/main.naver?code=084680
KNN,KOSDAQ,5970.0,79060542840,7.01,0.35,850.0,17200.0,0.07185,14150855230.0,983652090.0,18915826880.0,,890.26506,방송과엔터테인먼트,8950.0,4415.0,0.0,13242972,058400,12142.0,18685.9,0.6497947650367388,96535726.55,737.3071528751753,594.9941792782305,2.3426754932863814,4.941860465116279,6.951184744754116,7.185,-33.29608938547486,https://finance.naver.com/item/main.naver?code=058400
가온그룹,KOSDAQ,4280.0,78858756040,10.99,0.61,395.0,7147.0,2.80329,127024697630.0,7899385850.0,3565054000.0,,41.94149,전자제품,10920.0,3200.0,0.0718825562,18424943,078890,49262.0,77558.6,0.6351584479348518,341052801.25,-31.078904991948477,-29.372937293729372,0.6351584479348518,5.526794459213656,6.218779495157299,280.329,-60.80586080586081,https://finance.naver.com/item/main.naver?code=078890
태웅로직스,KOSDAQ,2040.0,78990454440,-14.36,0.33,-141.0,6137.0,1.51943,355643914000.0,5902575520.0,2299783920.0,,10.30179,해운사,3655.0,1410.0,0.0355830873,38720811,124560,19104.0,47123.05,0.4054066958738876,89337756.55,2.1021021021021102,-29.655172413793107,1.2116787856473636,-2.297539514420727,1.6596869193155939,151.943,-44.18604651162791,https://finance.naver.com/item/main.naver?code=124560
대림바스,KOSPI,4750.0,78813140000,5.91,0.47,812.0,10213.0,0.89101,80255346120.0,6570677790.0,4312689350.0,,-8.83051,건축제품,6450.0,3845.0,0.020083967,16592240,005750,41712.0,64605.35,0.6456431239827661,304466705.7,7.587768969422415,-13.793103448275868,1.4176225343566748,7.9506511309115835,8.187215067486397,89.101,-26.356589147286826,https://finance.naver.com/item/main.naver?code=005750
원준,KOSDAQ,5160.0,78801357960,-6.13,0.76,-866.0,6969.0,0.79167,3464106420.0,-14229240680.0,-18804976480.0,,-82.80274,전기제품,12150.0,3230.0,0.0161329727,15271581,382840,68181.0,126046.4,0.5409198517371381,658146867.25,-31.016042780748666,-51.64011246485474,3.1177249013061856,-12.426460037308079,-410.7622271027112,79.167,-57.53086419753086,https://finance.naver.com/item/main.naver?code=382840
리드코프,KOSDAQ,3010.0,78846504520,5.78,0.18,522.0,16721.0,1.752,113151600270.0,2445861440.0,4518829350.0,,-132.71454,석유와가스,4205.0,2655.0,0.0273050216,26194852,012700,20525.0,24590.1,0.8346855035156425,74796291.8,6.360424028268552,-23.50698856416773,0.9997925994607586,3.1218228574846,2.161579185944994,175.2,-28.41854934601664,https://finance.naver.com/item/main.naver?code=012700
우리넷,KOSDAQ,7300.0,78798331600,21.07,0.81,354.0,9217.0,0.39201,22420023220.0,504853200.0,711617260.0,,-328.00078,통신장비,21350.0,5290.0,0.0603392052,10794292,115440,51600.0,91093.55,0.5664506433221671,676986263.5,-28.431372549019606,-0.1367989056087593,0.8857487714552786,3.840729087555604,2.2517960621452024,39.201,-65.80796252927401,https://finance.naver.com/item/main.naver?code=115440
대원미디어,KOSDAQ,6260.0,78744201960,13.37,0.72,454.0,8448.0,0.94729,124485053380.0,6994467330.0,3723756320.0,,890.26506,방송과엔터테인먼트,9640.0,3800.0,0.0349557109,12578946,048910,77172.0,36449.7,2.1172190717619075,195506623.2,21.78988326848248,-21.059268600252214,2.1172190717619075,5.37405303030303,5.618720593426475,94.729,-35.06224066390041,https://finance.naver.com/item/main.naver?code=048910
풍원정밀,KOSDAQ,3455.0,78703759850,-3.08,6.2,-1090.0,542.0,7.48979,10201217070.0,-4544121860.0,-4007949080.0,,16.34808,디스플레이장비및부품,19970.0,3100.0,0.0053029302,22779670,371950,27478.0,75140.6,0.36568779062184753,304770470.75,-52.800546448087424,-79.994209612044,1.417622430483653,-201.1070110701107,-44.54489919015124,748.979,-82.6990485728593,https://finance.naver.com/item/main.naver?code=371950
바이오에프디엔씨,KOSDAQ,9050.0,78696085000,11.56,1.1,782.0,8184.0,0.0469,5362219500.0,2102923480.0,1969840060.0,,-75.84231,생물공학,19450.0,6330.0,0.1095424175,8695700,251120,3471.0,15625.35,0.22213902408586048,138426348.5,-6.797116374871271,-41.98717948717948,0.6692330091805944,9.555229716520039,39.21740764248834,4.6899999999999995,-53.470437017994854,https://finance.naver.com/item/main.naver?code=251120
액스비스,KOSDAQ,8430.0,78683428200,11.69,2.13,734.0,4036.0,0.80097,12045816090.0,-331289180.0,-268121290.0,,264.33639,전자장비와기기,50600.0,6890.0,0.0540522877,9333740,0011A0,17068.0,38768.9,0.44024978784541213,351635465.75,-45.92687620269403,-81.67391304347827,0.9261805209846036,18.18632309217047,-2.750242719337416,80.097,-83.3399209486166,https://finance.naver.com/item/main.naver?code=0011A0
뉴엔AI,KOSDAQ,8750.0,78638000000,-65.44,1.48,-136.0,6023.0,0.07715,5310501310.0,226790950.0,412070580.0,,34.12563,IT서비스,30950.0,5450.0,0.0113501424,8987200,463020,49104.0,1562635.75,0.03142382989765849,18138921809.75,2.3391812865497075,-45.175438596491226,0.06542919551149397,-2.258010957994355,4.270612824686413,7.715,-71.72859450726978,https://finance.naver.com/item/main.naver?code=463020
이노메트리,KOSDAQ,7990.0,78567331920,-18.76,1.35,-437.0,6059.0,0.36755,14630713380.0,-2155044590.0,-2224997940.0,,-82.80274,전기제품,11540.0,4030.0,0.0095770373,9833208,302430,570053.0,436099.0,1.3071641989548244,3184803013.0,-0.8684863523573227,12.2191011235955,5.531991589065785,-7.212411288991582,-14.729593383641285,36.754999999999995,-30.762564991334486,https://finance.naver.com/item/main.naver?code=302430
화천기공,KOSPI,35700.0,78540000000,7.04,0.24,5173.0,154300.0,0.28907,74917929030.0,6483608760.0,9314433440.0,,179.16167,기계,44850.0,29450.0,0.1034963636,2200000,000850,9300.0,15039.55,0.6183695655787573,535031395.0,8.841463414634143,-17.456647398843927,0.9609994979902989,3.3525599481529484,8.65428188411844,28.907,-20.40133779264214,https://finance.naver.com/item/main.naver?code=000850
엠엑스로보틱스,KOSDAQ,3915.0,78432898590,-9.69,1.5,-415.0,2686.0,1.29536,28732580760.0,-1474402480.0,-847738810.0,,179.16167,기계,7580.0,2475.0,0.0240700958,20033946,007820,152171.0,2435280.45,0.062486027020009126,11717057305.0,4.959785522788196,-31.31578947368421,0.23440421410191173,-15.45048399106478,-5.131465538426629,129.536,-48.35092348284961,https://finance.naver.com/item/main.naver?code=007820
DKME,KOSPI,1470.0,78492572760,-24.15,0.55,-60.0,2640.0,0.46859,16476411270.0,-5483457530.0,-5810109450.0,,179.16167,기계,4260.0,1366.0,0.0,53396308,015590,25077.0,42983.65,0.5834078771812072,66944548.25,-37.57961783439491,-50.753768844221106,1.1915228232130124,-2.272727272727273,-33.28065462886446,46.859,-65.49295774647888,https://finance.naver.com/item/main.naver?code=015590
휴비츠,KOSDAQ,7180.0,78103286100,-15.55,0.72,-461.0,10000.0,1.0084,32531453240.0,2134410660.0,1001544420.0,,-34.27735,건강관리장비와용품,10090.0,6270.0,0.033619556,10877895,065510,9372.0,37679.45,0.24872974525902053,258798482.0,4.057971014492745,-26.13168724279835,1.4104770637575657,-4.61,6.561067666585435,100.84,-28.840436075322096,https://finance.naver.com/item/main.naver?code=065510
엠엑스온,KOSDAQ,4590.0,78090606360,43.71,1.01,105.0,4551.0,0.70315,40414004060.0,281534300.0,1396796570.0,,264.33639,전자장비와기기,7940.0,3785.0,0.0117658614,17013204,347890,13753.0,183590.85,0.07491114072406113,932185391.55,-10.526315789473683,-27.027027027027028,0.07491114072406113,2.3071852340145025,0.6966256042881191,70.31500000000001,-42.19143576826197,https://finance.naver.com/item/main.naver?code=347890
이녹스,KOSDAQ,8320.0,78090222080,3.15,0.42,2469.0,18657.0,0.54891,26169598920.0,5267216740.0,11241248360.0,,10.7743,레저용장비와제품,17300.0,5120.0,0.0072224725,9385844,088390,25901.0,6835.5,3.7891887937970887,51309609.0,-6.200676437429542,-40.57142857142857,3.7891887937970887,13.2336388486895,20.127235255312044,54.891,-51.907514450867055,https://finance.naver.com/item/main.naver?code=088390
로스웰,KOSDAQ,1695.0,78020351670,,,,,1.53311,262294507000.0,7062257000.0,9037594000.0,,-328.00078,통신장비,2145.0,857.0,0.5746089493,46029706,900260,33580.0,15835.45,2.1205586200581608,25943903.7,7.346421785940471,3.4798534798534897,2.1205586200581608,,2.692491383359393,153.311,-20.97902097902098,https://finance.naver.com/item/main.naver?code=900260
남화토건,KOSDAQ,6640.0,77953600000,7.18,0.46,931.0,14580.0,0.12774,18613422450.0,49918950.0,709347630.0,,36.90859,건설,12190.0,3200.0,0.0174363714,11740000,091590,532099.0,1567093.6,0.3395451299143842,10184841828.05,95.87020648967552,76.83089214380826,1.6520130003721538,6.385459533607682,0.2681879172628997,12.774,-45.52912223133716,https://finance.naver.com/item/main.naver?code=091590
피스피스스튜디오,KOSDAQ,5500.0,77929010500,4.39,0.53,1139.0,9418.0,0.249,19039903490.0,205500280.0,88740980.0,,9.12316,"섬유,의류,신발,호화품",42000.0,4455.0,0.0264364707,14168911,0117P0,4656798.0,156878.2,29.684162617878073,845823299.3,-59.94173343044429,-59.94173343044429,29.684162617878073,12.093862815884476,1.0793136641051324,24.9,-86.90476190476191,https://finance.naver.com/item/main.naver?code=0117P0
뷰노,KOSDAQ,5560.0,77850135880,-13.54,2.17,-413.0,2579.0,0.3435,6111075520.0,-4208921610.0,-5383790400.0,,570.90407,건강관리기술,28350.0,5390.0,0.0160291985,14001823,338220,87229.0,33586.0,2.5971833502054427,234217568.75,-33.4131736526946,-72.47524752475248,7.627702018698267,-16.013958898797984,-68.87366382930905,34.35,-80.38800705467372,https://finance.naver.com/item/main.naver?code=338220
한신기계,KOSPI,2395.0,77708531645,-174.29,0.9,-14.0,2703.0,0.37041,14349599290.0,1118382300.0,2147015550.0,,179.16167,기계,5910.0,1767.0,0.0727957224,32446151,011700,61231.0,137691.1,0.4446983138343727,342676589.1,-16.25874125874126,-54.896421845574395,4.036491828447881,-0.5179430262671105,7.79382251307451,37.041000000000004,-59.475465313028764,https://finance.naver.com/item/main.naver?code=011700
해치텍,KOSDAQ,14100.0,77368815000,-6.08,8.5,-2482.0,1776.0,0.70376,4256891060.0,-539619010.0,-296929000.0,,30.86468,반도체와반도체장비,21400.0,13010.0,0.004706815,5487150,0155E0,,,,,,,,-139.75225225225225,-12.676364097511106,70.376,-34.112149532710276,https://finance.naver.com/item/main.naver?code=0155E0
종근당바이오,KOSPI,14100.0,77352064200,-26.43,0.6,-526.0,23156.0,1.4509,41085659450.0,-5003107040.0,-5405120110.0,,48.4019,제약,24900.0,11770.0,0.0153316775,5485962,063160,5987.0,6806.3,0.8796262286411118,94554987.75,-11.654135338345862,-33.80281690140845,0.8796262286411118,-2.271549490412852,-12.177258700419861,145.09,-43.37349397590361,https://finance.naver.com/item/main.naver?code=063160
서한,KOSDAQ,3835.0,77386361455,2.66,0.14,1470.0,27140.0,1.27089,147604662550.0,22252890320.0,19460050250.0,,36.90859,건설,6190.0,3335.0,0.0473382367,20178973,011370,59059.0,163455.7,0.3613150229695263,124607546.9,282.3529411764706,233.7684943429069,2.2164354011515046,5.416359616801769,15.076007719242607,127.08900000000001,-38.045234248788375,https://finance.naver.com/item/main.naver?code=011370
엠게임,KOSDAQ,4110.0,77155279140,4.79,0.58,861.0,7129.0,0.18038,21259345960.0,2442698580.0,717449070.0,,18.38474,게임엔터테인먼트,6980.0,3770.0,0.1159383897,18772574,058630,25967.0,27916.2,0.9301767432530215,118950899.5,-8.565072302558397,-28.397212543554005,0.9301767432530215,12.077430214616355,11.489998726188471,18.038,-41.11747851002865,https://finance.naver.com/item/main.naver?code=058630
데이타솔루션,KOSDAQ,4745.0,76989428100,74.0,2.22,65.0,2170.0,1.37066,30118621330.0,1247328640.0,1422716920.0,,34.12563,IT서비스,8730.0,4115.0,0.0399366301,16225380,263800,128858.0,648188.7,0.19879704783499005,3584653713.85,1.8240343347639465,-8.574181117533719,0.2966651532184995,2.995391705069124,4.141386905905895,137.066,-45.64719358533792,https://finance.naver.com/item/main.naver?code=263800
휴마시스,KOSDAQ,3100.0,76492503100,-4.33,0.31,-690.0,9505.0,0.40305,7738386940.0,-3311300290.0,-17103413700.0,,-34.66388,생명과학도구및서비스,7240.0,1898.0,0.0,24675001,205470,76178.0,169039.2,0.45065286631739854,516319210.55,1.806239737274229,278.5103785103785,1.4754979909985375,-7.259337190952131,-42.79057529268496,40.305,-57.18232044198894,https://finance.naver.com/item/main.naver?code=205470
네오리진,KOSDAQ,1440.0,76478420160,-2.88,1.5,-490.0,943.0,0.18109,4019267380.0,-1915287410.0,-3343622890.0,,18.38474,게임엔터테인먼트,1859.0,907.0,0.6231955427,53110014,094860,150092.0,103375.4,1.451912157050904,134811022.6,7.946026986506749,1.1235955056179803,2.6032208823375775,-51.961823966065744,-47.6526498219683,18.109,-22.538999462076383,https://finance.naver.com/item/main.naver?code=094860
에이텍,KOSDAQ,9280.0,76652800000,154.29,0.73,63.0,13373.0,0.57947,53575930510.0,10471555740.0,9616944070.0,,18.70194,컴퓨터와주변기기,13450.0,7300.0,0.0626216707,8260000,045660,13616.0,26984.45,0.5045869009744501,248206035.0,4.386951631046121,-13.594040968342647,1.5106477990101705,0.47109848201600235,19.545261538752882,57.947,-31.003717472118964,https://finance.naver.com/item/main.naver?code=045660
아이크래프트,KOSDAQ,5230.0,76399505280,8.35,1.84,842.0,3826.0,0.89287,40029794860.0,-291419290.0,-1694874240.0,,34.12563,IT서비스,8610.0,2250.0,0.0792347393,14607936,052460,1789671.0,723776.25,2.4726854466418318,4543389939.05,83.83128295254834,38.91102257636123,2.4726854466418318,22.007318348144274,-0.728005954112951,89.287,-39.256678281068524,https://finance.naver.com/item/main.naver?code=052460
동방아그로,KOSPI,5600.0,76258431200,7.14,0.41,786.0,13754.0,0.44532,48896147090.0,2135199640.0,1816001240.0,,-33.47526,화학,6280.0,5270.0,0.3091129207,13617577,007590,5121.0,6113.7,0.8376269689386133,33990109.5,-4.599659284497449,-6.197654941373532,1.038978032942408,5.714701177839173,4.366805499152878,44.532,-10.828025477707005,https://finance.naver.com/item/main.naver?code=007590
레이,KOSDAQ,4875.0,76245102375,23.26,0.95,201.0,4896.0,1.23356,34146708690.0,5654007300.0,2543511710.0,,-34.27735,건강관리장비와용품,11690.0,3680.0,0.0061791477,15640021,228670,90714.0,258707.65,0.35064289749452715,1529873837.75,-1.6145307769929396,-16.808873720136518,0.35064289749452715,4.105392156862745,16.557986162970366,123.356,-58.297690333618476,https://finance.naver.com/item/main.naver?code=228670
테라사이언스,KOSDAQ,654.0,76111715580,-3.89,2.31,-168.0,283.0,1.11217,3889837360.0,-2128254550.0,-3717316290.0,,179.16167,기계,654.0,654.0,0.0057463488,116378770,073640,,,,,,,,-59.36395759717315,-54.71320142804119,111.21700000000001,0.0,https://finance.naver.com/item/main.naver?code=073640
지엠비코리아,KOSPI,3990.0,76098397200,5.12,0.26,762.0,15206.0,1.27589,215775493040.0,9933152390.0,8185264620.0,,10.62051,자동차부품,7140.0,3510.0,0.5651184337,19072280,013870,6423.0,15712.25,0.4087893204346927,61434938.7,2.7027027027026973,-32.3728813559322,0.7668538878900221,5.011179797448376,4.6034664317317135,127.589,-44.11764705882353,https://finance.naver.com/item/main.naver?code=013870
다이나믹솔루션,KOSDAQ,1771.0,75865899648,-3.62,1.28,-496.0,1408.0,0.74878,4171842160.0,-950024250.0,-4835040010.0,,-34.27735,건강관리장비와용품,3480.0,1200.0,0.0,42837888,290660,647698.0,1178571.7,0.5495618128281886,2266424425.75,93.3406113537118,125.03176620076238,1.1875654234697812,-35.22727272727273,-22.77229611198905,74.878,-49.10919540229885,https://finance.naver.com/item/main.naver?code=290660
키스트론,KOSDAQ,4250.0,75854467500,7.82,0.41,551.0,10628.0,0.14245,24847978640.0,3277432940.0,5813589960.0,,55.86742,전기장비,7820.0,3315.0,0.0272434448,17848110,475430,70326.0,298190.35,0.23584264212440142,1334422372.35,-11.642411642411643,-14.658634538152615,0.32178439040700013,5.184418517124577,13.189937851620753,14.245,-45.652173913043484,https://finance.naver.com/item/main.naver?code=475430
폴라리스AI,KOSDAQ,5270.0,75788997780,-97.45,0.81,-55.0,6604.0,0.18986,11062505600.0,499248410.0,-783448260.0,,34.12563,IT서비스,14860.027,3760.0,0.0,14381214,039980,74448.0,1623496.1,0.04585659306480625,9832540269.7,-22.38586156111929,227.1260086902545,0.14447832674189978,-0.8328285887341006,4.51297769286553,18.986,-64.53573065513272,https://finance.naver.com/item/main.naver?code=039980
초록뱀미디어,KOSDAQ,3095.0,75684913350,27.26,0.28,115.0,11069.0,0.28179,25172521870.0,-506542460.0,-5782589400.0,,890.26506,방송과엔터테인먼트,8000.0,2765.0,0.0,24453930,047820,4156.0,10389.6,0.4000154000154,33059771.7,-22.624999999999996,-32.34972677595629,1.9773619773619773,1.0389375734031983,-2.0122833247140206,28.179,-61.31249999999999,https://finance.naver.com/item/main.naver?code=047820
케이피에프,KOSDAQ,3795.0,75678463080,3.86,0.29,1000.0,13491.0,1.01341,213567493240.0,8918017440.0,5323249150.0,,179.16167,기계,6880.0,3310.0,0.0464959123,19941624,024880,125335.0,37784.7,3.3170833697237243,145110084.0,-13.157894736842103,-41.97247706422018,3.3170833697237243,7.412348973389666,4.175737283191422,101.341,-44.84011627906976,https://finance.naver.com/item/main.naver?code=024880
에스와이스틸텍,KOSDAQ,1507.0,75607697000,-28.89,0.82,-54.0,1912.0,0.68765,37647005660.0,-2651224790.0,-3158607520.0,,7.62098,건축자재,4635.0,1110.0,0.0535588886,50171000,365330,323867.0,449165.2,0.721042057577034,684538835.75,-36.27906976744186,-61.45780051150895,5.810027134782481,-2.8242677824267783,-7.042325793301883,68.765,-67.48651564185545,https://finance.naver.com/item/main.naver?code=365330
선바이오,KOSDAQ,6190.0,75603675790,27.21,2.63,229.0,2373.0,1.14164,2236153290.0,284365640.0,631335020.0,,-75.84231,생물공학,8500.0,4840.0,0.0032081636,12213841,067370,5265.0,12780.75,0.4119476556540109,80290235.0,-0.32206119162641045,8.978873239436624,0.6792246151438687,9.65023177412558,12.716732849741263,114.164,-27.17647058823529,https://finance.naver.com/item/main.naver?code=067370
한국가구,KOSDAQ,5040.0,75600000000,4.79,0.38,1029.0,13102.0,0.28025,37041050870.0,3669150210.0,2806124060.0,,8.08584,식품과기본식료품소매,8590.0,4375.0,0.0403031333,15000000,004590,39927.0,46216.2,0.8639178469887183,235756971.05,-8.196721311475407,-4.0000000000000036,0.8639178469887183,7.85376278430774,9.905632059083102,28.025,-41.32712456344587,https://finance.naver.com/item/main.naver?code=004590
HC보광산업,KOSDAQ,2075.0,75402858525,-29.93,0.82,-69.0,2530.0,0.95338,14968926000.0,2392566060.0,2789687350.0,,7.62098,건축자재,4555.0,1600.0,0.0063003033,36338727,225530,10820.0,20421.1,0.5298441318048489,40744974.9,-10.367170626349898,-28.57142857142857,1.4940429261890888,-2.727272727272727,15.983551926170254,95.338,-54.4456641053787,https://finance.naver.com/item/main.naver?code=225530
SY동아,KOSDAQ,4960.0,75392000000,2.57,0.38,1888.0,12809.0,0.68436,98694462230.0,2185669860.0,-645786100.0,,10.62051,자동차부품,8640.0,4015.0,0.02064625,15200000,041930,22907.0,24386.35,0.9393369651464857,117091903.3,-9.981851179673317,-29.445234708392597,1.176928896698358,14.739636193301584,2.214582065310272,68.43599999999999,-42.592592592592595,https://finance.naver.com/item/main.naver?code=041930
영화테크,KOSDAQ,7050.0,75365769000,3.89,0.8,1822.0,8856.0,0.35874,28071643600.0,3988678600.0,6404214500.0,,10.62051,자동차부품,11120.0,5930.0,0.0188848083,10690180,265560,4782.0,8861.75,0.5396225350523316,63341618.25,-6.000000000000005,-19.977298524404084,0.7692611504499676,20.573622402890695,14.208924339578036,35.874,-36.60071942446043,https://finance.naver.com/item/main.naver?code=265560
씨티씨바이오,KOSDAQ,3110.0,75202972200,22.76,1.02,136.0,3042.0,0.90575,33687242570.0,3793665920.0,2602170920.0,,48.4019,제약,7680.0,2570.0,0.0176542181,24181020,060590,21333.0,50599.0,0.421609122709935,158376933.65,-5.038167938931293,-28.17551963048499,0.5549319156505069,4.470742932281394,11.261432015746013,90.575,-59.50520833333333,https://finance.naver.com/item/main.naver?code=060590
서플러스글로벌,KOSDAQ,2030.0,75085640000,-4.83,0.39,-421.0,5163.0,1.4718,38775951640.0,-359145460.0,-1702667630.0,,30.86468,반도체와반도체장비,2730.0,1213.0,0.0160707797,36988000,140070,56724.0,195538.1,0.2900918030808318,349927377.05,7.067510548523215,-4.470588235294115,0.849931547867142,-8.154173929885726,-0.926206694639874,147.18,-25.64102564102564,https://finance.naver.com/item/main.naver?code=140070
정다운,KOSDAQ,2300.0,75173765800,12.34,0.57,186.0,3997.0,0.7716,42055049000.0,2880364880.0,2853722790.0,,35.44428,식품,2785.0,2050.0,0.0186634564,32684246,208140,6964.0,14693.35,0.47395590522243053,33008974.5,2.2222222222222143,-16.515426497277673,1.6148802009072132,4.653490117588191,6.849034654554796,77.16,-17.414721723518856,https://finance.naver.com/item/main.naver?code=208140
남광토건,KOSPI,7630.0,75022524360,14.38,0.61,539.0,12722.0,2.1974,80296104000.0,2256202000.0,1410098000.0,,36.90859,건설,13400.0,6420.0,0.0049844537,9832572,001260,38794.0,128597.55,0.30166982185897007,1054450154.5,-0.2614379084967311,-15.127919911012233,0.3918426128647085,4.23675522716554,2.8098523933365436,219.74,-43.059701492537314,https://finance.naver.com/item/main.naver?code=001260
벡트,KOSDAQ,5470.0,74980025000,-16.33,4.16,-335.0,1316.0,1.29642,6059474740.0,-1714095200.0,-1735405180.0,,10.89225,교육서비스,5700.0,1401.0,0.0319981762,13707500,457600,231855.0,282068.55,0.8219810397153459,1167824903.9,208.34272829763245,152.65588914549656,1.3683872236022059,-25.455927051671733,-28.28785123378532,129.642,-4.035087719298247,https://finance.naver.com/item/main.naver?code=457600
티에스아이,KOSDAQ,3775.0,74908125300,59.02,0.7,61.0,5136.0,1.23969,116645573200.0,7092944340.0,5189808430.0,,264.33639,전자장비와기기,6550.0,2345.0,0.0297992079,19843212,277880,82187.0,66602.8,1.2339871596989915,232704119.1,-3.3290653008962834,-33.303886925795055,1.2339871596989915,1.1876947040498442,6.080765986582678,123.969,-42.36641221374045,https://finance.naver.com/item/main.naver?code=277880
이상네트웍스,KOSDAQ,7600.0,74746539600,4.83,0.5,1579.0,15272.0,0.21512,28763080700.0,8982032880.0,8297844400.0,,5.13317,다각화된소비자서비스,8200.0,6100.0,0.0515382146,9835071,080010,1729.0,6599.95,0.26197168160364853,52218311.0,18.93583724569641,3.1207598371777445,0.7853089796134819,10.339182818229439,31.227645514341585,21.512,-7.317073170731703,https://finance.naver.com/item/main.naver?code=080010
삼호개발,KOSPI,3090.0,74530800000,3.69,0.29,838.0,10609.0,0.48008,95582312810.0,1151302620.0,3445794460.0,,36.90859,건설,5500.0,2700.0,0.0686089138,24120000,010960,126046.0,240572.4,0.5239420648420184,762922430.8,-0.3225806451612856,-27.20848056537103,0.7312559545484021,7.898953718540862,1.2045142936524011,48.008,-43.81818181818182,https://finance.naver.com/item/main.naver?code=010960
대영포장,KOSPI,687.0,74467055163,45.73,0.37,15.0,1865.0,0.42888,79986998740.0,2527444080.0,1955359270.0,,18.15087,포장재,1637.0,576.0,0.0199611514,108394549,014160,72415.0,806688.1,0.0897682759916751,584762872.65,-18.890200708382533,-36.972477064220186,0.19862943311051695,0.8042895442359249,3.159818620292941,42.888,-58.032987171655456,https://finance.naver.com/item/main.naver?code=014160
지엘팜텍,KOSDAQ,4800.0,74447044800,0.0,3.74,0.0,1285.0,1.46379,9701712920.0,231013140.0,81529000.0,,48.4019,제약,6650.0,3760.0,0.0100678919,15509801,204840,18148.0,153841.2,0.11796579849871165,426535043.6,400.5213764337852,321.79261862917394,0.34367256625663345,0.0,2.381158274883277,146.379,-27.819548872180455,https://finance.naver.com/item/main.naver?code=204840
피제이메탈,KOSDAQ,3000.0,74410107000,9.84,1.01,307.0,2977.0,1.10979,122814735230.0,11786193890.0,9299004000.0,,31.17957,비철금속,4140.0,2450.0,0.0245721458,24803369,128660,26697.0,313984.6,0.08502646308131036,966542901.1,1.0101010101010166,-6.396255850234011,0.2631498487505438,10.312395028552233,9.596726213615597,110.979,-27.536231884057973,https://finance.naver.com/item/main.naver?code=128660
현대공업,KOSDAQ,4850.0,74399000000,6.15,0.45,793.0,10837.0,0.50509,85515790490.0,6264284880.0,10599271690.0,,10.62051,자동차부품,7320.0,4050.0,0.0498193611,15340000,170030,9009.0,28676.3,0.3141618688603481,142983662.05,-4.90196078431373,-26.067073170731703,0.9856920174499499,7.317523299806219,7.325296116782701,50.509,-33.7431693989071,https://finance.naver.com/item/main.naver?code=170030
트루엔,KOSDAQ,7100.0,74325576100,6.0,0.66,1156.0,10450.0,0.0534,16665812910.0,4454341540.0,4019418800.0,,264.33639,전자장비와기기,9080.0,5100.0,0.0395474338,10468391,417790,24095.0,16215.75,1.4859010529886068,103384907.75,9.567901234567898,-13.202933985330079,1.5362224997302005,11.062200956937799,26.727418362696596,5.34,-21.80616740088106,https://finance.naver.com/item/main.naver?code=417790
오파스넷,KOSDAQ,5680.0,74103966640,5.83,1.14,971.0,4962.0,1.14518,47340933030.0,1936505170.0,3631120190.0,,34.12563,IT서비스,8570.0,5300.0,0.0458898738,13046473,173130,25191.0,39294.35,0.6410845325091267,223945053.5,-11.250000000000004,-27.55102040816326,0.6410845325091267,19.568722289399435,4.090551339097678,114.51800000000001,-33.722287047841306,https://finance.naver.com/item/main.naver?code=173130
서남,KOSDAQ,2795.0,74065205305,-17.06,7.63,-165.0,369.0,0.79467,1197639390.0,-1606422440.0,-1602809200.0,,55.86742,전기장비,7150.0,2295.0,0.0065703922,26499179,294630,75821.0,166747.4,0.4547057405392828,478373585.55,-8.809135399673739,-40.90909090909091,0.7186139034251808,-44.71544715447154,-134.1323985678193,79.467,-60.909090909090914,https://finance.naver.com/item/main.naver?code=294630
지니너스,KOSDAQ,1875.0,73860508125,-3.71,7.07,-521.0,273.0,0.33399,3606850290.0,-4594620820.0,-7745896470.0,,-75.84231,생물공학,6480.0,1500.0,0.0418434621,39392271,389030,409993.0,217024.95,1.8891514547060142,463828481.65,-42.74809160305344,-41.58878504672897,1.8891514547060142,-190.84249084249086,-127.38595867809086,33.399,-71.06481481481481,https://finance.naver.com/item/main.naver?code=389030
아이에스티이,KOSDAQ,7600.0,73833832800,-15.03,3.42,-497.0,2184.0,1.52129,16849737150.0,2073401490.0,1770703470.0,,30.86468,반도체와반도체장비,15580.0,5590.0,0.0761521025,9714978,212710,36606.0,75696.1,0.48359162493179964,604469072.25,-28.301886792452834,-14.027149321266963,1.0171065616326336,-22.756410256410255,12.30524530763971,152.129,-51.21951219512195,https://finance.naver.com/item/main.naver?code=212710
녹십자엠에스,KOSDAQ,3080.0,73806135480,18.08,1.5,169.0,2040.0,0.72874,27112896310.0,742651780.0,-4027548010.0,,-34.27735,건강관리장비와용품,6660.0,2200.0,0.0085250067,23963031,142280,252743.0,860341.75,0.2937704696999768,2607547542.65,-16.30434782608695,-20.72072072072072,1.3983361844290365,8.284313725490195,2.7391089889798645,72.87400000000001,-53.753753753753756,https://finance.naver.com/item/main.naver?code=142280
유니크,KOSDAQ,3820.0,73805054900,6.81,0.54,559.0,7054.0,1.15654,121438562660.0,4866785810.0,4618912920.0,,10.62051,자동차부품,5130.0,3410.0,0.0273937868,19320695,011320,9831.0,18846.1,0.5216463883774363,71668560.55,-6.942752740560287,-10.643274853801167,0.5899894407861574,7.924581797561666,4.007611506096198,115.654,-25.536062378167646,https://finance.naver.com/item/main.naver?code=011320
팅크웨어,KOSDAQ,6640.0,73766575360,-2.69,0.41,-2461.0,16025.0,0.74608,133793639140.0,-3550866920.0,-657021520.0,,41.94149,전자제품,10730.0,5500.0,0.027970127,11109424,084730,3465.0,7931.95,0.43684087771607233,50952710.0,-5.9490084985835745,-34.83807654563298,1.3938564917832312,-15.357254290171607,-2.6539878448813377,74.60799999999999,-38.11742777260019,https://finance.naver.com/item/main.naver?code=084730
뉴프렉스,KOSDAQ,3010.0,73747290610,8.4,0.68,360.0,4434.0,0.52931,37117508650.0,1420686160.0,1584280580.0,,264.33639,전자장비와기기,7280.0,2260.0,0.0353326576,24500761,085670,49697.0,107054.9,0.4642197601417591,322986498.45,-28.925619834710748,-52.14626391096979,0.4905520438578711,8.119079837618404,3.827536415216812,52.931,-58.65384615384615,https://finance.naver.com/item/main.naver?code=085670
해성옵틱스,KOSDAQ,1244.0,73689807920,-5.45,3.39,-240.0,385.0,3.06386,55887149870.0,405852010.0,-8040387370.0,,95.46514,핸드셋,2930.0,485.0,0.0047940465,59236180,076610,661274.0,2633080.0,0.25114086924818085,3606037296.25,-17.3421926910299,12.072072072072082,0.4401066431707354,-62.33766233766234,0.7261991548040273,306.386,-57.54266211604096,https://finance.naver.com/item/main.naver?code=076610
CJ씨푸드,KOSPI,2050.0,73658084650,26.28,0.84,78.0,2447.0,0.93362,48254180050.0,-578078690.0,741599380.0,,35.44428,식품,3350.0,1710.0,0.0263909435,35930773,011150,28132.0,54643.5,0.5148279301289266,110279926.3,-0.9661835748792313,-32.11920529801324,1.6348696551282402,3.187576624438088,-1.197986763843063,93.362,-38.80597014925373,https://finance.naver.com/item/main.naver?code=011150
포바이포,KOSDAQ,5160.0,73631832600,-5.66,1.87,-926.0,2799.0,0.9195,11130390210.0,-602620920.0,-564860060.0,,890.26506,방송과엔터테인먼트,14710.0,3980.0,0.0209733397,14269735,389140,24873.0,49833.9,0.4991180702293017,255384812.75,-23.893805309734518,-61.14457831325302,1.094977515305846,-33.0832440157199,-5.414194009645597,91.95,-64.92182188987084,https://finance.naver.com/item/main.naver?code=389140
팜젠사이언스,KOSPI,3250.0,73626686250,-0.52,0.49,-6256.0,6677.0,0.31529,47717245820.0,1797971590.0,-13583136930.0,,48.4019,제약,4630.0,2590.0,0.0172536727,22654365,004720,14478.0,21085.25,0.6866411353908538,68560861.15,5.177993527508096,-22.341696535244925,0.6866411353908538,-93.69477310169238,3.767970173262611,31.529,-29.805615550755938,https://finance.naver.com/item/main.naver?code=004720
라파스,KOSDAQ,8250.0,73610319750,-16.98,2.44,-484.0,3370.0,1.46809,7582172960.0,-1770064330.0,-2315920030.0,,49.63323,화장품,16670.0,6240.0,0.0,8922463,214260,97645.0,12208.0,7.998443643512451,106789098.0,16.36107193229901,-30.26204564666103,7.998443643512451,-14.362017804154304,-23.345079825243133,146.809,-50.509898020395916,https://finance.naver.com/item/main.naver?code=214260
시공테크,KOSDAQ,3665.0,73475810050,2.24,0.37,1617.0,9842.0,0.32622,23778367250.0,315288990.0,8803651360.0,,15.6358,"호텔,레스토랑,레저",5990.0,3150.0,0.0,20047970,020710,59080.0,152585.0,0.38719402300357175,556192990.15,-4.805194805194802,-11.580217129071169,0.7787462725693876,16.42958748221906,1.3259488621953217,32.622,-38.81469115191987,https://finance.naver.com/item/main.naver?code=020710
한국컴퓨터,KOSDAQ,4565.0,73365438850,2.93,0.37,1555.0,12463.0,0.77422,77758425370.0,1204149220.0,1809838420.0,,16.34808,디스플레이장비및부품,5930.0,4415.0,0.0263490983,16071290,054040,31364.0,49408.15,0.6347940572557361,236393141.35,-5.486542443064179,-13.047619047619053,0.6347940572557361,12.47693171788494,1.5485771661016339,77.422,-23.0185497470489,https://finance.naver.com/item/main.naver?code=054040
화일약품,KOSDAQ,8710.0,73317156640,-283.33,0.35,-30.0,24580.0,0.04045,24463367370.0,-912073530.0,4374222210.0,,48.4019,제약,13800.0,7090.0,0.0,8417584,061250,14099.0,8153.75,1.7291430323470796,68684351.25,8.603491271820452,709.4795539033457,2.090203893913843,-0.12205044751830757,-3.7283237266775346,4.045,-36.88405797101449,https://finance.naver.com/item/main.naver?code=061250
동국생명과학,KOSDAQ,2290.0,73243680600,8.35,0.56,275.0,4107.0,0.63952,24257952550.0,21875370.0,-887872160.0,,-34.27735,건강관리장비와용품,4395.0,2155.0,0.0228830289,31984140,303810,24306.0,76251.45,0.31876115142728434,180599062.9,-18.36007130124777,-38.19163292847504,0.7057964143632679,6.695885074263453,0.0901781383029377,63.952,-47.895335608646185,https://finance.naver.com/item/main.naver?code=303810
일지테크,KOSDAQ,5420.0,73243170000,1.56,0.37,3457.0,14517.0,2.34774,206970740760.0,3478765030.0,1562538490.0,,10.62051,자동차부품,8240.0,3715.0,0.0827379287,13513500,019540,29856.0,74287.15,0.40189992481876075,433205452.25,-8.135593220338988,2.264150943396226,0.7659063512330195,23.813460081284013,1.680800395855915,234.774,-34.22330097087378,https://finance.naver.com/item/main.naver?code=019540
삼현철강,KOSDAQ,4740.0,73199298600,11.44,0.37,411.0,12759.0,0.12569,61402095340.0,5401551250.0,4911449320.0,,43.89712,철강,6140.0,4110.0,0.0412023268,15442890,017480,27270.0,19115.3,1.426605912541263,92544122.2,-1.147028154327423,2.5974025974025983,1.426605912541263,3.22125558429344,8.797014531979977,12.568999999999999,-22.80130293159609,https://finance.naver.com/item/main.naver?code=017480
네오뷰,KOSDAQ,13860.0,73127785500,0.0,0.0,0.0,0.0,,,,,,16.34808,디스플레이장비및부품,25600.0,13380.0,0.1665812828,5276175,0218L0,23293.0,81552.3,0.28562039329362876,1274247747.25,-22.78551532033426,-22.78551532033426,0.658890061960239,,,,-45.859375,https://finance.naver.com/item/main.naver?code=0218L0
아리바이오랩,KOSDAQ,2520.0,72969059520,-4.17,5.65,-597.0,441.0,1.13794,,-2458560510.0,-2662328520.0,,48.4019,제약,6720.0,1824.0,0.0,28955976,261780,97410.0,296467.65,0.3285687325413076,689362291.0,-2.7027027027026973,-4.9056603773584895,1.8232815620861162,-135.37414965986395,,113.794,-62.5,https://finance.naver.com/item/main.naver?code=261780
신일제약,KOSDAQ,6080.0,72877403200,9.2,0.45,651.0,13180.0,0.13853,24198110810.0,2259914000.0,2242169590.0,,48.4019,제약,6820.0,4820.0,0.0311554372,11986415,012790,32924.0,19677.95,1.6731417652753462,114014296.0,17.601547388781434,-4.100946372239744,1.6731417652753462,4.939301972685888,9.33921667581619,13.852999999999998,-10.850439882697948,https://finance.naver.com/item/main.naver?code=012790
수젠텍,KOSDAQ,4350.0,72832920000,-2.91,0.89,-1525.0,4991.0,0.27301,3083568470.0,-4225462130.0,-3771504210.0,,-34.27735,건강관리장비와용품,8250.0,3530.0,0.0179532586,16743200,253840,271320.0,615675.9,0.4406864065980169,2826958725.7,-12.91291291291291,-24.347826086956527,3.1098033884386247,-30.55499899819675,-137.03156492581468,27.301,-47.27272727272728,https://finance.naver.com/item/main.naver?code=253840
탑머티리얼,KOSDAQ,8890.0,72827262270,-2.36,0.66,-3837.0,13681.0,0.91482,5082813710.0,-9646573000.0,-10048772820.0,,264.33639,전자장비와기기,28650.0,6520.0,0.0,8192043,360070,16193.0,29964.0,0.540415164864504,260194306.25,-27.1311475409836,-56.314496314496324,1.5043719129622213,-28.046195453548716,-189.78804950142467,91.482,-68.97033158813264,https://finance.naver.com/item/main.naver?code=360070
중앙에너비스,KOSDAQ,11690.0,72795149700,-45.91,0.99,-252.0,11730.0,0.07911,14951404380.0,-966820860.0,-837016320.0,,-132.71454,석유와가스,38000.0,11170.0,0.0345093165,6227130,000440,45765.0,20637.6,2.217554366786836,248526112.75,-26.24605678233438,-45.11737089201878,2.217554366786836,-2.1483375959079285,-6.466421718171735,7.911,-69.23684210526315,https://finance.naver.com/item/main.naver?code=000440
오텍,KOSDAQ,2650.0,72771239250,-6.5,0.61,-431.0,4600.0,3.8123,250977984960.0,5113284940.0,1823105810.0,,179.16167,기계,5200.0,1650.0,0.0135256217,27460845,067170,1820331.0,456854.1,3.9844908910744152,1118268974.75,7.287449392712553,39.10761154855642,3.9844908910744152,-9.369565217391305,2.037344008804174,381.23,-49.03846153846154,https://finance.naver.com/item/main.naver?code=067170
싸이토젠,KOSDAQ,3145.0,72742425315,-5.88,2.04,-535.0,1538.0,0.62235,6833976920.0,-1216357300.0,-2197751800.0,,-11.95284,건강관리업체및서비스,11200.0,2260.0,0.0220754864,23129547,217330,50292.0,63330.15,0.7941241257126345,213384144.1,-22.345679012345677,-49.35587761674718,1.2570789742326522,-34.78543563068921,-17.79867439177714,62.235,-71.91964285714285,https://finance.naver.com/item/main.naver?code=217330
국제약품,KOSPI,3435.0,72684022920,12.09,0.73,280.0,4617.0,0.86384,48317716300.0,2133719620.0,1666952970.0,,48.4019,제약,5470.0,2810.0,0.0366800171,21159832,002720,181085.0,96308.4,1.8802617424855985,328322119.1,1.0294117647058787,-28.36287799791449,1.8802617424855985,6.064544076239983,4.416019181767496,86.384,-37.202925045703836,https://finance.naver.com/item/main.naver?code=002720
웅진씽크빅,KOSPI,1279.0,72681841715,-3.09,0.27,-412.0,4654.0,1.81492,190878290190.0,3808431350.0,1117116830.0,,10.89225,교육서비스,3531.057,1055.0,0.0209665162,56827085,095720,16260.0,29597.7,0.5493670116259034,36501077.75,-13.405551794177384,10.449050086355793,0.9399379005801126,-8.852599914052428,1.995214514028333,181.49200000000002,-63.77855129498051,https://finance.naver.com/item/main.naver?code=095720
KX하이텍,KOSDAQ,948.0,72681349320,12.21,0.46,80.0,2108.0,0.39625,40447310190.0,7272672270.0,4309266240.0,,30.86468,반도체와반도체장비,2430.0,795.0,0.065552383,76668090,052900,796846.0,1143900.1,0.6966045374067192,1307953691.8,-42.230347349177336,-36.16161616161616,0.6966045374067192,3.795066413662239,17.98060794608305,39.625,-60.98765432098765,https://finance.naver.com/item/main.naver?code=052900
성창기업지주,KOSPI,5210.0,72681167200,-3.54,0.11,-1480.0,48555.0,0.27104,34722061500.0,390614530.0,951378570.0,,-6.01077,종이와목재,9245.0,4395.0,0.0058536292,13950320,000180,9289.0,7080.5,1.3119130004943154,37436900.5,-2.0676691729323293,202.55516840882692,2.2477226184591483,-3.0480897950777472,1.1249750536845284,27.104,-43.64521362898864,https://finance.naver.com/item/main.naver?code=000180
선도전기,KOSPI,4020.0,72360000000,12.95,1.92,312.0,2105.0,1.29444,3013066930.0,-1026263200.0,-1334617300.0,,55.86742,전기장비,16590.0,3000.0,0.0217880556,18000000,007610,108251.0,481372.0,0.22488013428284154,2196874704.25,-32.8881469115192,-38.153846153846146,1.0469345952818194,14.821852731591449,-34.06041829943685,129.44400000000002,-75.76853526220614,https://finance.naver.com/item/main.naver?code=007610
포니링크,KOSDAQ,2840.0,72594543560,4.98,0.37,630.0,8570.0,0.23717,11974410330.0,-4416965980.0,-58708392820.0,,33.69389,전문소매,5190.0,1757.0,0.0344468209,25561459,064800,291297.0,107856.15,2.70079174901014,302898571.9,4.220183486238538,259.9493029150824,3.4340925389975445,7.351225204200699,-36.886709727442586,23.717,-45.27938342967245,https://finance.naver.com/item/main.naver?code=064800
폴라리스AI파마,KOSDAQ,5440.0,72261424000,11.64,0.53,464.0,10233.0,0.33008,14704831570.0,778795830.0,6749227020.0,,48.4019,제약,10200.0,4110.0,0.0168054745,13283350,041910,15652.0,120978.05,0.1293788418642886,690503959.75,-6.849315068493156,-20.93023255813954,0.5050089665026011,4.534349653083162,5.296190073940439,33.007999999999996,-46.666666666666664,https://finance.naver.com/item/main.naver?code=041910
다스코,KOSPI,3565.0,72195709815,-12.82,0.43,-273.0,8046.0,1.53938,80365349580.0,-3923730800.0,-4077116070.0,,7.62098,건축자재,5800.0,2270.0,0.0110682051,20251251,058730,986267.0,2757008.45,0.3577308586050942,10054029426.5,43.75,-4.806408544726304,2.994623393337804,-3.392990305741984,-4.882366368722265,153.938,-38.53448275862069,https://finance.naver.com/item/main.naver?code=058730
에이치엘지노믹스,KOSDAQ,9280.0,72218454080,6.58,0.67,1409.0,13925.0,0.07611,6607737350.0,2116193350.0,1787529850.0,,48.4019,제약,25550.0,8650.0,0.0131211626,7782161,0156T0,123765.0,708153.7,0.1747713808457119,7436451908.0,-37.254901960784316,-37.254901960784316,0.34643044299563786,10.118491921005386,32.02599071223677,7.611,-63.679060665362044,https://finance.naver.com/item/main.naver?code=0156T0
디지틀조선,KOSDAQ,1946.0,72226309582,13.12,0.78,147.0,2479.0,0.15406,11215793510.0,3750191060.0,3221593470.0,,34.12563,IT서비스,3070.0,1358.0,0.0205957834,37115267,033130,24049.0,28613.4,0.8404803343887829,54333407.0,1.3541666666666563,-17.36730360934182,1.315292834825641,5.929810407422348,33.43669849713558,15.406,-36.61237785016287,https://finance.naver.com/item/main.naver?code=033130
마음AI,KOSDAQ,10160.0,72240394000,-9.22,2.82,-1106.0,3622.0,1.17,961613110.0,-3014282110.0,-1352287320.0,,34.12563,IT서비스,26500.0,7730.0,0.0017398764,7110275,377480,23164.0,131977.0,0.17551543071898892,1493934231.25,-32.04013377926421,-39.08872901678657,1.0484402585298953,-30.53561568194368,-313.4610040830246,117.0,-61.66037735849057,https://finance.naver.com/item/main.naver?code=377480
양지사,KOSDAQ,4520.0,72229600000,-38.97,0.34,-116.0,13435.0,0.13247,6875295410.0,701232680.0,1375119470.0,,15.49036,상업서비스와공급품,9820.0,4000.0,0.0113796621,15980000,030960,14502.0,68985.75,0.21021732749154717,321546624.5,-9.05432595573441,-50.81610446137106,0.6732259923245018,-0.8634164495720135,10.199309821365187,13.247,-53.97148676171079,https://finance.naver.com/item/main.naver?code=030960
라이온켐텍,KOSDAQ,2010.0,72162537600,8.4,0.51,241.0,3936.0,0.16806,42021891570.0,5189769520.0,4493944700.0,,7.62098,건축자재,3650.0,1863.0,0.0336293541,35901760,171120,23438.0,54499.8,0.4300566240610057,110424108.85,-4.513064133016631,-8.636363636363631,1.215600791195564,6.122967479674797,12.35015684944808,16.805999999999997,-44.93150684931507,https://finance.naver.com/item/main.naver?code=171120
자이글,KOSDAQ,5310.0,71849132100,-13.28,3.71,-400.0,1431.0,1.58968,2722182640.0,721151110.0,596850740.0,,-34.27735,건강관리장비와용품,6270.0,4560.0,0.0049191074,13530910,234920,,,,,,,,-27.952480782669465,26.4916504647168,158.968,-15.311004784688997,https://finance.naver.com/item/main.naver?code=234920
동양고속,KOSPI,24800.0,71810111200,22.18,1.2,1136.0,20914.0,1.92742,33678029660.0,-1403800940.0,-2195818300.0,,13.62122,도로와철도운송,172800.0,7170.0,0.0424161883,2895569,084670,10010.0,22466.1,0.4455601995896039,576374982.5,-38.76543209876543,-52.39923224568138,0.7424074494460543,5.431768193554556,-4.168298900417324,192.742,-85.64814814814815,https://finance.naver.com/item/main.naver?code=084670
아이디피,KOSDAQ,5400.0,71678120400,6.3,0.93,857.0,5785.0,0.0846,11882043630.0,2587167090.0,2426448120.0,,18.70194,컴퓨터와주변기기,5740.0,4380.0,0.0117790589,13273726,332370,5951.0,5822.75,1.0220256751534929,31671713.25,5.882352941176472,1.31332082551594,1.0220256751534929,14.81417458945549,21.773755176827272,8.459999999999999,-5.923344947735187,https://finance.naver.com/item/main.naver?code=332370
싸이닉솔루션,KOSDAQ,3040.0,71759200000,39.11,2.0,79.0,1548.0,1.20884,49996308220.0,753029910.0,1045787600.0,,30.86468,반도체와반도체장비,12700.0,1959.0,0.045206863,23605000,234030,25458.0,46891.55,0.5429123157583828,146756718.75,-33.18681318681319,-65.5328798185941,0.6617396951049815,5.103359173126615,1.506171029041632,120.88399999999999,-76.06299212598425,https://finance.naver.com/item/main.naver?code=234030
아이티센씨티에스,KOSPI,5920.0,71662464320,1.36,0.31,4360.0,18920.0,1.03661,260610992970.0,6817519900.0,11517425960.0,,34.12563,IT서비스,9980.0,4570.0,0.0202374263,12105146,031820,50837.0,28234.95,1.800499026915224,168770626.75,-3.7398373983739797,622.8327228327229,1.800499026915224,23.044397463002113,2.6159755666119553,103.661,-40.681362725450896,https://finance.naver.com/item/main.naver?code=031820
엔브이에이치코리아,KOSDAQ,1695.0,71478150000,-5.45,0.34,-314.0,4978.0,3.84637,408933387270.0,4900608130.0,849947250.0,,10.62051,자동차부품,2505.0,1591.0,0.0137786815,42170000,067570,89783.0,109514.8,0.8198252656261984,189562062.75,-8.772874058127023,-29.227557411273487,1.9207632210440964,-6.3077541181197265,1.1983878750316743,384.637,-32.33532934131736,https://finance.naver.com/item/main.naver?code=067570
페스카로,KOSDAQ,7260.0,71632459800,23.34,1.13,305.0,6312.0,0.504,10512889620.0,531201560.0,1378930580.0,,10.62051,자동차부품,47000.0,4450.0,0.0333182321,9866730,0015S0,9606.0,21501.95,0.44675017847218507,148318745.75,-27.61714855433699,-65.83529411764705,0.564972014166157,4.832065906210393,5.05285967227724,50.4,-84.5531914893617,https://finance.naver.com/item/main.naver?code=0015S0
신신제약,KOSDAQ,4700.0,71301350000,7.61,0.95,613.0,4933.0,0.79278,33999386650.0,4064750580.0,3648227140.0,,48.4019,제약,6990.0,3900.0,0.0413681158,15170500,002800,1158232.0,64006.2,18.095621986620046,289748604.25,0.42735042735042583,-25.159235668789815,18.095621986620046,12.42651530508818,11.955364435964023,79.278,-32.761087267525035,https://finance.naver.com/item/main.naver?code=002800
아미코젠,KOSDAQ,1011.0,71432596257,-1.76,0.56,-543.0,1703.0,0.65866,13392562820.0,-1301362640.0,-20841809420.0,,-75.84231,생물공학,4400.0,926.0,0.0257638671,70655387,092040,543918.0,889537.7,0.6114614366541182,933920358.2,-28.19602272727273,-35.02570694087404,0.7363352896678803,-31.88490898414563,-9.717054588361453,65.866,-77.02272727272728,https://finance.naver.com/item/main.naver?code=092040
포커스에이아이,KOSDAQ,1950.0,71293688700,-4.39,2.69,-455.0,742.0,0.65777,10598880490.0,-1166344350.0,-2507916530.0,,264.33639,전자장비와기기,3695.0,1317.0,0.0090801186,36560866,331380,33017.0,61270.45,0.538873143579001,129697789.1,-2.4024024024024038,-31.216931216931222,1.4938359355937487,-61.32075471698113,-11.004410806409611,65.777,-47.22598105548038,https://finance.naver.com/item/main.naver?code=331380
센코,KOSDAQ,1883.0,71197823018,12.68,1.21,148.0,1553.0,0.23394,12637590200.0,1411387020.0,1029813800.0,,264.33639,전자장비와기기,2625.0,1212.0,0.0243792747,37810846,347000,56713.0,42323.25,1.33999633771036,75527064.0,3.8610038610038533,-20.548523206751057,1.33999633771036,9.52994204764971,11.168165747295715,23.394000000000002,-28.266666666666662,https://finance.naver.com/item/main.naver?code=347000
세원물산,KOSDAQ,8520.0,71142000000,3.84,0.18,2230.0,47436.0,0.2823,41587303920.0,-1732014410.0,1950916080.0,,10.62051,자동차부품,14000.0,7970.0,0.019000479,8350000,024830,8058.0,2687.5,2.9983255813953487,23360979.5,-16.059113300492612,-29.99178307313065,7.385302325581395,4.701070916603423,-4.16476724081901,28.23,-39.142857142857146,https://finance.naver.com/item/main.naver?code=024830
옵티팜,KOSDAQ,4845.0,71075946510,-28.47,2.8,-170.0,1731.0,0.62805,6588058670.0,-206123170.0,-216938910.0,,48.4019,제약,6250.0,4075.0,0.0084407195,14669958,153710,338.0,6408.2,0.05274492057051902,30134114.05,8.268156424581008,-15.445026178010469,0.6688305608439188,-9.820912767186597,-3.1287391373519746,62.805,-22.48,https://finance.naver.com/item/main.naver?code=153710
DSR,KOSPI,4435.0,70960000000,4.71,0.29,935.0,15284.0,0.60055,88213945280.0,4074908970.0,11034165980.0,,31.17957,비철금속,4800.0,3630.0,0.0305583125,16000000,155660,8219.0,31969.7,0.2570871794230162,144794176.6,8.834355828220852,8.038976857490866,0.7967857064658098,6.117508505626799,4.6193478333452,60.055,-7.604166666666668,https://finance.naver.com/item/main.naver?code=155660
아이티센엔텍,KOSDAQ,5400.0,70333687800,3.13,0.72,1772.0,7642.0,1.75983,138834251410.0,8310266340.0,5156611920.0,,34.12563,IT서비스,7950.0,4050.0,0.0,13024757,010280,17273.0,64255.95,0.2688155727212811,352790847.4,-17.557251908396942,393.6014625228519,0.6978808966329189,23.187647212771527,5.985746496704506,175.983,-32.07547169811321,https://finance.naver.com/item/main.naver?code=010280
엔케이,KOSPI,9460.0,70174980040,-16.71,0.4,-560.0,23370.0,0.31718,36792105840.0,3144228500.0,3552445950.0,,20.70862,조선,17610.0,6950.0,0.0,7418074,085310,13116.0,16464.1,0.7966423916278449,152679578.25,-1.9689119170984481,729.8245614035087,0.9040275508530683,-2.396234488660676,8.545932417332924,31.718000000000004,-46.28052243043725,https://finance.naver.com/item/main.naver?code=085310
한켐,KOSDAQ,8690.0,70103394460,11.68,1.13,734.0,7581.0,0.04579,6657890720.0,413811140.0,417141980.0,,16.34808,디스플레이장비및부품,17040.0,5460.0,0.0068402236,8067134,457370,843120.0,1773594.65,0.4753735584396356,15930330468.5,-40.763462849352415,-18.860877684407097,0.5387426038976831,9.682099986809128,6.215348935616054,4.579,-49.002347417840376,https://finance.naver.com/item/main.naver?code=457370
APS,KOSDAQ,3810.0,70081982010,-18.88,0.33,-205.0,11700.0,0.67811,17883247360.0,-3948936630.0,-7207038220.0,,30.86468,반도체와반도체장비,10770.0,3280.0,0.0256443586,18394221,054620,11151.0,27995.7,0.3983111692152723,112214943.25,-11.703360370799532,-26.730769230769237,0.9674342845508417,-1.7521367521367521,-22.081764852353974,67.81099999999999,-64.62395543175488,https://finance.naver.com/item/main.naver?code=054620
파로스아이바이오,KOSDAQ,5400.0,69908032800,-6.17,4.77,-831.0,1076.0,1.70146,,-2280091590.0,-2334621520.0,,-75.84231,생물공학,12120.0,3710.0,0.0186328802,12945932,388870,28407.0,47833.35,0.5938743575350671,259668188.2,-30.946291560102303,-34.54545454545455,0.9696372928093057,-77.23048327137546,,170.146,-55.44554455445545,https://finance.naver.com/item/main.naver?code=388870
피제이전자,KOSDAQ,4710.0,70014150000,7.58,0.51,629.0,9377.0,0.41712,50657912840.0,1755981390.0,1841019240.0,,-34.27735,건강관리장비와용품,12250.0,3980.0,0.0314207871,14865000,006140,34677.0,38886.4,0.891751357801185,187083102.85,-10.114503816793896,-38.98963730569949,0.891751357801185,6.707902314172977,3.466351635027212,41.711999999999996,-61.55102040816327,https://finance.naver.com/item/main.naver?code=006140
대창솔루션,KOSDAQ,1897.0,69913483514,-9.76,2.16,-193.0,872.0,3.20409,18885891350.0,-135882350.0,-1142729460.0,,20.70862,조선,4180.0,1348.0,0.0316493158,36854762,096350,150337.0,342179.3,0.4393515329536299,687617234.9,-2.216494845360828,-31.885098743267505,1.8203789650630533,-22.13302752293578,-0.7194913254650276,320.409,-54.61722488038278,https://finance.naver.com/item/main.naver?code=096350
레몬헬스케어,KOSDAQ,5190.0,69834351210,-21.17,25.05,-226.0,191.0,0.47423,2930897430.0,-2126857090.0,-2145049480.0,,-11.95284,건강관리업체및서비스,20300.0,3830.0,0.00251502,13455559,365660,3773236.0,4569406.55,0.8257606231163651,28708245443.4,-44.787234042553195,-44.787234042553195,0.8257606231163651,-118.32460732984293,-72.56675270277199,47.423,-74.43349753694581,https://finance.naver.com/item/main.naver?code=365660
와이즈넛,KOSDAQ,5910.0,69825946710,44.4,1.15,134.0,5170.0,0.16741,7433414910.0,-165198420.0,502887430.0,,163.68113,소프트웨어,17190.0,5010.0,0.0,11814881,096250,19481.0,28187.55,0.6911207252847446,175524351.5,-23.643410852713174,-49.87277353689568,0.7795285507254089,2.591876208897485,-2.2223758797287423,16.741,-65.61954624781849,https://finance.naver.com/item/main.naver?code=096250
제일연마,KOSPI,9170.0,69692000000,4.45,0.56,2042.0,16369.0,0.10673,21596273260.0,2069757850.0,2286354480.0,,31.17957,비철금속,12900.0,8030.0,0.0638386842,7600000,001560,978.0,1644.45,0.5947277205144577,14641070.25,-4.974093264248703,-16.17915904936015,0.6756058256559944,12.474799926690695,9.583865813707526,10.673,-28.914728682170544,https://finance.naver.com/item/main.naver?code=001560
아이엠티,KOSDAQ,8850.0,69690307350,72.18,2.28,124.0,3921.0,1.81983,9347002790.0,-163012400.0,-406703100.0,,30.86468,반도체와반도체장비,19500.0,6240.0,0.0343101393,7874611,451220,8774.0,39502.1,0.22211477364494547,366706076.75,-25.630252100840334,-30.96723868954758,0.7796294374223143,3.162458556490691,-1.7440071824350016,181.983,-54.61538461538462,https://finance.naver.com/item/main.naver?code=451220
나래나노텍,KOSDAQ,6480.0,69400469520,1.81,0.62,3613.0,10520.0,0.15485,20684329430.0,3001943930.0,2759542970.0,,16.34808,디스플레이장비및부품,7080.0,2860.0,0.0240797599,10709949,137080,6762.0,30971.2,0.21833186960789377,198716191.25,46.11048478015785,43.68070953436807,0.45539081469235937,34.344106463878326,14.51313149966593,15.485,-8.47457627118644,https://finance.naver.com/item/main.naver?code=137080
삼정펄프,KOSPI,27750.0,69374195250,2.21,0.24,12556.0,114819.0,0.11071,29636958120.0,-10366920.0,13542267620.0,,6.51539,가정용품,36450.0,24750.0,0.1736392142,2499971,009770,874.0,2711.55,0.32232486953956224,75045551.25,5.714285714285716,-22.377622377622373,0.9725064999723405,10.935472352136841,-0.03497970324088038,11.071,-23.86831275720165,https://finance.naver.com/item/main.naver?code=009770
KT지니뮤직,KOSDAQ,1193.0,69331717534,-2.47,0.47,-474.0,2474.0,0.59287,77216249500.0,1893651820.0,-464697770.0,,890.26506,방송과엔터테인먼트,2145.0,1140.0,0.0134687619,58115438,043610,90573.0,100854.8,0.8980534392017038,123669869.1,-19.609164420485172,-36.441129461907295,0.919182825210104,-19.15925626515764,2.4524006698874956,59.287,-44.38228438228439,https://finance.naver.com/item/main.naver?code=043610
휴비스,KOSPI,2005.0,69172500000,28.59,0.27,71.0,7534.0,2.23059,238728537020.0,3341868770.0,-1594832070.0,,9.12316,"섬유,의류,신발,호화품",4070.0,1630.0,0.0153031884,34500000,079980,48792.0,77033.25,0.6333888288498798,154169378.85,-1.715686274509809,-30.981067125645435,0.6333888288498798,0.9423944783647464,1.3998614542341152,223.059,-50.73710073710074,https://finance.naver.com/item/main.naver?code=079980
소마젠,KOSDAQ,3595.0,69153610535,,,,,0.66226,12016047000.0,180763000.0,2765420000.0,,-34.66388,생명과학도구및서비스,4690.0,2380.0,0.0,19236053,950200,2030130.0,796211.65,2.5497366183978842,3207031996.8,31.204379562043805,-7.105943152454786,3.9177748780741903,,1.5043466457812622,66.226,-23.34754797441365,https://finance.naver.com/item/main.naver?code=950200
디에이테크놀로지,KOSDAQ,6090.0,69131518050,-4.14,-3.33,-1470.0,-1830.0,-8.03797,2086564900.0,-143448460.0,4879647810.0,,-82.80274,전기제품,203.0,203.0,0.0223283938,11351645,196490,,,,,,,,80.32786885245902,-6.87486212386684,-803.7969999999999,2900.0,https://finance.naver.com/item/main.naver?code=196490
LK삼양,KOSDAQ,980.0,69059071200,-2.89,2.14,-350.0,472.0,0.44462,5781963660.0,-1944208010.0,-2570763540.0,,264.33639,전자장비와기기,3155.0,489.0,0.0241815201,70468440,225190,20262879.0,5518200.85,3.6720082415992525,6238614514.7,-33.87314439946019,-56.73289183222958,3.6720082415992525,-74.15254237288136,-33.625393107365184,44.462,-68.93819334389858,https://finance.naver.com/item/main.naver?code=225190
예림당,KOSDAQ,2995.0,68987659615,0.53,0.26,5479.0,11107.0,0.0122,2399656490.0,-263229690.0,9767110700.0,,2.44469,출판,4035.0,2505.0,0.0184680422,23034277,036000,15146.0,57387.55,0.2639248408409141,169748748.35,-3.2310177705977328,-14.18338108882522,1.8187917065635315,49.32925182317457,-10.969473801644002,1.22,-25.774473358116477,https://finance.naver.com/item/main.naver?code=036000
큐에스아이,KOSDAQ,7440.0,68980860240,26.38,0.77,282.0,9645.0,0.0693,7703114580.0,-12527170.0,2045608470.0,,30.86468,반도체와반도체장비,22750.0,5360.0,0.0912406795,9271621,066310,13110.0,37803.8,0.34679053428491313,277735383.0,-26.190476190476186,-17.607973421926914,0.7894708997508186,2.9237947122861585,-0.16262473925189883,6.93,-67.2967032967033,https://finance.naver.com/item/main.naver?code=066310
애드바이오텍,KOSDAQ,2540.0,68877797220,-9.13,2.68,-275.0,937.0,1.03814,2904941570.0,-1936051200.0,-284156260.0,,48.4019,제약,4385.0,1300.0,0.0111635611,27117243,179530,63003.0,177988.8,0.35397171057954213,430295068.6,1.6000000000000014,56.98393077873918,3.456678173008639,-29.34898612593383,-66.64682071385002,103.81400000000001,-42.07525655644242,https://finance.naver.com/item/main.naver?code=179530
유라테크,KOSDAQ,5970.0,68774400000,6.11,0.44,964.0,13417.0,0.2161,54246367850.0,1108012170.0,2524488070.0,,10.62051,자동차부품,9760.0,5130.0,0.0207532986,11520000,048430,2441.0,16144.1,0.1512007482609746,96788868.0,-4.63258785942492,-29.5159386068477,0.3744401979670592,7.184914660505329,2.0425554998702093,21.61,-38.83196721311475,https://finance.naver.com/item/main.naver?code=048430
아우토크립트,KOSDAQ,7060.0,68841996460,-4.5,2.0,-1434.0,3227.0,1.46914,7464506890.0,-792533100.0,-106279470.0,,10.62051,자동차부품,22750.0,5120.0,0.0216912312,9750991,331740,28311.0,19037.8,1.4870940970070072,122961399.5,-32.37547892720306,-61.58868335146899,1.4870940970070072,-44.43755810350171,-10.61735372046793,146.914,-68.96703296703296,https://finance.naver.com/item/main.naver?code=331740
삼익제약,KOSDAQ,6830.0,68761626040,-54.44,0.72,-99.0,7503.0,0.19171,15702065310.0,-227511310.0,-77462080.0,,48.4019,제약,25050.0,3705.0,0.0113698534,10067588,014950,6099181.0,504007.35,12.101373124816533,2786390220.0,11.23778501628665,-52.66805266805267,12.101373124816533,-1.319472211115554,-1.4489260202930592,19.171,-72.73453093812375,https://finance.naver.com/item/main.naver?code=014950
바이오스마트,KOSDAQ,2715.0,68620381530,7.61,0.48,356.0,5697.0,0.74943,167623166480.0,5118576760.0,2157547610.0,,55.86742,전기장비,6930.0,2305.0,0.0730624515,25274542,038460,67621.0,124113.75,0.5448308507316877,341081747.45,-6.70103092783505,-50.0,0.8944214480667936,6.248902931367387,3.053621326626546,74.943,-60.82251082251082,https://finance.naver.com/item/main.naver?code=038460
크리스에프앤씨,KOSDAQ,2925.0,68535558000,4.76,0.17,615.0,17440.0,0.95408,89809446530.0,10880128990.0,7041304960.0,,9.12316,"섬유,의류,신발,호화품",4950.0,2525.0,0.0080065435,23430960,110790,6287.0,9386.5,0.6697917221541576,27916264.9,-12.686567164179108,-28.57142857142857,0.6697917221541576,3.5263761467889907,12.114682152467775,95.408,-40.90909090909091,https://finance.naver.com/item/main.naver?code=110790
신일전자,KOSPI,1001.0,68616068521,16.39,0.82,61.0,1221.0,0.9297,71885680270.0,6976105130.0,5242596250.0,,11.78848,가정용기기와용품,1501.0,947.0,0.0242760201,68547521,002700,373109.0,1531428.05,0.2436346911629312,1666776007.7,-15.88235294117647,-29.70505617977528,0.38004266671228853,4.995904995904995,9.704443365908206,92.97,-33.311125916055964,https://finance.naver.com/item/main.naver?code=002700
피앤에스로보틱스,KOSDAQ,5090.0,68487375200,24.06,1.56,212.0,3261.0,0.05403,1728956720.0,-457578940.0,217796420.0,,-34.27735,건강관리장비와용품,14800.0,3605.0,0.0159501697,13455280,460940,30698.0,347560.45,0.08832420374642742,2015433431.65,-13.874788494077839,-47.417355371900825,0.11407224268468981,6.501073290401717,-26.465609850546173,5.4030000000000005,-65.60810810810811,https://finance.naver.com/item/main.naver?code=460940
잉크테크,KOSDAQ,3485.0,68327875345,27.27,0.87,128.0,3991.0,0.9615,23311582300.0,2380435190.0,2139409840.0,,18.70194,컴퓨터와주변기기,4450.0,2735.0,0.0084047063,19606277,049550,1432.0,9158.0,0.1563660187813933,31556452.8,15.588723051409614,-2.1067415730337102,0.9408167722210089,3.2072162365321977,10.211384020895055,96.15,-21.685393258426966,https://finance.naver.com/item/main.naver?code=049550
한일단조,KOSDAQ,2075.0,68261376675,46.56,0.5,45.0,4222.0,0.96785,43149338220.0,4990930900.0,2950905830.0,,10.62051,자동차부품,4800.0,1750.0,0.0606513672,32897049,024740,48149.0,105983.95,0.4543046376361704,225230357.3,-11.513859275053306,-18.145956607495073,0.8502796885754872,1.065845570819517,11.566645297207991,96.785,-56.77083333333333,https://finance.naver.com/item/main.naver?code=024740
내츄럴엔도텍,KOSDAQ,2150.0,68273035000,-21.08,2.83,-102.0,759.0,0.64086,6154196120.0,-193945390.0,-254289110.0,,49.63323,화장품,4100.0,1668.0,0.0124691622,31754900,168330,7148.0,18124.8,0.3943767655367232,36464698.4,-10.416666666666663,-27.36486486486487,0.988479872881356,-13.438735177865613,-3.1514333670601324,64.086,-47.5609756097561,https://finance.naver.com/item/main.naver?code=168330
삼일씨엔에스,KOSPI,5360.0,68243235920,45.9,0.26,117.0,21058.0,0.71986,79595802520.0,2470959930.0,1781582970.0,,7.62098,건축자재,11070.0,3990.0,0.0167254074,12731947,004440,22295.0,27843.05,0.8007384248492891,141828782.35,13.921360255047821,-7.586206896551728,1.034944088381122,0.555608319878431,3.1043847185021134,71.986,-51.58084914182475,https://finance.naver.com/item/main.naver?code=004440
디에스엠,KOSDAQ,2545.0,68240522925,27.89,0.62,95.0,4295.0,1.53804,16443690270.0,-153736340.0,-715687110.0,,10.62051,자동차부품,6450.0,1410.0,0.0041440965,26813565,104040,27200.0,49756.05,0.5466671892161857,135508869.95,19.483568075117375,245.31886024423338,0.8829680008762752,2.211874272409779,-0.9349260261881592,153.804,-60.54263565891473,https://finance.naver.com/item/main.naver?code=104040
빛샘전자,KOSDAQ,8470.0,68205606700,9.23,0.84,943.0,10357.0,0.3747,41224605150.0,3630055570.0,2985389630.0,,264.33639,전자장비와기기,25700.0,4600.0,0.0162414422,8052610,072950,94109.0,668362.35,0.14080535805166164,6259897544.75,-20.09433962264151,27.17717717717718,0.606069447209287,9.104953171767887,8.805555703424366,37.47,-67.04280155642024,https://finance.naver.com/item/main.naver?code=072950
동원모빌리티,KOSPI,1457.0,68121937381,3.21,0.51,453.0,2844.0,2.43576,193668847570.0,14414948490.0,13922179770.0,,10.62051,자동차부품,1967.0,1219.0,0.0392599215,46754933,018500,25883.0,61032.4,0.4240862230552952,88692374.75,4.220314735336195,-12.123039806996383,1.0650736330211494,15.928270042194093,7.443090962158918,243.57600000000002,-25.92780884595831,https://finance.naver.com/item/main.naver?code=018500
한국전자인증,KOSDAQ,3585.0,68115000000,14.25,1.02,252.0,3523.0,0.35055,10542335410.0,1625637870.0,1222133080.0,,34.12563,IT서비스,4945.0,2990.0,0.0348493158,19000000,041460,10900.0,39207.3,0.2780094523213789,134797358.05,11.508553654743391,-15.647058823529413,2.4928520964208194,7.152994606869145,15.420092482145757,35.055,-27.502527805864506,https://finance.naver.com/item/main.naver?code=041460
SK디앤디,KOSPI,3650.0,67953444300,10.85,0.13,259.0,20844.0,2.19733,84026049060.0,-42817140620.0,-44863405250.0,,31.41759,부동산,9396.15,2507.228,0.0107864253,18617382,210980,1179454.0,221594.3,5.322582755964391,1169364112.0,-69.06779661016948,-73.04283604135894,5.322582755964391,1.2425638073306469,-50.95698429117596,219.733,-61.154302560091104,https://finance.naver.com/item/main.naver?code=210980
프로티아,KOSDAQ,5270.0,67876098050,15.39,2.24,347.0,2384.0,0.05998,5347482850.0,1636714660.0,1550651190.0,,-34.27735,건강관리장비와용품,6890.0,3680.0,0.0181806042,12879715,303360,38276.0,26716.0,1.432699505914059,134221653.7,28.850855745721283,-2.226345083487946,7.3458975894595,14.555369127516778,30.60719792677783,5.998,-23.512336719883887,https://finance.naver.com/item/main.naver?code=303360
인지소프트,KOSDAQ,20650.0,67808694100,2.57,0.78,8108.0,26761.0,0.18896,4523907530.0,1215509640.0,47465717430.0,,163.68113,소프트웨어,23700.0,15300.0,0.0108304195,3283714,100030,7572.0,13136.25,0.5764202112475021,257629636.0,21.32784958871916,-5.275229357798161,1.0311161861261775,30.297821456597283,26.86857836813477,18.895999999999997,-12.869198312236286,https://finance.naver.com/item/main.naver?code=100030
신스틸,KOSDAQ,1633.0,67722766806,49.91,0.79,33.0,2089.0,1.83829,100940929140.0,739312630.0,-421443400.0,,43.89712,철강,2360.0,1335.0,0.0070528877,41471382,162300,63075.0,1870275.25,0.033724982459132684,3695490599.7,1.5547263681592094,-5.058139534883721,0.10080387900123257,1.5797032072762087,0.7324210667553996,183.829,-30.805084745762713,https://finance.naver.com/item/main.naver?code=162300
한국특강,KOSPI,2360.0,67605834400,22.36,0.31,104.0,7479.0,1.65185,255229971080.0,473482190.0,141629750.0,,43.89712,철강,3640.387,1693.0,0.0114521335,28646540,007280,5648.0,80994.55,0.0697330869793091,171443825.55,3.2822757111597323,69.906407487401,0.4253002208173266,1.3905602353255784,0.18551198669829821,165.185,-35.17172762126665,https://finance.naver.com/item/main.naver?code=007280
특수건설,KOSDAQ,3850.0,67553374350,-3.5,0.79,-1113.0,4922.0,1.33536,55414601130.0,1988798010.0,1663261520.0,,36.90859,건설,7690.0,3145.0,0.0217773733,17546331,026150,16013.0,28831.15,0.5554062186211788,111105258.75,-10.151691948658115,-46.229050279329606,1.4061874049422238,-22.612759041040228,3.588942209174032,133.536,-49.93498049414824,https://finance.naver.com/item/main.naver?code=026150
팬젠,KOSDAQ,4995.0,67504972455,32.34,2.25,154.0,2218.0,0.08222,3955577500.0,-219711970.0,-48194340.0,,-75.84231,생물공학,8510.0,4220.0,0.0717985389,13514509,222110,5007.0,7921.4,0.6320852374580251,38767121.15,-0.6958250497017926,-4.31034482758621,1.6827833463781656,6.943192064923355,-5.5544852805942995,8.222,-41.30434782608695,https://finance.naver.com/item/main.naver?code=222110
모델솔루션,KOSDAQ,10540.0,67421218000,10.21,0.96,1068.0,11302.0,0.17463,20042763420.0,1786417700.0,1730254160.0,,179.16167,기계,31500.0,8560.0,0.0339621993,6396700,417970,8606.0,14997.95,0.573811754273084,165685825.25,-26.907073509015255,-53.97379912663756,0.9349277734623731,9.449654928331269,8.91303091577379,17.463,-66.53968253968254,https://finance.naver.com/item/main.naver?code=417970
앱튼,KOSDAQ,2910.0,67392439740,-2.6,0.7,-1300.0,4840.0,0.92334,3368075840.0,-1325409790.0,-3870730020.0,,-42.48075,에너지장비및서비스,12570.0,730.0,0.0,23158914,270520,736459.0,277555.25,2.6533780211327294,979846252.15,167.2176308539945,1181.9383259911895,2.6533780211327294,-26.859504132231404,-39.35213614429775,92.334,-76.84964200477327,https://finance.naver.com/item/main.naver?code=270520
레이저쎌,KOSDAQ,4600.0,67173997800,-2.38,2.98,-1837.0,1467.0,1.01687,2061285500.0,-1050574200.0,-3623551490.0,,30.86468,반도체와반도체장비,14640.0,1573.0,0.0383403651,14603043,412350,139655.0,183447.35,0.7612810978190745,774621092.6,-34.65909090909091,10.977080820265384,0.8237077286752847,-125.22154055896387,-50.966942716086635,101.687,-68.5792349726776,https://finance.naver.com/item/main.naver?code=412350
우신시스템,KOSPI,3670.0,67212578180,3.78,0.34,985.0,10957.0,1.42001,80388249940.0,-3545331610.0,173144110.0,,10.62051,자동차부품,7840.0,3320.0,0.0081454931,18314054,017370,14974.0,17699.7,0.8460030395995412,67725739.2,-16.01830663615561,-46.42335766423358,1.4009841974722734,8.98968695810897,-4.410260968047142,142.001,-53.18877551020409,https://finance.naver.com/item/main.naver?code=017370
넥스트칩,KOSDAQ,2035.0,66925922085,-2.48,3.66,-815.0,552.0,1.69209,13207734860.0,-590009370.0,-711416650.0,,30.86468,반도체와반도체장비,7570.0,1575.0,0.0313026274,32887431,396270,114630.0,132342.7,0.8661603548967944,279727218.25,-46.37681159420289,-36.0062893081761,0.9431952045711625,-147.64492753623188,-4.467150319521178,169.209,-73.11756935270806,https://finance.naver.com/item/main.naver?code=396270
티플랙스,KOSDAQ,2745.0,66616763490,19.93,0.39,137.0,6922.0,0.68654,71478912970.0,2155529020.0,454522280.0,,31.17957,비철금속,5570.0,2275.0,0.068797072,24268402,081150,146657.0,75015.55,1.9550213255784967,202596577.85,-4.6875,-12.995245641838348,1.9550213255784967,1.9791967639410575,3.01561527789977,68.65400000000001,-50.71813285457809,https://finance.naver.com/item/main.naver?code=081150
동일금속,KOSDAQ,7350.0,66885000000,12.4,0.4,596.0,18440.0,0.19097,30302254820.0,2361857140.0,2404305070.0,,179.16167,기계,8880.0,6910.0,0.0,9100000,109860,1109.0,1927.45,0.5753716049702975,14076807.5,0.9615384615384581,-3.41655716162943,1.9372746374743832,3.2321041214750545,7.794328026180858,19.097,-17.229729729729726,https://finance.naver.com/item/main.naver?code=109860
위메이드플레이,KOSDAQ,6400.0,66566662400,3.48,0.25,1812.0,25565.0,0.17694,32191942200.0,2595324830.0,3628247240.0,,18.38474,게임엔터테인먼트,11630.0,4860.0,0.0358217028,10401041,123420,9985.0,50583.9,0.19739482325403931,337315173.25,1.9108280254777066,-20.693928128872365,0.22611937790482742,7.0878153725796995,8.062032461029952,17.694,-44.96990541702493,https://finance.naver.com/item/main.naver?code=123420
유니테크노,KOSDAQ,2720.0,66560320320,-20.15,0.47,-131.0,5612.0,0.79405,34212536520.0,2817988340.0,3183523760.0,,10.62051,자동차부품,4980.0,2155.0,0.0185033076,24470706,241690,20643.0,40605.85,0.5083750247809121,107088840.6,-6.689536878216118,-29.624838292367393,1.3703444208162125,-2.3342836778332146,8.23671269843631,79.405,-45.38152610441767,https://finance.naver.com/item/main.naver?code=241690
기가레인,KOSDAQ,7830.0,66463655220,-6.48,1.66,-1250.0,4870.0,1.52791,13683829040.0,-2375667500.0,-1606950630.0,,-328.00078,통신장비,31250.0,3580.0,0.0,8488334,049080,115566.0,838367.95,0.1378463954878046,7825752662.0,378.89908256880733,1944.3864229765013,3.5537916257414186,-25.667351129363446,-17.361131106326656,152.791,-74.944,https://finance.naver.com/item/main.naver?code=049080
대륙제관,KOSDAQ,4160.0,66157307840,7.18,0.41,577.0,9988.0,0.40372,78189998380.0,2342226010.0,1904111540.0,,18.15087,포장재,4250.0,3400.0,0.0464186482,15903199,004780,16607.0,31510.3,0.527034017448263,127720465.2,9.186351706036744,5.852417302798973,0.527034017448263,5.776932318782539,2.9955570514490653,40.372,-2.117647058823524,https://finance.naver.com/item/main.naver?code=004780
삼륭물산,KOSDAQ,4460.0,66119500000,10.88,1.15,408.0,3863.0,0.8034,29764159850.0,2261664440.0,1943305530.0,,18.15087,포장재,11950.0,3545.0,0.0188794604,14825000,014970,9649.0,28248.5,0.34157565888454255,123737722.7,-12.720156555772999,-35.8273381294964,0.47783068127511197,10.56173958063681,7.5986167639131255,80.34,-62.677824267782434,https://finance.naver.com/item/main.naver?code=014970
알에프텍,KOSDAQ,7300.0,66052027900,-1.62,0.24,-4492.0,30621.0,0.63879,53866482930.0,-2290467880.0,-1068736360.0,,95.46514,핸드셋,15407.95,5400.0,0.0,9048223,061040,3316.0,12881.55,0.25742243751722427,86647578.5,-0.6802721088435382,261.3861386138614,3.1746955917572035,-14.66967114072042,-4.252120716655075,63.879,-52.621860792642764,https://finance.naver.com/item/main.naver?code=061040
딜리셔스,KOSDAQ,3015.0,65965064400,17.46,-0.58,185.0,-5574.0,0.55887,9750985370.0,2557613420.0,2651022880.0,,34.12563,IT서비스,7360.0,3015.0,0.0250329083,21878960,483350,,,,,,,,-3.3189809831359884,26.229281687456783,55.887,-59.035326086956516,https://finance.naver.com/item/main.naver?code=483350
아고스,KOSDAQ,2640.0,65852827920,-3.56,1.64,-756.0,1641.0,0.47131,9617273460.0,-2543987180.0,-2540806980.0,,41.94149,전자제품,5630.0,1752.0,0.0177594815,24944253,175140,24765.0,48322.3,0.512496300879718,119343709.9,-4.0000000000000036,-33.501259445843836,2.38922816173899,-46.06946983546618,-26.45227039223651,47.131,-53.108348134991125,https://finance.naver.com/item/main.naver?code=175140
셀바스헬스케어,KOSDAQ,2555.0,65767141020,16.36,0.89,151.0,2766.0,0.12422,8202288930.0,372482440.0,-8676624330.0,,-34.27735,건강관리장비와용품,7490.0,2130.0,0.0438749128,25740564,208370,204376.0,302976.1,0.6745614588081371,850134532.5,-21.38461538461538,-49.90196078431373,0.6745614588081371,5.459146782357195,4.541201159564615,12.422,-65.88785046728972,https://finance.naver.com/item/main.naver?code=208370
홈캐스트,KOSDAQ,1895.0,65745605645,1886.0,0.77,1.0,2458.0,0.08327,867496100.0,-2010293930.0,-2355598530.0,,33.69389,전문소매,2540.0,1186.0,0.0186436076,34694251,064240,83133.0,71355.45,1.1650546664620574,111257820.55,9.72785176606832,-13.667425968109336,2.046080572682255,0.04068348250610252,-231.73521241190596,8.327,-25.393700787401574,https://finance.naver.com/item/main.naver?code=064240
한국내화,KOSPI,1598.0,65625165076,-2.59,0.37,-607.0,4239.0,0.55329,104105844320.0,1824842470.0,2023204910.0,,31.17957,비철금속,2470.0,1339.0,0.0057541979,41067062,010040,9623.0,27504.0,0.3498763816172193,44373128.85,1.331642358909324,-23.357314148681052,0.898087550901687,-14.319414956357631,1.752872263723071,55.32899999999999,-35.30364372469636,https://finance.naver.com/item/main.naver?code=010040
비트컴퓨터,KOSDAQ,3945.0,65578890885,8.49,0.84,471.0,4774.0,0.12299,9785532840.0,1817986840.0,2388249420.0,,570.90407,건강관리기술,5920.0,3410.0,0.0490157997,16623293,032850,24825.0,33505.05,0.740933083221783,136815614.95,-7.502930832356391,-30.053191489361698,1.0541395998513656,9.865940511101803,18.578312185195223,12.299,-33.36148648648649,https://finance.naver.com/item/main.naver?code=032850
남화산업,KOSDAQ,3185.0,65572780000,9.78,0.35,324.0,9175.0,0.07961,5493246360.0,1093409430.0,2938370880.0,,15.6358,"호텔,레스토랑,레저",7820.0,2600.0,0.0080533806,20588000,111710,72541.0,402144.5,0.1803854087274599,1369213076.65,-3.0441400304414,-23.985680190930793,0.3432149389087753,3.5313351498637604,19.904613016482298,7.961,-59.271099744245525,https://finance.naver.com/item/main.naver?code=111710
샌즈랩,KOSDAQ,4290.0,65498167020,-115.83,1.18,-36.0,3538.0,0.07444,1547288390.0,-866481110.0,-1861279100.0,,163.68113,소프트웨어,10360.0,2965.0,0.0157453956,15267638,411080,78515.0,183487.4,0.42790404136741816,833868893.25,-21.715328467153284,-37.37226277372263,9.409850485646427,-1.0175240248728095,-55.999974898021435,7.444000000000001,-58.59073359073359,https://finance.naver.com/item/main.naver?code=411080
현대에이치티,KOSDAQ,7590.0,65463750000,5.57,0.55,1367.0,13750.0,0.4525,36435347870.0,200858090.0,-1490524920.0,,-328.00078,통신장비,12450.0,5550.0,0.0336256232,8625000,039010,13511.0,74906.9,0.1803705666634182,568096721.25,-23.48790322580645,-21.265560165975106,0.2681461921398429,9.941818181818181,0.5512726013119303,45.25,-39.03614457831325,https://finance.naver.com/item/main.naver?code=039010
금호에이치티,KOSPI,6260.0,65460375540,-2.83,0.23,-2300.0,28000.0,0.37062,93991816550.0,2538969930.0,2624837940.0,,10.62051,자동차부품,11530.0,2500.0,0.0,10456929,214330,157841.0,383859.2,0.41119504234886123,2793406362.75,1472.8643216080402,1108.4942084942086,7.055714699556503,-8.214285714285714,2.7012670072711775,37.062,-45.706851691240246,https://finance.naver.com/item/main.naver?code=214330
CG인바이츠,KOSDAQ,849.0,65283160518,-18.83,0.76,-46.0,1144.0,1.08925,4613583000.0,-5872550000.0,-7492407960.0,,-34.66388,생명과학도구및서비스,1985.0,711.0,0.0228555913,76894182,083790,101307.0,215543.55,0.4700071052926427,189103048.85,-5.666666666666664,-31.58742949234489,2.142666760383227,-4.020979020979021,-127.28827030964871,108.92500000000001,-57.22921914357683,https://finance.naver.com/item/main.naver?code=083790
인벤테라,KOSDAQ,8280.0,65128111920,-6.97,3.93,-1210.0,2145.0,0.03716,,-2493132460.0,-2256814800.0,,48.4019,제약,60200.0,6090.0,0.0415663473,7865714,0007J0,25540.0,18216.05,1.4020602710247283,145383060.0,-34.285714285714285,-76.51063829787235,1.4530043560486494,-56.41025641025641,,3.7159999999999997,-86.24584717607974,https://finance.naver.com/item/main.naver?code=0007J0
블루엠텍,KOSDAQ,1924.0,65120756428,-14.63,1.48,-134.0,1325.0,1.31135,54967444210.0,181822720.0,1975628710.0,,-11.95284,건강관리업체및서비스,6660.0,1341.0,0.0389993697,33846547,439580,88111.0,116027.95,0.7593946113845845,206174127.25,-18.30148619957537,-56.12314709236033,1.5736380759980677,-10.11320754716981,0.33078256159292513,131.135,-71.11111111111111,https://finance.naver.com/item/main.naver?code=439580
스마트레이더시스템,KOSDAQ,3950.0,65116184500,-21.11,3.44,-189.0,1160.0,1.04419,1943612780.0,-1798067550.0,-5115893910.0,,10.62051,자동차부품,10300.0,2755.0,0.0360317887,16485110,424960,14149.0,20747.7,0.681955108277062,80611889.65,-19.305413687436157,-45.51724137931035,0.7494324672132332,-16.29310344827586,-92.511613861687,104.419,-61.6504854368932,https://finance.naver.com/item/main.naver?code=424960
대현,KOSPI,1470.0,65094995700,5.92,0.24,249.0,6265.0,0.1284,54081777550.0,1833496510.0,2631118090.0,,9.12316,"섬유,의류,신발,호화품",1900.0,1369.0,0.0656285546,44282310,016090,84930.0,113726.65,0.7467906598849082,168245772.3,-5.405405405405405,-15.127020785219402,1.5852221093296954,3.974461292897047,3.3902297466182305,12.839999999999998,-22.631578947368425,https://finance.naver.com/item/main.naver?code=016090
TJ미디어,KOSDAQ,3110.0,64990954430,16.39,0.78,191.0,4010.0,0.66855,19623004700.0,768480590.0,378826180.0,,41.94149,전자제품,4481.815,2995.0,0.0073268878,20897413,032540,885.0,3872.5,0.22853453841187862,11895012.75,-8.931185944363108,-49.594813614262556,0.8265978050355067,4.763092269326683,3.9162228300337714,66.855,-30.608470006013178,https://finance.naver.com/item/main.naver?code=032540
비엘팜텍,KOSDAQ,2320.0,64759999760,-3.49,7.42,-629.0,296.0,1.04457,713406640.0,-483275970.0,-806609630.0,,-11.95284,건강관리업체및서비스,8150.0,376.0,0.0160562916,27913793,065170,1660771.0,834979.6,1.9889958988219594,1832248730.35,33.33333333333333,-50.214592274678104,2.8577883818957974,-212.5,-67.7420061579466,104.457,-71.53374233128834,https://finance.naver.com/item/main.naver?code=065170
삼기,KOSDAQ,1688.0,64716954464,-9.48,0.62,-175.0,2656.0,3.48203,175953991860.0,1156739650.0,1720244270.0,,10.62051,자동차부품,2345.0,836.0,0.0216777882,38339428,122350,970543.0,3434415.65,0.2825933430625964,5656928353.8,63.40755082284608,-4.254112308564951,0.5244778686004415,-6.588855421686747,0.6574102910494775,348.203,-28.017057569296377,https://finance.naver.com/item/main.naver?code=122350
지아이텍,KOSDAQ,1645.0,64742495300,96.41,0.76,17.0,2160.0,0.32396,9586475460.0,-529751780.0,365440500.0,,-82.80274,전기제품,3265.0,1531.0,0.0378411643,39357140,382480,128883.0,81946.4,1.5727719582556403,142025574.1,-22.22222222222222,-27.373068432671076,2.231263362392979,0.787037037037037,-5.526032817904903,32.396,-49.61715160796325,https://finance.naver.com/item/main.naver?code=382480
삼성출판사,KOSPI,6460.0,64600000000,15.65,0.39,405.0,16404.0,0.17777,10047937240.0,-213631560.0,3741097880.0,,2.44469,출판,18710.0,5500.0,0.015517,10000000,068290,17827.0,7210.35,2.472418121173036,45462999.25,-3.293413173652693,-37.88461538461539,2.472418121173036,2.468910021945867,-2.12612355050896,17.777,-65.47300908605024,https://finance.naver.com/item/main.naver?code=068290
비상교육,KOSPI,4965.0,64528819065,2.83,0.3,1738.0,16305.0,0.78582,52569631060.0,-860460600.0,879855740.0,,10.89225,교육서비스,7470.0,4460.0,0.0514503597,12996741,100220,31772.0,59586.45,0.5332084727316362,295546559.7,-1.8774703557312256,-12.894736842105258,0.5332084727316362,10.659306961054892,-1.6368016717064628,78.582,-33.53413654618473,https://finance.naver.com/item/main.naver?code=100220
휴니드,KOSPI,4555.0,64298448325,-6.01,0.37,-763.0,12438.0,1.1472,29260083620.0,-428228040.0,242660420.0,,42.45479,우주항공과국방,11850.0,3550.0,0.2800659393,14116015,005870,35735.0,41939.9,0.852052580001383,188723608.9,-20.08771929824561,-48.35600907029478,0.852052580001383,-6.134426756713298,-1.4635229535273626,114.72,-61.561181434599156,https://finance.naver.com/item/main.naver?code=005870
인크로스,KOSDAQ,5260.0,64164751720,5.28,0.49,993.0,10770.0,1.02536,11711757110.0,2825260400.0,2648041990.0,,11.3913,광고,7990.0,4325.0,0.0596119791,12198622,216050,6624.0,20960.8,0.3160184725773826,105502371.15,-4.189435336976322,-27.94520547945205,0.3323823518186329,9.220055710306408,24.123283752082525,102.536,-34.16770963704631,https://finance.naver.com/item/main.naver?code=216050
무림페이퍼,KOSPI,1542.0,64161556020,-4.14,0.15,-369.0,10373.0,3.33359,337689478720.0,28030884350.0,-58217253260.0,,-6.01077,종이와목재,2685.0,1256.0,0.0199330871,41609310,009200,22897.0,30285.75,0.7560321273206045,46501502.75,3.9784221173297274,-28.445475638051043,1.4467530109044682,-3.557312252964427,8.300787000012576,333.359,-42.56983240223464,https://finance.naver.com/item/main.naver?code=009200
케이엘넷,KOSDAQ,2790.0,64022113260,6.18,0.86,449.0,3233.0,0.10874,10652464040.0,2546632880.0,1871484270.0,,34.12563,IT서비스,3260.0,2420.0,0.1039564485,22946994,039420,31917.0,32946.3,0.9687582520647234,91241814.1,3.7174721189590976,-0.3571428571428559,1.2387126930793442,13.888029693782864,23.906514684653185,10.874,-14.417177914110423,https://finance.naver.com/item/main.naver?code=039420
이엔셀,KOSDAQ,5800.0,63971198600,-3.99,1.64,-1482.0,3609.0,0.97727,868006840.0,-4678721380.0,-7230742150.0,,48.4019,제약,20950.0,4800.0,0.0415587555,11029517,456070,20070.0,52877.05,0.3795597522932917,322905768.75,-37.024972855591756,-67.2316384180791,6.958538723321365,-41.06400665004156,-539.0189528921223,97.727,-72.31503579952268,https://finance.naver.com/item/main.naver?code=456070
원일티엔아이,KOSDAQ,7630.0,63947258900,-29.16,1.3,-261.0,5853.0,0.53567,9951562440.0,542789210.0,1010464740.0,,-42.48075,에너지장비및서비스,29150.0,5400.0,0.0112353732,8381030,136150,10792.0,11299.15,0.955116092803441,87574456.25,-33.18739054290718,-59.8421052631579,0.955116092803441,-4.459251665812404,5.45431145383036,53.567,-73.82504288164667,https://finance.naver.com/item/main.naver?code=136150
흥국,KOSDAQ,5460.0,63914760000,4.98,0.51,1099.0,10653.0,0.1703,42690449470.0,4566678790.0,4084535530.0,,179.16167,기계,6110.0,4750.0,0.0705826926,11706000,010240,9941.0,14587.6,0.6814691930132442,79774630.5,4.0000000000000036,0.9242144177449063,1.3132386410375936,10.316342814230733,10.697190698845082,17.03,-10.63829787234043,https://finance.naver.com/item/main.naver?code=010240
푸드웰,KOSDAQ,6370.0,63700000000,5.8,0.58,1094.0,10889.0,1.09595,94180663170.0,8884546160.0,6034648690.0,,35.44428,식품,10220.0,5440.0,0.0299825,10000000,005670,7901.0,38711.05,0.2041019295524146,251678741.0,7.783417935702208,-0.3129890453834161,0.37203847480241425,10.04683625677289,9.433514121644086,109.595,-37.671232876712324,https://finance.naver.com/item/main.naver?code=005670
화천기계,KOSPI,2890.0,63580000000,23.13,0.45,126.0,6446.0,0.33117,56893945310.0,905157760.0,2381181540.0,,179.16167,기계,6760.0,2450.0,0.0413506364,22000000,010660,91026.0,100483.6,0.9058791683418985,280286794.75,-3.8269550748752046,-52.622950819672134,0.9058791683418985,1.9547005895128762,1.59095621698941,33.117000000000004,-57.24852071005917,https://finance.naver.com/item/main.naver?code=010660
제이투케이바이오,KOSDAQ,10860.0,63503665380,22.18,1.76,459.0,5775.0,0.18724,15604505320.0,2693030620.0,2666149500.0,,49.63323,화장품,12860.0,6710.0,0.0214854836,5847483,420570,118309.0,90027.6,1.3141414410691832,920732689.25,39.05249679897567,28.672985781990512,1.734790219888123,7.9480519480519485,17.258032630796656,18.724,-15.552099533437014,https://finance.naver.com/item/main.naver?code=420570
국순당,KOSDAQ,3555.0,63486270720,8.97,0.24,397.0,15068.0,0.07592,14701920380.0,-1426251800.0,736590790.0,,17.2861,음료,5110.0,3115.0,0.0147463611,17858304,043650,9038.0,28093.2,0.32171486338330985,100841999.9,-1.2499999999999956,-18.835616438356162,0.6204348383238648,2.6347225909211573,-9.701125860674809,7.5920000000000005,-30.430528375733857,https://finance.naver.com/item/main.naver?code=043650
피엠티,KOSDAQ,3170.0,63400000000,-1.89,4.78,-1698.0,670.0,1.09122,18475175490.0,1256128340.0,-349647390.0,,30.86468,반도체와반도체장비,9920.0,1888.765,0.03990075,20000000,147760,111867.0,122973.5,0.9096837936628623,409725814.65,-37.227722772277225,-26.620370370370374,1.0534139469072605,-253.43283582089552,6.7990062702240674,109.12200000000001,-68.04435483870968,https://finance.naver.com/item/main.naver?code=147760
코츠테크놀로지,KOSDAQ,11860.0,62683563120,7.33,1.0,1627.0,11871.0,1.20486,20747729940.0,2480243300.0,1908822550.0,,42.45479,우주항공과국방,26000.0,9250.0,0.0458426895,5285292,448710,8080.0,19257.25,0.4195822352620442,220491117.0,-20.880587058038692,-39.21066119938493,0.8033857378389957,13.705669278072612,11.954287563856733,120.486,-54.38461538461539,https://finance.naver.com/item/main.naver?code=448710
이화공영,KOSDAQ,2215.0,62588831935,16.91,4.03,131.0,550.0,2.01419,10369245490.0,-1128787170.0,-1280035370.0,,36.90859,건설,2215.0,1616.0,0.0057435714,28256809,001840,,,,,,,,23.81818181818182,-10.885914226725477,201.419,0.0,https://finance.naver.com/item/main.naver?code=001840
HLB제넥스,KOSDAQ,1915.0,62515073505,2.48,1.37,775.0,1403.0,1.01274,11333291540.0,959072260.0,7046106440.0,,-75.84231,생물공학,3680.0,1323.0,0.0107032797,32644947,187420,225351.0,183022.25,1.2312765251219455,336235261.45,-11.342592592592593,-31.971580817051514,1.2312765251219455,55.23877405559515,8.462433500585655,101.274,-47.96195652173913,https://finance.naver.com/item/main.naver?code=187420
해성에어로보틱스,KOSDAQ,5580.0,62302368420,430.77,1.58,13.0,3551.0,0.5063,3315335680.0,-735940470.0,1278457200.0,,179.16167,기계,21400.0,4605.0,0.0439758935,11165299,059270,31972.0,58338.5,0.5480428876299528,342840164.0,-34.275618374558306,-56.40625,0.5919932805951473,0.36609405801182765,-22.198068039975972,50.629999999999995,-73.92523364485982,https://finance.naver.com/item/main.naver?code=059270
이오플로우,KOSDAQ,1490.0,62295566450,-1.21,-0.42,-1227.0,-3559.0,-1.65551,124204550.0,-2377112090.0,-5516387140.0,,-34.27735,건강관리장비와용품,1490.0,1490.0,0.2089731172,41809105,294090,,,,,,,,34.475976397864564,-1913.8687672875108,-165.55100000000002,0.0,https://finance.naver.com/item/main.naver?code=294090
유유제약,KOSPI,3940.0,62045000280,7.8,0.54,492.0,7069.0,0.4221,36697112370.0,4002469930.0,3555164750.0,,48.4019,제약,5100.0,3320.0,0.0301630828,15747462,000220,162322.0,40789.2,3.979533798162259,152281819.45,3.141361256544495,-16.87763713080169,3.979533798162259,6.959966048946102,10.906770782520837,42.21,-22.745098039215684,https://finance.naver.com/item/main.naver?code=000220
하이스틸,KOSPI,3070.0,61987815970,-13.52,0.43,-227.0,7121.0,0.99398,81277076220.0,3233052410.0,3296304310.0,,43.89712,철강,5680.0,2355.0,0.0248977402,20191471,071090,34751.0,267502.0,0.12990930908927784,837897953.15,-2.0733652312599715,-20.87628865979382,0.42721549745422466,-3.187754528858307,3.9778158373325407,99.398,-45.95070422535211,https://finance.naver.com/item/main.naver?code=071090
옵트론텍,KOSDAQ,1763.0,61640350790,-2.53,0.92,-670.0,1841.0,3.39205,60742904800.0,2645528580.0,-2734233140.0,,264.33639,전자장비와기기,2540.0,1241.0,0.0957362185,34963330,082210,14962.0,95566.55,0.15656105614359836,176868408.75,21.085164835164825,-27.148760330578515,0.551594674077907,-36.39326453014666,4.355288224543387,339.205,-30.590551181102366,https://finance.naver.com/item/main.naver?code=082210
셀바이오휴먼텍,KOSDAQ,6630.0,61907711190,6.39,1.0,1059.0,6775.0,0.44706,19363460350.0,3489486700.0,2937766110.0,,49.63323,화장품,11200.0,4960.0,0.0490615649,9337513,318160,78386.0,69803.9,1.1229458525956286,467392710.25,23.00556586270872,-13.896103896103895,1.6156117351609296,15.6309963099631,18.020987142414345,44.706,-40.80357142857143,https://finance.naver.com/item/main.naver?code=318160
팬스타엔터프라이즈,KOSDAQ,1063.0,61516814535,-33.41,0.69,-32.0,1540.0,0.6646,19881636570.0,306574210.0,1246381320.0,,10.30179,해운사,1978.0,680.0,0.0084663902,57870945,054300,229510.0,317378.25,0.7231434416189515,340081804.0,13.205537806176793,32.709113607990005,0.8664992008746661,-2.0779220779220777,1.5419968518215401,66.46,-46.25884732052579,https://finance.naver.com/item/main.naver?code=054300
보락,KOSPI,1026.0,61457400000,26.33,1.26,39.0,814.0,0.17645,12491253450.0,683209000.0,931067450.0,,35.44428,식품,1527.0,814.0,0.0418128047,59900000,002760,57121.0,84240.3,0.6780721341210798,84376729.7,12.37677984665937,-20.21772939346812,1.5472998078117006,4.791154791154791,5.469499139816109,17.645,-32.80943025540275,https://finance.naver.com/item/main.naver?code=002760
레뷰코퍼레이션,KOSDAQ,5700.0,61615956900,12.28,1.35,478.0,4348.0,0.40926,14793163300.0,1993099490.0,1175529060.0,,20.29601,양방향미디어와서비스,12250.0,4650.0,0.0139068034,10809817,443250,98029.0,4587.85,21.36708915941018,27523862.5,-6.25,-48.78706199460916,21.36708915941018,10.993560257589696,13.473112204473537,40.926,-53.46938775510204,https://finance.naver.com/item/main.naver?code=443250
와이엠씨,KOSDAQ,3230.0,61287176340,42.67,0.5,75.0,6461.0,0.53671,53408493570.0,2788252960.0,2324557480.0,,16.34808,디스플레이장비및부품,5130.0,2480.0,0.0464490024,18974358,155650,28877.0,52090.9,0.5543578628896794,165018628.15,-2.857142857142858,-19.651741293532343,9.910944138035626,1.1608110199659496,5.220617122154116,53.671,-37.03703703703704,https://finance.naver.com/item/main.naver?code=155650
비트플래닛,KOSDAQ,2600.0,61216737400,-4.36,1.01,-605.0,2625.0,0.26416,7946015630.0,-766712540.0,-3721999040.0,,163.68113,소프트웨어,19850.0,1002.0,0.1404089693,23544899,049470,49344.0,316057.9,0.15612329259923577,768482128.95,53.93724097098875,273.0272596843616,3.1755099303007452,-23.047619047619047,-9.649018774960552,26.416,-86.90176322418137,https://finance.naver.com/item/main.naver?code=049470
참좋은여행,KOSDAQ,4365.0,61110000000,5.4,0.59,807.0,7354.0,0.51137,17434512150.0,250740200.0,1290767510.0,,15.6358,"호텔,레스토랑,레저",7770.0,3920.0,0.0299451429,14000000,094850,3815.0,44472.0,0.0857843137254902,191667448.25,-2.7839643652561197,-26.884422110552762,0.4274599748156143,10.973619798748981,1.4381830580788577,51.137,-43.82239382239382,https://finance.naver.com/item/main.naver?code=094850
엔비알모션,KOSDAQ,5550.0,61107631200,-3.94,1.69,-1415.0,3306.0,1.33169,17247920620.0,-1128515640.0,-1748155530.0,,179.16167,기계,29700.0,4445.0,0.0512869488,11010384,0004V0,89422.0,304552.2,0.2936179741929298,1934774763.25,-51.73913043478261,-67.42957746478872,0.5930576104851647,-42.80096793708409,-6.542908359001945,133.169,-81.31313131313132,https://finance.naver.com/item/main.naver?code=0004V0
에이비온,KOSDAQ,676.0,60908481504,-1.56,0.89,-434.0,759.0,0.22547,136978800.0,-4322222510.0,-9006759100.0,,48.4019,제약,4510.0,570.0,0.0444077924,90101304,203400,2169199.0,1470297.5,1.4753469961011292,1201001960.05,-66.61728395061728,-81.14365411436542,5.996260620724717,-57.180500658761524,-3155.3952217423425,22.547,-85.01108647450111,https://finance.naver.com/item/main.naver?code=203400
3S,KOSDAQ,1147.0,60858718880,-6.05,1.26,-195.0,933.0,0.25157,5574850520.0,5675390.0,-492653100.0,,179.16167,기계,2035.0,831.0,0.0267001438,53059040,060310,111117.0,223831.6,0.49643124563287755,256664679.65,-13.433962264150946,-16.823785351704135,0.8566440127309995,-20.90032154340836,0.10180344709942106,25.157,-43.63636363636364,https://finance.naver.com/item/main.naver?code=060310
태경케미컬,KOSPI,5240.0,60784000000,6.77,0.35,770.0,14876.0,0.29149,12165420080.0,-1812765900.0,342647140.0,,-33.47526,화학,11640.0,4980.0,0.0165541379,11600000,006890,7694.0,41077.7,0.18730357347173773,225361675.0,-23.167155425219942,-35.30864197530864,0.5990598305163143,5.176122613605808,-14.9009724948191,29.149,-54.98281786941581,https://finance.naver.com/item/main.naver?code=006890
유엔젤,KOSPI,4785.0,60747747390,13.77,0.95,353.0,5122.0,0.2283,15194857970.0,1233968430.0,1893110840.0,,34.12563,IT서비스,6700.0,4160.0,0.0389834818,12695454,072130,23414.0,28706.5,0.8156340898402801,139277690.2,2.2435897435897356,3.0139935414424057,1.1955828819256962,6.891839125341663,8.120960606780848,22.830000000000002,-28.58208955223881,https://finance.naver.com/item/main.naver?code=072130
위닉스,KOSDAQ,3400.0,60769645000,-2.97,0.37,-1160.0,9240.0,6.54454,137862097320.0,-39537243640.0,-48149209010.0,,11.78848,가정용기기와용품,6600.0,3100.0,0.0156105503,17873425,044340,68384.0,1487224.1,0.04598096547789939,8325800381.05,-10.878112712975096,-36.80297397769516,0.07336217857147419,-12.554112554112553,-28.678835161072392,654.454,-48.484848484848484,https://finance.naver.com/item/main.naver?code=044340
원풍,KOSDAQ,5050.0,60600000000,7.82,0.57,646.0,8872.0,0.15288,23484413060.0,2358512200.0,2919428940.0,,-33.47526,화학,5740.0,4360.0,0.0130075833,12000000,008370,1441.0,3088.4,0.46658463929542804,15228813.6,3.166496424923393,4.231166150670784,1.0876181841730346,7.281334535617674,10.042883311472464,15.287999999999998,-12.020905923344948,https://finance.naver.com/item/main.naver?code=008370
다원넥스뷰,KOSDAQ,7540.0,60401220880,17.03,3.14,434.0,2351.0,0.91122,8017423440.0,1692640850.0,1425071360.0,,30.86468,반도체와반도체장비,28100.0,4960.0,0.0746436174,8010772,323350,23244.0,39838.3,0.5834586315179111,317458520.5,-46.75141242937853,-56.034985422740526,1.2898140733916859,18.460229689493833,21.112030101281515,91.122,-73.16725978647686,https://finance.naver.com/item/main.naver?code=323350
컴투스엔,KOSDAQ,2515.0,60388245965,-5.72,0.85,-440.0,2970.0,0.82239,8270076800.0,-1898580550.0,-2294734780.0,,11.3913,광고,7430.0,1805.0,0.3554399189,24011231,291230,23631.0,582506.8,0.0405677667625511,455455651.55,247.3756906077348,245.94222833562586,0.10911803948039747,-14.814814814814813,-22.95722997397074,82.23899999999999,-66.15074024226111,https://finance.naver.com/item/main.naver?code=291230
SGC E&C,KOSDAQ,12000.0,60443832000,-0.64,0.2,-18934.0,61780.0,3.21154,278670666880.0,14292820580.0,4106135170.0,,36.90859,건설,21750.0,9910.0,0.0171620489,5036986,016250,2204.0,4627.45,0.47628823650174507,54096637.25,-0.08326394671107629,-42.44604316546763,1.2540384012793224,-30.64745872450631,5.128928975561936,321.154,-44.827586206896555,https://finance.naver.com/item/main.naver?code=016250
대양금속,KOSPI,1370.0,60261196750,6.92,0.8,206.0,1789.0,0.5791,52910960070.0,1935401350.0,-1232199590.0,,43.89712,철강,2545.0,1094.0,0.0244896391,43986275,009190,280334.0,323479.8,0.8666198012982573,528473771.1,-37.868480725623584,7.366771159874608,1.8401396315936884,11.514812744550028,3.657845836551648,57.91,-46.16895874263262,https://finance.naver.com/item/main.naver?code=009190
아모센스,KOSDAQ,5110.0,60245683820,115.23,1.32,44.0,3833.0,1.9995,27178504650.0,-1418750300.0,-1602052060.0,,95.46514,핸드셋,29900.0,4090.0,0.0771043555,11789762,357580,26710.0,59550.05,0.4485302699158103,367445785.1,-49.25521350546177,-54.21146953405018,0.6245838584518401,1.147925906600574,-5.220119054636805,199.95000000000002,-82.90969899665552,https://finance.naver.com/item/main.naver?code=357580
인디에프,KOSPI,4010.0,60240621990,-617.0,1.22,-5.0,2525.0,1.84249,28297082380.0,2283365580.0,1508940750.0,,9.12316,"섬유,의류,신발,호화품",6405.0,1406.0,0.0042702331,15022599,014990,2614456.0,842940.6,3.101589839189143,2694797562.75,512.2137404580153,352.5959367945824,3.101589839189143,-0.19801980198019803,8.069261520805595,184.249,-37.39266198282591,https://finance.naver.com/item/main.naver?code=014990
FSN,KOSDAQ,1330.0,60184675880,-2.78,0.94,-475.0,1408.0,2.3407,76707658730.0,11974278000.0,4976263370.0,,20.29601,양방향미디어와서비스,2840.0,1198.0,0.0,45251636,214270,40268.0,111494.9,0.3611645016946964,152718834.9,-4.109589041095896,-34.48275862068966,2.315011718024771,-33.73579545454545,15.610276989612926,234.07,-53.16901408450705,https://finance.naver.com/item/main.naver?code=214270
드림어스컴퍼니,KOSDAQ,4050.0,60022271700,20.65,0.36,170.0,9715.0,0.46854,42753311050.0,889602620.0,1370970170.0,,890.26506,방송과엔터테인먼트,10250.0,3310.0,0.0222605945,14820314,060570,64401.0,37263.15,1.7282757898889385,37806882.8,327.66631467793036,196.0526315789474,1.7282757898889385,1.7498713329902211,2.080780641666817,46.854,-60.48780487804878,https://finance.naver.com/item/main.naver?code=060570
부방,KOSDAQ,999.0,59992207740,22.33,0.3,43.0,3207.0,0.44459,76009178790.0,-630546140.0,-1750049060.0,,11.78848,가정용기기와용품,1582.0,750.0,0.0143608251,60052260,014470,175055.0,87803.85,1.9937052874105177,84021163.8,-14.68830059777968,-31.528444139821797,1.9937052874105177,1.3408169628936701,-0.829565784077326,44.458999999999996,-36.85208596713021,https://finance.naver.com/item/main.naver?code=014470
디티씨,KOSDAQ,3205.0,59907597190,13.13,0.3,240.0,10582.0,0.20268,39513730250.0,-660001460.0,-444016390.0,,95.46514,핸드셋,3700.0,2265.0,0.0116392015,18691918,066670,6217.0,23411.35,0.26555495518199507,70091697.2,27.689243027888445,5.775577557755773,1.1390628904356221,2.268002268002268,-1.6703091705698934,20.268,-13.378378378378375,https://finance.naver.com/item/main.naver?code=066670
태양,KOSDAQ,6960.0,59856000000,4.65,0.28,1489.0,24397.0,0.16715,44167720340.0,3637476110.0,5203247310.0,,6.51539,가정용품,7470.0,5910.0,0.011692093,8600000,053620,7938.0,8953.5,0.8865806667783548,60372818.25,4.035874439461873,0.8695652173912993,2.307030770089909,6.103209410993156,8.23559849138458,16.715,-6.827309236947787,https://finance.naver.com/item/main.naver?code=053620
퓨런티어,KOSDAQ,6990.0,59812241700,-9.71,1.45,-719.0,4810.0,0.11109,8628302520.0,-494123250.0,-134531390.0,,264.33639,전자장비와기기,18930.0,4415.0,0.0813723073,8556830,370090,34135.0,20261.55,1.6847180990595487,130846782.5,-24.02173913043478,-48.6784140969163,1.6847180990595487,-14.94802494802495,-5.726772431247578,11.109,-63.07448494453249,https://finance.naver.com/item/main.naver?code=370090
테고사이언스,KOSDAQ,7380.0,59843194920,-8.56,1.19,-876.0,6308.0,0.75194,1970339170.0,-1152582830.0,-4885030510.0,,-75.84231,생물공학,19370.0,5230.0,0.0167450709,8108834,191420,1580.0,5170.25,0.30559450703544316,39816557.75,-9.558823529411764,-47.285714285714285,1.3608626275325177,-13.88712745719721,-58.49667141317604,75.194,-61.899845121321626,https://finance.naver.com/item/main.naver?code=191420
유비벨록스,KOSDAQ,4060.0,59804607940,-7.44,0.45,-546.0,9085.0,1.11405,172576458330.0,-2019809490.0,1113957610.0,,41.94149,전자제품,6780.0,3660.0,0.0345710197,14730199,089850,2021.0,11069.35,0.1825762126954157,45987960.5,-4.358068315665486,-28.395061728395067,0.9884049198914119,-6.00990643918547,-1.1703852944633553,111.405,-40.117994100294986,https://finance.naver.com/item/main.naver?code=089850
동양파일,KOSDAQ,2990.0,59800000000,-8.55,0.54,-363.0,5777.0,0.06184,20675965600.0,2344283320.0,2430098300.0,,7.62098,건축자재,7300.0,1550.0,0.01354435,20000000,228340,1758936.0,1170107.35,1.503226178350217,3841214903.15,59.893048128342244,41.706161137440766,3.3840066041803767,-6.283538168599619,11.338204780143375,6.184,-59.04109589041096,https://finance.naver.com/item/main.naver?code=228340
제이씨현시스템,KOSDAQ,3125.0,59732600000,6.82,0.51,462.0,6135.0,0.28479,75982095260.0,498508460.0,2249878430.0,,18.70194,컴퓨터와주변기기,5840.0,2435.0,0.041620541,19114432,033320,33824.0,421499.9,0.08024675687942037,1368583342.5,-7.817109144542778,-29.05788876276958,0.5048684471811262,7.530562347188265,0.6560867508248811,28.479,-46.48972602739726,https://finance.naver.com/item/main.naver?code=033320
이글루,KOSDAQ,5420.0,59598964980,-1367.5,0.75,-4.0,7266.0,0.31828,45896625050.0,28470550.0,1641149490.0,,34.12563,IT서비스,8700.0,4600.0,0.0489594556,10996119,067920,28481.0,63028.05,0.4518781717029164,346230110.5,1.4981273408239737,4.4315992292870865,3.501203035791207,-0.055050922102945224,0.06203190314970665,31.828,-37.70114942528736,https://finance.naver.com/item/main.naver?code=067920
티이엠씨씨엔에스,KOSDAQ,5960.0,59615698640,13.72,0.51,438.0,11871.0,0.70015,55925938590.0,96735630.0,392812900.0,,30.86468,반도체와반도체장비,9800.0,4015.0,0.0376425849,10002634,241790,27784.0,45446.5,0.6113562100491787,251734059.15,1.8803418803418737,-22.29465449804433,6.193964331686709,3.6896638867829163,0.1729709548715506,70.015,-39.183673469387756,https://finance.naver.com/item/main.naver?code=241790
머큐리,KOSDAQ,3465.0,59388523425,-24.26,0.4,-148.0,8897.0,0.38816,30144492630.0,1327221240.0,-5937312540.0,,-328.00078,통신장비,12750.0,2480.0,0.066475977,17139545,100590,80469.0,185408.3,0.4340096964375382,680759542.35,-34.49905482041588,-7.599999999999996,0.7947486709063187,-1.6634820726087445,4.402864749759101,38.816,-72.82352941176471,https://finance.naver.com/item/main.naver?code=100590
우리산업,KOSDAQ,6500.0,59359059500,4.24,0.49,1536.0,13224.0,1.97493,127149336640.0,4746554010.0,5579275830.0,,10.62051,자동차부품,10400.0,5610.0,0.0334450885,9132163,215360,8255.0,16428.95,0.5024666822894951,109966331.5,-9.722222222222221,-28.2560706401766,1.343786425791058,11.61524500907441,3.7330544817854583,197.493,-37.5,https://finance.naver.com/item/main.naver?code=215360
대주산업,KOSDAQ,1675.0,59282186250,8.92,0.54,191.0,3160.0,0.29248,25268745950.0,2558077190.0,1972592240.0,,35.44428,식품,6090.0,1355.0,0.0981141405,35392350,003310,207567.0,231237.9,0.8976339951193122,380653513.6,-20.238095238095234,-58.99632802937577,1.241937415968576,6.044303797468355,10.123482958203551,29.248,-72.49589490968802,https://finance.naver.com/item/main.naver?code=003310
엔젯,KOSDAQ,5440.0,59142684480,-7.83,1.64,-720.0,3449.0,0.463,4365462540.0,-1361299090.0,-1117419570.0,,16.34808,디스플레이장비및부품,12800.0,3000.0,0.0,10871817,419080,32030.0,55994.95,0.5720158692882126,326528179.0,11.934156378600825,-18.4407796101949,0.7550145147017723,-20.87561612061467,-31.183387270573164,46.300000000000004,-57.49999999999999,https://finance.naver.com/item/main.naver?code=419080
화성밸브,KOSDAQ,5670.0,59026968000,-29.68,0.62,-189.0,9065.0,0.35506,25583394330.0,758951160.0,2504468190.0,,179.16167,기계,11680.0,4260.0,0.0345548682,10410400,039610,49357.0,107949.0,0.4572251711456336,638835553.7,-15.246636771300448,-35.64131668558457,12.552038462607342,-2.084942084942085,2.966577265746269,35.506,-51.455479452054796,https://finance.naver.com/item/main.naver?code=039610
에스엠씨지,KOSDAQ,2930.0,58814780720,40.34,1.38,73.0,2138.0,0.77902,17323112320.0,1659713500.0,1417867250.0,,18.15087,포장재,6870.0,1790.0,0.0228313685,20073304,460870,37419.0,97095.05,0.38538524878456726,283139755.15,9.328358208955233,-18.15642458100558,0.598063444016971,3.4144059869036485,9.58091981014183,77.902,-57.350800582241625,https://finance.naver.com/item/main.naver?code=460870
프리엠스,KOSDAQ,9800.0,58800000000,57.44,0.73,168.0,13288.0,0.15923,5539357400.0,-231934330.0,645094850.0,,179.16167,기계,10310.0,6400.0,0.0046003333,6000000,053160,4320.0,12334.9,0.350225782130378,113757828.25,19.658119658119656,44.329896907216494,1.6544925374344341,1.2642986152919928,-4.187025917482775,15.923000000000002,-4.946653734238604,https://finance.naver.com/item/main.naver?code=053160
오픈베이스,KOSDAQ,1873.0,58854123359,7.09,0.6,266.0,3142.0,0.83706,60740382450.0,3160029930.0,4709919300.0,,18.70194,컴퓨터와주변기기,4195.0,1521.0,0.0561421774,31422383,049480,87153.0,122387.4,0.7121076189215557,232028982.3,-15.630630630630627,-21.467505241090144,0.8478977411073363,8.465945257797582,5.202518987431894,83.706,-55.351609058402865,https://finance.naver.com/item/main.naver?code=049480
한패스,KOSDAQ,5560.0,58780320000,5.84,1.18,898.0,4459.0,1.46617,14416381330.0,-3211382030.0,-4877649910.0,,34.12563,IT서비스,47750.0,4420.0,0.0506109535,10572000,408470,427389.0,42330.9,10.096383492909435,229428458.25,-36.01841196777905,-79.55882352941177,10.096383492909435,20.139044628840548,-22.275923177179166,146.617,-88.35602094240838,https://finance.naver.com/item/main.naver?code=408470
오비고,KOSDAQ,4650.0,58765779300,-30.39,1.74,-153.0,2676.0,0.78632,10995324100.0,-1146058290.0,242183070.0,,163.68113,소프트웨어,7300.0,3115.0,0.0088270096,12637802,352910,7911.0,20942.8,0.37774318620241804,78182869.2,1.5283842794759916,-3.125,3.230227094753328,-5.7174887892376685,-10.42314241560192,78.632,-36.3013698630137,https://finance.naver.com/item/main.naver?code=352910
덕우전자,KOSDAQ,3685.0,58703192350,8.46,0.55,434.0,6629.0,1.00788,42813267360.0,-555404250.0,-1977645890.0,,95.46514,핸드셋,6880.0,2810.0,0.0282017739,15930310,263600,9577.0,27205.8,0.35202052503510284,98546356.4,-16.34506242905789,-42.05974842767296,0.9377412169463865,6.546990496304119,-1.2972713465894186,100.78800000000001,-46.43895348837209,https://finance.naver.com/item/main.naver?code=263600
웨이브일렉트로,KOSDAQ,4080.0,58639416480,34.78,0.95,116.0,4249.0,1.02523,22024362200.0,2030503320.0,1889349560.0,,42.45479,우주항공과국방,12150.0,3215.0,0.0580959096,14372406,095270,30933.0,51719.6,0.5980904724707848,217482738.45,-1.8050541516245522,-15.440414507772015,0.6198037107788924,2.73005413038362,9.219351287275869,102.52300000000001,-66.41975308641975,https://finance.naver.com/item/main.naver?code=095270
센서뷰,KOSDAQ,1134.0,58588003404,-3.97,4.84,-319.0,262.0,2.00138,2526704040.0,-2197787310.0,-2611158470.0,,-328.00078,통신장비,4663.794,789.397,0.0063228219,51664906,321370,5484102.0,3558349.2,1.5411927530889884,5191054772.1,-57.4484052532833,-48.80361173814899,1.5411927530889884,-121.7557251908397,-86.9823800178829,200.138,-75.6850324006592,https://finance.naver.com/item/main.naver?code=321370
호전실업,KOSPI,6450.0,58475700000,4.56,0.3,1416.0,21402.0,1.77098,110981607410.0,4354117400.0,303299070.0,,9.12316,"섬유,의류,신발,호화품",8840.0,6100.0,0.0206272888,9066000,111110,8903.0,10783.1,0.8256438315512237,70761122.25,-3.007518796992481,-21.62818955042527,2.426018491899361,6.616204093075413,3.9232783716265334,177.098,-27.036199095022628,https://finance.naver.com/item/main.naver?code=111110
기신정기,KOSPI,2000.0,58400000000,18.88,0.24,107.0,8561.0,0.05878,26719178470.0,-869289670.0,-306514590.0,,179.16167,기계,2645.0,1801.0,0.6324102055,29200000,092440,62107.0,86718.2,0.7161933711723721,169995368.8,2.8806584362139898,-15.61181434599156,1.139403262521593,1.2498539890199742,-3.2534296328610135,5.878,-24.38563327032136,https://finance.naver.com/item/main.naver?code=092440
토탈소프트,KOSDAQ,6830.0,58451413200,6.94,1.62,997.0,4272.0,0.39198,9595516530.0,4176931290.0,3586134100.0,,6.56369,운송인프라,9790.0,5580.0,0.0762955069,8558040,045340,8915.0,27878.15,0.3197844907212279,186186135.5,2.706766917293235,-2.4285714285714244,1.297898174735411,23.338014981273407,43.530030686112525,39.198,-30.234933605720126,https://finance.naver.com/item/main.naver?code=045340
희림,KOSDAQ,4180.0,58195945500,6.88,0.61,619.0,6930.0,1.3737,56744520180.0,2248119150.0,2008303420.0,,36.90859,건설,7460.0,3095.0,0.058054333,13922475,037440,273482.0,1088756.75,0.25118742088166157,4878003510.7,-16.400000000000002,-6.904231625835189,12.786105803706842,8.932178932178932,3.9618259928336923,137.37,-43.96782841823056,https://finance.naver.com/item/main.naver?code=037440
엔시스,KOSDAQ,5290.0,58178943900,-8.01,1.05,-654.0,4968.0,0.8181,25496462500.0,2913808690.0,2121615870.0,,264.33639,전자장비와기기,8450.0,4630.0,0.0124169047,10997910,333620,6197.0,8410.75,0.7367951728442766,46034438.25,-3.642987249544627,-16.1648177496038,2.4784947834616413,-13.16425120772947,11.428286139694869,81.81,-37.39644970414201,https://finance.naver.com/item/main.naver?code=333620
제이엔케이글로벌,KOSDAQ,2510.0,58151988730,20.16,0.37,126.0,6844.0,0.64042,71445167030.0,-222775850.0,-676553060.0,,-132.71454,석유와가스,5520.0,2255.0,0.0247199568,23168123,126880,18920.0,199993.75,0.0946029563423857,610709811.55,-21.193092621664043,-34.97409326424871,0.2327622738210569,1.8410286382232612,-0.3118137436874574,64.042,-54.528985507246375,https://finance.naver.com/item/main.naver?code=126880
DGI,KOSDAQ,1284.0,58141862016,-17.59,2.52,-73.0,509.0,0.19617,9041478750.0,995482250.0,1442183310.0,,-328.00078,통신장비,1284.0,1284.0,0.0092907256,45281824,099520,,,,,,,,-14.341846758349705,11.01017076437856,19.617,0.0,https://finance.naver.com/item/main.naver?code=099520
쿼드메디슨,KOSDAQ,5060.0,58099491780,-7.02,1.87,-722.0,2716.0,0.98595,1525000000.0,-2369831700.0,-2348684950.0,,-75.84231,생물공학,27150.0,4735.0,0.0406522737,11482113,464490,16237.0,33692.9,0.4819116193619427,195389442.25,-38.44282238442822,-70.7514450867052,0.5428740179681772,-26.583210603829162,-155.3988,98.595,-81.36279926335175,https://finance.naver.com/item/main.naver?code=464490
와이엠텍,KOSDAQ,5280.0,57900480000,16.72,0.93,311.0,5590.0,0.75292,13968429920.0,472584510.0,267876560.0,,-82.80274,전기제품,13990.0,3905.0,0.0228918475,10966000,273640,14419.0,18058.45,0.798462769506796,93090170.25,-25.73839662447257,-36.0,1.0900160312762168,5.56350626118068,3.3832328522717745,75.292,-62.258756254467485,https://finance.naver.com/item/main.naver?code=273640
디알젬,KOSDAQ,5110.0,57873867100,8.2,0.6,622.0,8454.0,0.34231,29886762390.0,3496277360.0,3576039670.0,,-34.27735,건강관리장비와용품,6320.0,4605.0,0.1564149746,11325610,263690,9218.0,10075.05,0.9149334246480167,50994025.25,0.19607843137254832,-6.238532110091743,2.8797871970858706,7.357463922403595,11.698414550148268,34.231,-19.145569620253166,https://finance.naver.com/item/main.naver?code=263690
고바이오랩,KOSDAQ,2980.0,57868289220,-9.0,1.78,-326.0,1653.0,1.02628,21810201910.0,-2013797400.0,-3874123840.0,,-11.95284,건강관리업체및서비스,8730.0,2310.0,0.0288782741,19418889,348150,15021.0,25139.1,0.5975154241798633,76994292.7,-21.164021164021165,-41.10671936758893,1.6738864955388222,-19.72171808832426,-9.233281783955755,102.62800000000001,-65.86483390607101,https://finance.naver.com/item/main.naver?code=348150
경창산업,KOSDAQ,1615.0,57847693075,-2.77,0.53,-587.0,3093.0,2.86618,186526380930.0,8404767720.0,6024363560.0,,10.62051,자동차부품,3035.0,1000.0,0.0353414898,35819005,024910,17993.0,123644.75,0.1455217467785733,196335044.15,-7.608695652173914,-22.72727272727273,1.1583751028652651,-18.978338182993856,4.5059404884685765,286.618,-46.787479406919275,https://finance.naver.com/item/main.naver?code=024910
엠투엔,KOSDAQ,1445.0,57760198920,-96.4,0.42,-15.0,3477.0,0.25073,22849230170.0,659267480.0,4278935280.0,,10.62051,자동차부품,2415.0,1100.0,0.015758001,39972456,033310,54626.0,250676.2,0.21791458463148874,368552760.8,-3.409090909090906,-27.057041898031297,1.4217664062244442,-0.4314063848144953,2.8852940562767326,25.073,-40.1656314699793,https://finance.naver.com/item/main.naver?code=033310
화승알앤에이,KOSPI,3040.0,57740613920,3.14,0.34,960.0,8788.0,1.78255,201186387160.0,10561053510.0,8226684060.0,,10.62051,자동차부품,4500.0,2375.0,0.0304953931,18993623,378850,49914.0,48378.3,1.0317435709812044,143491671.15,-4.851330203442883,-17.5033921302578,1.0317435709812044,10.923987255348203,5.2493877240317355,178.255,-32.44444444444444,https://finance.naver.com/item/main.naver?code=378850
삼천리자전거,KOSDAQ,4655.0,57722000000,8.82,0.57,526.0,8210.0,0.60376,49883042820.0,3280204460.0,3452951270.0,,10.7743,레저용장비와제품,7450.0,2795.0,0.0254690323,12400000,024950,23142.0,122002.4,0.18968479308603767,553000857.15,26.494565217391308,-19.043478260869563,0.7871320564185623,6.406820950060902,6.575790638587191,60.376,-37.51677852348993,https://finance.naver.com/item/main.naver?code=024950
조비,KOSPI,11110.0,57685775290,28.61,1.03,380.0,10535.0,1.42492,46413477250.0,3843660400.0,3203811360.0,,-33.47526,화학,20950.0,8640.0,0.0184926002,5192239,001550,149787.0,315477.95,0.4747938802062077,3826535668.5,4.910292728989618,-27.051871306631647,0.4747938802062077,3.6070242050308496,8.28134547923793,142.492,-46.968973747016705,https://finance.naver.com/item/main.naver?code=001550
삼화왕관,KOSPI,26750.0,57629638250,11.32,0.43,2345.0,61829.0,0.81178,48382225260.0,1077096070.0,778485550.0,,18.15087,포장재,36500.0,24100.0,0.0516909977,2154379,004450,1057.0,1812.4,0.5832045905981019,47378831.25,5.522682445759375,-12.866449511400646,1.3915250496579121,3.79271862718142,2.2262226762242148,81.178,-26.71232876712328,https://finance.naver.com/item/main.naver?code=004450
유티아이,KOSDAQ,2910.0,57590098920,-1.22,0.74,-2041.0,3344.0,1.94628,5494477120.0,-15888678330.0,13892078970.0,,95.46514,핸드셋,29300.0,1680.0,0.103539229,19790412,179900,802589.0,844274.85,0.9506252614299715,2084776544.2,-82.74021352313167,-86.80272108843538,0.9506252614299715,-61.03468899521531,-289.17543895423483,194.62800000000001,-90.06825938566553,https://finance.naver.com/item/main.naver?code=179900
전방,KOSPI,34250.0,57540000000,1.26,0.16,26160.0,199651.0,0.03546,6906421860.0,-140967480.0,874999000.0,,9.12316,"섬유,의류,신발,호화품",45500.0,22750.0,0.010175,1680000,000950,492.0,4055.3,0.12132271348605528,127536571.25,29.734848484848484,-23.12008978675645,0.5390476660173107,13.102864498549971,-2.0411072890934,3.546,-24.725274725274726,https://finance.naver.com/item/main.naver?code=000950
오리콤,KOSDAQ,4800.0,57480240000,7.09,0.42,666.0,11173.0,0.82636,57274295550.0,3038457570.0,2070967810.0,,11.3913,광고,6910.0,4255.0,0.0407460512,11975050,010470,2983.0,4356.9,0.6846611122587161,20738131.0,-4.950495049504955,-20.922570016474463,1.19557483531869,5.9607983531728275,5.305098108709956,82.636,-30.535455861070915,https://finance.naver.com/item/main.naver?code=010470
수산아이앤티,KOSDAQ,8510.0,57451010000,11.6,0.66,774.0,13514.0,0.0737,7721222580.0,646058850.0,3871372190.0,,163.68113,소프트웨어,11150.0,6860.0,0.0142655903,6751000,050960,9188.0,3216.35,2.8566542820277645,27880968.25,8.13214739517154,-8.788853161843512,2.8566542820277645,5.727393813822703,8.3673128614821,7.37,-23.677130044843054,https://finance.naver.com/item/main.naver?code=050960
인성정보,KOSDAQ,1135.0,57334956300,-17.07,0.66,-67.0,1738.0,1.58869,99991272200.0,869336360.0,3024158250.0,,34.12563,IT서비스,2430.0,801.0,0.0578154614,50515380,033230,106421.0,285770.25,0.37240055604108546,316488040.45,-13.688212927756648,-31.790865384615387,1.5831633978694424,-3.855005753739931,0.8694122405615318,158.869,-53.29218106995886,https://finance.naver.com/item/main.naver?code=033230
인터지스,KOSPI,1927.0,57324153198,5.53,0.19,348.0,10387.0,0.77966,224365533150.0,7944932010.0,5475295860.0,,10.30179,해운사,2820.0,1795.0,0.0588203043,29747874,129260,37569.0,21862.05,1.7184573267374286,42168257.7,0.3123373243102634,-26.168582375478934,2.085303070846513,3.35034177337056,3.541066178238884,77.96600000000001,-31.666666666666664,https://finance.naver.com/item/main.naver?code=129260
진양제약,KOSDAQ,4050.0,57245077350,2.22,0.36,1828.0,11310.0,0.69228,32646047190.0,4215318740.0,2200726730.0,,48.4019,제약,6040.0,3350.0,0.0310296297,14134587,007370,8033.0,15779.35,0.5090830737641284,62453984.4,-2.877697841726623,-21.359223300970875,0.7834923491778812,16.162687886825818,12.912187241128596,69.228,-32.94701986754966,https://finance.naver.com/item/main.naver?code=007370
와이어블,KOSDAQ,1195.0,57167317005,12.62,0.74,95.0,1631.0,0.85479,16387468260.0,1238146750.0,1250756800.0,,29.80038,무선통신서비스,3300.0,1003.0,0.0158248461,47838759,065530,43678.0,135502.15,0.3223417488209597,172192644.95,-14.520743919885549,-12.261380323054327,0.9120667089046189,5.824647455548743,7.555448653543266,85.479,-63.787878787878796,https://finance.naver.com/item/main.naver?code=065530
위츠,KOSDAQ,4245.0,57163594500,27.93,1.26,152.0,3373.0,3.0659,42713103870.0,-1242192580.0,-2107440980.0,,95.46514,핸드셋,9290.0,3050.0,0.0478967184,13466100,459100,10826.0,15357.75,0.7049209682407905,65124800.25,-16.27218934911243,-37.11111111111111,1.1478895020429425,4.506374147643047,-2.90822363034232,306.59000000000003,-54.30570505920345,https://finance.naver.com/item/main.naver?code=459100
서울평가정보,KOSDAQ,1624.0,57075480000,7.77,1.67,205.0,951.0,0.20335,17328470780.0,7395834020.0,5810084410.0,,15.49036,상업서비스와공급품,2530.0,1400.0,0.018835823,35145000,036120,98633.0,77692.75,1.2695264358643503,123361021.15,1.9460138104205882,-23.21513002364066,2.5739982173368814,21.55625657202944,42.68024636389755,20.335,-35.8102766798419,https://finance.naver.com/item/main.naver?code=036120
한국첨단소재,KOSDAQ,1999.0,57060069693,-3.11,3.31,-678.0,638.0,0.68091,1187772170.0,-595910620.0,1481483050.0,,-328.00078,통신장비,10104.346,1932.831,0.0,28544307,062970,723556.0,2322080.05,0.31159821557400663,5180309985.85,-43.45120226308345,-15.475687103594083,1.4837597868342223,-106.26959247648904,-50.17044809190975,68.09100000000001,-80.21643360193723,https://finance.naver.com/item/main.naver?code=062970
브이원텍,KOSDAQ,3570.0,56916103020,-5.72,0.52,-614.0,6767.0,0.52187,13037445670.0,-2389117430.0,-2410004010.0,,179.16167,기계,11000.0,3120.0,0.0159914585,15942886,251630,10745.0,21455.65,0.5008004884494294,78612574.1,-17.265353418308226,-48.63309352517986,1.1612325890849262,-9.073444657898627,-18.32504227033914,52.187,-67.54545454545455,https://finance.naver.com/item/main.naver?code=251630
레몬,KOSDAQ,2270.0,56556636860,-4.21,5.75,-554.0,406.0,2.77241,6005991530.0,-854123920.0,-204038730.0,,-33.47526,화학,9500.0,1200.0,0.0142390364,24914818,294140,20422.0,70856.4,0.28821673130444114,164844475.2,-6.776180698151945,-62.10350584307178,0.4881139882918128,-136.45320197044336,-14.221197544712489,277.241,-76.10526315789474,https://finance.naver.com/item/main.naver?code=294140
새론오토모티브,KOSPI,2955.0,56736000000,-109.07,0.23,-27.0,12758.0,0.12656,37578822450.0,-639241970.0,2464040350.0,,10.62051,자동차부품,3495.0,2615.0,0.6597508854,19200000,075180,11539.0,21408.2,0.5389990751207481,63150253.25,4.78723404255319,-8.51393188854489,0.9494025653721471,-0.21163191722840569,-1.7010697204536807,12.656,-15.450643776824036,https://finance.naver.com/item/main.naver?code=075180
코스리거글로벌,KOSDAQ,3255.0,56352194010,-5.84,1.44,-510.0,2065.0,7.45637,42378316180.0,-600054600.0,-6278311050.0,,-11.95284,건강관리업체및서비스,5630.0,2555.0,0.0031089671,17312502,043710,1641.0,11034.7,0.1487126972187735,37470596.0,-17.385786802030456,266.55405405405406,0.73477303415589,-24.69733656174334,-1.4159472439898153,745.637,-42.184724689165186,https://finance.naver.com/item/main.naver?code=043710
퀀텀레일,KOSDAQ,1588.0,56413269652,110.38,1.29,16.0,1365.0,0.5177,2329588600.0,-1548330970.0,-1309473340.0,,95.46514,핸드셋,3580.0,1150.0,0.0448488432,35524729,070300,524811.0,546654.1,0.9600421912137859,1020980335.95,23.86895475819033,-9.772727272727277,0.9600421912137859,1.1721611721611722,-66.46370822728099,51.77,-55.642458100558656,https://finance.naver.com/item/main.naver?code=070300
구영테크,KOSDAQ,2055.0,56328382275,2.39,0.37,860.0,5617.0,3.25099,141300022990.0,9173024770.0,6901310990.0,,10.62051,자동차부품,3005.0,1653.0,0.0228308557,27410405,053270,20557.0,62158.4,0.33071958094159437,122461991.65,6.919875130072839,-18.127490039840634,0.7410100646091277,15.310664055545665,6.491877761866456,325.099,-31.613976705490852,https://finance.naver.com/item/main.naver?code=053270
코리아나,KOSDAQ,1408.0,56320000000,-5.71,0.55,-249.0,2600.0,0.19512,18933611530.0,-1057751760.0,-1137225650.0,,49.63323,화장품,3055.0,1150.0,0.041656925,40000000,027050,64128.0,269271.45,0.2381537292572235,417699032.6,1.2949640287769792,-33.89671361502348,0.384983257601205,-9.576923076923077,-5.586634955111493,19.512,-53.91162029459902,https://finance.naver.com/item/main.naver?code=027050
위지트,KOSDAQ,1323.0,56294330022,6.74,0.36,198.0,3681.0,0.70939,114696622160.0,7811591010.0,-1778760810.0,,16.34808,디스플레이장비및부품,2250.0,503.0,0.0113954675,42550514,036090,101236.0,367974.35,0.275117002041039,512494278.4,-8.695652173913048,90.90909090909092,1.2958647797054335,5.378973105134474,6.810654806471068,70.939,-41.2,https://finance.naver.com/item/main.naver?code=036090
모나리자,KOSPI,1537.0,56210018935,36.95,0.63,41.0,2391.0,0.19475,34526229300.0,1116872280.0,590664150.0,,6.51539,가정용품,2695.0,1275.0,0.0270571519,36571255,012690,2051900.0,477588.55,4.296376033303144,724359820.1,-9.853372434017594,-30.13636363636364,7.4135131589733465,1.7147636971978253,3.234851597304314,19.475,-42.968460111317256,https://finance.naver.com/item/main.naver?code=012690
알트,KOSDAQ,2225.0,56116193225,10.31,1.19,223.0,1928.0,0.33026,8291059080.0,-448065890.0,818043820.0,,95.46514,핸드셋,6250.0,992.0,0.0136278996,25220761,459550,1128329.0,10972557.7,0.10283190399627609,24064682277.3,18.477103301384457,-42.35751295336787,0.40840049535579115,11.566390041493776,-5.404205731458857,33.025999999999996,-64.4,https://finance.naver.com/item/main.naver?code=459550
알체라,KOSDAQ,1330.0,56064350510,-19.74,2.36,-69.0,578.0,0.77693,2739481440.0,-3201038700.0,-3277691360.0,,163.68113,소프트웨어,3280.0,1250.0,0.0546842839,42153647,347860,106562.0,147134.05,0.7242511165838228,208583445.2,-19.491525423728817,-24.0,0.7242511165838228,-11.937716262975778,-116.84834411581193,77.693,-59.45121951219512,https://finance.naver.com/item/main.naver?code=347860
본느,KOSDAQ,6680.0,56048433120,-3.74,1.6,-1765.0,4135.0,0.65039,9268495370.0,-2092626230.0,-1898600720.0,,49.63323,화장품,9680.0,1220.0,0.0,8390484,226340,2900706.0,3284557.55,0.8831344727085084,22461552889.1,193.6263736263736,1246.774193548387,1.206220910941262,-42.68440145102781,-22.577841887620213,65.039,-30.99173553719008,https://finance.naver.com/item/main.naver?code=226340
인바이오젠,KOSPI,5570.0,55946283120,-38.8,0.35,-142.0,15788.0,0.038,1509728070.0,-924447290.0,-1475472250.0,,264.33639,전자장비와기기,14300.0,4805.0,0.0077879647,10044216,101140,562.0,3858.65,0.14564679356769855,20294898.25,-26.613965744400524,-49.729241877256314,1.2623585969186113,-0.899417278946035,-61.2327019924853,3.8,-61.048951048951054,https://finance.naver.com/item/main.naver?code=101140
유신,KOSDAQ,18630.0,55890000000,5.36,0.36,3507.0,51711.0,1.21356,111986494440.0,6790496460.0,5121378030.0,,36.90859,건설,29150.0,14300.0,0.0351613333,3000000,054930,13211.0,17600.55,0.7506015437017594,322475128.25,-5.431472081218269,-25.924453280318094,0.9542883603069222,6.781922608342519,6.063674458207284,121.356,-36.089193825042884,https://finance.naver.com/item/main.naver?code=054930
푸른로보틱스,KOSDAQ,6680.0,55854058480,-83.29,1.36,-76.0,4670.0,0.31668,6013335310.0,-60325890.0,-152747430.0,,18.70194,컴퓨터와주변기기,15700.0,4715.0,0.0206905889,8361386,094940,384105.0,334890.65,1.146956476688734,2461522074.25,-13.806451612903226,-37.57009345794392,1.146956476688734,-1.6274089935760172,-1.0032018320960718,31.668000000000003,-57.452229299363054,https://finance.naver.com/item/main.naver?code=094940
디와이덕양,KOSPI,1714.0,55816375720,44.63,0.46,38.0,3682.0,4.25173,414823220950.0,-7918872290.0,-2655559530.0,,10.62051,자동차부품,2600.0,1650.0,0.0183106515,32564980,024900,7715.0,64419.7,0.11976150152825922,111661176.95,-13.521695257315846,-20.83140877598152,0.811009675611653,1.0320478001086366,-1.9089751706437108,425.173,-34.07692307692308,https://finance.naver.com/item/main.naver?code=024900
지에스이,KOSDAQ,1860.0,55776930420,14.33,0.57,129.0,3237.0,1.19279,36322157860.0,1961444150.0,1767543780.0,,9.4585,가스유틸리티,4345.0,1415.0,0.0468422662,29987597,053050,99551.0,73155.6,1.3608117492030685,129423694.4,-7.920792079207917,-28.32369942196532,1.731583091383298,3.985171455050973,5.400131119853021,119.279,-57.192174913693904,https://finance.naver.com/item/main.naver?code=053050
알파칩스,KOSDAQ,8370.0,55758780540,-33.67,1.27,-240.0,6356.0,0.69577,20999360860.0,-1157748980.0,-860215960.0,,30.86468,반도체와반도체장비,21300.0,6100.0,0.0085681793,6661742,117670,22569.0,11603.55,1.945008208694753,100568273.5,-34.76227591582229,-52.4701873935264,1.945008208694753,-3.775959723096287,-5.5132581782777175,69.577,-60.70422535211269,https://finance.naver.com/item/main.naver?code=117670
성원에너텍,KOSDAQ,806.0,55513882710,-1.45,1.1,-557.0,730.0,2.01064,488624170.0,-7956108540.0,-1654181870.0,,264.33639,전자장비와기기,2373.981,732.0,0.0180882149,68875785,340930,14400047.0,2484124.55,5.796829712101191,2511100777.2,-31.404255319148934,-31.404255319148934,5.796829712101191,-76.3013698630137,-1628.2674964687071,201.064,-66.04859095333957,https://finance.naver.com/item/main.naver?code=340930
일진디스플,KOSPI,902.0,55503470462,-7.39,1.63,-122.0,555.0,0.86903,10679988710.0,-676091960.0,-771238590.0,,20.94687,디스플레이패널,944.0,874.0,0.0088297841,61533781,020760,,,,,,,,-21.98198198198198,-6.330455755697143,86.90299999999999,-4.449152542372881,https://finance.naver.com/item/main.naver?code=020760
한국선재,KOSDAQ,2175.0,55492958700,168.46,0.43,13.0,5127.0,1.04021,71721118510.0,9225964950.0,3967466360.0,,43.89712,철강,5050.0,1801.0,0.0474233288,25514004,025550,35235.0,56272.9,0.626145089376947,124048573.45,-23.684210526315784,-38.90449438202247,1.0087626548480708,0.25355958650282817,12.863665739838726,104.02100000000002,-56.93069306930694,https://finance.naver.com/item/main.naver?code=025550
에이프로,KOSDAQ,3680.0,55485788800,-9.5,0.73,-378.0,4901.0,3.81424,16051341070.0,-5621436450.0,-5249704720.0,,264.33639,전자장비와기기,12900.0,2105.0,0.0442648926,15077660,262260,18673.0,74857.4,0.2494476164013177,233294949.15,-37.3083475298126,-37.62711864406779,1.0076625690980452,-7.712711691491532,-35.0215999117138,381.424,-71.47286821705427,https://finance.naver.com/item/main.naver?code=262260
삼양케이씨아이,KOSDAQ,5130.0,55199826000,5.71,0.44,905.0,11666.0,0.16924,35512546130.0,3818874510.0,3034181160.0,,-33.47526,화학,7440.0,4710.0,0.0322882474,10760200,036670,3483.0,9664.95,0.3603743423401052,49034904.0,0.7858546168958647,-20.95531587057011,0.7940030729595082,7.757586147779873,10.753592536058466,16.924,-31.04838709677419,https://finance.naver.com/item/main.naver?code=036670
에르코스,KOSDAQ,7240.0,55146956920,-8.41,1.01,-855.0,7124.0,1.02505,10269496390.0,-478081830.0,-2578659290.0,,35.44428,식품,17000.0,5830.0,0.0086416105,7616983,435570,8115.0,4841.15,1.6762546089255654,33610263.0,0.5555555555555536,-46.84287812041116,1.6762546089255654,-12.00168444693992,-4.655358080319652,102.505,-57.41176470588235,https://finance.naver.com/item/main.naver?code=435570
이닉스,KOSDAQ,6050.0,54882139400,215.36,0.44,28.0,13584.0,0.15893,29360530050.0,98190890.0,476896970.0,,-82.80274,전기제품,14400.0,4700.0,0.015892316,9071428,452400,4217.0,7682.05,0.5489420141759036,45283641.0,-11.420204978038061,-42.599620493358636,2.126255361524593,0.2061248527679623,0.3344315985875739,15.892999999999999,-57.986111111111114,https://finance.naver.com/item/main.naver?code=452400
피엔케이피부임상연구센타,KOSDAQ,1827.0,54829322352,11.31,0.66,162.0,2792.0,0.07528,6594624020.0,1509589400.0,1506542120.0,,-34.66388,생명과학도구및서비스,3160.0,1292.0,0.0173081316,30010576,347740,14285.0,37548.8,0.380438256349071,69580229.9,-4.595300261096602,-27.21115537848605,2.5282831941366966,5.802292263610315,22.89121253041504,7.528,-42.18354430379747,https://finance.naver.com/item/main.naver?code=347740
에스디생명공학,KOSDAQ,499.0,54756837359,-7.34,1.86,-68.0,268.0,0.15942,6295966040.0,-1389669710.0,-874528650.0,,49.63323,화장품,499.0,499.0,0.0167177024,109733141,217480,,,,,,,,-25.37313432835821,-22.07238255687923,15.942,0.0,https://finance.naver.com/item/main.naver?code=217480
츌립앤사이언스,KOSDAQ,1793.0,54721680453,-3.15,1.27,-552.0,1372.0,0.62229,2392023160.0,-3083022170.0,-4255046820.0,,-34.66388,생명과학도구및서비스,3996.0,1350.0,0.2010434206,30519621,291650,31558.0,72801.0,0.433483056551421,94008621.5,42.076069730586376,47.329498767460976,0.5994011071276494,-40.2332361516035,-128.88763878021982,62.229,-55.13013013013013,https://finance.naver.com/item/main.naver?code=291650
에이에스텍,KOSDAQ,8470.0,54584262810,22.57,0.82,382.0,10500.0,0.70179,4256179710.0,-4893353010.0,-5154528140.0,,49.63323,화장품,22900.0,8150.0,0.1324104578,6444423,453860,7946.0,9765.8,0.8136558192877185,88611597.75,-17.926356589147286,-47.489150650960944,0.8136558192877185,3.638095238095238,-114.97054502898327,70.179,-63.01310043668123,https://finance.naver.com/item/main.naver?code=453860
SG&G,KOSDAQ,3205.0,54624731590,2.0,0.13,1612.0,24694.0,0.17173,12824607280.0,1444308430.0,68406281790.0,,10.62051,자동차부품,5010.0,2685.0,0.03113697,17043598,040610,15309.0,32550.8,0.4703110215417133,103040461.2,-0.15576323987538387,38.44492440604752,0.9560133698710939,6.527901514537944,11.262009030501869,17.173,-36.02794411177644,https://finance.naver.com/item/main.naver?code=040610
윈팩,KOSDAQ,1991.0,54334479595,-3.6,0.87,-560.0,2305.0,1.14329,30184870610.0,794949160.0,126508220.0,,30.86468,반도체와반도체장비,3765.0,1324.0,0.0075716255,27290045,097800,27897.0,209913.2,0.1328977882286583,456818369.35,3.5361414456578366,355.6064073226545,0.18951166482145954,-24.295010845986983,2.633601350395187,114.329,-47.11819389110226,https://finance.naver.com/item/main.naver?code=097800
앤디포스,KOSDAQ,1782.0,54333964080,7.7,0.42,230.0,4190.0,0.40138,10690864930.0,-1484482440.0,-1383127470.0,,95.46514,핸드셋,4150.0,1537.0,0.0105183789,30490440,238090,15329.0,22522.8,0.680599215017671,43830593.85,-25.749999999999996,-0.3912800447177234,1.1785834798515282,5.4892601431980905,-13.885522356889416,40.138,-57.06024096385542,https://finance.naver.com/item/main.naver?code=238090
포스뱅크,KOSDAQ,5320.0,54215518840,13.67,0.66,392.0,8078.0,0.35999,36611393510.0,6319737320.0,6659774220.0,,15.49036,상업서비스와공급품,6900.0,3230.0,0.0408424703,10190887,105760,28379.0,80515.7,0.3524654197876936,375755570.9,20.9090909090909,-5.338078291814952,0.9346251724818887,4.852686308492201,17.261668333585373,35.998999999999995,-22.89855072463768,https://finance.naver.com/item/main.naver?code=105760
케이피항공산업,KOSDAQ,7330.0,54192610460,0.0,0.0,0.0,0.0,1.89844,14324928260.0,-584105430.0,-13795176050.0,,42.45479,우주항공과국방,46500.0,5740.0,0.0141505874,7393262,288180,12026.0,42009.65,0.28626755995348685,341171895.5,-43.178294573643406,-83.28392246294185,0.3794604334956373,,-4.077545237214332,189.844,-84.23655913978494,https://finance.naver.com/item/main.naver?code=288180
알피바이오,KOSDAQ,6240.0,54078092640,11.61,0.51,541.0,12393.0,0.46043,39770421880.0,4091203200.0,2970188910.0,,48.4019,제약,9130.0,4810.0,0.0197920442,8666361,314140,30492.0,61393.05,0.4966685968525753,387438139.0,17.73584905660377,-10.215827338129502,0.6791159585653425,4.365367546195433,10.287050040214458,46.043,-31.653888280394305,https://finance.naver.com/item/main.naver?code=314140
평화산업,KOSPI,984.0,54023822856,3.37,0.85,286.0,1132.0,2.42802,172187312680.0,8257102610.0,7376019050.0,,10.62051,자동차부품,1085.0,787.0,0.0378447816,54902259,090080,64399.0,257035.0,0.2505456455346548,264496545.4,13.75722543352602,1.130524152106882,1.2442040967183456,25.265017667844525,4.7954187108694475,242.80200000000002,-9.308755760368658,https://finance.naver.com/item/main.naver?code=090080
우원개발,KOSDAQ,2980.0,53861563000,1.15,0.35,2654.0,8672.0,0.59265,67376910050.0,4034908050.0,3438013130.0,,36.90859,건설,6610.0,2470.0,0.070646358,18074350,046940,81879.0,128085.9,0.6392506903570182,387790771.1,-9.833585476550677,-40.400000000000006,0.9664295601623598,30.604243542435423,5.9885620266731125,59.265,-54.91679273827535,https://finance.naver.com/item/main.naver?code=046940
노랑풍선,KOSDAQ,3200.0,53793766400,-18.55,1.35,-173.0,2380.0,1.52652,19299277440.0,773021660.0,585503030.0,,15.6358,"호텔,레스토랑,레저",7580.0,2660.0,0.0276621493,16810552,104620,21678.0,69739.3,0.3108433838596028,225008756.5,-13.630229419703099,-38.81453154875717,1.1329193152211163,-7.268907563025211,4.005443532294233,152.65200000000002,-57.78364116094987,https://finance.naver.com/item/main.naver?code=104620
서원,KOSPI,1134.0,53836185060,-9.53,0.37,-119.0,3073.0,2.24797,586857574700.0,27617272520.0,10007040550.0,,31.17957,비철금속,1990.0,885.0,0.0649323775,47474590,021050,144406.0,292156.8,0.4942756766229641,315411999.8,-3.73514431239389,-12.5,0.4942756766229641,-3.8724373576309796,4.7059582615284254,224.797,-43.015075376884425,https://finance.naver.com/item/main.naver?code=021050
파이오링크,KOSDAQ,8400.0,53737614000,7.23,0.62,1160.0,13588.0,0.16425,15846660540.0,-132049800.0,1187033610.0,,-328.00078,통신장비,14420.0,7070.0,0.0432284694,6397335,170790,7012.0,13226.7,0.5301397929944732,111356139.25,2.4390243902439046,-3.7800687285223344,0.8914544066169188,8.536944362672946,-0.8332973352125582,16.425,-41.747572815533985,https://finance.naver.com/item/main.naver?code=170790
에이프로젠,KOSPI,2160.0,53624058480,-0.66,0.3,-3540.0,7695.0,0.62814,35526127030.0,-22444831320.0,-42306328920.0,,48.4019,제약,7800.0,280.0,0.0,24825953,007460,590766.0,471712.75,1.252385058491635,1332028641.1,-32.605304212168484,414.28571428571433,13.186586540219658,-46.00389863547758,-63.17837939679292,62.814,-72.3076923076923,https://finance.naver.com/item/main.naver?code=007460
에스씨디,KOSDAQ,1109.0,53597486476,8.39,0.39,132.0,2824.0,0.26676,47910333250.0,88592230.0,-62387940.0,,-82.80274,전기제품,1672.0,998.0,0.5502278688,48329564,042110,239480.0,389900.6,0.6142078263023961,443336236.65,-14.626635873749038,-19.869942196531788,1.8949547653940517,4.674220963172805,0.18491257311385953,26.676,-33.672248803827756,https://finance.naver.com/item/main.naver?code=042110
코렌텍,KOSDAQ,3995.0,53562602950,8.32,0.7,489.0,5844.0,0.7547,25794979320.0,1454890370.0,1135726760.0,,-34.27735,건강관리장비와용품,7440.0,3385.0,0.0359558632,13407410,104540,10036.0,18219.25,0.5508459459088602,74227161.65,-5.106888361045126,-41.93313953488372,0.7420722587373245,8.367556468172484,5.640207545628689,75.47,-46.303763440860216,https://finance.naver.com/item/main.naver?code=104540
동우팜투테이블,KOSDAQ,2080.0,53501269120,1.89,0.22,1100.0,9312.0,0.15061,91204830040.0,957374940.0,10777546710.0,,35.44428,식품,2730.0,1978.0,0.0616596902,25721764,088910,35295.0,42613.75,0.8282537913232232,90052112.25,-11.489361702127665,-12.421052631578943,1.0800269865947023,11.812714776632301,1.0496976306848231,15.061,-23.809523809523814,https://finance.naver.com/item/main.naver?code=088910
부산산업,KOSPI,50700.0,53539200000,-14.71,0.4,-3270.0,119423.0,0.97559,24756360520.0,1359934640.0,505414100.0,,7.62098,건축자재,94600.0,33600.0,0.0214280303,1056000,011390,26942.0,26021.1,1.035390510009185,1356203795.0,4.53608247422681,-40.352941176470594,1.035390510009185,-2.738166014921749,5.493273693850698,97.559,-46.40591966173362,https://finance.naver.com/item/main.naver?code=011390
고려산업,KOSPI,2145.0,53495066625,5.58,0.45,391.0,4843.0,1.45832,79477910890.0,3997292210.0,2742488530.0,,35.44428,식품,3320.0,1648.0,0.0231222652,24939425,002140,351647.0,1182035.3,0.2974928075329053,2544174578.25,7.788944723618085,-18.595825426944966,0.5506113057706483,8.07350815610159,5.029437947271138,145.832,-35.391566265060234,https://finance.naver.com/item/main.naver?code=002140
CJ 바이오사이언스,KOSDAQ,4085.0,53372412270,-2.22,0.99,-1837.0,4105.0,0.4466,898152060.0,-6399328470.0,-6207905930.0,,-34.66388,생명과학도구및서비스,10430.0,3060.0,0.0287308631,13065462,311690,5566.0,7009.85,0.7940255497621204,26987156.1,-16.290983606557376,-55.306345733041574,1.5124432049187928,-44.750304506699145,-712.4994480333319,44.66,-60.83413231064239,https://finance.naver.com/item/main.naver?code=311690
범양건영,KOSPI,1935.0,53173451700,-0.61,-0.76,-3184.0,-2532.0,-2.46534,1003503790.0,-461367540.0,854182470.0,,36.90859,건설,1935.0,1935.0,0.0113706349,27479820,002410,,,,,,,,125.75039494470775,-45.97566492499246,-246.534,0.0,https://finance.naver.com/item/main.naver?code=002410
케이사인,KOSDAQ,7550.0,53356793750,20.38,0.58,371.0,13139.0,0.63125,9940269910.0,936297170.0,119567580.0,,163.68113,소프트웨어,16000.0,6330.0,0.0412285052,7067125,192250,5135.0,31671.7,0.16213212426235407,246602012.5,-13.516609392898049,-26.052889324191963,1.0245739887659961,2.823654768247203,9.419232862661776,63.125,-52.81249999999999,https://finance.naver.com/item/main.naver?code=192250
덕성,KOSPI,3400.0,53312000000,9.44,0.53,359.0,6371.0,0.55062,32843263060.0,809386850.0,819573030.0,,9.12316,"섬유,의류,신발,호화품",5950.0,2720.0,0.0420934949,15680000,004830,27739.0,150166.05,0.18472217921427647,531582605.8,-4.761904761904767,-32.40556660039762,0.24310421696515294,5.6349081776801135,2.4643923124245135,55.062,-42.85714285714286,https://finance.naver.com/item/main.naver?code=004830
시선AI,KOSDAQ,3805.0,53077779010,-2.88,3.32,-1299.0,1126.0,1.11785,2501569990.0,-2793061700.0,-3383731800.0,,163.68113,소프트웨어,4630.0,2105.0,0.0284485116,13949482,340810,87120.0,240230.65,0.3626514768202975,829292274.8,24.549918166939435,17.98449612403101,0.9143879017935472,-115.36412078152753,-111.65235077032565,111.785,-17.818574514038875,https://finance.naver.com/item/main.naver?code=340810
SJM,KOSPI,3390.0,52900604220,4.4,0.23,777.0,14855.0,0.21652,52531286470.0,4690425730.0,6467583300.0,,10.62051,자동차부품,4200.0,2945.0,0.0763438505,15604898,123700,7266.0,12659.95,0.5739359160186256,42936123.9,6.269592476489039,-13.409961685823756,2.2694402426549867,5.230562100302929,8.928823269307609,21.651999999999997,-19.285714285714285,https://finance.naver.com/item/main.naver?code=123700
TS인베스트먼트,KOSDAQ,2215.0,52668655410,6.73,0.56,344.0,4152.0,0.18987,7093597470.0,5416260180.0,4355719840.0,,14.71625,창업투자,4641.762,1300.0,0.0089815559,23778174,246690,138948.0,120028.3,1.1576269929674918,226139526.85,30.06459189665296,5.980861244019131,2.761615385704871,8.285163776493256,76.35420818429947,18.987000000000002,-52.281051893655906,https://finance.naver.com/item/main.naver?code=246690
씨티케이,KOSDAQ,2720.0,52609127520,-7.24,0.34,-373.0,7851.0,0.91237,28962952610.0,469164090.0,-1927041660.0,,49.63323,화장품,6500.0,2180.0,0.0382645874,19341591,260930,11879.0,28498.1,0.4168348065309617,75375210.7,1.1152416356877248,-37.1824480369515,0.8470389254020444,-4.750987135396765,1.6198765930998775,91.237,-58.15384615384615,https://finance.naver.com/item/main.naver?code=260930
현우산업,KOSDAQ,2610.0,52591163310,6.37,0.43,412.0,6129.0,0.74407,75401954990.0,4312212950.0,6017995030.0,,264.33639,전자장비와기기,4972.0,1860.0,0.072745627,20149871,092300,82684.0,110442.1,0.748663779482643,299422037.0,-23.235294117647054,-31.76470588235294,0.748663779482643,6.722140642845488,5.7189670354991415,74.407,-47.50603378921963,https://finance.naver.com/item/main.naver?code=092300
경남스틸,KOSDAQ,1933.0,52151574532,11.24,0.46,172.0,4224.0,0.48791,98311297930.0,2246976780.0,2232219030.0,,43.89712,철강,3430.0,1548.0,0.034255803,26979604,039240,12195.0,48704.8,0.2503859989159179,92677484.45,-14.46902654867257,-28.93382352941176,0.28878057193541495,4.071969696969697,2.2855733036907937,48.791000000000004,-43.64431486880467,https://finance.naver.com/item/main.naver?code=039240
더블유에스아이,KOSDAQ,1249.0,51847598712,-11.79,0.87,-106.0,1436.0,0.40041,12925235600.0,1026956770.0,817597050.0,,48.4019,제약,5000.0,1012.0,0.0602272327,41511288,299170,65924.0,203276.2,0.3243075185388156,262193249.9,-22.229140722291408,-61.02964118564742,0.48284058832268606,-7.381615598885793,7.945362094598879,40.041,-75.02,https://finance.naver.com/item/main.naver?code=299170
코위버,KOSDAQ,5320.0,52118976000,14.2,0.31,379.0,17332.0,0.17899,11970936370.0,-1273427520.0,-421997280.0,,-328.00078,통신장비,14550.0,4075.0,0.0338536053,9796800,056360,26499.0,68364.65,0.3876126038822696,394750934.75,-26.21359223300971,-3.971119133574008,0.8961941588233101,2.1867066697438267,-10.6376600847307,17.899,-63.43642611683848,https://finance.naver.com/item/main.naver?code=056360
코콤,KOSDAQ,2955.0,51802627500,8.62,0.39,343.0,7612.0,0.15744,19700017070.0,-538383660.0,1228848550.0,,-328.00078,통신장비,4540.0,2335.0,0.0205113374,17530500,015710,12373.0,103362.55,0.11970486409245902,327456255.0,-2.3140495867768562,-23.840206185567013,0.2717425218321336,4.506043089858118,-2.7329096116361895,15.744,-34.91189427312775,https://finance.naver.com/item/main.naver?code=015710
인팩,KOSPI,5150.0,51500000000,4.33,0.39,1196.0,13223.0,3.3356,192102095290.0,8545096720.0,5052799530.0,,10.62051,자동차부품,13560.0,4430.0,0.0002,10000000,023810,7530.0,13561.1,0.5552646909174035,70829370.5,-1.5296367112810683,-39.624853458382184,0.5552646909174035,9.044846101489828,4.44820589129973,333.56,-62.020648967551615,https://finance.naver.com/item/main.naver?code=023810
HLB파나진,KOSDAQ,1130.0,51446594800,-15.9,0.7,-70.0,1591.0,0.10989,3708157720.0,-158046200.0,1550223930.0,,-34.66388,생명과학도구및서비스,2940.0,980.0,0.0149641671,45527960,046210,199976.0,107633.3,1.8579380173236348,122505049.6,-20.4225352112676,-40.99216710182768,1.8579380173236348,-4.3997485857950975,-4.262121838765801,10.989,-61.564625850340136,https://finance.naver.com/item/main.naver?code=046210
한컴라이프케어,KOSPI,1857.0,51391371942,-6.66,0.4,-279.0,4590.0,0.44609,55074218230.0,7608901630.0,6819492290.0,,-34.27735,건강관리장비와용품,3780.0,1524.0,0.0394277297,27674406,372910,42327.0,520180.4,0.08136984784509374,1059750195.25,-6.069802731411233,-38.20299500831946,0.15493471111176046,-6.078431372549019,13.815723353936384,44.609,-50.87301587301587,https://finance.naver.com/item/main.naver?code=372910
포인트엔지니어링,KOSDAQ,4380.0,50805433320,-8.46,0.75,-520.0,5860.0,0.38659,10383315030.0,1250142000.0,1626047860.0,,16.34808,디스플레이장비및부품,6105.191,3900.0,0.0058526232,11599414,256630,842.0,3772.8,0.22317642069550464,16201411.25,-5.603448275862066,312.818096135721,1.488814673452078,-8.873720136518772,12.039912074207768,38.659,-28.257772770745415,https://finance.naver.com/item/main.naver?code=256630
에이테크솔루션,KOSDAQ,5080.0,50800000000,109.13,0.57,46.0,8845.0,2.66614,72995045000.0,-328455000.0,-774681000.0,,179.16167,기계,14250.0,3995.0,0.0181775,10000000,071670,13404.0,14777.1,0.9070791968654202,75491779.55,-18.849840255591054,-49.14914914914915,0.9070791968654202,0.5200678349349915,-0.44996889857386896,266.614,-64.35087719298245,https://finance.naver.com/item/main.naver?code=071670
딥노이드,KOSDAQ,1721.0,50549611272,-3.65,1.78,-472.0,970.0,0.52466,1311026880.0,-3296739500.0,-3234230620.0,,34.12563,IT서비스,5394.142,1120.0,0.0286369453,29372232,315640,35566.0,332831.4,0.10685890814388305,547416912.15,-28.141962421711895,-50.26011560693642,0.20959861359234735,-48.65979381443299,-251.46238801755155,52.466,-68.09501863317651,https://finance.naver.com/item/main.naver?code=315640
진양산업,KOSPI,3915.0,50895000000,7.29,0.75,534.0,5164.0,0.67568,23691833000.0,1632307510.0,1159046510.0,,-33.47526,화학,8090.0,3660.0,0.0394327692,13000000,003780,20960.0,109250.85,0.19185205424031024,425689283.3,-18.181818181818176,-40.591805766312596,8.058719909273016,10.340821068938807,6.88974766114551,67.568,-51.60692212608158,https://finance.naver.com/item/main.naver?code=003780
씨유테크,KOSDAQ,2860.0,50500450000,38.18,0.45,77.0,6479.0,0.26275,47984708170.0,1550746850.0,2685956230.0,,95.46514,핸드셋,3285.0,2050.0,0.7023471046,17657500,376290,13131.0,23578.8,0.5568985699017762,67693741.75,12.377210216110024,-0.8665511265164683,1.1605764500313842,1.1884550084889642,3.2317521751013287,26.275,-12.937595129375957,https://finance.naver.com/item/main.naver?code=376290
대진첨단소재,KOSDAQ,2825.0,50428566500,-1.06,0.8,-2671.0,3532.0,1.51557,27002246620.0,-560473710.0,-929746630.0,,-82.80274,전기제품,8370.0,2340.0,0.0388198413,17850820,393970,,,,,,,,-75.62287655719139,-2.075655844076577,151.55700000000002,-66.24850657108722,https://finance.naver.com/item/main.naver?code=393970
코닉오토메이션,KOSDAQ,1182.0,50377395540,-17.43,2.08,-69.0,577.0,1.12988,4930041430.0,-1559700000.0,-5714945360.0,,34.12563,IT서비스,3700.0,967.0,0.0092371576,42620470,391710,17811.0,84392.2,0.2110503103367373,108071553.75,-27.484662576687114,-47.69911504424778,0.43647398693244166,-11.95840554592721,-31.63665097232256,112.988,-68.05405405405405,https://finance.naver.com/item/main.naver?code=391710
러셀,KOSDAQ,1580.0,50262960000,-17.27,0.86,-93.0,1871.0,0.3884,11212161020.0,161457080.0,197220760.0,,30.86468,반도체와반도체장비,5930.0,1205.0,0.034489658,31812000,217500,41933.0,65591.45,0.6393058851420421,105348954.55,-20.2020202020202,-51.45929339477726,0.6716729085879334,-4.970603955104223,1.440017492720596,38.84,-73.35581787521079,https://finance.naver.com/item/main.naver?code=217500
퀀타매트릭스,KOSDAQ,2495.0,50236897355,-2.28,1.2,-1052.0,1998.0,0.34653,646154980.0,-4217732150.0,-3807879930.0,,-34.66388,생명과학도구및서비스,5660.0,1927.0,0.1824844156,20135029,317690,28113.0,124243.15,0.22627404408210836,329936570.2,-14.846416382252558,-40.66587395957194,0.3868382281035212,-52.652652652652655,-652.7431159007704,34.653,-55.918727915194346,https://finance.naver.com/item/main.naver?code=317690
대성창투,KOSDAQ,930.0,50220000000,157.67,0.52,6.0,1835.0,0.00573,1414986860.0,-348839780.0,229527740.0,,14.71625,창업투자,1856.0,737.0,0.0337492778,54000000,027830,47212.0,73250.55,0.6445275837519309,72291596.05,-22.24080267558528,-47.78214486243684,1.1606056200260613,0.32697547683923706,-24.65321692103911,0.573,-49.89224137931034,https://finance.naver.com/item/main.naver?code=027830
제노레이,KOSDAQ,3440.0,50065223360,54.18,0.5,61.0,6636.0,0.70685,26616207710.0,249039560.0,608238820.0,,-34.27735,건강관리장비와용품,5590.0,3100.0,0.0191770641,14553844,122310,13995.0,48762.8,0.2870015667681101,173491331.4,-4.311543810848406,-26.2593783494105,0.2870015667681101,0.9192284508740205,0.9356688327407106,70.685,-38.46153846153846,https://finance.naver.com/item/main.naver?code=122310
디와이디,KOSDAQ,1212.0,50151602520,-2.45,3.36,-500.0,364.0,1.16166,13902183670.0,215225010.0,-169957710.0,,49.63323,화장품,2295.0,193.0,0.0574906094,41379210,219550,20773.0,37992.1,0.5467715656675993,47733645.95,-17.718940936863547,-21.80645161290322,4.460822118282485,-137.36263736263737,1.5481381566296053,116.166,-47.18954248366013,https://finance.naver.com/item/main.naver?code=219550
제이티,KOSDAQ,4870.0,50236548310,-94.19,0.58,-43.0,6972.0,0.38891,13867728720.0,2338131190.0,5686318630.0,,30.86468,반도체와반도체장비,8040.0,2935.0,0.0797186723,10315513,089790,1563972.0,38531.45,40.58949247951998,161032101.15,5.754614549402826,-29.6242774566474,40.58949247951998,-0.6167527251864601,16.860231673179136,38.891,-39.42786069651741,https://finance.naver.com/item/main.naver?code=089790
