name,market,tradePrice,marketCap,per,pbr,eps,bps,debtRatio,sales,operatingProfit,netIncome,sectorName,sectorPer,wicsSectorName,high52wPrice,low52wPrice,foreignRatio,listedShareCount,code,vol_today,vol_avg20,vol_mult,amt_avg20,ret_60d,ret_6m,vol_mult_max5,roe,op_margin,debt_pct,off_high_pct,naver_url
한솔케미칼,KOSPI,264500.0,2855022522000,20.67,2.79,13428.0,99420.0,0.38389,247539416450.0,49753611310.0,53664875080.0,,-33.60183,화학,346500.0,175000.0,0.4214677439,10794036,014680,26560.0,54922.35,0.48359183465383404,12701954485.0,13.025210084033612,-1.46520146520146,1.8092634419321096,13.506336753168377,20.09926823918551,38.389,-23.665223665223667,https://finance.naver.com/item/main.naver?code=014680
제주반도체,KOSDAQ,84100.0,2896642255300,79.8,13.88,1173.0,6742.0,0.63576,289938012130.0,121871077130.0,145019513740.0,,32.96274,반도체와반도체장비,138000.0,17480.0,0.0135324234,34442833,080220,1869227.0,1268130.45,1.4740021422874912,102196325410.0,12.334217506631306,110.95890410958904,3.27405906860765,17.398398101453573,42.033494068158426,63.576,-39.05797101449275,https://finance.naver.com/item/main.naver?code=080220
넷마블,KOSPI,34450.0,2864807741250,12.55,0.52,2746.0,66269.0,0.35791,749215129330.0,80154994470.0,203858726520.0,,17.53512,게임엔터테인먼트,59000.0,33800.0,0.139995713,83158425,251270,148786.0,131898.9,1.1280306355852854,4606137388.75,-10.953608247422686,-33.81226053639846,1.6002938614347808,4.143717273536646,10.698528544355497,35.791000000000004,-41.610169491525426,https://finance.naver.com/item/main.naver?code=251270
서울보증보험,KOSPI,42800.0,2988364394400,10.9,0.56,3844.0,74331.0,0.85306,687320060000.0,87020827390.0,65997537180.0,,8.69824,손해보험,64800.0,39650.0,0.0682718548,69821598,031210,39151.0,39074.15,1.0019667734294924,1661102035.0,0.0,-20.44609665427509,1.1911967374850125,5.171462781342912,12.660888638984288,85.306,-33.95061728395061,https://finance.naver.com/item/main.naver?code=031210
SK바이오사이언스,KOSPI,37750.0,2961734875750,-50.82,1.63,-733.0,22806.0,0.48578,155705084520.0,-15737656290.0,-14086496010.0,,47.93196,제약,61300.0,31800.0,0.0605650493,78456553,302440,79978.0,59460.75,1.345055351639527,2180004650.0,0.13175230566535578,-12.037037037037035,1.345055351639527,-3.2140664737349818,-10.107348991534398,48.577999999999996,-38.417618270799345,https://finance.naver.com/item/main.naver?code=302440
금호석유화학,KOSPI,115600.0,2908186770000,10.5,0.49,11300.0,244373.0,0.34403,2268152062130.0,338998286910.0,300416958500.0,,-33.60183,화학,162300.0,104500.0,0.2864205554,25157325,011780,56960.0,67160.95,0.8481118864459184,8185142605.0,3.022222222222215,-8.379446640316202,0.9645485955752562,4.624078764838996,14.94601233180327,34.403,-28.773875539125083,https://finance.naver.com/item/main.naver?code=011780
두산퓨얼셀,KOSPI,45200.0,2960316415200,-29.27,10.58,-1623.0,4491.0,3.45877,44258911480.0,-50913804630.0,-55598415360.0,,-44.49442,에너지장비및서비스,108900.0,18230.0,0.1512400898,65493726,336260,446962.0,1034079.1,0.4322319250045765,51343769690.0,6.096131301289565,18.61074705111403,0.6618874706973576,-36.138944555778224,-115.03627840690854,345.877,-58.49403122130394,https://finance.naver.com/item/main.naver?code=336260
DN오토모티브,KOSPI,48750.0,2852404668750,9.13,1.28,5440.0,38780.0,1.22313,1249319637000.0,205436080000.0,157872007000.0,,9.77399,자동차부품,67500.0,21550.0,0.0576178458,58510865,007340,95058.0,117057.15,0.8120648760028756,5590934867.5,38.55932203389831,20.368098159509195,1.2120404434927725,14.027849406910779,16.443836622412746,122.313,-27.77777777777778,https://finance.naver.com/item/main.naver?code=007340
iM금융지주,KOSPI,18010.0,2852124978080,7.5,0.49,2511.0,38725.0,15.36345,4171962000000.0,182738000000.0,144782000000.0,,8.99477,은행,22000.0,13050.0,0.448695724,158363408,139130,417845.0,374693.55,1.1151646458819482,6868086619.5,-0.497512437810943,1.8675721561969505,1.9335641085895394,6.484183344092963,4.380145360863786,1536.345,-18.13636363636364,https://finance.naver.com/item/main.naver?code=139130
GS건설,KOSPI,32800.0,2807072872000,30.8,0.59,1073.0,56462.0,2.29043,2779365000000.0,91354000000.0,14371000000.0,,35.6787,건설,44850.0,17880.0,0.2032148424,85581490,006360,664740.0,1496748.15,0.4441228138481414,54069089327.5,15.66901408450705,24.667931688804543,0.9657229240604039,1.9003931847968545,3.2868658848334062,229.043,-26.867335562987737,https://finance.naver.com/item/main.naver?code=006360
롯데에너지머티리얼즈,KOSPI,53300.0,2791079177900,-17.68,1.71,-3065.0,31623.0,0.31536,194197979590.0,-16896328510.0,-18781791970.0,,307.43097,전자장비와기기,83100.0,21600.0,0.0752505139,52365463,020150,318103.0,322785.3,0.9854940729952697,14121101673.75,67.55070202808113,27.55344418052257,4.124338995611015,-9.692312557315878,-8.700568639113719,31.535999999999998,-35.8604091456077,https://finance.naver.com/item/main.naver?code=020150
F&F,KOSPI,73300.0,2807908597500,6.72,1.42,10611.0,50123.0,0.26669,399621629200.0,86499071630.0,72987676490.0,,8.86194,"섬유,의류,신발,호화품",89000.0,58000.0,0.1298960049,38307075,383220,50094.0,47990.3,1.0438359418465815,3217265700.0,-7.605985037406482,13.99999999999999,1.0438359418465815,21.169921991899926,21.645242727017038,26.668999999999997,-17.640449438202243,https://finance.naver.com/item/main.naver?code=383220
대한광통신,KOSDAQ,17720.0,2755205895200,-78.19,38.29,-237.0,484.0,1.55218,49053665500.0,956781920.0,444593210.0,,-391.40909,통신장비,31500.0,1218.908,0.0492318713,155485660,010170,15623204.0,14322048.35,1.0908498294519444,234907511789.5,73.5009671179884,92.9032258064516,1.0908498294519444,-48.96694214876033,1.950479969738449,155.218,-43.74603174603175,https://finance.naver.com/item/main.naver?code=010170
롯데쇼핑,KOSPI,98800.0,2794928994000,54.82,0.19,1824.0,537131.0,1.24866,3485027676580.0,89908892340.0,14617059200.0,,32.7479,백화점과일반상점,211000.0,62700.0,0.1313025617,28288755,023530,173108.0,144464.6,1.198272794857702,16152220900.0,-37.96992481203007,-13.461538461538458,1.198272794857702,0.33958196417633685,2.5798616448358103,124.86600000000001,-53.17535545023697,https://finance.naver.com/item/main.naver?code=023530
현대엘리베이터,KOSPI,72100.0,2818560958500,10.1,1.96,7258.0,37450.0,1.91184,692843740390.0,84478649450.0,166912467860.0,,178.59148,기계,113400.0,61800.0,0.2169277725,39092385,017800,67619.0,74109.75,0.9124170571348574,5472119532.5,3.8961038961038863,-17.336394948335244,1.572060356430834,19.380507343124165,12.193030625122942,191.184,-36.419753086419746,https://finance.naver.com/item/main.naver?code=017800
DL이앤씨,KOSPI,72000.0,2785940856000,8.46,0.59,8746.0,126050.0,0.8643,1802922191210.0,159428468830.0,129720311230.0,,35.6787,건설,106600.0,38450.0,0.2375426049,38693623,375500,181373.0,422616.45,0.429166919555545,34759565582.5,20.77051926298157,9.57446808510638,0.8198213770429428,6.938516461721539,8.842781436008746,86.42999999999999,-32.45778611632271,https://finance.naver.com/item/main.naver?code=375500
CJ제일제당,KOSPI,181700.0,2735345596200,-5.05,0.41,-35668.0,440524.0,1.60396,7362113166000.0,257574531000.0,-3876905000.0,,31.73003,식품,252000.0,172600.0,0.1141802685,15054186,097950,64885.0,44855.65,1.4465290325744917,8012340095.0,-7.921291624621595,-14.918414918414925,1.4465290325744917,-8.096721177506787,3.4986494392607383,160.39600000000002,-27.8968253968254,https://finance.naver.com/item/main.naver?code=097950
보로노이,KOSDAQ,145300.0,2704986603900,-65.12,27.23,-2374.0,5678.0,0.93301,,-29297618720.0,-29015219820.0,,47.93196,제약,375500.0,97500.0,0.0582217566,18616563,310210,52171.0,78385.95,0.6655657040579339,11328128922.5,-8.421709295071745,-53.173843700159495,1.812480425382355,-41.81049665375132,,93.301,-61.304926764314246,https://finance.naver.com/item/main.naver?code=310210
서진시스템,KOSDAQ,40700.0,2593546002300,-23.85,3.27,-1801.0,13127.0,2.06156,410183847980.0,-19357186930.0,-40186454790.0,,57.41321,전기장비,83300.0,21300.0,0.1380442461,63723489,178320,786344.0,1069049.95,0.735554030941211,39378860738.75,-5.275229357798161,-4.72895040369089,2.235154681032444,-13.719814123562124,-4.7191489926594645,206.156,-51.14045618247298,https://finance.naver.com/item/main.naver?code=178320
동서,KOSPI,26250.0,2617125000000,18.02,1.52,1468.0,17452.0,0.04047,135733871060.0,9836682560.0,41216142630.0,,31.73003,식품,30950.0,22350.0,0.037432347,99700000,026960,31254.0,64692.8,0.4831140405114634,1690740701.25,3.7254901960784403,-3.4671532846715314,3.571510276259491,8.411643364657346,7.247036044269141,4.047,-15.18578352180937,https://finance.naver.com/item/main.naver?code=026960
코리안리,KOSPI,14580.0,2576592631980,9.11,0.69,1587.0,20843.0,2.66389,2055728596140.0,175045476920.0,132572450660.0,,8.69824,손해보험,15660.0,10010.0,0.2627090094,176721031,003690,88155.0,217483.8,0.40534053570886663,3212282069.25,6.550218340611358,9.827456864216044,1.4577775448102341,7.614067072878185,8.515009094521492,266.389,-6.896551724137934,https://finance.naver.com/item/main.naver?code=003690
동진쎄미켐,KOSDAQ,50300.0,2563797337800,27.14,2.48,1927.0,21091.0,0.81591,346873555790.0,59290515850.0,84971814670.0,,32.96274,반도체와반도체장비,72200.0,31500.0,0.1236608283,50970126,005290,424217.0,403224.25,1.0520622209601729,18591913565.0,19.577960140679963,9.677419354838701,3.228221020933141,9.136598549144184,17.092832491934022,81.59100000000001,-30.332409972299168,https://finance.naver.com/item/main.naver?code=005290
롯데케미칼,KOSPI,60400.0,2583635307600,-1.28,0.21,-48311.0,298452.0,0.76761,5686369979630.0,110138582640.0,194490759400.0,,-33.60183,화학,119500.0,52500.0,0.1997081548,42775419,011170,92818.0,194286.6,0.47773752796126956,12303127212.5,0.0,-26.60217654171705,0.6763255932215603,-16.187192580381435,1.936887382188355,76.761,-49.45606694560669,https://finance.naver.com/item/main.naver?code=011170
에코프로머티,KOSPI,38100.0,2698008447000,115.07,2.62,345.0,15125.0,0.95852,178788095610.0,-10583518570.0,-12449410450.0,,-86.37263,전기제품,88800.0,27100.0,0.1418001304,70813870,450080,328462.0,270358.55,1.214912567033667,9784889986.25,6.694560669456062,-47.8882833787466,1.9764050369407589,2.28099173553719,-5.919587953487906,95.852,-57.0945945945946,https://finance.naver.com/item/main.naver?code=450080
한화비전,KOSPI,49050.0,2476455529500,56.87,2.98,902.0,17188.0,1.36841,542288924730.0,65578457510.0,75294760130.0,,-391.40909,통신장비,97900.0,30950.0,0.2418757659,50488390,489790,116726.0,167879.05,0.6952981923593207,8102612488.75,15.15151515151516,-38.63354037267081,1.2913404025100215,5.247847335350244,12.092900024216949,136.84099999999998,-49.89785495403473,https://finance.naver.com/item/main.naver?code=489790
고영,KOSDAQ,35850.0,2445121036050,162.72,7.18,224.0,5079.0,0.26163,88759068560.0,14552561110.0,15724243440.0,,307.43097,전자장비와기기,45000.0,15530.0,0.3178034765,68204213,098460,1181679.0,1288170.35,0.9173313141386928,38554710780.0,44.8,32.6007326007326,2.4525871131873203,4.410316991533766,16.39557663920578,26.162999999999997,-20.333333333333336,https://finance.naver.com/item/main.naver?code=098460
효성,KOSPI,152100.0,2546215904700,7.99,1.08,19734.0,146168.0,0.81722,733636709690.0,231638674800.0,226319284640.0,,30.72731,복합기업,318000.0,86800.0,0.2160753917,16740407,004800,27675.0,20043.45,1.3807503199299522,3229834090.0,1.9450033534540667,8.882521489971351,1.3807503199299522,13.500903070439493,31.57402999883682,81.722,-52.16981132075471,https://finance.naver.com/item/main.naver?code=004800
SK가스,KOSPI,270500.0,2507330502000,9.86,0.79,26176.0,325701.0,1.47946,2312994733070.0,-43939497660.0,-33032313460.0,,9.53031,가스유틸리티,302000.0,196100.0,0.0566859606,9269244,018670,30860.0,10003.6,3.084889439801671,2464441050.0,26.10722610722611,9.73630831643002,3.3929785277300173,8.036819045689144,-1.8996799703767515,147.946,-10.430463576158944,https://finance.naver.com/item/main.naver?code=018670
실리콘투,KOSDAQ,37800.0,2478782325600,13.33,5.27,2756.0,6976.0,0.4,402597050820.0,82969819440.0,72331311450.0,,17.6157,인터넷과카탈로그소매,56100.0,29850.0,0.1178721986,65576252,257720,714810.0,733010.8,0.9751698065021688,31209942932.5,4.3055555555555625,-3.221649484536082,1.0168840622812105,39.50688073394495,20.608650577794613,40.0,-32.62032085561497,https://finance.naver.com/item/main.naver?code=257720
성호전자,KOSDAQ,31750.0,2395596174000,24.09,9.15,1343.0,3536.0,2.23131,85242926090.0,6892730830.0,-45996985800.0,,-86.37263,전기제품,59600.0,1042.0,0.0276990565,75451848,043260,5063102.0,4628544.7,1.093886378584612,112683428361.0,74.6923488496522,-29.175704989154017,1.9122109806998298,37.980769230769226,8.085985718888407,223.131,-46.72818791946308,https://finance.naver.com/item/main.naver?code=043260
케이씨텍,KOSPI,120100.0,2377819186100,39.99,4.0,2686.0,26877.0,0.14101,112688832960.0,23521741080.0,21110597040.0,,32.96274,반도체와반도체장비,134100.0,35100.0,0.1353794077,19798661,281820,1086457.0,205152.4,5.295853229111627,15997860170.0,48.01444043321299,152.04918032786887,5.295853229111627,9.993674889310562,20.873178346206913,14.100999999999999,-10.43997017151379,https://finance.naver.com/item/main.naver?code=281820
농심,KOSPI,399000.0,2426974158000,13.5,0.82,29342.0,485193.0,0.36912,956063105300.0,59252095210.0,54665696240.0,,31.73003,식품,480500.0,319000.0,0.2515428329,6082642,004370,14879.0,22079.9,0.6738708055743006,8911979887.5,10.497237569060779,6.524633821571246,0.9202487330105661,6.047490380116778,6.197508813124577,36.912,-16.96149843912591,https://finance.naver.com/item/main.naver?code=004370
이수스페셜티케미컬,KOSPI,79400.0,2399378436800,3238.46,19.15,26.0,4398.0,2.01069,108029149000.0,7737005000.0,3627145000.0,,-33.60183,화학,131800.0,44400.0,0.0468132298,30218872,457190,206997.0,192206.25,1.076952492439762,13919244790.0,31.893687707641206,-15.889830508474578,5.870412642669008,0.5911778080945885,7.161960518637428,201.069,-39.75720789074355,https://finance.naver.com/item/main.naver?code=457190
씨에스윈드,KOSPI,56900.0,2399552830700,68.7,2.07,837.0,27826.0,1.61711,686396223210.0,86031237020.0,61062432230.0,,-44.49442,에너지장비및서비스,79400.0,34500.0,0.160425016,42171403,112610,245387.0,362312.55,0.677279878933258,18820313461.25,46.47887323943662,-4.983388704318936,1.5512048920193353,3.0079781499317186,12.533757341738621,161.711,-28.337531486146094,https://finance.naver.com/item/main.naver?code=112610
한국앤컴퍼니,KOSPI,25200.0,2392368048000,6.9,0.5,3666.0,50477.0,0.09719,339568170580.0,100149796830.0,95691702420.0,,9.77399,자동차부품,36450.0,21550.0,0.0878442294,94935240,000240,34175.0,62384.55,0.5478119181752533,1536339037.5,-0.1953125,-5.018587360594795,0.87669142439915,7.2627137111951985,29.4932816167484,9.719,-30.864197530864203,https://finance.naver.com/item/main.naver?code=000240
한올바이오파마,KOSPI,45450.0,2374336997100,-438.53,15.01,-109.0,3184.0,0.48809,44275731480.0,5597740050.0,-19228508520.0,,47.93196,제약,73000.0,32600.0,0.0458279242,52240638,009420,182266.0,234887.5,0.7759714757064552,11423708061.25,-21.976149914821118,-27.64612954186414,1.3757862806662764,-3.4233668341708547,12.642908118928723,48.809000000000005,-37.73972602739726,https://finance.naver.com/item/main.naver?code=009420
케어젠,KOSDAQ,44250.0,2376888750000,104.87,9.91,411.0,4348.0,0.10339,18794592270.0,5236513810.0,4304583650.0,,-10.95779,건강관리업체및서비스,153800.0,38800.0,0.04632436,53715000,214370,97116.0,60180.2,1.6137533607399113,2520129421.25,-24.95784148397976,-54.076367389060884,1.6137533607399113,9.452621895124196,27.861811178306557,10.339,-71.22886866059818,https://finance.naver.com/item/main.naver?code=214370
에스엘,KOSPI,50600.0,2350295112000,7.7,0.94,6749.0,55423.0,0.5689,1367309815930.0,125755180030.0,112151887900.0,,9.77399,자동차부품,79500.0,33200.0,0.1604659739,46448520,005850,33594.0,64601.85,0.5200160676513134,3272904482.5,-11.324041811846685,-14.88294314381271,1.8825776661194689,12.17725493026361,9.197270330752755,56.88999999999999,-36.35220125786164,https://finance.naver.com/item/main.naver?code=005850
롯데지주,KOSPI,23250.0,2317182792000,-2.59,0.3,-9028.0,79142.0,1.39049,4093073648310.0,128978572270.0,64351963340.0,,30.72731,복합기업,39600.0,21150.0,0.0959726431,99663776,004990,37797.0,118185.7,0.3198102646936135,2905280280.0,-2.9166666666666674,-24.717285945072696,1.0934233160187738,-11.407343761845796,3.1511422308087296,139.049,-41.28787878787878,https://finance.naver.com/item/main.naver?code=004990
휴젤,KOSDAQ,184400.0,2307797901200,13.9,2.06,13061.0,87960.0,0.09574,137903428650.0,56030447570.0,44738790810.0,,-66.93263,생물공학,308500.0,175500.0,0.5663782674,12515173,145020,31176.0,56673.65,0.5500969145272979,11536540587.5,-23.340292275574114,-29.2485549132948,1.1365599357020415,14.848794906775808,40.63020631068262,9.574,-40.22690437601296,https://finance.naver.com/item/main.naver?code=145020
신영증권,KOSPI,139900.0,2299956000000,7.64,0.58,18605.0,243467.0,5.5207,1663107293490.0,121069203110.0,94323853830.0,,7.94241,증권,272000.0,119300.0,0.0635027981,16440000,001720,4794.0,8401.7,0.5705988073842199,1199876557.5,-9.350649350649354,-32.23300970873786,1.9851934727495624,7.641692714002309,7.279698885568502,552.0699999999999,-48.56617647058824,https://finance.naver.com/item/main.naver?code=001720
현대무벡스,KOSDAQ,20100.0,2238658383900,203.88,14.43,103.0,1455.0,1.05841,100360141290.0,3196477710.0,11343328740.0,,178.59148,기계,50400.0,8090.0,0.0385063793,111376039,319400,539665.0,759683.1,0.7103817368057813,16451193793.75,-7.14285714285714,-21.899224806201545,1.009668373562608,7.079037800687285,3.1850071840408027,105.84100000000001,-60.11904761904761,https://finance.naver.com/item/main.naver?code=319400
달바글로벌,KOSPI,182800.0,2289965762000,27.74,11.42,6594.0,16022.0,0.34999,186860908470.0,47240874550.0,38059528100.0,,42.55038,화장품,283000.0,116200.0,0.4371930121,12527165,483650,125312.0,144264.15,0.8686288312099715,25710216312.5,-15.954022988505745,18.317152103559863,0.8686288312099715,41.15591062289352,25.281304119092617,34.999,-35.40636042402827,https://finance.naver.com/item/main.naver?code=483650
BGF리테일,KOSPI,130500.0,2255549733000,11.26,1.67,11303.0,76009.0,1.70106,2426816474390.0,84851552000.0,56829553160.0,,32.7479,백화점과일반상점,156600.0,101200.0,0.4017778157,17283906,282330,44896.0,39193.7,1.1454902190913336,5439883602.5,3.6682615629983983,-0.23023791250958991,1.1454902190913336,14.870607428067729,3.4964140426534778,170.106,-16.666666666666664,https://finance.naver.com/item/main.naver?code=282330
에스피지,KOSDAQ,99900.0,2215518264000,258.01,9.14,412.0,11633.0,0.67887,88770106740.0,3996957640.0,2435275070.0,,-86.37263,전기제품,165700.0,26850.0,0.0612089987,22177360,058610,188646.0,380508.0,0.4957740704531836,37512465442.5,50.90634441087614,-10.242587601078167,1.1782616922640259,3.5416487578440647,4.502594157858506,67.887,-39.71031985515992,https://finance.naver.com/item/main.naver?code=058610
케이뱅크,KOSPI,5420.0,2198867718420,18.74,0.95,294.0,5781.0,11.91825,326565000000.0,26970000000.0,26870000000.0,,8.99477,은행,9880.0,5210.0,0.0168297106,405695151,279570,217056.0,558274.2,0.3887981927160525,3122580037.75,1.8796992481203034,-13.55661881977671,0.8917857927161958,5.08562532433835,8.258692756419089,1191.825,-45.1417004048583,https://finance.naver.com/item/main.naver?code=279570
제일기획,KOSPI,18900.0,2174279152500,9.1,1.2,2049.0,15525.0,1.12533,1074518428890.0,92693736590.0,63536831990.0,,10.92084,광고,23300.0,17100.0,0.1743247258,115041225,030000,352726.0,415576.45,0.8487632059035106,7534487429.75,-0.10537407797681642,-4.387291981845687,2.745109834784911,13.198067632850242,8.626537628187036,112.53299999999999,-18.884120171673825,https://finance.naver.com/item/main.naver?code=030000
HL만도,KOSPI,45500.0,2136548960000,22.37,0.82,2130.0,57793.0,1.4258,2495284875900.0,107018120000.0,58782922200.0,,9.77399,자동차부품,79100.0,32150.0,0.1932608303,46957120,204320,322817.0,244159.05,1.3221586502732543,11722783166.25,-6.365503080082135,-10.9375,1.5055718802968803,3.6855674562663294,4.288813715564268,142.57999999999998,-42.47787610619469,https://finance.naver.com/item/main.naver?code=204320
우리기술,KOSDAQ,12310.0,2126978573720,2560.0,16.95,5.0,755.0,1.23865,19793567450.0,-1134042430.0,20080369670.0,,41.29186,우주항공과국방,30200.0,3540.0,0.0539934829,172784612,032820,2956695.0,6461445.7,0.4575903191448316,86622352029.75,26.29969418960245,-47.05128205128205,0.4575903191448316,0.6622516556291391,-5.729348349481084,123.86500000000001,-59.23841059602649,https://finance.naver.com/item/main.naver?code=032820
디앤디파마텍,KOSDAQ,44950.0,2067528695550,-86.93,26.04,-547.0,1826.0,1.38587,662064380.0,-9879995350.0,-7766714990.0,,-66.93263,생물공학,116600.0,39990.151,0.1055979225,45996189,347850,714292.0,489689.8,1.458662197987379,22474171855.0,-43.91727493917274,-40.59278350515464,2.318124657691461,-29.956188389923327,-1492.3013000639,138.587,-61.449399656946824,https://finance.naver.com/item/main.naver?code=347850
코리아써키트,KOSPI,86500.0,2074496630000,51.39,5.52,1726.0,16070.0,0.8162,407179666180.0,19290297930.0,17621761470.0,,307.43097,전자장비와기기,148300.0,17570.0,0.0531172157,23982620,007810,672979.0,555363.8,1.2117804581429326,37546095843.75,36.41975308641976,5.238095238095242,1.6414231536157018,10.74051026757934,4.737539600386731,81.62,-41.67228590694538,https://finance.naver.com/item/main.naver?code=007810
LS에코에너지,KOSPI,68200.0,2088616747800,48.59,9.77,1387.0,6898.0,1.14827,350271469180.0,25256211370.0,19138089260.0,,57.41321,전기장비,109800.0,32000.0,0.0466717926,30624879,229640,228980.0,240196.5,0.9533028166521993,14219559975.0,58.256880733944946,55.75620767494356,0.9533028166521993,20.107277471730935,7.210467763510923,114.82699999999998,-37.88706739526412,https://finance.naver.com/item/main.naver?code=229640
펄어비스,KOSDAQ,33200.0,2086417812000,-240.51,2.53,-137.0,13011.0,0.2241,192610521760.0,67625499270.0,99542325760.0,,17.53512,게임엔터테인먼트,77400.0,29450.0,0.0509977339,62843910,263750,109831.0,271392.1,0.4046949045311194,9334819905.0,-8.665749656121047,-43.5374149659864,0.9142196843607461,-1.0529551917608178,35.10997148653381,22.41,-57.105943152454785,https://finance.naver.com/item/main.naver?code=263750
메지온,KOSDAQ,67500.0,2075554260000,-61.03,125.09,-1160.0,566.0,2.20785,2200899870.0,-4540625130.0,7685387190.0,,31.73003,식품,179900.0,45850.0,0.2264972153,30748952,140410,72933.0,98750.8,0.7385560420776338,7263704035.0,22.504537205081675,-31.122448979591834,1.646953746197499,-204.94699646643107,-206.30766496433117,220.785,-62.479155086158976,https://finance.naver.com/item/main.naver?code=140410
테크윙,KOSDAQ,53100.0,1967548549500,217.87,9.52,263.0,6018.0,2.13888,56776728490.0,12507979530.0,5080287550.0,,32.96274,반도체와반도체장비,74000.0,31625.0,0.2147768728,37053645,089030,543623.0,676551.05,0.8035210351088805,33672019225.0,41.501976284584984,3.26923076923078,2.1668771336619757,4.370222665337321,22.030116673952097,213.88799999999998,-28.243243243243242,https://finance.naver.com/item/main.naver?code=089030
한전KPS,KOSPI,44200.0,1989000000000,16.43,1.52,2761.0,29906.0,0.25075,437938590100.0,43579646760.0,38273641990.0,,3.07335,전기유틸리티,69000.0,41500.0,0.0809296222,45000000,051600,92626.0,133436.2,0.6941594559797116,6235885570.0,1.1389521640091216,-24.745762711864405,1.5210115395972006,9.23226108473216,9.95108623564069,25.074999999999996,-35.94202898550725,https://finance.naver.com/item/main.naver?code=051600
금호타이어,KOSPI,6610.0,1898790497070,5.53,0.95,1209.0,7065.0,1.38845,1332767136120.0,182237600550.0,137774059840.0,,9.77399,자동차부품,8850.0,4220.0,0.1252207062,287260287,073240,610745.0,1282943.75,0.47604970989569884,9157741746.0,4.062499999999991,6.56000000000001,0.8114993350254054,17.112526539278132,13.673626518173062,138.845,-25.31073446327684,https://finance.naver.com/item/main.naver?code=073240
이마트,KOSPI,71100.0,1962062730900,14.12,0.17,5084.0,410591.0,1.33722,6915029941460.0,-43037624220.0,-136781502140.0,,32.7479,백화점과일반상점,136400.0,70300.0,0.2273108473,27595819,139480,65029.0,87214.55,0.7456210001656833,6398455915.0,-12.083847102342782,-28.700000000000003,1.0299084269769208,1.238215158150081,-0.6223779880107545,133.722,-47.87390029325513,https://finance.naver.com/item/main.naver?code=139480
풍산,KOSPI,68300.0,1914058187400,13.99,0.9,5388.0,84137.0,1.04746,1470322219180.0,125210909270.0,82479885720.0,,28.21512,비철금속,159200.0,55200.0,0.1265116268,28024278,103140,447591.0,97984.55,4.567975257323731,7671870435.0,8.800000000000008,-25.84514721919302,4.567975257323731,6.4038413539821955,8.515882276459799,104.74600000000001,-57.09798994974875,https://finance.naver.com/item/main.naver?code=103140
GS리테일,KOSPI,22350.0,1868625725250,42.69,0.56,520.0,39303.0,1.20561,3175142890360.0,109407193000.0,64648505320.0,,32.7479,백화점과일반상점,29950.0,15950.0,0.1436774477,83607415,007070,59975.0,173911.45,0.34485940977434204,4159176166.25,-10.379241516966065,5.647058823529405,0.7080902378768045,1.3230542197796604,3.445740767515358,120.561,-25.375626043405674,https://finance.naver.com/item/main.naver?code=007070
현대백화점,KOSPI,86200.0,1858895414400,9.17,0.42,9572.0,210969.0,0.87599,1068052590000.0,79318730000.0,60829593000.0,,32.7479,백화점과일반상점,222000.0,74100.0,0.2510470713,21564912,069960,101123.0,114039.45,0.8867370019760706,11022264857.5,-48.54771784232366,2.721893491124261,0.8867370019760706,4.5371594878868455,7.426481686636797,87.599,-61.17117117117117,https://finance.naver.com/item/main.naver?code=069960
SFA반도체,KOSDAQ,11370.0,1869913645110,-101.12,4.07,-116.0,2884.0,0.2041,126288286340.0,-6151051760.0,-5350472390.0,,32.96274,반도체와반도체장비,12370.0,3735.0,0.1405957643,164460303,036540,3995571.0,7956653.0,0.502167305775431,75417509771.5,126.79999999999998,72.8658536585366,1.7452812130929927,-4.0221914008321775,-4.870643143766963,20.41,-8.08407437348424,https://finance.naver.com/item/main.naver?code=036540
롯데렌탈,KOSPI,51100.0,1855409726800,14.51,1.18,3514.0,43125.0,4.12629,765763505340.0,84637726230.0,18291248620.0,,13.96904,도로와철도운송,53100.0,26650.0,0.0617809642,36309388,089860,59574.0,76129.9,0.782530910982413,3774189561.25,59.56454121306376,57.36196319018405,2.3193515294253637,8.148405797101448,11.052723933666798,412.629,-3.766478342749524,https://finance.naver.com/item/main.naver?code=089860
시프트업,KOSPI,31000.0,1820998590000,9.34,1.94,3293.0,15882.0,0.12987,55723749280.0,28117514580.0,41735620720.0,,17.53512,게임엔터테인먼트,40750.0,27500.0,0.367411944,58741890,462870,28872.0,30298.5,0.9529184613099658,951229722.5,-12.916666666666664,-2.941176470588236,1.2433948875356866,20.73416446291399,50.458762992984305,12.987000000000002,-23.926380368098155,https://finance.naver.com/item/main.naver?code=462870
NHN,KOSPI,56400.0,1823353626000,56.89,1.23,1023.0,47466.0,0.94431,757918045230.0,57905020200.0,29074839380.0,,32.07185,IT서비스,78200.0,25600.0,0.1470091294,32328965,181710,70982.0,205123.8,0.34604468130953114,11997498617.5,47.02842377260983,35.96176821983275,0.7933014111478044,2.155226899254203,7.640010759003367,94.431,-27.877237851662407,https://finance.naver.com/item/main.naver?code=181710
태성,KOSDAQ,59600.0,1820063608000,-717.65,14.53,-85.0,4199.0,0.59834,30518470360.0,3118058690.0,3466455910.0,,307.43097,전자장비와기기,94000.0,23000.0,0.063906912,30537980,323280,313518.0,368931.9,0.8497991092665068,18621901987.5,70.81545064377683,2.931034482758621,1.8880774473554602,-2.0242914979757085,10.216956004737323,59.833999999999996,-36.59574468085106,https://finance.naver.com/item/main.naver?code=323280
대한조선,KOSPI,46900.0,1786361437000,6.51,1.68,7314.0,28354.0,0.47028,354435070880.0,95248495370.0,78723703940.0,,19.27479,조선,109700.0,42100.0,0.0221918399,38088730,439260,32841.0,29597.65,1.109581335004637,1382059112.5,-2.2035676810073457,-45.6242707117853,2.1021263512474806,25.79530225012344,26.873326935033464,47.028,-57.24703737465816,https://finance.naver.com/item/main.naver?code=439260
셀트리온제약,KOSDAQ,39950.0,1773873163400,45.31,4.03,875.0,9844.0,0.7346,153290879060.0,19305676050.0,13721037610.0,,47.93196,제약,78300.0,37000.0,0.0494465471,44402332,068760,43004.0,76764.1,0.5602097855638247,3009768087.5,-1.715686274509809,-31.45299145299145,1.5545417714791159,8.888663145062981,12.594145306221066,73.46000000000001,-48.97828863346104,https://finance.naver.com/item/main.naver?code=068760
LS마린솔루션,KOSDAQ,33400.0,1744777723600,162.56,2.83,215.0,12341.0,0.24123,95440343610.0,6121569380.0,6975962360.0,,35.6787,건설,51600.0,22450.0,0.0291595983,52238854,060370,206492.0,133397.6,1.5479438910445165,4390167311.25,43.94904458598725,19.3661971830986,1.5822323640005516,1.7421602787456445,6.414026970622304,24.123,-35.27131782945736,https://finance.naver.com/item/main.naver?code=060370
비에이치아이,KOSDAQ,56600.0,1751451625000,27.62,10.14,2107.0,5739.0,4.44608,296273189760.0,45483095560.0,20318448640.0,,-44.49442,에너지장비및서비스,114200.0,33150.0,0.0760643574,30944375,083650,244646.0,418797.4,0.5841631299525737,27020347860.0,26.970033296337405,-39.662447257383974,0.7742813112020275,36.713713190451294,15.35174195034123,444.608,-50.43782837127846,https://finance.naver.com/item/main.naver?code=083650
대주전자재료,KOSDAQ,111200.0,1746300145600,80.9,6.65,1377.0,16760.0,1.38368,100581579530.0,6783880800.0,4258311880.0,,307.43097,전자장비와기기,183300.0,58900.0,0.1441183209,15704138,078600,194468.0,138588.75,1.4032019193477103,13141328247.5,50.9433962264151,-13.978494623655912,3.9806622110380534,8.21599045346062,6.744655265606167,138.368,-39.334424440807425,https://finance.naver.com/item/main.naver?code=078600
기가비스,KOSDAQ,135300.0,1715030057400,111.16,8.14,1219.0,16646.0,0.17724,22307133450.0,6610590500.0,5996928870.0,,32.96274,반도체와반도체장비,206000.0,29800.0,0.0663426203,12675758,420770,136943.0,149346.6,0.9169475568911511,16451310375.0,-7.010309278350513,73.46153846153847,0.9169475568911511,7.323080619968761,29.634423960466332,17.724,-34.320388349514566,https://finance.naver.com/item/main.naver?code=420770
브이엠,KOSDAQ,64800.0,1720833012000,62.03,10.32,1135.0,6824.0,0.21035,72292819990.0,20054641810.0,17905820030.0,,32.96274,반도체와반도체장비,122100.0,19400.0,0.1028641103,26556065,089970,655625.0,670506.5,0.9778055842859092,38087079612.5,-24.117647058823533,44.29530201342282,1.3065868861823113,16.63247362250879,27.740848693928505,21.035,-46.92874692874693,https://finance.naver.com/item/main.naver?code=089970
LX인터내셔널,KOSPI,44150.0,1711254000000,10.98,0.56,3943.0,77069.0,1.65418,4776320982020.0,117835472890.0,78763061820.0,,16.98985,무역회사와판매업체,57700.0,29000.0,0.2521390093,38760000,001120,97274.0,103404.55,0.9407129570217171,4286781341.25,19.75476839237058,-5.280172413793105,1.6034013977141237,5.116194578883857,2.4670760891820356,165.418,-23.48353552859619,https://finance.naver.com/item/main.naver?code=001120
코미코,KOSDAQ,32800.0,1684715420000,33.81,6.22,1007.0,5472.0,2.22354,175961637380.0,27050200980.0,8967917810.0,,32.96274,반도체와반도체장비,55782.353,16307.686,0.2663178117,51363275,183300,337745.0,558107.9,0.6051607583408154,16670779320.0,-69.48291782086797,-69.25581395348837,0.7935024750590343,18.40277777777778,15.372783171813426,222.35399999999998,-41.20004224275014,https://finance.naver.com/item/main.naver?code=183300
아시아나항공,KOSPI,8230.0,1695303551530,-5.72,2.28,-1446.0,3623.0,54.96466,1844111928500.0,-356276433490.0,-407179826670.0,,141.2569,항공사,9220.0,6500.0,0.0391750189,205990711,020560,72870.0,145753.2,0.49995471797531715,1182522959.5,9.139072847682117,16.713881019830023,1.0572255017385552,-39.91167540712117,-19.319675122962582,5496.466,-10.73752711496746,https://finance.naver.com/item/main.naver?code=020560
에임드바이오,KOSDAQ,25750.0,1677294770750,238.89,8.59,108.0,3002.0,0.03681,20197147790.0,8520436920.0,10882978530.0,,-66.93263,생물공학,80200.0,17400.0,0.0305351922,65137661,0009K0,98115.0,101685.5,0.9648868324392367,2328561871.25,6.584362139917688,-51.315789473684205,2.2136587812421635,3.597601598934044,42.186337440272794,3.681,-67.89276807980049,https://finance.naver.com/item/main.naver?code=0009K0
SK이터닉스,KOSPI,49000.0,1669283196000,55.32,6.23,911.0,8095.0,3.63268,240891560120.0,4682586130.0,-2892906060.0,,-44.49442,에너지장비및서비스,87700.0,17210.0,0.0438544875,34067004,475150,432070.0,810205.5,0.5332844568445907,41632810867.5,19.1747572815534,-6.297709923664119,0.7700231607906883,11.25386040765905,1.9438564504573645,363.26800000000003,-44.127708095781074,https://finance.naver.com/item/main.naver?code=475150
코오롱인더,KOSPI,55900.0,1673983188800,256.44,0.44,225.0,129709.0,0.86542,1356513249420.0,98748108610.0,65997917010.0,,-33.60183,화학,104900.0,33900.0,0.1807450483,29946032,120110,110812.0,186306.7,0.5947826889746852,10454779557.5,-0.17825311942959443,-30.000000000000004,1.28746845926636,0.17346521829634026,7.279553565158424,86.542,-46.71115347950428,https://finance.naver.com/item/main.naver?code=120110
삼화콘덴서,KOSPI,158800.0,1650726000000,130.06,5.95,1221.0,26701.0,0.23026,82846780040.0,8637921250.0,8319746740.0,,-86.37263,전기제품,196800.0,27750.0,0.0885527658,10395000,001820,719586.0,1038380.15,0.6929889790362421,147403803925.0,57.03048180924286,184.67023172905525,1.1679190901328382,4.572862439609003,10.426381382389813,23.026,-19.308943089430898,https://finance.naver.com/item/main.naver?code=001820
후성,KOSPI,15130.0,1622773142900,325.8,5.22,50.0,3118.0,1.10709,188221516550.0,23399254120.0,24958712300.0,,-33.60183,화학,23550.0,5930.0,0.1016048713,107255330,093370,2933059.0,4234537.4,0.6926515751165641,61640798657.75,42.178770949720665,107.19131614654,2.1805770330426175,1.603592046183451,12.431763673407719,110.70899999999999,-35.75371549893843,https://finance.naver.com/item/main.naver?code=093370
HD현대에너지솔루션,KOSPI,146200.0,1637440000000,40.58,4.05,3721.0,37302.0,0.36392,165037257500.0,36114687940.0,30744622940.0,,-44.49442,에너지장비및서비스,256000.0,44200.0,0.0814774107,11200000,322000,221581.0,270540.9,0.8190295811095475,35367457427.5,38.04554079696394,18.100649350649345,1.4229604470155897,9.975336443086162,21.882748469690245,36.392,-42.89062500000001,https://finance.naver.com/item/main.naver?code=322000
다우기술,KOSPI,37650.0,1629767296800,3.28,0.48,11707.0,79869.0,12.12393,16184969595240.0,817754206190.0,678203792310.0,,7.94241,증권,62300.0,32300.0,0.2745792809,43287312,023590,47214.0,42585.85,1.1086781172619544,1677511831.25,4.722222222222228,-21.94616977225673,1.2065040383131955,14.657752069013007,5.0525532431676705,1212.393,-39.56661316211878,https://finance.naver.com/item/main.naver?code=023590
삼현,KOSDAQ,50300.0,1594890620100,168.73,12.43,307.0,4168.0,0.63933,20996133950.0,-5388519000.0,-7017751230.0,,9.77399,자동차부품,76900.0,21650.0,0.0125435988,31707567,437730,339878.0,543854.65,0.6249427121750268,26616938581.25,67.54966887417217,1.6064257028112428,0.8993377182671877,7.365642994241843,-25.66433902942403,63.93299999999999,-34.59037711313394,https://finance.naver.com/item/main.naver?code=437730
CJ대한통운,KOSPI,70500.0,1608270252000,6.16,0.34,11347.0,207860.0,1.42205,3379978742010.0,101566441440.0,36766682560.0,,8.43618,항공화물운송과물류,154000.0,69200.0,0.1515535186,22812344,000120,38045.0,40583.55,0.9374487939078764,2889571550.0,-5.383580080753703,-35.02772643253235,1.1890532001266523,5.458962763398442,3.0049432020865505,142.205,-54.220779220779214,https://finance.naver.com/item/main.naver?code=000120
네이처셀,KOSDAQ,24650.0,1588324130400,-562.5,25.31,-44.0,978.0,0.40692,6195914450.0,-701540410.0,-637062630.0,,-66.93263,생물공학,36950.0,16550.0,0.074539316,64435056,007390,101882.0,167897.0,0.6068125100508049,4166485602.5,13.563218390804588,35.120350109409195,1.3429007069810657,-4.4989775051124745,-11.322629059218208,40.692,-33.28822733423545,https://finance.naver.com/item/main.naver?code=007390
세아베스틸지주,KOSPI,43950.0,1576140130050,30.15,0.87,1567.0,54192.0,1.1523,1135709521550.0,59839774820.0,35167437390.0,,42.40289,철강,92500.0,23050.0,0.0585870567,35862119,001430,142697.0,135973.95,1.0494436618190468,5994203661.25,46.43449419568824,-36.47482014388489,1.459529564302574,2.8915707115441394,5.268933092885542,115.23,-52.486486486486484,https://finance.naver.com/item/main.naver?code=001430
엘앤씨바이오,KOSDAQ,57400.0,1548061009600,-9.31,6.66,-5628.0,7872.0,0.42435,38785377750.0,8579727950.0,-28122597850.0,,-35.39576,건강관리장비와용품,121064.815,40823.056,0.2309847746,26969704,290650,398969.0,170872.75,2.334889559628437,8516968900.0,-22.985468956406873,-20.572207084468662,2.334889559628437,-71.4939024390244,22.121037482998346,42.435,-52.58738056965602,https://finance.naver.com/item/main.naver?code=290650
RFHIC,KOSDAQ,58200.0,1546690724400,55.17,4.67,1131.0,13376.0,0.33585,51501149690.0,11186415360.0,12062643210.0,,-391.40909,통신장비,126900.0,25600.0,0.1868705326,26575442,218410,403778.0,574510.25,0.7028212290381242,31715944958.75,19.23076923076923,-28.519417475728158,1.3008662595663,8.455442583732058,21.72070997896979,33.585,-54.1371158392435,https://finance.naver.com/item/main.naver?code=218410
동원산업,KOSPI,34950.0,1542721624050,4.01,0.44,8793.0,79927.0,0.99631,2571953804710.0,151458058090.0,104623125670.0,,31.73003,식품,51500.0,29850.0,0.0472457251,44140819,006040,17971.0,29480.2,0.6095955929742675,1078598013.75,0.14245014245013454,-12.124999999999996,0.9525376354298817,11.001288675916774,5.8888327547966055,99.631,-32.13592233009709,https://finance.naver.com/item/main.naver?code=006040
호텔신라,KOSPI,39350.0,1544413561350,-8.53,1.33,-4566.0,29223.0,2.07043,971829934660.0,61141705060.0,21449047790.0,,32.7479,백화점과일반상점,70300.0,38700.0,0.1835664948,39248121,008770,149527.0,160880.3,0.9294301415400146,6548367290.0,-23.49514563106796,-16.965226554267655,1.818196510076125,-15.624679191048147,6.291399645082013,207.043,-44.02560455192034,https://finance.naver.com/item/main.naver?code=008770
HD현대마린엔진,KOSPI,44800.0,1519682976000,9.68,3.27,4867.0,14413.0,0.89106,128119406960.0,31285526010.0,31873394370.0,,19.27479,조선,118200.0,44700.0,0.1224827797,33921495,071970,218723.0,165641.0,1.320464136294758,8316431352.5,-19.49910554561717,-41.329856584093875,1.320464136294758,33.76812599736349,24.419037484124175,89.106,-62.098138747884946,https://finance.naver.com/item/main.naver?code=071970
코스모신소재,KOSPI,46000.0,1527870266000,-2984.38,3.12,-16.0,15288.0,0.58299,137684386640.0,4653102070.0,1236335260.0,,-33.60183,화학,66400.0,26600.0,0.0603149142,33214571,005070,122841.0,133042.05,0.9233246180436938,5717737390.0,29.97198879551821,-10.251450676982587,2.397490116846516,-0.10465724751439037,3.379542287657025,58.299,-30.722891566265066,https://finance.naver.com/item/main.naver?code=005070
녹십자,KOSPI,130400.0,1523924555200,-310.98,1.2,-410.0,106673.0,1.12439,421179665230.0,1729683180.0,1050149570.0,,47.93196,제약,183800.0,105900.0,0.2395126769,11686538,006280,24546.0,20891.65,1.1749191662697775,2613455915.0,7.67326732673268,-13.576158940397354,1.5691436530862808,-0.3843521790893666,0.41067585232431525,112.439,-29.053318824809573,https://finance.naver.com/item/main.naver?code=006280
SK아이이테크놀로지,KOSPI,18090.0,1479528639000,-6.49,0.57,-2800.0,31808.0,1.51834,39526333000.0,-63448326000.0,-1327762742000.0,,-86.37263,전기제품,35100.0,11840.0,0.0665236572,81787100,361610,451633.0,558779.8,0.8082486160022248,9498754392.25,26.944444444444436,-15.565819861431873,1.1359107827448307,-8.80281690140845,-160.52166033211327,151.834,-48.46153846153847,https://finance.naver.com/item/main.naver?code=361610
오스코텍,KOSDAQ,39550.0,1513110860800,28.62,8.26,1368.0,4739.0,0.19215,52648538750.0,38672297970.0,40754788820.0,,47.93196,제약,66000.0,27300.0,0.1243274902,38258176,039200,143992.0,104992.55,1.3714496885731415,3796197486.25,25.236593059936908,-26.887661141804784,1.6732330055799196,28.86684954631779,73.453696699227,19.215,-40.07575757575758,https://finance.naver.com/item/main.naver?code=039200
코오롱티슈진,KOSDAQ,16820.0,1429198091200,,,,,1.51415,819268000.0,-7121222000.0,49649171000.0,,-66.93263,생물공학,149000.0,11470.0,0.0422535511,84970160,950160,551719.0,612582.15,0.9006449175837069,10063713364.75,-80.67816091954023,-86.76377952755905,1.6129738680763062,,-869.2176430667375,151.41500000000002,-88.71140939597315,https://finance.naver.com/item/main.naver?code=950160
제이앤티씨,KOSDAQ,25650.0,1483813152900,-14.31,5.3,-1604.0,4333.0,1.74879,38831737880.0,-25005727650.0,-24671954450.0,,108.08375,핸드셋,30100.0,11140.0,0.028157687,57848466,204270,4015193.0,1064864.7,3.7706132995111963,24346540613.5,75.2717391304348,52.03299941072481,3.7706132995111963,-37.01823217170552,-64.39507736499998,174.87900000000002,-14.784053156146182,https://finance.naver.com/item/main.naver?code=204270
IPARK현대산업개발,KOSPI,22000.0,1449961260000,8.82,0.43,2476.0,50647.0,1.28476,914639719530.0,122718510000.0,83711676990.0,,35.6787,건설,25350.0,16900.0,0.1757518322,65907330,294870,70917.0,137527.6,0.5156564936783599,3246019586.25,23.055555555555564,-0.44943820224718767,0.9295297816583725,4.8887397081762,13.417142004620198,128.476,-13.214990138067062,https://finance.naver.com/item/main.naver?code=294870
와이씨,KOSDAQ,16890.0,1385745961500,75.86,4.04,239.0,4490.0,0.26807,104991544810.0,15052094720.0,17852715000.0,,32.96274,반도체와반도체장비,24150.0,6820.0,0.0619036667,82045350,232140,2198130.0,2616659.15,0.8400520946719408,36734168637.5,69.19291338582678,-8.271077908217716,1.61060908525285,5.32293986636971,14.336482758911032,26.807,-30.06211180124223,https://finance.naver.com/item/main.naver?code=232140
현대위아,KOSPI,52000.0,1414144316000,14.48,0.4,3716.0,135750.0,0.73505,2353743000000.0,50386000000.0,50579000000.0,,9.77399,자동차부품,112600.0,46950.0,0.192059719,27195083,011210,56856.0,53818.9,1.0564318482912136,2967575120.0,-14.191419141914196,-36.352509179926564,1.136217945740251,2.7373848987108653,2.1406755113026357,73.505,-53.818827708703374,https://finance.naver.com/item/main.naver?code=011210
인제니아테라퓨틱스(Reg.S),KOSDAQ,27550.0,1362198922850,,,,,0.66886,7419250000.0,530611000.0,691450000.0,,-66.93263,생물공학,29950.0,9900.0,0.011902653,49444607,950260,374693.0,2127202.05,0.17614358730051055,42552793779.5,55.086158977209564,55.086158977209564,0.7208572406180223,,7.151814536509756,66.886,-8.013355592654426,https://finance.naver.com/item/main.naver?code=950260
스피어,KOSDAQ,25350.0,1306827026700,5360.0,18.06,5.0,1484.0,2.58283,77061765160.0,1665260910.0,-24290420230.0,,41.29186,우주항공과국방,57300.0,7050.0,0.0796409026,51551362,347700,2515887.0,1274998.45,1.9732471047317746,29375124494.75,39.733333333333334,-48.52652259332023,2.678844040947658,0.3369272237196766,2.1609431169173074,258.283,-55.75916230366492,https://finance.naver.com/item/main.naver?code=347700
HDC,KOSPI,22650.0,1353149980650,3.81,0.39,6057.0,59006.0,1.20503,1519714183590.0,228381795440.0,256782004990.0,,35.6787,건설,30650.0,15850.0,0.2506539776,59741721,012630,45625.0,101882.85,0.44781825400447667,2664701535.0,9.443099273607757,-20.840630472854638,1.1773129628784431,10.265057790733145,15.027943932226574,120.503,-26.101141924959215,https://finance.naver.com/item/main.naver?code=012630
HJ중공업,KOSPI,14850.0,1340885858400,27.09,2.08,570.0,7416.0,2.51213,729908000000.0,64853000000.0,62543000000.0,,35.6787,건설,33800.0,12910.0,0.0591309891,90295344,097230,184693.0,229937.2,0.8032323608359152,3541684918.75,-12.011834319526626,-39.42973523421589,0.959666378472035,7.686084142394822,8.885092367805257,251.213,-56.06508875739644,https://finance.naver.com/item/main.naver?code=097230
대웅제약,KOSPI,110300.0,1277999222500,6.42,1.25,17022.0,87439.0,1.12976,448464138490.0,68068583250.0,19916270470.0,,47.93196,제약,199400.0,104900.0,0.1457671486,11586575,069620,9755.0,15529.9,0.6281431303485534,1718770320.0,-18.16160118606375,-33.89221556886227,1.3680062331373672,19.46728576493327,15.17815526547789,112.97600000000001,-44.68405215646941,https://finance.naver.com/item/main.naver?code=069620
SK네트웍스,KOSPI,6330.0,1269759317370,25.49,0.63,257.0,10430.0,1.47889,1444497000000.0,24791000000.0,49655000000.0,,30.72731,복합기업,16240.0,4275.0,0.1725938321,200593889,001740,543140.0,665981.3,0.8155484245578667,4206181777.75,-25.14688601645123,18.843283582089555,1.3536025711232431,2.464046021093001,1.7162375553566398,147.889,-61.02216748768473,https://finance.naver.com/item/main.naver?code=001740
KB발해인프라,KOSPI,9970.0,1221779113560,0.0,0.0,0.0,0.0,,,,,,6.899,운송인프라,11380.0,9070.0,0.0334218425,122545548,415640,76133.0,250056.3,0.3044634348344753,2599999182.0,-6.517690875232773,0.8032128514056325,0.4155624153440645,,,,-12.390158172231992,https://finance.naver.com/item/main.naver?code=415640
오뚜기,KOSPI,313500.0,1256454705000,15.56,0.52,20279.0,603102.0,0.69831,943801725700.0,45258374730.0,33205179090.0,,31.73003,식품,414000.0,290500.0,0.1110725754,4007830,007310,2383.0,2946.3,0.8088110511488986,951963125.0,-0.7874015748031482,-12.378303198887341,0.8831415673896073,3.3624494695756275,4.7953265498039555,69.831,-24.27536231884058,https://finance.naver.com/item/main.naver?code=007310
SK디스커버리,KOSPI,71600.0,1246824571600,9.52,0.42,6961.0,158509.0,1.35009,3055582491150.0,-30354711970.0,-58554917200.0,,-145.04827,석유와가스,72500.0,42750.0,0.1395620622,17413751,006120,120852.0,27351.1,4.418542581468388,1658677345.0,44.37751004016064,32.902033271719034,4.418542581468388,4.391548744866222,-0.993418179935168,135.00900000000001,-1.2413793103448256,https://finance.naver.com/item/main.naver?code=006120
효성티앤씨,KOSPI,280500.0,1213914801000,115.02,0.79,2517.0,364612.0,1.88178,2416150883810.0,188761842590.0,123915819310.0,,16.98985,무역회사와판매업체,557000.0,199000.0,0.2117112579,4327682,298020,13476.0,15051.2,0.8953438928457531,4622002775.0,5.597014925373145,-29.51432129514321,2.567768682895716,0.6903228637565412,7.8125022677533975,188.178,-49.640933572710956,https://finance.naver.com/item/main.naver?code=298020
하나머티리얼즈,KOSDAQ,61000.0,1206438114000,32.76,2.7,1984.0,24038.0,0.40674,90087346640.0,26015940780.0,19753577010.0,,32.96274,반도체와반도체장비,87900.0,36200.0,0.2395850493,19777674,166090,111754.0,159843.1,0.6991481021076292,8810550183.75,28.066528066528072,-2.8391167192429068,1.0073816135948315,8.253598469090607,28.878573684673903,40.674,-30.60295790671217,https://finance.naver.com/item/main.naver?code=166090
더블유게임즈,KOSPI,56900.0,1204770329200,8.53,0.92,6651.0,61507.0,0.10546,210628862680.0,70071579600.0,65033071470.0,,17.53512,게임엔터테인먼트,76500.0,47000.0,0.2142192767,21173468,192080,56162.0,42383.75,1.3250833161294129,2438468835.0,-11.162790697674419,13.465346534653456,1.3250833161294129,10.813403352463947,33.26779564226055,10.546,-25.620915032679736,https://finance.naver.com/item/main.naver?code=192080
티엘비,KOSDAQ,49800.0,1180322748000,53.96,8.15,934.0,6185.0,0.90367,88243337680.0,12772973580.0,10758976870.0,,32.96274,반도체와반도체장비,67608.254,19600.0,0.0646470272,23701260,356860,649010.0,629949.4,1.0302573508284951,26326965963.75,-20.66246056782335,-31.190150478796173,1.054891075378435,15.101050929668553,14.474717203375844,90.36699999999999,-26.340354833006042,https://finance.naver.com/item/main.naver?code=356860
대신증권,KOSPI,25000.0,1191653150000,10.46,0.47,2413.0,53208.0,8.34681,2550413757000.0,359932819000.0,257807571000.0,,7.94241,증권,51400.0,22750.0,0.0934883821,47666126,003540,28364.0,54419.7,0.5212083124309763,1439228763.75,-9.420289855072461,-33.949801849405546,1.1764122183694508,4.53503232596602,14.1127226126392,834.6809999999999,-51.36186770428015,https://finance.naver.com/item/main.naver?code=003540
한일시멘트,KOSPI,16090.0,1183342412810,15.08,0.63,1061.0,25406.0,0.62143,370950768340.0,61562117840.0,48363667340.0,,7.35428,건축자재,20750.0,12710.0,0.0446555669,73545209,300720,35342.0,48348.25,0.7309881950225706,791756958.5,11.817553559087756,-2.1173623714458523,1.179587678974937,4.176178855388491,16.595765016336184,62.143,-22.457831325301203,https://finance.naver.com/item/main.naver?code=300720
샘씨엔에스,KOSDAQ,18750.0,1129085418750,74.58,6.88,264.0,2862.0,0.40181,31265241800.0,9529353440.0,11265118030.0,,32.96274,반도체와반도체장비,20750.0,6140.0,0.1013515436,60217889,252990,748378.0,801239.9,0.9340248781919123,13470356520.5,75.41436464088397,102.87539936102235,0.9694200201462757,9.224318658280922,30.479065221878436,40.181,-9.638554216867467,https://finance.naver.com/item/main.naver?code=252990
디아이,KOSPI,40750.0,1153225000000,216.58,6.75,196.0,6287.0,0.93874,168631873360.0,39589999870.0,31839433080.0,,32.96274,반도체와반도체장비,43900.0,15550.0,0.1935692226,28300000,003160,533914.0,670474.35,0.7963227825195699,24080825748.75,95.52941176470588,20.434782608695645,3.719368235339652,3.1175441386989027,23.477174914307078,93.874,-7.175398633257402,https://finance.naver.com/item/main.naver?code=003160
롯데웰푸드,KOSPI,122300.0,1125719400200,14.64,0.48,8176.0,247808.0,0.99536,1155747701060.0,64708988700.0,36082295690.0,,31.73003,식품,155000.0,90000.0,0.1398253738,9204574,280360,10228.0,18162.25,0.5631460859750306,2426466750.0,16.193181818181813,5.59380378657488,0.8182356260925822,3.2993285123966944,5.5988853484762995,99.536,-21.096774193548384,https://finance.naver.com/item/main.naver?code=280360
교보증권,KOSPI,9780.0,1114557758580,7.84,0.53,1266.0,18773.0,8.66776,2714652037000.0,115971660000.0,90110538000.0,,7.94241,증권,18220.0,8120.0,0.0097716222,113962961,030610,34838.0,34312.25,1.0153225160110457,349148442.75,1.0309278350515427,-24.846625766871167,1.0153225160110457,6.7437276940286575,4.272063543295291,866.776,-46.322722283205266,https://finance.naver.com/item/main.naver?code=030610
LS머트리얼즈,KOSDAQ,15350.0,1038468315650,2630.0,5.77,6.0,2736.0,0.47748,51297766950.0,532787050.0,-286651690.0,,-86.37263,전기제품,32725.0,8700.0,0.0652265272,67652659,417200,1115904.0,1341487.35,0.8318408667811887,18091650083.5,29.675810473815467,-18.410041841004187,2.8200213740368105,0.21929824561403508,1.0386164577481671,47.748000000000005,-53.09396485867074,https://finance.naver.com/item/main.naver?code=417200
롯데정밀화학,KOSPI,42600.0,1099080000000,10.28,0.45,4165.0,95632.0,0.11084,586274822120.0,61908017610.0,94165203670.0,,-33.60183,화학,71800.0,41350.0,0.234001938,25800000,004000,33900.0,47878.3,0.7080451895744001,2140572063.75,-1.4994232987312617,-17.567567567567565,0.870979128331624,4.355236740839887,10.559555906927304,11.084,-40.66852367688022,https://finance.naver.com/item/main.naver?code=004000
해성디에스,KOSPI,64200.0,1091400000000,47.61,2.01,1401.0,33198.0,0.60685,211085611180.0,24866714290.0,19079524110.0,,32.96274,반도체와반도체장비,108500.0,36450.0,0.2003461176,17000000,195870,254117.0,160422.6,1.5840473848447787,9202523370.0,31.504065040650396,19.372693726937264,1.5840473848447787,4.220133742996566,11.780392870452593,60.685,-40.8294930875576,https://finance.naver.com/item/main.naver?code=195870
하이젠알앤엠,KOSDAQ,33700.0,1040925600000,-136.06,9.34,-251.0,3657.0,0.50818,20799513680.0,-1464487810.0,-888725670.0,,178.59148,기계,91200.0,11000.0,0.0041505763,30888000,160190,245525.0,434224.8,0.5654329278290876,11149427782.25,102.39520958083834,-10.582010582010582,2.1551532754462666,-6.8635493573967725,-7.040971402173668,50.818,-63.04824561403508,https://finance.naver.com/item/main.naver?code=160190
하이트진로,KOSPI,14770.0,1035873434470,24.82,0.92,596.0,16066.0,1.72646,618592498750.0,64937902200.0,40549320740.0,,16.42155,음료,19300.0,13830.0,0.0758698565,70133611,000080,58221.0,70119.1,0.8303158483209282,1057972426.75,-1.9141914191419196,-11.177525403466825,1.7806417937480656,3.709697497821486,10.497686656598825,172.64600000000002,-23.471502590673577,https://finance.naver.com/item/main.naver?code=000080
제이에스링크,KOSDAQ,27900.0,1040473500300,-49.83,13.95,-601.0,2147.0,0.81346,6311115440.0,-4163592330.0,8012904070.0,,-38.0877,생명과학도구및서비스,49900.0,13860.0,0.0367033378,37292957,127120,165304.0,203492.6,0.8123342077304039,6526861753.75,-23.6986301369863,-26.420079260237785,0.8123342077304039,-27.992547741034002,-65.97236842810786,81.34599999999999,-44.08817635270541,https://finance.naver.com/item/main.naver?code=127120
GST,KOSDAQ,55300.0,1019179000000,22.11,3.33,2533.0,16838.0,0.2973,99243908460.0,15459264220.0,12190073400.0,,32.96274,반도체와반도체장비,70800.0,22800.0,0.2254433532,18430000,083450,137553.0,134044.65,1.0261729953414778,6596556651.25,32.86052009456264,107.76340110905731,2.419783258787277,15.043354317614918,15.577040908491444,29.73,-21.89265536723164,https://finance.naver.com/item/main.naver?code=083450
한국카본,KOSPI,20300.0,1049032665800,10.03,1.78,2043.0,11519.0,0.68861,243377663940.0,50399828670.0,36561668930.0,,19.27479,조선,54100.0,18530.0,0.128459141,51676486,017960,128095.0,148978.35,0.8598229205787283,3169833821.0,-15.625,-50.0,1.0625302267074377,17.73591457591805,20.70848567369974,68.861,-62.47689463955638,https://finance.naver.com/item/main.naver?code=017960
DL,KOSPI,48750.0,1021599345000,-12.7,0.28,-3895.0,177828.0,1.44393,1667870966620.0,256506513550.0,152719006560.0,,-33.60183,화학,77700.0,33900.0,0.2085346054,20955884,000210,35849.0,51770.65,0.6924579853642943,2756255382.5,11.173814898419865,-21.325878594249204,0.9730609911214172,-2.1903187349573745,15.37927805469386,144.393,-37.25868725868726,https://finance.naver.com/item/main.naver?code=000210
태광산업,KOSPI,919000.0,1023214600000,9.53,0.2,96033.0,4669556.0,0.13422,557672402730.0,-1081792480.0,58666537920.0,,-33.60183,화학,1634000.0,708000.0,0.0348374349,1113400,003240,1130.0,962.35,1.1742089676313192,870933075.0,11.191335740072205,-21.495327102803742,1.625188341040162,2.05657668523517,-0.19398350621337013,13.422,-43.75764993880049,https://finance.naver.com/item/main.naver?code=003240
큐리옥스바이오시스템즈,KOSDAQ,58500.0,1007644891500,-37.39,19.94,-1645.0,3084.0,0.08874,1175624880.0,-4457198940.0,-4840960880.0,,-38.0877,생명과학도구및서비스,149200.0,31650.0,0.0679773272,17224699,445680,64904.0,67836.5,0.9567710598276739,3472426616.25,50.828025477707016,-47.70318021201413,1.7915723835988,-53.33981841763943,-379.13445145869997,8.874,-60.79088471849866,https://finance.naver.com/item/main.naver?code=445680
NICE평가정보,KOSPI,16660.0,970757225060,12.26,2.04,1317.0,7931.0,0.32195,163184691900.0,32869855410.0,25834210650.0,,15.86565,상업서비스와공급품,18500.0,13010.0,0.3256960366,58268741,030190,81110.0,64002.15,1.2673011766010984,1028535581.5,20.014245014245024,-0.17772511848340722,1.4282957681890374,16.605724372714665,20.142732156606165,32.195,-9.945945945945944,https://finance.naver.com/item/main.naver?code=030190
씨어스,KOSDAQ,25750.0,987393071500,63.35,25.96,427.0,1042.0,0.25646,28375516330.0,12949759750.0,12939614540.0,,-61.00908,건강관리기술,64235.101,19820.0,0.0424841993,38345362,458870,93588.0,182689.6,0.5122787504050587,4565128186.25,-23.076923076923073,-53.48837209302326,1.239632688450793,40.978886756238005,45.637089381555576,25.646,-59.9128831446844,https://finance.naver.com/item/main.naver?code=458870
삼아알미늄,KOSPI,65800.0,995123339000,-41.08,4.69,-1692.0,14814.0,1.39911,96924845540.0,1744641020.0,261235530.0,,28.21512,비철금속,104600.0,19000.0,0.3887488011,15123455,006110,172058.0,155871.4,1.1038458626791061,9762724925.0,94.97784342688331,128.7694974003466,2.474366689463237,-11.421628189550425,1.7999936035802115,139.911,-37.09369024856597,https://finance.naver.com/item/main.naver?code=006110
SNT다이내믹스,KOSPI,30250.0,1005894084250,11.44,0.84,2696.0,36682.0,0.31815,196312938240.0,17187511330.0,13114150090.0,,9.77399,자동차부품,71000.0,25900.0,0.1228204136,33252697,003570,56889.0,98573.4,0.5771232401438928,3014094392.5,-8.395802098950522,-38.53118712273642,2.1464918527716406,7.349653781146066,8.755159738370182,31.814999999999998,-57.3943661971831,https://finance.naver.com/item/main.naver?code=003570
대원전선,KOSPI,12900.0,1011545966400,118.5,8.77,113.0,1527.0,1.52177,278067660460.0,3727364420.0,3514215600.0,,57.41321,전기장비,20300.0,3020.0,0.0317829313,78414416,006340,2177658.0,2306722.25,0.9440486387123548,31323451931.0,30.544354838709676,145.73055028463,0.9440486387123548,7.400130975769483,1.3404523251045877,152.17700000000002,-36.45320197044335,https://finance.naver.com/item/main.naver?code=006340
필옵틱스,KOSDAQ,40600.0,951755228200,-56.86,8.42,-736.0,4970.0,1.21,8196676120.0,-15176871030.0,-3368230280.0,,307.43097,전자장비와기기,64900.0,19380.0,0.0217461236,23442247,161580,315843.0,514915.8,0.61338766454632,18350100383.75,46.57293497363797,5.569620253164564,1.1546781046532268,-14.808853118712273,-185.15884741338297,121.0,-37.442218798151,https://finance.naver.com/item/main.naver?code=161580
리브스메드,KOSDAQ,37750.0,953386480250,-37.28,5.24,-1030.0,7328.0,0.14613,12507068190.0,-12189597350.0,-11028339070.0,,-35.39576,건강관리장비와용품,95900.0,27100.0,0.0318693472,25255271,491000,149524.0,202175.3,0.7395760016183975,6602638240.0,10.869565217391308,-49.20318725099602,3.072036989681727,-14.055676855895197,-97.46166859269358,14.613000000000001,-60.636079249217936,https://finance.naver.com/item/main.naver?code=491000
RF머트리얼즈,KOSDAQ,52400.0,942540179200,136.32,18.72,424.0,3087.0,0.33402,25059802340.0,5290262130.0,5234561980.0,,41.29186,우주항공과국방,63420.571,7413.081,0.089761293,17987408,327260,812862.0,1111357.4,0.731413674844834,51040143395.0,24.47552447552448,-21.47058823529412,1.7519728576963631,13.735017816650469,21.11055010819371,33.402,-17.376965905904573,https://finance.naver.com/item/main.naver?code=327260
한샘,KOSPI,40250.0,947240602000,14.26,1.66,2808.0,24081.0,1.41573,417232957620.0,11284642520.0,4769177800.0,,27.78149,가구,54800.0,28300.0,0.1254772684,23533928,009240,23598.0,24761.15,0.9530252027874311,971556657.5,18.075801749271147,-5.594405594405593,1.128461319445987,11.660645322038121,2.7046383354686054,141.57299999999998,-26.551094890510953,https://finance.naver.com/item/main.naver?code=009240
한화투자증권,KOSPI,4440.0,952592121000,9.85,0.49,467.0,9484.0,8.55567,3234649000000.0,55604000000.0,27026000000.0,,7.94241,증권,10300.0,3515.0,0.0620631279,214547775,003530,812513.0,1340882.1,0.6059540954420973,6495698605.4,-0.7803790412486022,-38.108484005563284,0.93628589717172,4.924082665541966,1.7190118618743488,855.5669999999999,-56.89320388349515,https://finance.naver.com/item/main.naver?code=003530
종근당,KOSPI,65800.0,908222924000,11.17,0.86,5882.0,76180.0,0.83259,478465317190.0,18611682320.0,20423787600.0,,47.93196,제약,98100.0,63000.0,0.1548548191,13802780,185750,13640.0,16085.0,0.8479950264221324,1054670362.5,-4.885057471264364,-27.808069792802613,1.2460677649984457,7.721186663166185,3.889870728625717,83.259,-32.92558613659531,https://finance.naver.com/item/main.naver?code=185750
지역난방공사,KOSPI,78800.0,912405027200,2.8,0.4,28102.0,198762.0,2.19079,653113000000.0,33094000000.0,10408000000.0,,2.69237,복합유틸리티,116700.0,60400.0,0.0271756591,11578744,071320,7988.0,12155.45,0.657153786984439,936963260.0,17.210682492581597,-0.5037783375314908,1.464281453998001,14.138517422847425,5.06711702262855,219.07899999999998,-32.4764353041988,https://finance.naver.com/item/main.naver?code=071320
대웅,KOSPI,15480.0,900037850400,3.59,0.54,4280.0,28372.0,0.85232,570821463430.0,76642287620.0,36337460580.0,,47.93196,제약,30600.0,15040.0,0.0493326165,58141980,003090,72597.0,63241.3,1.1479365541189064,1009646083.0,-11.896745230078565,-36.82092555331992,1.6106563274315993,15.085295361624137,13.426665346370365,85.232,-49.411764705882355,https://finance.naver.com/item/main.naver?code=003090
큐리언트,KOSDAQ,23800.0,893312793800,-28.41,27.65,-880.0,904.0,1.08969,1909021080.0,-12844947440.0,-13237234110.0,,47.93196,제약,62900.0,14330.0,0.034232931,37534151,115180,70475.0,141444.6,0.49825161229202103,3216704478.5,28.929142248268526,-40.24691358024691,1.5099834140009587,-97.34513274336283,-672.855191310931,108.96900000000001,-62.16216216216216,https://finance.naver.com/item/main.naver?code=115180
파라다이스,KOSPI,9940.0,920736057080,8.66,0.48,1087.0,19694.0,0.8746,318088896490.0,35550352990.0,21023431100.0,,14.63454,"호텔,레스토랑,레저",21850.0,9060.0,0.072532439,92629382,034230,687916.0,251680.1,2.7332951631853293,2446925143.75,-24.071207430340557,-44.98037016264722,2.7332951631853293,5.519447547476389,11.176231984921744,87.46000000000001,-54.508009153318085,https://finance.naver.com/item/main.naver?code=034230
에이치브이엠,KOSDAQ,70000.0,878338020000,72.36,10.13,1060.0,7571.0,1.09639,29152193590.0,2011205120.0,-8998967850.0,,28.21512,비철금속,144000.0,21950.0,0.0261704827,12547686,295310,207714.0,178008.15,1.1668791569374772,10486367832.5,56.69205658324265,-24.369747899159666,1.5156328516419053,14.000792497688549,6.89898382360461,109.639,-51.388888888888886,https://finance.naver.com/item/main.naver?code=295310
경동나비엔,KOSPI,61700.0,898882126400,9.83,1.14,6206.0,53311.0,0.86668,388199645860.0,84261176700.0,68456389090.0,,12.06213,가정용기기와용품,80100.0,53000.0,0.0920314056,14568592,009450,21053.0,27940.7,0.7534886384378344,1689924280.0,-0.9630818619582704,-0.6441223832528209,0.8858761591513455,11.641124720976908,21.70562946118397,86.668,-22.971285892634207,https://finance.naver.com/item/main.naver?code=009450
롯데관광개발,KOSPI,11070.0,882560820060,30.62,2.33,356.0,4677.0,4.84441,203273425100.0,51929106410.0,14631454540.0,,14.63454,"호텔,레스토랑,레저",27700.0,10150.0,0.1989789134,79725458,032350,526786.0,271556.4,1.9398769463728343,3128340288.5,-27.13178294573644,-43.17380352644836,4.732011471650088,7.611716912550781,25.546431553683703,484.441,-60.03610108303249,https://finance.naver.com/item/main.naver?code=032350
신성델타테크,KOSDAQ,32400.0,890479915200,42.47,3.74,797.0,9059.0,1.86099,299159226420.0,13940746670.0,12717818550.0,,12.06213,가정용기기와용품,83000.0,22600.0,0.039119307,27483948,065350,61238.0,84421.4,0.7253847957982218,2635596407.5,17.753623188405786,-43.96551724137932,1.409689960128593,8.797880560768297,4.659975504291518,186.099,-60.963855421686745,https://finance.naver.com/item/main.naver?code=065350
미래에셋벤처투자,KOSDAQ,16770.0,890832093060,31.36,2.56,582.0,7122.0,1.77531,86096545310.0,22352587040.0,16370905610.0,,15.23109,창업투자,70700.0,7290.0,0.0400646431,53120578,100790,545321.0,551772.55,0.9883075915972985,9392655033.5,11.324503311258272,-48.35637480798771,1.6314548449356532,8.171861836562764,25.962234558328763,177.531,-76.28005657708627,https://finance.naver.com/item/main.naver?code=100790
SK케미칼,KOSPI,51000.0,882237066000,22.64,0.45,2306.0,116581.0,0.89056,745120400310.0,32349394490.0,6806283630.0,,-33.60183,화학,81800.0,35850.0,0.1045283808,17298766,285130,18000.0,47402.95,0.3797232028808334,2511146135.0,26.60098522167487,-6.545454545454543,0.5907016335481231,1.9780238632367195,4.341498968024679,89.056,-37.65281173594131,https://finance.naver.com/item/main.naver?code=285130
STX엔진,KOSPI,22100.0,887272192300,12.88,2.7,1793.0,8545.0,2.17317,212989808010.0,24960663730.0,22156309090.0,,19.27479,조선,67700.0,18830.0,0.0353668121,40148063,077970,114915.0,128627.75,0.8933919780140755,3016281662.5,-9.61145194274029,-34.02985074626865,0.9055899679501507,20.983031012287885,11.71918222905205,217.31699999999998,-67.3559822747415,https://finance.naver.com/item/main.naver?code=077970
롯데칠성,KOSPI,95400.0,885205533600,20.2,0.63,4697.0,151359.0,1.66726,1112889927260.0,55845209060.0,28202210050.0,,16.42155,음료,154800.0,93800.0,0.1588980959,9278884,005300,8417.0,11930.7,0.705490876478329,1145177022.5,-5.174129353233836,-19.16878710771841,1.1477951838534202,3.1032181766528586,5.018035269444317,166.726,-38.372093023255815,https://finance.naver.com/item/main.naver?code=005300
세방전지,KOSPI,62700.0,869022000000,6.07,0.53,10646.0,121686.0,0.43443,530187002750.0,35322669570.0,36266527870.0,,9.77399,자동차부품,77700.0,46900.0,0.2360481962,13860000,004490,33352.0,76147.25,0.43799349287072087,4778905180.0,18.75,3.6363636363636376,1.0395779230372733,8.74874677448515,6.6623039393245485,43.443,-19.3050193050193,https://finance.naver.com/item/main.naver?code=004490
안랩,KOSDAQ,76800.0,854515660800,15.58,2.14,5714.0,41556.0,0.37293,71308784760.0,5381783020.0,6412906570.0,,224.56969,소프트웨어,93100.0,50800.0,0.2794993325,11126506,053800,232879.0,108937.9,2.137722500617324,8079424165.0,44.42379182156133,25.525040387722143,5.989504111975722,13.750120319568776,7.5471529042503915,37.293,-17.508055853920514,https://finance.naver.com/item/main.naver?code=053800
씨엠티엑스,KOSDAQ,88900.0,858279538200,-24.99,4.86,-3737.0,19207.0,0.43555,47897115680.0,15575157710.0,10087479220.0,,32.96274,반도체와반도체장비,170300.0,56500.0,0.0612042876,9654438,388210,70518.0,60603.35,1.163599041967152,5080605502.5,29.608127721335276,-38.6254295532646,2.641619646438687,-19.456448169938042,32.51794495112696,43.555,-47.79800352319437,https://finance.naver.com/item/main.naver?code=388210
에스에이엠티,KOSDAQ,8570.0,856957724190,11.38,1.77,777.0,4983.0,1.78915,2580464421810.0,147642182850.0,105128279690.0,,307.43097,전자장비와기기,19950.0,3340.0,0.0795031119,99995067,031330,339174.0,349485.2,0.970496032450015,2891363729.75,-21.100917431192656,64.12213740458014,1.3808081143350275,15.59301625526791,5.72153530202289,178.915,-57.042606516290725,https://finance.naver.com/item/main.naver?code=031330
한화손해보험,KOSPI,7340.0,856863636100,3.89,0.42,1858.0,17378.0,5.27988,2086782024000.0,140773617000.0,121174130000.0,,8.69824,손해보험,10800.0,5050.0,0.144394138,116738915,000370,265346.0,606135.05,0.43776712796925366,4896585004.0,27.209705372616977,8.419497784342678,1.188817574565272,10.691679134537921,6.745966535122884,527.988,-32.03703703703704,https://finance.naver.com/item/main.naver?code=000370
지엔씨에너지,KOSDAQ,51000.0,838894359000,20.74,3.93,2565.0,13535.0,0.65809,66495947820.0,10160166380.0,14089767580.0,,57.41321,전기장비,59000.0,18350.0,0.0931252644,16448909,119850,375778.0,649939.7,0.57817363672353,33154118680.0,96.57794676806084,55.72289156626506,0.8432613056257373,18.950868119689694,15.2793767336062,65.809,-13.559322033898303,https://finance.naver.com/item/main.naver?code=119850
피노,KOSDAQ,9800.0,842926939400,-76.44,7.13,-135.0,1447.0,0.18342,104407384320.0,2323925300.0,-1740380860.0,,-86.37263,전기제품,19150.0,3445.0,0.3741292896,86012953,033790,1393400.0,2317614.3,0.6012216959482862,19986747118.5,82.28782287822878,36.275862068965516,1.385039779915062,-9.32964754664824,2.225824653242304,18.342,-48.825065274151434,https://finance.naver.com/item/main.naver?code=033790
케이엠더블유,KOSDAQ,20050.0,845943605050,-31.05,6.51,-673.0,3211.0,0.62953,24322069200.0,-6264120700.0,-14945111640.0,,-391.40909,통신장비,40000.0,11860.0,0.0539174043,42191701,032500,174954.0,269607.45,0.6489212371542403,4898081617.25,32.36267372600927,-32.08828522920204,1.969289053399674,-20.959202740579258,-25.754883963573295,62.953,-49.875,https://finance.naver.com/item/main.naver?code=032500
솔루엠,KOSPI,17560.0,839653104160,59.79,1.68,281.0,9997.0,1.51509,491846718660.0,21825989790.0,5393351980.0,,307.43097,전자장비와기기,24350.0,11520.0,0.1973441824,47816236,248070,908891.0,189605.0,4.793602489385829,2803512451.5,17.591973244147162,3.3509700176366897,6.4646923868041455,2.810843252975893,4.437559296819809,151.50900000000001,-27.885010266940448,https://finance.naver.com/item/main.naver?code=248070
레이크머티리얼즈,KOSDAQ,12630.0,830176821240,111.71,6.38,117.0,2049.0,1.65619,37205660670.0,6079887510.0,2630386340.0,,-33.60183,화학,28700.0,9200.0,0.0849898133,65730548,281740,380915.0,385588.2,0.9878803345123113,4422486708.0,4.7107438016528835,-38.19512195121951,2.5271183091183804,5.710102489019034,16.34129699758937,165.619,-55.99303135888501,https://finance.naver.com/item/main.naver?code=281740
루닛,KOSDAQ,11160.0,830953288800,-14.59,5.05,-762.0,2202.0,0.64416,21813709920.0,-15368887350.0,-23557162140.0,,-61.00908,건강관리기술,24550.0,8180.0,0.0849747469,74458180,328130,517682.0,829980.15,0.6237281698845448,8674558111.25,4.490177736202061,-67.71676300578035,1.3220051106041513,-34.60490463215259,-70.45517432093918,64.416,-54.54175152749491,https://finance.naver.com/item/main.naver?code=328130
CJ CGV,KOSPI,5030.0,832881468910,-5.09,1.43,-964.0,3444.0,4.12308,593957859690.0,11469683500.0,22608767780.0,,966.7929,방송과엔터테인먼트,6660.0,4150.0,0.052397297,165582797,079160,182275.0,335609.15,0.543116896544686,1780722963.65,9.825327510917026,5.561385099685201,1.2623970472795512,-27.990708478513355,1.9310601438940949,412.308,-24.474474474474473,https://finance.naver.com/item/main.naver?code=079160
원익QnC,KOSDAQ,31250.0,821500000000,38.32,1.77,856.0,18524.0,1.61183,271857366890.0,30873452910.0,26732383080.0,,32.96274,반도체와반도체장비,45400.0,18550.0,0.1238886564,26288000,074600,152862.0,181263.5,0.8433137393904454,5192844212.5,11.660777385159005,-0.7849293563579329,1.6848620930303122,4.621032174476355,11.356489347037684,161.18300000000002,-31.167400881057272,https://finance.naver.com/item/main.naver?code=074600
에스디바이오센서,KOSPI,6810.0,822301384620,-1.5,0.33,-4279.0,19476.0,0.20615,186477165600.0,-7300169520.0,16309680440.0,,-35.39576,건강관리장비와용품,10190.0,5800.0,0.0615768389,120749102,137310,493270.0,99767.25,4.944207643289757,614313903.25,6.531881804043538,-15.744157441574414,4.944207643289757,-21.970630519613884,-3.9147793224501903,20.615,-33.16977428851815,https://finance.naver.com/item/main.naver?code=137310
쎄트렉아이,KOSDAQ,75400.0,825726361200,59.17,3.63,1396.0,22735.0,0.74194,51141250850.0,1367100770.0,-215161170.0,,41.29186,우주항공과국방,224000.0,45650.0,0.1014478858,10951278,099320,134078.0,51943.8,2.5812127722654097,4002458745.0,0.13315579227697327,-60.02126528442317,2.5876235469873206,6.140312293820101,2.6731860235679004,74.194,-66.33928571428571,https://finance.naver.com/item/main.naver?code=099320
코미팜,KOSDAQ,10960.0,817815482960,-102.25,10.79,-102.0,967.0,0.87594,16701768500.0,1638211200.0,517899710.0,,47.93196,제약,11420.0,5650.0,0.0462716596,74618201,041960,717205.0,235109.5,3.050514760143678,2311141801.25,49.456521739130444,24.29378531073447,3.050514760143678,-10.548086866597725,9.808609190098641,87.59400000000001,-4.0280210157618175,https://finance.naver.com/item/main.naver?code=041960
유안타증권,KOSPI,4250.0,818890433500,9.72,0.46,443.0,9275.0,11.89739,1807167813000.0,86473094000.0,61860691000.0,,7.94241,증권,8400.0,3570.0,0.6844245443,192680102,003470,166810.0,243772.7,0.6842849917156433,1117471205.05,-4.0586245772266105,-14.900000000000002,0.8118259345693755,4.776280323450135,4.785006316400125,1189.739,-49.404761904761905,https://finance.naver.com/item/main.naver?code=003470
유일로보틱스,KOSDAQ,69500.0,818803477500,-33.58,9.36,-2138.0,7669.0,0.23086,9959811150.0,-1456691140.0,-1282753190.0,,178.59148,기계,155000.0,53800.0,0.159804165,11781345,388720,16894.0,31864.45,0.5301833234215559,2240604817.5,9.105180533751955,-25.188374596340147,1.2378685337421484,-27.878471769461466,-14.625690367633126,23.086000000000002,-55.16129032258065,https://finance.naver.com/item/main.naver?code=388720
티에프이,KOSDAQ,64500.0,796393174500,43.0,7.25,1586.0,9411.0,0.3179,33608936550.0,6082266000.0,5946518100.0,,32.96274,반도체와반도체장비,77700.0,23500.0,0.0451478763,12347181,425420,182695.0,143881.55,1.2697597433444385,8886591670.0,88.09869375907111,-6.086956521739129,2.320505999553105,16.85261927531612,18.09716886147652,31.790000000000003,-16.988416988416986,https://finance.naver.com/item/main.naver?code=425420
차바이오텍,KOSDAQ,8560.0,795847561760,-5.29,2.32,-1637.0,3732.0,1.78436,316429568470.0,-28194836530.0,30678723030.0,,-10.95779,건강관리업체및서비스,23950.0,7600.0,0.0739255201,92972846,085660,142548.0,181509.45,0.7853475397561944,1468378988.0,-13.36032388663968,-56.50406504065041,1.3856358443045251,-43.863879957127544,-8.910304010566286,178.436,-64.258872651357,https://finance.naver.com/item/main.naver?code=085660
알지노믹스,KOSDAQ,27750.0,778538349000,-4.22,14.15,-7092.0,2113.0,0.10619,807823290.0,-6851726570.0,-6366999350.0,,-66.93263,생물공학,122625.0,19990.0,0.0923606748,28055436,476830,361612.0,267347.1,1.352593688130524,7279211573.75,-11.285266457680255,-87.72234273318873,3.0641215109496236,-335.6365357311879,-848.1714571512292,10.619,-77.37003058103976,https://finance.naver.com/item/main.naver?code=476830
빙그레,KOSPI,88500.0,782499388500,13.24,0.99,6284.0,84119.0,0.44906,442070092910.0,69725485930.0,56411830110.0,,31.73003,식품,96000.0,61500.0,0.2419150804,8841801,005180,66246.0,50873.1,1.3021813099653845,4400454582.5,33.43373493975903,19.407008086253374,1.3595397174538215,7.470369357695645,15.772495594764255,44.906,-7.8125,https://finance.naver.com/item/main.naver?code=005180
파미셀,KOSPI,12950.0,777051981300,19.64,6.39,671.0,2064.0,0.28447,38980267330.0,13228721470.0,10378281870.0,,-33.60183,화학,21150.0,8140.0,0.0913323232,60004014,005690,830635.0,1543916.8,0.5380050272139016,19215243392.25,17.0863309352518,-23.04964539007093,1.7419028020162743,32.509689922480625,33.936969590300656,28.447,-38.77068557919622,https://finance.naver.com/item/main.naver?code=005690
SK오션플랜트,KOSPI,12440.0,777227924760,20.5,0.98,625.0,13037.0,0.4433,170484462290.0,19344277350.0,13789266670.0,,-44.49442,에너지장비및서비스,31600.0,11010.0,0.0428424641,62478129,100090,461761.0,596212.4,0.7744907687260446,7538844148.0,-8.890521675238794,-53.81750465549349,1.400866536824796,4.794047710362814,11.346651237398229,44.330000000000005,-60.63291139240506,https://finance.naver.com/item/main.naver?code=100090
세미파이브,KOSDAQ,22150.0,753663496000,-11.02,3.35,-1979.0,6513.0,0.56543,46801507510.0,-11038068320.0,-12232124310.0,,32.96274,반도체와반도체장비,51300.0,12630.0,0.0469918097,34025440,490470,1924184.0,1660539.55,1.1587703526844633,30968928014.5,29.261363636363647,-16.81901279707495,5.57886380965753,-30.38538307999386,-23.58485635882886,56.543,-56.822612085769975,https://finance.naver.com/item/main.naver?code=490470
나노신소재,KOSDAQ,63000.0,772518033000,470.59,3.1,136.0,20643.0,0.47852,36547748440.0,5339739830.0,6048713930.0,,-33.60183,화학,95300.0,33200.0,0.0583368829,12262191,121600,51210.0,75720.75,0.6763007497944751,4024273950.0,44.23963133640554,-7.805596465390274,2.432516846439054,0.6588189701109335,14.610311326746125,47.852,-33.89296956977964,https://finance.naver.com/item/main.naver?code=121600
미코,KOSDAQ,22750.0,760231699500,25.61,6.56,937.0,3658.0,2.59694,349190198260.0,19502426670.0,16339179160.0,,32.96274,반도체와반도체장비,29250.0,11300.0,0.2325737389,33416778,059090,227180.0,381766.3,0.5950760976021194,8133023131.75,49.05414220482713,68.26215022091311,1.5404659866520434,25.615090213231273,5.585044129869558,259.694,-22.22222222222222,https://finance.naver.com/item/main.naver?code=059090
로보스타,KOSDAQ,78400.0,764400000000,-153.28,9.18,-533.0,8904.0,0.2935,26369469060.0,499640800.0,1098222270.0,,178.59148,기계,171600.0,42050.0,0.0611384615,9750000,090360,52575.0,112700.65,0.46650130234386405,8871695537.5,15.999999999999993,31.155778894472363,0.9874832132733928,-5.98607367475292,1.894770042063183,29.349999999999998,-54.3123543123543,https://finance.naver.com/item/main.naver?code=090360
인텍플러스,KOSDAQ,58500.0,760405113000,-223.7,16.04,-270.0,3765.0,1.83294,8960989870.0,-5117444750.0,-6094354380.0,,32.96274,반도체와반도체장비,62600.0,10960.0,0.0542537692,12998378,064290,260927.0,425858.0,0.6127089311460627,20932543363.75,46.24999999999999,206.76455165180911,1.0982416674102635,-7.171314741035857,-57.10802962887402,183.294,-6.549520766773165,https://finance.naver.com/item/main.naver?code=064290
보령,KOSPI,8790.0,754069549530,11.12,0.85,766.0,10008.0,0.71037,279622584600.0,23798692280.0,24054889960.0,,47.93196,제약,10800.0,7410.0,0.0483254572,85787207,003850,129762.0,111322.15,1.1656440340040146,967270196.5,6.951219512195128,-9.119170984455959,1.1656440340040146,7.653876898481215,8.511005044189838,71.03699999999999,-18.61111111111111,https://finance.naver.com/item/main.naver?code=003850
GS피앤엘,KOSPI,37850.0,750597331850,38.76,0.88,979.0,43209.0,0.93131,158960998740.0,29360307070.0,19221773190.0,,14.63454,"호텔,레스토랑,레저",67000.0,32250.0,0.1100413744,19830841,499790,48470.0,43625.6,1.1110448910731314,1693107855.0,-9.869203329369803,-21.04166666666667,1.5382481845521896,2.2657316762711472,18.470132487040008,93.131,-43.507462686567166,https://finance.naver.com/item/main.naver?code=499790
휴림로봇,KOSDAQ,6280.0,750830702120,-44.19,6.12,-148.0,1068.0,0.29516,25443658470.0,-5301195910.0,-7590786860.0,,178.59148,기계,26600.0,3150.0,0.0822194617,119559029,090710,881708.0,1188091.6,0.7421212303832465,7547841848.25,-3.6809815950920255,-51.39318885448916,1.5116225045274285,-13.857677902621724,-20.83503799679795,29.516,-76.39097744360902,https://finance.naver.com/item/main.naver?code=090710
비에이치,KOSPI,21900.0,738282682200,22.7,0.98,991.0,23055.0,0.71322,414237053660.0,7891040600.0,7612387660.0,,307.43097,전자장비와기기,43400.0,12440.0,0.1221520359,33711538,090460,579631.0,1013827.85,0.5717252687426174,20669253259.25,25.423728813559322,2.304147465437789,1.10904528811277,4.298416829321188,1.9049576879418557,71.322,-49.53917050691244,https://finance.naver.com/item/main.naver?code=090460
에프에스티,KOSDAQ,34000.0,736092826000,-58.96,3.05,-608.0,11763.0,1.11633,89302520310.0,9622218030.0,6999938380.0,,32.96274,반도체와반도체장비,51000.0,15000.0,0.069160905,21649789,036810,114266.0,126595.0,0.9026106876258936,3837546278.75,66.26506024096386,-11.424903722721435,2.4084600497649986,-5.168749468672957,10.77485606968084,111.63300000000001,-33.333333333333336,https://finance.naver.com/item/main.naver?code=036810
지투지바이오,KOSDAQ,44400.0,738346514400,-50.93,12.36,-862.0,3553.0,0.69077,1602828350.0,-2701811410.0,-5709782720.0,,47.93196,제약,124000.0,22400.0,0.0545615345,16629426,456160,235648.0,199407.55,1.181740611125306,7337481873.75,39.46957878315131,-43.2741116751269,3.2136997821797624,-24.26118772867999,-168.5652371946129,69.077,-64.19354838709677,https://finance.naver.com/item/main.naver?code=456160
덕산네오룩스,KOSDAQ,29600.0,735002898400,14.13,1.66,2165.0,18395.0,0.534,94584555040.0,18499176470.0,19940655100.0,,16.67937,디스플레이장비및부품,57300.0,24500.0,0.1221556173,24831179,213420,69779.0,175932.35,0.396624043275725,5449088490.0,5.300353356890453,-43.77358490566038,0.7281776205456245,11.76950258222343,19.558348043374167,53.400000000000006,-48.34205933682374,https://finance.naver.com/item/main.naver?code=213420
영풍,KOSPI,40200.0,740109456600,-91.57,0.21,-451.0,195772.0,0.42849,853191924780.0,1511094000.0,386236712730.0,,108.08375,핸드셋,71797.387,31000.0,0.1544811238,18410683,000670,23387.0,112620.35,0.20766229193924543,5284923626.25,9.549795361527957,-32.747068676716914,0.36864563109597864,-0.23037002227080483,0.1771106776930224,42.849,-44.00910439818653,https://finance.naver.com/item/main.naver?code=000670
인텔리안테크,KOSDAQ,68500.0,735518544500,102.76,2.85,724.0,26101.0,0.89625,97246184450.0,7136001850.0,4745480380.0,,-391.40909,통신장비,180200.0,39000.0,0.2120367531,10737497,189300,114117.0,60017.4,1.9013985944076217,4083645690.0,4.900459418070446,-46.940356312935705,2.7599162909422934,2.77384008275545,7.338079010872699,89.625,-61.98668146503885,https://finance.naver.com/item/main.naver?code=189300
태웅,KOSDAQ,36150.0,723266823150,138.93,1.24,271.0,30459.0,0.35025,105494491890.0,3195829370.0,4283695790.0,,-44.49442,에너지장비및서비스,61300.0,19980.0,0.0328266353,20007381,044490,94443.0,252664.0,0.37378890542380394,9381111685.0,43.5546875,-21.725239616613422,0.5494807333058924,0.8897206080304673,3.0293803143128253,35.025,-41.02773246329527,https://finance.naver.com/item/main.naver?code=044490
선익시스템,KOSDAQ,72300.0,732227359800,6.87,4.62,10959.0,16300.0,1.96832,20242142080.0,-10142570890.0,-7953600180.0,,16.67937,디스플레이장비및부품,144000.0,42900.0,0.0241446515,10127626,171090,40866.0,41111.85,0.9940199723437404,2886380452.5,41.24513618677044,-21.76724137931034,1.7772004908560428,67.23312883435582,-50.10621331435689,196.832,-49.791666666666664,https://finance.naver.com/item/main.naver?code=171090
HS효성첨단소재,KOSPI,162100.0,726199570800,-33.99,0.91,-4843.0,180761.0,3.47837,952698172430.0,77593421080.0,45193271410.0,,-33.60183,화학,282000.0,135000.0,0.076194188,4479948,298050,4820.0,7538.5,0.6393844929362605,1256364192.5,8.322237017310252,-28.00884955752212,0.7746899250514028,-2.6792283733770006,8.144596402666156,347.837,-42.5177304964539,https://finance.naver.com/item/main.naver?code=298050
프로텍,KOSDAQ,80400.0,723600000000,16.19,2.21,5293.0,38739.0,0.23721,77314344470.0,23097012500.0,34943233830.0,,32.96274,반도체와반도체장비,101900.0,29000.0,0.0650872222,9000000,053610,78628.0,34031.85,2.3104239117179937,2497897182.5,37.24489795918367,46.99453551912569,2.3104239117179937,13.663233434007074,29.87416197903902,23.721,-21.099116781158,https://finance.naver.com/item/main.naver?code=053610
다우데이타,KOSDAQ,19000.0,727700000000,3.36,0.46,5713.0,42047.0,11.8618,16370867719470.0,831560581240.0,684798148870.0,,7.94241,증권,31450.0,15940.0,0.1389975196,38300000,032190,36466.0,51084.35,0.7138389741672352,1007086742.5,6.408094435075884,-21.614906832298143,1.9439808865141672,13.587176255143055,5.0795143879332585,1186.18,-39.586645468998405,https://finance.naver.com/item/main.naver?code=032190
이노션,KOSPI,18030.0,721200000000,7.84,0.68,2294.0,26618.0,1.53594,499051454740.0,44586457500.0,36476935430.0,,10.92084,광고,22650.0,16730.0,0.19216875,40000000,214320,41701.0,52244.1,0.7981953943124679,955421711.25,-3.336921420882666,-1.2101210121012063,0.9809145913127033,8.61822826658652,8.93424056307561,153.594,-20.397350993377483,https://finance.naver.com/item/main.naver?code=214320
네패스,KOSDAQ,30900.0,712529341800,44.99,6.04,719.0,5360.0,1.77757,153704779820.0,14594820420.0,18272718840.0,,32.96274,반도체와반도체장비,41150.0,11400.0,0.1195581703,23059202,033640,241180.0,238155.75,1.0126986226450547,6479902765.0,66.31073144687667,70.12561441835064,1.8346649199106047,13.414179104477611,9.495358854221479,177.757,-24.908869987849336,https://finance.naver.com/item/main.naver?code=033640
이엔에프테크놀로지,KOSDAQ,49700.0,710105449200,13.78,1.6,3635.0,31327.0,0.60771,179010795050.0,27254732720.0,15387720440.0,,32.96274,반도체와반도체장비,65000.0,33300.0,0.2397219565,14287836,102710,87142.0,70387.85,1.2380261650270608,3122755233.75,36.41304347826087,-0.7905138339920903,1.6416753743721393,11.60340919973186,15.225189471052516,60.771,-23.53846153846154,https://finance.naver.com/item/main.naver?code=102710
인바디,KOSDAQ,53200.0,717182922400,21.58,2.19,2423.0,23830.0,0.12091,73253798830.0,17743448300.0,14529649050.0,,-35.39576,건강관리장비와용품,73500.0,26200.0,0.3381934505,13480882,041830,72904.0,57316.05,1.271964833585008,3209738737.5,-2.0295202952029467,83.73702422145328,1.5664547713947488,10.167855644146034,24.221881436042924,12.091000000000001,-27.61904761904762,https://finance.naver.com/item/main.naver?code=041830
클로봇,KOSDAQ,23150.0,716579057850,-293.9,10.54,-82.0,2287.0,0.2414,8859369110.0,-2839891890.0,-2633137160.0,,178.59148,기계,77953.663,20050.0,0.0614155854,30953739,466100,141524.0,244517.95,0.5787877740673026,5764787993.75,-6.122448979591832,-54.7244094488189,1.1393355784309496,-3.585483165719283,-32.05523841189184,24.14,-70.30287082211903,https://finance.naver.com/item/main.naver?code=466100
SNT모티브,KOSPI,26550.0,704644221600,9.17,0.63,2921.0,42534.0,0.2689,258025087410.0,25841587050.0,23814373280.0,,9.77399,자동차부품,40800.0,24100.0,0.1187510437,26540272,064960,29161.0,55676.35,0.52375919039233,1480618291.25,1.9120458891013437,-21.153846153846157,1.0652278750313193,6.867447218695631,10.015145158710054,26.889999999999997,-34.92647058823529,https://finance.naver.com/item/main.naver?code=064960
온코닉테라퓨틱스,KOSDAQ,15370.0,697918500800,43.45,9.64,359.0,1619.0,0.084,24399301130.0,2789195800.0,3768045440.0,,47.93196,제약,28900.0,8790.0,0.0031961881,45407840,476060,135371.0,247518.1,0.5469135388482701,3863595705.5,41.38559708295351,-32.711496746203906,1.1528247833188765,22.174181593576282,11.431457750117943,8.4,-46.816608996539784,https://finance.naver.com/item/main.naver?code=476060
한국쉘석유,KOSPI,534000.0,694200000000,14.21,4.88,37098.0,107971.0,0.51145,95483718880.0,15564070340.0,12754026000.0,,-33.60183,화학,620000.0,405500.0,0.5849630769,1300000,002960,1460.0,843.05,1.731807128877291,429618575.0,4.642166344293996,12.708333333333343,1.731807128877291,34.35922608848672,16.30023476521718,51.144999999999996,-13.87096774193548,https://finance.naver.com/item/main.naver?code=002960
현대바이오,KOSDAQ,7300.0,704490675600,-30.43,6.2,-235.0,1153.0,0.27103,520398890.0,-5538393300.0,-11559025750.0,,42.55038,화장품,21500.0,4565.0,0.0613100661,96505572,048410,1208187.0,1524081.95,0.7927309945505228,10583307404.5,5.1948051948051965,-48.00285306704708,0.8035414368630244,-20.38161318300087,-1064.2592454415112,27.102999999999998,-66.04651162790698,https://finance.naver.com/item/main.naver?code=048410
네오셈,KOSDAQ,15700.0,688745874800,128.81,5.79,126.0,2805.0,0.35658,36000174210.0,11417108680.0,8799651570.0,,32.96274,반도체와반도체장비,21400.0,6700.0,0.000655335,43869164,253590,727521.0,861258.35,0.8447186607827953,11721954408.5,67.0859538784067,-3.802051901025949,2.767862860197524,4.491978609625669,31.71403730826557,35.658,-26.635514018691588,https://finance.naver.com/item/main.naver?code=253590
맵스리얼티,KOSPI,7500.0,696257482500,,,,,,,,,,44.59822,부동산,8190.0,4895.0,0.0383515663,92834331,094800,81806.0,138244.55,0.5917484631401383,1056232772.25,31.578947368421062,6.382978723404253,0.5917484631401383,,,,-8.424908424908429,https://finance.naver.com/item/main.naver?code=094800
롯데손해보험,KOSPI,2245.0,696705038400,13.54,1.08,158.0,1985.0,12.72626,802034000000.0,3057000000.0,1313000000.0,,8.69824,손해보험,3280.0,1576.0,0.0087136884,310336320,000400,639424.0,322821.15,1.980737631347884,675259230.35,9.268292682926838,5.164319248826299,3.1457511380527574,7.959697732997481,0.3811559110960383,1272.626,-31.554878048780488,https://finance.naver.com/item/main.naver?code=000400
LF,KOSPI,23700.0,692988000000,6.5,0.39,3646.0,61158.0,0.71262,465388608270.0,44077822710.0,35247387720.0,,8.86194,"섬유,의류,신발,호화품",26450.0,17010.0,0.1294783174,29240000,093050,31103.0,22755.75,1.3668193753227207,514651503.75,2.3758099352051865,0.21141649048626032,3.2434879096492097,5.961607639229537,9.471186429305076,71.262,-10.396975425330812,https://finance.naver.com/item/main.naver?code=093050
엑시콘,KOSDAQ,52400.0,683861762800,75.38,3.57,715.0,15111.0,0.23597,31468619660.0,4134899030.0,7586545460.0,,32.96274,반도체와반도체장비,54600.0,10110.0,0.0928143316,13050797,092870,325393.0,373015.85,0.8723302240373969,14987401910.0,257.4324324324324,87.58865248226951,1.745336022584563,4.7316524386208725,13.139753426350318,23.597,-4.029304029304026,https://finance.naver.com/item/main.naver?code=092870
예스티,KOSDAQ,31700.0,686347002500,-1207.14,5.3,-28.0,6379.0,0.68439,41945739920.0,4565708670.0,1931655300.0,,32.96274,반도체와반도체장비,44000.0,15200.0,0.0569213662,21651325,122640,337120.0,355707.2,0.947745786422091,11080417370.0,28.744939271255056,52.88461538461537,1.154460747491195,-0.4389402727700266,10.884797070472086,68.43900000000001,-27.954545454545453,https://finance.naver.com/item/main.naver?code=122640
넥슨게임즈,KOSDAQ,10510.0,692190428740,-11.24,2.7,-974.0,4052.0,0.68208,41454225430.0,10653536180.0,8654096880.0,,17.53512,게임엔터테인먼트,14150.0,7860.0,0.0230493166,65860174,225570,287806.0,128460.9,2.2404171230312104,1436415426.75,17.96610169491526,-8.581436077057791,2.2404171230312104,-24.03751233958539,25.699518129918175,68.208,-25.724381625441694,https://finance.naver.com/item/main.naver?code=225570
SGC에너지,KOSPI,47300.0,681561450900,-11.34,0.99,-4260.0,48667.0,3.36963,576959944060.0,44880845870.0,7694153020.0,,-44.49442,에너지장비및서비스,70700.0,20150.0,0.0469492238,14409333,005090,34366.0,110893.85,0.3098999628924417,6040424940.0,18.77346683354193,-28.64661654135339,0.745938570984775,-8.753364702981486,7.778849525355038,336.96299999999997,-33.097595473833096,https://finance.naver.com/item/main.naver?code=005090
비나텍,KOSDAQ,93200.0,669214584800,-100.75,7.94,-933.0,11841.0,1.94717,35384414520.0,497894840.0,-38637148640.0,,57.41321,전기장비,204500.0,43200.0,0.0727377279,7180414,126340,96219.0,149449.4,0.6438232605818425,11840768352.5,33.56840620592383,-21.800165152766304,1.8926338948165735,-7.879402077527235,1.4071021006114983,194.717,-54.425427872860645,https://finance.naver.com/item/main.naver?code=126340
대한해운,KOSPI,2065.0,666473257100,3.64,0.31,560.0,6684.0,0.6381,312832991250.0,62926691080.0,57477832570.0,,10.38757,해운사,3385.0,1639.0,0.1205773439,322747340,005880,1063986.0,1296073.55,0.8209302627925706,2695472322.4,8.320251177394034,-10.583153347732177,1.5558021379265088,8.378216636744465,20.11510705074972,63.81,-38.99556868537666,https://finance.naver.com/item/main.naver?code=005880
SNT에너지,KOSPI,33050.0,653104619400,8.07,1.87,4270.0,18458.0,0.46079,108055984080.0,21269561320.0,18130221350.0,,-44.49442,에너지장비및서비스,67400.0,21200.0,0.0082844039,19761108,100840,122316.0,263138.0,0.4648359415971847,9731000046.25,40.126050420168056,-30.809128630705395,0.886679232950011,23.133600606782966,19.68383472798039,46.079,-50.96439169139466,https://finance.naver.com/item/main.naver?code=100840
OCI,KOSPI,72400.0,648160638000,-10.57,0.59,-6994.0,125846.0,0.97496,535009757000.0,43260886000.0,29786694000.0,,-33.60183,화학,163200.0,54700.0,0.1074187699,8952495,456040,14025.0,28549.65,0.49124945489699523,2194369180.0,-12.783751493428907,-22.17484008528785,1.3610324469827124,-5.557586256217917,8.085999448417535,97.49600000000001,-55.63725490196079,https://finance.naver.com/item/main.naver?code=456040
아이티센글로벌,KOSDAQ,27800.0,645085850600,14.9,5.54,2010.0,5404.0,1.45518,2292427258510.0,8294110930.0,37059152190.0,,32.07185,IT서비스,75500.0,17000.0,0.0344063898,23204527,124500,207328.0,260170.7,0.7968921942401661,8215923492.5,42.5293217746048,-40.405117270788914,0.7968921942401661,37.19467061435973,0.36180475952771957,145.518,-63.17880794701986,https://finance.naver.com/item/main.naver?code=124500
TKG휴켐스,KOSPI,15830.0,647108048040,10.19,0.68,1561.0,23511.0,0.36185,397199442610.0,32818441450.0,22288367510.0,,-33.60183,화학,21550.0,14300.0,0.0774388783,40878588,069260,39688.0,43821.3,0.9056782888686551,711463351.25,1.4084507042253502,-12.967032967032965,1.9815706060751277,6.639445365998895,8.262459089657785,36.185,-26.54292343387471,https://finance.naver.com/item/main.naver?code=069260
JW중외제약,KOSPI,27450.0,639198778500,10.77,1.79,2534.0,15290.0,0.60975,222020100170.0,33339146160.0,27891601210.0,,47.93196,제약,39250.0,20700.0,0.0776112013,23285930,001060,49916.0,37258.2,1.3397319247843429,1011498527.5,14.730290456431527,-13.728549141965674,1.3397319247843429,16.5729234793983,15.016273812358582,60.975,-30.063694267515928,https://finance.naver.com/item/main.naver?code=001060
케이아이엔엑스,KOSDAQ,130400.0,636352000000,36.35,3.04,3535.0,42214.0,0.36784,42506109550.0,8818013550.0,6772364780.0,,32.07185,IT서비스,163700.0,80000.0,0.4371463115,4880000,093320,6448.0,10798.85,0.5971006171953495,1477488905.0,0.8468052347959887,25.96153846153846,0.8415710932182593,8.373999147202351,20.745284956336356,36.784,-20.342089187538182,https://finance.naver.com/item/main.naver?code=093320
명인제약,KOSPI,43400.0,633640000000,6.45,0.8,6718.0,54409.0,0.06377,76106145640.0,27612131000.0,24322263200.0,,47.93196,제약,118700.0,39100.0,0.0086114384,14600000,317450,5910.0,10662.65,0.5542712177554361,463983921.25,0.8139534883720989,-24.080560420315233,3.724214899673158,12.347221966953995,36.2810792319084,6.376999999999999,-63.43723673125526,https://finance.naver.com/item/main.naver?code=317450
금양,KOSPI,9900.0,633275240400,-9.24,1.38,-1071.0,7186.0,1.73047,17364980930.0,-7939945900.0,-19439242690.0,,-33.60183,화학,9900.0,9900.0,0.0424066579,63967196,001570,,,,,,,,-14.903979961035347,-45.72389645578493,173.047,0.0,https://finance.naver.com/item/main.naver?code=001570
미원에스씨,KOSPI,127600.0,638000000000,9.71,1.32,12662.0,92934.0,0.26608,162829067100.0,37109592760.0,32974900490.0,,-33.60183,화학,149200.0,89600.0,0.005314,5000000,268280,971.0,1276.45,0.7607035136511419,167886560.0,17.927170868347343,0.3974562798092274,1.5840808492302871,13.624722921643318,22.790521017484842,26.607999999999997,-14.477211796246648,https://finance.naver.com/item/main.naver?code=268280
미원상사,KOSPI,137500.0,618750000000,14.46,1.49,9449.0,91715.0,0.20439,130051444920.0,20307360800.0,18692204910.0,,-33.60183,화학,161000.0,109100.0,0.0287208889,4500000,002840,2409.0,2138.8,1.126332522910043,285428610.0,12.752219531880549,2.8718703976435833,1.3213016644847577,10.302567737011394,15.614867495314561,20.439,-14.596273291925465,https://finance.naver.com/item/main.naver?code=002840
동원시스템즈,KOSPI,21700.0,629110819400,12.05,0.75,1834.0,29468.0,0.71912,402189492880.0,31383311600.0,19869773830.0,,17.60036,포장재,30700.0,17520.0,0.1371468499,28991282,014820,13425.0,24073.0,0.5576787272047522,512920861.25,14.429175475687096,-17.52380952380952,0.7460640551655382,6.223700285054975,7.803115734145679,71.91199999999999,-29.31596091205212,https://finance.naver.com/item/main.naver?code=014820
한솔테크닉스,KOSPI,11640.0,617426537880,-29.13,1.33,-412.0,9050.0,1.16071,335110968130.0,14233351620.0,10675506830.0,,307.43097,전자장비와기기,16430.0,4229.091,0.0441063891,53043517,004710,727656.0,996569.15,0.7301610731177058,10109820950.25,44.038929440389296,142.62295081967213,1.7566277262345518,-4.552486187845304,4.24735474921204,116.071,-29.153986609860016,https://finance.naver.com/item/main.naver?code=004710
E1,KOSPI,91500.0,627690000000,5.01,0.26,18124.0,349725.0,6.43643,4402807537000.0,117898702210.0,99298166770.0,,9.53031,가스유틸리티,114500.0,71000.0,0.075138484,6860000,017940,7661.0,8425.45,0.9092689411248063,797442140.0,7.025761124121788,-9.950738916256153,1.6802663359227101,5.182357566659518,2.6778073131566913,643.6429999999999,-20.087336244541486,https://finance.naver.com/item/main.naver?code=017940
덕산하이메탈,KOSDAQ,13720.0,623395667440,-6.26,3.21,-2333.0,4544.0,0.99162,90753036170.0,10078195950.0,12438888740.0,,32.96274,반도체와반도체장비,21100.0,5200.0,0.0422917868,45437002,077360,764779.0,907025.1,0.8431729177064671,10870667105.75,77.12082262210798,24.25608656447249,1.8597335398987305,-51.342429577464785,11.105078546486716,99.16199999999999,-34.97630331753554,https://finance.naver.com/item/main.naver?code=077360
솔루스첨단소재,KOSPI,8820.0,619272468360,-12.69,1.23,-736.0,7584.0,1.16121,101870141990.0,-21675841070.0,59273096010.0,,307.43097,전자장비와기기,16900.0,5330.0,0.0270035315,70212298,336370,116901.0,251636.2,0.4645635246439105,2098321269.5,18.399999999999995,-4.103671706263501,2.276385512100405,-9.70464135021097,-21.27791386815559,116.12100000000001,-47.81065088757397,https://finance.naver.com/item/main.naver?code=336370
HLB이노베이션,KOSDAQ,17840.0,616193082640,-15.18,2.41,-1155.0,7280.0,0.20642,10589385980.0,-9233286200.0,-8408744730.0,,32.96274,반도체와반도체장비,29100.0,7460.0,0.0,34539971,024850,326816.0,395823.05,0.8256618708789193,6735637656.0,58.8339222614841,271.8717683557394,2.9618209449904445,-15.865384615384615,-87.19378269371573,20.642,-38.69415807560137,https://finance.naver.com/item/main.naver?code=024850
현대그린푸드,KOSPI,18990.0,616635437130,7.03,0.83,2654.0,22431.0,0.36388,594973411000.0,38127340000.0,30574126000.0,,31.73003,식품,19950.0,14650.0,0.155704832,32471587,453340,35929.0,36410.5,0.9867757926971615,689206435.25,3.4877384196185357,18.097014925373145,1.3444473434860824,11.831839864473274,6.408242670192197,36.388,-4.812030075187968,https://finance.naver.com/item/main.naver?code=453340
타이거일렉,KOSDAQ,98000.0,618800420000,110.42,9.99,835.0,9226.0,0.97438,33502698090.0,6884665920.0,4641601940.0,,32.96274,반도체와반도체장비,100300.0,15300.0,0.0601009773,6314290,219130,124106.0,42662.85,2.908994593657011,3192470872.5,55.30903328050714,233.90119250425894,2.908994593657011,9.0505094298721,20.549586488543017,97.438,-2.293120638085744,https://finance.naver.com/item/main.naver?code=219130
쏠리드,KOSDAQ,9980.0,606350209320,17.34,1.8,610.0,5886.0,0.59985,70130784810.0,3536137930.0,-187511460.0,,-391.40909,통신장비,20900.0,6640.0,0.1486579699,60756534,050890,1084934.0,1549609.85,0.7001336497699727,14805090271.0,6.42781875658589,-28.21606254442075,2.628346741600797,10.36357458375807,5.042204988266122,59.985,-52.24880382775119,https://finance.naver.com/item/main.naver?code=050890
광전자,KOSPI,10570.0,612465574910,121.53,2.16,85.0,4784.0,0.08436,36825118540.0,1302341750.0,2606483150.0,,307.43097,전자장비와기기,22450.0,1760.0,0.1821936729,57943763,017900,2235387.0,8180421.95,0.273260598739653,82494363662.5,102.10325047801146,225.23076923076923,0.28697798406352376,1.7767558528428091,3.536558201667095,8.436,-52.917594654788424,https://finance.naver.com/item/main.naver?code=017900
LX세미콘,KOSPI,37300.0,606658390000,7.53,0.55,5081.0,69207.0,0.27208,401152905700.0,22006367300.0,17887139690.0,,16.67937,디스플레이장비및부품,67300.0,29500.0,0.3092737468,16264300,108320,53838.0,99962.15,0.5385838539887348,3623501417.5,-4.2038216560509545,-27.13178294573644,1.2508734556029457,7.341742887280188,5.485780356395409,27.208,-44.576523031203564,https://finance.naver.com/item/main.naver?code=108320
드림텍,KOSPI,9000.0,592981461000,9650.0,1.71,1.0,5644.0,0.84621,257336437900.0,104648000.0,-4986530520.0,,108.08375,핸드셋,9970.0,3565.0,0.5830816353,65886829,192650,661682.0,1350520.15,0.48994604042005596,10668703467.5,122.98288508557458,33.33333333333333,2.4158247472279477,0.01771793054571226,0.04066583063556115,84.621,-9.729187562688068,https://finance.naver.com/item/main.naver?code=192650
대상,KOSPI,17570.0,608765799250,-2.08,0.59,-8447.0,29733.0,2.03409,1165775349440.0,46450513750.0,19596078820.0,,31.73003,식품,24150.0,15880.0,0.160213663,34648025,001680,34323.0,67857.7,0.5058084786251229,1250054612.0,0.2279202279202197,-16.23809523809524,0.9806551062001807,-28.409511317391452,3.984516722910061,203.409,-27.24637681159421,https://finance.naver.com/item/main.naver?code=001680
PI첨단소재,KOSPI,20100.0,590263072200,19.66,1.68,1035.0,12094.0,0.2924,77501049490.0,22983465580.0,17471381660.0,,-33.60183,화학,32150.0,14880.0,0.1467019942,29366322,178920,47818.0,32760.45,1.4596258598401426,625920543.0,16.418764302059508,-15.734989648033126,2.0188977868130626,8.557962626095584,29.655683027835085,29.24,-37.48055987558321,https://finance.naver.com/item/main.naver?code=178920
오킨스전자,KOSDAQ,27650.0,583164905750,67.33,11.39,424.0,2506.0,0.795,35083034140.0,8394249820.0,8810271020.0,,32.96274,반도체와반도체장비,29500.0,7530.0,0.0897554426,21090955,080580,354819.0,426539.4,0.831855158046361,10348251853.0,126.4682220434433,35.99033816425121,3.0803555310482453,16.919393455706306,23.926806861979127,79.5,-6.271186440677967,https://finance.naver.com/item/main.naver?code=080580
자화전자,KOSPI,27300.0,589830204600,12.37,1.3,2284.0,21665.0,0.67795,235193567600.0,22449691440.0,17462465570.0,,-391.40909,통신장비,60000.0,16600.0,0.1248013585,21605502,033240,68171.0,78614.8,0.8671522410538474,2181228233.75,6.3953488372092915,-24.275862068965516,1.0985081689452876,10.542349411493191,9.545197884910182,67.795,-54.49999999999999,https://finance.naver.com/item/main.naver?code=033240
대한유화,KOSPI,89700.0,583050000000,17.8,0.31,5134.0,297102.0,0.35582,956254316740.0,-3876526720.0,-1466147000.0,,-33.60183,화학,202500.0,79300.0,0.098238,6500000,006650,40805.0,48268.1,0.8453823539770573,4785359032.5,-11.695906432748536,-32.0839580209895,0.8453823539770573,1.728026065122416,-0.4053865851519084,35.582,-55.7037037037037,https://finance.naver.com/item/main.naver?code=006650
한양이엔지,KOSDAQ,33200.0,581000000000,13.5,0.9,2541.0,38303.0,0.40489,354702606140.0,28525210470.0,21874531130.0,,32.96274,반도체와반도체장비,39400.0,19150.0,0.2073008571,17500000,045100,59204.0,79258.8,0.7469706833815298,2544494972.5,15.265866209262446,2.127659574468077,3.8368862511165953,6.633945121792027,8.042007579369516,40.489000000000004,-15.736040609137058,https://finance.naver.com/item/main.naver?code=045100
빛과전자,KOSDAQ,5120.0,576982512640,-13.18,5.29,-380.0,947.0,0.24435,4329240330.0,-2077767050.0,1035464940.0,,-391.40909,통신장비,8100.0,592.0,0.0471868177,112691897,069540,45229230.0,22726777.4,1.9901294936782372,94444527968.2,212.53749250149968,65.92356687898089,1.9901294936782372,-40.12671594508976,-47.99380241382904,24.435000000000002,-36.79012345679013,https://finance.naver.com/item/main.naver?code=069540
신풍제약,KOSPI,10930.0,572934445460,56.22,1.84,172.0,5267.0,0.31819,63887734790.0,-8028496490.0,-7979206790.0,,47.93196,제약,15900.0,6310.0,0.0501361332,52418522,019170,3056289.0,255238.9,11.974228849912768,2476389791.0,38.49056603773584,-0.1813236627379866,11.974228849912768,3.2656161002468194,-12.566569336649353,31.818999999999996,-31.25786163522013,https://finance.naver.com/item/main.naver?code=019170
아이쓰리시스템,KOSDAQ,79000.0,577269985000,30.41,4.23,2657.0,19122.0,0.39699,39475966070.0,4759291460.0,3830778130.0,,41.29186,우주항공과국방,137900.0,49250.0,0.0356787093,7307215,214430,23314.0,23236.85,1.0033201574223702,1580685420.0,30.642504118616152,-15.005359056806,3.4983657423445953,13.894990063800858,12.056174766085972,39.699,-42.71211022480058,https://finance.naver.com/item/main.naver?code=214430
뉴파워프라즈마,KOSDAQ,12960.0,566256407040,65.73,1.97,211.0,7057.0,1.15405,208752572460.0,27290312720.0,28741958130.0,,32.96274,반도체와반도체장비,14040.0,4710.0,0.104434927,43692624,144960,1232858.0,999020.15,1.2340672007466515,11249284610.5,70.63389391979302,145.16728624535315,1.5157962529584612,2.989939067592461,13.073042596986065,115.405,-7.692307692307687,https://finance.naver.com/item/main.naver?code=144960
지아이이노베이션,KOSDAQ,8870.0,572256973220,-15.02,4.97,-604.0,1824.0,0.09202,,-14384745240.0,-14253166320.0,,-66.93263,생물공학,20950.0,6470.0,0.0934156246,64516006,358570,184882.0,334760.95,0.5522806647549542,2930783920.0,11.375000000000002,-39.30517711171662,1.8848614212619481,-33.114035087719294,,9.202,-57.66109785202864,https://finance.naver.com/item/main.naver?code=358570
전진건설로봇,KOSPI,38950.0,568379627750,18.37,3.73,2172.0,10701.0,0.42007,47254266110.0,9608408670.0,9528508440.0,,178.59148,기계,74350.0,25600.0,0.0024946985,14592545,079900,25756.0,74253.35,0.3468665050129051,3088295837.5,13.188405797101455,-27.145522388059707,0.4138129794817338,20.297168488926268,20.33342057970647,42.007,-47.61264290517821,https://finance.naver.com/item/main.naver?code=079900
넥센타이어,KOSPI,5780.0,564520329060,3.92,0.29,1469.0,19967.0,1.31441,891293882270.0,34334021880.0,216140460.0,,9.77399,자동차부품,10110.0,5460.0,0.1039498074,97667877,002350,63847.0,142195.75,0.44900779383350065,815193272.25,-15.542521994134894,-21.845318860244234,0.8075839116147986,7.3571392798116895,3.8521550033032965,131.441,-42.82888229475766,https://finance.naver.com/item/main.naver?code=002350
쿠쿠홈시스,KOSPI,24850.0,557567650500,4.59,0.51,5330.0,48373.0,0.23288,318271750680.0,54024014770.0,42770892680.0,,12.06213,가정용기기와용품,27300.0,20150.0,0.0951990277,22437330,284740,35830.0,12354.55,2.900146100019831,295550812.5,16.083916083916083,2.258726899383978,2.9021696460008664,11.018543402311206,16.974178404013422,23.288,-8.974358974358976,https://finance.naver.com/item/main.naver?code=284740
KG스틸,KOSPI,5660.0,566050357020,4.1,0.27,1394.0,21234.0,0.63214,896376295810.0,43109837880.0,93398852820.0,,42.40289,철강,7900.0,4825.0,0.0588198968,100008897,016380,234292.0,241546.85,0.969965039908407,1372725145.0,8.317214700193421,-1.4084507042253502,5.390163440342939,6.564943015917867,4.8093460393265195,63.214000000000006,-28.35443037974683,https://finance.naver.com/item/main.naver?code=016380
세진중공업,KOSPI,9820.0,558261657920,11.23,2.49,891.0,4019.0,1.04641,93498436620.0,20367628830.0,20623415280.0,,19.27479,조선,25350.0,8500.0,0.0257144941,56849456,075580,83667.0,98052.5,0.853287779505877,987642827.0,-13.871817383669882,-42.63157894736842,1.2135539634379542,22.16969395371983,21.78392448718572,104.641,-61.26232741617357,https://finance.naver.com/item/main.naver?code=075580
한양디지텍,KOSDAQ,36400.0,554895504800,35.46,3.12,1025.0,11658.0,0.86445,258011869430.0,15383354250.0,11142168570.0,,32.96274,반도체와반도체장비,44300.0,13720.0,0.0450605344,15244382,078350,369459.0,487098.3,0.7584896108239343,12739469984.25,90.57591623036649,4.44763271162123,1.5488783270235187,8.792245668210672,5.962266109689029,86.44500000000001,-17.83295711060948,https://finance.naver.com/item/main.naver?code=078350
한국단자,KOSPI,54800.0,554302000000,5.33,0.48,10428.0,114828.0,0.38091,395077399000.0,17838281000.0,25210175000.0,,9.77399,자동차부품,94000.0,53900.0,0.2736755314,10115000,025540,13073.0,15862.75,0.8241320073757703,891824407.5,-16.15853658536586,-30.114358322744593,1.3315471781374604,9.081408715644269,4.515135779761474,38.091,-41.70212765957447,https://finance.naver.com/item/main.naver?code=025540
가온칩스,KOSDAQ,46000.0,545506824000,-38.9,10.22,-1239.0,4714.0,1.32786,21310472300.0,328112080.0,729241980.0,,32.96274,반도체와반도체장비,83200.0,34950.0,0.0211076223,11858844,399720,63576.0,119668.35,0.5312682927440714,5331099703.75,9.228971962616829,-26.953125,1.3126194185847804,-26.2834111158252,1.5396753079001446,132.786,-44.71153846153846,https://finance.naver.com/item/main.naver?code=399720
HLB제약,KOSDAQ,12550.0,546699184400,100.08,3.7,130.0,3516.0,0.36152,62277890620.0,-30962000.0,-56665320.0,,47.93196,제약,20503.321,5528.986,0.0141865715,43561688,047920,3957959.0,938595.9,4.216893553445098,10136982551.0,9.019947961838692,-22.64615384615385,4.577042154136834,3.6973833902161544,-0.04971587780472582,36.152,-38.790403759469015,https://finance.naver.com/item/main.naver?code=047920
코세스,KOSDAQ,32900.0,545645249800,42.93,7.66,827.0,4635.0,0.69988,18555106000.0,5730276920.0,6214325490.0,,32.96274,반도체와반도체장비,51400.0,15830.0,0.0157962376,16584962,089890,248057.0,196548.35,1.2620660514321285,5861122588.75,25.095057034220524,47.86516853932585,2.3413373859409146,17.84250269687163,30.88248011086544,69.988,-35.99221789883269,https://finance.naver.com/item/main.naver?code=089890
카페24,KOSDAQ,22350.0,540382077150,14.21,2.09,1615.0,10998.0,0.56917,83427216580.0,8233172650.0,8832864770.0,,32.07185,IT서비스,41150.0,14870.0,0.177056294,24178169,042000,376708.0,274342.5,1.3731303024504042,5274904954.0,35.11084481725584,-18.88489208633094,4.935039230159381,14.684488088743407,9.868689125095106,56.916999999999994,-45.6865127582017,https://finance.naver.com/item/main.naver?code=042000
NHN KCP,KOSDAQ,13450.0,540160217950,11.46,1.75,1195.0,7810.0,1.18032,383375286300.0,15440751570.0,12973130870.0,,32.07185,IT서비스,25500.0,10900.0,0.1055243657,40160611,060250,147183.0,273250.3,0.5386380179637498,3908672106.75,10.097719869706845,-20.703812316715542,0.731874768298516,15.30089628681178,4.027581360035101,118.03200000000001,-47.25490196078431,https://finance.naver.com/item/main.naver?code=060250
엑스게이트,KOSDAQ,18700.0,533763300400,150.74,12.12,136.0,1692.0,0.40595,12091873230.0,373332340.0,581291010.0,,224.56969,소프트웨어,30550.0,6100.0,0.0153345989,28543492,356680,2110711.0,5419833.0,0.38944207321517105,94562907887.0,73.28453796889296,163.7883008356546,1.291968774683648,8.037825059101655,3.0874648857032385,40.595,-38.788870703764324,https://finance.naver.com/item/main.naver?code=356680
앱클론,KOSDAQ,26800.0,534717057200,-29.51,9.75,-976.0,2954.0,0.21537,1684169880.0,-6254858540.0,-6058717130.0,,-66.93263,생물공학,95800.0,16250.0,0.0711756124,19952129,174900,157699.0,155043.75,1.01712581126295,3560411639.0,16.45021645021645,-62.53481894150418,3.3592776232515016,-33.03994583615437,-371.3911888746045,21.537,-72.02505219206681,https://finance.naver.com/item/main.naver?code=174900
위메이드,KOSDAQ,15840.0,537743970720,-28.38,1.3,-551.0,12033.0,1.08178,108274192350.0,-20961901130.0,3457086680.0,,17.53512,게임엔터테인먼트,34850.0,12570.0,0.0731851258,33948483,112040,193864.0,180534.65,1.0738326409916323,2840309259.0,-9.480296973158197,-27.126436781609197,1.0738326409916323,-4.579074212582066,-19.360016154394337,108.178,-54.54806312769009,https://finance.naver.com/item/main.naver?code=112040
에코프로에이치엔,KOSDAQ,25200.0,528568286400,42.16,1.83,631.0,14535.0,0.46928,51527505750.0,5762214320.0,5072378450.0,,15.86565,상업서비스와공급품,46900.0,20000.0,0.0877191402,20974932,383310,122602.0,131012.3,0.9358052640858912,3087783282.5,-1.3565891472868241,-18.167202572347264,2.786723078672766,4.34124527003784,11.182793027003834,46.928,-46.26865671641791,https://finance.naver.com/item/main.naver?code=383310
동운아나텍,KOSDAQ,24950.0,521702903200,496.15,7.54,52.0,3424.0,0.5289,26113542080.0,-5069646830.0,19334900320.0,,32.96274,반도체와반도체장비,56400.0,16280.0,0.032894027,20909936,094170,73629.0,69569.1,1.0583578054049858,1906234581.25,-16.55737704918033,-16.965742251223492,1.379994854037209,1.5186915887850467,-19.413861261980127,52.89,-55.76241134751774,https://finance.naver.com/item/main.naver?code=094170
GKL,KOSPI,8610.0,532577318700,11.04,1.18,761.0,7137.0,0.40095,120451186020.0,20834975560.0,18014742930.0,,14.63454,"호텔,레스토랑,레저",17170.0,8320.0,0.110098379,61855670,114090,171256.0,82337.65,2.0799233400516046,739114948.25,-16.09756097560976,-27.609427609427605,2.0799233400516046,10.662743449628694,17.297443261821027,40.095,-49.85439720442633,https://finance.naver.com/item/main.naver?code=114090
월덱스,KOSDAQ,32200.0,531653974600,13.28,1.57,2482.0,20992.0,0.22079,75412635610.0,16531239360.0,15049602870.0,,32.96274,반도체와반도체장비,35400.0,20700.0,0.20939958,16510993,101160,34924.0,42729.0,0.8173371714760467,1330188283.75,20.599250936329593,7.333333333333325,1.5241639167778325,11.823551829268293,21.92104708485735,22.078999999999997,-9.039548022598876,https://finance.naver.com/item/main.naver?code=101160
엠앤씨솔루션,KOSPI,19040.0,522870768000,11.6,2.72,1660.0,7090.0,0.94423,93508776250.0,12509247200.0,9896897460.0,,41.29186,우주항공과국방,72500.0,13010.0,0.0669978916,27461700,484870,187462.0,120452.0,1.5563211901836416,2183731037.5,-35.44388609715243,-81.32751937984496,1.5563211901836416,23.413258110014105,13.377618338792024,94.423,-73.73793103448276,https://finance.naver.com/item/main.naver?code=484870
DI동일,KOSPI,25300.0,524105211300,-55.22,1.03,-469.0,25027.0,1.11321,180226705070.0,3346400680.0,6149202150.0,,8.86194,"섬유,의류,신발,호화품",33850.0,14981.313,0.0483952665,20715621,001530,15889.0,26023.55,0.6105623560198359,699066532.5,10.893246187363825,24.146341463414632,0.8452344126762106,-1.8739761058057298,1.85677293423317,111.321,-25.258493353028065,https://finance.naver.com/item/main.naver?code=001530
애경케미칼,KOSPI,10790.0,524919570110,-185.9,0.77,-61.0,14790.0,1.11819,503302782000.0,42845427000.0,16155636000.0,,-33.60183,화학,19960.0,7000.0,0.002948218,48648709,161000,195053.0,135907.9,1.4351851511207223,1426554799.75,17.864923747276684,-5.087719298245618,3.0218405258266814,-0.4124408384043272,8.512853203342715,111.819,-45.941883767535074,https://finance.naver.com/item/main.naver?code=161000
KG모빌리티,KOSPI,2590.0,524151022080,11.12,0.35,232.0,7336.0,1.54015,1233964507110.0,5222308100.0,14897226260.0,,6.7493,자동차,4670.0,2465.0,0.1761402421,202374912,003620,438760.0,413067.8,1.062198505911136,1078514749.4,-9.090909090909093,-24.418604651162788,1.3139344194827096,3.162486368593239,0.4232138015242333,154.015,-44.53961456102784,https://finance.naver.com/item/main.naver?code=003620
에스티큐브,KOSDAQ,7730.0,525510839430,-24.8,7.5,-321.0,1062.0,0.30703,1502008590.0,-6057902320.0,-5525384660.0,,-17.64101,판매업체,22500.0,6010.0,0.0545645841,67983291,052020,88665.0,157367.15,0.5634276276846851,1203991794.25,4.17789757412399,-60.37929267042542,1.410764571894452,-30.225988700564972,-403.3200848738155,30.703000000000003,-65.64444444444445,https://finance.naver.com/item/main.naver?code=052020
케이씨,KOSPI,47300.0,521271305500,11.52,0.59,3947.0,77202.0,0.22074,250415628920.0,22174308420.0,25460061230.0,,32.96274,반도체와반도체장비,47900.0,23600.0,0.1448463255,11020535,029460,62221.0,34590.1,1.7988094859511827,1457410267.5,74.67652495378927,50.23847376788553,1.7988094859511827,5.112561850729256,8.855001788679893,22.073999999999998,-1.2526096033402934,https://finance.naver.com/item/main.naver?code=029460
가비아,KOSDAQ,38900.0,522064607600,31.41,2.85,1232.0,13565.0,0.68073,88761097960.0,12477291590.0,8716451850.0,,32.07185,IT서비스,47900.0,24900.0,0.3412320117,13420684,079940,12542.0,31174.75,0.40231276914810865,1259910170.0,26.418152350081048,45.2513966480447,0.5053769476900376,9.082196830077404,14.057162289298025,68.073,-18.78914405010439,https://finance.naver.com/item/main.naver?code=079940
SK증권,KOSPI,2265.0,523883367525,16.88,0.81,138.0,2887.0,11.9167,1010726000000.0,22548000000.0,33501000000.0,,7.94241,증권,6190.0,1273.366,0.024673862,231295085,001510,1641799.0,2050881.75,0.8005332340589603,4915160015.55,-1.3100436681222738,9.178743961352653,0.8305476412767338,4.780048493245584,2.230871670462618,1191.67,-63.40872374798061,https://finance.naver.com/item/main.naver?code=001510
태영건설,KOSPI,1635.0,522305878995,8.58,0.8,191.0,2037.0,5.10139,320064703530.0,37170590680.0,-11465821050.0,,35.6787,건설,2275.0,1510.0,0.0036651197,319453137,009410,287983.0,200627.7,1.4354099658222668,332676801.45,0.4950495049504955,-11.594991834512792,2.38932610003504,9.37653411880216,11.61346136266974,510.139,-28.13186813186813,https://finance.naver.com/item/main.naver?code=009410
원익머트리얼즈,KOSDAQ,40300.0,508102400000,10.77,1.0,3863.0,41679.0,0.22896,92296563340.0,14582865140.0,13190022950.0,,-33.60183,화학,56100.0,25500.0,0.1451715577,12608000,104830,110170.0,71276.15,1.545678322973393,2611191705.0,23.308270676691723,-2.3809523809523836,2.781617693997221,9.268456536865088,15.800008811032292,22.896,-28.16399286987522,https://finance.naver.com/item/main.naver?code=104830
부국증권,KOSPI,50100.0,519531288600,9.86,0.54,5109.0,93587.0,7.70459,583134951810.0,24450365170.0,24392309200.0,,7.94241,증권,104600.0,44800.0,0.0115747656,10369886,001270,1469.0,6131.65,0.2395766229318373,305426240.0,-9.45454545454546,-34.30079155672823,0.35161824305040246,5.459091540491735,4.192917110200341,770.459,-52.103250478011475,https://finance.naver.com/item/main.naver?code=001270
대덕,KOSPI,16230.0,507789600540,159.22,0.93,103.0,17702.0,0.32226,481519040900.0,67413498950.0,58252050800.0,,307.43097,전자장비와기기,24350.0,8820.0,0.1586688865,31287098,008060,74085.0,80741.9,0.9175533397158105,1208793729.25,17.060931899641574,10.78697421981003,2.0526393359581583,0.5818551576093097,14.00017304071682,32.226,-33.347022587268995,https://finance.naver.com/item/main.naver?code=008060
한화갤러리아,KOSPI,2620.0,507912178200,154.12,0.62,17.0,4193.0,1.40484,150903680820.0,15135023480.0,5085497810.0,,32.7479,백화점과일반상점,4120.0,999.0,0.0073082062,193859610,452260,958468.0,1861603.35,0.514861557377408,4848676092.05,37.147335423197504,5.421686746987953,1.3526125208143829,0.4054376341521584,10.029591987257929,140.484,-36.40776699029126,https://finance.naver.com/item/main.naver?code=452260
HLB생명과학,KOSDAQ,4185.0,510222887730,-5.46,1.83,-819.0,2440.0,0.65828,14656102030.0,-7559347460.0,-8696739140.0,,-35.39576,건강관리장비와용품,5330.0,1608.0,0.058892571,121917058,067630,496848.0,1099990.0,0.45168410621914745,4312196674.25,36.54159869494291,4.62499999999999,5.643716761061464,-33.5655737704918,-51.57815798857399,65.828,-21.482176360225136,https://finance.naver.com/item/main.naver?code=067630
삼지전자,KOSDAQ,31000.0,505874182000,6.51,1.01,5030.0,32565.0,1.52143,2690378225730.0,158401255460.0,113401741930.0,,-391.40909,통신장비,64500.0,11360.0,0.0601722386,16318522,037460,35691.0,47199.35,0.7561756676733896,1451070191.25,-5.15933232169955,22.0703125,1.3186410406075508,15.446031014893292,5.887694672261921,152.143,-51.93798449612403,https://finance.naver.com/item/main.naver?code=037460
엔켐,KOSDAQ,23050.0,505048411700,-7.7,1.13,-3154.0,21543.0,1.37562,102320994520.0,-11950418670.0,-27757910630.0,,-86.37263,전기제품,105000.0,14020.0,0.0502688285,21910994,348370,150453.0,164224.45,0.9161425110572755,3517491384.75,5.936073059360725,-45.667447306791566,1.9342917574088387,-14.64048646892262,-11.67934178714822,137.562,-78.04761904761905,https://finance.naver.com/item/main.naver?code=348370
젬백스,KOSDAQ,11090.0,504379709830,-40.29,8.2,-275.0,1351.0,1.20665,22705381330.0,997171660.0,-9865224650.0,,32.96274,반도체와반도체장비,54900.0,8980.0,0.069525356,45480587,082270,92759.0,105263.95,0.8812038689408862,1098731382.25,2.0239190432382648,-72.98416565164433,2.0012549405565725,-20.355292376017765,4.391785566192911,120.665,-79.79963570127504,https://finance.naver.com/item/main.naver?code=082270
마이크로컨텍솔,KOSDAQ,60500.0,502922343000,29.79,6.19,2031.0,9781.0,0.26706,41896605610.0,13904493270.0,11471038720.0,,32.96274,반도체와반도체장비,63000.0,15500.0,0.1696418497,8312766,098120,131084.0,165486.2,0.7921143877858092,8859991733.75,192.97820823244552,122.01834862385321,0.9907110079269449,20.76474798077906,33.18763672511273,26.706000000000003,-3.9682539682539653,https://finance.naver.com/item/main.naver?code=098120
엠케이전자,KOSDAQ,19990.0,491035519420,309.52,1.11,63.0,17572.0,1.52081,488955111700.0,25237604030.0,33224848160.0,,32.96274,반도체와반도체장비,37000.0,7830.0,0.1105080439,24564058,033160,1692924.0,899098.15,1.882913450550421,14373007683.75,43.718949609652235,29.890955740859514,2.360814556230596,0.35852492601866603,5.161538027949816,152.081,-45.97297297297297,https://finance.naver.com/item/main.naver?code=033160
뉴로메카,KOSDAQ,21200.0,496258588800,-18.13,29.32,-1244.0,769.0,1.48097,2822194670.0,-5266954960.0,-4579129890.0,,178.59148,기계,88302.605,14700.0,0.0438952234,23408424,348340,324551.0,356587.4,0.9101583510802681,6923572526.0,-30.541871921182263,-68.09954751131222,1.536624681634853,-161.76853055916774,-186.6262103032035,148.09699999999998,-75.99164826451043,https://finance.naver.com/item/main.naver?code=348340
메디톡스,KOSDAQ,67500.0,492648547500,28.47,1.05,2371.0,64588.0,0.50751,68702321980.0,4764632330.0,3127722620.0,,-66.93263,생물공학,141100.0,65600.0,0.1230234115,7298497,086900,9622.0,15424.15,0.6238269207703504,1051052812.5,-7.534246575342463,-34.84555984555985,1.13017573091548,3.6709605499473588,6.935183837581263,50.751000000000005,-52.161587526576895,https://finance.naver.com/item/main.naver?code=086900
아이센스,KOSDAQ,16800.0,496836698400,-89.73,1.47,-187.0,11419.0,0.64609,88674090940.0,6607677160.0,3969941330.0,,-35.39576,건강관리장비와용품,27600.0,14000.0,0.2448030952,29573613,099190,24806.0,36067.9,0.6877583668580649,599744237.75,7.188703465982038,-16.038210155857215,2.8650683849073553,-1.6376215080129608,7.451643529642707,64.60900000000001,-39.13043478260869,https://finance.naver.com/item/main.naver?code=099190
프로티나,KOSDAQ,42900.0,476410849200,-56.84,19.85,-906.0,2594.0,0.16613,349276450.0,-3955963410.0,-3111949030.0,,-66.93263,생물공학,120100.0,15500.0,0.0205881993,11105148,468530,285019.0,131760.5,2.1631596722841824,5722031363.75,89.24731182795699,-42.78283485045513,2.1631596722841824,-34.926754047802625,-1132.6167023284852,16.613,-64.27976686094921,https://finance.naver.com/item/main.naver?code=468530
인카금융서비스,KOSDAQ,9920.0,488695477440,6.55,2.21,1480.0,4391.0,3.57111,338806116000.0,32329191000.0,21998071000.0,,8.69824,손해보험,17330.0,8100.0,0.0231824852,49263657,211050,38391.0,69205.05,0.5547427535996289,709417131.75,-2.837573385518588,-18.93877551020409,1.4176566594489852,33.705306308358004,9.542091914302988,357.111,-42.75822273514137,https://finance.naver.com/item/main.naver?code=211050
로킷헬스케어,KOSDAQ,27750.0,484106797500,-129.05,38.72,-222.0,740.0,15.09902,8215797440.0,-13452986170.0,-9342591750.0,,-35.39576,건강관리장비와용품,153800.0,24200.0,0.0583418791,17445290,376900,103595.0,142912.6,0.7248836001864076,4106631083.75,-22.928176795580114,-77.5,1.2463981482388535,-30.0,-163.74534874121727,1509.902,-81.95708712613784,https://finance.naver.com/item/main.naver?code=376900
우리기술투자,KOSDAQ,6000.0,478800000000,4.42,0.63,1420.0,9971.0,0.21217,85401278590.0,75773788100.0,60451358120.0,,15.23109,창업투자,11190.0,3725.0,0.008915188,79800000,041190,1394776.0,3473339.45,0.40156627939143696,21197691147.0,38.339021615472134,-6.60522273425499,2.5004241955101736,14.241299769331059,88.72676071254122,21.217,-46.38069705093834,https://finance.naver.com/item/main.naver?code=041190
성일하이텍,KOSDAQ,37400.0,483249701000,-6.14,3.77,-6364.0,10382.0,3.0814,76814493290.0,6330532520.0,9298405090.0,,-86.37263,전기제품,85500.0,23800.0,0.0310169827,12921115,365340,25146.0,32311.7,0.7782320335977371,1177364090.0,9.649122807017552,-37.395659432387305,1.7268667386736074,-61.29840107879021,8.24132562601195,308.14,-56.257309941520475,https://finance.naver.com/item/main.naver?code=365340
아난티,KOSDAQ,4950.0,481639900500,-11.37,0.66,-444.0,7660.0,1.15971,55123302630.0,-5364779880.0,-9198407320.0,,14.63454,"호텔,레스토랑,레저",10480.0,3150.0,0.0594541947,97300990,025980,633309.0,1860786.55,0.34034478591862133,9814544341.4,28.81355932203389,-29.629629629629626,0.6194923324225446,-5.796344647519582,-9.732326664114463,115.971,-52.767175572519086,https://finance.naver.com/item/main.naver?code=025980
동국제강,KOSPI,9590.0,475740883030,59.4,0.26,166.0,38029.0,1.26785,995514578460.0,45563446840.0,11645015990.0,,42.40289,철강,17710.0,7760.0,0.2555765533,49608017,460860,191537.0,311234.55,0.6154104677645846,3209444598.0,18.504901960784316,4.4276457883369424,10.183946480234923,0.4365089799889558,4.576873892744379,126.785,-45.8498023715415,https://finance.naver.com/item/main.naver?code=460860
바이오노트,KOSPI,4695.0,478354995360,-5.36,0.31,-865.0,15047.0,0.04095,36367636560.0,8457087990.0,9072183450.0,,-35.39576,건강관리장비와용품,6260.0,4050.0,0.0049245899,101886048,377740,61659.0,37139.3,1.6602089969385527,173694565.9,1.952277657266821,-14.233576642335766,1.6602089969385527,-5.7486542167874,23.254433859201544,4.095,-25.0,https://finance.naver.com/item/main.naver?code=377740
켐트로닉스,KOSDAQ,28050.0,470399257350,43.4,2.07,667.0,14012.0,2.13358,175294692610.0,10020719400.0,5693083360.0,,307.43097,전자장비와기기,48900.0,16250.0,0.0706414486,16770027,089010,225473.0,145992.35,1.5444165396337548,3730556393.75,37.10843373493975,0.8865248226950451,2.9856427408696415,4.760205538110191,5.716499028464225,213.35799999999998,-42.63803680981595,https://finance.naver.com/item/main.naver?code=089010
브이티,KOSDAQ,13630.0,476257251940,7.36,1.82,1728.0,6998.0,0.36806,131668235840.0,10678686240.0,3222848790.0,,42.55038,화장품,29700.0,10290.0,0.0603186072,34941838,018290,485238.0,160595.85,3.02148529990034,1928715261.25,16.29881154499151,-12.905276541640177,3.02148529990034,24.692769362675048,8.110297955975105,36.806,-54.107744107744104,https://finance.naver.com/item/main.naver?code=018290
삼양사,KOSPI,45750.0,471840291750,-1.46,0.29,-31276.0,160164.0,1.27212,705531575520.0,43080556720.0,36713288840.0,,31.73003,식품,54000.0,40750.0,0.0493322845,10313449,145990,4686.0,9430.55,0.4968957271845227,442965612.5,-0.10834236186348933,0.875273522975939,0.7054731696454608,-19.527484328563222,6.106113208079768,127.21199999999999,-15.277777777777779,https://finance.naver.com/item/main.naver?code=145990
현대차증권,KOSPI,7700.0,476114438800,7.71,0.33,1009.0,23342.0,7.94166,1042300000000.0,19120000000.0,32724000000.0,,7.94241,증권,14880.0,6560.0,0.0289345289,61833044,001500,42200.0,63411.05,0.6654991519616849,505805411.25,-4.0000000000000036,-29.54128440366972,0.6654991519616849,4.322680147373833,1.8344046819533726,794.1659999999999,-48.252688172043015,https://finance.naver.com/item/main.naver?code=001500
성우하이텍,KOSDAQ,5920.0,473600000000,2.84,0.28,2110.0,21208.0,1.47204,1126339978030.0,65055337050.0,16133391190.0,,9.77399,자동차부품,11990.0,4880.0,0.0649613,80000000,015750,104039.0,165651.45,0.6280597000509202,987885139.0,2.2452504317789224,-33.92857142857143,1.0442528574304661,9.949075820445115,5.77581709953895,147.204,-50.62552126772311,https://finance.naver.com/item/main.naver?code=015750
디케이티,KOSDAQ,23500.0,470028905000,21.1,2.41,1159.0,10140.0,0.75265,147976022850.0,10049203340.0,10492094370.0,,108.08375,핸드셋,34950.0,6660.0,0.0435906192,20001230,290550,278337.0,397383.5,0.7004241494677056,7683118345.0,26.068376068376065,25.132555673382818,1.5443821900003398,11.429980276134122,6.7911024681252945,75.265,-32.761087267525035,https://finance.naver.com/item/main.naver?code=290550
천보,KOSDAQ,38600.0,472966765000,-6.85,1.08,-5752.0,36443.0,0.88198,51002936720.0,-3812961740.0,-2807709910.0,,-86.37263,전기제품,80600.0,25900.0,0.0487044628,12253025,278280,16114.0,26651.95,0.6046086684088782,993464461.25,12.591508052708633,-26.057692307692303,1.0690399764369962,-15.78355239689378,-7.475965082035771,88.198,-52.10918114143921,https://finance.naver.com/item/main.naver?code=278280
한라캐스트,KOSDAQ,12980.0,473800528960,107.34,4.75,128.0,2892.0,1.23708,49036916050.0,3256343740.0,1972104940.0,,9.77399,자동차부품,25350.0,6060.0,0.0226648135,36502352,125490,990028.0,2008922.95,0.49281531678454865,24458460182.5,71.54255319148936,-16.61279896574014,2.625963330251168,4.426002766251729,6.640596518508018,123.708,-48.79684418145956,https://finance.naver.com/item/main.naver?code=125490
한국기업평가,KOSDAQ,103400.0,469489147600,18.1,3.45,5656.0,29647.0,0.37152,42983101350.0,20867118650.0,16628608770.0,,15.86565,상업서비스와공급품,115000.0,92400.0,0.8084432732,4540514,034950,1139.0,697.1,1.633911920814804,72069325.0,0.8780487804878057,3.090727816550354,1.633911920814804,19.07781563058657,48.547261585627766,37.152,-10.086956521739133,https://finance.naver.com/item/main.naver?code=034950
동성화인텍,KOSDAQ,15670.0,469935370980,8.63,1.86,1869.0,8649.0,0.74618,224533797660.0,35940409070.0,26571928310.0,,-33.60183,화학,32650.0,14050.0,0.1591451993,29989494,033500,92871.0,75555.2,1.2291807843801619,1236333602.0,-3.153988868274582,-32.78969957081546,1.2529779551903775,21.609434616718694,16.00668115203873,74.618,-52.00612557427259,https://finance.naver.com/item/main.naver?code=033500
일동제약,KOSPI,14910.0,471726337320,15.64,1.88,942.0,7821.0,1.24604,147860721010.0,1980086310.0,5102288430.0,,47.93196,제약,45050.0,11250.0,0.0546538096,31638252,249420,191386.0,235931.1,0.8111944546522268,3551406055.0,-2.50164581961817,-51.04132231404959,0.9271562757093066,12.044495588799386,1.3391564010201764,124.604,-66.90344062153163,https://finance.naver.com/item/main.naver?code=249420
유진로봇,KOSDAQ,12320.0,471061187520,-69.3,16.83,-186.0,766.0,0.53985,8203314920.0,-2954307100.0,-2899773090.0,,178.59148,기계,49450.0,9250.0,0.22946171,38235486,056080,349484.0,349575.0,0.9997396839018808,4298589532.0,0.0,-53.396946564885496,1.4806121719230494,-24.281984334203656,-36.013576570092226,53.98500000000001,-75.08594539939332,https://finance.naver.com/item/main.naver?code=056080
하나투어,KOSPI,30150.0,467021449800,14.6,3.07,2062.0,9807.0,2.5637,115435401980.0,5440143060.0,6947813450.0,,14.63454,"호텔,레스토랑,레저",51500.0,28600.0,0.1096519985,15489932,039130,11479.0,27536.6,0.41686337456330846,883333165.0,-5.485893416927901,-27.261761158021713,0.6831271834576528,21.02579789945957,4.712716347574675,256.37,-41.456310679611654,https://finance.naver.com/item/main.naver?code=039130
위메이드맥스,KOSDAQ,5310.0,444995448660,-10.76,0.83,-428.0,5563.0,0.24586,33703193750.0,-15429327600.0,-14377202490.0,,17.53512,게임엔터테인먼트,8160.0,2600.0,0.0923675475,83803286,101730,4020861.0,562518.3,7.147964786212288,2733324169.85,19.399785637727753,10.297029702970306,7.147964786212288,-7.6936904547905804,-45.78001632263708,24.586,-34.92647058823529,https://finance.naver.com/item/main.naver?code=101730
와이지-원,KOSDAQ,12440.0,462689976320,17.27,1.11,736.0,11486.0,1.97651,213294648260.0,47746853000.0,30386443870.0,,178.59148,기계,28500.0,4900.0,0.2384682708,37193728,019210,398085.0,471481.0,0.8443288276728013,6128388325.0,-43.18181818181818,-0.5568814638027053,1.2512211520718757,6.4078008009750995,22.385396628328888,197.651,-56.350877192982466,https://finance.naver.com/item/main.naver?code=019210
한섬,KOSPI,21650.0,464976920100,10.03,0.32,2153.0,66913.0,0.18125,363202589000.0,4606386000.0,3300630000.0,,8.86194,"섬유,의류,신발,호화품",28750.0,14180.0,0.2226380936,21476994,020000,91052.0,163849.8,0.5557040655527197,3036911649.5,-7.462686567164178,-16.538461538461537,1.410975173604118,3.217610927622435,1.2682690430931922,18.125,-24.69565217391304,https://finance.naver.com/item/main.naver?code=020000
토모큐브,KOSDAQ,34450.0,464254194300,-98.36,12.33,-365.0,2912.0,0.09527,4963787180.0,-586621980.0,-202919240.0,,-38.0877,생명과학도구및서비스,67800.0,26000.0,0.0200417418,13476174,475960,63877.0,39369.75,1.622489347786054,1242628032.5,6.317411402157158,-40.104166666666664,2.8558982467503604,-12.534340659340659,-11.818032456419697,9.527,-49.18879056047197,https://finance.naver.com/item/main.naver?code=475960
삼천리,KOSPI,127000.0,460600679000,3.92,0.26,32566.0,491062.0,1.19641,1157298325450.0,28065612760.0,32194708110.0,,9.53031,가스유틸리티,161900.0,107600.0,0.1181884081,3626777,004690,4830.0,5630.85,0.8577745811023202,745974815.0,12.248468941382317,-12.83967391304348,0.8577745811023202,6.631749147765455,2.42509750017024,119.64099999999999,-21.556516368128477,https://finance.naver.com/item/main.naver?code=004690
파이버프로,KOSDAQ,13960.0,458644981000,50.95,10.39,285.0,1398.0,0.43538,13339235270.0,2698929120.0,2361164790.0,,307.43097,전자장비와기기,29950.0,5280.0,0.0233867029,32854225,368770,184955.0,184617.0,1.0018308173136818,2465657973.5,17.91421362489487,-33.55450236966825,2.5000027083096357,20.386266094420602,20.23301235318867,43.538,-53.388981636060095,https://finance.naver.com/item/main.naver?code=368770
현대힘스,KOSDAQ,12770.0,453471268670,21.75,1.84,604.0,7122.0,0.26852,72768240800.0,12183282680.0,8714265380.0,,19.27479,조선,25650.0,10380.0,0.0150648519,35510671,460930,62115.0,102326.6,0.6070269118684681,1370575543.5,15.59963931469792,-32.0254506892895,0.7225100804678353,8.480763830384722,16.74258240416333,26.851999999999997,-50.214424951267056,https://finance.naver.com/item/main.naver?code=460930
티앤엘,KOSDAQ,28550.0,458801926000,12.0,2.26,2391.0,12698.0,0.12938,56017242490.0,24958923590.0,19948377450.0,,-35.39576,건강관리장비와용품,35800.0,21812.805,0.1255054723,16070120,340570,49979.0,60914.95,0.8204718217777409,1708610335.0,-44.67054263565892,-45.51526717557252,1.1550038209011089,18.82973696645141,44.55578761210101,12.937999999999999,-20.251396648044697,https://finance.naver.com/item/main.naver?code=340570
티엠씨,KOSPI,18510.0,445984104750,-830.0,4.11,-23.0,4647.0,1.03116,106351589330.0,1341527850.0,1772507620.0,,19.27479,조선,38700.0,8820.0,0.0483692669,24094225,217590,4511816.0,2242001.9,2.012405074232988,33377758604.5,80.59273422562141,-9.182692307692308,4.008204453350374,-0.49494297396169573,1.2614083705297081,103.11600000000001,-52.170542635658926,https://finance.naver.com/item/main.naver?code=217590
원텍,KOSDAQ,5080.0,453545681680,13.1,2.94,393.0,1749.0,0.61117,47493484530.0,11088331790.0,15446428880.0,,-35.39576,건강관리장비와용품,10480.0,4130.0,0.0340839156,89280646,336570,354840.0,362299.35,0.979411086439984,1799012586.6,-7.116788321167888,-29.108635097493043,1.4799253711054134,22.46998284734134,23.34705886445515,61.117,-51.526717557251914,https://finance.naver.com/item/main.naver?code=336570
오름테라퓨틱,KOSDAQ,20200.0,439408903200,-10.14,3.32,-2017.0,6165.0,0.56982,24105270.0,-15352897690.0,63384312380.0,,47.93196,제약,146600.0,19990.0,0.0747318199,21752916,475830,203131.0,494678.05,0.41063273375481285,13579906015.0,-56.67718191377497,-81.67259786476868,1.0262654670042466,-32.7169505271695,-63691.042207782775,56.982,-86.22100954979535,https://finance.naver.com/item/main.naver?code=475830
디어유,KOSDAQ,18920.0,449130641520,23.83,2.12,785.0,8842.0,0.26447,23352262000.0,9405775550.0,4532356890.0,,18.15491,양방향미디어와서비스,45850.0,16680.0,0.0302126436,23738406,376300,77076.0,63148.75,1.2205467249945565,1135716139.5,-13.241379310344826,-41.84899845916795,1.9570458639323818,8.878081881927166,40.27779214707338,26.447,-58.7350054525627,https://finance.naver.com/item/main.naver?code=376300
고려제강,KOSPI,16700.0,450900000000,47.78,0.25,356.0,67342.0,0.38861,483129826870.0,5338049300.0,26734280270.0,,42.40289,철강,28300.0,15300.0,0.0622924074,27000000,002240,24716.0,34295.6,0.7206755385530506,591357184.25,-5.429864253393668,-21.86915887850467,5.141913248346727,0.5286448278934395,1.104889204333136,38.861000000000004,-40.98939929328622,https://finance.naver.com/item/main.naver?code=002240
서희건설,KOSDAQ,2145.0,445277409720,3.31,0.38,664.0,5846.0,0.47296,200542329430.0,36427105910.0,150188955090.0,,35.6787,건설,4000.0,1623.0,0.0399819959,207588536,035890,170769.0,233703.45,0.730708083256794,544726910.25,4.379562043795615,-35.97014925373134,0.8756866875521092,11.358193636674649,18.164297788669604,47.296,-46.375,https://finance.naver.com/item/main.naver?code=035890
명신산업,KOSPI,8420.0,441798519860,6.68,0.6,1302.0,14406.0,0.91115,497054350040.0,44136149520.0,30217492180.0,,9.77399,자동차부품,14940.0,5390.0,0.0579187402,52470133,009900,106712.0,286579.0,0.3723650372148692,2441131101.75,20.45454545454546,-13.469387755102035,0.8006204222919334,9.037900874635568,8.87954194877244,91.115,-43.64123159303882,https://finance.naver.com/item/main.naver?code=009900
세아제강지주,KOSPI,108000.0,447298956000,7.19,0.22,15656.0,510476.0,1.44088,1166898744310.0,-50795879560.0,-74622910590.0,,42.40289,철강,260000.0,94200.0,0.0803526222,4141657,003030,11627.0,19991.3,0.5816029973038271,2175820982.5,1.8078020932445371,-44.15448851774531,2.8650963168978505,3.066941442888598,-4.353066605623623,144.088,-58.46153846153845,https://finance.naver.com/item/main.naver?code=003030
흥아해운,KOSPI,1852.0,445266912948,14.25,1.7,127.0,1062.0,0.70802,49963892320.0,3141141300.0,2171035810.0,,10.38757,해운사,4795.0,1524.0,0.0270086544,240424899,003280,3147742.0,8940269.3,0.35208581468569405,17345895314.05,14.347826086956527,-37.593220338983045,0.35208581468569405,11.958568738229754,6.2868226516104215,70.80199999999999,-61.37643378519291,https://finance.naver.com/item/main.naver?code=003280
조광피혁,KOSPI,66500.0,442167677000,20.63,0.41,3248.0,162644.0,0.15358,21301429930.0,-1445886840.0,587452110.0,,8.86194,"섬유,의류,신발,호화품",84300.0,57600.0,0.005955208,6649138,004700,1734.0,653.15,2.65482660950777,43086552.5,5.723370429252772,-5.405405405405405,2.65482660950777,1.9969995819089548,-6.787745445969692,15.357999999999999,-21.11506524317912,https://finance.naver.com/item/main.naver?code=004700
아주IB투자,KOSDAQ,3615.0,437940642690,57.64,1.81,70.0,2227.0,0.21582,58377531800.0,38141675400.0,30142331300.0,,15.23109,창업투자,19950.0,1913.0,0.0687496891,121145406,027360,2481779.0,3586461.45,0.6919854108567094,13730191297.35,-2.288021534320328,-60.71428571428572,1.6109845541487695,3.1432420296362817,65.33622478365898,21.582,-81.8796992481203,https://finance.naver.com/item/main.naver?code=027360
아이에스동서,KOSPI,14730.0,437844359640,-8.15,0.35,-1810.0,41857.0,1.14339,113793757500.0,5098559700.0,6167495380.0,,35.6787,건설,34450.0,14320.0,0.0649599181,29724668,010780,25136.0,69528.65,0.3615200352660378,1062536119.5,-29.59427207637232,-45.167286245353154,1.3026141022441828,-4.324246840432902,4.480526710790792,114.33899999999998,-57.242380261248194,https://finance.naver.com/item/main.naver?code=010780
코스모화학,KOSPI,11440.0,439390128320,-15.02,2.07,-791.0,5730.0,1.07269,206139203620.0,7636150170.0,1549079930.0,,-33.60183,화학,21650.0,7160.0,0.0459436712,38408228,005420,107147.0,93443.3,1.1466525689910352,993314292.25,23.86609071274297,-25.51948051948052,2.3477124630658377,-13.804537521815007,3.7043658051947217,107.26899999999999,-47.159353348729795,https://finance.naver.com/item/main.naver?code=005420
에이팩트,KOSDAQ,9970.0,436920853320,82.36,6.11,123.0,1657.0,2.12357,45223916450.0,1109690790.0,4390179670.0,,32.96274,반도체와반도체장비,13100.0,3790.0,0.0378765703,43823556,200470,721577.0,995706.9,0.7246881587342621,7946086576.0,90.28571428571428,31.1023622047244,2.8596095899305305,7.423053711526856,2.4537697685402478,212.357,-23.89312977099237,https://finance.naver.com/item/main.naver?code=200470
제우스,KOSDAQ,14090.0,437029389100,-75.57,1.34,-192.0,10867.0,0.6616,82392309250.0,-9635418610.0,-7864716710.0,,32.96274,반도체와반도체장비,20950.0,6580.0,0.0649892204,31016990,079370,277766.0,498381.35,0.5573362646896799,6285087213.0,61.16838487972509,-11.509433962264149,3.1580716252724947,-1.7668169688046378,-11.694560691051393,66.16,-32.74463007159905,https://finance.naver.com/item/main.naver?code=079370
쏘카,KOSPI,11500.0,436309333000,-20.05,2.24,-560.0,5020.0,2.09698,120992525210.0,6811456130.0,6464833190.0,,13.96904,도로와철도운송,21000.0,9000.0,0.002923199,37939942,403550,18817.0,13870.25,1.3566446170761162,151898496.0,11.326234269119073,0.17421602787457413,2.5202862241127595,-11.155378486055776,5.6296503591256855,209.69799999999998,-45.238095238095234,https://finance.naver.com/item/main.naver?code=403550
엘티씨,KOSDAQ,40700.0,429959928200,88.32,3.54,501.0,12514.0,0.55374,140878399400.0,23201268460.0,21567320600.0,,32.96274,반도체와반도체장비,60700.0,15300.0,0.0508627974,10564126,170920,220225.0,194503.85,1.1322397988523105,7210624401.25,4.94296577946769,21.944035346097213,1.4585778122129716,4.003516062010548,16.469003451781123,55.374,-32.94892915980231,https://finance.naver.com/item/main.naver?code=170920
아스플로,KOSDAQ,32600.0,434712491400,-41.81,8.96,-769.0,3589.0,1.43655,31714304450.0,4419623410.0,8819092120.0,,178.59148,기계,35000.0,3700.0,0.0378427354,13334739,159010,114770.0,174646.05,0.657157719856819,4741372243.75,108.97435897435899,524.5210727969348,2.1764248318241384,-21.426581220395654,13.935741258232134,143.655,-6.857142857142861,https://finance.naver.com/item/main.naver?code=159010
노타,KOSDAQ,20200.0,432127086000,-20.82,16.15,-999.0,1288.0,0.87818,3823408190.0,-6191205310.0,-6195547260.0,,32.07185,IT서비스,65300.0,15130.0,0.0119151494,21392430,486990,147059.0,380503.65,0.3864851230730638,7870131653.5,12.312811980033267,-48.798988621997474,0.8269013976607057,-77.56211180124224,-161.92896500543407,87.818,-69.06584992343032,https://finance.naver.com/item/main.naver?code=486990
에이프릴바이오,KOSDAQ,15480.0,426609945360,-37.37,3.86,-429.0,4150.0,0.01506,,-2915112840.0,-1985455620.0,,47.93196,제약,76700.0,15460.0,0.0769228118,27558782,397030,195890.0,255395.0,0.767007968049492,4617250959.0,-40.34090909090909,-75.23584905660378,6.150429726502085,-10.337349397590362,,1.506,-79.8174706649283,https://finance.naver.com/item/main.naver?code=397030
페니트리움바이오,KOSDAQ,6680.0,427294570040,-22.12,18.01,-311.0,382.0,0.48833,2115649290.0,-1858687390.0,-1510311800.0,,47.93196,제약,20884.542,2258.445,0.0032068316,63966253,187660,531387.0,2497260.2,0.2127879986234514,18330816373.05,54.0909090909091,-39.840283939662825,0.6319269413735901,-81.41361256544502,-87.85422984732976,48.833,-68.01462057439421,https://finance.naver.com/item/main.naver?code=187660
저스템,KOSDAQ,18730.0,429791335130,119.45,7.78,163.0,2503.0,0.65303,29324457320.0,9275628920.0,6789924500.0,,32.96274,반도체와반도체장비,22250.0,3009.455,0.0863326596,22946681,417840,687679.0,1010547.55,0.6805013776937067,16360027964.5,92.03268641470889,171.2842712842713,1.7221821971662787,6.512185377546944,31.631033504834182,65.303,-15.820224719101128,https://finance.naver.com/item/main.naver?code=417840
DB증권,KOSPI,10120.0,429557456680,5.1,0.38,2029.0,27483.0,10.06084,1266119918000.0,47540149000.0,40408052000.0,,7.94241,증권,19350.0,7550.0,0.0873102303,42446389,016610,30403.0,54185.6,0.5610900312998287,553480511.75,8.440170940170933,-25.09225092250923,1.6265206992263628,7.382745697340173,3.7547903894518777,1006.0840000000001,-47.700258397932814,https://finance.naver.com/item/main.naver?code=016610
NICE,KOSPI,11710.0,430426308470,10.84,0.54,1079.0,21761.0,1.70692,802368727420.0,74856224570.0,-14552091320.0,,32.07185,IT서비스,15430.0,10660.0,0.0877413615,36757157,034310,14514.0,27538.1,0.5270516121301034,334695731.5,3.9076376554174175,-16.903409090909093,0.6455783078716397,4.9584118376912825,9.329404550785354,170.692,-24.10887880751782,https://finance.naver.com/item/main.naver?code=034310
아세아,KOSPI,205000.0,422064660000,11.05,0.29,18725.0,722172.0,0.61333,508745051000.0,36403767000.0,25661370000.0,,7.35428,건축자재,402000.0,157800.0,0.0510823507,2058852,002030,1486.0,1786.9,0.831607812412558,375219605.0,10.875331564986745,-24.955116696588863,0.9939000503665566,2.5928726120647156,7.155601205052312,61.333000000000006,-49.00497512437811,https://finance.naver.com/item/main.naver?code=002030
국일제지,KOSDAQ,3775.0,425595715925,-191.25,3.61,-20.0,1060.0,0.09826,15252420660.0,-199968620.0,-208086610.0,,-5.94695,종이와목재,5970.0,2610.0,0.0,112740587,078130,113442.0,74172.45,1.5294357945571435,261682722.7,1.6042780748663166,1091.2225705329154,2.0129037129014886,-1.8867924528301887,-1.3110615321830494,9.826,-36.76716917922948,https://finance.naver.com/item/main.naver?code=078130
한중엔시에스,KOSDAQ,46950.0,425599214700,100.78,4.4,450.0,10316.0,2.03417,42577655450.0,-6946439820.0,-2199544440.0,,57.41321,전기장비,73000.0,23200.0,0.0258236508,9064946,107640,273813.0,89429.1,3.0617886124315237,3742483702.5,58.952702702702695,-8.463035019455257,3.0617886124315237,4.362155874369911,-16.31475417465712,203.417,-35.68493150684932,https://finance.naver.com/item/main.naver?code=107640
일진하이솔루스,KOSPI,11690.0,424501191100,-214.55,1.36,-55.0,8677.0,0.08217,25881611990.0,-646390460.0,966208040.0,,9.77399,자동차부품,21200.0,8000.0,0.0338940479,36313190,271940,21683.0,55645.05,0.38966628657894997,636906427.75,23.05263157894737,-26.385390428211586,0.9220406846610795,-0.633859628903999,-2.4974891836325686,8.217,-44.85849056603774,https://finance.naver.com/item/main.naver?code=271940
금호건설,KOSPI,11380.0,424018504120,6.7,1.73,1765.0,6840.0,4.05512,511651231360.0,16540377110.0,13582221570.0,,35.6787,건설,19380.0,3200.0,0.0,37259974,002990,771912.0,1805357.9,0.42756729842874924,26280841031.5,-18.428571428571427,126.13861386138612,0.4749756267164533,25.804093567251464,3.232744513491089,405.51199999999994,-41.2796697626419,https://finance.naver.com/item/main.naver?code=002990
한컴,KOSDAQ,17580.0,425079899520,12.93,1.2,1427.0,15357.0,0.45194,119951671880.0,14337143760.0,24144238030.0,,224.56969,소프트웨어,26750.0,14800.0,0.045677448,24179744,030520,143212.0,134055.35,1.068304994914414,2345400986.25,2.454704850964351,-14.278728606356971,3.6231228369475743,9.29217946213453,11.952433455319339,45.194,-34.2803738317757,https://finance.naver.com/item/main.naver?code=030520
한솔아이원스,KOSDAQ,14590.0,410608908660,14.92,2.02,1029.0,7607.0,0.21287,53737600590.0,6560670110.0,5164961520.0,,32.96274,반도체와반도체장비,19900.0,7050.0,0.0508090878,28143174,114810,173281.0,216720.15,0.7995610929578999,3020910830.75,30.508474576271194,4.499999999999993,1.3659505126772937,13.527014591823322,12.208714267046883,21.287,-26.68341708542713,https://finance.naver.com/item/main.naver?code=114810
세아제강,KOSPI,147300.0,417786990000,14.48,0.39,10714.0,400720.0,0.81422,495160536290.0,34934804580.0,32517667270.0,,42.40289,철강,189000.0,112000.0,0.0511825265,2836300,306200,5869.0,13005.0,0.4512879661668589,1953177202.5,23.134328358208943,14.938080495356033,4.135793925413303,2.673687362747055,7.055248150781504,81.42200000000001,-22.063492063492063,https://finance.naver.com/item/main.naver?code=306200
부광약품,KOSPI,4240.0,418338205040,27.3,1.2,152.0,3452.0,0.39671,56987922650.0,1409953890.0,1388990360.0,,47.93196,제약,9890.0,3460.0,0.0721418815,98664671,003000,2477962.0,288310.9,8.594756563140692,1155144782.45,8.92857142857142,-55.52083333333333,8.594756563140692,4.40324449594438,2.4741275421802027,39.671,-57.12841253791709,https://finance.naver.com/item/main.naver?code=003000
하이록코리아,KOSDAQ,34800.0,409531411200,8.47,0.92,4211.0,38609.0,0.07898,59250816360.0,16990737920.0,14848728080.0,,178.59148,기계,48100.0,27550.0,0.2979316025,11768144,013030,12763.0,31562.35,0.4043741990060943,1131249666.25,16.582914572864315,-6.072874493927127,0.7035597792940006,10.906783392473256,28.675955815978227,7.898,-27.650727650727646,https://finance.naver.com/item/main.naver?code=013030
아모텍,KOSDAQ,21600.0,403505280000,46.9,2.38,484.0,9535.0,1.28965,62299515040.0,-575237190.0,-2409255440.0,,108.08375,핸드셋,32339.232,7351.042,0.0436514496,18680800,052710,625245.0,1168276.7,0.5351857141377552,19741518274.0,36.33520950594122,58.200290275761965,1.2182430754632014,5.0760356581017305,-0.9233413608928792,128.965,-33.208061341716466,https://finance.naver.com/item/main.naver?code=052710
유니드,KOSPI,60800.0,411470080000,6.2,0.37,9830.0,162961.0,0.42625,399849385220.0,24243282160.0,43059042210.0,,-33.60183,화학,101600.0,55800.0,0.1155790827,6767600,014830,5133.0,10424.65,0.49239063181977333,649251350.0,-3.508771929824561,-27.976190476190478,0.944588067704911,6.032118114150011,6.0631035225079,42.625,-40.15748031496062,https://finance.naver.com/item/main.naver?code=014830
DB,KOSPI,2005.0,403353735665,7.97,0.88,259.0,2351.0,1.13013,229964349370.0,12908986250.0,25156357830.0,,32.07185,IT서비스,2545.0,1257.0,0.0511795581,201173933,012030,391846.0,741429.2,0.528500900692878,1299309728.1,35.598923283983844,18.04335090802578,2.4699620678548944,11.016588685665674,5.613472821054602,113.013,-21.218074656188602,https://finance.naver.com/item/main.naver?code=012030
큐로셀,KOSDAQ,26150.0,398190024800,-7.02,65.23,-3232.0,348.0,1.26981,,-9739048920.0,-17646524510.0,,-66.93263,생물공학,66000.0,20650.0,0.0134132765,15227152,372320,188573.0,22276.85,8.464975972814829,502863447.5,-12.828947368421051,-48.0392156862745,8.464975972814829,-928.735632183908,,126.98100000000001,-60.378787878787875,https://finance.naver.com/item/main.naver?code=372320
글로벌텍스프리,KOSDAQ,5740.0,403426314200,10.73,2.71,504.0,1993.0,0.24304,46904130950.0,9038744530.0,11935460190.0,,28.59581,기타금융,7230.0,3955.0,0.209101888,70283330,204620,883726.0,642590.45,1.3752554212406987,3648603591.25,11.890838206627684,13.438735177865603,2.1391836744539234,25.288509784244855,19.270679036000775,24.304000000000002,-20.608575380359618,https://finance.naver.com/item/main.naver?code=204620
PS일렉트로닉스,KOSDAQ,8640.0,396926809920,19.23,3.39,482.0,2734.0,1.41643,74419754160.0,4170900910.0,5997877750.0,,108.08375,핸드셋,14990.0,4065.0,0.0123750226,45940603,332570,1143835.0,2336430.2,0.4895652350324867,20184233347.75,54.401408450704224,65.16007532956685,0.9312856853160004,17.62984637893197,5.604561526812762,141.643,-42.36157438292195,https://finance.naver.com/item/main.naver?code=332570
신성이엔지,KOSPI,19450.0,394955239900,-58.82,1.74,-340.0,11470.0,1.93973,201805601950.0,3063706090.0,-2136406990.0,,32.96274,반도체와반도체장비,49700.0,11300.0,0.0,20306182,011930,291750.0,191549.85,1.5231022107300005,3409855613.0,21.987577639751542,665.692007797271,3.302753826223304,-2.964254577157803,1.518147197300833,193.97299999999998,-60.865191146881294,https://finance.naver.com/item/main.naver?code=011930
인벤티지랩,KOSDAQ,29950.0,398565854600,-36.16,5.37,-766.0,5163.0,0.7477,175764220.0,-10284860020.0,-4222805980.0,,47.93196,제약,101700.0,22650.0,0.1040980911,13307708,389470,392282.0,93452.45,4.197664159687627,2449495298.75,-16.92094313453537,-61.00260416666667,4.197664159687627,-14.836335463877589,-5851.509493797998,74.77000000000001,-70.55063913470994,https://finance.naver.com/item/main.naver?code=389470
넥스틴,KOSDAQ,37600.0,393935388000,-168.75,2.75,-240.0,14724.0,0.7613,20832585960.0,-786341950.0,1296585760.0,,32.96274,반도체와반도체장비,100400.0,24800.0,0.1585427324,10477005,348210,72024.0,93770.35,0.7680892734217158,3118064385.0,-2.3136246786632397,-47.945205479452056,1.3344729970614377,-1.6299918500407498,-3.77457676886504,76.13,-62.54980079681275,https://finance.naver.com/item/main.naver?code=348210
메카로,KOSDAQ,39000.0,397512960000,31.96,1.98,1278.0,20599.0,0.08695,25345823740.0,4485384720.0,4691396000.0,,32.96274,반도체와반도체장비,48000.0,19220.0,0.033947829,10192640,241770,12044.0,19222.2,0.6265671983435819,781649782.5,15.022091310751096,5.5405405405405395,1.7235800272601471,6.204184669158697,17.696740757023825,8.695,-18.75,https://finance.naver.com/item/main.naver?code=241770
파인엠텍,KOSDAQ,9310.0,393743407750,-23.85,2.12,-397.0,4459.0,1.13955,95213286430.0,7330620600.0,-4850414920.0,,108.08375,핸드셋,12420.0,5340.0,0.0418369676,42292525,441270,380516.0,1267138.5,0.30029550834419444,11402887151.5,58.98305084745763,-10.325047801147225,1.472878458037539,-8.903341556402781,7.699157202592109,113.95500000000001,-25.0402576489533,https://finance.naver.com/item/main.naver?code=441270
삼영무역,KOSPI,21350.0,394269339800,6.45,0.63,3325.0,34228.0,0.15574,123412537990.0,9033245960.0,23070316130.0,,-33.60183,화학,24550.0,14510.0,0.204468329,18466948,002810,14380.0,14730.95,0.9761760103727186,317742446.25,12.565445026178,10.426296866974827,1.1271506589866913,9.714269019516186,7.319552864824767,15.573999999999998,-13.034623217922602,https://finance.naver.com/item/main.naver?code=002810
한전산업,KOSPI,12120.0,395112000000,99.12,3.91,125.0,3167.0,1.17041,124664357570.0,15923944470.0,11783967530.0,,3.07335,전기유틸리티,27800.0,8810.0,0.0235619018,32600000,130660,160124.0,680650.65,0.2352513730795673,9067950715.0,12.60426320667285,-36.520376175548584,0.2352513730795673,3.9469529523208084,12.77345408133883,117.041,-56.402877697841724,https://finance.naver.com/item/main.naver?code=130660
메디포스트,KOSDAQ,10070.0,394790352210,-4.33,1.64,-2408.0,6371.0,1.04207,18783950500.0,-24338992640.0,32159849580.0,,-66.93263,생물공학,29100.0,7250.0,0.0253159814,39204603,078160,62747.0,42675.55,1.4703266858892268,393045689.75,15.35796766743649,-59.057377049180324,3.758733045033983,-37.79626432271229,-129.5733431580327,104.20700000000001,-65.39518900343643,https://finance.naver.com/item/main.naver?code=078160
메가스터디교육,KOSDAQ,38150.0,395432990400,4.68,0.79,8072.0,48011.0,0.81182,204742632020.0,28412084840.0,21415876120.0,,10.63048,교육서비스,50800.0,33650.0,0.2643304298,10365216,215200,25051.0,30347.1,0.8254825007990879,1084346853.75,-7.9903147699757815,-20.418848167539274,1.3130414438282407,16.812813730186832,13.876975478768195,81.182,-24.901574803149607,https://finance.naver.com/item/main.naver?code=215200
네오위즈,KOSDAQ,18120.0,392052637080,7.27,0.68,2522.0,26889.0,0.16354,102073078790.0,7942472240.0,18405602210.0,,17.53512,게임엔터테인먼트,31550.0,16100.0,0.2084801862,21636459,095660,28266.0,37417.1,0.7554300039286851,668017811.25,-0.11037527593819041,-27.88844621513944,1.3095349452523044,9.379300085536837,7.7811626083508685,16.354,-42.56735340729002,https://finance.naver.com/item/main.naver?code=095660
율촌화학,KOSPI,15640.0,387872000000,93.99,1.34,168.0,11783.0,1.40649,156111443010.0,9539955220.0,5789586580.0,,17.60036,포장재,39200.0,11150.0,0.0562777016,24800000,008730,50264.0,50295.9,0.9993657534709588,762927269.25,13.118279569892465,-34.112734864300634,1.3981855379861976,1.425782907578715,6.110990351545787,140.649,-60.10204081632653,https://finance.naver.com/item/main.naver?code=008730
오이솔루션,KOSDAQ,31600.0,391137152800,-12.47,5.71,-2642.0,5774.0,0.52626,19651552520.0,-870134580.0,-2423475520.0,,-391.40909,통신장비,57900.0,10870.0,0.0336153769,12377758,138080,265541.0,466977.1,0.5686381623424361,12825288336.25,57.2139303482587,-20.503144654088047,2.7531649838932144,-45.75684101143055,-4.427815965758618,52.626,-45.42314335060449,https://finance.naver.com/item/main.naver?code=138080
유진투자증권,KOSPI,4035.0,390855996630,5.79,0.33,703.0,12331.0,11.37046,1501779433860.0,87588776890.0,67516856640.0,,7.94241,증권,6920.0,3325.0,0.1118653113,96866418,001200,201503.0,400866.55,0.502668531460158,1695973602.5,-4.513064133016631,-18.95161290322581,1.32285170713296,5.701078582434515,5.832332958833505,1137.046,-41.690751445086704,https://finance.naver.com/item/main.naver?code=001200
네오팜,KOSDAQ,24300.0,389480132700,12.7,1.81,1779.0,12490.0,0.12539,43571648900.0,9789095200.0,8405205330.0,,42.55038,화장품,26000.0,15590.0,0.2616840453,16027989,092730,72567.0,54379.95,1.3344440368187174,1232245243.75,24.167946748591906,37.62769580022702,1.3344440368187174,14.243394715772617,22.466662261202604,12.539,-6.538461538461537,https://finance.naver.com/item/main.naver?code=092730
네패스아크,KOSDAQ,31400.0,382579013000,121.25,2.45,280.0,13841.0,0.66153,30932193330.0,5102398120.0,9351322520.0,,32.96274,반도체와반도체장비,63500.0,14880.0,0.0898671993,12184045,330860,338623.0,212136.7,1.5962490224463752,6021198585.0,1.9292604501607746,25.544554455445546,2.0607843904425778,2.0229752185535728,16.495429423853274,66.15299999999999,-50.55118110236221,https://finance.naver.com/item/main.naver?code=330860
자이에스앤디,KOSPI,9860.0,382395647200,11.45,0.87,895.0,11817.0,0.79968,303336739840.0,9035841110.0,9852411010.0,,35.6787,건설,11920.0,3050.0,0.0618054732,38782520,317400,367841.0,945293.8,0.3891287555255308,9749875216.0,107.75681341719077,134.83412322274884,0.8331409769110937,7.573834306507574,2.978815264766841,79.96799999999999,-17.281879194630868,https://finance.naver.com/item/main.naver?code=317400
에이디테크놀로지,KOSDAQ,28200.0,379628597400,105.58,2.81,278.0,10456.0,1.33294,45945836760.0,-1173866600.0,-6540691260.0,,32.96274,반도체와반도체장비,62000.0,20750.0,0.0241018297,13462007,200710,80234.0,86519.7,0.9273494938147036,2283444300.0,-8.771929824561408,-50.51903114186851,1.7868416094831583,2.65876052027544,-2.5548922008575907,133.294,-54.516129032258064,https://finance.naver.com/item/main.naver?code=200710
INVENI,KOSPI,14610.0,383512500000,3.64,0.5,4003.0,29078.0,1.02636,193743999000.0,11239000000.0,8851765000.0,,9.53031,가스유틸리티,18190.0,11840.0,0.0511037714,26250000,015360,9885.0,12988.2,0.7610754377049938,188882424.5,1.7409470752089096,-81.43583227445997,1.474107266595833,13.766421349473829,5.800953865931094,102.636,-19.68114348543155,https://finance.naver.com/item/main.naver?code=015360
슈프리마,KOSDAQ,54200.0,378007656200,12.96,1.55,4662.0,38917.0,0.09494,40339162620.0,10159018420.0,18868062160.0,,307.43097,전자장비와기기,65000.0,30200.0,0.3018424329,6974311,236200,44885.0,25620.0,1.751951600312256,1362738412.5,20.971302428256067,11.83673469387756,2.512568306010929,11.979340648045842,25.1840091865546,9.494,-16.61538461538462,https://finance.naver.com/item/main.naver?code=236200
KCC글라스,KOSPI,23750.0,379299660000,-4.61,0.28,-5246.0,86505.0,0.78101,577146098540.0,4810796100.0,-11814926190.0,,7.35428,건축자재,31450.0,21000.0,0.0477414249,15970512,344820,6771.0,11940.9,0.5670426852247318,289461648.75,7.623318385650224,-5.3254437869822535,0.6904839668701689,-6.064389341656551,0.8335490982560251,78.101,-24.48330683624801,https://finance.naver.com/item/main.naver?code=344820
한국화장품제조,KOSPI,16570.0,375476200000,9.96,2.6,1510.0,5776.0,0.96112,71182564340.0,13952906540.0,10837864320.0,,42.55038,화장품,17910.0,6750.0,0.0098678729,22660000,003350,5644029.0,1748607.2,3.227728331440017,26923933619.75,107.26600985221677,-63.33333333333333,3.227728331440017,26.142659279778393,19.601578939127048,96.112,-7.48185371300949,https://finance.naver.com/item/main.naver?code=003350
신세계인터내셔날,KOSPI,10850.0,379598100000,85.45,0.44,123.0,24118.0,0.57306,291576304400.0,6964738250.0,6808584570.0,,8.86194,"섬유,의류,신발,호화품",17130.0,9550.0,0.0613459955,34986000,031430,83179.0,48390.2,1.7189224264417176,507320220.5,-12.469635627530362,-12.892828364222398,2.4914135506776165,0.509992536694585,2.388650293216351,57.306000000000004,-36.66082895504962,https://finance.naver.com/item/main.naver?code=031430
마키나락스,KOSDAQ,21250.0,377288140000,-22.1,23.87,-1052.0,974.0,0.11983,3992151500.0,-1802194750.0,-1546819520.0,,224.56969,소프트웨어,83600.0,13420.0,0.0,17754736,477850,363072.0,427251.1,0.84978599235906,9622031373.75,-21.40221402214022,-64.5,1.7000330718867664,-108.00821355236138,-45.143445833656365,11.983,-74.58133971291866,https://finance.naver.com/item/main.naver?code=477850
에스티아이,KOSDAQ,24150.0,374495185050,24.78,1.38,1045.0,18772.0,0.18532,72460474670.0,2896079740.0,4328589420.0,,32.96274,반도체와반도체장비,43200.0,17320.0,0.0279790214,15507047,039440,186667.0,97784.2,1.9089689336314046,2197488261.0,3.4115138592750505,-21.138211382113823,4.235234322109298,5.566801619433198,3.9967716926908725,18.532,-44.09722222222222,https://finance.naver.com/item/main.naver?code=039440
TCC스틸,KOSPI,14090.0,369350990730,-52.78,1.6,-284.0,9346.0,1.30313,182686709690.0,1170027180.0,-6051561930.0,,42.40289,철강,22950.0,6310.0,0.0355355065,26213697,002710,387104.0,561795.75,0.68904757645461,7482446526.5,59.88826815642459,5.530973451327426,5.047124332998247,-3.038733147870747,0.6404555547502127,130.313,-38.60566448801743,https://finance.naver.com/item/main.naver?code=002710
나이스정보통신,KOSDAQ,8220.0,374010000000,8.43,0.91,982.0,9066.0,1.7915,316161218510.0,21282587050.0,19485062500.0,,15.86565,상업서비스와공급품,8750.0,4190.0,0.2859763297,45500000,036800,78865.0,138075.0,0.5711750860039834,1087382907.25,-70.73345259391772,-68.59884836852208,3.2131015752308527,10.831678799911758,6.7315615590995845,179.15,-6.0571428571428605,https://finance.naver.com/item/main.naver?code=036800
삼양바이오팜,KOSPI,49400.0,367331978000,168.11,1.6,301.0,31593.0,0.16096,35859168670.0,746349830.0,1330448180.0,,-35.39576,건강관리장비와용품,150900.0,23250.0,0.0383804451,7435870,0120G0,38071.0,33379.55,1.14054862932544,1620184755.0,13.926940639269404,-65.00701262272091,1.2823719912341538,0.9527426961668725,2.081336120389207,16.096,-67.26308813783963,https://finance.naver.com/item/main.naver?code=0120G0
동화기업,KOSDAQ,7340.0,371090471900,-7.59,0.43,-1001.0,17795.0,1.65221,233505042650.0,-864710220.0,-8090164280.0,,7.35428,건축자재,12980.0,4500.0,0.5072268616,50557285,025900,58040.0,61330.45,0.9463488365078032,438077204.75,30.319148936170205,-29.933269780743565,1.4923092851919397,-5.625175611126721,-0.37031757866407683,165.221,-43.451463790446844,https://finance.naver.com/item/main.naver?code=025900
제주항공,KOSPI,4550.0,366916481750,-2.98,1.3,-1490.0,3415.0,10.09029,461809076650.0,-44963476490.0,-43455647420.0,,141.2569,항공사,6790.0,3985.0,0.0250586845,80640985,089590,231586.0,255350.05,0.9069354010308595,1184330237.25,4.20454545454545,-11.143410852713176,0.9069354010308595,-43.63103953147877,-9.73637781573473,1009.029,-32.98969072164949,https://finance.naver.com/item/main.naver?code=089590
신도리코,KOSPI,38200.0,371140847800,16.72,0.31,2330.0,124856.0,0.06689,71264703500.0,-8790840250.0,-2157716070.0,,18.85651,사무용전자제품,73200.0,37000.0,0.1103503402,9715729,029530,4438.0,4030.85,1.1010084721584779,157418570.0,-7.869249394673128,-26.82692307692308,1.5207710532517955,1.8661498045748701,-12.335475794128575,6.689,-47.81420765027322,https://finance.naver.com/item/main.naver?code=029530
현대퓨처넷,KOSPI,3375.0,368553510000,48.99,0.51,69.0,6666.0,0.05719,71566798000.0,6601167000.0,8919362000.0,,42.55038,화장품,3750.0,2770.0,0.0066347903,109201040,126560,25902.0,60015.9,0.43158562980810083,202055515.45,14.020270270270263,1.1994002998500841,1.1312002319385364,1.035103510351035,9.223784191099343,5.718999999999999,-9.999999999999998,https://finance.naver.com/item/main.naver?code=126560
시노펙스,KOSDAQ,3965.0,365655285645,50.06,2.15,80.0,1867.0,0.53497,53806934130.0,-1898878410.0,-2022096610.0,,108.08375,핸드셋,8330.0,2990.0,0.0133002384,92220753,025320,172985.0,287565.5,0.601549907760145,1105037000.6,-1.2376237623762387,-32.14285714285714,1.4926234197078578,4.284949116229245,-3.5290589228002163,53.49699999999999,-52.40096038415366,https://finance.naver.com/item/main.naver?code=025320
서울바이오시스,KOSDAQ,8000.0,366947064000,-24.93,4.94,-341.0,1721.0,2.80288,214143532510.0,10195901750.0,8161538060.0,,16.67937,디스플레이장비및부품,19270.0,2135.0,0.0254546798,45868383,092190,203651.0,181023.5,1.1249975831867134,1515918983.75,41.5929203539823,139.5209580838323,1.4943916121387555,-19.814061592097616,4.761246641676594,280.288,-58.48469122989102,https://finance.naver.com/item/main.naver?code=092190
제주은행,KOSPI,9660.0,365134060620,42.83,0.57,226.0,17124.0,12.85435,98100000000.0,4998000000.0,4763000000.0,,8.99477,은행,18840.0,8000.0,0.0072974214,37798557,006220,37807.0,165641.75,0.2282455962944125,1654352918.0,2.6624068157614422,-24.74629195940672,0.6467210108562605,1.3197850969399672,5.09480122324159,1285.435,-48.72611464968153,https://finance.naver.com/item/main.naver?code=006220
신대양제지,KOSPI,9040.0,364292292800,11.92,0.45,770.0,20359.0,0.29568,174536333480.0,14766524150.0,14530743950.0,,17.60036,포장재,18150.0,8200.0,0.0178748627,40297820,016590,4531.0,7939.2,0.5707124143490528,77479159.0,-9.719438877755515,-30.851880276285492,1.5399536477226925,3.7821111056535193,8.46042990337716,29.568,-50.192837465564736,https://finance.naver.com/item/main.naver?code=016590
우리로,KOSDAQ,8170.0,358050241830,-481.11,9.59,-18.0,903.0,0.42176,14727621030.0,2554875340.0,1272413110.0,,20.22511,컴퓨터와주변기기,16200.0,1206.0,0.0187119457,43824999,046970,2731576.0,6635871.15,0.4116378902263646,50728460463.95,85.97285067873304,6.476683937823835,1.9475641868061286,-1.9933554817275747,17.347508703515302,42.176,-49.5679012345679,https://finance.naver.com/item/main.naver?code=046970
아세아시멘트,KOSPI,10030.0,360862068160,21.49,0.33,463.0,30144.0,0.93557,277710635000.0,23561341000.0,12754116000.0,,7.35428,건축자재,14170.0,8310.0,0.0434343817,35978272,183190,32965.0,33301.85,0.9898849463318105,350306786.0,6.296691568836721,-11.387900355871883,1.2853940546846496,1.5359607218683653,8.48413349384333,93.557,-29.2166549047283,https://finance.naver.com/item/main.naver?code=183190
큐렉소,KOSDAQ,8620.0,355659389800,134.33,3.84,67.0,2342.0,0.10478,23617960750.0,2436183150.0,2484812140.0,,-35.39576,건강관리장비와용품,22550.0,6970.0,0.0471541178,41259790,060280,232084.0,190281.35,1.2196886347505942,1570654247.5,6.633906633906639,-50.28636884306987,1.914780402808788,2.860802732707088,10.314959770605936,10.478,-61.773835920177376,https://finance.naver.com/item/main.naver?code=060280
BGF,KOSPI,3785.0,362288053935,6.02,0.2,618.0,18674.0,0.21301,123573334570.0,13646457780.0,14491484250.0,,-33.60183,화학,5420.0,3605.0,0.0531727396,95716791,027410,110121.0,48731.85,2.259733623903053,183291144.3,-5.076142131979699,-16.51785714285714,2.259733623903053,3.3094141587233588,11.043205904806069,21.301000000000002,-30.1660516605166,https://finance.naver.com/item/main.naver?code=027410
국도화학,KOSPI,38350.0,355152907200,15.17,0.38,2538.0,100377.0,1.2519,534253619370.0,47954010280.0,43892831830.0,,-33.60183,화학,44450.0,29050.0,0.1962432749,9260832,007690,3433.0,15761.4,0.21781060058116666,604270357.5,8.732394366197195,4.748982360922649,0.780324082886038,2.528467676858244,8.975888705545524,125.19,-13.72328458942632,https://finance.naver.com/item/main.naver?code=007690
LS증권,KOSDAQ,6450.0,357853675500,17.54,0.46,370.0,14185.0,14.66132,2299403169950.0,58075048890.0,43573079880.0,,7.94241,증권,9190.0,4660.0,0.0244708882,55481190,078020,25047.0,41082.75,0.6096719426036475,270113485.5,0.6220839813374734,-8.22695035460993,0.8445150336820199,2.608389143461403,2.5256575118691704,1466.132,-29.815016322089228,https://finance.naver.com/item/main.naver?code=078020
아이씨티케이,KOSDAQ,24850.0,360383397500,-57.11,9.02,-499.0,3161.0,0.47558,1723536120.0,-1939948300.0,-12812875010.0,,-391.40909,통신장비,39950.0,11000.0,0.0314362845,14502350,456010,932591.0,1067649.25,0.873499419402018,23398551558.0,70.65663474692204,62.54071661237786,1.6533257528162923,-15.78614362543499,-112.55628921777398,47.558,-37.79724655819775,https://finance.naver.com/item/main.naver?code=456010
프레스티지바이오파마,KOSPI,5980.0,359375006900,,,,,0.4625,15387797000.0,-23292941000.0,-52314788000.0,,47.93196,제약,14120.0,4945.0,0.6362658809,60096155,950210,26911.0,29713.1,0.905694794551898,180810141.0,1.1945392491467643,-42.31517509727627,1.4594909316092903,,-151.37281184564625,46.25,-57.64872521246459,https://finance.naver.com/item/main.naver?code=950210
삼립,KOSPI,41150.0,355083720350,23.64,0.69,1732.0,59413.0,1.53625,847831492830.0,110210380.0,-3052252960.0,,31.73003,식품,56300.0,34650.0,0.019726599,8629009,005610,3226.0,2665.85,1.2101205994335766,108794187.5,0.8588957055214674,-19.094488188976378,2.1891704334452426,2.915186911955296,0.012999090141382428,153.625,-26.909413854351683,https://finance.naver.com/item/main.naver?code=005610
펨트론,KOSDAQ,15700.0,351563144900,-93.61,13.86,-180.0,1216.0,1.37005,24004276740.0,1393395010.0,-2224344850.0,,307.43097,전자장비와기기,34700.0,8670.0,0.02094111,22392557,168360,175961.0,127195.1,1.3833944861083485,1893934076.5,13.015647226173543,-21.72413793103448,6.107758868069603,-14.802631578947366,5.804778144713224,137.005,-54.75504322766571,https://finance.naver.com/item/main.naver?code=168360
에이스침대,KOSDAQ,32400.0,359316000000,6.04,0.45,5302.0,70896.0,0.09387,84791570730.0,16622531820.0,22394602760.0,,27.78149,가구,39850.0,26400.0,0.017551578,11090000,003800,2092.0,1520.4,1.3759536963956853,49242026.25,-0.776397515527949,-4.341317365269459,1.5594580373585898,7.478560144436922,19.603990911939555,9.386999999999999,-18.695106649937266,https://finance.naver.com/item/main.naver?code=003800
넥스틸,KOSPI,13660.0,355187320000,10.24,0.8,1386.0,17845.0,0.79293,167465318820.0,5492244230.0,449133500.0,,42.40289,철강,23000.0,9030.0,0.0100899931,26002000,092790,244654.0,1254552.25,0.19501300165058888,18141604131.25,30.14218009478673,20.75637642919965,1.6097655557988917,7.7668814794059955,3.279630832640241,79.293,-40.60869565217391,https://finance.naver.com/item/main.naver?code=092790
디아이티,KOSDAQ,18560.0,350784000000,11.79,1.52,1644.0,12787.0,0.15321,41600866280.0,14097114500.0,13678428590.0,,32.96274,반도체와반도체장비,29000.0,11950.0,0.0641373016,18900000,110990,61497.0,71960.4,0.8545950272649958,1240842988.25,17.610454262601127,-4.352226720647778,1.9827988727133259,12.856807695315556,33.88658881552502,15.321000000000002,-36.0,https://finance.naver.com/item/main.naver?code=110990
보성파워텍,KOSDAQ,7220.0,354717329280,18.19,3.35,415.0,2253.0,0.14493,24391145190.0,4726421090.0,4161270850.0,,57.41321,전기장비,18200.0,4680.0,0.0380089699,49129824,006910,817538.0,1084645.6,0.7537374419810489,8152408337.75,15.04000000000001,-29.371316306483298,0.7537374419810489,18.41988459831336,19.377610412231736,14.493,-60.329670329670336,https://finance.naver.com/item/main.naver?code=006910
한세실업,KOSPI,8790.0,351600000000,6.07,0.47,1454.0,18656.0,1.33173,561596038210.0,36093623010.0,13141328650.0,,8.86194,"섬유,의류,신발,호화품",15540.0,7800.0,0.055407725,40000000,105630,19740.0,44001.4,0.4486220892971587,388623040.5,-0.1136363636363602,-27.950819672131143,0.7691800715431781,7.793739279588337,6.4269725130260555,133.173,-43.43629343629344,https://finance.naver.com/item/main.naver?code=105630
더블유씨피,KOSDAQ,10310.0,348922814640,-2.26,0.41,-4789.0,26430.0,1.16619,36236878610.0,-15498673110.0,809747260.0,,-86.37263,전기제품,21350.0,5520.0,0.0245921005,33843144,393890,288456.0,231900.75,1.2438769602944364,2368138276.0,24.33734939759036,-23.4988880652335,1.6340180012354424,-18.119561104805147,-42.770441893753386,116.619,-51.7096018735363,https://finance.naver.com/item/main.naver?code=393890
제이에스코퍼레이션,KOSPI,12050.0,349651933900,4.56,0.68,2692.0,18174.0,2.26251,453516257270.0,56475627040.0,28353430820.0,,8.86194,"섬유,의류,신발,호화품",16090.0,9500.0,0.030498962,29016758,194370,33943.0,43226.35,0.7852386333798713,550311696.0,2.9159519725557415,2.564102564102555,1.2380874165873363,14.812369318807086,12.452834079193185,226.25099999999998,-25.108763206960848,https://finance.naver.com/item/main.naver?code=194370
덴티움,KOSPI,39850.0,343662056350,21.2,0.62,1903.0,65218.0,0.65957,89345998980.0,14688440420.0,13890294420.0,,-35.39576,건강관리장비와용품,60600.0,35000.0,0.1328571987,8623891,145720,17643.0,12314.3,1.4327245560039954,467301518.75,1.6518424396442244,-24.52830188679245,3.492768569874049,2.917906099543071,16.439953201808162,65.957,-34.240924092409244,https://finance.naver.com/item/main.naver?code=145720
동아에스티,KOSPI,35450.0,344853381450,-11.76,0.52,-2975.0,66929.0,1.00974,224659014800.0,6293596660.0,1447418120.0,,47.93196,제약,56460.988,31600.0,0.1929395518,9727881,170900,6053.0,7230.85,0.837107670605807,256937051.25,0.28328611898016387,-22.7917121046892,0.837107670605807,-4.44500889001778,2.8013995635130864,100.974,-37.21328433005813,https://finance.naver.com/item/main.naver?code=170900
감성코퍼레이션,KOSDAQ,3840.0,345073704960,9.73,2.54,387.0,1485.0,0.28475,58549423710.0,9099136650.0,7229233980.0,,8.86194,"섬유,의류,신발,호화품",7700.0,3540.0,0.1487654578,89862944,036620,192223.0,206291.9,0.9318010062440649,774560654.35,-7.255139056831927,-33.65051903114187,1.3291360446047567,26.060606060606062,15.54094997598739,28.475,-50.129870129870135,https://finance.naver.com/item/main.naver?code=036620
광동제약,KOSPI,7000.0,348598656000,13.05,0.52,521.0,13201.0,0.85871,439815610350.0,2822601170.0,3163818430.0,,47.93196,제약,12800.0,5150.0,0.1579991031,49799808,009290,253029.0,114135.4,2.216919553442666,734267564.75,14.049586776859503,-22.297297297297302,2.3305565144556377,3.9466707067646394,0.6417692104547649,85.871,-45.3125,https://finance.naver.com/item/main.naver?code=009290
유니슨,KOSDAQ,1174.0,342704778398,-10.65,2.79,-113.0,431.0,1.71334,5763640730.0,-4942929730.0,-10262047820.0,,-44.49442,에너지장비및서비스,1794.0,681.0,0.0184274767,291912077,018000,815838.0,1388906.25,0.5873960175497807,1693823333.35,37.63188745603752,-16.142857142857146,1.2892526043424457,-26.218097447795824,-85.76054548771293,171.334,-34.55964325529543,https://finance.naver.com/item/main.naver?code=018000
다날,KOSDAQ,4480.0,338891647360,-4.97,1.16,-938.0,4033.0,1.34834,60530648810.0,1797242990.0,-8195072770.0,,32.07185,IT서비스,10700.0,3805.0,0.0361443384,75645457,064260,442353.0,1103448.85,0.4008821976659815,5262369972.85,14.393939393939403,-29.54898911353032,0.8918990671837665,-23.25812050582693,2.96914542522314,134.834,-58.13084112149532,https://finance.naver.com/item/main.naver?code=064260
매커스,KOSDAQ,28250.0,336226895250,11.33,2.04,2604.0,14459.0,1.33,66835794640.0,13035437850.0,14185810910.0,,32.96274,반도체와반도체장비,33850.0,16000.0,0.3294169631,11901837,093520,16990.0,16384.7,1.036943001702808,461197292.5,72.1556886227545,23.39055793991416,1.1565057645242207,18.009544228508194,19.503677513244572,133.0,-16.543574593796162,https://finance.naver.com/item/main.naver?code=093520
한국철강,KOSPI,9380.0,341901000000,-35.13,0.4,-271.0,23878.0,0.14835,173809519340.0,-6284385120.0,-1795105040.0,,42.40289,철강,11720.0,7610.0,0.0529428258,36450000,104700,10549.0,23567.0,0.4476174311537319,225370696.75,2.6258205689277947,2.178649237472774,5.468536512920609,-1.1349359242817656,-3.6156737236622294,14.835,-19.965870307167233,https://finance.naver.com/item/main.naver?code=104700
엔젤로보틱스,KOSDAQ,22250.0,342493827250,-34.97,10.47,-642.0,2144.0,0.17056,788302490.0,-3485917720.0,-1138909920.0,,-35.39576,건강관리장비와용품,43950.0,14860.0,0.0206322609,15392981,455900,46356.0,46860.8,0.9892276700355094,999771724.25,38.92365456821025,-17.16417910447762,1.365000170718383,-29.94402985074627,-442.20559546881555,17.055999999999997,-49.37428896473265,https://finance.naver.com/item/main.naver?code=455900
엠씨넥스,KOSPI,19100.0,332368650000,6.19,0.82,3145.0,23796.0,0.5877,294668492130.0,2187694730.0,792768020.0,,108.08375,핸드셋,32500.0,15600.0,0.1264747867,17401500,097520,28912.0,26740.25,1.0812165181701743,507114070.5,5.214050493962685,-13.257918552036196,1.8907826217032375,13.216506975962346,0.7424257388994432,58.77,-41.230769230769226,https://finance.naver.com/item/main.naver?code=097520
풀무원,KOSPI,8850.0,337366796700,105.0,1.05,84.0,8405.0,2.74249,893550879140.0,24638411320.0,10306279890.0,,31.73003,식품,14920.0,8100.0,0.0074441491,38120542,017810,12419.0,21234.7,0.5848446175363909,193623320.75,-5.308775731310944,-27.82824112303881,0.8538382929827122,0.9994051160023795,2.7573596417602197,274.249,-40.683646112600535,https://finance.naver.com/item/main.naver?code=017810
티로보틱스,KOSDAQ,14640.0,330249749520,-6.8,6.58,-2230.0,2304.0,0.60575,10837745650.0,-1412108040.0,-966213990.0,,178.59148,기계,30900.0,9800.0,0.0224947705,22558043,117730,65465.0,128439.3,0.5096960198319361,1813621535.25,26.810344827586196,-19.6613872200983,1.1662863313643097,-96.78819444444444,-13.029536636154587,60.575,-52.62135922330098,https://finance.naver.com/item/main.naver?code=117730
한국알콜,KOSDAQ,16180.0,334497327080,10.44,0.6,1507.0,26443.0,0.18057,128648249610.0,17230920990.0,17843089220.0,,-33.60183,화학,16420.0,9060.0,0.2585345708,20673506,017890,83392.0,68583.55,1.2159183944254854,1048602827.25,27.923627684964192,43.57142857142857,1.308141675372593,5.699050788488447,13.393824667056037,18.057000000000002,-1.461632155907433,https://finance.naver.com/item/main.naver?code=017890
삼양엔씨켐,KOSDAQ,15110.0,330731910800,22.58,2.86,691.0,5448.0,0.19275,38008074720.0,5587144970.0,7127750610.0,,32.96274,반도체와반도체장비,25000.0,8230.0,0.0307035546,21888280,482630,156069.0,170567.85,0.9149965834710351,2402236971.5,20.254169976171553,-7.457212713936434,3.439024411693059,12.683553597650512,14.699889460751933,19.275000000000002,-39.559999999999995,https://finance.naver.com/item/main.naver?code=482630
넥센,KOSPI,6200.0,325772657400,3.67,0.24,1757.0,26875.0,1.14897,1008641751940.0,49074520690.0,22868368410.0,,9.77399,자동차부품,8090.0,4965.0,0.0262321027,52543977,005720,103618.0,47840.5,2.165905456673739,286150623.0,4.658901830282858,-6.814814814814818,7.039997491665011,6.537674418604651,4.8654064335142895,114.897,-23.36217552533992,https://finance.naver.com/item/main.naver?code=005720
한국피아이엠,KOSDAQ,54400.0,330450460800,-5780.0,6.09,-10.0,9488.0,0.65829,10502526840.0,179762940.0,760923620.0,,9.77399,자동차부품,178400.0,21150.0,0.0171890261,6074457,448900,33346.0,63256.15,0.5271582288836737,3361352330.0,19.95589856670341,-55.04132231404959,0.9258546402207533,-0.10539629005059022,1.7116160971410572,65.82900000000001,-69.50672645739911,https://finance.naver.com/item/main.naver?code=448900
티이엠씨,KOSDAQ,15050.0,329939614900,20.16,1.62,759.0,9438.0,0.55838,86461337820.0,5858763870.0,5292344620.0,,32.96274,반도체와반도체장비,30300.0,6300.0,0.0107768599,21922898,425040,781359.0,991049.5,0.788415714855817,12610479136.75,72.11428571428571,50.90180360721443,2.7228317051771884,8.041958041958042,6.7761661081362154,55.838,-50.33003300330032,https://finance.naver.com/item/main.naver?code=425040
신라젠,KOSDAQ,2380.0,329757482320,-13.37,2.94,-175.0,797.0,0.06613,2244329080.0,-6183107000.0,-5487443200.0,,47.93196,제약,5400.0,1780.0,0.0243491246,138553564,215600,554733.0,629871.65,0.8807079982088414,1451182823.05,10.440835266821335,-40.5,1.5503602995943697,-21.9573400250941,-275.4991260016111,6.6129999999999995,-55.925925925925924,https://finance.naver.com/item/main.naver?code=215600
유니셈,KOSDAQ,10560.0,323814194880,36.16,1.33,305.0,8275.0,0.17474,80144122690.0,5347885540.0,5258194440.0,,32.96274,반도체와반도체장비,14390.0,6000.0,0.1762445766,30664223,036200,163588.0,261100.4,0.6265329352233854,2546408499.0,30.89133089133089,13.43915343915343,1.403123089815259,3.6858006042296076,6.6728355873153555,17.474,-26.615705350938157,https://finance.naver.com/item/main.naver?code=036200
LB세미콘,KOSDAQ,4675.0,327638053050,-1.87,1.11,-2600.0,4381.0,1.3202,144854953990.0,13108569880.0,8970908830.0,,32.96274,반도체와반도체장비,6812.108,2885.0,0.2696761751,70083006,061970,283328.0,335445.85,0.8446311081207295,1440012383.9,23.42105263157894,4.338153503893216,1.889938420761503,-59.34718100890207,9.049445337509786,132.02,-31.37219785710973,https://finance.naver.com/item/main.naver?code=061970
상신이디피,KOSDAQ,24450.0,325874954550,164.57,2.07,151.0,12012.0,1.20281,86036945970.0,6399286250.0,5366212570.0,,-86.37263,전기제품,31550.0,10820.0,0.0470299895,13328219,091580,333795.0,286212.5,1.166248853561602,6296447112.5,81.98665678280209,32.060247444862824,2.1381211512425207,1.257076257076257,7.437835197255084,120.28099999999999,-22.50396196513471,https://finance.naver.com/item/main.naver?code=091580
현대코퍼레이션,KOSPI,24250.0,320802425500,3.44,0.43,7226.0,57671.0,3.19572,2816432723330.0,62936540860.0,40296711110.0,,16.98985,무역회사와판매업체,32850.0,20050.0,0.1013849457,13228966,011760,13519.0,28893.8,0.4678858440219009,752946915.0,7.8947368421052655,-5.927342256214152,0.9977919138361864,12.52969430042829,2.234619003630493,319.572,-26.17960426179604,https://finance.naver.com/item/main.naver?code=011760
한스바이오메드,KOSDAQ,22300.0,318028484100,-9.22,8.93,-2413.0,2492.0,0.9429,36345572940.0,4095164850.0,1786216180.0,,-35.39576,건강관리장비와용품,57800.0,15300.0,0.0655160897,14261367,042520,111069.0,111629.3,0.9949807084699088,2214397479.0,-11.198428290766206,-45.01216545012166,2.0826790099015224,-96.8298555377207,11.267300303011814,94.28999999999999,-61.418685121107266,https://finance.naver.com/item/main.naver?code=042520
SIMPAC,KOSPI,4915.0,321298307720,13.08,0.41,381.0,12180.0,1.05468,461111549990.0,26833708000.0,17082685000.0,,28.21512,비철금속,6900.0,3725.0,0.0119885941,65370968,009160,39522.0,56885.9,0.6947591582448375,272960264.15,-3.4381139489194523,-1.4042126379137376,1.5784051935541143,3.12807881773399,5.819352822669901,105.468,-28.76811594202898,https://finance.naver.com/item/main.naver?code=009160
헥토파이낸셜,KOSDAQ,22500.0,314339760000,33.67,1.87,701.0,12613.0,1.87539,50136973070.0,4609083920.0,4219677250.0,,32.07185,IT서비스,45000.0,14180.0,0.0360707471,13970656,234340,179990.0,594004.35,0.3030112489916951,13672113667.25,35.74392412566687,-13.74764595103578,0.6555894750602416,5.557757868865456,9.192984015139707,187.539,-50.0,https://finance.naver.com/item/main.naver?code=234340
스틱인베스트먼트,KOSPI,8220.0,318696280140,18.87,1.12,417.0,7052.0,0.31904,20298531270.0,3056316850.0,1710080960.0,,15.23109,창업투자,13390.0,5990.0,0.4831383702,38770837,026890,64969.0,36026.25,1.8033794802401026,287147429.75,12.092391304347828,-12.698412698412698,1.829749141251171,5.913216108905275,15.056837410286189,31.904,-38.610903659447345,https://finance.naver.com/item/main.naver?code=026890
메가터치,KOSDAQ,11000.0,319870221000,-83.7,4.59,-138.0,2519.0,0.15059,25216164730.0,4771813600.0,4080083150.0,,307.43097,전자장비와기기,11800.0,3245.0,0.3686247836,29079111,446540,414730.0,1021652.05,0.40594055481022134,9819869722.5,89.1566265060241,160.4265402843602,0.9287291108553053,-5.478364430329496,18.923629549115812,15.059000000000001,-6.779661016949157,https://finance.naver.com/item/main.naver?code=446540
이뮨온시아,KOSDAQ,3470.0,317165873430,-9.31,9.48,-375.0,368.0,0.04849,,-4273817150.0,-3901969400.0,,47.93196,제약,15499.001,2300.0,0.0109325295,91402269,424870,474691.0,1287669.0,0.3686436498820737,4565279754.5,16.36060100166945,-64.29303278688525,0.8721822145287337,-101.90217391304348,,4.849,-77.6114602483089,https://finance.naver.com/item/main.naver?code=424870
삼미금속,KOSDAQ,13510.0,311426832290,143.37,2.95,86.0,4178.0,1.22631,22258663140.0,2606524970.0,1279299170.0,,178.59148,기계,20850.0,4020.0,0.0078641034,23051579,012210,17144238.0,5526296.2,3.1023016826351073,65880920325.5,119.51999999999998,9.759999999999991,3.1023016826351073,2.0584011488750598,11.710159561721099,122.631,-35.20383693045564,https://finance.naver.com/item/main.naver?code=012210
비츠로넥스텍,KOSDAQ,10680.0,309468411240,-45.27,5.87,-264.0,2035.0,1.21622,6670405540.0,-3119672680.0,-2436899340.0,,41.29186,우주항공과국방,31100.0,6540.0,0.0023738939,28976443,488900,468579.0,142586.35,3.2862823124373404,1599858963.75,52.6610644257703,-45.90570719602978,3.2862823124373404,-12.972972972972974,-46.76886077304379,121.62200000000001,-65.65916398713827,https://finance.naver.com/item/main.naver?code=488900
GRT,KOSDAQ,3390.0,314428212150,,,,,0.835,277436640000.0,41673993000.0,28322192000.0,,-33.60183,화학,7490.0,2120.0,0.6065803333,92751685,900290,116949.0,239564.35,0.4881736368537305,864893749.95,42.85714285714286,-37.38489871086556,3.030146179930361,,15.02108481417595,83.5,-54.73965287049399,https://finance.naver.com/item/main.naver?code=900290
유바이오로직스,KOSDAQ,8520.0,313129655640,7.48,1.76,1127.0,4782.0,0.31719,33219694670.0,8576674710.0,7502444750.0,,-66.93263,생물공학,17700.0,6950.0,0.0607976528,36752307,206650,73225.0,75786.45,0.9662017418681045,644158013.75,4.29975429975431,-40.37921348314607,1.0585005630953819,23.567544960267668,25.818041963357995,31.719,-51.864406779661024,https://finance.naver.com/item/main.naver?code=206650
알멕,KOSDAQ,49650.0,317332066650,-246.83,2.15,-205.0,23535.0,1.24311,55217090660.0,2601088840.0,3506548200.0,,9.77399,자동차부품,104000.0,18900.0,0.0332806009,6391381,354320,204412.0,196240.0,1.0416428862617204,7827423565.0,90.05847953216374,4.9515608180839665,2.7895536078271506,-0.8710431272572764,4.710658980597585,124.31099999999999,-52.25961538461539,https://finance.naver.com/item/main.naver?code=354320
수산인더스트리,KOSPI,21700.0,310006200000,6.14,0.55,3475.0,39100.0,0.23014,92617220410.0,5862779530.0,18373341290.0,,-44.49442,에너지장비및서비스,36400.0,19430.0,0.0264365813,14286000,126720,19772.0,21454.5,0.9215782236826773,469644861.25,4.316546762589923,-18.99441340782123,0.9215782236826773,8.887468030690538,6.330118204850583,23.014000000000003,-40.38461538461539,https://finance.naver.com/item/main.naver?code=126720
유니테스트,KOSDAQ,14450.0,305388120700,-15.07,3.23,-1022.0,4773.0,0.94726,50527384900.0,7880932740.0,6969281360.0,,32.96274,반도체와반도체장비,23700.0,6030.0,0.0862418441,21134126,086390,289545.0,197115.0,1.4689140856860208,2555184999.0,46.78068410462777,-15.125072716695753,1.970215356517769,-21.41210978420281,15.597349349461384,94.726,-39.029535864978904,https://finance.naver.com/item/main.naver?code=086390
대한제강,KOSPI,9130.0,313812671480,15.43,0.3,598.0,30821.0,0.40836,387727240070.0,16292618910.0,8866776050.0,,42.40289,철강,15503.954,6800.0,0.0198383863,34371596,084010,86936.0,183383.35,0.47406702953130697,1735200685.5,15.35483870967742,-15.099715099715095,14.916806787530057,1.940235553680932,4.202082605044346,40.836,-41.11179638432879,https://finance.naver.com/item/main.naver?code=084010
KG모빌리티플랫폼,KOSPI,6300.0,307571342400,6.03,1.38,1050.0,4587.0,1.79833,439157235900.0,-33635105620.0,-27103154680.0,,6.7493,자동차,16970.0,5990.0,0.0750954387,48820848,381970,55360.0,58720.1,0.9427776860053031,378197620.0,-21.793275217932752,-55.743481324876676,0.9427776860053031,22.890778286461742,-7.659012050904476,179.833,-62.87566293459046,https://finance.naver.com/item/main.naver?code=381970
휴온스글로벌,KOSDAQ,23800.0,301303525600,9.82,0.52,2367.0,44802.0,0.41409,214141005640.0,19504181320.0,-343623370.0,,47.93196,제약,76700.0,20100.0,0.0670178988,12659812,084110,25488.0,31029.85,0.8214026171573502,693776290.0,-9.962406015037594,-65.98011363636364,0.8370005011303632,5.283246283648051,9.108102047857741,41.409,-68.97001303780965,https://finance.naver.com/item/main.naver?code=084110
진에어,KOSPI,5830.0,304326000000,-30.85,1.34,-189.0,4355.0,6.35724,360297536790.0,-73103330430.0,-67543910600.0,,141.2569,항공사,8380.0,4710.0,0.0124258046,52200000,272450,33577.0,101898.95,0.32951271823703776,620773907.25,8.163265306122458,-7.753164556962022,0.5113006561892934,-4.339839265212399,-20.289711409436695,635.724,-30.429594272076375,https://finance.naver.com/item/main.naver?code=272450
한국공항,KOSPI,95200.0,301436996000,7.3,0.73,13258.0,132482.0,0.34892,173873700020.0,12924050320.0,10333016570.0,,6.899,운송인프라,102600.0,54200.0,0.1346172492,3166355,005430,2690.0,5945.65,0.4524316096642083,510184070.0,19.35081148564295,68.60670194003526,3.1278329535038223,10.00739723132199,7.43301046593786,34.892,-7.21247563352827,https://finance.naver.com/item/main.naver?code=005430
AP시스템,KOSDAQ,19970.0,300564895370,12.96,0.84,1605.0,24853.0,0.82639,162843598280.0,9594698000.0,9494953930.0,,16.67937,디스플레이장비및부품,31100.0,15600.0,0.1539270848,15050821,265520,28732.0,41517.75,0.6920413558056494,795521176.75,5.7489451476793185,-3.83693045563549,2.7116835570328353,6.45797288053756,5.891971254223013,82.639,-35.78778135048232,https://finance.naver.com/item/main.naver?code=265520
싸이맥스,KOSDAQ,27200.0,297139409600,20.42,1.64,1425.0,17779.0,0.26224,62515652940.0,11289841680.0,9006494590.0,,32.96274,반도체와반도체장비,47850.0,13610.0,0.0733450364,10924243,160980,138599.0,120714.6,1.1481544071719576,3043495368.75,-1.4311270125223596,7.6171875,1.7544273849227847,8.015073963664998,18.059223808852376,26.223999999999997,-43.15569487983281,https://finance.naver.com/item/main.naver?code=160980
이수화학,KOSPI,11390.0,299490584910,-9.26,3.24,-1279.0,3655.0,1.51095,743435315000.0,96559250000.0,77841970000.0,,-33.60183,화학,17990.0,5060.0,0.0649759648,26294169,005950,174814.0,306101.15,0.5710988018176344,3476633330.75,-4.900332225913617,43.483709273182946,1.7292813176298094,-34.99316005471956,12.988251708220236,151.095,-36.687048360200116,https://finance.naver.com/item/main.naver?code=005950
남해화학,KOSPI,6060.0,301053788580,9.92,0.53,608.0,11459.0,1.01992,504927562930.0,12919837130.0,8337343030.0,,-33.60183,화학,12820.0,5250.0,0.0225081933,49678843,025860,104080.0,252735.15,0.4118145022566113,1567491324.0,6.914893617021267,-25.0,0.7076063618376787,5.305873112837071,2.558750616628771,101.99199999999999,-52.73010920436818,https://finance.naver.com/item/main.naver?code=025860
툴젠,KOSDAQ,33700.0,303220097300,-8.49,5.79,-4181.0,6133.0,0.10352,487200050.0,-6891483130.0,-6781643680.0,,-66.93263,생물공학,139815.385,30150.0,0.0275831555,8997629,199800,34760.0,32649.35,1.0646460036723548,1110783081.25,-3.206997084548102,-40.819964349376114,1.7300191274864585,-68.17218327082993,-1414.5078864421298,10.352,-75.89678703813604,https://finance.naver.com/item/main.naver?code=199800
드림시큐리티,KOSDAQ,2885.0,293417436340,35.57,2.49,87.0,1244.0,2.92383,108304341200.0,8161426430.0,4783122850.0,,15.86565,상업서비스와공급품,4810.0,1400.0,0.0171499223,101704484,203650,3997677.0,9369350.05,0.42667602113980146,26025520240.3,40.09546539379476,74.70238095238095,1.8589860456756013,6.993569131832797,7.535641082871016,292.38300000000004,-40.02079002079002,https://finance.naver.com/item/main.naver?code=203650
서연이화,KOSPI,10970.0,296501953890,5.06,0.26,2220.0,43348.0,1.51921,1254454868840.0,51061941590.0,34111193460.0,,9.77399,자동차부품,18310.0,9390.0,0.0729789518,27028437,200880,18152.0,22537.65,0.8054078397703398,250883722.25,2.4096385542168752,-19.811320754716977,1.185926660499209,5.121343545261603,4.070448675225535,151.921,-40.087383943200436,https://finance.naver.com/item/main.naver?code=200880
애경산업,KOSPI,11310.0,298696364850,18.51,0.71,604.0,15841.0,0.29289,194164692920.0,4526677820.0,4611370980.0,,42.55038,화장품,19100.0,10120.0,0.0160082938,26409935,018250,18458.0,17331.75,1.0649818973848573,196148845.75,2.270663033605813,-26.40522875816993,1.2284968338453994,3.8128906003408876,2.3313599150928477,29.288999999999998,-40.78534031413612,https://finance.naver.com/item/main.naver?code=018250
아세아제지,KOSPI,7590.0,299421780900,10.03,0.35,758.0,22004.0,0.23394,229485570750.0,12443111010.0,11361912020.0,,17.60036,포장재,11380.0,6800.0,0.049353845,39449510,002310,39215.0,73043.5,0.536871864026231,604705815.0,-4.562737642585546,-14.236902050113898,2.472471883192892,3.444828213052172,5.4221757687569125,23.394000000000002,-33.30404217926186,https://finance.naver.com/item/main.naver?code=002310
지노믹트리,KOSDAQ,11800.0,293338583600,-32.62,2.55,-374.0,4790.0,0.02032,842315520.0,-2644007220.0,-2476249320.0,,-35.39576,건강관리장비와용품,33300.0,9930.0,0.0229866993,24859202,228760,64117.0,97471.15,0.6578048991932485,1101680199.5,9.843606255749759,-37.454164484023046,1.712045051279276,-7.807933194154488,-313.8974834513319,2.032,-64.56456456456456,https://finance.naver.com/item/main.naver?code=228760
코오롱,KOSPI,23000.0,296876640000,-2.07,0.18,-11476.0,132503.0,1.9159,1706697417660.0,99841066440.0,55380453280.0,,30.72731,복합기업,88200.0,20200.0,0.134591654,12907680,002020,24758.0,22176.1,1.1164271445384897,543183378.75,-47.12643678160919,-67.0487106017192,1.2584268649582209,-8.660935978808027,5.849957081255153,191.59,-73.92290249433107,https://finance.naver.com/item/main.naver?code=002020
에이블씨엔씨,KOSPI,11790.0,294318792540,20.16,3.2,548.0,3450.0,1.10789,65238290820.0,10407609700.0,9240011220.0,,42.55038,화장품,16790.0,8710.0,0.1005478976,24963426,078520,151172.0,78365.35,1.9290668643730933,831353850.75,18.562874251497007,-10.944527736131937,1.9290668643730933,15.884057971014492,15.95322251577038,110.789,-29.779630732578923,https://finance.naver.com/item/main.naver?code=078520
한국자산신탁,KOSPI,2425.0,296756770550,5.99,0.27,404.0,8853.0,0.55607,78793804650.0,31034236630.0,23352535160.0,,44.59822,부동산,3470.0,2040.0,0.0571893477,122373926,123890,64272.0,136101.85,0.4722345802059266,338474409.2,6.153846153846154,-14.964788732394362,0.8825449470378249,4.563424827742009,39.38664564790755,55.60699999999999,-30.115273775216135,https://finance.naver.com/item/main.naver?code=123890
인탑스,KOSDAQ,18730.0,294853279000,18.95,0.46,1023.0,42138.0,0.1535,155007375290.0,1867198440.0,4402051820.0,,108.08375,핸드셋,24950.0,13000.0,0.0818112347,15742300,049070,34861.0,87050.45,0.4004689234805794,1647916961.5,10.560471976401175,10.625737898465172,1.2816475963076583,2.427737434144952,1.2045868375660822,15.35,-24.929859719438873,https://finance.naver.com/item/main.naver?code=049070
한국정보통신,KOSDAQ,7840.0,293563084640,7.58,0.82,1038.0,9544.0,0.82891,237610744000.0,11941965000.0,10182505000.0,,32.07185,IT서비스,16500.0,6915.0,0.6320197287,37444271,025770,10014.0,22589.85,0.4432964362313163,180042527.75,4.376657824933683,2.3407022106632036,1.8945234253436833,10.875943000838223,5.025852282167847,82.891,-52.48484848484849,https://finance.naver.com/item/main.naver?code=025770
일성아이에스,KOSPI,22200.0,295260000000,131.18,0.41,170.0,53943.0,0.03758,17090884670.0,-1563119470.0,216945170.0,,47.93196,제약,29300.0,17120.0,0.0026686466,13300000,003120,4368.0,3864.85,1.1301861650516838,84689128.75,11.838790931989918,-4.516129032258065,4.577409213811662,0.3151474704780972,-9.145924861009549,3.758,-24.232081911262803,https://finance.naver.com/item/main.naver?code=003120
제이브이엠,KOSDAQ,24250.0,293179881000,9.87,1.2,2461.0,20312.0,0.36942,49306359680.0,13523560610.0,11578547350.0,,-35.39576,건강관리장비와용품,32900.0,19930.0,0.1982175689,12089892,054950,11709.0,10113.65,1.1577422592239202,237836780.0,12.993039443155464,-2.012072434607648,1.668734828672141,12.11599054745963,27.4276192721758,36.942,-26.29179331306991,https://finance.naver.com/item/main.naver?code=054950
삼양컴텍,KOSDAQ,7120.0,293418404000,11.26,1.93,649.0,3797.0,0.68551,46789798590.0,11483135120.0,9291731560.0,,41.29186,우주항공과국방,18170.0,4710.0,0.0434014916,41210450,484590,100728.0,200628.35,0.5020626446860575,1411649639.5,20.270270270270263,-40.31852472757753,1.4010981000441862,17.092441401106136,24.5419631330796,68.551,-60.814529444138685,https://finance.naver.com/item/main.naver?code=484590
사피엔반도체,KOSDAQ,34950.0,288526963950,-61.88,23.12,-585.0,1566.0,0.93915,7214957820.0,311641700.0,103805630.0,,32.96274,반도체와반도체장비,56000.0,19000.0,0.0408033703,8255421,452430,24866.0,58644.45,0.4240128435001096,2205931952.5,34.46969696969697,8.066971080669717,1.6887019999334976,-37.35632183908046,4.319383533138937,93.915,-37.589285714285715,https://finance.naver.com/item/main.naver?code=452430
한라IMS,KOSDAQ,17120.0,292917721600,11.22,1.46,1511.0,11613.0,0.46431,42836209120.0,9193629960.0,8363809400.0,,19.27479,조선,22150.0,13100.0,0.0081948347,17109680,092460,12360.0,12813.3,0.9646226967291799,212610586.75,23.06034482758621,12.47537754432042,1.8283346210578073,13.011280461551708,21.462286576865978,46.431,-22.708803611738148,https://finance.naver.com/item/main.naver?code=092460
LX하우시스,KOSPI,32750.0,293691192500,-7.5,0.39,-4396.0,83591.0,1.60847,939692000000.0,54903000000.0,47092000000.0,,7.35428,건축자재,43000.0,27000.0,0.1570696736,8967670,108670,7593.0,17594.1,0.4315651269459649,602142522.5,0.3072196620583778,14.360770577933458,1.234959446632678,-5.258939359500425,5.842659084040303,160.847,-23.83720930232558,https://finance.naver.com/item/main.naver?code=108670
에스바이오메딕스,KOSDAQ,23000.0,287065944000,-34.06,32.82,-684.0,710.0,0.92258,4816104620.0,-3686242210.0,-6405353060.0,,-66.93263,생물공학,42600.0,13910.0,0.0208997136,12481128,304360,33757.0,25101.55,1.3448173519165152,524570772.0,25.267094017094017,-30.104321907600596,1.8456230790528871,-96.3380281690141,-76.53991141911696,92.258,-46.009389671361504,https://finance.naver.com/item/main.naver?code=304360
스카이랩스,KOSDAQ,15280.0,286683008560,-1.59,11.14,-10684.0,1526.0,0.25444,2817634980.0,-4758595530.0,-4740682760.0,,-61.00908,건강관리기술,39350.0,8200.0,0.0090907797,18761977,386380,975271.0,11200391.35,0.08707472529520141,276624010339.75,-33.787234042553195,-33.787234042553195,0.3572399280494784,-700.1310615989514,-168.8861603357863,25.444,-61.168996188055914,https://finance.naver.com/item/main.naver?code=386380
퍼스텍,KOSPI,5980.0,291656189240,20.46,3.67,303.0,1691.0,4.06274,92241612170.0,3412773070.0,2685184330.0,,41.29186,우주항공과국방,18730.0,3700.0,0.1084410671,48771938,010820,381547.0,402182.25,0.9486917933349868,2508245281.5,7.526881720430101,-15.966386554621847,1.8260776053642347,17.9183914843288,3.699819408739634,406.274,-68.07261078483717,https://finance.naver.com/item/main.naver?code=010820
브릴스,KOSDAQ,24950.0,283523042550,161.7,8.86,188.0,3430.0,0.69197,11121954780.0,1423791700.0,1480937420.0,,178.59148,기계,62100.0,24900.0,0.0020276937,11363649,468670,,,,,,,,5.481049562682216,12.801631800916205,69.197,-59.82286634460547,https://finance.naver.com/item/main.naver?code=468670
에이플러스에셋,KOSPI,12940.0,292543547420,12.88,1.68,979.0,7506.0,0.98019,198958559150.0,10117889620.0,9059878900.0,,8.69824,손해보험,14990.0,5600.0,0.1218212314,22607693,244920,11483.0,27932.3,0.41110112665265663,373935817.0,21.709894332372713,20.551855375832552,1.169900079835889,13.042899014122037,5.085425660110386,98.019,-13.675783855903934,https://finance.naver.com/item/main.naver?code=244920
휴메딕스,KOSDAQ,26000.0,291978180000,5.21,0.97,5017.0,26994.0,0.08597,50421305090.0,11685116180.0,2447365520.0,,47.93196,제약,52700.0,21050.0,0.0649440379,11229930,200670,15494.0,27193.45,0.5697695584782365,685403655.0,-1.8903591682419618,-27.51396648044693,0.8567136571490561,18.58561161739646,23.174957806313298,8.597000000000001,-50.664136622390885,https://finance.naver.com/item/main.naver?code=200670
한양증권,KOSPI,19120.0,288893372320,4.36,0.43,4383.0,44072.0,9.62336,813033256780.0,25478083540.0,19700533490.0,,7.94241,증권,31500.0,17200.0,0.1019697824,15109486,001750,6914.0,6699.2,1.0320635299737282,129135799.5,-5.185185185185182,-29.151291512915133,1.409720563649391,9.945089852967872,3.133707425561579,962.336,-39.301587301587304,https://finance.naver.com/item/main.naver?code=001750
씨앤씨인터내셔널,KOSDAQ,21050.0,286909416050,15.39,0.79,1329.0,26036.0,0.2004,73321341720.0,1600640910.0,-6233460270.0,,42.55038,화장품,41850.0,16550.0,0.0044290124,13629901,352480,16858.0,12090.1,1.394363983755304,260957038.75,7.526881720430101,-21.93308550185874,1.394363983755304,5.104470732831464,2.1830491265592733,20.04,-49.70131421744325,https://finance.naver.com/item/main.naver?code=352480
유나이티드제약,KOSPI,18020.0,286712165500,6.79,0.62,2614.0,28664.0,0.14814,77221337750.0,13297698400.0,37705892560.0,,47.93196,제약,21800.0,16100.0,0.0858788463,15910775,033270,20923.0,26835.15,0.7796863442164474,480827266.5,4.416037187681576,-13.188405797101455,0.9457744786222547,9.119452972369523,17.22023832719733,14.814,-17.339449541284402,https://finance.naver.com/item/main.naver?code=033270
에코아이,KOSDAQ,9620.0,285051460980,156.5,2.22,60.0,4227.0,0.15494,17756462210.0,6163158360.0,5808554340.0,,15.86565,상업서비스와공급품,14000.0,5840.0,0.0048428124,29631129,448280,11873.0,7346.55,1.6161327425798504,67728477.5,40.116279069767444,-19.12751677852349,1.6161327425798504,1.4194464158977997,34.70938234829831,15.494,-31.285714285714285,https://finance.naver.com/item/main.naver?code=448280
에스비비테크,KOSDAQ,42550.0,283530733600,-29.12,22.92,-1554.0,1974.0,0.4137,2703873670.0,-2951877100.0,-3227679050.0,,178.59148,기계,115000.0,22800.0,0.0265957447,6663472,389500,54324.0,112378.55,0.4834018591626249,4649803230.0,27.436281859070455,-14.486921529175046,0.9175416482949815,-78.72340425531915,-109.17215300225176,41.370000000000005,-63.0,https://finance.naver.com/item/main.naver?code=389500
하림,KOSDAQ,2680.0,284642001360,7.34,0.87,363.0,3065.0,1.69477,425793631000.0,17304976000.0,8920902000.0,,31.73003,식품,3565.0,2550.0,0.047476642,106209702,136480,231313.0,145982.3,1.584527713291269,387873687.7,-2.737226277372262,-17.2360248447205,1.584527713291269,11.843393148450245,4.064169762088339,169.477,-24.824684431977563,https://finance.naver.com/item/main.naver?code=136480
덕산테코피아,KOSDAQ,13670.0,279914903280,-3.63,2.42,-3752.0,5642.0,7.02264,42181814090.0,-10561938960.0,-18128395900.0,,32.96274,반도체와반도체장비,33000.0,7850.0,0.0181682159,20476584,317330,117172.0,120141.8,0.9752808764310174,1577633071.5,36.81592039800996,-13.413098236775822,1.1572075663923795,-66.50124069478908,-25.039081859933347,702.264,-58.57575757575757,https://finance.naver.com/item/main.naver?code=317330
한국토지신탁,KOSPI,1115.0,281525491450,11.45,0.23,97.0,4754.0,0.91416,55219853660.0,4404196640.0,19151147690.0,,44.59822,부동산,1878.0,1039.0,0.0398345743,252489230,034830,290263.0,227663.45,1.2749653051466978,263236103.7,-1.4109347442680775,-34.619883040935676,1.665247539734639,2.0403870424905346,7.975748481909324,91.416,-40.6283280085197,https://finance.naver.com/item/main.naver?code=034830
송원산업,KOSPI,11780.0,282720000000,118.97,0.36,97.0,31671.0,0.60917,328509000000.0,39811000000.0,29619000000.0,,-33.60183,화학,16730.0,8470.0,0.1537110833,24000000,004430,122535.0,100850.75,1.2150132745666244,1178727206.25,-3.8430089942763646,27.410617551462614,1.2150132745666244,0.30627387831138897,12.1186938561805,60.917,-29.587567244471014,https://finance.naver.com/item/main.naver?code=004430
인화정공,KOSDAQ,6090.0,278280546390,11.3,0.85,553.0,7394.0,0.21733,31829877540.0,5133675670.0,9386222410.0,,19.27479,조선,17000.0,5480.0,0.0079479946,45694671,101930,30576.0,19678.1,1.553808548589549,126202921.25,-6.534954407294835,-87.5882946518668,6.7516680980379205,7.4790370570733025,16.12848074438429,21.733,-64.1764705882353,https://finance.naver.com/item/main.naver?code=101930
아이엠바이오로직스,KOSDAQ,18700.0,277619470700,148.2,3.29,128.0,5770.0,0.01953,,-2677728840.0,-2122500000.0,,47.93196,제약,104000.0,13190.0,0.0350368023,14845961,493280,176047.0,178513.15,0.9861850513533598,2875329741.0,-8.048780487804875,-74.83311081441923,2.220654332748036,2.218370883882149,,1.9529999999999998,-82.01923076923077,https://finance.naver.com/item/main.naver?code=493280
비츠로테크,KOSDAQ,10830.0,283746270750,46.79,1.19,252.0,9877.0,0.40381,123206867640.0,11817356980.0,11637323480.0,,-86.37263,전기제품,23800.0,6520.0,0.0268884476,26200025,042370,1209641.0,1413179.3,0.8559713548026071,15441627255.25,33.33333333333333,-6.2937062937062915,1.0671639472783105,2.551381998582565,9.591475870102723,40.381,-54.49579831932774,https://finance.naver.com/item/main.naver?code=042370
KG케미칼,KOSPI,4200.0,278895271200,4.13,0.28,1023.0,14858.0,1.27037,2581225451600.0,90911935490.0,135006841140.0,,6.7493,자동차,7400.0,3570.0,0.1172495886,66403636,001390,112930.0,95574.5,1.1815913240456397,415872976.7,1.4423076923076872,-21.26865671641791,1.1867600667542075,6.8851797011710865,3.5220455242934037,127.037,-43.24324324324324,https://finance.naver.com/item/main.naver?code=001390
빅웨이브로보틱스,KOSDAQ,26400.0,271138850400,333.33,25.22,93.0,1229.0,0.67519,6957931600.0,120463850.0,142651000.0,,32.07185,IT서비스,60000.0,22500.0,0.0032515739,10270411,0035S0,,,,,,,,7.5671277461350686,1.7313169620695896,67.51899999999999,-56.00000000000001,https://finance.naver.com/item/main.naver?code=0035S0
인피니트헬스케어,KOSDAQ,11420.0,278607550360,11.01,1.52,1083.0,7866.0,0.27189,25485285630.0,4926911040.0,25367573390.0,,-61.00908,건강관리기술,14080.0,5250.0,0.1312653255,24396458,071200,103699.0,192990.45,0.5373271060821921,2374867449.75,56.57534246575342,85.85365853658537,0.5373271060821921,13.768115942028986,19.33237520477419,27.189000000000004,-18.89204545454546,https://finance.naver.com/item/main.naver?code=071200
지놈앤컴퍼니,KOSDAQ,5290.0,276663958250,-28.68,2.45,-205.0,2402.0,0.51277,6253653470.0,-7973730580.0,-42647856380.0,,47.93196,제약,10180.0,2585.0,0.0282774619,52299425,314130,848747.0,599182.65,1.4165079713172601,2475943987.9,52.21745350500715,-44.46764091858037,1.8071067311445015,-8.534554537885096,-127.50515547833834,51.276999999999994,-48.03536345776032,https://finance.naver.com/item/main.naver?code=314130
필에너지,KOSDAQ,12770.0,276392373140,-18.85,2.29,-716.0,5893.0,0.78448,2390732760.0,-7143555190.0,-3797379860.0,,-86.37263,전기제품,22850.0,7330.0,0.0214408395,21643882,378340,30127.0,43347.05,0.6950184614639289,528317753.5,20.563380281690137,-11.448275862068968,1.83701082311253,-12.150008484642797,-298.8019116783258,78.448,-44.11378555798687,https://finance.naver.com/item/main.naver?code=378340
HLB테라퓨틱스,KOSDAQ,2870.0,271741053780,-27.52,1.7,-105.0,1705.0,0.30543,12558348050.0,-4731982440.0,-9042240740.0,,47.93196,제약,4160.0,1342.0,0.0274373957,94683294,115450,1640690.0,621262.6,2.640896136352003,1608846320.5,35.023041474654384,-4.56026058631922,6.4931045261697715,-6.158357771260997,-37.67997527349945,30.543,-31.009615384615387,https://finance.naver.com/item/main.naver?code=115450
KSS해운,KOSPI,12220.0,275897355500,7.38,0.5,1619.0,24109.0,2.29983,159897316520.0,32012343410.0,17011433210.0,,10.38757,해운사,14400.0,8540.0,0.087861402,22577525,044450,41031.0,123428.3,0.3324278143667214,1432228062.5,29.14466737064414,16.476190476190467,1.6765036867557925,6.7153345223775345,20.020563263171393,229.983,-15.138888888888891,https://finance.naver.com/item/main.naver?code=044450
퍼시스,KOSPI,23800.0,273700000000,6.11,0.36,3976.0,66786.0,0.12806,87598314290.0,-5417281160.0,31702740020.0,,27.78149,가구,50800.0,23500.0,0.2008793043,11500000,016800,178.0,832.0,0.21394230769230768,21439025.0,-12.86231884057971,-36.29139072847683,1.8016826923076923,5.953343515107957,-6.184229918016154,12.806000000000001,-53.14960629921259,https://finance.naver.com/item/main.naver?code=016800
KH바텍,KOSDAQ,11490.0,272053808580,12.64,0.93,925.0,12563.0,0.78792,103888068900.0,4974995270.0,3093857800.0,,108.08375,핸드셋,19960.0,8250.0,0.0752365057,23677442,060720,58426.0,91396.75,0.6392568663546571,1006386677.25,21.14583333333333,-15.233236151603503,2.1341130838897446,7.362891029212768,4.788803298277498,78.792,-42.434869739478955,https://finance.naver.com/item/main.naver?code=060720
대원강업,KOSPI,4445.0,275590000000,7.5,0.49,587.0,9057.0,0.94883,472011656000.0,38487335000.0,30865344000.0,,9.77399,자동차부품,6200.0,3140.0,0.0272667903,62000000,000430,59789.0,115699.05,0.5167631022035185,549127236.1,11.838790931989918,11.838790931989918,0.8600762063301297,6.481174781936623,8.153895038558115,94.883,-28.306451612903228,https://finance.naver.com/item/main.naver?code=000430
한선엔지니어링,KOSDAQ,14150.0,272354530500,29.0,3.8,518.0,3957.0,0.64325,23644816780.0,5603074580.0,2031145250.0,,178.59148,기계,37300.0,7840.0,0.0080316215,19247670,452280,532217.0,1123219.1,0.4738318641483215,14591694797.0,25.0,4.992657856093974,2.231360738078617,13.090725296942127,23.69684075851824,64.325,-62.06434316353888,https://finance.naver.com/item/main.naver?code=452280
칩스앤미디어,KOSDAQ,12620.0,269503557880,44.09,3.11,291.0,4120.0,0.23069,7091905740.0,1126870850.0,2177371120.0,,32.96274,반도체와반도체장비,21150.0,7740.0,0.0229483359,21355274,094360,112765.0,122260.25,0.9223357550798399,1454274900.25,14.924039320822157,-23.634204275534444,1.359509734357651,7.063106796116505,15.889535074390315,23.069,-40.33096926713948,https://finance.naver.com/item/main.naver?code=094360
아이마켓코리아,KOSPI,8220.0,274785064800,12.27,0.69,666.0,11758.0,2.40448,1007697787270.0,17725447890.0,19077545550.0,,15.86565,상업서비스와공급품,10330.0,6890.0,0.0381608814,33428840,122900,44182.0,44914.25,0.9836967109547639,370132627.5,12.585499316005478,9.58721704394141,1.1787127693326729,5.664228610307875,1.7590043477242139,240.448,-20.425943852855756,https://finance.naver.com/item/main.naver?code=122900
TYM,KOSPI,6570.0,271998000000,6.67,0.62,984.0,10601.0,0.92038,262526157410.0,27598651920.0,26475872200.0,,178.59148,기계,9900.0,5380.0,0.2171516667,41400000,002900,89139.0,191282.95,0.4660059874651661,1297178400.25,6.591639871382626,-2.9282576866764276,1.3371343342414992,9.2821431940383,10.512724595628704,92.038,-33.63636363636363,https://finance.naver.com/item/main.naver?code=002900
오픈엣지테크놀로지,KOSDAQ,10140.0,267153814200,-8.76,15.49,-1208.0,683.0,1.28199,2942294270.0,-6254481180.0,-6106602540.0,,32.96274,반도체와반도체장비,22700.0,7600.0,0.0314135865,26346530,394280,53795.0,102760.5,0.523498815206232,971470926.0,1.896207584830334,-42.05448354143019,2.3200938103648774,-176.86676427525623,-212.5715719114662,128.19899999999998,-55.330396475770925,https://finance.naver.com/item/main.naver?code=394280
인투셀,KOSDAQ,18150.0,272648574000,-24.62,11.1,-744.0,1650.0,0.85723,760301100.0,-2206673700.0,-2071193310.0,,47.93196,제약,74900.0,13050.0,0.0470552445,15021960,287840,19406.0,30540.05,0.63542790532432,528145269.75,-19.82417582417583,-59.331103678929765,1.5655180656220276,-45.09090909090909,-290.2368153880088,85.723,-75.76769025367156,https://finance.naver.com/item/main.naver?code=287840
서울가스,KOSPI,54100.0,267795000000,6.93,0.19,7866.0,284280.0,0.42706,275500139500.0,-2348497860.0,2575041530.0,,9.53031,가스유틸리티,84200.0,51800.0,0.0258216162,4950000,017390,1875.0,5037.75,0.37218996575852314,279525865.0,-3.0411449016100156,-16.743471582181257,0.8658627363406283,2.766990291262136,-0.8524488823353209,42.706,-35.74821852731591,https://finance.naver.com/item/main.naver?code=017390
쿠콘,KOSDAQ,26150.0,263898791800,12.98,1.63,2127.0,16970.0,0.92563,17958595020.0,4957780910.0,13198391680.0,,32.07185,IT서비스,40350.0,13000.0,0.0254502399,10091732,294570,34080.0,159652.85,0.2134631483246306,4591855635.0,47.36842105263157,-8.117443868739205,0.49314497047813427,12.533883323512079,27.60673039554962,92.56299999999999,-35.19206939281288,https://finance.naver.com/item/main.naver?code=294570
아이티켐,KOSDAQ,21000.0,268443021000,-16.6,4.02,-1265.0,5224.0,2.0607,15090540510.0,-2772663280.0,-1458214830.0,,47.93196,제약,55200.0,20150.0,0.0,12783001,309710,,,,,,,,-24.215160796324657,-18.373518683195265,206.07000000000002,-61.95652173913043,https://finance.naver.com/item/main.naver?code=309710
포스코스틸리온,KOSPI,4505.0,270300000000,16.25,0.72,285.0,6401.0,0.33444,298198950560.0,9587102740.0,7047150790.0,,28.21512,비철금속,10500.0,3560.0,0.0354404667,60000000,058430,213990.0,205601.15,1.040801571391989,966161520.7,-4.690831556503195,-90.26143790849673,3.069102483132998,4.452429307920638,3.2150021728768623,33.444,-57.09523809523809,https://finance.naver.com/item/main.naver?code=058430
한텍,KOSDAQ,23650.0,263014984650,8.17,1.61,2881.0,14605.0,0.36215,46339420660.0,10597133380.0,8975739320.0,,-44.49442,에너지장비및서비스,62200.0,20800.0,0.0341718534,11121141,098070,76797.0,94240.1,0.8149078789177855,2372013746.25,5.714285714285716,-47.60348583877996,0.8149078789177855,19.726121191372815,22.868506401391855,36.215,-61.9774919614148,https://finance.naver.com/item/main.naver?code=098070
폰드그룹,KOSDAQ,4660.0,268283898320,7.63,1.12,600.0,4078.0,0.78616,149183477720.0,21710800440.0,16282404700.0,,8.86194,"섬유,의류,신발,호화품",7250.0,3560.0,0.0075386928,57571652,472850,47211.0,26107.15,1.8083551823925628,126881931.3,20.207253886010367,-12.287334593572774,1.8083551823925628,14.713094654242276,14.553086422042421,78.616,-35.724137931034484,https://finance.naver.com/item/main.naver?code=472850
롯데이노베이트,KOSPI,17600.0,266276859200,26.41,0.62,657.0,28166.0,0.87228,274495717300.0,12378062000.0,8673338500.0,,32.07185,IT서비스,25400.0,15260.0,0.0151164289,15129367,286940,13573.0,8665.7,1.5662900862019224,154968546.25,2.499999999999991,-20.2262443438914,1.5662900862019224,2.332599588155933,4.509382558589012,87.22800000000001,-30.708661417322837,https://finance.naver.com/item/main.naver?code=286940
트리니티항공,KOSPI,2640.0,269560080240,-0.39,3.55,-6830.0,740.0,23.11601,469700730250.0,-181982906080.0,-211381152430.0,,141.2569,항공사,9050.296,2465.0,0.0040396709,102106091,091810,46131.0,56607.45,0.8149280704218261,151702414.65,189.03654485049833,131.99999999999997,0.9939857739573149,-922.972972972973,-38.74443754497442,2311.601,-70.82968336063263,https://finance.naver.com/item/main.naver?code=091810
KG이니시스,KOSDAQ,9690.0,267002465460,5.39,0.52,1798.0,18729.0,1.60002,371847338760.0,28611433550.0,19681696830.0,,32.07185,IT서비스,12280.0,8920.0,0.0763477123,27554434,035600,13013.0,33279.9,0.39101679993028826,333364051.75,1.8967334035827177,-6.116504854368932,1.3453766387519193,9.600085429013829,7.694403204662052,160.002,-21.091205211726383,https://finance.naver.com/item/main.naver?code=035600
매일유업,KOSDAQ,34750.0,266311420500,4.54,0.41,7724.0,86122.0,0.53666,480004585600.0,20405358500.0,16279052570.0,,31.73003,식품,41650.0,31100.0,0.1397855692,7663638,267980,3947.0,3937.6,1.0023872409589598,135078331.25,5.143721633888054,-5.313351498637598,7.151564404713532,8.96867234852883,4.251075742223076,53.666000000000004,-16.566626650660265,https://finance.naver.com/item/main.naver?code=267980
엔케이젠바이오텍코리아,KOSDAQ,3670.0,265496721770,-22.8,37.07,-161.0,99.0,0.92638,2138035750.0,-129894050.0,-190677320.0,,-38.0877,생명과학도구및서비스,3685.0,3670.0,0.0,72342431,182400,,,,,,,,-162.62626262626264,-6.075391863770285,92.638,-0.4070556309362261,https://finance.naver.com/item/main.naver?code=182400
KBI메탈,KOSDAQ,6050.0,262971520350,-6350.0,1.82,-1.0,3484.0,1.4752,279852511250.0,12865536880.0,11310437550.0,,57.41321,전기장비,11760.0,1620.0,0.0462352651,43466367,024840,2561379.0,2467177.5,1.0381818900342599,15449778750.75,54.82233502538072,182.4074074074074,1.0381818900342599,-0.02870264064293915,4.597256184171547,147.52,-48.55442176870748,https://finance.naver.com/item/main.naver?code=024840
미래반도체,KOSDAQ,18290.0,264071020000,19.41,2.49,979.0,7635.0,1.24661,340148059390.0,28153149400.0,18997225470.0,,32.96274,반도체와반도체장비,47850.0,10520.0,0.0307163735,14438000,254490,81420.0,84410.8,0.9645685149293692,1428287420.25,21.845949535192567,5.399195864445727,2.010347017206329,12.822527832351016,8.276733799536611,124.661,-61.77638453500522,https://finance.naver.com/item/main.naver?code=254490
네오티스,KOSDAQ,19200.0,264860505600,60.61,4.81,330.0,4154.0,0.75249,22575611640.0,4494698700.0,4157010150.0,,9.77399,자동차부품,36300.0,3890.0,0.1100494403,13794818,085910,196432.0,229767.85,0.8549150805911271,3600140543.0,34.8314606741573,-12.925170068027214,2.539193364084662,7.944150216658643,19.909532338145766,75.249,-47.107438016528924,https://finance.naver.com/item/main.naver?code=085910
뷰웍스,KOSDAQ,29600.0,265553765600,12.18,1.07,2434.0,27823.0,0.41988,63877066590.0,10696407740.0,16243346440.0,,-35.39576,건강관리장비와용품,34900.0,18010.0,0.3023458629,8971411,100120,23931.0,15185.15,1.5759475540248202,407015205.0,29.735682819383257,1.0291595197255532,2.3249688017569796,8.74815799877799,16.74530204816032,41.988,-15.186246418338111,https://finance.naver.com/item/main.naver?code=100120
화신,KOSPI,7550.0,263649095500,4.03,0.47,1920.0,16443.0,1.99374,498388345910.0,5800422000.0,7030664460.0,,9.77399,자동차부품,16720.0,6410.0,0.0114331991,34920410,010690,85889.0,114405.95,0.7507389257289503,872163031.5,-10.861865407319948,-32.64942016057092,1.6098288594255805,11.676701331873746,1.1638358014590198,199.374,-54.844497607655505,https://finance.naver.com/item/main.naver?code=010690
삼진제약,KOSPI,19830.0,264135600000,9.84,0.84,1963.0,22942.0,0.59612,79630293310.0,7150958150.0,6098509140.0,,47.93196,제약,25900.0,16580.0,0.0383253003,13320000,005500,37716.0,20737.65,1.8187210219094254,388375400.25,10.974244120940657,6.903991370010787,2.251219400462444,8.556359515299452,8.980198179305185,59.611999999999995,-23.436293436293433,https://finance.naver.com/item/main.naver?code=005500
마녀공장,KOSDAQ,15920.0,260980699200,28.38,2.11,557.0,7488.0,0.13542,25810066400.0,2524227810.0,2806846810.0,,42.55038,화장품,21250.0,11060.0,0.0319909524,16393260,439090,155102.0,119248.85,1.3006582453415694,1939777653.25,-8.806818181818176,29.33118452860597,1.3006582453415694,7.438568376068376,9.78001284801034,13.542000000000002,-25.082352941176467,https://finance.naver.com/item/main.naver?code=439090
케이엔제이,KOSDAQ,32350.0,259621528250,9.95,2.63,3271.0,12376.0,1.53727,34351360320.0,6261519370.0,360116910.0,,32.96274,반도체와반도체장비,44600.0,19320.0,0.0651799693,8025395,272110,198987.0,78607.8,2.5313900147313624,2254503036.25,35.47717842323652,-8.415147265077138,2.5313900147313624,26.430187459599225,18.22786437471714,153.727,-27.46636771300448,https://finance.naver.com/item/main.naver?code=272110
우진,KOSPI,12860.0,259742036200,30.29,1.36,441.0,9841.0,0.26127,30892672790.0,814200890.0,327947250.0,,178.59148,기계,31700.0,10330.0,0.0595911806,20197670,105840,304059.0,432691.9,0.7027147954468295,6341057377.75,-5.53532410779315,-46.84426229508196,0.779101711864724,4.481251905294177,2.635579302363109,26.127,-59.43217665615141,https://finance.naver.com/item/main.naver?code=105840
한진,KOSPI,16670.0,258695328720,-150.94,0.17,-106.0,94858.0,1.8592,864122121550.0,29830881270.0,2967477400.0,,8.43618,항공화물운송과물류,23650.0,13700.0,0.0485600005,15518616,002320,72742.0,32671.95,2.2264358264505177,479318066.75,3.0562347188264116,-11.54249737670514,2.2264358264505177,-0.11174597819899217,3.4521603516516293,185.92,-29.51374207188161,https://finance.naver.com/item/main.naver?code=002320
현대약품,KOSPI,8080.0,258560000000,86.88,2.66,96.0,3141.0,0.75472,55585357880.0,976252400.0,1211880920.0,,47.93196,제약,15960.0,3500.0,0.0112953125,32000000,004310,980880.0,7532366.45,0.1302220233854926,74812742118.5,80.35320088300222,-10.807860262008727,0.1302220233854926,3.0563514804202483,1.7563121606729144,75.472,-49.3734335839599,https://finance.naver.com/item/main.naver?code=004310
상아프론테크,KOSDAQ,16340.0,261260864580,39.05,1.3,433.0,13041.0,0.92511,55832322730.0,3579752210.0,4967601250.0,,307.43097,전자장비와기기,30050.0,10600.0,0.03986863,15989037,089980,24227.0,43204.55,0.5607511245922014,715366246.75,18.148951554591463,-35.415019762845844,1.1801766249156627,3.3202975231960736,6.411612548006204,92.511,-45.62396006655574,https://finance.naver.com/item/main.naver?code=089980
넥스트바이오메디컬,KOSDAQ,31100.0,257423594600,-828.95,5.37,-38.0,5864.0,0.29323,4935531420.0,-1033899060.0,-633068600.0,,-35.39576,건강관리장비와용품,101000.0,28150.0,0.0174935359,8277286,389650,6303.0,26278.65,0.2398525038386675,812149758.75,-19.949174078780175,-60.277427490542244,1.8442728222340188,-0.6480218281036835,-20.948079791577946,29.323,-69.20792079207921,https://finance.naver.com/item/main.naver?code=389650
덕산넵코어스,KOSDAQ,13280.0,250910845920,67.56,8.29,238.0,1939.0,0.98942,11795577500.0,523580340.0,482854480.0,,41.29186,우주항공과국방,28700.0,13250.0,0.0024492575,18893889,266690,,,,,,,,12.274368231046932,4.438785129426686,98.942,-53.728222996515676,https://finance.naver.com/item/main.naver?code=266690
스맥,KOSDAQ,3825.0,261030982050,-9.14,2.7,-424.0,1435.0,2.21517,47760971380.0,1608784220.0,2864123590.0,,178.59148,기계,8340.0,2415.0,0.031962449,68243394,099440,118705.0,288567.9,0.41135899037973384,1212162649.85,39.74358974358974,-23.084677419354836,0.7884868691216174,-29.54703832752613,3.3684076632362663,221.517,-54.13669064748201,https://finance.naver.com/item/main.naver?code=099440
파트론,KOSDAQ,5210.0,260500000000,7.77,0.51,674.0,10321.0,0.4069,355039030210.0,4476500290.0,3936222200.0,,108.08375,핸드셋,8730.0,4950.0,0.2460029,50000000,091700,50890.0,80058.2,0.6356625554908804,421602847.75,-9.424083769633507,-38.21428571428571,1.9940992927645138,6.530374963666312,1.2608473742597315,40.69,-40.32073310423826,https://finance.naver.com/item/main.naver?code=091700
CJ프레시웨이,KOSDAQ,21650.0,257019836900,5.47,0.56,3961.0,38342.0,3.19376,923161888240.0,23533221970.0,10139289660.0,,7.63875,식품과기본식료품소매,36400.0,19800.0,0.1837020765,11871586,051500,3429.0,5935.5,0.577710386656558,132820391.25,-5.206073752711493,-29.28802588996764,1.2586976665824277,10.330707839966616,2.549197737665046,319.37600000000003,-40.52197802197802,https://finance.naver.com/item/main.naver?code=051500
바텍,KOSDAQ,17490.0,259800937440,6.52,0.53,2701.0,33371.0,0.38247,121362551530.0,24473090870.0,22189947960.0,,-35.39576,건강관리장비와용품,27350.0,16030.0,0.2141328384,14854256,043150,18795.0,22684.25,0.8285484422010867,404493413.25,-3.006681514476617,-22.920353982300888,1.182362211666685,8.093853945042103,20.165273852165523,38.247,-36.051188299817184,https://finance.naver.com/item/main.naver?code=043150
잇츠한불,KOSPI,11730.0,257230864950,11.87,0.51,949.0,22121.0,0.05857,49663192940.0,7333928060.0,14508253000.0,,42.55038,화장품,14200.0,8200.0,0.0142428069,21929315,226320,95982.0,21090.5,4.550958962566084,222280035.5,6.909090909090909,15.634218289085556,4.550958962566084,4.290041137380769,14.767330946402094,5.856999999999999,-17.394366197183096,https://finance.naver.com/item/main.naver?code=226320
세방,KOSPI,13490.0,257869484470,4.45,0.24,3011.0,54806.0,0.24661,307315327730.0,8457630130.0,22427741420.0,,8.43618,항공화물운송과물류,17110.0,11700.0,0.1287490643,19115603,004360,25150.0,14545.95,1.729003605814677,195195445.5,4.573643410852712,-11.830065359477127,1.729003605814677,5.493924022917199,2.7521016255429585,24.661,-21.15721800116891,https://finance.naver.com/item/main.naver?code=004360
천일고속,KOSPI,180300.0,257688366000,-35.19,20.65,-3941.0,6716.0,7.07281,12363550850.0,-1078313560.0,-1251599340.0,,13.96904,도로와철도운송,518000.0,36800.0,0.0052805027,1429220,000650,25158.0,1046.15,24.04817664770826,149846457.5,13.75394321766561,-18.416289592760183,24.04817664770826,-58.68076235854676,-8.721714118238127,707.281,-65.1930501930502,https://finance.naver.com/item/main.naver?code=000650
피델릭스,KOSDAQ,7620.0,252466327680,-88.88,5.85,-89.0,1353.0,0.405,33434395550.0,9612339470.0,9528789880.0,,32.96274,반도체와반도체장비,9790.0,850.0,0.3869249739,33132064,032580,584157.0,782847.95,0.74619471124629,5000225855.0,67.20604099244876,595.6912028725314,1.324097482787047,-6.577974870657798,28.7498526947349,40.5,-22.165474974463738,https://finance.naver.com/item/main.naver?code=032580
광주신세계,KOSPI,33600.0,256272979200,5.79,0.3,5830.0,113441.0,0.3894,48351900170.0,13896916240.0,12103885870.0,,32.7479,백화점과일반상점,59600.0,29450.0,0.0372231018,7627172,037710,10652.0,16352.8,0.6513869184482168,572499861.25,-26.608505997818977,-13.496143958868888,0.7972946529034783,5.139235373454042,28.74119981043136,38.940000000000005,-43.624161073825505,https://finance.naver.com/item/main.naver?code=037710
KG에코솔루션,KOSDAQ,5380.0,256104150760,2.74,0.16,1964.0,34152.0,1.18977,2150308765160.0,51655482290.0,112760760890.0,,6.7493,자동차,7600.0,4745.0,0.0286791367,47603002,151860,27941.0,90310.9,0.3093867960567329,495741381.75,-2.7124773960216952,-16.1993769470405,2.769632458540442,5.750761302412743,2.4022355824865187,118.977,-29.210526315789476,https://finance.naver.com/item/main.naver?code=151860
비덴트,KOSDAQ,3320.0,256309348520,29.12,0.4,114.0,8348.0,0.09303,3112694570.0,-2120518270.0,-2221502940.0,,19.13348,디스플레이패널,3320.0,3320.0,0.0154309733,77201611,121800,,,,,,,,1.3655965500718734,-68.12484239338652,9.303,0.0,https://finance.naver.com/item/main.naver?code=121800
일신방직,KOSPI,11120.0,255315200000,7.0,0.26,1555.0,42582.0,0.19401,138516423590.0,12489780750.0,30041092150.0,,8.86194,"섬유,의류,신발,호화품",17800.0,9300.0,0.1023472561,22960000,003200,42303.0,111466.95,0.37951159514098126,1289324533.0,2.20994475138121,-8.64197530864198,0.4926751830923875,3.6517777464656427,9.016823006468153,19.401,-37.52808988764045,https://finance.naver.com/item/main.naver?code=003200
도우인시스,KOSDAQ,23000.0,252020706000,469.39,1.49,49.0,15451.0,0.32066,58892453300.0,8199988240.0,9822089810.0,,16.67937,디스플레이장비및부품,31300.0,11670.0,0.0092832967,10957422,484120,34954.0,68677.95,0.5089552032348083,1516457963.25,53.973509933774835,13.970588235294112,0.6699967019982397,0.3171315772441913,13.923665564124155,32.066,-26.517571884984026,https://finance.naver.com/item/main.naver?code=484120
디지털대성,KOSDAQ,9230.0,255443406660,11.42,1.72,801.0,5322.0,0.86306,69024696300.0,15111354870.0,20130395550.0,,10.63048,교육서비스,10000.0,6760.0,0.0308052562,27675342,068930,28589.0,88267.5,0.3238904466536381,838677033.5,27.423822714681446,2.7932960893854775,0.7522587588863399,15.050732807215333,21.89267853395829,86.30600000000001,-7.699999999999996,https://finance.naver.com/item/main.naver?code=068930
LIG아큐버,KOSDAQ,33200.0,252447687200,-220.89,1.59,-158.0,21991.0,0.46219,63669079000.0,5643627050.0,4582919620.0,,-391.40909,통신장비,62500.0,20850.0,0.0720172397,7603846,073490,48747.0,49084.45,0.9931251139617537,1571359081.25,47.682119205298015,-21.936989498249705,2.7900282064890205,-0.7184757400754854,8.863999823210888,46.219,-46.88,https://finance.naver.com/item/main.naver?code=073490
큐에이드,KOSDAQ,4080.0,253187202960,19.81,4.46,206.0,915.0,1.87686,23530444080.0,-699583090.0,-1975495220.0,,15.86565,상업서비스와공급품,4080.0,4080.0,0.0002250559,62055687,377460,,,,,,,,22.51366120218579,-2.9730976925956933,187.686,0.0,https://finance.naver.com/item/main.naver?code=377460
GS글로벌,KOSPI,3080.0,254203993120,13.05,0.48,241.0,6576.0,1.87525,1134888565000.0,11717467000.0,7858181000.0,,16.98985,무역회사와판매업체,5690.0,2200.0,0.044351582,82533764,001250,904953.0,507148.15,1.784395743137385,1419231572.9,19.960861056751476,18.568665377176007,3.216077984312868,3.6648418491484183,1.032477316396258,187.525,-45.86994727592268,https://finance.naver.com/item/main.naver?code=001250
신성에스티,KOSDAQ,27300.0,246785939400,446.77,2.37,62.0,11704.0,1.61894,59873653620.0,1671690670.0,1229126390.0,,-86.37263,전기제품,51900.0,13800.0,0.0151981608,9039778,416180,54854.0,33219.7,1.6512491082098877,866545896.25,50.54054054054053,-17.481481481481488,1.6512491082098877,0.5297334244702666,2.792030499106862,161.894,-47.398843930635834,https://finance.naver.com/item/main.naver?code=416180
와이씨켐,KOSDAQ,12100.0,244675189000,54.5,5.13,229.0,2432.0,2.39348,27064804070.0,2120718390.0,-465534750.0,,32.96274,반도체와반도체장비,17700.0,7400.0,0.0310762179,20221090,112290,179091.0,187267.6,0.9563373482652632,2141487394.5,36.48351648351649,-49.20245398773007,6.083502965809355,9.416118421052632,7.83570568076165,239.34799999999998,-31.63841807909604,https://finance.naver.com/item/main.naver?code=112290
유진기업,KOSDAQ,3235.0,250100641805,-21.81,0.25,-149.0,12870.0,1.80627,368273504130.0,14248462460.0,-11408064010.0,,7.35428,건축자재,5200.0,2950.0,0.0438338918,77310863,023410,160283.0,160377.15,0.9994129462956538,521037348.05,-10.01390820584145,-24.679860302677536,1.2931829752555148,-1.1577311577311578,3.868989297413673,180.627,-37.78846153846154,https://finance.naver.com/item/main.naver?code=023410
글로벌테크놀로지,KOSDAQ,12420.0,244005108480,-8.8,-14.95,-1670.0,-983.0,0.41635,16559918950.0,1193452830.0,1308777200.0,,32.96274,반도체와반도체장비,29750.0,12260.0,0.0060964635,19646144,486510,,,,,,,,169.88809766022382,7.206876033653534,41.635,-58.25210084033614,https://finance.naver.com/item/main.naver?code=486510
삼영전자,KOSPI,12500.0,250000000000,46.47,0.44,269.0,28401.0,0.0864,41685108790.0,3112098050.0,5487252360.0,,-86.37263,전기제품,17990.0,10070.0,0.4008142,20000000,005680,17227.0,20595.65,0.8364387625542287,257813092.0,-20.025591810620604,-21.92379762648344,0.9329639996795439,0.9471497482483011,7.465730905676738,8.64,-30.516953863257367,https://finance.naver.com/item/main.naver?code=005680
사조대림,KOSPI,27250.0,249731725750,-3.09,0.38,-8909.0,72933.0,2.16947,879223955830.0,20441773570.0,-112386073460.0,,31.73003,식품,42200.0,23200.0,0.0149264545,9164467,003960,1761.0,2746.25,0.6412380518889395,76692256.25,-7.31292517006803,-16.282642089093702,1.7689576695493856,-12.215320910973086,2.3249791403491358,216.947,-35.426540284360186,https://finance.naver.com/item/main.naver?code=003960
에이직랜드,KOSDAQ,22900.0,250197568200,-9.54,4.58,-2443.0,5085.0,1.70494,59739940880.0,7980160420.0,9028299180.0,,32.96274,반도체와반도체장비,34800.0,13910.0,0.0181407838,10925658,445090,28021.0,21197.6,1.3218949315016795,457042393.25,31.502890173410414,-16.360294117647058,2.0512699550892557,-48.0432645034415,13.3581659145425,170.494,-34.195402298850574,https://finance.naver.com/item/main.naver?code=445090
채비,KOSDAQ,5360.0,251649807760,-6.11,3.01,-899.0,1822.0,0.6346,28953504370.0,-10035636350.0,-11377239200.0,,-86.37263,전기제품,30750.0,3555.0,0.0230604352,46949591,0011T0,107008.0,260578.0,0.4106563102027032,1411863248.0,-5.206463195691202,-76.58536585365854,0.7666264995509982,-49.34138309549945,-34.66121482827607,63.46000000000001,-82.5691056910569,https://finance.naver.com/item/main.naver?code=0011T0
진성티이씨,KOSDAQ,11190.0,246545051370,6.96,0.77,1633.0,14795.0,0.71953,152844599740.0,11492081690.0,33983526640.0,,178.59148,기계,21100.0,11170.0,0.1383665485,22032623,036890,37423.0,60166.4,0.6219916764174024,731308639.5,-14.665653495440733,-29.856339787632724,1.7072984256993937,11.037512673200405,7.518801259284845,71.953,-46.96682464454977,https://finance.naver.com/item/main.naver?code=036890
키다리스튜디오,KOSPI,6670.0,247215319220,39.89,1.3,179.0,5485.0,0.68512,64427044210.0,5515919170.0,2025425790.0,,18.15491,양방향미디어와서비스,9450.0,2800.0,0.062566362,37063766,020120,973039.0,570692.0,1.7050160156441654,4459796081.25,101.81543116490168,104.60122699386503,1.9216792946107533,3.263445761166819,8.56149655418128,68.512,-29.41798941798942,https://finance.naver.com/item/main.naver?code=020120
케이티알파,KOSDAQ,5030.0,246566279230,5.57,0.8,890.0,6183.0,0.54574,96365650140.0,12721918040.0,13321504320.0,,17.6157,인터넷과카탈로그소매,6100.0,4220.0,0.0133353622,49019141,036030,31551.0,32740.9,0.963657077233674,160001405.85,13.258426966292136,3.490759753593431,1.6556661545650853,14.394306970726184,13.201714533672112,54.574,-17.540983606557383,https://finance.naver.com/item/main.naver?code=036030
HEM파마,KOSDAQ,32600.0,235344192200,-9.91,48.14,-3389.0,698.0,2.50117,4574549690.0,-2859222390.0,1404750930.0,,-10.95779,건강관리업체및서비스,97500.0,25800.0,0.0065599163,7219147,376270,11734.0,7862.35,1.4924291083454693,273270322.5,-15.671641791044777,-56.53846153846154,1.9076993519749184,-485.5300859598854,-62.50281631545683,250.11700000000002,-66.56410256410257,https://finance.naver.com/item/main.naver?code=376270
리파인,KOSDAQ,14170.0,245566100000,24.96,1.1,567.0,12867.0,0.04644,14114004530.0,4860802370.0,4838631290.0,,15.86565,상업서비스와공급품,17240.0,8420.0,0.0108763993,17330000,377450,6582.0,106155.8,0.062003206607646494,1752815790.25,37.71929824561404,20.255319148936167,0.17509170483383857,4.406621590114246,34.43956929210366,4.644,-17.807424593967514,https://finance.naver.com/item/main.naver?code=377450
에어부산,KOSPI,1509.0,245838541848,-6.54,1.08,-229.0,1383.0,16.46658,235319319020.0,-35515179760.0,-61757044860.0,,141.2569,항공사,2240.0,1400.0,0.0079875949,162914872,298690,22404.0,62064.45,0.36097959459884044,95015011.0,2.3192360163710735,-19.786096256684495,2.05218929677134,-16.55820679681851,-15.092334920866202,1646.6580000000001,-32.63392857142857,https://finance.naver.com/item/main.naver?code=298690
대명에너지,KOSDAQ,13530.0,242407877250,17.26,1.52,807.0,9190.0,1.27054,25345510560.0,3397394790.0,16526211150.0,,-44.49442,에너지장비및서비스,27600.0,10590.0,0.017117238,17916325,389260,60089.0,83457.95,0.719991324972636,1105268249.0,10.749185667752448,-31.999999999999996,1.7885054689217745,8.781284004352557,13.404325716609279,127.054,-50.97826086956522,https://finance.naver.com/item/main.naver?code=389260
선진,KOSPI,10150.0,241362980600,2.01,0.42,5002.0,23678.0,1.40279,541130013760.0,43398691730.0,23759256750.0,,31.73003,식품,13950.0,8370.0,0.0750614266,23779604,136490,39057.0,63751.3,0.6126463303493419,668559258.0,12.651265126512644,-1.443695861405192,1.361964383471396,21.125095024917645,8.020011942868878,140.279,-27.24014336917563,https://finance.naver.com/item/main.naver?code=136490
케이프,KOSDAQ,7780.0,240092472700,3.94,0.81,2008.0,9768.0,13.48029,161093349960.0,2793384940.0,-680924110.0,,7.94241,증권,17500.0,6880.0,0.0242174269,30860215,064820,18885.0,34641.3,0.5451585246512111,269957341.75,-4.247572815533984,-24.92863939105614,1.0998721179632402,20.55692055692056,1.7340162959511403,1348.029,-55.54285714285714,https://finance.naver.com/item/main.naver?code=064820
KPX케미칼,KOSPI,58000.0,240510630000,5.42,0.36,10650.0,158214.0,0.38459,244962263730.0,23038622510.0,61185868770.0,,-33.60183,화학,59800.0,45000.0,0.314269178,4146735,025000,9158.0,4546.6,2.0142524083930846,254282505.0,14.901960784313717,18.38383838383839,2.0142524083930846,6.731389131176761,9.40496799759877,38.458999999999996,-3.0100334448160515,https://finance.naver.com/item/main.naver?code=025000
코스맥스비티아이,KOSPI,25600.0,245860377600,7.8,0.83,3056.0,28837.0,2.04411,238977044740.0,16260419820.0,46549998450.0,,-10.95779,건강관리업체및서비스,29150.0,11810.0,0.0521210035,9603921,044820,103636.0,26681.85,3.8841384686594074,645891545.0,31.784968684759907,55.96046942557133,3.8841384686594074,10.597496272150362,6.804176458743499,204.411,-12.178387650085764,https://finance.naver.com/item/main.naver?code=044820
서흥,KOSPI,20600.0,238323727800,5.16,0.46,3911.0,43882.0,0.91757,212900400980.0,22491978470.0,16566368520.0,,47.93196,제약,30800.0,16000.0,0.0588747815,11569113,008490,15673.0,13316.0,1.1770051066386302,272389011.0,3.4653465346534684,8.122090015519912,1.1770051066386302,8.912538170548288,10.564554301667526,91.757,-33.11688311688312,https://finance.naver.com/item/main.naver?code=008490
다올투자증권,KOSPI,3925.0,239076091050,6.11,0.43,641.0,9169.0,11.59949,1060502871630.0,17114292400.0,17113433550.0,,7.94241,증권,5740.0,3005.0,0.0458209871,60911106,030210,108109.0,65782.0,1.6434434951810526,258318373.1,17.481481481481474,-3.645200486026734,1.7041135873035176,6.990947758752318,1.6137902930611796,1159.9489999999998,-31.62020905923345,https://finance.naver.com/item/main.naver?code=030210
대한제당,KOSPI,2785.0,240183733275,-3.93,0.53,-708.0,5203.0,1.48195,336628472000.0,13379268000.0,12432993000.0,,31.73003,식품,3260.0,2150.0,0.0,86241915,001790,68680.0,124915.75,0.5498105723257476,356411216.55,-3.6144578313253017,-4.273504273504269,1.0430710298741352,-13.607534114933692,3.974490904025492,148.19500000000002,-14.570552147239269,https://finance.naver.com/item/main.naver?code=001790
셀바스AI,KOSDAQ,9070.0,244117145300,-42.11,2.3,-223.0,4090.0,0.19775,33344024530.0,1780045870.0,-297610430.0,,-35.39576,건강관리장비와용품,17580.0,6100.0,0.0222770454,26914790,108860,205162.0,193063.2,1.062667561710362,1739534357.75,30.758017492711364,-43.371212121212125,3.518464419941242,-5.452322738386308,5.338425385329453,19.775000000000002,-48.40728100113766,https://finance.naver.com/item/main.naver?code=108860
강원에너지,KOSDAQ,9160.0,239287028080,-41.11,7.28,-234.0,1321.0,1.50366,47481157920.0,-94530510.0,-761624640.0,,307.43097,전자장비와기기,20250.0,6040.0,0.0157340429,26123038,114190,106096.0,92477.1,1.147267810084875,826839912.25,12.607099143206856,-28.348909657320874,3.5847685535121667,-17.713853141559426,-0.1990905743269203,150.36599999999999,-54.76543209876543,https://finance.naver.com/item/main.naver?code=114190
지씨지놈,KOSDAQ,10160.0,240292056880,55.14,3.08,185.0,3310.0,0.09967,8288372330.0,432631990.0,780805070.0,,-38.0877,생명과학도구및서비스,10500.0,4100.0,0.0508041739,23650793,340450,1004301.0,492560.85,2.0389379302069988,4118849704.0,119.71830985915494,24.264705882352942,4.196549522764548,5.589123867069486,5.21974608252185,9.966999999999999,-3.23809523809524,https://finance.naver.com/item/main.naver?code=340450
에스엠벡셀,KOSPI,2175.0,241972578000,147.33,3.5,15.0,631.0,0.43802,36149595950.0,764903420.0,-948212880.0,,9.77399,자동차부품,3495.0,1321.0,0.0072399304,111251760,010580,341929.0,4834966.85,0.07072002985914992,12422553641.75,34.85607008760952,7.213930348258701,0.1227390007854966,2.3771790808240887,2.1159390579578523,43.802,-37.768240343347635,https://finance.naver.com/item/main.naver?code=010580
지씨셀,KOSDAQ,15080.0,238269187520,-0.82,1.2,-18158.0,12404.0,0.77035,41603971180.0,-1009284590.0,2174866170.0,,-10.95779,건강관리업체및서비스,28450.0,11610.0,0.0299039059,15800344,144510,57380.0,41265.3,1.3905145485432069,600280311.75,12.249443207126953,-40.5893909626719,1.3905145485432069,-146.3882618510158,-2.4259332976492076,77.035,-46.99472759226714,https://finance.naver.com/item/main.naver?code=144510
세나테크놀로지,KOSDAQ,43500.0,237838425000,12.84,1.33,3280.0,31550.0,0.21128,75459826780.0,18002385630.0,14771768140.0,,-391.40909,통신장비,176400.0,27000.0,0.024926521,5467550,061090,43323.0,13608.3,3.1835717907453542,529770531.25,20.385674931129483,19.398907103825145,4.167162687477496,10.396196513470683,23.856913536901178,21.128,-75.34013605442176,https://finance.naver.com/item/main.naver?code=061090
사조산업,KOSPI,48300.0,241500000000,-8.29,0.45,-5823.0,106906.0,1.1148,186669459570.0,16382254270.0,-44108186000.0,,31.73003,식품,72800.0,39150.0,0.0105918,5000000,007160,3113.0,1578.2,1.9725003168166264,77351657.5,0.0,-10.131332082551591,1.9725003168166264,-5.446841150169308,8.776076337145417,111.48,-33.65384615384615,https://finance.naver.com/item/main.naver?code=007160
바이오플러스,KOSDAQ,3840.0,236700372480,14.96,1.33,253.0,2841.0,0.48058,25401735860.0,6247133160.0,3743710740.0,,-35.39576,건강관리장비와용품,6750.0,3065.0,0.0293250134,61640722,099430,166404.0,156790.2,1.0613163322707668,541111002.15,-1.6518424396442133,-25.145067698259183,2.635113674196474,8.905315029919041,24.593331709418067,48.058,-43.111111111111114,https://finance.naver.com/item/main.naver?code=099430
남양유업,KOSPI,41750.0,236866412250,47.13,0.35,888.0,120319.0,0.16962,258038155820.0,1278332550.0,1518194680.0,,31.73003,식품,57700.0,39500.0,0.0656295899,5673447,003920,1080.0,3054.25,0.35360563149709423,130080295.0,-1.762632197414804,-18.039215686274513,1.5712531718097733,0.7380380488534646,0.4954044668075089,16.962,-27.642980935875215,https://finance.naver.com/item/main.naver?code=003920
BYC,KOSPI,37850.0,236416777500,15.29,0.53,2367.0,68791.0,0.38004,43426502660.0,2992635670.0,3698689540.0,,8.86194,"섬유,의류,신발,호화품",71500.0,29150.0,0.0506010903,6246150,001460,6481.0,2758.95,2.3490820783268997,100598656.25,10.043668122270732,-26.60194174757281,2.3490820783268997,3.4408570888633685,6.891265671173899,38.004,-47.06293706293706,https://finance.naver.com/item/main.naver?code=001460
아이스크림미디어,KOSDAQ,17710.0,236143953430,4.53,1.1,3893.0,16098.0,0.28016,77184300230.0,32329056830.0,41805699690.0,,10.63048,교육서비스,20050.0,14130.0,0.0689699731,13333933,461300,13013.0,21965.55,0.5924276879021924,412758653.25,7.99267846247711,0.96976611523103,1.6932423727154569,24.18312833892409,41.885534666587986,28.016000000000002,-11.670822942643388,https://finance.naver.com/item/main.naver?code=461300
세보엠이씨,KOSDAQ,23600.0,238002979200,6.74,0.87,3612.0,27833.0,0.70051,289840009640.0,18059542460.0,15131096890.0,,35.6787,건설,29300.0,12470.0,0.132898365,10084872,011560,58370.0,61666.85,0.9465377265094618,1525369446.25,2.637362637362628,29.65019433647973,4.972039272315677,12.977400926957209,6.230865946503079,70.051,-19.453924914675767,https://finance.naver.com/item/main.naver?code=011560
아스트,KOSDAQ,5650.0,237954027050,-18.58,0.76,-310.0,7610.0,0.73126,56996960540.0,3822532340.0,1754157800.0,,41.29186,우주항공과국방,10390.0,3990.0,0.0,42115757,067390,31331.0,83522.15,0.3751220484625935,491983656.25,882.4253075571178,669.9724517906336,0.6376991013761021,-4.07358738501971,6.706554707101228,73.126,-45.620789220404234,https://finance.naver.com/item/main.naver?code=067390
신흥에스이씨,KOSDAQ,5980.0,230578245300,-41.26,0.8,-151.0,7821.0,1.46984,131556472230.0,5196061820.0,-194996620.0,,-86.37263,전기제품,12290.0,3425.0,0.0637270093,38558235,243840,263165.0,140517.95,1.8728212303125684,806662885.0,38.882554161915614,-18.582887700534755,2.7832529580740393,-1.9306993990538295,3.949681632474708,146.984,-51.34255492270139,https://finance.naver.com/item/main.naver?code=243840
에프앤가이드,KOSDAQ,20600.0,235052839200,23.5,3.37,866.0,6042.0,0.16594,14920954800.0,7862713710.0,6163555030.0,,32.07185,IT서비스,37000.0,8140.0,0.0973121553,11410332,064850,50367.0,34034.15,1.4798959280604922,647999011.5,-0.9685230024213065,-2.3866348448687402,1.4798959280604922,14.333002317113538,52.69578130482642,16.594,-44.32432432432433,https://finance.naver.com/item/main.naver?code=064850
LS네트웍스,KOSPI,2945.0,232074882120,-7.3,0.26,-405.0,11323.0,10.8324,2379092704890.0,63054037910.0,35834276490.0,,7.94241,증권,4965.0,2560.0,0.0085037608,78803016,000680,32991.0,49237.65,0.6700360394941676,145846264.8,4.6017699115044275,-5.741626794258369,1.6587509761331014,-3.5767906031970322,2.650339676986878,1083.24,-40.684793554884195,https://finance.naver.com/item/main.naver?code=000680
SAMG엔터,KOSDAQ,22050.0,225071780850,5.04,2.03,3560.0,8830.0,0.45055,37458325950.0,2069946400.0,-350312380.0,,966.7929,방송과엔터테인먼트,66100.0,16740.0,0.0430564799,10207337,419530,790801.0,43548.5,18.159086994959644,774309241.5,-7.317073170731703,-32.842415316642125,18.159086994959644,40.31710079275198,5.525998152621661,45.055,-66.64145234493193,https://finance.naver.com/item/main.naver?code=419530
휴온스,KOSDAQ,19440.0,232884687600,5.33,0.61,3651.0,32090.0,0.60447,146980812510.0,2927452840.0,-1077068150.0,,47.93196,제약,41500.0,18800.0,0.1560194713,11979665,243070,11448.0,23587.85,0.4853346108271844,468195521.75,-26.273764258555133,-26.13333333333333,0.6546590723614064,11.3773761296354,1.9917244911139866,60.446999999999996,-53.1566265060241,https://finance.naver.com/item/main.naver?code=243070
피에이치에이,KOSDAQ,11200.0,235200000000,4.73,0.26,2369.0,43257.0,0.37439,316817781260.0,11381660300.0,14374783300.0,,9.77399,자동차부품,15600.0,9730.0,0.1495782857,21000000,043370,28055.0,14166.1,1.980432158462809,158136797.25,-3.406113537117905,-10.95008051529791,1.980432158462809,5.476570266084102,3.592494163280411,37.439,-28.205128205128204,https://finance.naver.com/item/main.naver?code=043370
DS단석,KOSPI,13070.0,230732996380,-19.12,0.85,-678.0,15304.0,2.57033,310076582520.0,6289708730.0,2518116230.0,,-33.60183,화학,26450.0,9560.0,0.0260332802,17653634,017860,93871.0,80402.1,1.1675192563378318,998122957.0,18.059299191374656,-32.61538461538461,2.0510533928840164,-4.430214323052796,2.0284371940903703,257.03299999999996,-50.58601134215501,https://finance.naver.com/item/main.naver?code=017860
아스테라시스,KOSDAQ,6170.0,232162242640,25.52,5.12,250.0,1247.0,0.12901,11222466670.0,79277640.0,1298373210.0,,-35.39576,건강관리장비와용품,17480.0,4050.0,0.0091375499,37627592,450950,69524.0,50847.95,1.367292093388229,299282255.1,-2.392344497607657,-45.55160142348754,6.1942320191866145,20.04811547714515,0.7064190282865862,12.901000000000002,-64.7025171624714,https://finance.naver.com/item/main.naver?code=450950
코오롱글로벌,KOSPI,9150.0,232629224850,-0.96,0.34,-9556.0,26910.0,3.2187,750494505250.0,52208362990.0,32238057510.0,,35.6787,건설,13570.0,7900.0,0.0082685785,25423959,003070,6133.0,8676.1,0.7068844296400456,80198781.25,-2.3655913978494647,-15.92592592592592,1.2612809903067046,-35.510962467484205,6.956528345615093,321.87,-32.57184966838614,https://finance.naver.com/item/main.naver?code=003070
한농화성,KOSPI,14510.0,226893479420,59.96,1.36,253.0,11152.0,0.46942,72385860390.0,7779235310.0,5905198100.0,,-33.60183,화학,29450.0,9250.0,0.0387357148,15637042,011500,63951.0,62647.95,1.0207995632738183,875051257.75,22.575250836120397,-30.19047619047619,5.259597480843348,2.268651362984218,10.746899004981213,46.942,-50.73005093378609,https://finance.naver.com/item/main.naver?code=011500
엘오티베큠,KOSDAQ,12750.0,227077920750,-26.62,0.87,-500.0,15352.0,0.35504,81458228770.0,8738173640.0,7962423900.0,,32.96274,반도체와반도체장비,17940.0,6070.0,0.0841741843,17810033,083310,97946.0,90135.85,1.0866486531163793,1016426871.75,53.158522050059595,-2.5037936267071292,3.4058923280803364,-3.2569046378322044,10.727183455796126,35.504000000000005,-28.92976588628763,https://finance.naver.com/item/main.naver?code=083310
슈어소프트테크,KOSDAQ,4300.0,229871545700,27.13,2.2,164.0,2019.0,0.3842,26447518870.0,2755203840.0,2753063030.0,,224.56969,소프트웨어,10880.0,3000.0,0.0463754697,53458499,298830,171132.0,157613.7,1.085768559458981,677195594.95,8.640406607369755,-40.04207573632539,1.676129676544615,8.122833085685983,10.417626899305432,38.42,-60.47794117647059,https://finance.naver.com/item/main.naver?code=298830
PKC,KOSPI,5070.0,228292411230,22.97,1.04,229.0,5057.0,1.77804,71575091710.0,5448094140.0,3954831400.0,,-33.60183,화학,8200.0,4075.0,0.0169804453,45028089,001340,70421.0,83299.75,0.8453926932553819,419862365.25,-8.483754512635377,-25.877192982456144,1.678468422774378,4.528376507810955,7.611718001108517,177.804,-38.170731707317074,https://finance.naver.com/item/main.naver?code=001340
삼부토건,KOSPI,5820.0,227794235460,-1.04,-0.56,-5602.0,-10365.0,1.81696,21981751620.0,-6946231990.0,176408096330.0,,35.6787,건설,347.0,347.0,0.0,39139903,001470,,,,,,,,54.047274481427884,-31.59999307643892,181.696,1577.2334293948127,https://finance.naver.com/item/main.naver?code=001470
코스모로보틱스,KOSDAQ,7040.0,228452407040,-8.54,14.69,-902.0,524.0,0.14521,1243441650.0,-3317212760.0,-7220870940.0,,178.59148,기계,68500.0,6400.0,0.0,32450626,439960,1567557.0,2265306.1,0.6919846284791269,21223566877.25,-42.30452674897119,-70.79166666666667,11.708501557471637,-172.13740458015266,-266.776712843743,14.521,-89.72262773722628,https://finance.naver.com/item/main.naver?code=439960
DXVX,KOSDAQ,2310.0,227371987920,-3.99,2.45,-587.0,954.0,0.28143,6404418470.0,-6035537520.0,-5917036360.0,,-10.95779,건강관리업체및서비스,5360.0,1319.0,0.0487876228,98429432,180400,18214.0,36175.45,0.5034906269306948,83764008.3,-5.327868852459017,-50.90329436769394,2.2388111274358717,-61.530398322851156,-94.24021163314146,28.143,-56.90298507462687,https://finance.naver.com/item/main.naver?code=180400
이노스페이스,KOSDAQ,6560.0,222263112320,-1.61,3.58,-3938.0,1776.0,0.17664,2471751400.0,-15819040030.0,-15966669140.0,,41.29186,우주항공과국방,20809.196,4810.0,0.0263313638,33881572,462350,3126674.0,220604.1,14.173236127524374,1400041364.0,1.6666666666666607,-56.98717948717948,14.173236127524374,-221.73423423423424,-639.9931655748228,17.663999999999998,-68.47547593861867,https://finance.naver.com/item/main.naver?code=462350
대성산업,KOSPI,5060.0,228891518680,-2.6,0.25,-1626.0,16698.0,1.69976,365855736190.0,3012632130.0,-2584066430.0,,-145.04827,석유와가스,13140.0,3585.0,0.0311355613,45235478,128820,6496308.0,128368.5,50.60671426401337,546624596.0,20.048019207683065,-28.97727272727273,50.60671426401337,-9.737693136902623,0.8234481059046314,169.976,-61.49162861491628,https://finance.naver.com/item/main.naver?code=128820
대화제약,KOSDAQ,12180.0,226750797000,128.3,2.91,94.0,4138.0,1.57031,41291264990.0,3328677030.0,1983280770.0,,47.93196,제약,24900.0,7460.0,0.007930589,18616650,067080,53055.0,57219.15,0.9272245393369177,642450702.0,38.94616265750286,-15.88072122052705,1.2937626651217293,2.2716288061865635,8.061455687555577,157.031,-51.08433734939759,https://finance.naver.com/item/main.naver?code=067080
미원화학,KOSPI,10260.0,225644896800,8.36,1.16,1235.0,8899.0,0.31198,105425225120.0,24349042190.0,19658859070.0,,-33.60183,화학,15400.0,8320.0,0.0051986388,21992680,134380,679.0,4613.65,0.14717197880203312,46824979.5,3.5317860746720386,-91.42857142857143,1.4868921569689943,13.87796381615912,23.09603053945084,31.197999999999997,-33.37662337662337,https://finance.naver.com/item/main.naver?code=134380
골프존,KOSDAQ,35900.0,225287398500,8.41,0.49,4269.0,73255.0,0.41119,101208044200.0,6623879860.0,8242673600.0,,14.63454,"호텔,레스토랑,레저",62100.0,34100.0,0.1541039119,6275415,215000,7460.0,14542.25,0.5129880176726435,517929998.75,-9.685534591194966,-26.13168724279835,0.763361928174801,5.827588560507816,6.544815594806247,41.119,-42.19001610305958,https://finance.naver.com/item/main.naver?code=215000
에스엔시스,KOSDAQ,23650.0,223174738600,10.93,1.3,2169.0,18298.0,0.36237,41075547290.0,6071907970.0,5481901550.0,,19.27479,조선,49900.0,19000.0,0.0841801105,9436564,0008Z0,21172.0,14539.85,1.456136067428481,346664886.25,16.058394160583944,-16.315789473684205,1.456136067428481,11.853754508689475,14.782293531310364,36.237,-52.605210420841686,https://finance.naver.com/item/main.naver?code=0008Z0
바이오니아,KOSDAQ,8610.0,222226605510,-81.28,1.09,-109.0,8124.0,0.69739,96153096480.0,1176049270.0,-1100049010.0,,-66.93263,생물공학,15640.0,5470.0,0.0347883331,25810291,064550,208009.0,587957.15,0.35378258432608567,5827407957.25,34.46676970633693,-27.500000000000004,0.35378258432608567,-1.3417035942885278,1.2231007768373015,69.73899999999999,-44.948849104859335,https://finance.naver.com/item/main.naver?code=064550
한국비엔씨,KOSDAQ,3255.0,222625353930,75.95,0.93,42.0,3417.0,0.17611,24606572850.0,-366262890.0,-1737934320.0,,-35.39576,건강관리장비와용품,6180.0,2050.0,0.0121190786,68394886,256840,9289986.0,4623056.0,2.0094902592570802,14590474380.8,35.463917525773205,-16.09195402298851,2.0094902592570802,1.2291483757682178,-1.4884758321799372,17.610999999999997,-47.33009708737864,https://finance.naver.com/item/main.naver?code=256840
클리오,KOSDAQ,12490.0,225711198970,15.84,0.86,755.0,13864.0,0.29667,86805271280.0,11617333900.0,13721492710.0,,42.55038,화장품,15330.0,8800.0,0.0269687057,18071353,237880,87055.0,54431.35,1.5993540487237594,665280145.75,3.5833333333333384,4.191114836546528,1.5993540487237594,5.4457587997691865,13.383212480872277,29.666999999999998,-18.52576647097195,https://finance.naver.com/item/main.naver?code=237880
큐라클,KOSDAQ,10140.0,224671898880,-9.04,5.73,-1120.0,1765.0,0.27297,7184603330.0,2358590980.0,3227579410.0,,47.93196,제약,20750.0,4400.0,0.0197655891,22156992,365270,28087.0,51318.8,0.547304301737375,497991454.25,-0.9852216748768461,-36.5530303030303,1.324816636398357,-63.45609065155807,32.82840919207713,27.297,-51.13253012048193,https://finance.naver.com/item/main.naver?code=365270
제테마,KOSDAQ,6010.0,224095464990,-33.32,3.37,-184.0,1818.0,2.01879,20082245180.0,2305643430.0,1351121990.0,,-35.39576,건강관리장비와용품,11280.0,3800.0,0.0232790971,37287099,216080,52046.0,209767.3,0.2481130281030456,1395297488.75,22.87179487179487,-26.412776412776417,3.1194852581884787,-10.121012101210122,11.481004286792599,201.87900000000002,-46.71985815602837,https://finance.naver.com/item/main.naver?code=216080
서호전기,KOSDAQ,43050.0,221707500000,9.4,2.38,4588.0,18120.0,0.32486,23953326780.0,4198541320.0,5217573130.0,,6.899,운송인프라,59900.0,37700.0,0.0179291262,5150000,065710,2879.0,7047.75,0.40849916640062434,317886321.25,0.5800464037122977,-1.9230769230769273,1.24394310240857,25.32008830022075,17.52800919288423,32.486,-28.130217028380635,https://finance.naver.com/item/main.naver?code=065710
한미글로벌,KOSPI,20100.0,220246755000,11.34,0.96,1826.0,21462.0,0.8424,119662587870.0,6248267710.0,5839211550.0,,35.6787,건설,34750.0,13740.0,0.0342402271,10957550,053690,106122.0,222096.6,0.47781911114352943,5064706833.75,21.411483253588525,-22.22222222222222,0.49861636783273583,8.508060758549995,5.221571604976522,84.24000000000001,-42.15827338129496,https://finance.naver.com/item/main.naver?code=053690
듀켐바이오,KOSDAQ,7730.0,220217805600,32.27,4.25,229.0,1737.0,0.50469,11196128400.0,1931234680.0,1204698030.0,,47.93196,제약,12770.0,5100.0,0.0079417397,28488720,176750,179193.0,65436.95,2.7384069703737723,442229463.0,32.879045996592836,-16.666666666666664,2.7384069703737723,13.18364997121474,17.24912944013754,50.468999999999994,-39.46750195771339,https://finance.naver.com/item/main.naver?code=176750
경방,KOSPI,8030.0,220144618100,4.22,0.25,1888.0,31241.0,0.54323,117107557440.0,11166155600.0,-2197989990.0,,8.86194,"섬유,의류,신발,호화품",15210.0,6200.0,0.0238872716,27415270,000050,133079.0,17948.05,7.414677360493202,143999993.25,-0.9779951100244544,-14.64699683877766,7.414677360493202,6.043340482058833,9.534957302581411,54.323,-47.20578566732413,https://finance.naver.com/item/main.naver?code=000050
휴스틸,KOSPI,3930.0,220819134750,-15.02,0.21,-268.0,18820.0,0.34882,242023351920.0,-805730600.0,-14250732950.0,,42.40289,철강,7300.0,3110.0,0.0120232985,56188075,005010,242786.0,662408.95,0.36651980623148284,2726414943.55,5.473965287049398,-24.61832061068703,7.054741636567562,-1.4240170031880977,-0.332914404171351,34.882000000000005,-46.16438356164384,https://finance.naver.com/item/main.naver?code=005010
디아이씨,KOSPI,5700.0,221664843300,-21.12,1.61,-278.0,3657.0,3.01322,196618790360.0,8729606730.0,5428742960.0,,9.77399,자동차부품,15150.0,3790.0,0.0189994391,38888569,092200,163711.0,201635.45,0.8119157618365223,1142475667.0,41.161928306551296,-33.6046511627907,1.06018559732428,-7.6018594476346735,4.439863918406013,301.322,-62.37623762376238,https://finance.naver.com/item/main.naver?code=092200
동아지질,KOSPI,19510.0,218943502670,13.54,1.06,1453.0,18566.0,1.01488,111943502470.0,5035723760.0,5524581210.0,,35.6787,건설,22500.0,13200.0,0.0705416812,11222117,028100,16345.0,75808.45,0.21560920979125678,1455384933.5,16.7060212514758,12.457337883959042,0.25716130589663816,7.826133792954863,4.498451137304316,101.488,-13.288888888888884,https://finance.naver.com/item/main.naver?code=028100
갤럭시아머니트리,KOSDAQ,5600.0,219687092800,27.69,1.93,212.0,3035.0,2.4011,35926429590.0,5601261750.0,3612290940.0,,32.07185,IT서비스,12250.0,4055.0,0.0219549466,39229838,094480,233831.0,468595.25,0.49900420458807465,2755017926.0,18.947368421052623,-33.13609467455622,0.5945898939436539,6.985172981878089,15.590922376430893,240.11,-54.28571428571429,https://finance.naver.com/item/main.naver?code=094480
압타바이오,KOSDAQ,7860.0,220814163300,-13.23,4.78,-607.0,1680.0,0.28897,1602804790.0,-3574709530.0,1115500140.0,,-10.95779,건강관리업체및서비스,10890.0,3870.0,0.0151085281,28093405,293780,42610.0,48864.75,0.8719987311917077,336251333.25,87.63376932223544,4.503311258278142,2.6067052425316817,-36.13095238095238,-223.02837827181685,28.897000000000002,-27.8236914600551,https://finance.naver.com/item/main.naver?code=293780
큐알티,KOSDAQ,17790.0,218626664790,70.53,2.28,247.0,7641.0,0.66803,18495957190.0,1226107620.0,1105317380.0,,32.96274,반도체와반도체장비,24200.0,8060.0,0.044707913,12289301,405100,89818.0,55688.55,1.6128629673424788,828334550.0,74.0096618357488,7.266229898749255,4.798239494474178,3.232561183091218,6.629057406463429,66.803,-26.48760330578512,https://finance.naver.com/item/main.naver?code=405100
한국캐피탈,KOSDAQ,1407.0,222031336716,2.43,0.29,578.0,4820.0,5.7209,157053902000.0,38681025000.0,25976723000.0,,28.59581,기타금융,2500.0,1224.0,0.0072200914,157804788,023760,39523.0,44588.4,0.8863964618600353,62770888.85,90.10840108401084,45.08790072388831,1.4818652384925226,11.991701244813278,24.629139745919844,572.09,-43.720000000000006,https://finance.naver.com/item/main.naver?code=023760
HB테크놀러지,KOSDAQ,2295.0,217845526410,7.56,0.75,320.0,3208.0,0.30438,28535978680.0,516788200.0,10604293450.0,,16.67937,디스플레이장비및부품,6140.0,1575.0,0.0079649987,94921798,078150,1334525.0,1791095.85,0.7450885445354585,3818963263.6,21.98952879581151,5.909090909090908,1.332878416305861,9.975062344139651,1.8110056984385159,30.438,-62.62214983713355,https://finance.naver.com/item/main.naver?code=078150
범한퓨얼셀,KOSDAQ,24800.0,217272800000,137.03,1.35,185.0,18795.0,1.14293,17824990760.0,-3233268860.0,-3988110250.0,,-86.37263,전기제품,44200.0,11810.0,0.0295306472,8761000,382900,128370.0,240785.95,0.5331291132227607,5859109990.0,51.14182692307692,-10.657193605683835,0.9258056792765524,0.9843043362596435,-18.13896513907646,114.293,-43.89140271493213,https://finance.naver.com/item/main.naver?code=382900
덕양에너젠,KOSDAQ,8600.0,219033073200,34.92,3.67,250.0,2381.0,0.6209,35315791420.0,3189414260.0,462223360.0,,-145.04827,석유와가스,42800.0,5900.0,0.0165963183,25468962,0001A0,43429.0,130033.45,0.3339832942985055,1244343541.25,5.882352941176472,-51.83946488294314,0.47394728048821283,10.499790004199916,9.031127809283,62.09,-79.90654205607477,https://finance.naver.com/item/main.naver?code=0001A0
흥국화재,KOSPI,3405.0,218746206225,1.75,0.27,1992.0,12842.0,9.40558,949301000000.0,35505000000.0,26831000000.0,,8.69824,손해보험,7480.0,2870.0,0.0126098949,64242645,000540,20487.0,56843.7,0.36040933296038086,206930118.1,9.076433121019111,-23.804226918798665,0.806826438110116,15.511602554119296,3.740120362245484,940.558,-54.47860962566845,https://finance.naver.com/item/main.naver?code=000540
미래산업,KOSPI,7900.0,219451556200,17.95,1.57,479.0,5490.0,0.36263,30798429920.0,10360254660.0,10723734180.0,,32.96274,반도체와반도체장비,13400.0,2240.0,0.1031820521,27778678,025560,641152.0,451069.25,1.4214048064681863,3166542427.0,-81.21140142517815,-41.27691165553081,1.8134931609725113,8.72495446265938,33.6389052523493,36.263,-41.04477611940298,https://finance.naver.com/item/main.naver?code=025560
나무가,KOSDAQ,15500.0,218322413500,9.14,1.3,1741.0,12226.0,0.38801,93206654780.0,2152255990.0,2283054250.0,,108.08375,핸드셋,28600.0,11050.0,0.0446848303,14085317,190510,56164.0,213989.2,0.262461843868756,3502946779.25,33.07692307692307,-9.63435867672664,0.30702484050596945,14.240143955504662,2.309122664127438,38.801,-45.8041958041958,https://finance.naver.com/item/main.naver?code=190510
코칩,KOSDAQ,24550.0,215306593300,71.29,3.64,357.0,7001.0,0.17815,17996033150.0,4410030760.0,3490983980.0,,-86.37263,전기제품,36500.0,9310.0,0.0047571722,8770126,126730,278488.0,664405.6,0.4191536013543534,15285953032.25,82.7485380116959,30.890052356020938,0.7906300007104095,5.099271532638195,24.505571440337118,17.815,-32.73972602739727,https://finance.naver.com/item/main.naver?code=126730
삼영,KOSPI,6440.0,218960000000,16.5,2.54,400.0,2595.0,1.17978,54043032230.0,7175900400.0,6405369840.0,,-33.60183,화학,13980.0,4365.0,0.0430908235,34000000,003720,141875.0,133371.2,1.063760392048658,844209672.0,12.369337979094075,-15.354330708661411,1.6731573233201769,15.414258188824661,13.278123199046856,117.97800000000001,-53.934191702432045,https://finance.naver.com/item/main.naver?code=003720
미래나노텍,KOSDAQ,6990.0,216759893010,14.87,0.69,487.0,10551.0,0.94572,106692096700.0,2600443780.0,-9834903200.0,,16.67937,디스플레이장비및부품,14160.0,5220.0,0.0317716231,31009999,095500,80759.0,62712.3,1.2877697038698948,423290144.75,1.726618705035965,-21.79203539823009,2.947507905147794,4.615676239219031,2.437334967098833,94.572,-50.63559322033898,https://finance.naver.com/item/main.naver?code=095500
삼목에스폼,KOSDAQ,14930.0,219471000000,20.92,0.33,715.0,45432.0,0.2051,82875525020.0,-3059226800.0,2362295790.0,,-8.83576,건축제품,22300.0,12570.0,0.015632449,14700000,018310,15025.0,16013.55,0.938267904368488,233310176.5,0.5398110661268607,-20.064377682403432,0.938267904368488,1.573780595175207,-3.691351335948375,20.51,-33.04932735426009,https://finance.naver.com/item/main.naver?code=018310
지앤비에스 에코,KOSDAQ,7010.0,223135597410,32.86,1.77,199.0,3701.0,0.24794,36663511990.0,5079369770.0,5116378020.0,,32.96274,반도체와반도체장비,10150.0,2550.0,0.0456891121,31831041,382800,2338912.0,884405.4,2.6446152409291033,4930132504.75,55.30474040632054,25.776965265082264,2.99501111142017,5.3769251553634145,13.85401859861489,24.794,-30.935960591133004,https://finance.naver.com/item/main.naver?code=382800
DSC인베스트먼트,KOSDAQ,8150.0,216790000000,12.69,1.74,669.0,4874.0,0.47042,16987618510.0,12165651570.0,9495631470.0,,15.23109,창업투자,19700.0,6120.0,0.074930188,26600000,241520,86065.0,103055.85,0.8351296893868713,841536744.25,0.9876543209876631,-45.32085561497327,1.5014091873484134,13.725892490767336,71.61481500681522,47.042,-58.62944162436548,https://finance.naver.com/item/main.naver?code=241520
모토닉,KOSPI,10050.0,218417594700,8.06,0.45,1248.0,22319.0,0.10298,73661865890.0,5812353760.0,7031852190.0,,9.77399,자동차부품,11980.0,9290.0,0.1124961775,21733094,009680,5148.0,12034.75,0.427761274642182,122838199.25,1.9348268839103788,-6.97026022304833,1.4877749849394462,5.591648371342802,7.89058719837432,10.298,-16.110183639399,https://finance.naver.com/item/main.naver?code=009680
바디텍메드,KOSDAQ,9980.0,218641051580,8.91,0.9,1091.0,10787.0,0.16133,50417300180.0,8239188530.0,7649799090.0,,-38.0877,생명과학도구및서비스,14250.0,9250.0,0.0334999382,21907921,206640,58363.0,24516.25,2.3805843063274357,233785139.5,-10.379061371841159,-15.847457627118644,2.3805843063274357,10.11402614257903,16.34198677950708,16.133,-29.96491228070175,https://finance.naver.com/item/main.naver?code=206640
씨메스로보틱스,KOSDAQ,18250.0,215475815500,-13.38,3.82,-1439.0,5040.0,0.23036,3744361940.0,-4770689860.0,-4301313780.0,,178.59148,기계,46950.0,13420.0,0.0210175513,11806894,475400,32399.0,97579.85,0.3320255155137049,1918223863.75,14.223331253898941,-41.68789808917197,0.6313496075265539,-28.5515873015873,-127.40995492545788,23.036,-61.128860489882854,https://finance.naver.com/item/main.naver?code=475400
SBS,KOSPI,11730.0,217606021740,27.02,0.17,433.0,69877.0,0.69627,285351328160.0,7793303540.0,6609529880.0,,966.7929,방송과엔터테인먼트,20800.0,10500.0,0.0,18551238,034120,859.0,5235.6,0.16406906562762624,62335744.0,-4.882017900732305,-28.06153846153846,1.4076705630682251,0.6196602601714442,2.7311257285020236,69.627,-43.60576923076923,https://finance.naver.com/item/main.naver?code=034120
대동,KOSPI,7550.0,217642830750,-10.94,0.43,-703.0,17840.0,2.37606,467080858520.0,41232575820.0,21418694530.0,,178.59148,기계,13640.0,5470.0,0.0383919653,28826865,000490,101183.0,130392.1,0.7759902632137989,1040908073.25,8.879184861717615,-23.906408952187185,0.7759902632137989,-3.9405829596412554,8.827716886247536,237.606,-44.648093841642236,https://finance.naver.com/item/main.naver?code=000490
티씨머티리얼즈,KOSDAQ,6030.0,211282456500,121.76,2.79,51.0,2222.0,0.80715,123830504790.0,3811388910.0,2641318930.0,,57.41321,전기장비,10410.0,2990.0,0.0103158949,35038550,125020,1496858.0,743251.8,2.0139312141591854,4643470484.0,39.54545454545455,27.51817237798546,2.0139312141591854,2.295229522952295,3.077907916521544,80.715,-42.074927953890494,https://finance.naver.com/item/main.naver?code=125020
한국정보인증,KOSDAQ,5370.0,212464834020,8.61,1.1,654.0,5107.0,0.70435,36910570760.0,8538656170.0,6046410210.0,,32.07185,IT서비스,7750.0,3780.0,0.0176033219,39565146,053300,276328.0,522073.05,0.5292899145052594,2916286446.5,29.951690821256037,-8.347529812606469,2.461868123627527,12.805952614059136,23.13336259555581,70.435,-30.70967741935484,https://finance.naver.com/item/main.naver?code=053300
바이넥스,KOSDAQ,6580.0,215061957040,-65.45,1.12,-101.0,5881.0,0.93672,37809540710.0,-9154005880.0,-15018771870.0,,47.93196,제약,16800.0,5500.0,0.0689680894,32684188,053030,32357.0,57679.4,0.5609801766315183,367663367.0,-6.330935251798564,-45.10961214165261,0.981875678318429,-1.7173950008501957,-24.21083596389447,93.672,-60.83333333333334,https://finance.naver.com/item/main.naver?code=053030
우주일렉트로,KOSDAQ,23750.0,214711186250,9.2,0.76,2684.0,32705.0,0.30274,44983936610.0,447277900.0,3535839820.0,,108.08375,핸드셋,51700.0,18800.0,0.1063718915,9040471,065680,8282.0,20393.65,0.4061068028528488,509194261.25,-12.199630314232902,-17.962003454231436,0.8758608684566028,8.206696223818987,0.9943058204927521,30.274,-54.06189555125726,https://finance.naver.com/item/main.naver?code=065680
미창석유,KOSPI,122200.0,212587918400,2.67,0.38,45517.0,316865.0,0.14551,135946149450.0,8156045310.0,79400019670.0,,-33.60183,화학,169000.0,105000.0,0.3025093236,1739672,003650,983.0,2243.2,0.4382132667617689,289441772.5,-12.962962962962965,8.62222222222222,1.1385520684736092,14.364792577280545,5.99946768849068,14.551,-27.692307692307693,https://finance.naver.com/item/main.naver?code=003650
대아티아이,KOSDAQ,3000.0,211420131000,10.53,1.4,290.0,2189.0,0.83468,30464709510.0,1798023880.0,1938808990.0,,13.96904,도로와철도운송,5140.0,2065.0,0.0417130287,70473377,045390,383119.0,854890.6,0.4481497398614513,2846763207.55,16.860465116279077,-26.820388349514566,0.74899876077711,13.24805847418913,5.901989248936712,83.468,-41.63424124513618,https://finance.naver.com/item/main.naver?code=045390
신세계 I&C,KOSPI,15080.0,210831972000,7.21,0.47,2156.0,32954.0,0.30628,174955496530.0,15236657210.0,12842179200.0,,32.07185,IT서비스,29300.0,10310.0,0.033246286,13980900,035510,63398.0,175740.4,0.36074801240921267,2733453689.5,21.34831460674158,-23.867069486404834,0.4764300069875794,6.542453116465376,8.708875978290477,30.628,-48.53242320819112,https://finance.naver.com/item/main.naver?code=035510
더본코리아,KOSPI,14200.0,210557174000,-12.07,0.85,-1179.0,16648.0,0.29641,83216576480.0,-5562003640.0,-4405558260.0,,14.63454,"호텔,레스토랑,레저",26600.0,12130.0,0.0036180947,14827970,475560,10554.0,23079.85,0.4572820013994892,347423497.75,-3.0716723549488067,-32.541567695961994,0.5937213630071253,-7.081931763575204,-6.68376887787105,29.641000000000002,-46.616541353383454,https://finance.naver.com/item/main.naver?code=475560
유니퀘스트,KOSPI,9700.0,209520989400,10.51,0.88,955.0,11427.0,1.8253,216298440440.0,16573774540.0,12929732430.0,,32.96274,반도체와반도체장비,10850.0,4075.0,0.6075060664,21600102,077500,351089.0,316731.95,1.1084735846825684,2827550862.75,81.26159554730982,59.90180032733223,1.3977150079112637,8.357399142382077,7.66245679177584,182.53,-10.599078341013824,https://finance.naver.com/item/main.naver?code=077500
피아이이,KOSDAQ,5730.0,206443305000,-9.35,3.74,-626.0,1566.0,2.02212,11008389060.0,-2980091980.0,-10564623880.0,,32.07185,IT서비스,9850.0,1815.0,0.0141151033,36028500,452450,1333419.0,739477.75,1.803190156837038,3796252658.95,86.88,12.524084778420042,1.803190156837038,-39.97445721583653,-27.071099720016615,202.21200000000002,-41.82741116751269,https://finance.naver.com/item/main.naver?code=452450
대원산업,KOSDAQ,10420.0,208791792000,2.73,0.36,3836.0,29170.0,0.30498,258546932200.0,13127008760.0,20031399020.0,,9.77399,자동차부품,18930.0,9510.0,0.1543222242,20037600,005710,19132.0,10088.6,1.8963979144777272,107539178.5,-0.09523809523809268,-19.43164362519201,3.768709236167555,13.150497086047308,5.077224722142729,30.497999999999998,-44.955097728473326,https://finance.naver.com/item/main.naver?code=005710
지니언스,KOSDAQ,23050.0,209284780000,28.43,3.44,867.0,7171.0,0.30767,13184435290.0,2569533910.0,2688450300.0,,224.56969,소프트웨어,26500.0,11000.0,0.2452412001,9079600,263860,676059.0,515680.75,1.3110029800414307,10450961643.25,92.88702928870293,71.2481426448737,4.02645047347608,12.090363965974062,19.48914650860257,30.767,-13.0188679245283,https://finance.naver.com/item/main.naver?code=263860
동국산업,KOSDAQ,3855.0,209112478110,-21.37,0.58,-194.0,7195.0,0.94694,163391223980.0,-855131390.0,-10567984910.0,,42.40289,철강,4485.0,2125.0,0.0155118451,54244482,005160,579916.0,2917195.05,0.19879232963870552,10778578434.15,67.3913043478261,20.879120879120872,2.1792344670268107,-2.6963168867268936,-0.5233643332671728,94.694,-14.046822742474918,https://finance.naver.com/item/main.naver?code=005160
아이엘,KOSDAQ,5690.0,210050196440,-14.87,9.09,-394.0,645.0,2.88187,24870125990.0,2762638400.0,-596457000.0,,16.67937,디스플레이장비및부품,10400.0,2450.0,0.0161320627,36915676,307180,276033.0,238770.5,1.1560598985218022,1359833475.5,38.99138991389914,11.220472440944885,1.1560598985218022,-61.08527131782946,11.10826057379374,288.187,-45.28846153846153,https://finance.naver.com/item/main.naver?code=307180
베뉴지,KOSDAQ,4225.0,203645000000,1.87,0.45,2331.0,9718.0,0.49008,14064019250.0,5867699120.0,219445783120.0,,14.63454,"호텔,레스토랑,레저",7300.0,2310.0,0.0040871577,48200000,019010,46258.0,220524.45,0.20976358857260496,1057273974.05,-7.188841201716734,-7.978723404255317,0.7841352738891311,23.986416958221856,41.72135301933692,49.008,-42.12328767123288,https://finance.naver.com/item/main.naver?code=019010
강스템바이오텍,KOSDAQ,2230.0,209740752270,-15.17,3.14,-151.0,730.0,0.20977,641994660.0,-6062121030.0,-6249329260.0,,-66.93263,생물공학,4690.0,1372.0,0.0236507483,94054149,217730,225668.0,218038.15,1.0349931881186847,476662746.65,-12.450592885375489,-38.214783821478385,2.759498739096805,-20.684931506849317,-944.2634663035982,20.977,-52.45202558635395,https://finance.naver.com/item/main.naver?code=217730
옵티코어,KOSDAQ,8450.0,206658126350,-8.19,8.95,-1032.0,944.0,4.03899,3387568940.0,-1873164040.0,-9701268010.0,,-391.40909,통신장비,11100.0,2494.0,0.002276197,24456583,380540,,,,,,,,-109.32203389830508,-55.295230095007305,403.899,-23.873873873873876,https://finance.naver.com/item/main.naver?code=380540
에이유브랜즈,KOSDAQ,14410.0,206953538000,22.8,2.9,615.0,4838.0,0.46304,30272543120.0,6274259070.0,4732567310.0,,8.86194,"섬유,의류,신발,호화품",28700.0,10450.0,0.0205494437,14361800,481070,8643.0,13794.8,0.6265404355264302,214871882.0,-4.910418049104182,-19.944134078212294,1.1046191318467828,12.711864406779661,20.725906789954553,46.304,-49.79094076655052,https://finance.naver.com/item/main.naver?code=481070
무학,KOSPI,7300.0,208050000000,3.83,0.32,1898.0,22743.0,0.25766,37902358510.0,2410797600.0,25544836490.0,,16.42155,음료,10490.0,7080.0,0.0204989123,28500000,033920,4785.0,16874.75,0.28355975644083614,127118350.75,-3.693931398416883,-17.420814479638015,1.1544467325441858,8.34542496592358,6.3605477199102145,25.766,-30.40991420400382,https://finance.naver.com/item/main.naver?code=033920
BGF에코머티리얼즈,KOSDAQ,3565.0,223763994935,14.18,0.48,226.0,6634.0,0.67439,102653009360.0,1201814520.0,927978380.0,,-33.60183,화학,6520.0,2460.0,0.0092185214,62766899,126600,105095.0,54820.0,1.917092302079533,167577172.6,12.136752136752138,-15.13583441138422,1.917092302079533,3.406692794694001,1.1707542988684185,67.43900000000001,-45.32208588957055,https://finance.naver.com/item/main.naver?code=126600
백산,KOSPI,10380.0,205223800020,6.7,0.84,1581.0,12658.0,0.67397,126464943050.0,16339089740.0,9115931640.0,,8.86194,"섬유,의류,신발,호화품",14500.0,9050.0,0.0606982047,19771079,035150,17740.0,12944.5,1.3704662211750165,136864052.75,1.2682926829268304,-19.90740740740741,2.321681022828228,12.4901248222468,12.919856954776844,67.39699999999999,-28.41379310344827,https://finance.naver.com/item/main.naver?code=035150
오리엔탈정공,KOSDAQ,4485.0,204397869585,10.87,1.66,420.0,2752.0,0.66903,59676885480.0,8819279030.0,6784191750.0,,19.27479,조선,12900.0,3530.0,0.0447454726,45573661,014940,94831.0,107920.15,0.8787144940032052,496881359.15,2.771362586605086,-32.26788432267884,0.9077452171814069,15.261627906976743,14.778383555146618,66.903,-65.23255813953487,https://finance.naver.com/item/main.naver?code=014940
나우로보틱스,KOSDAQ,15710.0,203890381220,-23.35,13.12,-701.0,1248.0,2.32187,6164866600.0,-4154889080.0,-8273984100.0,,178.59148,기계,38250.0,10700.0,0.0118150321,12978382,459510,27761.0,111546.1,0.24887468051325862,1807635057.5,26.184738955823295,-19.55965181771634,0.6307347365797639,-56.169871794871796,-67.39625282402704,232.187,-58.928104575163395,https://finance.naver.com/item/main.naver?code=459510
JTC,KOSDAQ,4300.0,209724394500,,,,,0.98736,46377564000.0,1971840000.0,1001795000.0,,32.7479,백화점과일반상점,6910.0,3350.0,0.1724408416,48773115,950170,2307.0,8018.75,0.28770070148090415,34159286.15,-13.298969072164946,-17.387033398821217,1.682057677318784,,4.251711021303318,98.736,-37.77134587554269,https://finance.naver.com/item/main.naver?code=950170
더즌,KOSDAQ,2785.0,199874166855,17.02,2.88,173.0,1022.0,1.80378,15006965450.0,3640110900.0,2731243730.0,,32.07185,IT서비스,5530.0,1588.0,0.0096645302,71768103,462860,433790.0,3489543.4,0.12431139271688095,11158452074.3,50.534759358288774,-17.690058479532166,0.24687757143241149,16.927592954990214,24.256142336890633,180.378,-49.63833634719711,https://finance.naver.com/item/main.naver?code=462860
엠로,KOSDAQ,16500.0,203986101000,71.93,2.22,238.0,7728.0,0.17311,17766244380.0,-1111164460.0,-1053201640.0,,224.56969,소프트웨어,47150.0,11900.0,0.0229431146,12362794,058970,18166.0,20421.7,0.889543965487692,331144411.0,7.217847769028873,-42.86713286713286,1.10240577424994,3.0797101449275366,-6.254357624681058,17.311,-65.00530222693531,https://finance.naver.com/item/main.naver?code=058970
YG PLUS,KOSPI,3145.0,200220480950,8.8,1.05,353.0,2963.0,0.48857,62117127350.0,3773000490.0,2749235090.0,,966.7929,방송과엔터테인먼트,8070.0,2715.0,0.0483409937,63663110,037270,223745.0,90780.45,2.464682649182726,283764256.5,-5.68011958146487,-43.25539568345324,2.464682649182726,11.9136010799865,6.074009940512807,48.857,-61.028500619578686,https://finance.naver.com/item/main.naver?code=037270
금화피에스시,KOSDAQ,33500.0,201000000000,6.45,0.51,5180.0,65215.0,0.26843,137037842320.0,16823880350.0,14228602070.0,,35.6787,건설,42500.0,28350.0,0.2320426667,6000000,036190,4543.0,3671.55,1.2373520720131823,124899738.75,3.7209302325581506,-10.441767068273089,1.4574226144271492,7.942957908456644,12.276813517476578,26.843,-21.176470588235297,https://finance.naver.com/item/main.naver?code=036190
바이오다인,KOSDAQ,6680.0,198824208040,235.17,4.56,29.0,1495.0,0.00861,587322130.0,-680661050.0,-323040920.0,,-35.39576,건강관리장비와용품,16860.0,6460.0,0.0410196807,29764103,314930,9816.0,23551.75,0.4167843153905761,159502333.25,-22.873563218390803,-46.618933969769294,1.7287038118186546,1.939799331103679,-115.89228725299353,0.861,-60.379596678529055,https://finance.naver.com/item/main.naver?code=314930
성신양회,KOSPI,8110.0,198825352030,7.73,0.34,1044.0,23623.0,1.22651,503228825770.0,18935122740.0,19365922770.0,,7.35428,건축자재,15310.0,6780.0,0.0422922546,24516073,004980,49826.0,53484.65,0.9315943920358458,441993169.25,-12.297734627831714,-14.14994720168955,1.2901271673274481,4.419421749989417,3.7627261735308997,122.651,-47.02808621815807,https://finance.naver.com/item/main.naver?code=004980
코메론,KOSDAQ,21750.0,196794000000,8.88,0.79,2510.0,28066.0,0.05213,23711527520.0,9875061780.0,14357992170.0,,178.59148,기계,24250.0,10180.0,0.2216409151,9048000,049430,24773.0,34690.65,0.7141117275115917,779059438.75,11.905978538579465,20.065789473684205,1.5043534785309585,8.943205301788641,41.64667068231123,5.213,-10.309278350515461,https://finance.naver.com/item/main.naver?code=049430
효성화학,KOSPI,51800.0,196415809800,0.66,0.54,80426.0,98013.0,1.93079,871289334300.0,170770733910.0,155951871660.0,,-33.60183,화학,87500.0,38900.0,0.0235657843,3791811,298000,7295.0,18463.65,0.39510064369721043,1020415430.0,-25.60801144492132,-5.454545454545457,0.8080742431751035,82.0564618979115,19.599773254104896,193.079,-40.800000000000004,https://finance.naver.com/item/main.naver?code=298000
SP삼화,KOSPI,7160.0,194776838040,22.99,0.57,308.0,12503.0,0.98353,177546898930.0,13751021060.0,9556792060.0,,7.35428,건축자재,14300.0,5180.0,0.2020632001,27203469,000390,106202.0,71082.95,1.4940572950334785,490376173.0,22.99829642248723,-26.326530612244902,1.4940572950334785,2.463408781892346,7.745007737601492,98.35300000000001,-49.93006993006993,https://finance.naver.com/item/main.naver?code=000390
교촌에프앤비,KOSPI,3915.0,195613288200,11.14,1.04,351.0,3776.0,0.90069,132272708200.0,7847786370.0,5193492460.0,,31.73003,식품,5050.0,3495.0,0.0182614738,49965080,339770,19426.0,29183.5,0.6656501105076499,111604660.7,5.093833780160861,-5.655836341756915,1.5034180273099524,9.295550847457628,5.93303522457099,90.069,-22.475247524752472,https://finance.naver.com/item/main.naver?code=339770
인터로조,KOSDAQ,16780.0,191522674660,16.33,1.34,1007.0,12297.0,0.60163,29448340190.0,5983531050.0,4777134780.0,,-35.39576,건강관리장비와용품,23100.0,12420.0,0.0365032623,11413747,119610,80683.0,34359.1,2.3482279803603703,521396789.75,14.457028647568283,-11.94259354177345,4.687258979426121,8.188989184353908,20.318737869076482,60.163,-27.359307359307362,https://finance.naver.com/item/main.naver?code=119610
에이치엠넥스,KOSDAQ,3200.0,196370003200,17.32,1.4,181.0,2239.0,0.21217,13363135990.0,1382505430.0,1254706860.0,,16.67937,디스플레이장비및부품,10240.0,801.0,0.0322553868,61365626,036170,192368.0,284775.2,0.6755082605507783,748728513.8,11.69284467713787,-51.2937595129376,1.1634545423899272,8.083966056275123,10.34566609989277,21.217,-68.75,https://finance.naver.com/item/main.naver?code=036170
녹십자웰빙,KOSDAQ,10760.0,193285000400,18.9,1.68,564.0,6351.0,1.13391,52082475760.0,4628645090.0,3965020990.0,,47.93196,제약,15890.0,6680.0,0.0377011115,17963290,234690,338056.0,398192.5,0.8489763117085329,4077189773.25,37.279596977329966,-25.69870483980914,2.6751684172856094,8.880491261218705,8.887144903266787,113.39099999999999,-32.284455632473254,https://finance.naver.com/item/main.naver?code=234690
영진약품,KOSPI,1070.0,195695222170,-1039.0,2.08,-1.0,500.0,1.63933,61578186350.0,-1497358690.0,-2431269460.0,,47.93196,제약,2320.0,998.0,0.0218230707,182892731,003520,319360.0,387919.35,0.8232639078200147,408003803.5,-9.098639455782308,-40.24594745667971,0.8232639078200147,-0.2,-2.4316381802628393,163.933,-53.87931034482758,https://finance.naver.com/item/main.naver?code=003520
대성에너지,KOSPI,7100.0,195250000000,7.81,0.56,905.0,12713.0,0.84526,161046909120.0,2733815670.0,3075582200.0,,9.53031,가스유틸리티,16150.0,6400.0,0.0105577455,27500000,117580,61359.0,392023.5,0.15651867808945127,3049800303.0,2.0231213872832443,-28.179043743641905,0.201079782206934,7.118697396365925,1.6975275619620658,84.526,-56.03715170278638,https://finance.naver.com/item/main.naver?code=117580
AJ네트웍스,KOSPI,4295.0,194360599905,6.67,0.41,635.0,10216.0,2.76176,327848505000.0,21486266000.0,28331292000.0,,13.96904,도로와철도운송,5570.0,3825.0,0.058342962,45252759,095570,41169.0,69213.5,0.5948117058088379,291516701.05,0.9422850412249772,-17.59615384615385,0.965620868761152,6.215740015661707,6.553717852091472,276.17600000000004,-22.890484739676843,https://finance.naver.com/item/main.naver?code=095570
이지바이오,KOSDAQ,5850.0,193529232000,7.0,1.81,840.0,3240.0,1.92182,148130264730.0,15060340610.0,10857210180.0,,31.73003,식품,8560.0,5500.0,0.049461186,33081920,353810,100094.0,68588.0,1.4593514900565696,418636941.25,-3.4596375617792385,-19.505494505494504,2.2293404094010616,25.925925925925924,10.166957196391152,192.18200000000002,-31.658878504672895,https://finance.naver.com/item/main.naver?code=353810
케이엔알시스템,KOSDAQ,17120.0,191693376160,-23.42,8.76,-778.0,2081.0,1.50759,4507080280.0,-1933299190.0,-2091253740.0,,178.59148,기계,45300.0,8510.0,0.0149658262,11197043,199430,60704.0,161589.15,0.3756687871679503,3027565069.5,72.97297297297298,-23.2,0.4722718078534357,-37.385872176838056,-42.89471387006224,150.759,-62.207505518763796,https://finance.naver.com/item/main.naver?code=199430
노바렉스,KOSDAQ,10630.0,194049034240,5.32,0.75,2000.0,14257.0,0.40109,101784947810.0,10966592940.0,7670886300.0,,-10.95779,건강관리업체및서비스,19000.0,9970.0,0.0647627414,18254848,194700,43475.0,46795.15,0.9290492711317305,481241373.75,-19.924242424242422,-24.5,1.3765956514724282,14.028196675317389,10.774277706042673,40.109,-44.05263157894736,https://finance.naver.com/item/main.naver?code=194700
코오롱생명과학,KOSDAQ,14660.0,191908239980,7.28,0.32,2001.0,45249.0,0.55551,50590987740.0,-785008530.0,-2185648850.0,,47.93196,제약,72700.0,13210.0,0.0250378077,13090603,102940,65593.0,45893.1,1.4292562498501953,658531500.75,-64.04878048780488,-77.14728682170544,2.1311046758663066,4.422197175628191,-1.5516766227897332,55.550999999999995,-79.83493810178817,https://finance.naver.com/item/main.naver?code=102940
메디아나,KOSDAQ,10290.0,191375714670,35.91,1.4,286.0,7340.0,0.10277,21144137050.0,2950303180.0,3108957230.0,,-35.39576,건강관리장비와용품,29600.0,4850.0,0.0482323499,18598223,041920,67484.0,67911.0,0.9937123588225766,618046554.25,6.468172484599588,-47.88944723618091,2.771922074479834,3.896457765667575,13.953291983604505,10.277,-65.23648648648648,https://finance.naver.com/item/main.naver?code=041920
스카이라이프,KOSPI,4045.0,192230352975,27.31,0.35,147.0,11465.0,0.85278,249926108840.0,11100581290.0,10427966750.0,,966.7929,방송과엔터테인먼트,5510.0,3895.0,0.0596578222,47522955,053210,34767.0,24560.95,1.4155397083581864,98714304.15,-4.255319148936165,-20.432220039292726,2.2802049594987164,1.2821631051024858,4.441545279731648,85.27799999999999,-26.58802177858439,https://finance.naver.com/item/main.naver?code=053210
한국유니온제약,KOSDAQ,2410.0,192441519730,-0.64,-0.86,-3770.0,-2802.0,1.30415,5944304300.0,-1252491540.0,2136249520.0,,47.93196,제약,2725.0,2725.0,0.0005947559,79851253,080720,,,,,,,,134.5467523197716,-21.070447890764946,130.415,-11.559633027522931,https://finance.naver.com/item/main.naver?code=080720
HDC랩스,KOSPI,7420.0,192605399420,13.9,0.64,534.0,11616.0,0.55591,153732976510.0,5705679460.0,6914560140.0,,35.6787,건설,8700.0,7210.0,0.0422069821,25957601,039570,4722.0,5769.05,0.8185056465102573,43309138.0,-4.51030927835051,-14.03712296983759,2.701137968989695,4.597107438016529,3.7114219665348496,55.591,-14.71264367816092,https://finance.naver.com/item/main.naver?code=039570
지투파워,KOSDAQ,10080.0,188591124960,35.66,4.7,297.0,2252.0,0.96203,10416736730.0,412619330.0,349207910.0,,57.41321,전기장비,18460.0,5350.0,0.0129327248,18709437,388050,951356.0,1602444.35,0.5936905078794156,17758682122.0,46.63805436337625,-8.40035746201966,0.5936905078794156,13.188277087033748,3.9611189251972196,96.203,-45.39544962080173,https://finance.naver.com/item/main.naver?code=388050
코스텍시스,KOSDAQ,23900.0,186356665000,-326.32,8.18,-76.0,3033.0,0.94567,5343257960.0,1186105760.0,902598640.0,,32.96274,반도체와반도체장비,64100.0,10890.0,0.14922339,7797350,355150,208615.0,112103.45,1.8609150744245606,2418356207.75,36.237513873473915,5.364806866952798,1.8609150744245606,-2.50576986482031,22.198175137327638,94.56700000000001,-62.71450858034322,https://finance.naver.com/item/main.naver?code=355150
핑거,KOSDAQ,14850.0,189570897450,461.88,2.98,32.0,4960.0,0.84823,22551758660.0,369689800.0,6732534660.0,,32.07185,IT서비스,25650.0,6200.0,0.0279095957,12765717,163730,159464.0,153813.75,1.0367343621750331,1826870192.25,64.13641364136413,49.64894684052157,1.1397615622790551,0.6451612903225806,1.6392947688630506,84.82300000000001,-42.10526315789473,https://finance.naver.com/item/main.naver?code=163730
이연제약,KOSPI,10120.0,188098527320,-6.21,0.84,-1616.0,12010.0,1.28034,35845295000.0,-7031997860.0,-6804366510.0,,47.93196,제약,13200.0,9100.0,0.0114616757,18586811,102460,43941.0,20684.9,2.12430323569367,206554976.25,4.065040650406515,1.5873015873015817,2.12430323569367,-13.455453788509574,-19.617631435311107,128.034,-23.33333333333333,https://finance.naver.com/item/main.naver?code=102460
계룡건설,KOSPI,21450.0,191567955150,1.91,0.2,11283.0,106029.0,2.32476,840067986790.0,69009628490.0,38800079610.0,,35.6787,건설,33300.0,16300.0,0.099979431,8930907,013580,16909.0,50282.4,0.3362806866816222,1134521122.5,6.499999999999995,-16.14173228346457,0.857795172863666,10.641428288487113,8.214767087327541,232.476,-35.58558558558559,https://finance.naver.com/item/main.naver?code=013580
환인제약,KOSPI,10180.0,189348712600,11.89,0.45,857.0,22777.0,0.13433,71418439120.0,7894213000.0,7699034960.0,,47.93196,제약,12140.0,9160.0,0.1269866726,18600070,016580,5065.0,25131.65,0.20153869722043716,255324787.25,4.624871531346342,-2.583732057416266,1.1210963068481377,3.7625675023049565,11.05346615981881,13.433,-16.144975288303133,https://finance.naver.com/item/main.naver?code=016580
동부건설,KOSPI,8350.0,191604636050,3.73,0.35,2251.0,24189.0,2.05007,596121494460.0,18034855480.0,23100809810.0,,35.6787,건설,10610.0,5230.0,0.0799397281,22946663,005960,15598.0,53027.7,0.29414815275789824,439296520.0,16.666666666666675,-2.9377203290246734,0.4762039462394183,9.305882839307122,3.025365742991196,205.00699999999998,-21.30065975494816,https://finance.naver.com/item/main.naver?code=005960
동원개발,KOSDAQ,2090.0,189788929000,7.21,0.18,290.0,11867.0,0.37071,69813246060.0,1951097660.0,5885914570.0,,35.6787,건설,3630.0,1919.0,0.0250223383,90808100,013120,37062.0,58123.55,0.6376417132126306,122794544.65,-19.999999999999996,-31.691297208538582,1.9596359823169782,2.4437515800117975,2.7947384917801372,37.071,-42.42424242424242,https://finance.naver.com/item/main.naver?code=013120
대한제분,KOSPI,11210.0,189449000000,-7.23,0.18,-1519.0,61093.0,0.53184,351123357970.0,7028056060.0,12224109470.0,,31.73003,식품,16400.0,10500.0,0.0725484024,16900000,001130,16271.0,12368.95,1.3154714021804599,138499851.5,0.08928571428572507,-92.61041529334211,1.3154714021804599,-2.486373234249423,2.001591719967681,53.184,-31.64634146341463,https://finance.naver.com/item/main.naver?code=001130
에스오에스랩,KOSDAQ,10410.0,187521253290,-10.94,7.36,-1000.0,1486.0,3.91849,455980250.0,-5177308500.0,-6243283870.0,,307.43097,전자장비와기기,28700.0,6550.0,0.0253747605,18013569,464080,91103.0,96684.95,0.9422666092292544,976913596.5,20.459770114942533,-32.820512820512825,1.2468331420764038,-67.29475100942126,-1135.4238478530594,391.849,-63.72822299651568,https://finance.naver.com/item/main.naver?code=464080
국보디자인,KOSDAQ,24800.0,186000000000,4.09,0.51,6006.0,47874.0,0.36786,105617551520.0,7083761310.0,74730394460.0,,35.6787,건설,27400.0,19660.0,0.13604,7500000,066620,16223.0,3272.45,4.9574477837705695,82701381.25,5.6842105263157805,8.423326133909281,4.9574477837705695,12.54543175836571,6.706992548164309,36.786,-9.48905109489051,https://finance.naver.com/item/main.naver?code=066620
사람인,KOSDAQ,17500.0,187822792500,2.01,0.69,8746.0,25433.0,0.1523,35192356250.0,6443132240.0,6749210020.0,,15.86565,상업서비스와공급품,18400.0,12570.0,0.2286914673,10732731,143240,5700.0,10179.0,0.5599764220453876,175039061.75,12.85347043701799,1.5615962984383946,1.2512034581000098,34.38839303267409,18.30832864451922,15.229999999999999,-4.891304347826086,https://finance.naver.com/item/main.naver?code=143240
윤성에프앤씨,KOSDAQ,23350.0,186310770800,-9.68,1.05,-2401.0,22214.0,0.52536,59821694080.0,17074073000.0,15990023820.0,,307.43097,전자장비와기기,43900.0,11230.0,0.0135637735,7979048,372170,83148.0,10845.6,7.666519141402965,231948090.5,52.42718446601942,-19.897959183673475,7.666519141402965,-10.808499144683532,28.541607292442627,52.536,-46.81093394077449,https://finance.naver.com/item/main.naver?code=372170
HS효성,KOSPI,50300.0,187414128100,9.5,0.36,5292.0,139520.0,0.83416,430921091740.0,35762681620.0,27112020950.0,,30.72731,복합기업,75400.0,37400.0,0.0497811686,3725927,487570,1291.0,3313.15,0.38965938759186874,163153640.0,14.318181818181808,-10.178571428571425,2.1894571631227078,3.7930045871559632,8.29912536320634,83.416,-33.28912466843501,https://finance.naver.com/item/main.naver?code=487570
비엠티,KOSDAQ,18890.0,187499967650,9.47,1.3,2063.0,15049.0,0.7982,48647105460.0,6295774410.0,4882986640.0,,178.59148,기계,22200.0,10610.0,0.0412876031,9925885,086670,37479.0,49498.15,0.7571798137910204,903931030.0,33.098591549295776,22.014202711426734,1.3009779153362298,13.708552063260019,12.941724590739915,79.82000000000001,-14.909909909909913,https://finance.naver.com/item/main.naver?code=086670
KZ정밀,KOSDAQ,11970.0,188527500000,20.24,0.32,591.0,36900.0,0.25597,34270020660.0,6978754620.0,6856153460.0,,178.59148,기계,19130.0,11110.0,0.040883873,15750000,036560,4465.0,4311.25,1.0356625108727167,52076396.0,3.7489102005231034,-18.493150684931503,1.791823717019426,1.6016260162601628,20.364022214161103,25.596999999999998,-37.42812336644015,https://finance.naver.com/item/main.naver?code=036560
현대사료,KOSDAQ,994.0,187340898626,43.22,2.45,23.0,406.0,0.48044,29524987020.0,296016000.0,-619654860.0,,31.73003,식품,994.0,994.0,0.0238011824,188471729,016790,,,,,,,,5.665024630541872,1.0025948522838672,48.044,0.0,https://finance.naver.com/item/main.naver?code=016790
동성케미컬,KOSPI,3695.0,187224138745,5.52,0.4,670.0,9170.0,0.73224,352378978740.0,46133195770.0,31340729120.0,,-33.60183,화학,4773.456,3150.0,0.0373887565,50669591,102260,55364.0,64229.9,0.8619661559491762,236501699.6,5.428571428571427,-13.684210526315788,1.222686007607049,7.306434023991276,13.091926179864153,73.224,-22.592771358948315,https://finance.naver.com/item/main.naver?code=102260
솔트룩스,KOSDAQ,14820.0,186640931100,-17.63,2.79,-885.0,5600.0,0.61851,11526290870.0,-3519948240.0,-3279174940.0,,32.07185,IT서비스,34950.0,9960.0,0.0275811497,12593855,304100,60652.0,67810.4,0.8944350719063743,1043373494.0,30.28972783143109,-35.47826086956521,1.0382035793919517,-15.803571428571427,-30.538429748996954,61.851,-57.596566523605155,https://finance.naver.com/item/main.naver?code=304100
쓰리빌리언,KOSDAQ,5910.0,188071288230,-37.08,8.53,-171.0,743.0,0.98079,3794622270.0,-1666940060.0,6717678280.0,,-61.00908,건강관리기술,20100.0,4020.0,0.1007969725,31822553,394800,527442.0,832699.5,0.6334121732990112,5133545389.7,5.395683453237421,-56.495916852264294,1.6176183605250154,-23.014804845222073,-43.92901167472461,98.07900000000001,-70.59701492537313,https://finance.naver.com/item/main.naver?code=394800
아바코,KOSDAQ,12670.0,185960744830,6.4,0.82,1987.0,15532.0,1.0308,16487860500.0,-11028132010.0,-7580390450.0,,-86.37263,전기제품,17500.0,9110.0,0.0526592552,14677249,083930,28611.0,29825.95,0.9592653377344225,358009108.0,24.31372549019608,-5.089820359281438,2.7538770768408045,12.792943600309039,-66.88637382636759,103.08,-27.6,https://finance.naver.com/item/main.naver?code=083930
지어소프트,KOSDAQ,13590.0,183229186320,14.93,1.27,915.0,10737.0,0.37547,145103021570.0,9900705620.0,7606603530.0,,-17.64101,판매업체,14290.0,6270.0,0.2536056715,13482648,051160,213029.0,359110.5,0.5932129525591705,4322413678.0,93.26788218793828,72.24999999999999,0.5932129525591705,8.521933500977926,6.82322498379108,37.547000000000004,-4.898530440867743,https://finance.naver.com/item/main.naver?code=051160
코텍,KOSDAQ,10410.0,184898141490,4.68,0.37,2221.0,27942.0,0.22142,129613502290.0,16038491670.0,16180359510.0,,19.13348,디스플레이패널,14500.0,8430.0,0.1217503119,17761589,052330,9456.0,13214.9,0.7155559255083277,143871048.25,-8.40630472854641,3.5643564356435675,1.1184344943964768,7.948607830506048,12.374090188624901,22.142,-28.206896551724135,https://finance.naver.com/item/main.naver?code=052330
디바이스,KOSDAQ,13360.0,185206633920,9.98,1.06,1304.0,12226.0,0.37641,23335819600.0,7746892910.0,8048479930.0,,16.67937,디스플레이장비및부품,29700.0,5679.734,0.066847958,13862772,187870,170454.0,90556.9,1.8822861648311726,1035330172.25,5.180533751962324,-44.166666666666664,1.8822861648311726,10.665794209062653,33.197432285600975,37.641000000000005,-55.01683501683502,https://finance.naver.com/item/main.naver?code=187870
하이비젼시스템,KOSDAQ,12410.0,185431609920,-9.07,0.63,-1350.0,19368.0,0.4544,50339337650.0,-5722134830.0,768797630.0,,108.08375,핸드셋,21500.0,8000.0,0.1111359626,14942112,126700,97279.0,35912.25,2.70879713746702,403467930.5,35.108695652173914,-27.564102564102566,2.70879713746702,-6.970260223048327,-11.367123798459435,45.440000000000005,-42.279069767441854,https://finance.naver.com/item/main.naver?code=126700
라온시큐어,KOSDAQ,16350.0,181580287800,47.51,2.99,313.0,4975.0,0.35209,12175896120.0,-673730240.0,207758790.0,,224.56969,소프트웨어,17590.0,6320.0,0.0236736063,11105828,042510,17931958.0,1536037.6,11.674166049060256,19029716091.0,138.3737517831669,86.49553571428572,11.674166049060256,6.29145728643216,-5.533311333802674,35.209,-7.049459920409329,https://finance.naver.com/item/main.naver?code=042510
해성산업,KOSDAQ,5860.0,185059690720,-7.61,0.26,-775.0,23076.0,1.14593,659043299310.0,27316269660.0,14588426040.0,,-5.94695,종이와목재,9090.0,5350.0,0.01459271,31580152,034810,5774.0,9569.75,0.6033595443977116,56989157.25,-8.137715179968696,-20.56833558863329,1.704015256406907,-3.3584676720402147,4.1448368701418214,114.59299999999999,-35.533553355335535,https://finance.naver.com/item/main.naver?code=034810
삼일제약,KOSPI,8440.0,183078884840,-5.34,1.39,-1633.0,6277.0,1.98471,50602012210.0,-6330463200.0,-7690298150.0,,47.93196,제약,12860.0,5500.0,0.0306523969,21691811,000520,41380.0,101340.65,0.40832578042473583,758818097.75,38.92508143322475,-14.870259481037928,0.9034183222625867,-26.015612553767724,-12.510299340920222,198.471,-34.3701399688958,https://finance.naver.com/item/main.naver?code=000520
대원제약,KOSPI,8200.0,183906180600,-121.23,0.64,-65.0,12407.0,1.0793,152831677190.0,-8919930.0,3777595600.0,,47.93196,제약,13670.0,7060.0,0.1290503306,22427583,003220,323153.0,22529.05,14.343836069430358,178149526.5,1.4760147601476037,-21.57794676806084,14.343836069430358,-0.5238977996292415,-0.005836440562587534,107.92999999999999,-40.01463057790783,https://finance.naver.com/item/main.naver?code=003220
헥토이노베이션,KOSDAQ,14110.0,183336408370,5.97,0.82,2427.0,17664.0,1.14987,102828587180.0,12880295230.0,8921575140.0,,32.07185,IT서비스,25700.0,12210.0,0.1511725175,12993367,214180,30581.0,47374.55,0.6455153663728732,673068216.75,8.536585365853666,-23.972237052856382,2.152189308394486,13.739809782608695,12.525986773943732,114.987,-45.097276264591436,https://finance.naver.com/item/main.naver?code=214180
에치에프알,KOSDAQ,13830.0,184063470000,-593.75,1.3,-24.0,10988.0,0.79553,24143777030.0,-7672896900.0,-4757762540.0,,-391.40909,통신장비,39700.0,11150.0,0.0813686227,13309000,230240,113979.0,191256.35,0.5959488403914432,2467353972.0,-12.0253164556962,-55.942947702060216,1.5521053287903905,-0.2184200946487077,-31.78001888629933,79.553,-65.16372795969774,https://finance.naver.com/item/main.naver?code=230240
티엑스알로보틱스,KOSDAQ,11930.0,184329415950,-12.01,3.46,-1032.0,3578.0,0.65791,10143464550.0,-1560723570.0,-1442557110.0,,178.59148,기계,26500.0,7540.0,0.0119022077,15450915,484810,56586.0,215688.5,0.2623505657464352,2925555190.25,39.069767441860456,-20.531561461794023,0.3504034753823222,-28.84292901062046,-15.386494055426061,65.791,-54.981132075471706,https://finance.naver.com/item/main.naver?code=484810
비보존 제약,KOSDAQ,3055.0,185498579630,-4.73,2.11,-622.0,1394.0,0.71591,13282472890.0,-1937664490.0,-2840010670.0,,47.93196,제약,6443.197,2070.0,0.0150206689,60719666,082800,180225.0,155029.5,1.1625206815477054,456676777.75,10.989010989010994,-11.532846715328471,1.1625206815477054,-44.61979913916787,-14.588130584168654,71.59100000000001,-52.58564963945693,https://finance.naver.com/item/main.naver?code=082800
SJG세종,KOSPI,6790.0,183685110210,2.69,0.35,2541.0,19312.0,1.40996,524581498840.0,34025396460.0,33485949530.0,,9.77399,자동차부품,12640.0,5240.0,0.073774728,27052299,033530,24752.0,29863.05,0.8288503685993226,201529398.5,16.06837606837608,-11.818181818181817,1.5412692273562145,13.157622203811101,6.486198338149535,140.996,-46.28164556962025,https://finance.naver.com/item/main.naver?code=033530
셀비온,KOSDAQ,13800.0,178092463800,-24.04,8.0,-591.0,1776.0,1.30607,472050830.0,-2641657880.0,14401888780.0,,47.93196,제약,42200.0,9930.0,0.0251909087,12905251,308430,19737.0,32869.4,0.6004673039361837,474345889.25,-4.324324324324325,-54.61538461538462,2.18984830876134,-33.27702702702703,-559.6130145560808,130.607,-67.29857819905214,https://finance.naver.com/item/main.naver?code=308430
나이벡,KOSDAQ,16040.0,182339399720,39.83,4.11,416.0,4032.0,0.34617,6060942840.0,102547480.0,381340000.0,,-35.39576,건강관리장비와용품,54300.0,11230.0,0.033672939,11367793,138610,18807.0,35465.45,0.5302907477559146,540589573.5,3.7443511943189067,-44.490500863557855,1.7101432520946445,10.317460317460316,1.691939401296185,34.617,-70.46040515653775,https://finance.naver.com/item/main.naver?code=138610
DMS,KOSDAQ,8250.0,183019023000,1.4,0.43,5910.0,19235.0,0.34816,28806665820.0,-5631978580.0,-2577711380.0,,16.67937,디스플레이장비및부품,9190.0,4230.0,0.047286564,22184124,068790,68180.0,49085.15,1.3890148038663424,377215881.0,32.10272873194222,4.574332909783996,3.226535927872279,30.725240447101637,-19.550956071041757,34.816,-10.228509249183892,https://finance.naver.com/item/main.naver?code=068790
흥구석유,KOSDAQ,12350.0,185250000000,1109.09,2.26,11.0,5394.0,0.21738,27392682980.0,-691412610.0,-542112330.0,,-145.04827,석유와가스,36200.0,8920.0,0.0317535333,15000000,024060,446096.0,3606982.1,0.12367568999025529,51504625702.0,16.570881226053636,-38.93627696939288,0.2569120040823047,0.2039302929180571,-2.5240777272705106,21.738,-65.8839779005525,https://finance.naver.com/item/main.naver?code=024060
더핑크퐁컴퍼니,KOSDAQ,12640.0,181396766400,8.63,0.97,1443.0,12838.0,0.10457,21704662490.0,2656650680.0,21541578060.0,,966.7929,방송과엔터테인먼트,61500.0,9500.0,0.0424966605,14351010,403850,280914.0,69069.3,4.067132575543693,871607131.25,21.839080459770123,-25.08833922261484,4.067132575543693,11.24006854650257,12.239999959566292,10.456999999999999,-79.4471544715447,https://finance.naver.com/item/main.naver?code=403850
와이엠티,KOSDAQ,10120.0,182293715560,-93.01,0.88,-103.0,10941.0,0.64176,41213202210.0,1577651540.0,-2115927480.0,,-33.60183,화학,23500.0,6200.0,0.0454290414,18013213,251370,275914.0,107631.45,2.563507227673696,878507001.75,12.806236080178168,-38.79154078549849,3.6480786981871933,-0.9414130335435518,3.828024650841612,64.176,-56.93617021276596,https://finance.naver.com/item/main.naver?code=251370
일진파워,KOSDAQ,12090.0,182301591810,10.06,1.29,1250.0,9773.0,1.1392,86381019170.0,5603242490.0,3896060560.0,,35.6787,건설,24500.0,9010.0,0.036474608,15078709,094820,103286.0,96629.85,1.068882959044229,1175248618.25,10.71428571428572,-27.387387387387385,1.068882959044229,12.790340734677171,6.486659388647266,113.92,-50.653061224489804,https://finance.naver.com/item/main.naver?code=094820
퓨쳐켐,KOSDAQ,7170.0,185109682500,-17.76,3.71,-410.0,1962.0,0.24137,4271637850.0,-3219119590.0,2318297080.0,,47.93196,제약,28273.667,5341.667,0.0469007737,25817250,220100,61668.0,116922.55,0.5274260610977095,804421858.25,-19.428571428571427,-64.57286432160805,1.0513027640946935,-20.897043832823652,-75.36031150206237,24.137,-74.6407142731079,https://finance.naver.com/item/main.naver?code=220100
에스앤디,KOSDAQ,63000.0,182243502000,8.46,2.02,7124.0,29812.0,0.39047,49922511690.0,8303293740.0,6577474140.0,,31.73003,식품,102800.0,42100.0,0.0469106602,2892754,260970,27438.0,12492.5,2.196357814688813,695397515.0,26.559356136820924,11.722912966252231,2.196357814688813,23.896417549979873,16.632363755173873,39.047,-38.715953307392994,https://finance.naver.com/item/main.naver?code=260970
그래피,KOSDAQ,16050.0,179669750850,-13.4,8.43,-1190.0,1893.0,1.07106,6278652830.0,-3691905270.0,-3563149750.0,,-35.39576,건강관리장비와용품,69000.0,8210.0,0.026022529,11194377,318060,72935.0,44890.95,1.6247150038036622,748583240.75,-14.71361008933263,-64.83206933911158,1.8990019146398105,-62.86318013734813,-58.80091430377748,107.106,-76.73913043478261,https://finance.naver.com/item/main.naver?code=318060
헬릭스미스,KOSDAQ,3920.0,180683764240,-420.0,1.23,-9.0,3083.0,0.01133,809963840.0,-2184091730.0,-2069898580.0,,-66.93263,생물공학,9960.0,2725.0,0.0346671303,46092797,084990,420997.0,205823.7,2.045425283871585,747570128.95,6.621621621621632,-50.749063670411985,10.39796194510156,-0.2919234511839118,-269.6529921632057,1.133,-60.6425702811245,https://finance.naver.com/item/main.naver?code=084990
이랜텍,KOSDAQ,7150.0,180832151500,6.84,0.67,1056.0,10776.0,1.28684,213541859660.0,7108932600.0,3228852910.0,,108.08375,핸드셋,14490.0,5700.0,0.0722249746,25291210,054210,125010.0,99444.55,1.2570824645493393,678080789.0,7.6461769115442335,-33.333333333333336,2.418654415953413,9.799554565701559,3.3290581112849713,128.684,-50.655624568668046,https://finance.naver.com/item/main.naver?code=054210
모베이스전자,KOSDAQ,2455.0,179788136935,9.47,0.78,274.0,3346.0,2.15031,262792833090.0,2843078150.0,2056819420.0,,9.77399,자동차부품,7070.0,1262.0,0.0388935757,73233457,012860,858456.0,447830.3,1.9169225485635966,1074452617.75,8.131868131868124,-27.2189349112426,4.974779509113162,8.188882247459652,1.0818705048270159,215.031,-65.27581329561527,https://finance.naver.com/item/main.naver?code=012860
현대비앤지스틸,KOSPI,11880.0,179136274680,12.63,0.36,976.0,34303.0,0.41561,202786746880.0,9531629210.0,5300223690.0,,28.21512,비철금속,25500.0,9250.0,0.037900601,15078811,004560,33142.0,39340.85,0.8424322301119574,490177552.25,9.249084249084238,-24.58912768647282,0.8746125210817763,2.8452321954348014,4.700321572612625,41.561,-53.41176470588236,https://finance.naver.com/item/main.naver?code=004560
에스투더블유,KOSDAQ,16260.0,176022402360,-31.82,8.23,-561.0,2170.0,0.6975,2085113560.0,-3162840390.0,-3069040390.0,,32.07185,IT서비스,38400.0,8010.0,0.0114165775,10825486,488280,986823.0,914583.7,1.0789859911126778,14328217418.75,74.0,12.067796610169502,6.709833118609046,-25.852534562211982,-151.6867210819923,69.75,-57.65625,https://finance.naver.com/item/main.naver?code=488280
그린광학,KOSDAQ,15390.0,180102105990,75.28,2.85,212.0,5602.0,0.58292,15353192950.0,214771970.0,377811700.0,,41.29186,우주항공과국방,55000.0,11000.0,0.0611329625,11702541,0015G0,75082.0,57921.65,1.2962683210854662,868398454.75,3.7364130434782705,-54.07518796992481,3.1324901828590863,3.7843627275972866,1.398874948679649,58.292,-72.01818181818183,https://finance.naver.com/item/main.naver?code=0015G0
삼화전기,KOSPI,27000.0,178573140000,19.45,1.95,1427.0,14219.0,0.45258,53621967270.0,1367992950.0,1014507480.0,,-86.37263,전기제품,59500.0,17800.0,0.2644636534,6613820,009470,38309.0,67590.6,0.5667799960349515,1747076858.75,13.71308016877637,-26.56675749318801,0.7867810020920069,10.035867501230749,2.551180084669057,45.257999999999996,-54.6218487394958,https://finance.naver.com/item/main.naver?code=009470
나라스페이스테크놀로지,KOSDAQ,15290.0,177523245350,-18.42,4.04,-905.0,4128.0,0.38384,1947464110.0,-3666505160.0,-3508679510.0,,41.29186,우주항공과국방,64600.0,7520.0,0.0195136866,11610415,478340,401840.0,1506776.9,0.2666884526833402,22778225006.25,36.274509803921575,-66.3956043956044,5.689938570202397,-21.9234496124031,-188.2707435363212,38.384,-76.3312693498452,https://finance.naver.com/item/main.naver?code=478340
슈피겐코리아,KOSDAQ,28400.0,176544709200,5.73,0.31,4967.0,91806.0,0.07943,110317441460.0,12575472880.0,15231954040.0,,108.08375,핸드셋,34950.0,21000.0,0.1204559644,6216363,192440,5405.0,4460.45,1.2117611451759351,133318282.5,-1.211072664359858,19.957983193277308,1.9939692183524085,5.410321765461952,11.399351465706118,7.943,-18.741058655221742,https://finance.naver.com/item/main.naver?code=192440
우양피앤엘,KOSPI,5750.0,179215333000,-21.65,1.44,-273.0,4112.0,1.03838,9125576850.0,-167045910.0,-305270080.0,,-145.04827,석유와가스,8460.0,4375.0,0.0020576309,31167884,002420,9096.0,14255.5,0.6380695170285153,83984486.0,12.450592885375489,6.156716417910446,0.9963172109010557,-6.639105058365759,-1.8305243903567587,103.83800000000001,-32.033096926713945,https://finance.naver.com/item/main.naver?code=002420
석경에이티,KOSDAQ,32500.0,177287500000,46.92,4.04,699.0,8109.0,0.22955,5168301790.0,1275560010.0,1132870500.0,,-33.60183,화학,75300.0,28650.0,0.0128733272,5455000,357550,1443.0,2303.65,0.6263972391639354,72556807.5,-7.14285714285714,-39.13857677902621,1.6664857942829856,8.620051794302627,24.680447501499327,22.955000000000002,-56.839309428950855,https://finance.naver.com/item/main.naver?code=357550
이랜시스,KOSDAQ,5820.0,176314641840,43.07,3.39,140.0,1780.0,0.2648,20733808020.0,1368218240.0,184357710.0,,307.43097,전자장비와기기,9530.0,3525.0,0.0098585187,30294612,264850,313150.0,528190.65,0.5928730468818408,3138138548.25,57.937584803256435,-3.482587064676612,0.9554542474388745,7.865168539325842,6.598972261536354,26.479999999999997,-38.92969569779643,https://finance.naver.com/item/main.naver?code=264850
대창단조,KOSPI,6620.0,179690764400,5.69,0.51,1142.0,12806.0,0.27176,102055392610.0,15725020380.0,12462235920.0,,178.59148,기계,7490.0,5170.0,0.0862365816,27143620,015230,37274.0,62766.5,0.5938518158571849,418493285.5,9.243697478991585,-4.270986745213545,0.9385579887360296,8.91769483054818,15.408318931359604,27.176000000000002,-11.615487316421891,https://finance.naver.com/item/main.naver?code=015230
에이스테크,KOSDAQ,2340.0,176685055560,-6.19,2.7,-399.0,914.0,3.32945,28725227710.0,-8129919970.0,-9530825060.0,,-391.40909,통신장비,7890.0,1330.0,0.0,75506434,088800,302593.0,644855.15,0.4692418134522148,1523622812.1,37.53665689149561,-40.17857142857143,5.414533791038188,-43.65426695842451,-28.302369095475484,332.945,-70.34220532319392,https://finance.naver.com/item/main.naver?code=088800
방림,KOSPI,5480.0,175967063440,26.44,0.96,208.0,5755.0,0.37123,31527782270.0,1582071060.0,5462288420.0,,8.86194,"섬유,의류,신발,호화품",6280.0,4620.0,0.0,32110778,003610,28173.0,58364.9,0.48270450219224226,329998566.75,5.780346820809257,5.576923076923079,0.9965749962734451,3.614248479582971,5.01802203038368,37.123,-12.73885350318471,https://finance.naver.com/item/main.naver?code=003610
아이티엠반도체,KOSDAQ,7640.0,173297615760,-1.77,1.83,-4522.0,4375.0,12.8251,66981834860.0,-8262237880.0,-65926254090.0,,307.43097,전자장비와기기,19620.0,6610.0,0.0260396208,22682934,084850,30987.0,14852.8,2.0862732952709253,121660906.0,-13.296089385474863,-37.77064955894146,2.0862732952709253,-103.36000000000001,-12.33504262352481,1282.51,-61.060142711518864,https://finance.naver.com/item/main.naver?code=084850
서연,KOSPI,7480.0,175629233120,2.96,0.19,2575.0,40447.0,1.23318,1356856518230.0,66974388820.0,46812070110.0,,9.77399,자동차부품,11990.0,6550.0,0.0639064723,23479844,007860,13797.0,23049.25,0.5985878065446815,173192092.25,-1.834862385321101,-22.30290456431535,1.0473659663546537,6.366355972012758,4.935996394620054,123.318,-37.61467889908256,https://finance.naver.com/item/main.naver?code=007860
경농,KOSPI,9020.0,176093626500,8.64,0.61,1044.0,14751.0,0.75991,121952525580.0,13536273720.0,9905856650.0,,-33.60183,화학,11900.0,8550.0,0.007783297,19522575,002100,7252.0,16993.5,0.4267514049489511,154708094.5,-2.0674646354733373,-5.063291139240511,1.0339247359284431,7.077486272117145,11.099625576118388,75.991,-24.20168067226891,https://finance.naver.com/item/main.naver?code=002100
오르비텍,KOSDAQ,5140.0,174016925620,186.55,2.37,29.0,2282.0,0.6127,16568819690.0,-1394960590.0,-5075790200.0,,-44.49442,에너지장비및서비스,16410.0,3315.0,0.0250306354,33855433,046120,548655.0,1446612.35,0.37926884835457125,8481417236.6,10.095642933049941,-55.34482758620689,0.4304145474770763,1.2708150744960562,-8.419191083610615,61.27,-68.67763558805606,https://finance.naver.com/item/main.naver?code=046120
제닉,KOSDAQ,21800.0,173717224000,8.95,4.12,2414.0,5246.0,0.62969,49209965810.0,9987427080.0,11214382210.0,,42.55038,화장품,38900.0,15570.0,0.0509577496,7968680,123330,233265.0,269243.65,0.8663714074593774,7056018376.25,-19.70802919708029,-32.515337423312886,0.9092284999107685,46.016012199771254,20.29553753107962,62.968999999999994,-43.958868894601544,https://finance.naver.com/item/main.naver?code=123330
바이오솔루션,KOSDAQ,6720.0,174209851200,615.45,5.11,11.0,1324.0,0.6042,4703519580.0,-482470150.0,-736043900.0,,-66.93263,생물공학,13450.0,5240.0,0.023371741,25924085,086820,21866.0,55195.65,0.39615440709548666,358962886.75,22.686025408348453,-47.556245151280066,1.9730359185914106,0.8308157099697886,-10.257640938745705,60.419999999999995,-50.037174721189594,https://finance.naver.com/item/main.naver?code=086820
아이텍,KOSDAQ,6500.0,172500484000,-30.05,0.86,-213.0,7422.0,0.36563,14245360460.0,1083265460.0,2768341020.0,,32.96274,반도체와반도체장비,9730.0,4300.0,0.0200258598,26538536,119830,114655.0,133268.05,0.860333740907892,830131299.75,23.87218045112782,3.9432176656151396,2.508433191601438,-2.869846402586904,7.604338711131497,36.563,-33.19630010277492,https://finance.naver.com/item/main.naver?code=119830
나노엔텍,KOSDAQ,4550.0,173323391150,98.09,1.92,47.0,2404.0,0.08655,12508087350.0,687368310.0,2117623270.0,,-38.0877,생명과학도구및서비스,9390.0,3015.0,0.0142756213,38093053,039860,339240.0,288589.8,1.1755093215352725,1278709534.65,28.2122905027933,-18.90459363957597,1.3656442466088545,1.9550748752079867,5.4953910279496085,8.655,-51.54419595314164,https://finance.naver.com/item/main.naver?code=039860
카나프테라퓨틱스,KOSDAQ,13060.0,173705574800,-2.31,11.34,-5564.0,1135.0,0.04364,74959410.0,-4696394940.0,-4343195800.0,,47.93196,제약,70000.0,9170.0,0.0401720827,13300580,0082N0,40718.0,70272.0,0.5794341985428051,872049795.75,6.224737267582858,-71.5891891891892,1.5457365664845173,-490.22026431718064,-6265.250673664587,4.364,-81.34285714285714,https://finance.naver.com/item/main.naver?code=0082N0
DH오토넥스,KOSPI,4200.0,174035631000,41.58,4.81,101.0,874.0,0.66541,7815513600.0,-1910947440.0,-4737127330.0,,9.77399,자동차부품,1984.0,1984.0,0.0208810206,41437055,000300,,,,,,,,11.556064073226544,-24.45069560111827,66.541,111.69354838709675,https://finance.naver.com/item/main.naver?code=000300
바이오비쥬,KOSDAQ,11840.0,174678918080,38.49,2.79,298.0,4118.0,0.05487,9875617430.0,2701051940.0,2529350540.0,,42.55038,화장품,16270.0,5230.0,0.0058062315,14753287,489460,86717.0,60439.55,1.4347724296425106,700908205.0,84.0625,37.13620488940628,1.4347724296425106,7.236522583778533,27.3507146175467,5.487,-27.228027043638605,https://finance.naver.com/item/main.naver?code=489460
에브리봇,KOSDAQ,13460.0,170815247180,-13.73,2.85,-1017.0,4906.0,0.42895,9837802680.0,-1226926360.0,7609482820.0,,12.06213,가정용기기와용품,31900.0,9470.0,0.0,12690583,270660,14842.0,25288.4,0.5869094130114993,349222966.75,32.364341085271306,-19.123741859088216,1.3163347621834516,-20.72971871178149,-12.471548778817345,42.895,-57.805642633228835,https://finance.naver.com/item/main.naver?code=270660
대양전기공업,KOSDAQ,18130.0,173455747290,7.01,0.65,2680.0,29042.0,0.24645,70834320840.0,7559162520.0,7664418020.0,,19.27479,조선,36650.0,14000.0,0.0760178411,9567333,108380,15858.0,29715.55,0.5336599861015529,552484664.75,12.99999999999999,-31.12380952380952,0.5336599861015529,9.228014599545487,10.671610075961024,24.645,-50.532060027285134,https://finance.naver.com/item/main.naver?code=108380
아가방컴퍼니,KOSDAQ,5250.0,172659564000,12.71,0.82,417.0,6452.0,0.32142,50400206580.0,7192273810.0,11873166530.0,,8.86194,"섬유,의류,신발,호화품",5670.0,3115.0,0.0411018022,32887536,013990,195953.0,71301.65,2.748225321573905,355103491.35,52.39477503628447,9.147609147609149,3.5971397576353423,6.463112213267204,14.270326052302462,32.141999999999996,-7.4074074074074066,https://finance.naver.com/item/main.naver?code=013990
JW생명과학,KOSPI,10940.0,173230020760,5.94,0.77,1847.0,14245.0,0.34847,63245757500.0,9346122010.0,8014213790.0,,47.93196,제약,15580.0,10550.0,0.1436880382,15834554,234080,17706.0,9489.3,1.8658910562422941,104414232.75,-4.454148471615715,-17.62048192771084,1.8802229879970074,12.965952965952965,14.777468686338368,34.847,-29.781771501925547,https://finance.naver.com/item/main.naver?code=234080
아바텍,KOSDAQ,12380.0,169206163140,25.04,1.14,506.0,11122.0,0.05716,16906770690.0,335757730.0,1309743500.0,,16.67937,디스플레이장비및부품,19490.0,6750.0,0.0201687877,13667703,149950,120354.0,184640.55,0.651828647607473,2076601883.25,48.47058823529411,24.8269040553907,0.8644904924730782,4.549541449379608,1.9859364993847919,5.716,-36.48024628014367,https://finance.naver.com/item/main.naver?code=149950
제일일렉트릭,KOSDAQ,7730.0,171760600000,26.68,1.13,298.0,7066.0,0.49529,49896972970.0,3009747390.0,2693764980.0,,57.41321,전기장비,22300.0,5410.0,0.0384628713,22220000,199820,185772.0,120939.2,1.5360776323971053,927335760.75,9.604519774011289,-26.999059266227654,1.5360776323971053,4.217378998018681,6.03192380389403,49.529,-65.33632286995515,https://finance.naver.com/item/main.naver?code=199820
유비쿼스,KOSDAQ,11600.0,170119718800,7.2,0.88,1627.0,13350.0,0.16404,35697994090.0,9005649770.0,10013099210.0,,-391.40909,통신장비,19000.0,8600.0,0.0551547773,14665493,264450,29535.0,70360.6,0.4197661759564301,780870417.25,23.970432946145714,-30.36773428232503,2.1332819788347455,12.187265917602996,25.227327191817572,16.404,-38.94736842105263,https://finance.naver.com/item/main.naver?code=264450
티케이케미칼,KOSDAQ,1894.0,172155951996,1.45,0.14,1282.0,13505.0,0.20355,129538053690.0,21468721270.0,41079029990.0,,-33.60183,화학,2915.0,1358.0,0.0420220448,90895434,104480,216677.0,169518.65,1.2781897449041744,301643029.9,21.74193548387098,-21.53846153846154,1.291739876408879,9.492780451684562,16.573293065972113,20.355,-35.02572898799314,https://finance.naver.com/item/main.naver?code=104480
사조씨푸드,KOSPI,9950.0,171324502850,-6.08,0.83,-1637.0,11978.0,1.06059,83890211920.0,10484028730.0,4625103380.0,,31.73003,식품,11240.0,6480.0,0.0441314343,17218543,014710,5002.0,4817.25,1.0383517567076652,48141156.5,13.828571428571435,36.2517099863201,1.0383517567076652,-13.666722324261146,12.497320593250922,106.059,-11.476868327402133,https://finance.naver.com/item/main.naver?code=014710
켄코아에어로스페이스,KOSDAQ,12180.0,167769841260,-11.6,1.12,-1183.0,12229.0,0.3893,28473502330.0,1183958760.0,333635220.0,,41.29186,우주항공과국방,39600.0,7300.0,0.0204148958,13774207,274090,4459812.0,1145642.15,3.892849089045825,15047946789.5,28.748707342295752,-46.90831556503199,4.024414604508048,-9.673726388093876,4.158107233449002,38.93,-69.24242424242424,https://finance.naver.com/item/main.naver?code=274090
아톤,KOSDAQ,6760.0,165498941920,105.76,1.71,66.0,4089.0,0.60178,17438099160.0,3150541960.0,3684104440.0,,224.56969,소프트웨어,11370.0,3300.0,0.0110047785,24482092,158430,10755400.0,2885379.05,3.727551844531484,17350456963.95,85.41114058355437,9.218750000000009,6.3508175814889904,1.6140865737344092,18.0670033533632,60.178,-40.5452946350044,https://finance.naver.com/item/main.naver?code=158430
아이디스,KOSDAQ,15990.0,171355076100,9.18,0.65,1745.0,24487.0,0.31574,83750597990.0,8555358550.0,6076610240.0,,307.43097,전자장비와기기,20750.0,13670.0,0.0199303124,10716390,143160,2435.0,3319.35,0.7335773570126681,53046351.5,6.600000000000006,-10.819854991634138,1.7090695467486106,7.126230244619594,10.215280553604558,31.574,-22.93975903614458,https://finance.naver.com/item/main.naver?code=143160
제이오,KOSDAQ,5260.0,168412959980,-21.12,0.93,-250.0,5708.0,0.21184,8934848500.0,-1551627560.0,-2476476750.0,,35.6787,건설,15840.0,3205.0,0.0211277066,32017673,418550,87500.0,55521.45,1.5759674864399256,273900151.6,26.99167657550534,-33.499377334993774,2.339150004187571,-4.379817799579538,-17.3660198043649,21.184,-66.79292929292929,https://finance.naver.com/item/main.naver?code=418550
이크레더블,KOSDAQ,14190.0,170898684000,13.28,4.0,1069.0,3547.0,0.36012,23016513280.0,12258218740.0,9733842520.0,,15.86565,상업서비스와공급품,18490.0,13320.0,0.0974506792,12043600,092130,3276.0,2479.85,1.3210476440107266,35485212.0,-0.7692307692307665,-3.2060027285129578,1.623888541645664,30.138144911192555,53.2583653782681,36.012,-23.25581395348837,https://finance.naver.com/item/main.naver?code=092130
한솔제지,KOSPI,7130.0,169698106880,43.8,0.24,163.0,29322.0,1.92434,592742934640.0,50803654220.0,29963959460.0,,-5.94695,종이와목재,9810.0,5930.0,0.0508652396,23800576,213500,10163.0,25158.4,0.4039605062325108,187145544.5,7.2072072072072,-16.97674418604651,1.3799764690918341,0.5558965964122502,8.570942182694322,192.434,-27.319062181447507,https://finance.naver.com/item/main.naver?code=213500
데브시스터즈,KOSDAQ,13990.0,170246408500,14.63,0.92,953.0,15161.0,1.0024,52668441030.0,-15974564350.0,-14972710280.0,,17.53512,게임엔터테인먼트,49300.0,13100.0,0.0256561058,12169150,194480,22633.0,52732.85,0.42920115260222047,778596443.75,-17.7790903721205,-57.30061349693252,0.9379352718466762,6.285865048479651,-30.33042945186259,100.24,-71.62271805273835,https://finance.naver.com/item/main.naver?code=194480
GC메디아이,KOSDAQ,3220.0,168074787580,4.46,1.17,729.0,2787.0,0.43712,51525002630.0,3959770140.0,155068740.0,,-61.00908,건강관리기술,4390.0,2645.0,0.0206045776,52197139,032620,32888.0,36432.7,0.9027055365097839,114083550.6,10.000000000000009,-19.97533908754624,1.5919215430094396,26.157158234660926,7.685143013839377,43.712,-26.651480637813208,https://finance.naver.com/item/main.naver?code=032620
퓨릿,KOSDAQ,9720.0,167078907360,11.19,1.6,893.0,6252.0,0.13646,44879954950.0,6489149530.0,5257741180.0,,32.96274,반도체와반도체장비,13400.0,5990.0,0.0691460237,17189188,445180,34695.0,65719.0,0.5279295180997885,589364149.75,34.65753424657534,17.583732057416256,2.845037203852767,14.28342930262316,14.45890384076689,13.645999999999999,-27.462686567164173,https://finance.naver.com/item/main.naver?code=445180
유화증권,KOSPI,2995.0,169823732925,13.1,0.34,229.0,8871.0,0.81785,5454662920.0,-2431772970.0,705841510.0,,7.94241,증권,4940.0,2630.0,0.0158586543,56702415,003460,26375.0,26053.7,1.0123322215270767,78120210.6,-4.6474358974358925,-20.02688172043011,1.16106349577987,2.5814451583812423,-44.581544371581444,81.785,-39.372469635627525,https://finance.naver.com/item/main.naver?code=003460
디엔에프,KOSDAQ,14500.0,167791941000,137.61,1.13,109.0,13305.0,0.07995,21694844470.0,704554810.0,657131030.0,,32.96274,반도체와반도체장비,26000.0,9600.0,0.0524956321,11571858,092070,42781.0,35511.2,1.2047185113429004,464465338.5,20.181968569065333,-28.774509803921568,2.218708463808601,0.8192408868846299,3.2475679232191337,7.994999999999999,-44.230769230769226,https://finance.naver.com/item/main.naver?code=092070
도화엔지니어링,KOSPI,4985.0,168094200000,22.73,0.66,220.0,7625.0,2.02685,169612698910.0,4491439240.0,3419723840.0,,35.6787,건설,7650.0,4465.0,0.0087716785,33720000,002150,11125.0,29420.55,0.3781370504630267,150432884.1,-2.3575638506876273,-21.855345911949687,2.075827950191278,2.8852459016393444,2.648055993957888,202.685,-34.83660130718954,https://finance.naver.com/item/main.naver?code=002150
EDGC,KOSDAQ,741.0,167118555474,2.04,-2.55,364.0,-291.0,0.69186,1223555640.0,-716261990.0,-730475010.0,,-38.0877,생명과학도구및서비스,415.0,415.0,0.0046554242,225531114,245620,,,,,,,,-125.08591065292096,-58.53938853160776,69.186,78.55421686746989,https://finance.naver.com/item/main.naver?code=245620
노루페인트,KOSPI,8320.0,166400000000,10.16,0.4,804.0,20328.0,0.78684,229927647730.0,24348212490.0,18556302420.0,,7.35428,건축자재,10570.0,7000.0,0.0574602,20000000,090350,154047.0,26902.3,5.726164677369593,214404809.75,11.63101604278074,-5.649717514124298,5.726164677369593,3.9551357733175916,10.589510539677107,78.684,-21.286660359508037,https://finance.naver.com/item/main.naver?code=090350
퀄리타스반도체,KOSDAQ,11610.0,164717710920,-7.6,4.86,-1644.0,2568.0,1.65964,6343237350.0,-865044580.0,-1800431740.0,,32.96274,반도체와반도체장비,32150.0,5720.0,0.0215737407,14187572,432720,154911.0,244000.8,0.6348790659702755,2569424522.0,50.70422535211267,-23.917259211376862,2.354107035714637,-64.01869158878505,-13.637272772080648,165.964,-63.88802488335925,https://finance.naver.com/item/main.naver?code=432720
인터플렉스,KOSDAQ,7130.0,166324875360,5.33,0.56,1410.0,13306.0,0.22978,90881456040.0,-5165293500.0,-3979379670.0,,307.43097,전자장비와기기,14670.0,5500.0,0.0608480422,23327472,051370,192417.0,241593.35,0.7964499022841481,1720860634.75,6.906906906906918,-46.46616541353383,1.514209724729592,10.596723282729597,-5.683550555931432,22.978,-51.397409679618264,https://finance.naver.com/item/main.naver?code=051370
라이콤,KOSDAQ,5290.0,161948906400,713.75,8.05,8.0,709.0,0.4257,4530334520.0,128132380.0,112584380.0,,-391.40909,통신장비,9330.0,2110.0,0.0088230414,30614160,388790,881174.0,1035586.35,0.850893795577742,5298191515.85,43.57615894039735,5.653021442495132,1.4865877674034618,1.1283497884344147,2.828320501153632,42.57,-43.30117899249733,https://finance.naver.com/item/main.naver?code=388790
레드캡투어,KOSDAQ,9980.0,166873803560,7.01,0.82,1416.0,12037.0,2.51291,98226670040.0,15737165330.0,9128823160.0,,13.96904,도로와철도운송,13330.0,9000.0,0.0690256735,16720822,038390,3858.0,8150.4,0.47335100117785633,81483221.75,0.10090817356205317,-5.162523900573612,1.9906998429524931,11.763728503780012,16.021275406762225,251.29100000000003,-25.13128282070518,https://finance.naver.com/item/main.naver?code=038390
재영솔루텍,KOSDAQ,7050.0,164724229950,16.84,1.7,440.0,4370.0,0.87871,48976872050.0,7968557170.0,6528826800.0,,108.08375,핸드셋,40500.0,4155.0,0.0,23365139,049630,161313.0,191325.65,0.8431331606608942,1361529549.0,15.19607843137254,147.3684210526316,0.9794138945823522,10.068649885583524,16.270041014185185,87.871,-82.5925925925926,https://finance.naver.com/item/main.naver?code=049630
이수앱지스,KOSDAQ,4040.0,164730959600,-14.13,1.4,-280.0,2822.0,0.29992,14928552480.0,479283630.0,3169613490.0,,47.93196,제약,6350.0,2890.0,0.0156376249,40774990,086890,63138.0,81627.9,0.773485536195345,307366532.35,22.424242424242415,-16.008316008316005,1.503419786617076,-9.922041105598867,3.2105164291186523,29.992,-36.377952755905504,https://finance.naver.com/item/main.naver?code=086890
잉글우드랩,KOSDAQ,8230.0,163512537180,,,,,0.3116,51302029000.0,8633679000.0,6616895000.0,,42.55038,화장품,16910.0,7000.0,0.1138559622,19867866,950140,12299.0,12140.4,1.013063819972983,99682745.75,-6.13636363636364,-35.11390416339356,1.4355375440677407,,16.829118006229344,31.16,-51.33057362507392,https://finance.naver.com/item/main.naver?code=950140
SG,KOSDAQ,1085.0,163361182670,-49.68,1.03,-22.0,1058.0,0.91001,23027309090.0,686823430.0,1244551550.0,,7.35428,건축자재,3397.241,1035.0,0.0414261504,150563302,255220,1748568.0,1885641.15,0.927306873845005,2183082706.7,-27.06514439220954,-59.85212569316081,1.1643875081958197,-2.0793950850661624,2.9826473745395843,91.001,-68.0623188051716,https://finance.naver.com/item/main.naver?code=255220
와이솔,KOSDAQ,6400.0,164147705600,-4.24,0.58,-1522.0,11034.0,0.2558,81310276850.0,-1843555530.0,1573762430.0,,108.08375,핸드셋,9340.0,5270.0,0.0938325245,25648079,122990,23403.0,75563.25,0.3097140475032506,501535807.0,7.757166947723437,-11.250000000000004,1.0888097057762867,-13.793728475620808,-2.267309375174019,25.580000000000002,-31.47751605995718,https://finance.naver.com/item/main.naver?code=122990
오로라,KOSDAQ,15080.0,162304381200,6.59,0.83,2279.0,18082.0,2.17803,91165080960.0,12176952580.0,10487551590.0,,10.34214,레저용장비와제품,25900.0,9040.0,0.0634054608,10762890,039830,34824.0,50485.4,0.6897835809956938,770995902.0,-24.462231115557774,50.39840637450199,1.4088429526160038,12.603694281606018,13.357035886736956,217.80300000000003,-41.77606177606178,https://finance.naver.com/item/main.naver?code=039830
강남제비스코,KOSPI,12480.0,162240000000,-57.78,0.25,-207.0,47663.0,0.43952,178519987200.0,12368816920.0,6891422540.0,,7.35428,건축자재,18880.0,11110.0,0.0481155385,13000000,000860,6071.0,6658.3,0.9117943018488203,82879780.25,2.716049382716057,-16.966067864271462,1.3099439796945165,-0.43429914189203367,6.9285333894534356,43.952000000000005,-33.89830508474576,https://finance.naver.com/item/main.naver?code=000860
화승엔터프라이즈,KOSPI,2655.0,160864527780,-5.55,0.35,-477.0,7621.0,2.01272,397514062000.0,7290491770.0,-1579103870.0,,8.86194,"섬유,의류,신발,호화품",5870.0,2625.0,0.0552788418,60589276,241590,25189.0,37968.95,0.6634104972615783,104338911.35,-13.848631239935582,-42.03683640303358,1.5070735429870987,-6.2590211258365045,1.8340210993592474,201.272,-54.77001703577513,https://finance.naver.com/item/main.naver?code=241590
알루코,KOSPI,1680.0,162674621760,10.3,0.49,160.0,3371.0,1.50881,142402975630.0,5924445650.0,-2153245150.0,,28.21512,비철금속,3495.0,1380.0,0.0409036724,96830132,001780,369595.0,228733.65,1.615831339201731,361174093.8,6.102987921169745,-21.273584905660382,1.615831339201731,4.746366063482646,4.160338380423491,150.881,-51.931330472103014,https://finance.naver.com/item/main.naver?code=001780
니어스랩,KOSDAQ,27500.0,158882790000,-17.22,-1.49,-1565.0,-18059.0,1.89947,16921667690.0,680466850.0,-155950700.0,,41.29186,우주항공과국방,42000.0,25150.0,0.0971052466,5777556,417030,227725.0,422722.95,0.5387098098175176,13396613237.5,-2.44328097731239,-2.44328097731239,0.7788505450200893,8.666039094080514,4.021275340385792,189.947,-34.523809523809526,https://finance.naver.com/item/main.naver?code=417030
SV인베스트먼트,KOSDAQ,2690.0,161771846770,-153.06,2.14,-18.0,1287.0,0.18542,9148729350.0,1570657980.0,776140510.0,,15.23109,창업투자,5030.0,1439.0,0.0086603642,60138233,289080,438161.0,2153668.1,0.2034487115261632,5744439126.95,56.26822157434401,-41.098901098901095,0.3617307606497027,-1.3986013986013985,17.168045090327215,18.542,-46.52087475149106,https://finance.naver.com/item/main.naver?code=289080
해태제과식품,KOSPI,5530.0,161016025660,6.3,0.48,878.0,11639.0,1.27424,160091672560.0,9290178030.0,4502125680.0,,31.73003,식품,7380.0,5350.0,0.0086058156,29116822,101530,25015.0,23136.25,1.081203738721703,129540959.75,1.0968921389396646,-13.050314465408807,1.081203738721703,7.5436034023541545,5.803036398734718,127.424,-25.067750677506773,https://finance.naver.com/item/main.naver?code=101530
JW신약,KOSDAQ,2870.0,160826485610,12.0,4.03,245.0,729.0,0.51981,21543453050.0,3583998170.0,3571783220.0,,47.93196,제약,4335.0,1246.0,0.0228362626,56037103,067290,7221070.0,15391170.0,0.46916966026624357,56554864872.95,95.89041095890411,42.99999999999999,0.46916966026624357,33.6076817558299,16.636136099825464,51.981,-33.79469434832757,https://finance.naver.com/item/main.naver?code=067290
버킷스튜디오,KOSDAQ,1153.0,159637252154,-4.18,1.21,-276.0,950.0,0.09556,5241145890.0,-1092759710.0,-1821896950.0,,32.07185,IT서비스,1153.0,1153.0,0.0050308183,138453818,066410,,,,,,,,-29.05263157894737,-20.849633514017675,9.556000000000001,0.0,https://finance.naver.com/item/main.naver?code=066410
원익,KOSDAQ,8690.0,158098742890,14.65,0.59,632.0,15605.0,0.39977,54031094690.0,3921639990.0,11242703460.0,,42.55038,화장품,17800.0,4215.0,0.0126770574,18193181,032940,180533.0,2239605.35,0.08060929127535796,22938544971.75,65.59546313799622,-11.425682507583412,0.15281397680176106,4.049983979493752,7.258116853823085,39.977000000000004,-51.17977528089887,https://finance.naver.com/item/main.naver?code=032940
코리아에프티,KOSDAQ,5650.0,157302011600,3.69,0.62,1577.0,9358.0,0.98264,216993397410.0,14405116580.0,11422977770.0,,9.77399,자동차부품,9550.0,4600.0,0.434957299,27841064,123410,40584.0,55994.05,0.724791294789357,328126431.75,5.370370370370381,-20.641562064156204,1.0612198974712492,16.85189142979269,6.63850455909593,98.264,-40.83769633507853,https://finance.naver.com/item/main.naver?code=123410
네오사피엔스,KOSDAQ,12770.0,155996340650,-10.54,-3.52,-1316.0,-3943.0,0.64052,2799991910.0,-2648375180.0,-2621763500.0,,224.56969,소프트웨어,40500.0,12700.0,0.0,12215845,0161M0,,,,,,,,33.37560233324879,-94.58510114052436,64.05199999999999,-68.46913580246914,https://finance.naver.com/item/main.naver?code=0161M0
와이즈플래닛컴퍼니,KOSDAQ,15580.0,156112067400,13.68,3.1,1216.0,5359.0,0.12519,17431835440.0,1400353930.0,1532668780.0,,8.01239,가정용품,48000.0,15440.0,0.0056217397,10020030,0010S0,,,,,,,,22.69080052248554,8.033313157527147,12.519,-67.54166666666667,https://finance.naver.com/item/main.naver?code=0010S0
안트로젠,KOSDAQ,16250.0,162599125000,-108.19,1.71,-138.0,8739.0,0.02747,2199724180.0,-477805720.0,-149867790.0,,47.93196,제약,61800.0,13500.0,0.042429518,10006100,065660,86195.0,15957.25,5.401619953312758,238430644.0,5.602605863192189,-65.87368421052632,5.401619953312758,-1.579128046687264,-21.721165059884918,2.7470000000000003,-73.70550161812297,https://finance.naver.com/item/main.naver?code=065660
코난테크놀로지,KOSDAQ,12820.0,160474196160,-15.84,5.57,-830.0,2361.0,0.76461,4171608450.0,-2820698750.0,-2677645300.0,,224.56969,소프트웨어,29750.0,10010.0,0.0088868469,12517488,402030,11676.0,16849.4,0.6929623606775315,221080038.25,17.339449541284413,-32.684210526315795,1.279274039431671,-35.15459551037696,-67.61657484896503,76.461,-56.90756302521008,https://finance.naver.com/item/main.naver?code=402030
동국씨엠,KOSPI,5260.0,157266930560,-3.02,0.16,-1773.0,32899.0,1.66143,773358200170.0,22032184790.0,5623430670.0,,42.40289,철강,7790.0,4230.0,0.2137672008,29898656,460850,27545.0,62716.7,0.4391972154147141,336577255.25,14.347357065803678,-9.863945578231291,1.3825025870302488,-5.389221556886228,2.8488978050736224,166.143,-32.4775353016688,https://finance.naver.com/item/main.naver?code=460850
삼익THK,KOSPI,7690.0,159183000000,-3.58,1.02,-2174.0,7604.0,1.59445,77684488160.0,1691586140.0,-18341280.0,,178.59148,기계,14650.0,6760.0,0.3734004831,20700000,004380,11478.0,21796.25,0.5266043470780524,167648644.5,-2.91508238276299,-36.32585203657522,1.0737168090841314,-28.590215675960025,2.177508251732298,159.445,-47.508532423208194,https://finance.naver.com/item/main.naver?code=004380
티쓰리,KOSDAQ,2840.0,158262464800,9.32,1.56,308.0,1835.0,0.12823,25802746480.0,5173827280.0,5593544860.0,,17.53512,게임엔터테인먼트,3795.0,1660.0,0.0343570585,55726220,204610,50581.0,85553.95,0.5912175884339648,266992194.15,-5.15806988352745,0.35211267605634866,0.7345891101462878,16.78474114441417,20.051459576252054,12.823,-25.164690382081687,https://finance.naver.com/item/main.naver?code=204610
큐리오시스,KOSDAQ,10350.0,157938557400,-17.49,5.69,-602.0,1852.0,0.29209,3473285420.0,-1869245490.0,-2081849420.0,,-38.0877,생명과학도구및서비스,48218.865,7450.0,0.0652637223,15259764,494120,49668.0,104065.9,0.47727449625669893,911086111.0,-59.40711462450593,-84.29663608562691,2.127968912006719,-32.50539956803456,-53.81779105271458,29.209000000000003,-78.53537199600198,https://finance.naver.com/item/main.naver?code=494120
엠디바이스,KOSDAQ,14680.0,157322389120,14.51,3.37,1035.0,4452.0,1.1765,28105925910.0,4834672440.0,13497755510.0,,32.96274,반도체와반도체장비,38000.0,8010.0,0.0242977744,10716784,226590,33244.0,72643.2,0.45763402493282235,1017793028.25,25.425170068027203,-45.77205882352941,1.2667118188626052,23.247978436657682,17.201612412561857,117.65,-61.36842105263158,https://finance.naver.com/item/main.naver?code=226590
스트라드비젼,KOSDAQ,2905.0,156362560410,-1.06,5.47,-2836.0,548.0,0.49288,6419628710.0,-11148801250.0,-11307539730.0,,224.56969,소프트웨어,11080.0,2410.0,4.1616e-06,53825322,475040,278363.0,2058972.3,0.13519511651516633,7242353417.95,-34.97757847533632,-59.72222222222222,0.13519511651516633,-517.5182481751824,-173.66738410639329,49.288,-73.78158844765343,https://finance.naver.com/item/main.naver?code=475040
메가스터디,KOSDAQ,13050.0,155568514950,5.47,0.45,2393.0,29432.0,0.5306,33685006540.0,7366926110.0,10500226220.0,,10.63048,교육서비스,13710.0,10680.0,0.1851072552,11920959,072870,6308.0,14902.35,0.42328894436112424,196043007.0,-0.9774436090225547,11.139240506329106,1.0700996822648776,8.130606142973635,21.870045063675384,53.059999999999995,-4.81400437636762,https://finance.naver.com/item/main.naver?code=072870
케이알엠,KOSDAQ,4780.0,156992962480,-11.13,2.22,-431.0,2159.0,0.38024,1592811800.0,-2367129340.0,-1752348300.0,,32.96274,반도체와반도체장비,6230.0,2960.0,0.0,32843716,093640,12407.0,29425.25,0.42164467591609245,138257812.7,44.901065449010645,-4.800000000000004,1.3505407770537208,-19.96294580824456,-148.61324734033238,38.024,-23.27447833065811,https://finance.naver.com/item/main.naver?code=093640
동화약품,KOSPI,5530.0,154461029100,17.41,0.4,313.0,13692.0,0.57335,136932529610.0,10289858450.0,6460857060.0,,47.93196,제약,7560.0,4450.0,0.0205768261,27931470,000020,2346431.0,337009.05,6.962516288509167,1887755835.2,11.752988047808755,-6.8106312292358755,17.12436802513167,2.2860064271107214,7.514546382299904,57.335,-26.851851851851848,https://finance.naver.com/item/main.naver?code=000020
SYTS,KOSPI,52000.0,156000000000,5.71,0.3,9071.0,171777.0,0.05801,35341736030.0,1613039040.0,6482148350.0,,8.86194,"섬유,의류,신발,호화품",62700.0,49050.0,0.038398,3000000,002170,3414.0,829.95,4.113500813302006,44097150.0,-5.454545454545457,-13.188647746243742,4.113500813302006,5.280683677092975,4.564119427044456,5.801,-17.06539074960127,https://finance.naver.com/item/main.naver?code=002170
빅솔론,KOSDAQ,8220.0,158143799100,6.48,0.6,1261.0,13716.0,0.19531,42691334840.0,10295216650.0,7887753050.0,,20.22511,컴퓨터와주변기기,9870.0,5290.0,0.093866049,19238905,093190,14132.0,11474.9,1.2315575734864792,95318239.5,5.384615384615388,7.732634338138933,1.2315575734864792,9.193642461358998,24.115471414948146,19.531000000000002,-16.71732522796353,https://finance.naver.com/item/main.naver?code=093190
폴라리스오피스,KOSDAQ,3175.0,157746042775,33.16,1.81,98.0,1798.0,0.2665,84115661730.0,3593299510.0,7845018570.0,,9.77399,자동차부품,5950.0,2355.0,0.0333271858,49683793,041020,160727.0,137579.6,1.1682473273653942,423168352.3,10.563380281690149,-32.400430570505925,1.4263524534160588,5.450500556173527,4.2718554857643625,26.650000000000002,-46.63865546218487,https://finance.naver.com/item/main.naver?code=041020
멀티캠퍼스,KOSDAQ,25900.0,153503576100,5.88,0.67,4417.0,38888.0,0.35251,87637655690.0,8808922170.0,6864178900.0,,10.63048,교육서비스,33500.0,21500.0,0.0418834581,5926779,067280,6369.0,8324.2,0.765118569952668,206237731.25,11.27659574468085,-6.440071556350624,0.8621849547103625,11.358259617362682,10.051526482131987,35.251,-22.686567164179106,https://finance.naver.com/item/main.naver?code=067280
대한약품,KOSDAQ,25800.0,154800000000,5.52,0.51,4701.0,51057.0,0.16617,56607645480.0,8079815830.0,6752967660.0,,47.93196,제약,31650.0,24000.0,0.200726,6000000,023910,5653.0,3790.8,1.4912419542049171,99855731.25,0.0,-10.689655172413792,2.8846153846153846,9.207356483929725,14.27336495183265,16.617,-18.483412322274884,https://finance.naver.com/item/main.naver?code=023910
경동제약,KOSDAQ,5090.0,156613018940,15.95,0.65,316.0,7812.0,0.3293,52261526410.0,3703349340.0,5757026640.0,,47.93196,제약,6270.0,4700.0,0.017508502,30768766,011040,49230.0,25852.2,1.9042866757954835,131016574.5,0.9980039920159722,-8.166969147005442,1.9042866757954835,4.0450588837685615,7.08618671208842,32.93,-18.81977671451356,https://finance.naver.com/item/main.naver?code=011040
이엘씨,KOSDAQ,12730.0,155162532900,18.48,0.88,706.0,14791.0,0.07724,18303231270.0,4679483660.0,4486534720.0,,32.96274,반도체와반도체장비,13620.0,6130.0,0.028545714,12188730,041520,17709.0,16568.6,1.0688289897758412,202310169.25,57.3547589616811,43.03370786516854,1.8296657532923726,4.773172875397201,25.566434641898066,7.724,-6.534508076358292,https://finance.naver.com/item/main.naver?code=041520
나인테크,KOSDAQ,2660.0,152724684700,-8.54,1.8,-338.0,1599.0,0.85431,12723389290.0,-469678000.0,580797050.0,,-86.37263,전기제품,4720.0,1274.0,0.0103812582,57415295,267320,987440.0,2370343.45,0.41658098112322073,6522736768.35,35.00000000000001,-13.738019169329075,10.204855334360934,-21.138211382113823,-3.6914535057820275,85.431,-43.644067796610166,https://finance.naver.com/item/main.naver?code=267320
제이아이테크,KOSDAQ,4660.0,152776907040,21.7,1.94,215.0,2405.0,0.62665,21881928370.0,6341394480.0,3916891480.0,,32.96274,반도체와반도체장비,6160.0,2480.0,0.0691440507,32784744,417500,456831.0,324962.25,1.4057971348979765,1337125706.8,55.35420098846788,-3.2820512820512793,2.9403846139051537,8.93970893970894,28.9800531871497,62.665000000000006,-24.350649350649356,https://finance.naver.com/item/main.naver?code=417500
아나패스,KOSDAQ,12760.0,154694775400,57.54,2.07,224.0,6221.0,0.94997,18148800490.0,-4190473020.0,-2869100950.0,,16.67937,디스플레이장비및부품,22900.0,10750.0,0.039215683,12123415,123860,6499.0,10415.45,0.6239768804996423,138790777.5,-6.739926739926738,-26.923076923076927,1.4072363652074562,3.600707281787494,-23.089531577081104,94.997,-44.27947598253276,https://finance.naver.com/item/main.naver?code=123860
일양약품,KOSPI,7970.0,152112742080,21.49,0.62,375.0,12934.0,0.7581,65144070800.0,-6766557060.0,-2344396020.0,,47.93196,제약,16240.0,7290.0,0.0524047264,19085664,007570,18316.0,14095.05,1.2994632867566984,113030710.5,-4.255319148936165,-37.548188126445645,1.2994632867566984,2.8993350858203186,-10.387065126424368,75.81,-50.92364532019704,https://finance.naver.com/item/main.naver?code=007570
씨피시스템,KOSDAQ,4185.0,152487191925,81.57,3.69,54.0,1194.0,0.08336,6847425420.0,1872657830.0,1788210660.0,,178.59148,기계,6190.0,1938.0,0.0065023072,36436605,413630,588799.0,3207693.7,0.18355836157298933,14670610017.75,116.29213483146069,16.666666666666675,1.0887336281515907,4.522613065326634,27.34834941802112,8.336,-32.39095315024233,https://finance.naver.com/item/main.naver?code=413630
링크솔루션,KOSDAQ,26500.0,152461973000,-21.73,4.3,-1344.0,6788.0,0.96706,4269317270.0,-4636180450.0,56723470.0,,178.59148,기계,93300.0,16020.0,0.0530888283,5753282,474650,25442.0,36827.9,0.6908349376423852,1003800096.25,12.368972746331242,-56.91318327974276,1.272296275378178,-19.79964643488509,-108.59301749668279,96.706,-71.59699892818864,https://finance.naver.com/item/main.naver?code=474650
에코앤드림,KOSDAQ,8430.0,149936941020,-18.43,0.74,-490.0,12165.0,1.27745,20211721540.0,-5279990600.0,-5369536100.0,,-33.60183,화학,26900.0,4855.0,0.0222543272,17786114,101360,60964.0,58381.65,1.0442322202267322,475000940.25,19.610570236439507,-50.37507212925563,3.215325363363317,-4.027949034114262,-26.12340858521446,127.745,-68.66171003717471,https://finance.naver.com/item/main.naver?code=101360
엠아이텍,KOSDAQ,4720.0,152766000160,7.4,1.19,628.0,3891.0,0.1464,19752327280.0,5801680650.0,5827677230.0,,-35.39576,건강관리장비와용품,7860.0,4000.0,0.0619309752,32365678,179290,13199.0,31364.85,0.42082139720100686,146886210.3,9.143518518518512,-32.73894436519258,0.8661925690701534,16.139809817527627,29.372137104443524,14.64,-39.94910941475827,https://finance.naver.com/item/main.naver?code=179290
텔레칩스,KOSDAQ,10140.0,153562522620,-2.5,1.08,-4175.0,9686.0,1.75889,59173535680.0,3179899770.0,-4097427360.0,,32.96274,반도체와반도체장비,19530.0,7050.0,0.0218614571,15144233,054450,66033.0,51020.5,1.2942444703599534,505854084.75,4.526748971193406,-19.172633253778837,1.6576670161993707,-43.103448275862064,5.373854601483228,175.889,-48.07987711213517,https://finance.naver.com/item/main.naver?code=054450
제일약품,KOSPI,10250.0,150724938000,6.24,0.69,1605.0,14485.0,1.07735,146604024530.0,-7044294000.0,-6675327720.0,,47.93196,제약,19290.0,8810.0,0.0129472735,14704872,271980,81898.0,17384.4,4.711005269091829,177117791.25,1.5732546705998107,-27.35583684950773,4.711005269091829,11.080428028995511,-4.804979960532056,107.735,-46.86365992742354,https://finance.naver.com/item/main.naver?code=271980
조선내화,KOSPI,12810.0,151864702080,69.63,0.7,188.0,18686.0,1.23708,126215849000.0,1005183000.0,-4560412000.0,,28.21512,비철금속,16600.0,12000.0,0.0020963853,11855168,462520,36351.0,37169.85,0.9779700483052797,521578932.0,-20.12422360248447,-7.482014388489211,17.05395636517231,1.0061008241464198,0.7963999830163959,123.708,-22.83132530120482,https://finance.naver.com/item/main.naver?code=462520
모트렉스,KOSDAQ,6160.0,151150205360,21.26,0.62,301.0,10261.0,1.78384,186411461810.0,18313198280.0,18661850960.0,,9.77399,자동차부품,11570.0,4240.0,0.0198552241,24537371,118990,47601.0,74463.7,0.6392510713273716,486093719.0,15.055762081784385,-27.68691588785047,0.6392510713273716,2.9334372868141507,9.824073102686002,178.38400000000001,-46.75885911840968,https://finance.naver.com/item/main.naver?code=118990
유성티엔에스,KOSDAQ,4240.0,149355568800,2.59,0.28,1687.0,15883.0,0.14965,13582595540.0,859734750.0,59381313020.0,,13.96904,도로와철도운송,5980.0,2110.0,0.0139100029,35225370,024800,11930.0,32742.0,0.36436381406145013,147499410.45,1.891252955082745,5.5079559363525155,3.9773379756887177,10.621419127368885,6.329679386153613,14.965,-29.096989966555185,https://finance.naver.com/item/main.naver?code=024800
어보브반도체,KOSDAQ,8520.0,151492015560,14.55,1.24,613.0,7205.0,0.79028,68856734950.0,3521730990.0,3223115560.0,,32.96274,반도체와반도체장비,16850.0,5410.0,0.0440818226,17780753,102120,171119.0,190968.9,0.8960568972225321,1549615371.75,21.35785007072135,-23.529411764705888,5.321547121023371,8.507980569049272,5.114577379478258,79.02799999999999,-49.43620178041543,https://finance.naver.com/item/main.naver?code=102120
엘앤케이바이오,KOSDAQ,6800.0,151987840400,-7.87,3.02,-802.0,2087.0,0.93953,11735121310.0,1274542510.0,7978711340.0,,-35.39576,건강관리장비와용품,16400.0,2730.0,0.0581604895,22351153,156100,262483.0,242924.3,1.0805135591622577,1352150217.4,44.562899786780385,-22.51428571428571,1.0805135591622577,-38.428366075706755,10.860923175237291,93.953,-58.53658536585367,https://finance.naver.com/item/main.naver?code=156100
HT로보틱스,KOSDAQ,5720.0,151519940000,112.41,2.17,54.0,2803.0,1.06255,37448791370.0,2040595960.0,3193916530.0,,307.43097,전자장비와기기,7340.0,2270.0,0.0183693539,26489500,396300,1292704.0,3439818.7,0.37580585279102063,19942170235.0,97.24137931034483,62.731152204836405,4.81144020759001,1.9265073135925792,5.449030223268324,106.25500000000001,-22.070844686648506,https://finance.naver.com/item/main.naver?code=396300
오로스테크놀로지,KOSDAQ,15900.0,148928017800,-24.07,2.43,-695.0,6873.0,1.0508,11366242000.0,-2294089350.0,-3570652520.0,,32.96274,반도체와반도체장비,52000.0,10910.0,0.0784558485,9366542,322310,81080.0,94360.9,0.8592542038068735,1320930563.75,-6.162790697674414,-48.352,1.9710388518973432,-10.112032591299288,-20.18335831667142,105.08,-69.42307692307692,https://finance.naver.com/item/main.naver?code=322310
매드업,KOSDAQ,7970.0,149894978000,13.15,3.93,616.0,2059.0,1.27927,18262357060.0,3789871370.0,4238792010.0,,10.92084,광고,22500.0,4560.0,0.0090983336,18807400,0039P0,582095.0,2804163.15,0.2075824297170441,25460576472.5,5.52631578947369,-20.43650793650794,0.6286745476988385,29.917435648372997,20.752367055077173,127.92699999999999,-64.57777777777778,https://finance.naver.com/item/main.naver?code=0039P0
하나제약,KOSPI,8520.0,151425499920,16.59,0.47,507.0,17808.0,0.34646,60903578030.0,7285591660.0,8449874810.0,,47.93196,제약,12070.0,8100.0,0.0,17772946,293480,10150.0,13947.1,0.7277498548085265,115607196.0,-1.2805587892898762,-10.454065469904961,1.6716019817739889,2.8470350404312668,11.962501868792092,34.646,-29.411764705882348,https://finance.naver.com/item/main.naver?code=293480
푸른저축은행,KOSDAQ,9990.0,150677172000,5.88,0.36,1696.0,27355.0,3.84928,24847414400.0,1312363210.0,4868584450.0,,28.59581,기타금융,14050.0,9410.0,0.0145449784,15082800,007330,6259.0,7393.65,0.8465372312727815,74127903.5,-2.536585365853661,-3.1976744186046457,1.6389739844325875,6.199963443611771,5.281689228799597,384.928,-28.896797153024913,https://finance.naver.com/item/main.naver?code=007330
모두투어,KOSDAQ,8060.0,152334000000,9.68,1.59,836.0,5081.0,1.11876,42245111230.0,-856131380.0,-215737110.0,,14.63454,"호텔,레스토랑,레저",17500.0,7690.0,0.0802866138,18900000,080160,33139.0,114366.5,0.2897614248927789,1092417768.25,-3.3939393939393936,-28.90276538804639,0.3858822294990229,16.453454044479432,-2.0265809583003906,111.876,-53.942857142857136,https://finance.naver.com/item/main.naver?code=080160
테라뷰,KOSDAQ,4130.0,147428329160,,,,,0.36096,1556836000.0,-3064450000.0,-2782692000.0,,32.96274,반도체와반도체장비,20800.0,1700.0,0.0,35696932,950250,566504.0,2264198.55,0.2502006725514421,8258279553.95,76.51991614255765,-40.70422535211268,1.7582910297332361,,-196.8383310766195,36.096000000000004,-80.14423076923077,https://finance.naver.com/item/main.naver?code=950250
켐트로스,KOSDAQ,4680.0,150097217400,-10.81,2.34,-446.0,2061.0,0.27218,23955659980.0,3583872870.0,3770049490.0,,-33.60183,화학,9570.0,2630.0,0.0275695461,32072055,220260,145494.0,143653.85,1.0128096114374936,630677449.7,42.835365853658544,-11.268939393939393,2.672027237696727,-21.63998059194566,14.96044305601302,27.217999999999996,-51.09717868338558,https://finance.naver.com/item/main.naver?code=220260
현대바이오랜드,KOSDAQ,5130.0,153900000000,626.25,1.1,8.0,4538.0,0.14241,40273303100.0,7044462840.0,5962956500.0,,42.55038,화장품,6240.0,3125.0,0.0373505,30000000,052260,588960.0,1696018.45,0.3472603732583216,8813875285.05,42.22539229671898,18.973747016706444,6.566426798010363,0.17628911414720141,17.491644086178766,14.241000000000001,-17.78846153846154,https://finance.naver.com/item/main.naver?code=052260
국전,KOSDAQ,2830.0,152781195040,-27.85,1.25,-86.0,1920.0,0.6596,40483784420.0,1495899900.0,6132526260.0,,47.93196,제약,6000.0,1700.0,0.0136319615,53986288,307750,14679645.0,122703.9,119.63470598734025,283300180.25,26.195899772209575,-39.9783315276273,119.63470598734025,-4.479166666666667,3.6950594452355303,65.96,-52.83333333333333,https://finance.naver.com/item/main.naver?code=307750
우양에이치씨,KOSDAQ,10200.0,150858091800,-33.38,0.8,-299.0,12468.0,0.35393,19836790350.0,2014872620.0,2619648450.0,,-44.49442,에너지장비및서비스,16650.0,7970.0,0.0029863403,14790009,101970,3271.0,5033.5,0.649846031588358,49464253.75,-1.9436345966958202,-19.601593625498005,0.7364656799443727,-2.3981392364453,10.157251170424352,35.393,-38.738738738738746,https://finance.naver.com/item/main.naver?code=101970
한국석유,KOSPI,11830.0,150171439600,28.71,0.73,412.0,16160.0,1.08645,231630791280.0,13790541370.0,12035890830.0,,-33.60183,화학,33575.0,9690.0,0.0424768318,12694120,004090,63417.0,637119.8,0.09953701015099514,8376008295.5,7.417582417582413,-29.886431560071724,0.21830431262691882,2.5495049504950495,5.953673643211672,108.645,-64.76545048399107,https://finance.naver.com/item/main.naver?code=004090
한컴위드,KOSDAQ,5150.0,145317967150,17.93,0.97,314.0,5802.0,0.70937,99815476480.0,-712663640.0,6601192190.0,,28.21512,비철금속,8980.0,2795.0,0.009533339,28217081,054920,1716065.0,2994896.35,0.5729964577906009,15391284878.6,75.95993322203674,0.7648183556405286,4.688380617913538,5.41192692175112,-0.7139811030635076,70.937,-42.650334075723826,https://finance.naver.com/item/main.naver?code=054920
지누스,KOSPI,6750.0,147999237750,-8.08,0.23,-844.0,29617.0,0.66482,147542224520.0,-26700835150.0,-22055421060.0,,27.78149,가구,15450.0,6700.0,0.0736881228,21925813,013890,9672.0,15411.45,0.6275853342806809,112986742.25,-24.41471571906354,-37.338262476894634,1.0106122396010757,-2.849714690886991,-18.097080504829034,66.482,-56.310679611650485,https://finance.naver.com/item/main.naver?code=013890
넥써쓰,KOSDAQ,1763.0,147319448111,-32.0,3.56,-56.0,504.0,1.65005,5792798870.0,-5152122250.0,8591323050.0,,17.53512,게임엔터테인먼트,3000.0,1360.0,0.0154628795,83561797,205500,131582.0,142202.65,0.9253132765106699,258754047.25,20.7060420909708,4.159343878148802,1.1553019581561947,-11.11111111111111,-88.94011971798358,165.005,-41.233333333333334,https://finance.naver.com/item/main.naver?code=205500
삼양패키징,KOSPI,9900.0,149177219400,8.49,0.38,1156.0,25622.0,0.81249,131481150710.0,17046516240.0,13565674690.0,,17.60036,포장재,17540.0,7900.0,0.0249433815,15068406,272550,7980.0,11555.45,0.6905832312891319,112627801.5,12.829324169530354,-27.573529411764707,1.4167340951672154,4.51174771680587,12.964988629889973,81.24900000000001,-43.557582668187,https://finance.naver.com/item/main.naver?code=272550
한국주철관,KOSPI,6480.0,147747240000,8.23,0.39,789.0,16819.0,0.20702,111848769020.0,7234873030.0,5964228390.0,,42.40289,철강,7880.0,6130.0,0.0230818622,22800500,000970,30850.0,14400.5,2.142286726155342,94752901.0,-1.2139605462822445,-3.5555555555555562,2.972952328044165,4.691123134550211,6.4684422487531466,20.702,-17.76649746192893,https://finance.naver.com/item/main.naver?code=000970
비씨엔씨,KOSDAQ,11500.0,147176114500,133.67,1.95,90.0,6182.0,1.46017,26766057170.0,1838067680.0,460659910.0,,32.96274,반도체와반도체장비,19050.0,7120.0,0.0378446565,12797923,146320,26967.0,24931.15,1.081658888579147,255152054.5,12.79296875,-19.84732824427481,2.9062839058767844,1.455839534131349,6.86715891072723,146.017,-39.632545931758536,https://finance.naver.com/item/main.naver?code=146320
메쥬,KOSDAQ,14850.0,146743987500,35.78,12.59,422.0,1199.0,0.09428,5668414580.0,874700940.0,1097834700.0,,-35.39576,건강관리장비와용품,73500.0,10370.0,0.0431665444,9881750,0088M0,165504.0,113130.45,1.4629483043689828,1528700725.0,4.111498257839719,-62.92803970223325,2.131636531101927,35.19599666388657,15.431139124619216,9.428,-79.79591836734694,https://finance.naver.com/item/main.naver?code=0088M0
새로닉스,KOSDAQ,11900.0,147840530600,-4.68,1.66,-2579.0,7276.0,1.15832,42727319950.0,-4490058700.0,14285577910.0,,12.06213,가정용기기와용품,23200.0,6560.0,0.049172887,12423574,042600,21846.0,20144.35,1.084472817440126,233340310.5,28.293736501079913,-16.631578947368418,6.163365906569337,-35.44529961517317,-10.508636406997486,115.83200000000001,-48.706896551724135,https://finance.naver.com/item/main.naver?code=042600
아크릴,KOSDAQ,18320.0,147115535680,-32.91,3.53,-585.0,5448.0,0.24241,5473699580.0,-1495145460.0,-1531092020.0,,32.07185,IT서비스,77000.0,11500.0,0.029597934,8030324,0007C0,80069.0,306472.6,0.26125989729587573,6060604948.0,19.98693664271718,-46.36496350364963,0.28508258160762173,-10.737885462555067,-27.3150807447127,24.241,-76.20779220779221,https://finance.naver.com/item/main.naver?code=0007C0
에스텍,KOSDAQ,13510.0,147394100000,2.68,0.47,4949.0,27942.0,0.4467,127105592710.0,12542767610.0,12601623830.0,,307.43097,전자장비와기기,16670.0,11220.0,0.5802769936,10910000,069510,3218.0,4829.45,0.6663284639037572,63218373.25,10.195758564437195,-10.707204230006607,1.516114671442918,17.711688497602175,9.867990339824914,44.67,-18.95620875824835,https://finance.naver.com/item/main.naver?code=069510
엘케이켐,KOSDAQ,22950.0,146678912100,33.9,2.53,708.0,9491.0,0.10108,7643902930.0,1899628840.0,1856878480.0,,32.96274,반도체와반도체장비,59500.0,14550.0,0.0246406095,6391238,489500,14941.0,15510.9,0.9632580959196436,345576205.5,28.12673707615343,-30.151515151515152,1.9256136007581766,7.4596986618902115,24.851556297824416,10.108,-61.42857142857143,https://finance.naver.com/item/main.naver?code=489500
KBI동양철관,KOSPI,1402.0,145481203614,-38.18,1.06,-38.0,1363.0,0.75155,60304860130.0,-82673200.0,-2305687160.0,,42.40289,철강,2970.0,890.0,0.0119089316,103766907,008970,2298648.0,4039948.35,0.5689795514341167,5652240675.7,25.800711743772233,-17.213114754098356,5.953120167984325,-2.7879677182685256,-0.13709210140240813,75.155,-52.794612794612796,https://finance.naver.com/item/main.naver?code=008970
킵스파마,KOSDAQ,7340.0,147373598980,-14.79,2.39,-499.0,3088.0,1.93652,74884347020.0,-2396693500.0,-9046561580.0,,28.21512,비철금속,12880.0,5110.0,0.029078032,20078147,256940,26451.0,48416.55,0.5463214541308705,304007362.0,26.07944732297063,-11.084043848964676,3.658418454020371,-16.159326424870464,-3.200526672630122,193.65200000000002,-43.01242236024845,https://finance.naver.com/item/main.naver?code=256940
KG파이낸셜,KOSDAQ,4020.0,145726551720,6.24,0.41,644.0,9858.0,0.7215,62245653800.0,8813477070.0,6717952130.0,,32.07185,IT서비스,6380.0,3640.0,0.0449553558,36250386,046440,22929.0,41355.35,0.5544385430180134,169438584.25,0.49999999999998934,-18.86982845610494,1.77401472844505,6.532765266788395,14.159184669050742,72.15,-36.99059561128527,https://finance.naver.com/item/main.naver?code=046440
비아트론,KOSDAQ,14670.0,177722795700,11.4,0.65,1028.0,17991.0,0.13256,25666161020.0,3489696070.0,4875016060.0,,16.67937,디스플레이장비및부품,15230.0,6500.0,0.0465884862,12114710,141000,154544.0,53674.0,2.879308417483325,529885005.75,47.11656441717791,17.895771878072765,4.083597272422402,5.71396809515869,13.596486312388919,13.256,-3.676953381483916,https://finance.naver.com/item/main.naver?code=141000
웅진,KOSPI,1828.0,146106702240,1.17,0.8,1554.0,2289.0,15.04081,342316262750.0,53551439320.0,12364721710.0,,1.95894,출판,4520.0,1690.0,0.0584562704,79927080,016880,55758.0,94138.25,0.592299092026886,174418166.25,-2.788203753351204,-33.34558823529412,1.2080955403356235,67.88990825688074,15.643849021309752,1504.0810000000001,-59.557522123893804,https://finance.naver.com/item/main.naver?code=016880
제룡산업,KOSDAQ,7190.0,143800000000,12.3,1.64,600.0,4503.0,0.1224,16282469860.0,5835144490.0,9443123520.0,,57.41321,전기장비,15410.0,5040.0,0.04882015,20000000,147830,183764.0,100325.35,1.8316806270797958,708204511.75,11.919504643962853,-4.36507936507936,1.8326574489897118,13.324450366422386,35.83697399824329,12.24,-53.34198572355613,https://finance.naver.com/item/main.naver?code=147830
유니트론텍,KOSDAQ,7030.0,145882363090,10.92,1.04,640.0,6717.0,2.39771,340100315050.0,38540229360.0,17783063020.0,,32.96274,반도체와반도체장비,9060.0,4470.0,0.0291268981,20751403,142210,379107.0,153528.0,2.4693020165702673,972333837.5,29.850746268656714,32.31939163498099,3.752709603459955,9.528063123418193,11.332018129513932,239.77100000000002,-22.406181015452542,https://finance.naver.com/item/main.naver?code=142210
삼보판지,KOSDAQ,9010.0,144234783000,5.3,0.24,1703.0,37462.0,0.28379,153516901410.0,16503318820.0,14683209030.0,,17.60036,포장재,11150.0,7710.0,0.0398844349,16008300,023600,4079.0,8354.25,0.48825448125205734,76510295.5,8.29326923076923,-6.340956340956339,1.4004847831941827,4.545939885750895,10.750164098169442,28.378999999999998,-19.192825112107627,https://finance.naver.com/item/main.naver?code=023600
케이엔더블유,KOSDAQ,9210.0,147539779200,-24.38,1.15,-363.0,7691.0,1.68972,18412542530.0,-1836768960.0,-7586667520.0,,32.96274,반도체와반도체장비,11400.0,4785.0,0.0138399902,16019520,105330,42525.0,37178.5,1.1438062320965074,289163584.0,43.0622009569378,23.214285714285722,1.4909961402423444,-4.719802366402289,-9.975640012819023,168.972,-19.21052631578948,https://finance.naver.com/item/main.naver?code=105330
한빛레이저,KOSDAQ,6000.0,143523342000,61.54,4.88,104.0,1311.0,0.35852,4450792480.0,509483950.0,472032540.0,,-86.37263,전기제품,10590.0,2615.0,0.0078199266,23920557,452190,1266528.0,4123094.05,0.30717902251101936,22410400837.95,74.38136826783115,44.68599033816425,0.7556223462814291,7.9328756674294425,11.447038977651907,35.852000000000004,-43.342776203966004,https://finance.naver.com/item/main.naver?code=452190
케이씨에스,KOSDAQ,11870.0,142440000000,60.43,7.77,211.0,1640.0,0.58425,5984119100.0,263137200.0,441238480.0,,32.07185,IT서비스,27500.0,6120.0,0.0087286667,12000000,115500,516966.0,644280.1,0.8023932448014459,7109832572.0,50.0,29.923830250272033,5.934715351288982,12.865853658536587,4.397258737714629,58.425000000000004,-56.83636363636364,https://finance.naver.com/item/main.naver?code=115500
경인양행,KOSPI,3460.0,143992622900,24.93,0.58,138.0,5881.0,1.04284,118964470060.0,13343569410.0,10374871510.0,,-33.60183,화학,6430.0,2565.0,0.0583748485,41616365,012610,88655.0,105879.25,0.8373217604015896,340833729.25,14.858096828046751,-12.911392405063292,2.1889841493966005,2.34653970413195,11.216432438416394,104.28399999999999,-46.189735614307935,https://finance.naver.com/item/main.naver?code=012610
라온로보틱스,KOSDAQ,10840.0,143711300000,35.97,3.72,310.0,2998.0,0.56818,18216404460.0,449949290.0,318060190.0,,32.96274,반도체와반도체장비,23950.0,7020.0,0.0416626815,13257500,232680,102969.0,100555.45,1.024002179891791,1011784278.25,32.068543451652374,-25.017373175816537,2.5439894108176135,10.340226817878586,2.470022506296503,56.818000000000005,-54.73903966597078,https://finance.naver.com/item/main.naver?code=232680
쎌바이오텍,KOSDAQ,15230.0,143162000000,10.41,0.8,1479.0,19234.0,0.05985,15814220700.0,1639720770.0,3606098050.0,,-66.93263,생물공학,18500.0,11350.0,0.0422675532,9400000,049960,5412.0,7226.9,0.7488688095864063,110867734.25,1.0624169986719778,3.6078965282505093,2.1529286416029003,7.689508162628679,10.368647315008067,5.985,-17.675675675675674,https://finance.naver.com/item/main.naver?code=049960
대한화섬,KOSPI,107700.0,143025600000,12.27,0.17,8883.0,657488.0,0.17754,27708307850.0,-1144857490.0,2045358000.0,,-33.60183,화학,148800.0,101200.0,0.0045218373,1328000,003830,9.0,131.25,0.06857142857142857,14662562.5,0.6542056074766434,-13.493975903614452,1.0514285714285714,1.3510512739396003,-4.131820305295186,17.754,-27.620967741935488,https://finance.naver.com/item/main.naver?code=003830
신라교역,KOSPI,8940.0,143040000000,30.78,0.24,294.0,38108.0,0.17488,128967003910.0,505625880.0,20300207730.0,,31.73003,식품,10530.0,8500.0,0.041116375,16000000,004970,7157.0,10084.15,0.7097276418934665,92310889.25,-4.695837780149414,-6.687565308254961,0.7097276418934665,0.7714915503306392,0.39205832861935175,17.488,-15.099715099715095,https://finance.naver.com/item/main.naver?code=004970
이노테크,KOSDAQ,15930.0,142460397000,14.88,2.37,1110.0,6961.0,0.55581,19558861110.0,893662870.0,3206184870.0,,16.67937,디스플레이장비및부품,85000.0,8760.0,0.0166713259,8942900,469610,45381.0,85868.8,0.5284923045390176,1373107226.75,19.744744744744747,-17.485773409208484,1.1135243534322128,15.945984772302829,4.5690946163684885,55.581,-81.25882352941176,https://finance.naver.com/item/main.naver?code=469610
씨앤지하이테크,KOSDAQ,14740.0,143290075280,7.25,0.99,2078.0,15198.0,0.2305,72301012700.0,9327500860.0,5688758350.0,,32.96274,반도체와반도체장비,26100.0,9850.0,0.0294583822,9721172,264660,28734.0,28706.15,1.000970175380537,400346086.0,25.299145299145298,-14.518950437317779,2.302851479561,13.672851691011974,12.900926987983945,23.05,-43.52490421455939,https://finance.naver.com/item/main.naver?code=264660
인포바인,KOSDAQ,9460.0,140306453540,10.72,0.74,893.0,12978.0,0.09725,6660043940.0,2161449410.0,2019961040.0,,32.07185,IT서비스,20160.0,6050.0,0.0868274784,14831549,115310,1725.0,4065.15,0.42433858529205565,38223283.25,40.05847953216375,-85.97364568081991,0.980775617135899,6.880875327477269,32.45398122703677,9.725,-53.07539682539682,https://finance.naver.com/item/main.naver?code=115310
티움바이오,KOSDAQ,4695.0,141030640125,-7.38,3.63,-640.0,1302.0,1.79903,4477378400.0,-4244922430.0,-4501849720.0,,47.93196,제약,13700.0,3415.0,0.0343302381,30038475,321550,93124.0,147668.65,0.6306280987873865,697963360.5,20.382165605095537,-62.440381558028626,1.5522455172441816,-49.155145929339476,-94.80821254687788,179.903,-65.72992700729927,https://finance.naver.com/item/main.naver?code=321550
네오오토,KOSDAQ,10360.0,139718565280,8.7,0.94,1260.0,11647.0,0.44623,63398708940.0,4109514860.0,2336624060.0,,9.77399,자동차부품,16100.0,4995.0,0.0136062038,13486348,212560,87462.0,359756.9,0.2431141695961912,4116951510.25,-2.5023169601482875,36.44617380025941,2.194265071774857,10.818236455739676,6.48201663521131,44.623000000000005,-35.652173913043484,https://finance.naver.com/item/main.naver?code=212560
KT나스미디어,KOSDAQ,12360.0,140985081600,20.97,0.7,596.0,17839.0,0.94095,32263750890.0,7819522440.0,6818261110.0,,10.92084,광고,14160.0,9040.0,0.0526675001,11406560,089600,5382.0,18830.4,0.2858144277338771,239643130.25,22.72727272727273,5.882352941176472,1.0568017673549153,3.3409944503615674,24.23624725674294,94.095,-12.711864406779661,https://finance.naver.com/item/main.naver?code=089600
시너지이노베이션,KOSDAQ,1601.0,141059247763,45.54,0.66,35.0,2401.0,0.22124,31407849780.0,5378199710.0,7708060020.0,,-35.39576,건강관리장비와용품,2650.0,1385.0,0.1410076182,88106963,048870,102420.0,220782.65,0.4638951475580169,345032614.8,-4.007177033492826,-27.702702702702698,1.1257225148805852,1.4577259475218658,17.123743738180856,22.124,-39.58490566037736,https://finance.naver.com/item/main.naver?code=048870
레메디,KOSDAQ,18570.0,141610938870,25.16,11.31,777.0,1729.0,1.03018,6184057520.0,2832625820.0,1858930380.0,,-35.39576,건강관리장비와용품,34650.0,6980.0,0.0111747096,7625791,387690,686921.0,2127232.45,0.32291769524294345,40301874650.0,-15.727272727272723,-15.727272727272723,1.2336794693029431,44.93927125506073,45.80529548502647,103.01800000000001,-46.40692640692641,https://finance.naver.com/item/main.naver?code=387690
태경산업,KOSPI,4825.0,141028718750,5.99,0.46,801.0,10506.0,0.67704,240703335870.0,22084681630.0,18078248620.0,,28.21512,비철금속,5340.0,4300.0,0.0234931703,29228750,015890,24742.0,13897.3,1.7803458225698519,66318947.65,4.540540540540539,-0.5144032921810648,1.7803458225698519,7.624214734437464,9.175062551658021,67.704,-9.644194756554302,https://finance.naver.com/item/main.naver?code=015890
롯데하이마트,KOSPI,6030.0,142354503360,-55.85,0.15,-106.0,40757.0,1.06518,591095945180.0,917831190.0,-4469675410.0,,30.40765,전문소매,10120.0,5800.0,0.0256650454,23607712,071840,10075.0,10465.2,0.9627145205060581,63384172.5,-5.288461538461542,-27.306273062730625,2.0478347284332834,-0.26007802340702213,0.15527617766359453,106.518,-40.41501976284585,https://finance.naver.com/item/main.naver?code=071840
아이패밀리에스씨,KOSDAQ,8460.0,141124517100,6.55,1.36,1273.0,6134.0,0.37877,58660342220.0,6814957280.0,6180534420.0,,42.55038,화장품,20800.0,6160.0,0.0421204834,16681385,114840,19290.0,27479.45,0.7019791153025261,239004628.25,-1.531213191990577,-27.493495229835208,1.1392149406192627,20.75317900228236,11.617656873601511,37.877,-59.32692307692308,https://finance.naver.com/item/main.naver?code=114840
로체시스템즈,KOSDAQ,9030.0,138128325090,11.06,1.01,821.0,9007.0,0.23442,46912671660.0,7513771360.0,6501389660.0,,32.96274,반도체와반도체장비,13930.0,5150.0,0.4761649368,15296603,071280,130700.0,157418.1,0.8302730118074096,1213355902.0,48.20846905537459,14.465408805031444,1.889909737190323,9.115132674586434,16.01650704196965,23.442,-35.175879396984925,https://finance.naver.com/item/main.naver?code=071280
이구산업,KOSPI,4185.0,139954770000,13.1,0.98,327.0,4355.0,1.76169,190753069480.0,20339975520.0,8689989260.0,,28.21512,비철금속,7170.0,3305.0,0.0409247354,33442000,025820,124735.0,164429.3,0.7585935110105073,726691419.8,7.069408740359906,-12.95715778474399,0.7585935110105073,7.508610792192883,10.662987272208795,176.169,-41.63179916317992,https://finance.naver.com/item/main.naver?code=025820
남선알미늄,KOSPI,1069.0,137985547210,38.21,0.49,28.0,2196.0,0.54686,82818261980.0,-930088110.0,-782532690.0,,28.21512,비철금속,3485.0,881.0,0.0593011463,129079090,008350,591416.0,663639.1,0.891171119965656,707973628.85,5.506391347099315,-19.92537313432836,0.891171119965656,1.2750455373406193,-1.1230471248293155,54.686,-69.32568149210904,https://finance.naver.com/item/main.naver?code=008350
세경하이테크,KOSDAQ,3900.0,138616990200,2.84,0.81,1409.0,4921.0,0.39862,86291471790.0,3325287490.0,20791799320.0,,108.08375,핸드셋,6390.0,2580.0,0.0154331882,35542818,148150,84000.0,63647.6,1.31976696686128,262329507.8,26.136363636363647,-12.696629213483146,1.31976696686128,28.632391790286526,3.8535528726320267,39.861999999999995,-38.96713615023474,https://finance.naver.com/item/main.naver?code=148150
아진엑스텍,KOSDAQ,7420.0,135860689720,175.43,3.58,46.0,2254.0,0.10183,8872557400.0,1810935640.0,1742822260.0,,32.96274,반도체와반도체장비,14500.0,3502.062,0.0228304475,18310066,059120,414386.0,588246.0,0.7044433791304998,4308125847.75,60.25641025641026,-7.178217821782173,0.9282290062320866,2.0408163265306123,20.41052605644456,10.183,-48.827586206896555,https://finance.naver.com/item/main.naver?code=059120
제넥신,KOSDAQ,3000.0,136621482000,-4.74,0.52,-598.0,5426.0,0.65777,972206380.0,-10495861220.0,-26267788560.0,,-66.93263,생물공학,7490.0,2140.0,0.0336794107,45540494,095700,2063395.0,177842.3,11.602385934055059,516048757.9,29.67741935483872,-39.57915831663327,11.602385934055059,-11.021009952082565,-1079.5918887098849,65.777,-59.94659546061416,https://finance.naver.com/item/main.naver?code=095700
레이언스,KOSDAQ,8140.0,135050853960,-24.67,0.55,-336.0,15058.0,0.12337,36458028610.0,2511659980.0,2566964340.0,,-35.39576,건강관리장비와용품,8750.0,4835.0,0.0339927988,16591014,228850,21811.0,71649.2,0.3044137268804118,579763689.0,42.096219931271484,30.441640378548907,2.3723223706615006,-2.23137202815779,6.889182097221466,12.337,-6.971428571428573,https://finance.naver.com/item/main.naver?code=228850
엔에프씨,KOSDAQ,7780.0,138978808000,13.06,2.01,563.0,3660.0,0.32325,26883918000.0,4997970450.0,3539831160.0,,42.55038,화장품,9850.0,4020.0,0.0347882846,17863600,265740,455590.0,530769.0,0.8583583442137729,3906208616.5,46.374045801526705,-7.590361445783134,0.8583583442137729,15.382513661202186,18.590930272886563,32.324999999999996,-21.015228426395936,https://finance.naver.com/item/main.naver?code=265740
아로마티카,KOSDAQ,10930.0,137465757460,22.78,2.98,442.0,3380.0,0.19181,17742639520.0,2245683870.0,1754882240.0,,42.55038,화장품,31500.0,4500.0,0.0601765678,12576922,0015N0,745512.0,1024277.75,0.7278416425622836,11785399403.0,94.10714285714286,18.40958605664489,0.7278416425622836,13.076923076923078,12.65698864855256,19.181,-65.3015873015873,https://finance.naver.com/item/main.naver?code=0015N0
와이투솔루션,KOSPI,3755.0,137803851310,-14.54,1.41,-262.0,2706.0,1.20951,87367181260.0,665400880.0,448483520.0,,307.43097,전자장비와기기,9900.0,2400.0,0.0520861984,36698762,011690,209134.0,154240.8,1.3558928636262262,540818906.4,27.61578044596913,-35.416666666666664,6.974989756277198,-9.682187730968218,0.7616142244761257,120.95100000000001,-62.07070707070707,https://finance.naver.com/item/main.naver?code=011690
효성ITX,KOSPI,11840.0,136849088000,9.16,1.89,1299.0,6308.0,1.82173,133994248020.0,3471087550.0,3055053550.0,,15.86565,상업서비스와공급품,13430.0,11410.0,0.0109076673,11558200,094280,15568.0,4305.55,3.615798213933179,51559769.5,-0.16906170752324368,-5.8213716108452935,3.615798213933179,20.59289790741915,2.5904750400046312,182.173,-11.839166046165307,https://finance.naver.com/item/main.naver?code=094280
파세코,KOSDAQ,6770.0,135400000000,36.65,1.58,185.0,4285.0,0.61411,46702021360.0,2351568590.0,2419792910.0,,12.06213,가정용기기와용품,9980.0,4990.0,0.0109748,20000000,037070,59173.0,58227.05,1.016245885718064,364778970.0,0.14705882352941124,-20.070422535211264,1.1965057477581296,4.3173862310385065,5.035260833515237,61.411,-32.164328657314634,https://finance.naver.com/item/main.naver?code=037070
씨에스베어링,KOSDAQ,4985.0,135940950000,12.14,1.35,412.0,3703.0,0.52027,37804488030.0,3417104500.0,3165402600.0,,178.59148,기계,9600.0,3050.0,0.0239593326,27270000,297090,33901.0,115280.25,0.29407465719409875,527925904.6,32.05298013245033,-36.334610472541506,0.9633913875100028,11.126113961652715,9.038885799189595,52.027,-48.072916666666664,https://finance.naver.com/item/main.naver?code=297090
제이엘케이,KOSDAQ,5320.0,136861745440,-9.93,3.29,-540.0,1631.0,1.00277,520149440.0,-3347223280.0,-3741861400.0,,-61.00908,건강관리기술,9210.0,3765.0,0.0141068384,25725892,322510,66681.0,153864.25,0.4333755242039655,796940056.5,34.01015228426396,-27.172413793103445,0.5592527178990572,-33.108522378908646,-643.511849210104,100.27699999999999,-42.236699239956565,https://finance.naver.com/item/main.naver?code=322510
인선이엔티,KOSDAQ,2985.0,136007381820,-12.05,0.43,-249.0,7036.0,0.49029,50259843160.0,2317409170.0,1238689770.0,,15.86565,상업서비스와공급품,4745.0,2680.0,0.0368673581,45563612,060150,11870.0,33594.2,0.35333480184079397,97028678.05,-10.105580693815986,-28.622754491017965,0.8548499443356294,-3.538942581011938,4.610856350312574,49.029,-37.09167544783983,https://finance.naver.com/item/main.naver?code=060150
만호제강,KOSPI,3920.0,137650643200,-35.77,0.71,-110.0,5544.0,0.28087,39139440650.0,3268535010.0,-1588374340.0,,42.40289,철강,6240.0,3565.0,0.0040917034,35114960,001080,33886.0,49581.2,0.6834445313949643,193829264.7,-15.703380588876769,-25.241779497098648,2.241232563955693,-1.984126984126984,8.351000820958335,28.087,-37.17948717948718,https://finance.naver.com/item/main.naver?code=001080
일진다이아,KOSPI,9690.0,137626827750,19.88,0.33,483.0,29014.0,0.12117,55098104960.0,5732399970.0,8236200160.0,,28.21512,비철금속,17190.0,7440.0,0.0413473938,14202975,081000,7268.0,23648.55,0.3073338534497887,223980143.75,7.303370786516861,-28.678117998506348,1.0711016108810054,1.664713586544427,10.40398753126191,12.117,-43.63001745200699,https://finance.naver.com/item/main.naver?code=081000
알에스오토메이션,KOSDAQ,10500.0,134818320000,-25.05,2.35,-428.0,4565.0,0.56616,18315715600.0,-1449325890.0,-888841510.0,,178.59148,기계,28800.0,7355.0,0.0570089658,12839840,140670,31863.0,65078.8,0.4896064463388999,673715646.0,18.806306306306308,-37.97766019988242,1.1705808957755828,-9.375684556407448,-7.91301809687414,56.616,-63.54166666666667,https://finance.naver.com/item/main.naver?code=140670
윈스테크넷,KOSDAQ,10930.0,134217623780,6.62,0.65,1694.0,17202.0,0.08873,20568753660.0,3164896270.0,4462559580.0,,224.56969,소프트웨어,14580.0,9870.0,0.0831387718,12279746,136540,30948.0,13648.75,2.267460390145618,148809170.25,7.21247563352827,-2.2222222222222254,5.34693653264951,9.84769212882223,15.386913190344465,8.873000000000001,-25.03429355281207,https://finance.naver.com/item/main.naver?code=136540
마크로젠,KOSDAQ,12360.0,133999704000,67.11,0.87,187.0,14505.0,1.16377,51004029210.0,697800000.0,4299202490.0,,-38.0877,생명과학도구및서비스,20900.0,10440.0,0.0407839393,10841400,038290,28920.0,12563.15,2.3019704453102925,152651995.5,4.177109440267346,-25.060096153846157,2.3019704453102925,1.2892106170286108,1.3681272064348737,116.377,-40.86124401913875,https://finance.naver.com/item/main.naver?code=038290
삼성제약,KOSPI,1424.0,134086800496,11.95,1.14,123.0,1286.0,0.67548,9901023840.0,-4989648880.0,-56645723410.0,,47.93196,제약,2320.0,1140.0,0.0328305411,94162079,001360,1021507.0,380126.45,2.6872820873159444,524489229.2,12.294440093970248,-23.068669527897,5.826124438328351,9.564541213063764,-50.39528194894236,67.548,-38.62068965517241,https://finance.naver.com/item/main.naver?code=001360
금강공업,KOSPI,4595.0,134768395415,-2.58,0.37,-1769.0,12448.0,1.46985,229092311770.0,17990210710.0,10968265040.0,,-8.83576,건축제품,8470.0,3420.0,0.0207449826,29329357,014280,169194.0,877816.65,0.19274412259097615,4356623691.1,13.87856257744733,-6.320081549439349,2.519235651317391,-14.21111825192802,7.852821673064912,146.985,-45.74970484061394,https://finance.naver.com/item/main.naver?code=014280
센서뷰,KOSDAQ,1905.0,134535388155,-6.44,7.84,-319.0,262.0,2.00138,2526704040.0,-2197787310.0,-2611158470.0,,-391.40909,통신장비,4663.794,789.397,0.0364708851,70622251,321370,4271631.0,9057796.75,0.4715971353629678,15663355923.15,23.096774193548384,-42.09408194233687,1.26927268488333,-121.7557251908397,-86.9823800178829,200.138,-59.153427445551834,https://finance.naver.com/item/main.naver?code=321370
아이앤씨,KOSDAQ,7440.0,132929393760,27.4,3.6,281.0,2140.0,0.4506,8979582930.0,348649690.0,553966320.0,,32.96274,반도체와반도체장비,8220.0,2135.0,0.0274016903,17866854,052860,38801.0,88140.85,0.44021585904833,628636269.75,85.67901234567901,72.08237986270024,1.1192199757547152,13.130841121495326,3.8826935807362712,45.06,-9.48905109489051,https://finance.naver.com/item/main.naver?code=052860
넥사다이내믹스,KOSDAQ,4330.0,134262656860,-9.0,6.17,-490.0,715.0,3.3217,864712240.0,-2610886820.0,-3012317400.0,,16.67937,디스플레이장비및부품,5690.0,771.0,0.0421043048,31007542,351320,341348.0,766414.9,0.4453827815717048,3153791855.55,333.0,233.0769230769231,1.0915654171128457,-68.53146853146853,-301.9370721524654,332.16999999999996,-23.901581722319865,https://finance.naver.com/item/main.naver?code=351320
조일알미늄,KOSPI,5240.0,132710042560,16.92,0.64,315.0,8275.0,1.07218,154139388820.0,10020716520.0,7455858200.0,,28.21512,비철금속,11175.0,4260.0,0.0,25326344,018470,54813.0,286417.85,0.1913742457043093,631498750.05,359.2720970537262,335.8552631578948,0.365598722286338,3.8066465256797586,6.50107451230518,107.21799999999999,-53.109619686800905,https://finance.naver.com/item/main.naver?code=018470
플리토,KOSDAQ,8090.0,133739438590,22.89,8.58,391.0,1043.0,0.28976,8106229090.0,1398160020.0,1555847090.0,,18.15491,양방향미디어와서비스,20200.0,5510.0,0.1040292833,16531451,300080,108829.0,68504.0,1.5886517575616022,636603135.5,23.62804878048781,-29.90492653414002,1.5886517575616022,37.488015340364335,17.24797072074853,28.976000000000003,-59.95049504950495,https://finance.naver.com/item/main.naver?code=300080
선광,KOSDAQ,20300.0,133980000000,3.27,0.3,6290.0,68798.0,0.61306,51645812970.0,12346022220.0,13379014090.0,,6.899,운송인프라,30450.0,17280.0,0.0798104545,6600000,003100,10464.0,6294.65,1.6623640710762315,129027730.0,8.208955223880587,-5.800464037122966,1.6623640710762315,9.14270763684991,23.905175482805454,61.306000000000004,-33.333333333333336,https://finance.naver.com/item/main.naver?code=003100
동방메디컬,KOSDAQ,6390.0,133767876600,11.24,1.09,572.0,5905.0,0.50252,33940580990.0,6357463130.0,3994914040.0,,-35.39576,건강관리장비와용품,10610.0,4500.0,0.017693707,20933940,240550,92584.0,455534.05,0.2032427652773706,3041543474.0,11.929824561403501,-6.86131386861314,0.30273258387600227,9.68670618120237,18.731155874653755,50.251999999999995,-39.773798303487276,https://finance.naver.com/item/main.naver?code=240550
솔본,KOSDAQ,4880.0,133448465360,6.06,0.63,814.0,7775.0,0.20291,34988322100.0,16043798170.0,37302322140.0,,-61.00908,건강관리기술,5600.0,3155.0,0.0119409433,27345997,035610,7216.0,58520.4,0.12330742783713029,305067794.95,27.083333333333325,38.04809052333804,0.2818675197025311,10.469453376205788,45.85472296769556,20.291,-12.857142857142856,https://finance.naver.com/item/main.naver?code=035610
신흥,KOSPI,14400.0,133920000000,46.17,1.17,311.0,12292.0,0.33961,26282382230.0,3643861210.0,3951864420.0,,-35.39576,건강관리장비와용품,16470.0,13150.0,0.0215426882,9300000,004080,1125.0,4081.6,0.27562720501764015,59572492.75,2.871500358937551,3.8405797101449313,1.3193355546844374,2.530100878620241,13.864272949507287,33.961000000000006,-12.568306010928964,https://finance.naver.com/item/main.naver?code=004080
컨텍,KOSDAQ,8030.0,132557425220,-17.51,1.54,-497.0,5646.0,0.33516,17981050730.0,-7913424170.0,4906063100.0,,41.29186,우주항공과국방,26350.0,5760.0,0.0357707829,16507774,451760,223520.0,138548.75,1.6132949593554615,1162474429.75,0.7490636704119868,-59.60960960960961,5.443354775846047,-8.802692171448813,-44.00979836399138,33.516,-69.52561669829223,https://finance.naver.com/item/main.naver?code=451760
안국약품,KOSDAQ,10170.0,132641411400,15.08,0.68,658.0,14551.0,0.84175,91850924880.0,8640460430.0,8574459990.0,,47.93196,제약,13650.0,7280.0,0.0394775663,13042420,001540,44328.0,30534.75,1.4517230368678309,309554407.25,-0.4873294346978585,27.784730913642044,1.4517230368678309,4.522025977596042,9.40704782373009,84.175,-25.494505494505493,https://finance.naver.com/item/main.naver?code=001540
노바텍,KOSDAQ,12750.0,134841845250,6.71,0.75,1885.0,16898.0,0.09522,9525688370.0,-151210360.0,23205334990.0,,108.08375,핸드셋,31900.0,9510.0,0.0455353343,10575831,285490,16170.0,19269.8,0.8391368877725768,233771787.0,12.310437109723459,-40.19002375296912,2.4633883070919262,11.155166291868861,-1.5873956204175093,9.522,-60.031347962382455,https://finance.naver.com/item/main.naver?code=285490
에이엘티,KOSDAQ,14750.0,132163820250,-15.0,1.45,-1012.0,10470.0,1.10929,16435240220.0,2131623100.0,1479437970.0,,32.96274,반도체와반도체장비,21200.0,6970.0,0.0764128582,8960259,172670,48638.0,76740.3,0.6337999721137394,981717971.0,76.66666666666666,25.337837837837828,1.7744653070160006,-9.665711556829034,12.969832332636265,110.92900000000002,-30.424528301886788,https://finance.naver.com/item/main.naver?code=172670
디오,KOSDAQ,9760.0,130938481280,-99.5,0.7,-100.0,14316.0,0.76231,44949617770.0,4407797260.0,5034095310.0,,-35.39576,건강관리장비와용품,19400.0,9100.0,0.140799733,13415828,039840,35647.0,55449.95,0.6428680278341099,561964243.75,-22.716627634660426,-40.683043738765726,5.725631853590491,-0.6985191394244202,9.806083963948243,76.23100000000001,-49.69072164948454,https://finance.naver.com/item/main.naver?code=039840
화신정공,KOSDAQ,3740.0,131109103400,13.3,1.16,294.0,3381.0,0.54184,101535378320.0,10272730480.0,8105920710.0,,9.77399,자동차부품,7880.0,1230.0,0.0177000397,35055910,126640,395644.0,963882.75,0.4104690119207964,4066221277.9,5.138888888888893,152.33333333333334,0.5205954769913664,8.695652173913043,10.117390263346783,54.184,-52.53807106598985,https://finance.naver.com/item/main.naver?code=126640
나노팀,KOSDAQ,6500.0,131122732000,136.8,2.82,50.0,2423.0,1.71274,14178441940.0,1414404600.0,726620730.0,,307.43097,전자장비와기기,15930.0,3330.0,0.009656453,20172728,417010,127359.0,252419.7,0.5045525369057962,1659794887.75,41.29032258064515,-40.05474452554745,1.8945114030323307,2.063557573256294,9.975740677187552,171.274,-59.19648462021343,https://finance.naver.com/item/main.naver?code=417010
코데즈컴바인,KOSDAQ,3475.0,131503041950,30.77,1.94,117.0,1855.0,0.2787,12262379810.0,1617459220.0,5978998450.0,,8.86194,"섬유,의류,신발,호화품",5960.0,2035.0,0.0238927017,37842602,047770,286393.0,1232430.4,0.23238066831197934,4724085951.0,30.711610486891395,-18.075117370892023,0.8954753144680625,6.307277628032345,13.190418540787313,27.87,-41.694630872483216,https://finance.naver.com/item/main.naver?code=047770
우진엔텍,KOSDAQ,14130.0,131676876540,24.7,2.58,572.0,5483.0,0.11292,11378032760.0,1043635770.0,984312300.0,,-44.49442,에너지장비및서비스,34900.0,10750.0,0.0295505141,9318958,457550,50121.0,85215.65,0.588166610241194,1210583333.0,-15.236952609478106,-44.80468749999999,0.7235994796730413,10.43224512128397,9.172374451838017,11.292,-59.51289398280802,https://finance.naver.com/item/main.naver?code=457550
엠에스씨,KOSDAQ,7540.0,132704000000,5.87,0.71,1307.0,10750.0,0.46518,56261884280.0,11663119110.0,9692333810.0,,31.73003,식품,10360.0,5740.0,0.0199232955,17600000,009780,17331.0,11649.95,1.4876458697247628,83237677.75,24.459234608985025,6.8571428571428505,5.288778063425164,12.15813953488372,20.730054208557693,46.518,-27.220077220077222,https://finance.naver.com/item/main.naver?code=009780
빛샘전자,KOSDAQ,16050.0,129244390500,18.38,1.67,943.0,10357.0,0.3747,41224605150.0,3630055570.0,2985389630.0,,307.43097,전자장비와기기,25700.0,4600.0,0.010457479,8052610,072950,1776015.0,4380121.3,0.40547164755460086,62691473259.5,135.3623188405797,119.75642760487145,2.3277044861748464,9.104953171767887,8.805555703424366,37.47,-37.54863813229572,https://finance.naver.com/item/main.naver?code=072950
메쎄이상,KOSDAQ,3070.0,132723636850,8.23,1.6,365.0,1878.0,0.29216,19382589560.0,6650626450.0,5431701940.0,,18.15491,양방향미디어와서비스,4385.0,2600.0,0.030364549,43232455,408920,2659.0,17925.95,0.14833244542130264,52829026.65,3.9655172413793016,-6.0747663551401825,2.4691020559579826,19.435569755058573,34.31237311925002,29.215999999999998,-29.98859749144812,https://finance.naver.com/item/main.naver?code=408920
코스맥스엔비티,KOSDAQ,6270.0,129337560000,-8.63,2.93,-731.0,2152.0,2.62063,102264020040.0,8473334190.0,30310832410.0,,-10.95779,건강관리업체및서비스,11200.0,2860.0,0.0381968683,20628000,222040,95700.0,251312.35,0.3808010231092901,1853616150.0,-11.592178770949724,60.253164556962034,2.7486034808874296,-33.968401486988846,8.285743301197922,262.063,-44.01785714285714,https://finance.naver.com/item/main.naver?code=222040
고려신용정보,KOSDAQ,9060.0,129558000000,9.55,2.06,951.0,4407.0,0.79979,43322733880.0,3847433580.0,3349781180.0,,15.86565,상업서비스와공급품,11940.0,8820.0,0.0354279021,14300000,049720,10063.0,17019.35,0.5912681741664635,154608297.0,-3.9112050739957716,-11.143695014662757,1.151042783655075,21.57930565010211,8.880865161134656,79.979,-24.120603015075382,https://finance.naver.com/item/main.naver?code=049720
경보제약,KOSPI,5430.0,129814249800,676.25,0.89,8.0,6096.0,1.50062,75221833770.0,930325040.0,2973734610.0,,47.93196,제약,9300.0,4700.0,0.0227141498,23906860,214390,23408.0,17162.25,1.3639237279494238,92879697.75,7.003891050583655,-31.677018633540378,1.7357281242261358,0.13123359580052493,1.2367752730471622,150.062,-41.612903225806456,https://finance.naver.com/item/main.naver?code=214390
샌즈랩,KOSDAQ,8190.0,125041955220,-249.17,2.54,-36.0,3538.0,0.07444,1547288390.0,-866481110.0,-1861279100.0,,224.56969,소프트웨어,9820.0,2965.0,0.0111073501,15267638,411080,7803123.0,2049686.75,3.8069831890165657,14877173404.7,118.22849807445444,36.43659711075442,3.8069831890165657,-1.0175240248728095,-55.999974898021435,7.444000000000001,-16.598778004073324,https://finance.naver.com/item/main.naver?code=411080
디씨엠,KOSPI,11360.0,129504000000,8.29,0.37,1369.0,30605.0,0.12197,50175411210.0,3257475180.0,3276116340.0,,28.21512,비철금속,13230.0,10310.0,0.0529699123,11400000,024090,3638.0,4088.05,0.889910837685449,47148950.5,2.714932126696823,-7.798537774167347,0.889910837685449,4.473125306322497,6.492174356810816,12.197,-14.134542705971276,https://finance.naver.com/item/main.naver?code=024090
코윈로보틱스,KOSDAQ,11050.0,129219606100,77.5,0.76,148.0,15009.0,0.77023,58382472470.0,-7405178120.0,-7745283310.0,,178.59148,기계,21150.0,7340.0,0.0224266428,11694082,282880,25348.0,43183.1,0.5869888914876422,462310282.5,13.483146067415742,-21.42857142857143,2.782894234086946,0.9860750216536744,-12.683906327888344,77.023,-47.75413711583924,https://finance.naver.com/item/main.naver?code=282880
그린리소스,KOSDAQ,7550.0,127860888350,12.92,1.9,619.0,4219.0,1.05554,14419018410.0,331120840.0,-3779735760.0,,32.96274,반도체와반도체장비,24850.0,4825.0,0.0629271535,16935217,402490,152434.0,169948.8,0.8969407256773806,1246129042.0,4.371584699453557,-50.421804023361446,1.3596506712609917,14.671723157146243,2.296417346761679,105.55399999999999,-69.61770623742454,https://finance.naver.com/item/main.naver?code=402490
슈프리마에이치큐,KOSDAQ,13170.0,129146455530,9.31,0.54,1429.0,24654.0,0.02575,4241492010.0,136209580.0,4824398670.0,,307.43097,전자장비와기기,15600.0,5860.0,0.145335729,9806109,094840,17821.0,20074.25,0.8877542124861452,248752394.25,12.85347043701799,59.25030229746071,1.5151250980734026,5.79621968037641,3.2113600515776994,2.5749999999999997,-15.576923076923077,https://finance.naver.com/item/main.naver?code=094840
AP위성,KOSDAQ,8510.0,128350407040,-49.74,1.33,-195.0,7297.0,0.26804,6760100200.0,-2317459810.0,-1500798930.0,,-391.40909,통신장비,22400.0,5720.0,0.0208485388,15082304,211270,522778.0,95715.45,5.461793263261051,874783465.0,7.672955974842766,-51.55631013016412,5.461793263261051,-2.672331094970536,-34.281441715908294,26.804,-62.00892857142857,https://finance.naver.com/item/main.naver?code=211270
금강철강,KOSDAQ,6820.0,127670400000,-1787.5,0.88,-4.0,8115.0,0.23059,51955191950.0,1175051350.0,1467669540.0,,42.40289,철강,9460.0,3720.0,0.008094391,18720000,053260,271803.0,3741132.5,0.07265259917952652,29228403768.0,47.956989247311824,55.30474040632054,2.283379698527117,-0.04929143561306223,2.261662994394923,23.058999999999997,-27.906976744186053,https://finance.naver.com/item/main.naver?code=053260
푸드나무,KOSDAQ,3240.0,123603644520,43.2,3.18,75.0,1019.0,2.03779,12911739880.0,-3635754330.0,-5899231480.0,,31.73003,식품,3980.0,1839.0,0.0056332135,38149273,290720,82980.0,59587.5,1.3925739458779107,175992917.85,8.534621578099832,10.673234811165845,4.584887770086008,7.360157016683022,-28.15851592264264,203.77900000000002,-18.592964824120607,https://finance.naver.com/item/main.naver?code=290720
그래디언트,KOSDAQ,11450.0,127943777050,-3.91,0.3,-2961.0,38707.0,1.56097,1008380083080.0,7838132330.0,13972261920.0,,17.6157,인터넷과카탈로그소매,15300.0,7220.0,0.0229523035,11174129,035080,53184.0,27981.1,1.9007115517259865,335238662.75,25.711159737417933,-4.726368159203975,1.9007115517259865,-7.649779109721757,0.7772993994545369,156.097,-25.163398692810457,https://finance.naver.com/item/main.naver?code=035080
화승코퍼레이션,KOSPI,2540.0,127130180080,1.53,0.43,1681.0,6040.0,1.91329,449059034970.0,21866407330.0,15403614940.0,,9.77399,자동차부품,4000.0,1951.0,0.0679229163,50051252,013520,56517.0,55327.75,1.0214946387662611,138444502.4,0.5928853754940677,-7.622504537205077,1.5331727749637387,27.831125827814567,4.869383672786099,191.329,-36.5,https://finance.naver.com/item/main.naver?code=013520
성도이엔지,KOSDAQ,8380.0,127459800000,4.27,0.44,1982.0,19295.0,1.24222,174639903980.0,10238285530.0,5672440060.0,,35.6787,건설,14450.0,4690.0,0.0453770546,15210000,037350,247957.0,121649.75,2.0382861452654035,941596690.25,6.760204081632648,-18.021547502448577,2.447608811362128,10.272091215340762,5.862512115886472,124.22200000000001,-42.00692041522491,https://finance.naver.com/item/main.naver?code=037350
고스트스튜디오,KOSDAQ,9750.0,126916325250,,,,,0.08889,21816371000.0,4798388000.0,4680609000.0,,17.53512,게임엔터테인먼트,12460.0,6920.0,0.3081973432,13017059,950190,5331.0,111223.8,0.04793038899947673,1191699627.75,8.797327394209354,19.001218026796597,0.25595241306267186,,21.994437113303583,8.889,-21.74959871589085,https://finance.naver.com/item/main.naver?code=950190
모다이노칩,KOSDAQ,1595.0,127155987090,-27.19,0.36,-59.0,4518.0,1.67357,93684764250.0,6395361750.0,2594808730.0,,30.40765,전문소매,2380.0,1269.0,0.00071845,79721622,080420,262.0,2330.95,0.11240052339175015,3784506.5,16.678858814923192,-20.25,1.6937300242390443,-1.3058875608676406,6.826469385068661,167.357,-32.98319327731093,https://finance.naver.com/item/main.naver?code=080420
엠플러스,KOSDAQ,10240.0,125157335040,6.01,1.21,1735.0,8620.0,1.04731,32030174830.0,4037155970.0,3634106650.0,,-86.37263,전기제품,20100.0,6990.0,0.0500659609,12222396,259630,181534.0,79831.1,2.2739759316857713,763654194.0,8.622502628811768,-23.254086181277856,3.55936470874133,20.127610208816705,12.604227080954713,104.731,-49.05472636815921,https://finance.naver.com/item/main.naver?code=259630
한신공영,KOSPI,10880.0,125889237760,2.11,0.15,5174.0,72296.0,1.62762,258893384710.0,20476931680.0,18897417180.0,,35.6787,건설,19510.0,7280.0,0.0452478164,11570702,004960,13995.0,22025.45,0.6354013198368251,257636240.5,-2.7604630454140744,-26.61290322580645,1.0586843855630645,7.15668916675888,7.9094070723117476,162.762,-44.2337262942081,https://finance.naver.com/item/main.naver?code=004960
와이바이오로직스,KOSDAQ,8190.0,126157637970,-3.0,4.84,-2822.0,1752.0,1.91841,1547361600.0,-3789058440.0,-7826675900.0,,-66.93263,생물공학,38000.0,7230.0,0.0641140472,15403863,338840,20190.0,25138.45,0.8031521434296863,212369037.5,-22.61116367076632,-76.59513590844062,1.5419407322249383,-161.0730593607306,-244.8722031101198,191.841,-78.44736842105263,https://finance.naver.com/item/main.naver?code=338840
시지메드텍,KOSDAQ,6070.0,125356468490,18.89,1.31,315.0,4550.0,0.39374,15316112380.0,332758090.0,1096136520.0,,-35.39576,건강관리장비와용품,17775.0,4250.0,0.0,20651807,056090,139863.0,603167.55,0.23188084305927928,696585769.35,329.27515833919773,154.6972860125261,3.7997584584913424,6.923076923076923,2.172601517566039,39.373999999999995,-65.8509142053446,https://finance.naver.com/item/main.naver?code=056090
코맥스,KOSDAQ,2885.0,125692107675,-3.04,4.56,-950.0,633.0,1.91633,18264739230.0,2237285030.0,1696559520.0,,-391.40909,통신장비,2885.0,2885.0,0.0021235576,43567455,036690,,,,,,,,-150.07898894154818,12.24920324252557,191.633,0.0,https://finance.naver.com/item/main.naver?code=036690
KCTC,KOSPI,4195.0,125850000000,5.77,0.39,707.0,10550.0,1.30727,290934509200.0,15626815960.0,10631723470.0,,8.43618,항공화물운송과물류,8390.0,3370.0,0.0634330667,30000000,009070,418703.0,94909.15,4.4116189008119875,387057036.7,6.234096692111968,-28.875638841567287,4.4116189008119875,6.701421800947867,5.37124867138312,130.727,-50.0,https://finance.naver.com/item/main.naver?code=009070
동양이엔피,KOSDAQ,16610.0,125433039380,2.61,0.29,6525.0,58388.0,0.15003,105678454260.0,2721164730.0,9198494560.0,,-86.37263,전기제품,38050.0,16010.0,0.0749215603,7551658,079960,26081.0,22493.8,1.159475055348585,387401591.0,-15.709201830198271,-42.02797202797203,1.159475055348585,11.175241487976981,2.57494751324157,15.003,-56.34691195795006,https://finance.naver.com/item/main.naver?code=079960
에스피소프트,KOSDAQ,5160.0,123894510240,35.48,1.98,155.0,2772.0,0.2736,13102284830.0,851505050.0,622307090.0,,32.07185,IT서비스,7290.0,2520.0,0.0103926338,24010564,443670,1185168.0,2458545.25,0.4820606820232412,12223318091.1,93.68029739776951,15.649278579356274,2.542689828466651,5.591630591630592,6.498905046319314,27.36,-29.218106995884774,https://finance.naver.com/item/main.naver?code=443670
텔코웨어,KOSPI,13550.0,125203043350,11.21,0.62,1195.0,21758.0,0.16537,10303557600.0,3144129060.0,3075578380.0,,224.56969,소프트웨어,27450.0,11630.0,0.0139505331,9240077,078000,270.0,1683.35,0.16039445154008378,22477264.25,3.67816091954023,-21.291448516579404,1.1506816764190455,5.4922327419799615,30.514985037789277,16.537,-50.63752276867031,https://finance.naver.com/item/main.naver?code=078000
동성제약,KOSPI,1290.0,124639164030,-1.14,1.34,-1126.0,957.0,0.82611,22084859670.0,-2034695910.0,-5894240580.0,,47.93196,제약,2525.0,973.0,0.0079374965,96619507,002210,49633.0,92619.65,0.5358798052033236,126407245.5,-28.16666666666666,-28.16666666666666,0.5399178252131163,-117.65935214211076,-9.213080546596926,82.611,-48.91089108910891,https://finance.naver.com/item/main.naver?code=002210
하나기술,KOSDAQ,15640.0,125040392400,-22.58,1.3,-726.0,12570.0,2.41823,5292954430.0,-6370321630.0,1225596120.0,,307.43097,전자장비와기기,35850.0,9250.0,0.0122716829,7994910,299030,41014.0,36290.55,1.1301564732416565,517715156.0,27.704918032786896,-42.930402930402934,1.2417006631202887,-5.7756563245823385,-120.35474165229117,241.82299999999998,-56.373779637377964,https://finance.naver.com/item/main.naver?code=299030
코아스템켐온,KOSDAQ,2370.0,125302791120,-2.59,2.04,-903.0,1147.0,1.3426,5397604610.0,-4281847180.0,-3677628840.0,,-66.93263,생물공학,6100.0,1014.0,0.0153616082,52870376,166480,114792.0,93647.65,1.2257862316886756,206169392.95,24.14338429098577,-7.100591715976334,1.945750907791066,-78.72711421098518,-79.32865575346393,134.26,-61.147540983606554,https://finance.naver.com/item/main.naver?code=166480
화승인더,KOSPI,2255.0,124746600000,5.71,0.32,395.0,6972.0,2.0174,458189180480.0,21685893610.0,8127876610.0,,8.86194,"섬유,의류,신발,호화품",4130.0,2170.0,0.0461791396,55320000,006060,29920.0,54748.65,0.5464974935455029,126447657.8,-6.639004149377592,-30.23255813953488,0.7958004443945192,5.665519219736087,4.732956283970261,201.73999999999998,-45.399515738498785,https://finance.naver.com/item/main.naver?code=006060
제노코,KOSDAQ,12800.0,124625676800,-51.73,2.29,-260.0,5883.0,0.38631,10856051800.0,-695873470.0,193180040.0,,41.29186,우주항공과국방,36900.0,9710.0,0.2043198597,9736381,361390,42245.0,27888.65,1.5147739313304873,362566603.75,-3.40393343419062,-63.51428571428571,3.571596330406814,-4.419513853476118,-6.410005062798245,38.631,-65.31165311653116,https://finance.naver.com/item/main.naver?code=361390
우리넷,KOSDAQ,11360.0,122623157120,34.55,1.33,354.0,9217.0,0.39201,22420023220.0,504853200.0,711617260.0,,-391.40909,통신장비,21350.0,5290.0,0.0190421011,10794292,115440,558751.0,2724055.25,0.20511735215355856,29251195513.5,69.11764705882352,-16.60623640319072,1.3949867573354102,3.840729087555604,2.2517960621452024,39.201,-46.79156908665105,https://finance.naver.com/item/main.naver?code=115440
KEC,KOSPI,3065.0,123067804820,-4.94,0.4,-660.0,8115.0,0.42394,67823572940.0,-3272334040.0,-2785577740.0,,32.96274,반도체와반도체장비,10450.0,2140.0,0.0092293087,40152628,092220,392890.0,679611.55,0.5781096569062135,2043231394.0,-0.3225806451612856,71.3810316139767,0.6990817033642233,-8.133086876155268,-4.824773892249623,42.394,-70.66985645933015,https://finance.naver.com/item/main.naver?code=092220
라온텍,KOSDAQ,4105.0,126329560590,-19.33,7.64,-217.0,549.0,2.53614,1461728850.0,-2971913740.0,-3271634490.0,,32.96274,반도체와반도체장비,12500.0,2635.0,0.0299842487,30774558,418420,128926.0,135933.1,0.9484518487402994,569024788.7,12.622720897615714,-30.17391304347826,0.9484518487402994,-39.526411657559194,-203.31498143448425,253.614,-67.16,https://finance.naver.com/item/main.naver?code=418420
다산네트웍스,KOSDAQ,2870.0,123089903160,-16.27,0.45,-185.0,6733.0,0.81751,159155497710.0,16330363610.0,9059583330.0,,-391.40909,통신장비,6050.0,1950.0,0.051962756,42888468,039560,351075.0,338078.5,1.0384422552750323,933165606.2,24.622030237580983,-43.20866141732284,7.77352005525344,-2.7476607752859055,10.260634313591757,81.75099999999999,-52.56198347107438,https://finance.naver.com/item/main.naver?code=039560
케이에스피,KOSDAQ,3100.0,124592875000,19.54,1.55,164.0,2074.0,0.71895,31358494370.0,4296757010.0,2953443750.0,,19.27479,조선,7080.0,2050.0,0.0278741268,40191250,073010,157924.0,668636.95,0.23618796418594576,2276544349.1,17.39961759082218,-12.53561253561254,0.28489601120608127,7.907425265188042,13.702051378176547,71.895,-56.21468926553672,https://finance.naver.com/item/main.naver?code=073010
팜스토리,KOSDAQ,1109.0,123561009400,4.01,0.43,272.0,2550.0,1.88763,362985033940.0,17636031170.0,13336520860.0,,31.73003,식품,1656.0,925.0,0.016994254,111416600,027710,152782.0,228499.8,0.668630782171363,259385829.2,8.635917566241403,-15.302218821729152,1.2724212450076544,10.666666666666668,4.858611105414106,188.763,-33.031400966183575,https://finance.naver.com/item/main.naver?code=027710
경동도시가스,KOSPI,20800.0,122624444800,3.76,0.26,5576.0,80675.0,0.87967,447475292560.0,7090256930.0,7231969190.0,,9.53031,가스유틸리티,24300.0,18370.0,0.0807328622,5895406,267290,4251.0,4753.9,0.8942131723427081,103096001.25,8.010335917312661,-5.429864253393668,1.4977176633921623,6.911682677409359,1.5845024402211656,87.967,-14.40329218106996,https://finance.naver.com/item/main.naver?code=267290
성우,KOSDAQ,8150.0,122622210500,24.97,0.53,316.0,14759.0,0.11066,24714838790.0,763648390.0,1939243760.0,,-86.37263,전기제품,15440.0,6420.0,0.0123945295,15045670,458650,28872.0,6439.2,4.483786805814387,49164235.25,3.811944091486663,-35.31274742676168,4.483786805814387,2.141066467917881,3.089837633531252,11.065999999999999,-47.215025906735754,https://finance.naver.com/item/main.naver?code=458650
신원,KOSPI,1072.0,123033861296,-35.0,0.42,-31.0,2556.0,1.97538,309913109250.0,7558109000.0,-1044732210.0,,8.86194,"섬유,의류,신발,호화품",1890.0,898.0,0.0262969824,114770393,009270,107927.0,270176.6,0.39946834773995976,301136957.15,7.000000000000006,-18.877937831690673,0.7146251747930799,-1.2128325508607198,2.4387832506636697,197.53799999999998,-43.280423280423285,https://finance.naver.com/item/main.naver?code=009270
톱텍,KOSDAQ,3220.0,122434848900,-8.16,0.31,-405.0,10549.0,0.39362,40843433210.0,-6506930800.0,-2880135850.0,,178.59148,기계,5260.0,2550.0,0.0259411315,38023245,108230,109172.0,393687.0,0.2773065912768265,1311570544.95,16.60649819494584,-24.883720930232556,0.35242718199991363,-3.839226466963693,-15.931400199743395,39.362,-38.78326996197718,https://finance.naver.com/item/main.naver?code=108230
에프엔에스테크,KOSDAQ,14790.0,122851315830,12.93,1.34,1125.0,10847.0,0.38185,14043472520.0,3759177220.0,3496455510.0,,16.67937,디스플레이장비및부품,24150.0,9550.0,0.1563845465,8306377,083500,66673.0,65092.0,1.0242886990720825,805366955.0,16.20771046420142,-13.32159624413145,1.537977017144964,10.371531298976675,26.768145945715144,38.185,-38.75776397515528,https://finance.naver.com/item/main.naver?code=083500
디와이파워,KOSPI,10990.0,121348370920,4.88,0.39,2278.0,28321.0,0.25595,115860516580.0,10531062960.0,10303130440.0,,178.59148,기계,16390.0,9910.0,0.1305579716,11041708,210540,17812.0,20717.6,0.8597520948372399,233088305.25,0.0,-17.87833827893175,0.9927308182414952,8.0435012887963,9.089432078207984,25.595000000000002,-32.946918852959115,https://finance.naver.com/item/main.naver?code=210540
토니모리,KOSPI,5060.0,121717282940,10.79,1.02,466.0,4938.0,0.82598,53962074930.0,2260503900.0,1930571100.0,,42.55038,화장품,10520.0,4190.0,0.0211414778,24054799,214420,71315.0,45691.55,1.5607918750841239,235272012.85,-11.033274956217165,-27.324749642346212,1.5607918750841239,9.437019036046983,4.189060377927169,82.598,-51.90114068441065,https://finance.naver.com/item/main.naver?code=214420
대동기어,KOSDAQ,6300.0,120846070800,-19.24,1.15,-341.0,5700.0,2.77493,67034193540.0,1645701860.0,572364030.0,,178.59148,기계,18803.303,5453.846,0.0580720404,19181916,008830,185506.0,270698.95,0.6852852587717831,1720947496.5,-34.161490683229815,-68.5925925925926,0.7576941100067067,-5.982456140350878,2.455018510841027,277.493,-66.49524820187176,https://finance.naver.com/item/main.naver?code=008830
HDC현대EP,KOSPI,3820.0,121858000000,2.99,0.28,1279.0,13772.0,1.00969,301411989750.0,12833261170.0,8053857610.0,,9.77399,자동차부품,6600.0,3400.0,0.0318192476,31900000,089470,39824.0,37418.85,1.064276427522492,143285398.85,1.7287234042553168,-28.101503759398494,1.8386454955189697,9.286959047342433,4.2577142271759945,100.969,-42.121212121212125,https://finance.naver.com/item/main.naver?code=089470
나우IB,KOSDAQ,1285.0,121984985750,21.03,1.17,61.0,1101.0,0.60321,8829063830.0,5056829340.0,3927728200.0,,15.23109,창업투자,3350.0,985.0,0.0225779009,94929950,293580,286934.0,517727.25,0.5542184615548051,605681748.4,-2.5037936267071292,-28.531701890989993,0.5542184615548051,5.540417801998183,57.27480780938017,60.321000000000005,-61.64179104477612,https://finance.naver.com/item/main.naver?code=293580
우림피티에스,KOSDAQ,8970.0,121095000000,52.43,1.51,181.0,6273.0,0.14676,14204534960.0,959530170.0,1838953200.0,,178.59148,기계,24000.0,5150.0,0.0357553333,13500000,101170,81381.0,59542.55,1.366770485980194,512361599.25,26.54494382022472,-32.05128205128205,4.238447967042056,2.8853817949944207,6.755097387574032,14.676,-62.625,https://finance.naver.com/item/main.naver?code=101170
바이젠셀,KOSDAQ,5850.0,119920671000,-7.2,2.72,-807.0,2133.0,0.28031,571215460.0,-2536253730.0,-2342350490.0,,47.93196,제약,17360.0,3070.0,0.0207362119,20499260,308080,66871.0,113885.45,0.5871777299031615,708448373.25,1.0273972602739656,-1.6666666666666718,0.9701063656507483,-37.83403656821378,-444.00999405723365,28.031,-66.30184331797236,https://finance.naver.com/item/main.naver?code=308080
루미르,KOSDAQ,6900.0,122942102400,2466.67,2.15,3.0,3445.0,0.15049,4235109550.0,-1056255100.0,-879919270.0,,41.29186,우주항공과국방,22650.0,4040.0,0.0395640379,17817696,474170,147841.0,59637.4,2.478998078387052,418639125.75,5.230769230769239,-55.81395348837209,2.478998078387052,0.08708272859216255,-24.94044339419744,15.049000000000001,-69.5364238410596,https://finance.naver.com/item/main.naver?code=474170
케이엔솔,KOSDAQ,9290.0,120768207030,-2.3,1.01,-4188.0,9562.0,2.25728,136973158300.0,-5548440340.0,-6618433010.0,,178.59148,기계,18430.0,6490.0,0.0150758392,12999807,053080,48285.0,38299.15,1.2607329405482888,344902026.75,9.64705882352941,-13.703703703703706,2.2560291808042736,-43.798368542145994,-4.050750095027925,225.728,-49.59305480195334,https://finance.naver.com/item/main.naver?code=053080
LG헬로비전,KOSPI,1548.0,119887747020,67.7,0.27,23.0,5845.0,1.71932,243276212060.0,2967704150.0,1144229990.0,,966.7929,방송과엔터테인먼트,3660.0,1435.0,0.0435474438,77446865,037560,64518.0,86402.7,0.7467127763368506,135981349.9,0.5154639175257714,-31.57894736842105,1.596339003295036,0.39349871685201027,1.2198908084231703,171.932,-57.70491803278688,https://finance.naver.com/item/main.naver?code=037560
신화프리텍,KOSDAQ,1880.0,122689668560,-17.34,1.12,-107.0,1661.0,0.84713,25091615810.0,1528348210.0,212651200.0,,178.59148,기계,2965.0,1555.0,0.0120397554,65260462,095190,29394.0,68502.45,0.4290941418883558,127757993.65,-9.68215158924205,-18.274336283185843,0.7969641961710859,-6.441902468392535,6.09107130275322,84.71300000000001,-36.59359190556493,https://finance.naver.com/item/main.naver?code=095190
동양,KOSPI,1118.0,119762431776,5.32,0.15,210.0,7624.0,0.95332,146110177710.0,-3603405280.0,-16792743040.0,,7.35428,건축자재,2500.0,970.0,0.0210994411,107122032,001520,249887.0,1110505.6,0.2250209274045984,1408117400.85,98.9399293286219,41.27979924717691,0.3305332273875971,2.7544596012591813,-2.4662246918568886,95.332,-55.279999999999994,https://finance.naver.com/item/main.naver?code=001520
신영와코루,KOSPI,13600.0,122400000000,19.17,0.31,697.0,43200.0,0.10785,59372205960.0,-45059200.0,206414920.0,,8.86194,"섬유,의류,신발,호화품",22450.0,11400.0,0.2558278889,9000000,005800,7129.0,3931.0,1.813533452047825,53224864.5,7.487922705314021,-14.203084832904889,1.813533452047825,1.6134259259259258,-0.07589275027166265,10.785,-39.42093541202672,https://finance.naver.com/item/main.naver?code=005800
RF시스템즈,KOSDAQ,8180.0,117916499600,21.84,2.32,396.0,3732.0,0.5707,11583711330.0,1665586490.0,2100953030.0,,41.29186,우주항공과국방,17750.0,3885.0,0.0833991434,14415220,474610,94767.0,89832.45,1.0549305957925004,685381818.75,39.065108514190314,-26.6725352112676,1.765297506635965,10.610932475884244,14.378694725294055,57.07,-53.91549295774648,https://finance.naver.com/item/main.naver?code=474610
제너셈,KOSDAQ,8950.0,117726160950,116.76,2.17,71.0,3826.0,0.97366,23289263740.0,4174121880.0,1102029180.0,,32.96274,반도체와반도체장비,9670.0,3965.0,0.0611618989,13153761,217190,601851.0,251701.8,2.391127119472328,1779369165.75,92.00841219768665,56.33561643835616,2.391127119472328,1.8557239937271301,17.922944780907017,97.366,-7.445708376421923,https://finance.naver.com/item/main.naver?code=217190
파워로직스,KOSDAQ,3280.0,120083276400,-9.85,0.62,-337.0,5394.0,0.76962,200535182230.0,4625806290.0,3641735140.0,,108.08375,핸드셋,6850.0,2400.0,0.056450543,36610755,047310,71961.0,90771.2,0.792773478812663,282452946.55,10.152284263959398,-31.54574132492114,1.790369632658817,-6.247682610307749,2.3067305390305624,76.962,-52.11678832116788,https://finance.naver.com/item/main.naver?code=047310
한독,KOSPI,8780.0,120843819740,-52.65,0.4,-162.0,21292.0,2.05665,140725980750.0,2774300540.0,-12733786640.0,,47.93196,제약,12150.0,6460.0,0.0200197144,13763533,002390,10699.0,7529.85,1.420878237946307,67160572.5,9.771573604060912,-19.534883720930228,1.700565084297828,-0.7608491452188616,1.9714202915583519,205.665,-27.73662551440329,https://finance.naver.com/item/main.naver?code=002390
극동유화,KOSPI,3385.0,118032986700,99.26,0.57,34.0,5888.0,1.31558,257785199020.0,13125227210.0,8417737730.0,,-145.04827,석유와가스,6470.0,2950.0,0.0372151874,34869420,014530,34804.0,480613.75,0.07241573925007347,1723320574.35,10.929853181076666,-9.93377483443708,0.14631499827044067,0.577445652173913,5.091536387619249,131.558,-47.68160741885627,https://finance.naver.com/item/main.naver?code=014530
HB솔루션,KOSDAQ,1618.0,118341998852,4.59,0.49,362.0,3367.0,0.32972,10170713890.0,-502801840.0,16954343080.0,,16.67937,디스플레이장비및부품,3070.0,1360.0,0.0184223703,73140914,297890,158149.0,257578.45,0.6139838173573915,417175582.8,-0.7985257985257954,-18.844221105527637,1.4486926216071259,10.751410751410752,-4.943623873780998,32.972,-47.29641693811075,https://finance.naver.com/item/main.naver?code=297890
KCC건설,KOSDAQ,5640.0,120696000000,2.45,0.2,2276.0,27706.0,1.52975,379868908170.0,16294439590.0,8950355870.0,,35.6787,건설,7840.0,4450.0,0.0283592523,21400000,021320,7412.0,22670.85,0.3269396604009113,134315937.5,1.098901098901095,-15.725190839694658,0.37149026172375543,8.214827113260666,4.289490200316123,152.975,-28.061224489795922,https://finance.naver.com/item/main.naver?code=021320
탑런토탈솔루션,KOSDAQ,3020.0,118219585160,18.17,0.66,169.0,4656.0,2.04378,178757459180.0,299280670.0,-822960850.0,,9.77399,자동차부품,5280.0,1721.0,0.0080573637,39145558,336680,25989.0,19673.2,1.3210357237256776,58160531.5,15.07633587786259,-17.84741144414169,4.877091678018828,3.6297250859106533,0.16742275895667047,204.378,-42.8030303030303,https://finance.naver.com/item/main.naver?code=336680
태양금속,KOSPI,3205.0,117623500000,34.47,0.78,94.0,4175.0,2.59043,159273838600.0,3891627220.0,5501280470.0,,9.77399,자동차부품,3790.0,1951.0,0.0364520981,36700000,004100,287553.0,393950.95,0.7299208188227494,1169911831.4,38.913043478260875,3.2310177705977328,1.3751305841501333,2.251497005988024,2.44335620602039,259.043,-15.435356200527705,https://finance.naver.com/item/main.naver?code=004100
앤로보틱스,KOSDAQ,1311.0,115333827474,10.04,1.23,136.0,1110.0,0.39271,7712154670.0,-8314980.0,-201853070.0,,178.59148,기계,4980.0,728.0,0.0501768512,87973934,138360,1295527.0,565322.85,2.2916586513352506,915269754.05,-29.2176689728579,-35.43689320388349,2.7968903079010516,12.252252252252251,-0.10781656172359935,39.271,-73.67469879518072,https://finance.naver.com/item/main.naver?code=138360
도이치모터스,KOSDAQ,4010.0,117018015500,33.21,0.3,120.0,13187.0,3.52921,710940942050.0,12906535450.0,2979815580.0,,6.7493,자동차,5820.0,3500.0,0.0382873425,29181550,067990,51571.0,48280.95,1.068143853838833,184549486.8,0.7528230865746499,-10.777777777777775,1.1613068922628904,0.9099871085159627,1.8154159771392504,352.921,-31.099656357388316,https://finance.naver.com/item/main.naver?code=067990
DKME,KOSPI,2200.0,117471877600,-38.58,0.88,-60.0,2640.0,0.46859,16476411270.0,-5483457530.0,-5810109450.0,,178.59148,기계,4260.0,1341.0,0.0,53396308,015590,118081.0,161264.7,0.7322185202341244,307861938.1,4.784688995215314,-26.63316582914573,0.9302717829754434,-2.272727272727273,-33.28065462886446,46.859,-48.35680751173709,https://finance.naver.com/item/main.naver?code=015590
세명전기,KOSDAQ,7680.0,117089280000,9.52,1.35,837.0,5911.0,0.1596,12646054580.0,5588161830.0,4777026530.0,,57.41321,전기장비,17970.0,5090.0,0.0575124623,15246000,017510,164260.0,171712.85,0.9565970164725587,1332754740.5,12.794117647058822,-17.615467239527394,1.0307673537536648,14.16004060226696,44.1889744714355,15.959999999999999,-57.262103505843065,https://finance.naver.com/item/main.naver?code=017510
탑코미디어,KOSDAQ,2350.0,115841250150,-45.55,3.79,-55.0,661.0,0.74495,15488193740.0,3666965400.0,3175459120.0,,18.15491,양방향미디어와서비스,4400.0,850.0,0.0301883292,49294149,134580,625701.0,657874.5,0.9510947756752998,2269827558.0,118.63468634686348,34.4299489506523,1.635713194537864,-8.32072617246596,23.675875066888207,74.495,-46.59090909090909,https://finance.naver.com/item/main.naver?code=134580
셀레믹스,KOSDAQ,10340.0,115617278700,-20.47,3.59,-494.0,2819.0,0.60477,1376271730.0,-924430010.0,-5232091790.0,,-66.93263,생물공학,19840.0,2535.0,0.0103851387,11181555,331920,170263.0,47077.8,3.6166303438138567,540922078.25,2.758620689655178,26.424242424242415,3.6166303438138567,-17.523944661227386,-67.1691490749432,60.477000000000004,-47.88306451612904,https://finance.naver.com/item/main.naver?code=331920
플래스크,KOSDAQ,2370.0,116064014460,395.0,2.8,6.0,845.0,0.12079,2525636750.0,-863185970.0,200136980.0,,35.6787,건설,2370.0,2370.0,0.0154579261,48972158,041590,,,,,,,,0.7100591715976331,-34.17696428435325,12.078999999999999,0.0,https://finance.naver.com/item/main.naver?code=041590
대성하이텍,KOSDAQ,7270.0,118128019920,-17.66,1.7,-411.0,4260.0,1.94266,23116906250.0,-2188817370.0,1932081040.0,,178.59148,기계,15350.0,3330.0,0.0761372482,16248696,129920,150815.0,166077.6,0.9080995871809323,981290130.85,68.0,-50.31315240083507,0.9664999975914873,-9.647887323943662,-9.468470159150296,194.26600000000002,-52.638436482084686,https://finance.naver.com/item/main.naver?code=129920
뷰노,KOSDAQ,8180.0,114534912140,-20.8,3.33,-413.0,2579.0,0.3435,6111075520.0,-4208921610.0,-5383790400.0,,-61.00908,건강관리기술,28350.0,4235.0,0.0211258205,14001823,338220,159655.0,405402.35,0.3938186347464439,2875409560.05,7.421875,-50.951248513674194,2.203736608828242,-16.013958898797984,-68.87366382930905,34.35,-71.14638447971782,https://finance.naver.com/item/main.naver?code=338220
두올,KOSPI,4035.0,115699686840,4.02,0.41,994.0,9739.0,0.97335,209247332940.0,8265793530.0,7743318720.0,,9.77399,자동차부품,5420.0,3040.0,0.03132832,28674024,016740,31251.0,80821.45,0.38666715333615026,331917862.1,11.126373626373631,-12.82327586206896,0.38666715333615026,10.20638669267892,3.950250363463486,97.33500000000001,-25.553505535055354,https://finance.naver.com/item/main.naver?code=016740
일승,KOSDAQ,3745.0,115071667515,15.88,2.58,243.0,1494.0,0.39174,16228790690.0,5932655530.0,6752450410.0,,19.27479,조선,9400.0,2850.0,0.0094796888,30726747,333430,102513.0,207753.3,0.49343620534547467,810089465.25,26.21848739495798,-30.07448789571695,3.678425324651883,16.265060240963855,36.55636235209834,39.174,-60.15957446808511,https://finance.naver.com/item/main.naver?code=333430
워트,KOSDAQ,7100.0,114452000000,33.26,1.79,221.0,4097.0,0.05844,7705145480.0,2077020370.0,1918373540.0,,32.96274,반도체와반도체장비,10960.0,4125.0,0.0282076923,16120000,396470,76916.0,104011.35,0.739496218441545,712976388.25,38.834951456310684,1.1315417256011262,1.4306227156940083,5.394190871369295,26.956277144815182,5.844,-35.21897810218978,https://finance.naver.com/item/main.naver?code=396470
디케이락,KOSDAQ,11420.0,116124418460,17.18,0.87,682.0,13415.0,0.70928,39520297780.0,3806757080.0,3487598890.0,,178.59148,기계,12240.0,6170.0,0.0479942348,10168513,105740,685646.0,317185.35,2.1616572139917563,3220764760.0,74.96136012364761,17.30569948186529,5.641546811667059,5.08386134923593,9.63240991044982,70.928,-6.699346405228757,https://finance.naver.com/item/main.naver?code=105740
인천도시가스,KOSPI,26250.0,114837292500,5.65,0.45,4650.0,57765.0,1.0096,196532483810.0,3300107110.0,4171226400.0,,9.53031,가스유틸리티,28300.0,24600.0,0.0234218884,4374754,034590,807.0,667.95,1.208174264540759,17582468.75,0.1908396946564972,-2.5974025974025983,5.88966239988023,8.049857179953259,1.6791662355371317,100.96000000000001,-7.2438162544169575,https://finance.naver.com/item/main.naver?code=034590
수산세보틱스,KOSPI,1815.0,113254420950,7.26,0.58,254.0,3199.0,0.41563,73026974750.0,6439581950.0,5308106900.0,,178.59148,기계,4045.0,1330.0,0.0247000399,62399130,017550,116326.0,178265.9,0.6525420733858803,329124893.95,6.3151796060255005,-3.9769754055468343,1.0107878175242713,7.939981244138794,8.818086702954925,41.563,-55.12978986402967,https://finance.naver.com/item/main.naver?code=017550
유아이엘,KOSDAQ,3710.0,114426138750,5.24,0.58,715.0,6445.0,0.40368,89763249160.0,6845777690.0,4132527150.0,,108.08375,핸드셋,4345.0,2905.0,0.0595582899,30842625,049520,41037.0,39473.55,1.0396075346656177,150196452.45,6.151645207439205,-2.8795811518324554,1.4275635203826358,11.093871217998448,7.626481610305381,40.367999999999995,-14.614499424626004,https://finance.naver.com/item/main.naver?code=049520
원익피앤이,KOSDAQ,2375.0,112704577625,55.56,1.09,45.0,2304.0,2.5945,43185675820.0,-938063230.0,-1410871710.0,,-86.37263,전기제품,4625.0,1515.0,0.0285538635,47454559,217820,273735.0,1043075.4,0.26243069292977284,2867332160.65,37.822349570200565,-21.53344208809136,0.41244190017327603,1.953125,-2.1721629039913446,259.45,-48.64864864864865,https://finance.naver.com/item/main.naver?code=217820
액트로,KOSDAQ,11300.0,113734624300,14.08,1.42,802.0,7978.0,0.6619,52552861580.0,-404486980.0,1666900040.0,,108.08375,핸드셋,32700.0,4550.0,0.1156477623,10065011,290740,45525.0,64608.9,0.7046242855086529,807462022.5,47.65013054830287,-41.61073825503355,1.3377878279927378,10.052644773126097,-0.7696764131183587,66.19,-65.4434250764526,https://finance.naver.com/item/main.naver?code=290740
NH농우바이오,KOSDAQ,7070.0,113336066270,9.26,0.41,767.0,17324.0,0.26286,46099500120.0,2499820670.0,3196744540.0,,-66.93263,생물공학,8980.0,6400.0,0.0162227011,16030561,054050,6731.0,17200.05,0.39133607169746604,123073402.0,3.3478893740902516,-10.9159347553325,5.375914604899404,4.42738397598707,5.422663290258688,26.285999999999998,-21.26948775055679,https://finance.naver.com/item/main.naver?code=054050
그린케미칼,KOSPI,4765.0,114360000000,11.4,0.88,414.0,5344.0,0.76754,91921547950.0,7523029800.0,9622212920.0,,-33.60183,화학,7260.0,4095.0,0.0190312083,24000000,083420,19471.0,15421.0,1.2626288826924323,72501059.1,9.122401847575068,-17.682926829268297,1.2826016471045976,7.747005988023951,8.18418528383801,76.754,-34.366391184573,https://finance.naver.com/item/main.naver?code=083420
옵투스제약,KOSDAQ,6450.0,113820505500,9.02,0.67,731.0,9824.0,0.09815,24640171920.0,2320029010.0,3904107820.0,,47.93196,제약,20750.0,4610.0,0.0406636636,17646590,131030,102049.0,31347.4,3.2554215022617505,192206995.25,11.072664359861584,-62.23529411764706,4.603667289791178,7.440960912052118,9.415636455510574,9.815,-68.9156626506024,https://finance.naver.com/item/main.naver?code=131030
현대에버다임,KOSDAQ,6370.0,113651705440,25.23,0.61,260.0,10745.0,0.84063,79716688880.0,3202238740.0,2961075660.0,,178.59148,기계,11320.0,5020.0,0.0339354766,17841712,041440,74762.0,55497.95,1.34711282128439,371415899.25,-1.5552099533437058,-26.820809248554912,1.34711282128439,2.419730107026524,4.01702427056451,84.063,-43.72791519434629,https://finance.naver.com/item/main.naver?code=041440
노머스,KOSDAQ,10390.0,113071793280,7.54,1.09,1359.0,9419.0,0.13821,16146752440.0,3548362730.0,4594269450.0,,966.7929,방송과엔터테인먼트,31600.0,8740.0,0.0211383113,10882752,473980,19519.0,27539.65,0.7087599152494676,305045928.0,-6.912028725314179,-40.67505720823799,0.8111577307627366,14.428283257245992,21.975705289255057,13.821,-67.12025316455697,https://finance.naver.com/item/main.naver?code=473980
와이제이링크,KOSDAQ,3940.0,112065995240,-38.44,1.6,-109.0,2619.0,0.77603,18494846870.0,2471663490.0,3192233390.0,,307.43097,전자장비와기기,10350.0,2390.0,0.0256471981,28443146,209640,614660.0,1392605.65,0.44137405302068106,5517565790.55,17.307692307692314,-15.005359056806,4.458121364077476,-4.161893852615503,13.364065717187525,77.603,-61.93236714975845,https://finance.naver.com/item/main.naver?code=209640
지오엘리먼트,KOSDAQ,8800.0,111008128000,21.04,1.95,433.0,4668.0,0.24806,17374246560.0,3393715360.0,2890462490.0,,32.96274,반도체와반도체장비,11920.0,5110.0,0.0403118301,12614560,311320,33881.0,36873.75,0.91883792670938,315780313.5,-4.893617021276597,29.565217391304355,1.8726058510457981,9.27592116538132,19.533021753088324,24.806,-26.174496644295296,https://finance.naver.com/item/main.naver?code=311320
HS화성,KOSPI,11090.0,112563500000,3.78,0.24,2916.0,45678.0,0.71038,81598558570.0,-5442584810.0,1040017390.0,,35.6787,건설,15780.0,9580.0,0.0189173399,10150000,002460,2400.0,6077.6,0.39489272081084636,66307102.5,-3.4752389226759384,-9.748172217709183,0.6387389759115439,6.383817154866675,-6.6699521479059385,71.038,-29.721166032953107,https://finance.naver.com/item/main.naver?code=002460
경동인베스트,KOSPI,47850.0,113166350550,5.15,0.19,8482.0,227089.0,0.23162,62466481510.0,-2497771090.0,576837190.0,,28.21512,비철금속,103700.0,39000.0,0.0363607458,2365023,012320,30879.0,6745.05,4.578023884181733,315392006.25,5.888888888888899,-16.54991243432574,4.578023884181733,3.7350994543989358,-3.9985781648357164,23.162,-53.8572806171649,https://finance.naver.com/item/main.naver?code=012320
야스,KOSDAQ,8600.0,112298800000,-18.61,0.77,-460.0,11182.0,0.61056,87220392860.0,28015616950.0,28398333930.0,,16.67937,디스플레이장비및부품,13450.0,3650.0,0.0576749885,13058000,255440,45314.0,71101.65,0.6373129174920695,533142780.5,21.037868162692842,-23.49290780141844,1.6042946963959346,-4.113754247898408,32.12048929310452,61.056,-36.05947955390335,https://finance.naver.com/item/main.naver?code=255440
현대리바트,KOSPI,5570.0,112036105140,15.22,0.27,368.0,20785.0,0.95628,373133396360.0,5558530630.0,3754439390.0,,27.78149,가구,9300.0,5100.0,0.0340076628,20114202,079430,9539.0,11982.8,0.7960576826785059,68871457.25,-4.130808950086062,-19.97126436781609,1.9764161965483862,1.7705075775799854,1.4896899297207684,95.628,-40.10752688172043,https://finance.naver.com/item/main.naver?code=079430
NICE인프라,KOSDAQ,3315.0,113199718320,14.17,0.55,234.0,6019.0,2.53329,110468183590.0,9647416970.0,4984736140.0,,15.86565,상업서비스와공급품,4845.0,2840.0,0.0243348547,34147728,063570,5131.0,12082.75,0.4246549833440235,39896710.7,8.085808580858078,-22.48520710059172,2.147689888477375,3.8876889848812093,8.733208654725559,253.329,-31.57894736842105,https://finance.naver.com/item/main.naver?code=063570
자람테크놀로지,KOSDAQ,16410.0,113312395620,-15.4,2.95,-1104.0,5756.0,0.23158,6095369340.0,-313619440.0,-239950500.0,,-391.40909,통신장비,64900.0,14450.0,0.0397404404,6905082,389020,50727.0,95773.35,0.5296567364512152,1583397807.5,-21.504854368932037,-69.66228893058161,1.662560618376615,-19.17998610145935,-5.145208149109468,23.158,-74.71494607087827,https://finance.naver.com/item/main.naver?code=389020
미투온,KOSDAQ,3340.0,109297244840,140.6,0.77,25.0,4588.0,0.066,24851428530.0,4765416320.0,4339822010.0,,17.53512,게임엔터테인먼트,5580.0,1738.0,0.0116858636,32723726,201490,680106.0,6756543.2,0.10065886946449185,27811979462.5,75.42503863987635,14.070351758793965,0.1771173460416859,0.5448997384481256,19.1756233016839,6.6000000000000005,-40.14336917562724,https://finance.naver.com/item/main.naver?code=201490
KX,KOSDAQ,2480.0,111153188320,5.4,0.29,461.0,8467.0,0.8568,112037439830.0,25156255250.0,17399916060.0,,30.72731,복합기업,4035.0,2250.0,0.0221785293,44819834,122450,10625.0,26066.45,0.4076120837321538,68286249.1,-7.96296296296296,-24.582701062215474,1.2443198057272855,5.4446675327743,22.453436358569814,85.68,-38.53779429987608,https://finance.naver.com/item/main.naver?code=122450
중앙첨단소재,KOSDAQ,9990.0,110980608300,-18.75,1.06,-530.0,9360.0,0.24033,4899947040.0,-1045496910.0,-2110957360.0,,-391.40909,통신장비,43550.0,8050.0,0.042323954,11109170,051980,55472.0,1543792.65,0.03593228663188674,1840759171.85,715.6606851549756,544.7453255963894,6.257467931331322,-5.662393162393163,-21.336902245376105,24.032999999999998,-77.06084959816303,https://finance.naver.com/item/main.naver?code=051980
넵튠,KOSDAQ,2470.0,112766261790,-2.76,0.35,-895.0,7036.0,0.13685,26601422610.0,-945995070.0,-6280591800.0,,17.53512,게임엔터테인먼트,6320.0,2025.0,0.0184662769,45654357,217270,33146.0,46233.15,0.7169314658421501,113872328.15,3.8461538461538547,-42.07389749702026,1.3417428836235472,-12.720295622512792,-3.556182253367088,13.685,-60.91772151898734,https://finance.naver.com/item/main.naver?code=217270
사조동아원,KOSPI,7590.0,107128751400,-0.76,0.82,-9740.0,9010.0,3.20354,168495606040.0,4786125360.0,-13060687000.0,,31.73003,식품,12350.0,6240.0,0.0,14114460,008040,31018.0,24790.8,1.2511899575649033,204083670.0,765.6387665198238,663.1067961165048,1.2511899575649033,-108.10210876803552,2.8405045523049415,320.354,-38.54251012145748,https://finance.naver.com/item/main.naver?code=008040
금호전기,KOSPI,8680.0,109598879320,-31.79,4.53,-285.0,2000.0,1.22805,7881579810.0,-1027629400.0,-787109700.0,,16.67937,디스플레이장비및부품,14350.0,2325.0,0.131565911,12626599,001210,683336.0,2864132.3,0.2385839508880229,32947191597.0,1721.2058212058214,1020.2046035805627,1.3133265526875277,-14.249999999999998,-13.03836825576724,122.805,-39.51219512195122,https://finance.naver.com/item/main.naver?code=001210
현대이지웰,KOSDAQ,4910.0,110366503730,4.74,1.01,1035.0,4862.0,1.25407,30068122000.0,3483010000.0,2846986000.0,,15.86565,상업서비스와공급품,6690.0,4765.0,0.1633269794,22477903,090850,16140.0,30985.45,0.5208896433648696,153930319.75,-10.473588342440799,-21.48562300319489,0.993046736452109,21.287535993418345,11.58372977201569,125.407,-26.60687593423019,https://finance.naver.com/item/main.naver?code=090850
진로발효,KOSDAQ,16670.0,110374070400,9.14,1.21,1835.0,13837.0,0.20052,28770533360.0,4694746100.0,3426537480.0,,16.42155,음료,19150.0,15900.0,0.0060263218,6621120,018120,557.0,640.35,0.8698368079956273,10684846.25,1.5216068167985375,-5.495750708215297,0.8698368079956273,13.261545132615451,16.317897347454664,20.052,-12.95039164490862,https://finance.naver.com/item/main.naver?code=018120
동남합성,KOSPI,31500.0,110250000000,15.4,1.94,2046.0,16202.0,0.96675,62020077070.0,5353449990.0,4105401960.0,,-33.60183,화학,34400.0,26100.0,0.0021425714,3500000,023450,116.0,952.45,0.12179117014016483,30156162.5,14.337568058076222,3.109656301145658,0.9480812641083521,12.628070608566844,8.631801576056958,96.675,-8.430232558139538,https://finance.naver.com/item/main.naver?code=023450
무림P&P,KOSPI,1760.0,109768250240,-3.31,0.19,-544.0,9575.0,2.53085,207911110300.0,-5058683720.0,-62577461910.0,,-5.94695,종이와목재,4420.0,1415.0,0.0138908174,62368324,009580,323141.0,1530520.15,0.21113149016692137,2886803620.0,7.509157509157505,-37.219251336898395,0.5525239246278463,-5.681462140992167,-2.433099276272779,253.085,-60.18099547511313,https://finance.naver.com/item/main.naver?code=009580
디와이,KOSPI,4210.0,110805654930,7.35,0.26,570.0,15901.0,0.76386,370529148220.0,23953781820.0,20170716290.0,,9.77399,자동차부품,5640.0,3615.0,0.0374319429,26319633,013570,13377.0,32279.8,0.4144077720431973,135935284.5,7.197943444730082,-15.75757575757576,1.1683777470740215,3.5846802087918994,6.464749651970039,76.386,-25.35460992907801,https://finance.naver.com/item/main.naver?code=013570
애니플러스,KOSDAQ,2115.0,110324398140,8.9,0.96,250.0,2310.0,0.78846,32305275700.0,3278554180.0,1058938490.0,,966.7929,방송과엔터테인먼트,4125.0,1800.0,0.0254531023,52162836,310200,232834.0,181548.2,1.2824913714374473,367672246.35,-7.284768211920534,-24.731182795698924,1.8266664169625475,10.822510822510822,10.148664912957235,78.846,-48.727272727272734,https://finance.naver.com/item/main.naver?code=310200
엑스페릭스,KOSDAQ,2865.0,105996410730,-4.64,1.23,-646.0,2444.0,0.49832,5258600800.0,-807673180.0,757219710.0,,307.43097,전자장비와기기,4735.0,2010.0,0.0270215679,36997002,317770,132749.0,146928.35,0.9034947986552628,393405013.8,27.586206896551737,-8.359133126934982,5.145787045182226,-26.432078559738137,-15.359089056541428,49.832,-39.49313621964097,https://finance.naver.com/item/main.naver?code=317770
태경비케이,KOSPI,3970.0,109504907000,4.56,0.46,866.0,8538.0,0.52624,119529936620.0,9897161010.0,9005692300.0,,28.21512,비철금속,5210.0,3590.0,0.0328727735,27583100,014580,43393.0,35549.3,1.2206428818570265,135324822.45,0.8894536213468918,-12.168141592920357,3.288784870588169,10.142890606699462,8.280068817792701,52.624,-23.800383877159305,https://finance.naver.com/item/main.naver?code=014580
토비스,KOSDAQ,11590.0,108489493080,3.7,0.57,3180.0,20712.0,0.82934,188093380450.0,15813622460.0,14010119140.0,,16.67937,디스플레이장비및부품,20950.0,8210.0,0.1630939302,9360612,051360,8136.0,12188.65,0.6675062455645211,143889670.25,-33.25714285714285,-26.0759493670886,1.2338528056839766,15.353418308227115,8.407325351996459,82.934,-44.67780429594272,https://finance.naver.com/item/main.naver?code=051360
STX,KOSPI,3530.0,109493282310,-0.66,-0.96,-5382.0,-3692.0,-3.54316,42377000000.0,-18939000000.0,-57471000000.0,,16.98985,무역회사와판매업체,3530.0,3530.0,0.02211966,31017927,011810,,,,,,,,145.77464788732394,-44.69169596715199,-354.316,0.0,https://finance.naver.com/item/main.naver?code=011810
프레스티지바이오로직스,KOSDAQ,1401.0,108931444437,-3.75,0.8,-373.0,1739.0,1.94683,14323770460.0,-9636533820.0,-15357260230.0,,47.93196,제약,3850.0,1230.0,0.4151635654,77752637,334970,19810.0,177720.65,0.11146706924603303,256121977.4,-25.212765957446802,-42.96146044624747,0.6889070009590895,-21.449108683151234,-67.27651666096303,194.683,-63.6103896103896,https://finance.naver.com/item/main.naver?code=334970
나무AX,KOSDAQ,3130.0,108317606320,-38.41,3.12,-85.0,1045.0,1.32822,35482626780.0,343147090.0,209867500.0,,32.07185,IT서비스,11100.0,1308.0,0.0493944391,34606264,242040,244196.0,264699.9,0.9225390716052404,847580975.25,-21.499999999999996,-49.10858995137764,1.4098040837945158,-8.133971291866029,0.9670847993514871,132.822,-71.8018018018018,https://finance.naver.com/item/main.naver?code=242040
태림포장,KOSPI,1535.0,108687117900,-10.99,0.34,-136.0,4398.0,1.20122,212333009000.0,4469541000.0,5061985000.0,,17.60036,포장재,2830.0,1302.0,0.0117545223,70805940,011280,49830.0,52070.7,0.9569681221877179,75300129.25,-9.428403064230995,-30.294784580498867,1.3312669121021996,-3.0923146884947705,2.1049675794873703,120.122,-45.75971731448764,https://finance.naver.com/item/main.naver?code=011280
세종텔레콤,KOSDAQ,8050.0,112700000000,24.49,0.45,316.0,17031.0,1.18806,69478150250.0,1378155720.0,-166143620.0,,7.52528,다각화된통신서비스,15450.0,5260.0,0.0028197143,14000000,036630,996.0,9296.45,0.10713767083133884,85823042.25,-12.031782065834285,-7.738095238095233,0.5212742498480603,1.855440079854383,1.9835814785526762,118.80599999999998,-47.896440129449836,https://finance.naver.com/item/main.naver?code=036630
계양전기,KOSPI,3045.0,107862514305,-2.46,4.53,-1281.0,694.0,13.58827,97434303730.0,-5111010620.0,-6110029000.0,,9.77399,자동차부품,13494.09,1253.901,0.002624014,35422829,012200,314595.0,724400.75,0.4342830953722784,2688445629.7,-29.166666666666664,-49.504950495049506,1.3879126988755879,-184.58213256484152,-5.2455966988414175,1358.827,-77.43456579880525,https://finance.naver.com/item/main.naver?code=012200
상상인,KOSDAQ,1978.0,109439403114,-0.91,0.29,-2203.0,6994.0,9.49147,126036063120.0,-4517111240.0,-6364489300.0,,28.59581,기타금융,2545.0,1601.0,0.0367156324,55328313,038540,27019.0,47185.6,0.5726111356006918,91988709.25,-7.8588235294117625,-12.783964365256129,2.066435522701841,-31.498427223334286,-3.583983130050024,949.1469999999999,-22.278978388998038,https://finance.naver.com/item/main.naver?code=038540
원일티엔아이,KOSDAQ,12900.0,108115287000,-54.02,2.41,-261.0,5853.0,0.53567,9951562440.0,542789210.0,1010464740.0,,-44.49442,에너지장비및서비스,29150.0,5400.0,0.0069294586,8381030,136150,103707.0,220789.95,0.4697088794123102,2903021721.0,59.65346534653466,-29.003852504127682,10.638890040058435,-4.459251665812404,5.45431145383036,53.567,-55.746140651801035,https://finance.naver.com/item/main.naver?code=136150
서산,KOSDAQ,5350.0,107000000000,-114.49,1.61,-49.0,3495.0,0.05607,12976014920.0,-325586170.0,420480890.0,,7.35428,건축자재,10300.0,952.0,0.00470375,20000000,079650,518828.0,3525046.9,0.14718328995849672,26211216094.25,0.3717472118959009,257.8528827037773,0.2606300075042973,-1.402002861230329,-2.5091383757440995,5.607,-48.05825242718447,https://finance.naver.com/item/main.naver?code=079650
아비코전자,KOSDAQ,8000.0,106343472000,11.69,0.95,716.0,8782.0,0.30731,37302215890.0,4025788430.0,4478636810.0,,-86.37263,전기제품,14260.0,4360.0,0.202577926,13292934,036010,73924.0,94475.6,0.7824665839645368,694348240.25,33.16912972085386,-8.773903262092242,1.7575860857194872,8.153040309724437,10.79235732770298,30.731,-43.899018232819074,https://finance.naver.com/item/main.naver?code=036010
쇼박스,KOSDAQ,1720.0,107393360000,-7.1,0.99,-241.0,1721.0,0.7382,67583339120.0,12496545780.0,9827492120.0,,966.7929,방송과엔터테인먼트,3200.0,1688.0,0.0189189596,62438000,086980,41887.0,69035.75,0.6067436074787338,128000311.05,-18.870588235294118,-36.266173752310536,1.3536175097684895,-14.00348634514817,18.490571704087177,73.82,-46.25,https://finance.naver.com/item/main.naver?code=086980
YTN,KOSDAQ,2250.0,107273205000,-7.36,0.47,-309.0,4834.0,0.49826,32871874490.0,-825867590.0,557869800.0,,966.7929,방송과엔터테인먼트,4900.0,1770.0,0.0018336312,47676980,040300,74529.0,613864.45,0.12140953919061448,1512564629.2,11.881188118811892,-27.795527156549515,0.20583208556872776,-6.392221762515515,-2.5123836191673172,49.826,-54.08163265306123,https://finance.naver.com/item/main.naver?code=040300
엠에스오토텍,KOSDAQ,1713.0,107282276187,-0.86,0.51,-1973.0,3331.0,1.59477,504849615790.0,35479419000.0,5059511630.0,,9.77399,자동차부품,3355.0,1260.0,0.0107595769,62628299,123040,71719.0,70480.65,1.017570070650597,119015369.65,9.14866581956797,-21.731207289293852,1.017570070650597,-59.23146202341639,7.027720313202776,159.477,-48.941877794336804,https://finance.naver.com/item/main.naver?code=123040
하이텍팜,KOSDAQ,9930.0,105587407890,9.17,0.8,1079.0,12290.0,0.10316,23379278700.0,6292944830.0,5245361130.0,,47.93196,제약,25000.0,9500.0,0.4601206996,10633173,106190,37169.0,19336.75,1.922194784542387,193389152.0,-19.39102564102564,-59.760000000000005,1.922194784542387,8.779495524816925,26.916762106950713,10.316,-60.28,https://finance.naver.com/item/main.naver?code=106190
이니텍,KOSDAQ,4860.0,107022375900,29.45,0.7,163.0,6900.0,0.07507,9490066600.0,-431457170.0,6451198010.0,,224.56969,소프트웨어,9500.0,2165.0,0.0144161965,22021065,053350,107014.0,68759.6,1.5563499496797537,301378774.5,53.968253968253975,49.23076923076923,1.5563499496797537,2.36231884057971,-4.546408241223513,7.507,-48.8421052631579,https://finance.naver.com/item/main.naver?code=053350
와이엔텍,KOSDAQ,5900.0,107377988100,3.49,0.31,1681.0,19155.0,0.44863,34132042830.0,6368918660.0,6533515520.0,,10.38757,해운사,8190.0,5360.0,0.0370178364,18199659,067900,14373.0,16701.2,0.8605968433405983,99690277.0,-5.483870967741932,-15.56195965417867,1.0397456470193758,8.775776559645001,18.659646865326522,44.863,-27.96092796092796,https://finance.naver.com/item/main.naver?code=067900
NPC,KOSPI,2925.0,107406000000,8.38,0.24,339.0,11789.0,0.42469,115248825840.0,7988638760.0,6761891110.0,,17.60036,포장재,4435.0,2415.0,0.0110918301,36720000,004250,29670.0,14280.15,2.0777092677597926,41234916.9,-5.844155844155841,-27.40926157697121,2.0777092677597926,2.8755619645432184,6.931644380560225,42.469,-34.04735062006764,https://finance.naver.com/item/main.naver?code=004250
아이비김영,KOSDAQ,2370.0,106523572350,4.92,1.38,478.0,1702.0,1.00975,28318970010.0,3059124000.0,2070839280.0,,10.63048,교육서비스,3150.0,1790.0,0.018625346,44946655,339950,15957.0,46188.75,0.34547373548753757,112845107.25,-12.0817843866171,3.05010893246187,1.1848989201916051,28.08460634547591,10.802384404940439,100.975,-24.761904761904763,https://finance.naver.com/item/main.naver?code=339950
티앤알바이오팹,KOSDAQ,2230.0,106291843920,-2.05,4.63,-1093.0,485.0,3.3744,9535077990.0,-928004890.0,-3782538300.0,,-66.93263,생물공학,4925.0,1127.0,0.0254336435,47664504,246710,43613.0,111733.2,0.39033161137423794,250090424.4,4.449648711943799,-20.49910873440285,1.3922092985791152,-225.36082474226805,-9.732535916048652,337.44,-54.72081218274112,https://finance.naver.com/item/main.naver?code=246710
아리바이오랩,KOSDAQ,3685.0,106702771560,-6.26,8.48,-597.0,441.0,1.13794,,-2458560510.0,-2662328520.0,,47.93196,제약,6720.0,1824.0,0.0,28955976,261780,442378.0,1099309.9,0.4024142782667563,4020384728.4,59.56521739130434,-8.020050125313283,0.8285961947581842,-135.37414965986395,,113.794,-45.163690476190474,https://finance.naver.com/item/main.naver?code=261780
대정화금,KOSDAQ,14830.0,106633498530,7.85,0.58,1889.0,25600.0,0.16828,32308597560.0,5262253230.0,4819958390.0,,-33.60183,화학,15230.0,12030.0,0.0290646225,7190391,120240,2885.0,6467.4,0.4460834338373999,94900418.75,9.65107646622123,6.3354931605471565,1.1010607044561957,7.37890625,16.287470294021638,16.828000000000003,-2.626395272488513,https://finance.naver.com/item/main.naver?code=120240
한국경제TV,KOSDAQ,4815.0,105930000000,28.61,0.54,169.0,9011.0,0.15864,29304954930.0,3137552840.0,4826795720.0,,966.7929,방송과엔터테인먼트,6200.0,4270.0,0.0117612727,22000000,039340,892.0,7687.75,0.11602874703261683,37964523.95,-0.2072538860103612,-3.8922155688622784,1.1814900328444604,1.8754855177005882,10.706560878508746,15.864,-22.338709677419356,https://finance.naver.com/item/main.naver?code=039340
한국화장품,KOSPI,6590.0,105888120000,91.14,3.06,70.0,2088.0,0.73506,21048383240.0,-316140960.0,-542069460.0,,42.55038,화장품,13080.0,4905.0,0.0147664302,16068000,123690,373360.0,249805.85,1.4946007069089855,1710302014.75,1.8547140649149974,-20.60240963855422,1.4946007069089855,3.3524904214559386,-1.5019726522235255,73.506,-49.6177370030581,https://finance.naver.com/item/main.naver?code=123690
삼성공조,KOSPI,12850.0,104423134900,14.9,0.37,905.0,35993.0,0.14391,31891753500.0,2497832560.0,6312759680.0,,9.77399,자동차부품,20000.0,8790.0,0.0206093439,8126314,006660,112824.0,294504.6,0.38309758149787815,3848430401.75,42.248908296943235,13.107638888888884,2.361956315792691,2.5143777956824938,7.832220827870126,14.391000000000002,-35.75000000000001,https://finance.naver.com/item/main.naver?code=006660
혜인,KOSPI,8350.0,106151437450,6.41,0.68,1382.0,13026.0,0.92614,64151484330.0,7104310530.0,9648485650.0,,178.59148,기계,13290.0,3925.0,0.0695586092,12712747,003010,454906.0,551256.4,0.8252167231074323,5247419211.25,93.26364692218351,52.660550458715605,1.5070283084241742,10.609550130508214,11.074273033894116,92.61399999999999,-37.17080511662905,https://finance.naver.com/item/main.naver?code=003010
져스텍,KOSDAQ,8640.0,104114635200,-61.9,9.05,-147.0,1005.0,0.39875,5036610460.0,1099152730.0,1161530820.0,,178.59148,기계,42500.0,5180.0,0.0091138772,12050305,153890,142258.0,355687.4,0.3999523176811998,3828000671.0,-33.02752293577982,-50.02852253280091,0.7080627539800397,-14.626865671641792,21.82326266304105,39.875,-79.67058823529412,https://finance.naver.com/item/main.naver?code=153890
나이스디앤비,KOSDAQ,6950.0,107030000000,8.28,0.93,839.0,7506.0,0.19357,31987861340.0,11078451980.0,8895124470.0,,15.86565,상업서비스와공급품,6990.0,5200.0,0.4477056494,15400000,130580,11491.0,28864.55,0.39810078452634806,186218698.0,23.64620938628159,20.175438596491226,0.8973637212428395,11.177724487077006,34.63329999541632,19.357,-0.5722460658083017,https://finance.naver.com/item/main.naver?code=130580
삼보모터스,KOSDAQ,3945.0,105393661365,4.42,0.22,909.0,18124.0,2.11928,460286095990.0,5046021630.0,5310886240.0,,9.77399,자동차부품,9990.0,3520.0,0.0,26715757,053700,69487.0,92928.35,0.7477481306834781,365308363.3,7.065217391304346,-35.19736842105263,1.3305950229397163,5.015449128227764,1.0962793953501537,211.928,-60.51051051051051,https://finance.naver.com/item/main.naver?code=053700
아모그린텍,KOSDAQ,6340.0,104589648600,18.94,1.37,357.0,4917.0,1.46853,35784078180.0,1814458780.0,525645820.0,,-33.60183,화학,16750.0,4350.0,0.0660483039,16496790,125210,146784.0,236698.7,0.6201301485812977,1490763640.5,6.688963210702337,-10.89385474860335,0.9606770125902676,7.26052471018914,5.070575720500508,146.85299999999998,-62.14925373134328,https://finance.naver.com/item/main.naver?code=125210
웨이비스,KOSDAQ,8120.0,106769961200,58.32,2.04,143.0,4091.0,0.47586,7749337870.0,-707458950.0,43323756980.0,,41.29186,우주항공과국방,24650.0,5630.0,0.0672017893,13149010,289930,81938.0,97795.6,0.8378495556037285,763943218.0,12.201963534361848,-57.80590717299579,0.8378495556037285,3.495477878269372,-9.129282551207178,47.586,-67.05882352941177,https://finance.naver.com/item/main.naver?code=289930
메드팩토,KOSDAQ,3050.0,104539119050,-7.87,2.19,-374.0,1342.0,0.0702,1049247910.0,-3632237770.0,-3193899910.0,,47.93196,제약,8650.0,2235.0,0.0452784105,34275121,235980,137006.0,105483.3,1.2988406695657038,299673135.6,8.303886925795045,-49.42244224422442,1.2988406695657038,-27.86885245901639,-346.1753638375129,7.02,-64.73988439306359,https://finance.naver.com/item/main.naver?code=235980
세원정공,KOSPI,10400.0,104000000000,2.33,0.17,4646.0,63677.0,0.09871,58490381660.0,11293500700.0,25374390640.0,,9.77399,자동차부품,17820.0,9030.0,0.0327178,10000000,021820,5896.0,5663.05,1.0411350773876267,59858228.25,5.331991951710258,-30.845442536327607,1.4112536530668103,7.296197999277604,19.30830399713962,9.871,-41.63860830527497,https://finance.naver.com/item/main.naver?code=021820
대창,KOSPI,1160.0,105722978840,42.54,0.32,28.0,3725.0,1.99686,496772128420.0,22379185010.0,8804360100.0,,28.21512,비철금속,2095.0,950.0,0.0460277818,91140499,012800,438116.0,298432.65,1.4680565279971878,354673896.4,3.603603603603611,-12.944738834216507,1.4680565279971878,0.7516778523489933,4.504919605932348,199.686,-44.63007159904535,https://finance.naver.com/item/main.naver?code=012800
우리손에프앤지,KOSDAQ,1505.0,104202652715,4.39,0.31,344.0,4805.0,0.61803,77006804060.0,17017743660.0,12469440280.0,,31.73003,식품,2150.0,1360.0,0.0389522792,69237643,073560,23003.0,53522.85,0.4297790569822048,81435729.1,-0.8552631578947367,-9.70641102456561,2.68851527898832,7.159209157127992,22.099013025836772,61.803,-30.000000000000004,https://finance.naver.com/item/main.naver?code=073560
나인앤컴퍼니,KOSDAQ,4580.0,103754633000,14.06,1.27,329.0,3656.0,0.09795,14131563020.0,1893107720.0,8016882440.0,,8.86194,"섬유,의류,신발,호화품",7100.0,3900.0,0.0079085895,22653850,366030,21550.0,58446.45,0.36871358311753755,263993881.2,-8.266932270916339,-11.442307692307697,1.9740292181988812,8.99890590809628,13.396308089351038,9.795,-35.49295774647887,https://finance.naver.com/item/main.naver?code=366030
블루엠텍,KOSDAQ,3080.0,104247364760,-22.35,2.26,-134.0,1325.0,1.31135,54967444210.0,181822720.0,1975628710.0,,-10.95779,건강관리업체및서비스,5740.0,1341.0,0.0161246582,33846547,439580,3890178.0,1430053.4,2.72030261247587,4242571501.85,75.39863325740319,-12.871287128712872,5.830745201542824,-10.11320754716981,0.33078256159292513,131.135,-46.34146341463414,https://finance.naver.com/item/main.naver?code=439580
엔알비,KOSDAQ,9620.0,104845330460,-169.66,1.21,-58.0,8135.0,1.27407,19852947430.0,1874722070.0,5974765410.0,,35.6787,건설,29650.0,5600.0,0.0506489637,10898683,475230,57418.0,89744.0,0.6397976466393297,928794958.75,49.53125000000001,-56.49999999999999,1.2013839365305758,-0.7129686539643515,9.443041526252609,127.40700000000001,-67.55480607082632,https://finance.naver.com/item/main.naver?code=475230
액스비스,KOSDAQ,11000.0,102671140000,16.44,2.99,734.0,4036.0,0.80097,12045816090.0,-331289180.0,-268121290.0,,307.43097,전자장비와기기,50600.0,6890.0,0.0127904784,9333740,0011A0,167114.0,1367336.4,0.12221864348817162,17245873061.0,21.19565217391304,-52.653927813163484,0.4964528114661469,18.18632309217047,-2.750242719337416,80.097,-78.26086956521739,https://finance.naver.com/item/main.naver?code=0011A0
아이큐어,KOSDAQ,1682.0,103840485194,-1.83,2.32,-897.0,705.0,2.51734,37653685940.0,2396373110.0,2262695780.0,,42.55038,화장품,3300.0,1515.0,0.0146637999,61736317,175250,155476.0,346892.4,0.44819661658773724,629772025.0,-20.28436018957346,-20.28436018957346,1.0673770886880196,-127.23404255319149,6.364245757556239,251.73399999999998,-49.03030303030304,https://finance.naver.com/item/main.naver?code=175250
아시아나IDT,KOSPI,9400.0,104340000000,8.21,0.59,1138.0,15701.0,0.19874,45048046670.0,2257364750.0,4957536680.0,,32.07185,IT서비스,12880.0,8610.0,0.0065220721,11100000,267850,6472.0,12102.8,0.5347522887265757,112867655.25,-2.3036649214659644,-12.229539040451554,0.7716396205836666,7.247945990701229,5.011015830578298,19.874,-27.018633540372672,https://finance.naver.com/item/main.naver?code=267850
HS애드,KOSPI,6390.0,103566845160,5.73,0.47,1072.0,13081.0,1.26877,102766285150.0,3769731060.0,2755826690.0,,10.92084,광고,9390.0,5750.0,0.0964344355,16207644,035000,130679.0,176828.5,0.7390154867569425,1081989327.75,0.0,-26.212471131639724,3.2283257506567096,8.195092118339577,3.6682566218070596,126.877,-31.948881789137385,https://finance.naver.com/item/main.naver?code=035000
한국무브넥스,KOSPI,3415.0,103988184300,5.04,0.26,685.0,13184.0,1.55036,444046269860.0,8702559450.0,7522919230.0,,9.77399,자동차부품,7950.0,3115.0,0.02948337,30450420,010100,47176.0,47391.25,0.9954580223142457,163633741.9,-4.49438202247191,-26.00652883569097,1.1687178540342362,5.195691747572815,1.9598316753665703,155.036,-57.0440251572327,https://finance.naver.com/item/main.naver?code=010100
오파스넷,KOSDAQ,7860.0,102545277780,8.27,1.62,971.0,4962.0,1.14518,47340933030.0,1936505170.0,3631120190.0,,32.07185,IT서비스,8570.0,5300.0,0.0510934258,13046473,173130,65557.0,108058.25,0.6066820441752481,771344706.5,27.78675282714056,0.25348542458809575,2.164452968653481,19.568722289399435,4.090551339097678,114.51800000000001,-8.284714119019831,https://finance.naver.com/item/main.naver?code=173130
HLB글로벌,KOSPI,2015.0,102086962575,-13.87,1.43,-150.0,1457.0,0.58548,31163761420.0,-874926340.0,-1637026760.0,,-17.64101,판매업체,3230.0,1000.0,0.0128887451,50663505,003580,941441.0,645158.3,1.4592403135788534,1375179727.6,29.79539641943734,-1.2165450121654486,5.511943347857417,-10.29512697323267,-2.807511995129374,58.548,-37.61609907120743,https://finance.naver.com/item/main.naver?code=003580
지에프아이,KOSDAQ,13130.0,105558805690,-21.65,1.69,-601.0,7719.0,0.12592,15537620040.0,2954750110.0,2283564520.0,,307.43097,전자장비와기기,23800.0,8350.0,0.0169874718,8039513,493330,28487.0,66629.2,0.4275452804476116,887256655.0,28.514056224899598,-5.114899925871019,0.6646335240405108,-7.785982640238373,19.016748397716643,12.592,-44.83193277310924,https://finance.naver.com/item/main.naver?code=493330
조선선재,KOSPI,81000.0,101869731000,8.29,0.47,9974.0,176087.0,0.06829,16445491210.0,3955054570.0,2852055470.0,,42.40289,철강,114100.0,76000.0,0.0086359411,1257651,120030,192.0,317.45,0.6048196566388407,26434470.0,-3.1914893617021267,-17.5226586102719,1.46794770830052,5.664245515001108,24.04947665895837,6.829000000000001,-29.009640666082383,https://finance.naver.com/item/main.naver?code=120030
그리드위즈,KOSDAQ,13330.0,105876857500,49.37,0.79,270.0,16771.0,0.44665,20856501640.0,-1652130960.0,-946447140.0,,3.07335,전기유틸리티,29800.0,10700.0,0.0143096535,7942750,453450,9386.0,16989.85,0.5524474907076873,218883656.5,4.170008019246185,-37.846889952153106,1.5443338228412848,1.6099218889750164,-7.921419366090775,44.665,-55.26845637583892,https://finance.naver.com/item/main.naver?code=453450
디에스케이,KOSDAQ,3995.0,102713008050,-6.22,0.92,-619.0,4200.0,0.30607,6431036960.0,-3063851520.0,-2088759390.0,,307.43097,전자장비와기기,9100.0,3700.0,0.0115234736,25710390,109740,17618.0,20591.45,0.855597833081206,84408989.9,-19.292929292929294,-27.231329690346083,1.7198885945380242,-14.738095238095239,-47.64164067251761,30.607,-56.0989010989011,https://finance.naver.com/item/main.naver?code=109740
세운메디칼,KOSDAQ,2355.0,103149000000,8.35,0.65,279.0,3584.0,0.0549,17713365850.0,3443003310.0,3381498620.0,,-35.39576,건강관리장비와용품,3430.0,2050.0,0.0293893379,43800000,100700,73707.0,68068.25,1.0828396499102004,161239346.05,0.21367521367521292,-8.932038834951461,1.0828396499102004,7.7845982142857135,19.437318345683014,5.489999999999999,-31.34110787172012,https://finance.naver.com/item/main.naver?code=100700
한국제지,KOSPI,2720.0,103441991680,-3.07,0.25,-880.0,10680.0,0.93346,220386265500.0,4681874410.0,1149308380.0,,-5.94695,종이와목재,4285.0,2525.0,0.0056609567,38030144,027970,12252.0,16433.3,0.7455593216213421,44348578.55,336.1873990306947,237.92240300375468,0.8442613473861003,-8.239700374531834,2.1243948207834213,93.34599999999999,-36.522753792298715,https://finance.naver.com/item/main.naver?code=027970
한울소재과학,KOSDAQ,2770.0,102357959640,-2.13,2.48,-1302.0,1116.0,3.15095,2735814090.0,-3539950570.0,-8204258680.0,,-391.40909,통신장비,3950.0,1790.0,0.0042692299,36952332,091440,108134.0,301001.2,0.35924773721832337,868795764.5,16.38655462184875,-10.932475884244376,3.1013896290114458,-116.66666666666667,-129.39295045446602,315.09499999999997,-29.87341772151899,https://finance.naver.com/item/main.naver?code=091440
동구바이오제약,KOSDAQ,3595.0,102331646240,1.92,0.63,1859.0,5610.0,1.23457,59475096590.0,-6453596050.0,-6141466610.0,,47.93196,제약,6300.0,3315.0,0.0140365752,28464992,006620,66644.0,45355.55,1.469368136865279,159781745.4,-4.761904761904767,-33.82352941176471,1.7026582193358915,33.13725490196078,-10.850921511719061,123.457,-42.93650793650794,https://finance.naver.com/item/main.naver?code=006620
머큐리,KOSDAQ,5830.0,99923547350,-42.43,0.71,-148.0,8897.0,0.38816,30144492630.0,1327221240.0,-5937312540.0,,-391.40909,통신장비,12750.0,2480.0,0.0239857592,17139545,100590,1142384.0,2053171.85,0.5563996019134979,10476144741.7,84.78260869565217,9.77859778597785,1.8991435129991676,-1.6634820726087445,4.402864749759101,38.816,-54.27450980392157,https://finance.naver.com/item/main.naver?code=100590
지아이에스,KOSDAQ,2135.0,102356562840,-23.26,2.16,-95.0,1025.0,2.26002,34006796210.0,2580414850.0,-879849590.0,,32.96274,반도체와반도체장비,4140.0,1260.0,0.0246598069,47942184,306620,233242.0,355216.05,0.6566201048629419,705325609.3,13.031914893617014,-29.166666666666664,1.1782688310395886,-9.268292682926829,7.587938699268607,226.00199999999998,-48.42995169082126,https://finance.naver.com/item/main.naver?code=306620
박셀바이오,KOSDAQ,4390.0,102099744550,-7.61,1.66,-577.0,2638.0,0.1015,1624755010.0,-5024586500.0,-4046283680.0,,47.93196,제약,11520.0,3350.0,0.0522027342,23257345,323990,79106.0,139236.35,0.5681418681256726,636803305.9,4.796163069544357,-45.1693851944793,0.6067668392628792,-21.872630780894617,-309.25194685197494,10.15,-61.892361111111114,https://finance.naver.com/item/main.naver?code=323990
메타바이오메드,KOSDAQ,3765.0,102300490425,8.6,0.82,438.0,4594.0,0.49272,26990707740.0,6266505930.0,6297812240.0,,-35.39576,건강관리장비와용품,6520.0,3265.0,0.0537562872,27171445,059210,29643.0,65977.1,0.4492922544337353,246731781.35,0.402684563758382,-16.796440489432708,2.5573721791348816,9.53417501088376,23.217271626831376,49.272,-42.25460122699386,https://finance.naver.com/item/main.naver?code=059210
컴퍼니케이,KOSDAQ,6390.0,99747900000,14.09,1.25,464.0,5253.0,0.06709,1045860130.0,-3982193720.0,-3151751160.0,,15.23109,창업투자,11100.0,4815.0,0.0089202434,15610000,307930,45235.0,50899.4,0.8887138158799515,315349099.5,15.630550621669625,-14.678899082568808,2.8046499565810206,8.833047782219685,-380.75777111801744,6.709,-42.432432432432435,https://finance.naver.com/item/main.naver?code=307930
세미티에스,KOSDAQ,3405.0,102664294605,0.0,0.0,0.0,0.0,0.08299,2493545400.0,-414342710.0,-17496827020.0,,32.96274,반도체와반도체장비,8430.0,2260.0,0.0390325495,30151041,0017J0,1128786.0,647735.15,1.7426659646307598,1932313023.7,-9.772423025435073,-38.05147058823529,6.697519811916954,,-16.616609827918115,8.299,-59.60854092526691,https://finance.naver.com/item/main.naver?code=0017J0
삼기에너지솔루션즈,KOSDAQ,1765.0,100951363600,-9.36,1.62,-194.0,1122.0,2.23662,64308136790.0,3807233130.0,4715563160.0,,9.77399,자동차부품,2465.0,865.0,0.0137762203,57196240,419050,653544.0,3292640.85,0.19848626976732064,6120738702.85,14.599483204134355,14.3041237113402,1.2716385390164857,-17.290552584670234,5.920297679331972,223.66199999999998,-28.397565922920897,https://finance.naver.com/item/main.naver?code=419050
MDS테크,KOSDAQ,2350.0,99942374500,11.09,0.67,220.0,3618.0,0.41784,57637262850.0,4200330460.0,6597444240.0,,224.56969,소프트웨어,4554.081,1550.0,0.0103671476,42528670,086960,546811.0,1291118.4,0.4235173164599002,2991794390.7,21.91358024691359,106.266318537859,0.919636804804269,6.0807075732448865,7.287525903045203,41.784,-48.39793143775879,https://finance.naver.com/item/main.naver?code=086960
KC코트렐,KOSPI,918.0,100782913662,-7.12,1.97,-129.0,467.0,2.53272,15546540630.0,-3008906350.0,-102509420.0,,15.86565,상업서비스와공급품,918.0,918.0,0.0012268308,109785309,119650,,,,,,,,-27.62312633832976,-19.354185742092,253.272,0.0,https://finance.naver.com/item/main.naver?code=119650
LB인베스트먼트,KOSDAQ,4320.0,100298472480,8.03,0.79,541.0,5521.0,0.08717,8536884630.0,3435016380.0,3153890210.0,,15.23109,창업투자,7750.0,3600.0,0.0182849907,23217239,309960,29745.0,40258.3,0.7388538512555174,172853790.35,2.8469750889679624,-23.13829787234043,0.9907025383585496,9.798949465676507,40.237352721492734,8.717,-44.25806451612904,https://finance.naver.com/item/main.naver?code=309960
파워넷,KOSDAQ,3955.0,100903883360,6.32,0.68,652.0,6040.0,0.79468,104243907940.0,6900411980.0,373905620.0,,-86.37263,전기제품,10400.0,2420.0,0.0677081308,25512992,037030,654144.0,396128.45,1.6513431438716406,1444678567.45,5.756358768406966,-24.761904761904763,2.7134001609831357,10.794701986754966,6.619487043762493,79.468,-61.97115384615385,https://finance.naver.com/item/main.naver?code=037030
녹십자엠에스,KOSDAQ,4300.0,103041033300,19.59,1.62,169.0,2040.0,0.72874,27112896310.0,742651780.0,-4027548010.0,,-35.39576,건강관리장비와용품,6660.0,2200.0,0.0111172915,23963031,142280,20158098.0,747834.45,26.955294717968666,2528417418.45,51.8987341772152,12.299465240641716,26.955294717968666,8.284313725490195,2.7391089889798645,72.87400000000001,-35.43543543543544,https://finance.naver.com/item/main.naver?code=142280
모비스,KOSDAQ,3190.0,102626491660,-96.97,3.05,-33.0,1048.0,0.18024,401341800.0,-693663900.0,-489322780.0,,224.56969,소프트웨어,9440.0,2130.0,0.0388852006,32171314,250060,163526.0,185728.55,0.8804569895150746,576080279.35,24.10358565737052,-30.235162374020152,1.2084948706055154,-3.1488549618320607,-172.83619598058314,18.024,-66.20762711864407,https://finance.naver.com/item/main.naver?code=250060
샘표식품,KOSPI,21900.0,100008452400,5.03,0.38,4368.0,58052.0,0.40925,100574215090.0,4662432860.0,1780687180.0,,31.73003,식품,36200.0,20450.0,0.0637614976,4566596,248170,8907.0,233895.6,0.03808109259002734,6884141388.75,-1.7977528089887618,-22.79151943462897,0.11538908812307713,7.524288568869289,4.635813320370205,40.925,-39.50276243093923,https://finance.naver.com/item/main.naver?code=248170
차AI헬스케어,KOSPI,5490.0,99939811770,30.28,1.32,181.0,4147.0,0.50221,2908602220.0,-1134111230.0,10401453950.0,,42.55038,화장품,16790.0,3795.0,0.0026601336,18203973,025620,5168.0,9650.05,0.5355412666255616,47591590.05,-21.377331420373025,-40.305010893246184,2.3862052528225246,4.364600916325054,-38.9916236122518,50.221000000000004,-67.30196545562835,https://finance.naver.com/item/main.naver?code=025620
아스타,KOSDAQ,6070.0,99434491000,-25.94,9.98,-234.0,608.0,0.23348,1169452240.0,-838601480.0,-810733970.0,,-35.39576,건강관리장비와용품,11080.0,5900.0,0.0106812036,16381300,246720,,,,,,,,-38.48684210526316,-71.70891219978338,23.348,-45.21660649819494,https://finance.naver.com/item/main.naver?code=246720
에이럭스,KOSDAQ,7290.0,99325521000,-10.66,2.19,-697.0,3399.0,1.58408,21912577230.0,-1259660480.0,-32710640.0,,10.63048,교육서비스,15650.0,5020.0,0.0156271973,13624900,475580,27298.0,154815.1,0.1763264694464558,1217109955.5,4.597701149425282,-48.0,0.3616120132984444,-20.506031185642836,-5.748572916723954,158.408,-53.418530351437695,https://finance.naver.com/item/main.naver?code=475580
이엠텍,KOSDAQ,5800.0,99371028800,-8.0,0.46,-715.0,12360.0,0.82477,40430175940.0,-7317923270.0,-5657396610.0,,108.08375,핸드셋,10540.0,3400.0,0.0551442555,17132936,091120,12035.0,34789.75,0.34593522517408143,179813279.45,52.23097112860893,-14.70588235294118,1.6453984291350183,-5.784789644012945,-18.100151928253023,82.477,-44.97153700189753,https://finance.naver.com/item/main.naver?code=091120
서울옥션,KOSDAQ,5580.0,99180409860,-10.69,0.95,-521.0,5836.0,1.19363,4265472250.0,386034390.0,-354091450.0,,-17.64101,판매업체,9950.0,4100.0,0.0202931575,17774267,063170,11333.0,23075.4,0.49112908118602494,134806290.75,16.77148846960168,-26.322751322751326,0.8998760584865267,-8.927347498286498,9.050214545411707,119.363,-43.91959798994974,https://finance.naver.com/item/main.naver?code=063170
아모센스,KOSDAQ,8340.0,98326615080,187.73,2.15,44.0,3833.0,1.9995,27178504650.0,-1418750300.0,-1602052060.0,,108.08375,핸드셋,29900.0,4090.0,0.0267350605,11789762,357580,200971.0,389672.05,0.515743944170489,2705368711.75,47.451669595782064,-56.59596482152095,1.633496680092914,1.147925906600574,-5.220119054636805,199.95000000000002,-72.10702341137123,https://finance.naver.com/item/main.naver?code=357580
SKAI,KOSDAQ,1792.0,99365690368,-4.16,6.58,-424.0,268.0,0.90811,2738335080.0,-2420187250.0,-6883030280.0,,32.07185,IT서비스,6160.0,1413.0,0.0054374419,55449604,357880,622463.0,651453.7,0.9554984490839488,1225301021.25,-21.674008810572687,-54.29305912596401,1.4723763177644091,-158.2089552238806,-88.38170564575319,90.81099999999999,-70.9090909090909,https://finance.naver.com/item/main.naver?code=357880
큐브엔터,KOSDAQ,6340.0,98552675240,-17.77,0.59,-359.0,10823.0,0.6276,21549455110.0,-2038952870.0,-2667346450.0,,966.7929,방송과엔터테인먼트,15410.0,4520.0,0.0296309596,15544586,182360,18109.0,18388.95,0.9847761835232571,115770255.0,12.212389380530976,-39.56148713060057,1.189899368914484,-3.317010071144784,-9.461737475922657,62.760000000000005,-58.85788449059053,https://finance.naver.com/item/main.naver?code=182360
한국파마,KOSDAQ,8820.0,96197102820,-35.54,1.36,-242.0,6307.0,0.77279,25905813720.0,2164976320.0,1323286350.0,,47.93196,제약,14950.0,6350.0,0.0134499882,10906701,032300,1362681.0,116177.0,11.72935262573487,1025269063.75,17.272727272727263,-23.083475298126068,17.031486438795977,-3.8370065007134926,8.357106028013236,77.279,-41.00334448160535,https://finance.naver.com/item/main.naver?code=032300
코아시아,KOSDAQ,3830.0,100785975080,-6.78,1.24,-565.0,3100.0,2.28908,132073290990.0,-3037150120.0,-3352006170.0,,108.08375,핸드셋,7850.0,1706.0,0.0540279574,26314876,045970,52916.0,57241.55,0.9244333879847767,196632089.85,33.39285714285714,-27.47572815533981,1.6647347949173283,-18.225806451612904,-2.2995944882072785,228.908,-51.210191082802545,https://finance.naver.com/item/main.naver?code=045970
이지케어텍,KOSDAQ,7230.0,98755820790,16.37,2.24,449.0,3282.0,0.38992,20454883180.0,276333870.0,723497900.0,,-61.00908,건강관리기술,11810.631,5780.0,0.0084667644,13659173,099750,45610.0,165903.95,0.2749181077364342,1315991876.75,16.938110749185675,-21.786492374727672,0.5238814386275914,13.68068251066423,1.3509432812121296,38.992,-38.7839650565664,https://finance.naver.com/item/main.naver?code=099750
에이티넘인베스트,KOSDAQ,2015.0,96720000000,3.72,0.46,545.0,4446.0,0.01839,2218315550.0,-5074400910.0,-3415822570.0,,15.23109,창업투자,4000.0,1870.0,0.0823356875,48000000,021080,73697.0,132779.65,0.555032341175775,280272008.05,-1.6826923076923128,-34.244372990353696,3.459084279857644,12.25820962663068,-228.75018434595566,1.839,-49.625,https://finance.naver.com/item/main.naver?code=021080
삼익악기,KOSPI,1082.0,97954450030,4.66,0.29,232.0,3698.0,0.96887,53941601820.0,2907715560.0,30929836350.0,,10.34214,레저용장비와제품,1361.0,1045.0,0.0130573296,90530915,002450,232565.0,88786.05,2.619386716719575,99298836.5,-7.197943444730082,-11.663947797716146,2.619386716719575,6.273661438615467,5.390487975686889,96.887,-20.499632623071275,https://finance.naver.com/item/main.naver?code=002450
스톰테크,KOSDAQ,3650.0,98086442700,9.53,1.04,380.0,3491.0,0.45234,20768506820.0,4586653940.0,3727859410.0,,12.06213,가정용기기와용품,4200.0,3330.0,0.0158554323,26872998,352090,20129.0,51473.9,0.39105255284717105,190920662.8,3.703703703703698,0.8310249307479145,0.681957263778342,10.88513319965626,22.084659141614686,45.234,-13.095238095238093,https://finance.naver.com/item/main.naver?code=352090
미래컴퍼니,KOSDAQ,11060.0,97525797040,-3.63,0.89,-3154.0,12792.0,0.21031,23340149330.0,4486775600.0,5574473290.0,,16.67937,디스플레이장비및부품,21750.0,8000.0,0.031894273,8817884,049950,14978.0,16822.35,0.8903631181137001,181432465.75,12.259371833839916,-21.52974504249292,1.7310898893436413,-24.65603502188868,19.223422852025084,21.031,-49.149425287356316,https://finance.naver.com/item/main.naver?code=049950
씨씨에스,KOSDAQ,2205.0,97355245995,-9.93,3.56,-222.0,620.0,0.17237,4564175030.0,-737515980.0,-597573300.0,,966.7929,방송과엔터테인먼트,1493.0,1493.0,0.0030755318,44152039,066790,,,,,,,,-35.80645161290323,-16.158801429663843,17.237,47.68921634293368,https://finance.naver.com/item/main.naver?code=066790
오상헬스케어,KOSDAQ,6730.0,96302369680,28.54,0.32,226.0,20439.0,0.22283,19136783670.0,-8083381930.0,-4270745470.0,,-38.0877,생명과학도구및서비스,14630.0,5200.0,0.010690024,14309416,036220,319287.0,275161.55,1.1603619764462005,2067776363.5,20.60390763765543,-27.30192719486081,1.1603619764462005,1.1057292431136554,-42.24002355564069,22.283,-53.998632946001365,https://finance.naver.com/item/main.naver?code=036220
윈팩,KOSDAQ,3545.0,96743209525,-6.98,1.7,-560.0,2305.0,1.14329,30184870610.0,794949160.0,126508220.0,,32.96274,반도체와반도체장비,4535.0,1324.0,0.0187509401,27290045,097800,866507.0,1086785.7,0.7973117423241768,4046670027.0,95.17543859649122,757.8313253012049,8.362570468124488,-24.295010845986983,2.633601350395187,114.329,-21.83020948180816,https://finance.naver.com/item/main.naver?code=097800
링네트,KOSDAQ,4345.0,96855020680,7.75,0.75,562.0,5843.0,0.53462,57974359780.0,621073390.0,1710662770.0,,32.07185,IT서비스,7400.0,3410.0,0.0487056654,22291144,042500,36115.0,99056.55,0.3645897217296585,428473782.05,8.3437110834371,9.571788413098247,1.8592208188151111,9.618346739688516,1.0712897776824746,53.461999999999996,-41.283783783783775,https://finance.naver.com/item/main.naver?code=042500
SCL사이언스,KOSDAQ,2870.0,97628924890,-23.67,3.95,-120.0,719.0,2.44584,7590079040.0,405628350.0,-129799940.0,,-10.95779,건강관리업체및서비스,3250.0,1389.0,0.0070367072,34017047,246960,190350.0,138852.7,1.3708771957621277,352088506.1,60.202360876897146,27.516778523489926,1.8040340591144428,-16.689847009735743,5.3441913827553496,244.584,-11.69230769230769,https://finance.naver.com/item/main.naver?code=246960
세이브존I&C,KOSPI,2360.0,96856512200,11.51,0.18,205.0,13059.0,0.28939,31291394570.0,2686355680.0,31438310450.0,,32.7479,백화점과일반상점,4135.0,2050.0,0.0926361133,41040895,067830,15452.0,26645.2,0.5799168330506057,62131668.55,1.2875536480686733,-24.35897435897436,1.5351357843063667,1.5697986063251397,8.584966304363723,28.938999999999997,-42.926239419588875,https://finance.naver.com/item/main.naver?code=067830
한국첨단소재,KOSDAQ,3150.0,94885632450,-4.68,4.98,-678.0,638.0,0.68091,1187772170.0,-595910620.0,1481483050.0,,-391.40909,통신장비,10104.346,1815.0,0.0171054301,30122423,062970,6272564.0,5895694.9,1.0639227616747942,18022407944.85,59.158415841584166,5.065359477124187,1.0639227616747942,-106.26959247648904,-50.17044809190975,68.09100000000001,-68.82529557083654,https://finance.naver.com/item/main.naver?code=062970
씨이랩,KOSDAQ,10380.0,97388107920,-25.48,4.04,-425.0,2678.0,0.13377,2013914270.0,-2720024460.0,-2570658410.0,,32.07185,IT서비스,19100.0,3400.0,0.0192138716,9382284,189330,84718.0,265584.55,0.31898692902128534,3056044223.5,-18.22503961965135,127.31277533039646,0.6982409180052078,-15.87005227781927,-135.06158134526748,13.377,-45.6544502617801,https://finance.naver.com/item/main.naver?code=189330
레이저쎌,KOSDAQ,6430.0,93897566490,-3.71,4.65,-1837.0,1467.0,1.01687,2061285500.0,-1050574200.0,-3623551490.0,,32.96274,반도체와반도체장비,14640.0,1573.0,0.0360299562,14603043,412350,334268.0,397907.0,0.8400656434795065,2353286648.6,50.169875424688556,-9.673024523160766,2.6504560110779654,-125.22154055896387,-50.966942716086635,101.687,-56.0792349726776,https://finance.naver.com/item/main.naver?code=412350
블루콤,KOSDAQ,5750.0,98325000000,5.67,0.51,998.0,11033.0,0.15857,1942281500.0,158708700.0,572954250.0,,44.59822,부동산,5840.0,2685.0,0.0152328655,17100000,033560,21181.0,17769.5,1.1919862686063198,86187028.95,48.751642575558485,67.70370370370371,1.6120318523312418,9.045590501223602,8.171251180634732,15.857,-1.5410958904109595,https://finance.naver.com/item/main.naver?code=033560
동아엘텍,KOSDAQ,5540.0,96868639560,2.03,0.59,2811.0,9726.0,1.34357,55481522480.0,990686720.0,2724324730.0,,16.67937,디스플레이장비및부품,14620.0,3545.0,0.106389625,17485314,088130,62218.0,67839.0,0.9171420569289052,379642176.25,17.78487752928648,-27.522935779816514,2.36215156473415,28.901912399753236,1.7856155990620535,134.357,-62.106703146374834,https://finance.naver.com/item/main.naver?code=088130
나노,KOSDAQ,3180.0,98073839400,13.97,2.3,229.0,1393.0,1.66415,25950413450.0,582526310.0,383360220.0,,-33.60183,화학,7560.0,1685.0,0.0238005916,30840830,187790,71018.0,225779.95,0.3145452020872535,717507645.2,-1.8779342723004744,-15.040650406504064,0.7472718458835693,16.439339554917446,2.2447669711404923,166.415,-57.93650793650793,https://finance.naver.com/item/main.naver?code=187790
진흥기업,KOSPI,6560.0,95429461440,-3.36,0.4,-1950.0,16440.0,1.21915,220255855070.0,506610490.0,697696490.0,,35.6787,건설,16450.0,6210.0,0.0,14547174,002780,42716.0,206833.25,0.2065238543609405,709351620.6,621.7391304347826,596.7471143756559,0.2873087378359137,-11.861313868613138,0.23000999898004662,121.91499999999999,-60.121580547112465,https://finance.naver.com/item/main.naver?code=002780
다원시스,KOSDAQ,2530.0,96553495610,-0.49,-0.19,-5162.0,-13604.0,-2.2198,-1127637730.0,-22875101590.0,-24972429840.0,,178.59148,기계,5360.0,2015.0,0.0516161844,38163437,068240,,,,,,,,37.9447221405469,2028.5860415472264,-221.98000000000002,-52.79850746268657,https://finance.naver.com/item/main.naver?code=068240
LS티라유텍,KOSDAQ,4510.0,96947438060,-11.56,1.46,-398.0,3141.0,0.59787,16789687290.0,-2646097400.0,-6798073730.0,,32.07185,IT서비스,11660.0,3270.0,0.0211649496,21496106,322180,38904.0,64073.1,0.6071814848977184,268306489.85,17.454068241469823,-38.530219780219774,2.9145460419427187,-12.671123845908946,-15.76025422210231,59.787,-61.32075471698113,https://finance.naver.com/item/main.naver?code=322180
벽산,KOSPI,1461.0,95490960000,3.54,0.27,407.0,5403.0,0.7922,162600105890.0,9825089090.0,7627545880.0,,7.35428,건축자재,2275.0,1296.0,0.0258205324,65360000,007210,96752.0,52179.5,1.8542147778342069,74217624.35,-0.13642564802183177,-21.29032258064516,1.8542147778342069,7.532852119193041,6.042486280203738,79.22,-35.78021978021978,https://finance.naver.com/item/main.naver?code=007210
아남전자,KOSPI,1246.0,96097525720,17.49,0.72,71.0,1735.0,0.80783,67459513000.0,1678007000.0,2175655000.0,,45.00384,전자제품,1938.0,1024.0,0.0121737334,77124820,008700,123534.0,184355.25,0.6700866940323099,233103284.75,4.450041981528119,-21.85929648241206,1.3645339636381388,4.092219020172911,2.4874282742005565,80.783,-35.706914344685245,https://finance.naver.com/item/main.naver?code=008700
크라운제과,KOSPI,7670.0,96057929500,7.91,0.43,964.0,17790.0,0.55562,110668996160.0,3527298610.0,3027623160.0,,31.73003,식품,10160.0,7560.0,0.0272486496,12523850,264900,1815.0,7736.45,0.23460372651539144,60581683.5,-10.129564193168438,-8.62275449101796,0.8295794582786679,5.4187745924676785,3.1872509306042662,55.562,-24.507874015748033,https://finance.naver.com/item/main.naver?code=264900
드림씨아이에스,KOSDAQ,3905.0,96064733820,12.34,1.15,299.0,3211.0,0.89448,20011130040.0,2267023110.0,-4447331570.0,,47.93196,제약,8640.0,2360.0,0.4960946233,24600444,223250,756070.0,489901.45,1.5433103943660504,1828424594.1,26.63398692810457,-22.032193158953728,1.5433103943660504,9.31174089068826,11.328811043996394,89.44800000000001,-54.80324074074075,https://finance.naver.com/item/main.naver?code=223250
피에스텍,KOSDAQ,5200.0,95789564000,9.37,0.65,559.0,8061.0,0.36001,23333907470.0,1451469080.0,8774574510.0,,-86.37263,전기제품,16990.0,3715.0,0.0832663901,18421070,002230,28643.0,35273.5,0.8120260252030561,179791694.4,12.882096069868986,-43.5589519650655,1.3191772860646094,6.934623495844187,6.220428712448305,36.001,-69.39376103590347,https://finance.naver.com/item/main.naver?code=002230
뉴로핏,KOSDAQ,7820.0,95395132120,-3.55,4.89,-2302.0,1672.0,0.41928,782420640.0,-5232362280.0,-5659902660.0,,-61.00908,건강관리기술,36700.0,5480.0,0.0563959798,12198866,380550,64239.0,185204.65,0.34685414216111743,1458351247.25,-10.057803468208093,-63.38823529411764,0.7183836906902715,-137.6794258373206,-668.7403185069351,41.928,-78.69209809264305,https://finance.naver.com/item/main.naver?code=380550
대림제지,KOSDAQ,10800.0,94878000000,14.12,0.34,765.0,32201.0,0.16026,47589284810.0,6235889400.0,6083221000.0,,17.60036,포장재,10990.0,7070.0,0.0347973819,8785000,017650,10442.0,15840.1,0.6592130100188761,169705413.0,25.0,21.758737316798204,3.599093440066666,2.37570261793112,13.103557712406817,16.026,-1.7288444040036377,https://finance.naver.com/item/main.naver?code=017650
샘표,KOSPI,46800.0,94323902400,9.63,0.43,4834.0,107294.0,0.34185,100345032300.0,4401133670.0,1568660750.0,,31.73003,식품,73100.0,39750.0,0.056991726,2015468,007540,8741.0,72436.95,0.12067045893014547,4425932737.5,9.557109557109555,-13.602941176470583,0.14971640854563867,4.505377747124722,4.386000551419425,34.185,-35.978112175102595,https://finance.naver.com/item/main.naver?code=007540
위드텍,KOSDAQ,9680.0,94608448000,14.78,0.75,659.0,12943.0,0.27279,18301939470.0,2648170660.0,3383250170.0,,32.96274,반도체와반도체장비,12670.0,6700.0,0.0243810878,9773600,348350,11526.0,19061.55,0.6046727574620112,179837494.5,23.31210191082802,-1.3251783893985736,1.74938554314838,5.09155528084679,14.469344433909878,27.278999999999996,-23.599052880820835,https://finance.naver.com/item/main.naver?code=348350
황금에스티,KOSPI,5570.0,94690000000,5.23,0.24,1061.0,22693.0,0.27963,103997412140.0,12362902920.0,12101078170.0,,28.21512,비철금속,6580.0,4915.0,0.0518314118,17000000,032560,7625.0,13181.4,0.5784666272171394,73084731.75,6.704980842911867,-6.700167504187604,1.678198066973159,4.675450579473846,11.88770245874697,27.962999999999997,-15.34954407294833,https://finance.naver.com/item/main.naver?code=032560
KX하이텍,KOSDAQ,1228.0,94148414520,15.3,0.58,80.0,2108.0,0.39625,40447310190.0,7272672270.0,4309266240.0,,32.96274,반도체와반도체장비,2430.0,795.0,0.0682394853,76668090,052900,600764.0,689149.35,0.8717471764284477,759928146.75,4.2265426880811585,6.568712186689707,2.3789763423559784,3.795066413662239,17.98060794608305,39.625,-49.46502057613169,https://finance.naver.com/item/main.naver?code=052900
오성첨단소재,KOSDAQ,9610.0,93620706490,2.61,0.31,3720.0,30910.0,0.22869,11441072440.0,-2380272080.0,132993609200.0,,16.67937,디스플레이장비및부품,18060.0,6990.0,0.0,9742009,052420,13687.0,23229.2,0.5892152979870163,226005157.0,16.867469879518083,590.3914590747331,0.8420005854700119,12.034940148819153,-20.804623801507894,22.869,-46.78848283499446,https://finance.naver.com/item/main.naver?code=052420
위더스제약,KOSDAQ,7140.0,94245715200,18.94,0.96,376.0,7425.0,0.38575,29072007090.0,1076549230.0,1968271720.0,,47.93196,제약,11950.0,5910.0,0.0143716363,13199680,330350,56381.0,384929.0,0.1464711674100938,3002251210.5,14.606741573033698,-14.491017964071862,0.1464711674100938,5.063973063973064,3.7030440542590006,38.574999999999996,-40.2510460251046,https://finance.naver.com/item/main.naver?code=330350
이스트소프트,KOSDAQ,8050.0,94612310100,-4.9,1.74,-1715.0,4825.0,2.09591,29736292420.0,-331500390.0,-1329744300.0,,224.56969,소프트웨어,23350.0,6800.0,0.0404821476,11753082,047560,33046.0,36730.2,0.89969561831953,288854473.75,4.569190600522188,-41.36163982430454,3.6376061115920963,-35.5440414507772,-1.1148006796470695,209.591,-65.52462526766595,https://finance.naver.com/item/main.naver?code=047560
HL D&I,KOSPI,2505.0,94835795505,10.62,0.2,234.0,12211.0,2.50182,445593489410.0,26516343610.0,10550828810.0,,35.6787,건설,4120.0,2110.0,0.0268751347,37858601,014790,26994.0,34419.85,0.7842567588179495,86641724.85,2.4742268041237025,-25.263157894736842,1.1061059243430753,1.916304970927852,5.950792424079103,250.182,-39.19902912621359,https://finance.naver.com/item/main.naver?code=014790
금양그린파워,KOSDAQ,7710.0,93441345000,3915.0,0.99,2.0,7927.0,0.73466,84210500820.0,1798513200.0,1170737200.0,,-44.49442,에너지장비및서비스,20200.0,6200.0,0.0126706547,12119500,282720,13898.0,16352.95,0.8498772392748709,123049142.25,16.69172932330827,-47.10293115201091,1.5528085146716646,0.025230225810521003,2.1357350716204895,73.466,-61.83168316831683,https://finance.naver.com/item/main.naver?code=282720
리센스메디컬,KOSDAQ,8370.0,92067497370,-3.04,11.7,-2890.0,751.0,0.49895,1686868060.0,-2789695430.0,-2816018780.0,,-35.39576,건강관리장비와용품,39900.0,8060.0,0.0406978335,10999701,394420,117874.0,78968.05,1.4926796343584525,737765983.25,-39.34659090909091,-53.71273712737128,3.4975284308020775,-384.8202396804261,-165.37721569047906,49.895,-79.02255639097744,https://finance.naver.com/item/main.naver?code=394420
모베이스,KOSDAQ,4090.0,94671348610,7.77,0.25,525.0,16124.0,1.24933,332794351550.0,8352598880.0,6998894050.0,,9.77399,자동차부품,9140.0,2840.0,0.0351956616,23147029,101330,113496.0,76387.85,1.4857860248717563,286613482.25,26.16822429906542,-11.668484187568161,7.544799336543703,3.2560158769536094,2.509837934777893,124.933,-55.25164113785558,https://finance.naver.com/item/main.naver?code=101330
국제약품,KOSPI,4430.0,93738055760,12.18,0.74,280.0,4617.0,0.86384,48317716300.0,2133719620.0,1666952970.0,,47.93196,제약,5470.0,2810.0,0.032658057,21159832,002720,6108172.0,27726.2,220.30325107659903,91410414.2,30.678466076696175,-13.64522417153996,220.30325107659903,6.064544076239983,4.416019181767496,86.384,-19.012797074954292,https://finance.naver.com/item/main.naver?code=002720
씨싸이트,KOSDAQ,16060.0,93735828120,-71.87,1.75,-225.0,9236.0,0.96738,40406538300.0,1613323290.0,1754161500.0,,8.86194,"섬유,의류,신발,호화품",21650.0,2650.0,0.0066758021,5836602,109670,194813.0,210037.35,0.9275159870375436,2828244541.6,270.04608294930875,204.16666666666666,5.854282583550021,-2.43611953226505,3.9927283006077263,96.738,-25.81986143187067,https://finance.naver.com/item/main.naver?code=109670
엑셈,KOSDAQ,1387.0,93677111738,14.84,0.79,92.0,1717.0,0.10588,12644149490.0,2587951570.0,15045258190.0,,224.56969,소프트웨어,2375.0,1250.0,0.0510922414,67539374,205100,437494.0,441484.15,0.9909619631871268,617933853.9,-14.445133292002478,-25.0814332247557,1.6521770940134544,5.358182877111241,20.46758124812395,10.588000000000001,-41.6,https://finance.naver.com/item/main.naver?code=205100
MSDI,KOSDAQ,4725.0,95519499075,-20.87,2.58,-202.0,1631.0,0.85495,8493556490.0,511543620.0,-203613940.0,,108.08375,핸드셋,6274.035,1304.839,0.0,20215767,123010,482125.0,336326.4,1.43350328728283,1191705564.0,116.58878504672896,305.15734265734267,3.2910291906909475,-12.385039852851012,6.022725822831373,85.495,-24.689613621855788,https://finance.naver.com/item/main.naver?code=123010
SM C&C,KOSDAQ,980.0,94780327600,-46.82,1.22,-22.0,843.0,1.21474,27230261950.0,-1557345950.0,-4366299610.0,,10.92084,광고,1900.0,777.0,0.028668799,96714620,048550,1787911.0,320698.3,5.575056057359831,341762148.3,-35.86666666666667,-14.867256637168147,5.575056057359831,-2.6097271648873073,-5.719173590248918,121.47399999999999,-48.421052631578945,https://finance.naver.com/item/main.naver?code=048550
영보화학,KOSPI,4620.0,92400000000,5.41,0.48,863.0,9810.0,0.09647,31828213020.0,5060227260.0,4456935400.0,,-33.60183,화학,5410.0,4260.0,0.5256415,20000000,014440,11174.0,9676.55,1.1547504017444234,45561196.55,3.2186459489456087,-0.6410256410256387,1.1547504017444234,8.797145769622833,15.898559107984756,9.647,-14.602587800369681,https://finance.naver.com/item/main.naver?code=014440
대원미디어,KOSDAQ,7450.0,93713147700,15.88,0.85,454.0,8448.0,0.94729,124485053380.0,6994467330.0,3723756320.0,,966.7929,방송과엔터테인먼트,9640.0,3800.0,0.02896284,12578946,048910,47164.0,52179.05,0.9038876713930207,360316266.0,54.66946484784889,-2.770448548812665,3.6094562856165453,5.37405303030303,5.618720593426475,94.729,-22.71784232365145,https://finance.naver.com/item/main.naver?code=048910
아미노로직스,KOSDAQ,1045.0,93362381640,26.18,1.64,40.0,638.0,0.53537,8245846300.0,1983553520.0,989990210.0,,47.93196,제약,1940.0,855.0,0.0233573928,89341992,074430,96678.0,120639.85,0.801376991102028,128027996.05,-0.09606147934678733,-23.585598824393827,0.801376991102028,6.269592476489027,24.055184244702694,53.537,-46.134020618556704,https://finance.naver.com/item/main.naver?code=074430
웹케시,KOSDAQ,7190.0,93142394840,7.24,0.8,984.0,8851.0,0.19185,20326789990.0,3336009470.0,2782869680.0,,224.56969,소프트웨어,12970.0,5700.0,0.0257953337,12954436,053580,8591.0,10233.85,0.8394690170365992,72444451.25,18.181818181818187,-17.721518987341767,1.206974892147139,11.117387865777879,16.411885357408565,19.185,-44.56437933693138,https://finance.naver.com/item/main.naver?code=053580
모나용평,KOSPI,1911.0,91982799363,-3.09,0.26,-646.0,7586.0,1.76247,34022853450.0,-8194169140.0,-9197844250.0,,14.63454,"호텔,레스토랑,레저",4100.0,1860.0,0.0196275001,48133333,070960,64901.0,38952.4,1.6661617769380064,76905612.45,-17.68240343347639,-36.49006622516556,1.6661617769380064,-8.515686791457949,-24.084308954397827,176.24699999999999,-53.390243902439025,https://finance.naver.com/item/main.naver?code=070960
비투엔,KOSDAQ,1250.0,92874106250,-5.77,2.42,-223.0,531.0,0.59188,2726381960.0,-881550300.0,-2064595340.0,,32.07185,IT서비스,1692.0,521.0,0.0084431633,74299285,307870,261018.0,623032.25,0.41894781530169584,790130643.15,23.260437375745525,-6.766917293233088,1.1655110951319134,-41.99623352165725,-32.334071782077075,59.187999999999995,-26.12293144208038,https://finance.naver.com/item/main.naver?code=307870
한국수출포장,KOSPI,2785.0,93297335685,-25.56,0.34,-108.0,8011.0,0.3037,77202976110.0,-9728582440.0,889700080.0,,17.60036,포장재,3785.0,2150.0,0.0233757128,33499941,002200,30748.0,38713.55,0.7942438758522532,108060847.55,18.49462365591399,-5.000000000000004,3.461113744412486,-1.3481462988390962,-12.601304936921814,30.37,-26.420079260237785,https://finance.naver.com/item/main.naver?code=002200
뉴프렉스,KOSDAQ,3725.0,91265334725,10.46,0.85,360.0,4434.0,0.52931,37117508650.0,1420686160.0,1584280580.0,,307.43097,전자장비와기기,7280.0,2260.0,0.0230049181,24500761,085670,180685.0,316855.75,0.5702437150028049,1093186799.85,21.29032258064516,-32.252252252252255,3.4279226430323577,8.119079837618404,3.827536415216812,52.931,-48.832417582417584,https://finance.naver.com/item/main.naver?code=085670
삼영엠텍,KOSDAQ,7040.0,91520000000,10.68,1.15,666.0,6172.0,1.29837,131393130950.0,3176195380.0,1459936440.0,,19.27479,조선,22800.0,5160.0,0.0488223846,13000000,054540,98896.0,73023.95,1.3542954058223364,497478282.25,11.867088607594933,-36.818588025022336,2.871468881099968,10.790667530784187,2.4173222428261196,129.837,-69.12280701754385,https://finance.naver.com/item/main.naver?code=054540
동국S&C,KOSDAQ,1634.0,93371662000,-54.5,0.49,-30.0,3331.0,0.34113,5034036760.0,-3059603740.0,-12811090630.0,,-44.49442,에너지장비및서비스,2795.0,1229.0,0.019793798,57143000,100130,233076.0,1433625.15,0.16257806303133007,2220410809.05,5.31496062992125,-29.450549450549445,3.3445221018897446,-0.9006304413089163,-60.77833527779006,34.113,-41.53846153846153,https://finance.naver.com/item/main.naver?code=100130
정상제이엘에스,KOSDAQ,5830.0,91400128160,13.13,1.04,444.0,5585.0,0.29033,24890996790.0,2628889080.0,2844648770.0,,10.63048,교육서비스,6850.0,5530.0,0.0436070631,15677552,040420,8070.0,10484.15,0.7697333594044343,60919899.25,0.3436426116838476,0.6896551724137945,1.0004626030722568,7.949865711727842,10.561606279488817,29.032999999999998,-14.890510948905112,https://finance.naver.com/item/main.naver?code=040420
NI스틸,KOSPI,3205.0,91663374985,4.87,0.34,673.0,9590.0,0.99082,76242949640.0,7905056990.0,4732064510.0,,7.35428,건축자재,4650.0,2800.0,0.0083426931,28600117,008260,45898.0,67718.35,0.6777778844286666,227785897.0,3.5598705501618033,-12.208504801097398,1.758016844769549,7.017726798748697,10.368246542566476,99.08200000000001,-31.075268817204304,https://finance.naver.com/item/main.naver?code=008260
KTis,KOSPI,2620.0,91181240000,2.19,0.33,1188.0,7801.0,0.85489,155355530000.0,7127065030.0,5790447010.0,,15.86565,상업서비스와공급품,3210.0,2370.0,0.0597098155,34802000,058860,66377.0,308853.25,0.21491436466995248,837352423.95,3.34645669291338,-7.4074074074074066,0.34435447902847066,15.228816818356622,4.587583737765884,85.489,-18.38006230529595,https://finance.naver.com/item/main.naver?code=058860
한일사료,KOSDAQ,2335.0,92007604475,14.29,0.56,162.0,4159.0,0.35521,119772795030.0,-377176920.0,-229457900.0,,31.73003,식품,5340.0,2000.0,0.0253207283,39403685,005860,219119.0,817753.65,0.2679523350339066,2095954974.25,-3.1446540880503138,-37.98657718120806,0.2679523350339066,3.8951671074777594,-0.31491034329250384,35.521,-56.27340823970037,https://finance.naver.com/item/main.naver?code=005860
KTcs,KOSPI,2200.0,91089790000,3.57,0.39,616.0,5605.0,0.88871,238407515950.0,9655374110.0,7601425530.0,,15.86565,상업서비스와공급품,3135.0,2040.0,0.056268831,41404450,058850,42849.0,99098.85,0.43238645049866875,215013868.05,-0.6756756756756799,-15.02890173410405,0.8433296652786586,10.990187332738627,4.049945351565583,88.871,-29.824561403508774,https://finance.naver.com/item/main.naver?code=058850
팜스코,KOSPI,2450.0,89983460350,2.1,0.41,1169.0,5917.0,4.45611,433735332760.0,20265044070.0,-3912455620.0,,31.73003,식품,4865.0,2185.0,0.0073416853,36727943,036580,22474.0,35219.55,0.6381115034121674,91482227.5,-8.333333333333337,-23.136645962732917,0.7993855685265712,19.756633429102585,4.672214260490812,445.611,-49.64028776978417,https://finance.naver.com/item/main.naver?code=036580
에이치엔에스하이텍,KOSDAQ,11840.0,90995432000,9.89,0.84,1216.0,14317.0,0.16071,22825812730.0,1967339640.0,1532525250.0,,307.43097,전자장비와기기,24200.0,8500.0,0.0266186971,7685425,044990,11119.0,11130.4,0.9989757780493065,121129100.75,3.866432337434089,-23.24675324675325,1.618180838065119,8.493399455193128,8.618924825464473,16.070999999999998,-51.074380165289256,https://finance.naver.com/item/main.naver?code=044990
에스와이,KOSDAQ,1861.0,91016671400,-6.21,0.52,-302.0,3640.0,1.27228,152403501400.0,-1013344000.0,-5364618900.0,,7.35428,건축자재,3440.0,1479.0,0.0205317805,48907400,109610,83566.0,86502.0,0.9660585882407343,167196178.3,-26.107784431137727,-31.823204419889507,2.7915077108043747,-8.296703296703296,-0.6649086081955332,127.22800000000001,-45.90116279069767,https://finance.naver.com/item/main.naver?code=109610
상상인증권,KOSPI,4180.0,90569832320,-15.73,0.47,-275.0,9195.0,7.00305,58667594290.0,2179641990.0,2607396190.0,,7.94241,증권,8910.0,2935.0,0.0,21667424,001290,38283.0,291885.55,0.13115757186335536,489289144.65,369.066366704162,253.98981324278438,0.16053209896824286,-2.990755845568244,3.7152401021010064,700.305,-53.086419753086425,https://finance.naver.com/item/main.naver?code=001290
서원인텍,KOSDAQ,4845.0,90117000000,13.7,0.42,354.0,11528.0,0.15229,43656330250.0,1245789690.0,2532681740.0,,108.08375,핸드셋,5750.0,4500.0,0.035847957,18600000,093920,8633.0,7306.6,1.181534503052035,35189853.95,0.4145077720207224,-5.37109375,1.4496482632140804,3.070784177654407,2.8536289762926192,15.229000000000001,-15.739130434782611,https://finance.naver.com/item/main.naver?code=093920
풍국주정,KOSDAQ,7080.0,89208000000,8.81,0.52,812.0,13637.0,0.15117,41862904810.0,4399306250.0,3742772370.0,,-33.60183,화학,13140.0,6500.0,0.0146222222,12600000,023900,6277.0,10730.6,0.5849626302350288,79666127.0,2.145922746781115,-25.702393340270547,0.7465565765194863,5.954388795189558,10.508841347648469,15.116999999999999,-46.11872146118722,https://finance.naver.com/item/main.naver?code=023900
아진산업,KOSDAQ,2325.0,90225303150,3.9,0.26,598.0,8952.0,3.48987,222117996370.0,5899713850.0,-2584248450.0,,9.77399,자동차부품,4895.0,2205.0,0.0309425602,38806582,013310,51378.0,74786.6,0.6869947290022543,171521653.05,-9.037328094302556,-26.038338658146966,1.2006295245404925,6.680071492403932,2.6561169947582126,348.98699999999997,-52.50255362614913,https://finance.naver.com/item/main.naver?code=013310
까뮤이앤씨,KOSPI,1500.0,89626245000,4.55,0.81,336.0,1881.0,1.32834,109250618990.0,12194238760.0,8716943510.0,,35.6787,건설,2005.0,997.0,0.0153973928,59750830,013700,130064.0,149775.5,0.8683930282322543,244402248.0,13.092550790067726,19.380460683081814,1.3902073436576743,17.862838915470494,11.161711368533457,132.834,-25.187032418952615,https://finance.naver.com/item/main.naver?code=013700
티에이치엔,KOSPI,4945.0,89010000000,1.32,0.4,3815.0,12483.0,1.53802,287696640830.0,15499731790.0,13210056250.0,,9.77399,자동차부품,10270.0,4845.0,0.0795885,18000000,019180,47970.0,59526.65,0.8058575444779775,300862840.25,-13.754325259515577,-39.93975903614457,0.8622188549162434,30.56156372666827,5.387526161335611,153.802,-51.85004868549172,https://finance.naver.com/item/main.naver?code=019180
알파칩스,KOSDAQ,13400.0,89267342800,-42.96,1.62,-240.0,6356.0,0.69577,20999360860.0,-1157748980.0,-860215960.0,,32.96274,반도체와반도체장비,21300.0,6340.0,0.0093191841,6661742,117670,599090.0,124449.7,4.813912769576785,1466674181.0,55.632984901277595,-13.881748071979437,4.813912769576785,-3.775959723096287,-5.5132581782777175,69.577,-37.08920187793427,https://finance.naver.com/item/main.naver?code=117670
인트론바이오,KOSDAQ,2865.0,88504886670,-10.02,1.28,-283.0,2210.0,0.09971,2034765640.0,-1636052820.0,-2258879680.0,,-38.0877,생명과학도구및서비스,7010.0,2250.0,0.024376243,30891758,048530,258255.0,53886.25,4.792595513697836,152573214.2,21.729957805907162,-31.14558472553699,4.792595513697836,-12.805429864253393,-80.40497577893049,9.971,-59.129814550641946,https://finance.naver.com/item/main.naver?code=048530
케이엔에스,KOSDAQ,10100.0,88592715600,-82.13,1.63,-127.0,6412.0,0.80635,17233778850.0,1716276410.0,-21122340.0,,-86.37263,전기제품,20400.0,5920.0,0.006031427,8771556,432470,34871.0,276635.2,0.12605409579113575,2929019307.75,50.07407407407407,-24.459358687546604,0.4621935314088735,-1.9806612601372424,9.958793279977595,80.635,-50.49019607843137,https://finance.naver.com/item/main.naver?code=432470
삼아제약,KOSDAQ,14000.0,89180000000,6.59,0.37,2120.0,37375.0,0.08766,18779042200.0,1869015190.0,4351469950.0,,47.93196,제약,17130.0,11950.0,0.0281880691,6370000,009300,560.0,1164.75,0.480789869070616,16170709.25,10.592885375494077,-12.233375156838145,1.5720111611933891,5.672240802675585,9.95266515775762,8.766,-18.272037361354354,https://finance.naver.com/item/main.naver?code=009300
청담글로벌,KOSDAQ,4245.0,87841432665,45.11,0.98,93.0,4268.0,0.82187,65904018610.0,1946827650.0,-938213020.0,,17.6157,인터넷과카탈로그소매,9050.0,3290.0,0.0,20692917,362320,41776.0,88063.85,0.4743830754617246,408938525.6,-9.619450317124734,-13.983903420523136,0.5712446139931424,2.1790065604498596,2.95403480859147,82.187,-53.0939226519337,https://finance.naver.com/item/main.naver?code=362320
싸이닉솔루션,KOSDAQ,3750.0,88518750000,49.49,2.53,79.0,1548.0,1.20884,49996308220.0,753029910.0,1045787600.0,,32.96274,반도체와반도체장비,12700.0,1959.0,0.0280731625,23605000,234030,188577.0,481470.35,0.39166897816241436,1807249939.15,20.064205457463878,-45.241581259150806,2.683550503161825,5.103359173126615,1.506171029041632,120.88399999999999,-70.4724409448819,https://finance.naver.com/item/main.naver?code=234030
아주스틸,KOSPI,2285.0,88556120990,-2.09,0.6,-1092.0,3813.0,7.09948,294487892270.0,1057025560.0,-8769055060.0,,42.40289,철강,4545.0,1955.0,0.1470262194,38755414,139990,14054.0,23202.9,0.6057001495502717,51927432.05,8.571428571428562,-24.252491694352162,5.304552448185356,-28.638867033831627,0.3589368485923593,709.948,-49.72497249724972,https://finance.naver.com/item/main.naver?code=139990
한켐,KOSDAQ,10830.0,87367061220,15.35,1.49,734.0,7581.0,0.04579,6657890720.0,413811140.0,417141980.0,,16.67937,디스플레이장비및부품,17040.0,5460.0,0.0130168905,8067134,457370,279775.0,2164386.3,0.12926296936919257,23386344492.25,46.4524765729585,31.017964071856284,0.795839910832923,9.682099986809128,6.215348935616054,4.579,-36.443661971830984,https://finance.naver.com/item/main.naver?code=457370
스모트로닉,KOSDAQ,2290.0,88572475730,-8.31,1.12,-275.0,2034.0,2.06868,105230489990.0,3035466720.0,3063978460.0,,9.77399,자동차부품,4200.0,1777.0,0.0174905399,38677937,066590,61736.0,72246.7,0.8545165384716534,169342883.4,-2.985074626865669,-18.894830659536545,1.7777144146376236,-13.52015732546706,2.8845886019236997,206.868,-45.47619047619048,https://finance.naver.com/item/main.naver?code=066590
동국생명과학,KOSDAQ,2740.0,87636543600,10.2,0.68,275.0,4107.0,0.63952,24257952550.0,21875370.0,-887872160.0,,-35.39576,건강관리장비와용품,4160.0,2155.0,0.0159098541,31984140,303810,939898.0,3621218.6,0.2595529582224061,11229759854.65,14.583333333333325,-19.472913616398245,1.2978175357875386,6.695885074263453,0.0901781383029377,63.952,-34.13461538461539,https://finance.naver.com/item/main.naver?code=303810
에이치피오,KOSDAQ,2120.0,87542169120,10.44,0.58,204.0,3681.0,0.39154,78492968840.0,3896301660.0,2387171880.0,,-10.95779,건강관리업체및서비스,3295.0,1926.0,0.0100976241,41293476,357230,11661.0,22735.1,0.512907354707039,48369190.35,-2.9748283752860427,-12.396694214876035,0.8784214716451655,5.541972290138549,4.963886215008912,39.153999999999996,-35.66009104704098,https://finance.naver.com/item/main.naver?code=357230
아이크래프트,KOSDAQ,5940.0,86771139840,7.42,1.63,842.0,3826.0,0.89287,40029794860.0,-291419290.0,-1694874240.0,,32.07185,IT서비스,8610.0,2250.0,0.0703573729,14607936,052460,167600.0,224473.6,0.74663568455266,1253067779.65,86.87499999999999,83.15467075038285,0.74663568455266,22.007318348144274,-0.728005954112951,89.287,-31.010452961672474,https://finance.naver.com/item/main.naver?code=052460
삼원강재,KOSPI,2195.0,87229203420,8.2,0.34,269.0,6511.0,0.20096,93327024340.0,2599678370.0,4324189060.0,,9.77399,자동차부품,2530.0,2050.0,0.0073737122,39739956,023000,12515.0,12548.7,0.9973144628527257,27635223.65,-2.0134228187919434,-6.209850107066384,1.0900730752986365,4.1314698203041,2.785557975714626,20.096,-13.24110671936759,https://finance.naver.com/item/main.naver?code=023000
빅텍,KOSDAQ,2950.0,87012618850,19.38,1.41,154.0,2116.0,1.03558,22574277310.0,624364990.0,-567383410.0,,41.29186,우주항공과국방,7050.0,2500.0,0.0,29495803,065450,351813.0,866074.75,0.4062155143075121,2652458721.0,-1.3333333333333308,-38.46153846153846,5.053888246944043,7.277882797731569,2.7658249317395316,103.55799999999999,-58.156028368794324,https://finance.naver.com/item/main.naver?code=065450
오늘이엔엠,KOSDAQ,3500.0,88150681500,-0.53,25.15,-6397.0,136.0,5.70312,4531139330.0,-1564081850.0,-8109776350.0,,-391.40909,통신장비,8600.0,1362.586,0.0001275316,25185909,192410,26531.0,69831.55,0.3799285566481053,297108637.6,7.800312012480504,-24.645583424209384,0.961069888896924,-4703.676470588235,-34.51851148439525,570.312,-59.302325581395344,https://finance.naver.com/item/main.naver?code=192410
창해에탄올,KOSDAQ,9480.0,87129589800,5.35,0.5,1749.0,18768.0,0.32873,31100200620.0,4426211000.0,3463682300.0,,16.42155,음료,13460.0,8770.0,0.0182069518,9190885,004650,28026.0,9580.5,2.925317050258337,89012522.0,1.2889366272824887,-2.9835390946502005,2.925317050258337,9.319053708439897,14.232097902138872,32.873000000000005,-29.56909361069836,https://finance.naver.com/item/main.naver?code=004650
크레버스,KOSDAQ,8470.0,86717384600,12.02,1.52,702.0,5570.0,2.6762,55501418480.0,2394474400.0,2918957390.0,,10.63048,교육서비스,13070.0,7900.0,0.0253270601,10238180,096240,2232.0,6567.75,0.3398424117848578,56042832.75,0.5945303210463715,-25.462555066079297,1.5841041452552245,12.603231597845602,4.314258023626643,267.62,-35.19510328997705,https://finance.naver.com/item/main.naver?code=096240
선진뷰티사이언스,KOSDAQ,7020.0,85667025600,14.11,0.99,496.0,7045.0,0.98075,23572034610.0,1676131380.0,2310684060.0,,42.55038,화장품,11880.0,6000.0,0.0193043182,12203280,086710,7590.0,5956.6,1.2742168351072758,41239904.0,-0.9817671809256634,-29.11646586345381,1.2742168351072758,7.0404542228530875,7.1106775793080335,98.075,-40.90909090909091,https://finance.naver.com/item/main.naver?code=086710
파로스아이바이오,KOSDAQ,6650.0,86090447800,-7.28,5.62,-831.0,1076.0,1.70146,,-2280091590.0,-2334621520.0,,-66.93263,생물공학,12120.0,3710.0,0.0175071984,12945932,388870,120041.0,56277.5,2.1330194127315534,323115190.75,30.3921568627451,-36.11911623439001,2.1330194127315534,-77.23048327137546,,170.146,-45.132013201320134,https://finance.naver.com/item/main.naver?code=388870
에스트래픽,KOSDAQ,3135.0,85296390300,17.31,0.82,180.0,3783.0,0.82576,18799815570.0,-2708230140.0,-2521649660.0,,32.07185,IT서비스,3990.0,2420.0,0.0177265841,27207780,234300,34552.0,171681.35,0.20125657213203413,521731351.55,12.54480286738351,-7.917888563049857,0.4747807493359063,4.758128469468676,-14.405620788757556,82.57600000000001,-21.42857142857143,https://finance.naver.com/item/main.naver?code=234300
동방,KOSPI,1818.0,87212670588,5.09,0.5,360.0,3677.0,2.89537,242037009930.0,5284654290.0,1368195450.0,,8.43618,항공화물운송과물류,3225.0,1617.0,0.048914647,47971766,004140,121358.0,91826.6,1.3215996236384664,164418537.2,-0.6582556226001124,-33.419117647058826,1.3318580890504494,9.790590155017677,2.183407525786402,289.53700000000003,-43.62790697674419,https://finance.naver.com/item/main.naver?code=004140
로스웰,KOSDAQ,1939.0,89251599934,,,,,1.15542,234198078000.0,5825487000.0,7325102000.0,,-391.40909,통신장비,2145.0,857.0,0.5751720422,46029706,900260,9712.0,38072.2,0.2550942682587295,70626763.7,17.38594327990135,12.930011862396196,6.752853788328492,,2.487418790857882,115.54199999999999,-9.603729603729604,https://finance.naver.com/item/main.naver?code=900260
오스테오닉,KOSDAQ,4205.0,86882032205,11.23,1.25,374.0,3363.0,0.57818,13183087920.0,2421580540.0,1818099070.0,,-35.39576,건강관리장비와용품,7740.0,3710.0,0.0671051096,20661601,226400,55497.0,101501.05,0.5467628167393342,412523906.4,-4.0000000000000036,-39.13043478260869,1.5067922942669065,11.12102289622361,18.368841615068284,57.818000000000005,-45.671834625322994,https://finance.naver.com/item/main.naver?code=226400
바이오에프디엔씨,KOSDAQ,9840.0,85565688000,12.79,1.22,782.0,8184.0,0.0469,5362219500.0,2102923480.0,1969840060.0,,-66.93263,생물공학,18180.0,6330.0,0.1075164737,8695700,251120,8149.0,15648.9,0.5207394768961396,144438575.5,16.04215456674474,-29.96466431095406,2.6199285572787865,9.555229716520039,39.21740764248834,4.6899999999999995,-45.87458745874587,https://finance.naver.com/item/main.naver?code=251120
피제이전자,KOSDAQ,5750.0,85473750000,9.33,0.63,629.0,9377.0,0.41712,50657912840.0,1755981390.0,1841019240.0,,-35.39576,건강관리장비와용품,12250.0,3980.0,0.0203397915,14865000,006140,461602.0,236534.85,1.9515179264281775,1310198392.55,32.41061130334486,-12.89833080424886,11.020181592691308,6.707902314172977,3.466351635027212,41.711999999999996,-53.06122448979591,https://finance.naver.com/item/main.naver?code=006140
중앙백신,KOSDAQ,9240.0,85532656440,13.95,0.8,656.0,11383.0,0.16097,11901478580.0,1143505640.0,1288899450.0,,47.93196,제약,10350.0,8560.0,0.0234640962,9256781,072020,9469.0,6618.6,1.4306650953373825,60692725.0,0.0,0.8762322015334112,2.0245973468709395,5.762979882280594,9.608097282312631,16.097,-10.724637681159422,https://finance.naver.com/item/main.naver?code=072020
동양고속,KOSPI,29250.0,84695393250,19.81,1.08,1136.0,20914.0,1.92742,33678029660.0,-1403800940.0,-2195818300.0,,13.96904,도로와철도운송,172800.0,7170.0,0.0395321265,2895569,084670,99250.0,8615.35,11.52013557197328,206390637.5,8.93854748603351,-27.77777777777778,11.52013557197328,5.431768193554556,-4.168298900417324,192.742,-83.07291666666666,https://finance.naver.com/item/main.naver?code=084670
강동씨앤엘,KOSDAQ,1415.0,86218632840,132.09,0.66,11.0,2208.0,2.17661,19655028310.0,2456859240.0,1624772510.0,,7.35428,건축자재,2930.0,910.0,0.0078393917,60931896,198440,610457.0,2415540.75,0.25272063822562296,4793428550.75,-26.51041666666667,29.56841138659321,0.26247911570111165,0.4981884057971014,12.499901812657322,217.661,-51.70648464163823,https://finance.naver.com/item/main.naver?code=198440
스톤브릿지벤처스,KOSDAQ,4645.0,84621820350,7.33,0.87,637.0,5362.0,0.20075,15995221330.0,1726190000.0,583869040.0,,15.23109,창업투자,7270.0,4000.0,0.0215459251,18217830,330730,24232.0,28356.8,0.8545392992157084,132598330.05,4.677060133630295,-21.92691029900332,1.291365739434633,11.879895561357703,10.79191068623994,20.075000000000003,-36.10729023383769,https://finance.naver.com/item/main.naver?code=330730
블랙야크아이앤씨,KOSDAQ,3400.0,87823013200,-14.5,2.24,-229.0,1484.0,1.46604,24875955800.0,5868202970.0,4958059500.0,,8.86194,"섬유,의류,신발,호화품",4150.0,2010.0,0.0150650991,25830298,478560,27639.0,47016.45,0.5878580794594233,150356367.85,28.626692456479685,5.221518987341778,2.001086853643778,-15.431266846361186,23.589859288944385,146.604,-18.07228915662651,https://finance.naver.com/item/main.naver?code=478560
로보로보,KOSDAQ,4130.0,84039115020,-63.58,2.9,-67.0,1469.0,0.08501,2218118040.0,-1207454900.0,-1318931080.0,,10.63048,교육서비스,15300.0,3135.0,0.0234104763,20348454,215100,54600.0,69954.9,0.7805028668470687,290313175.8,14.917127071823199,-40.143884892086334,1.2748785288807505,-4.560925799863853,-54.43600738218603,8.501,-73.00653594771242,https://finance.naver.com/item/main.naver?code=215100
HLB바이오스텝,KOSDAQ,4855.0,84634282580,-3.33,0.67,-1120.0,5610.0,0.50883,15965913250.0,-1893184190.0,-3516183140.0,,-38.0877,생명과학도구및서비스,10100.0,1500.0,0.006502319,17432396,278650,6712463.0,344123.05,19.505996474226297,1143869393.8,74.64028776978418,275.193199381762,19.505996474226297,-19.964349376114082,-11.857663012167501,50.883,-51.93069306930693,https://finance.naver.com/item/main.naver?code=278650
쎄니트,KOSDAQ,2545.0,86104783945,-15.72,0.91,-159.0,2744.0,1.36474,36524731470.0,725961620.0,-258217770.0,,42.40289,철강,2730.0,1601.0,0.0036500543,33832921,037760,9450.0,40576.0,0.23289629337539433,97160537.0,4.602510460251041,27.29124236252545,3.745908911671924,-5.794460641399417,1.9875892054025825,136.47400000000002,-6.776556776556775,https://finance.naver.com/item/main.naver?code=037760
디앤씨미디어,KOSDAQ,6830.0,83637181630,10.76,0.9,642.0,7665.0,0.17159,15935034930.0,2249569130.0,2164972820.0,,1.95894,출판,15220.0,5780.0,0.0150899579,12245561,263720,10502.0,6945.65,1.5120255123710524,48295086.0,-4.56431535269709,-39.79057591623037,1.5120255123710524,8.37573385518591,14.11712707177605,17.159,-55.124835742444155,https://finance.naver.com/item/main.naver?code=263720
탑머티리얼,KOSDAQ,10410.0,85279167630,-2.75,0.77,-3837.0,13681.0,0.91482,5082813710.0,-9646573000.0,-10048772820.0,,307.43097,전자장비와기기,28650.0,6520.0,0.0,8192043,360070,10843.0,13372.6,0.8108370847853072,119850830.75,22.97619047619048,-42.031425364758704,1.8036881384323167,-28.046195453548716,-189.78804950142467,91.482,-63.66492146596858,https://finance.naver.com/item/main.naver?code=360070
로젠,KOSDAQ,1529.0,85862984229,3.8,0.2,400.0,7584.0,1.40182,190148236920.0,2880726320.0,-1811518190.0,,8.43618,항공화물운송과물류,2485.0,1390.0,0.0,56156301,033290,18441.0,14002.05,1.31702143614685,21288520.45,-0.9765625,-25.441176470588232,2.5529833131577164,5.274261603375527,1.5149897609684342,140.18200000000002,-38.47082494969819,https://finance.naver.com/item/main.naver?code=033290
테라젠이텍스,KOSDAQ,2270.0,84335893520,7.65,0.6,296.0,3789.0,0.675,69256482440.0,2646694300.0,-7181381750.0,,47.93196,제약,3470.0,1845.0,0.0206453014,37152376,066700,40563.0,52752.35,0.7689325688808176,115596498.75,13.250000000000007,-19.680851063829785,0.901950339653115,7.81208762206387,3.8215834919033758,67.5,-34.582132564841494,https://finance.naver.com/item/main.naver?code=066700
대봉엘에스,KOSDAQ,7640.0,84701463560,8.36,0.6,919.0,12898.0,0.57489,33650372440.0,3670051140.0,1808261560.0,,47.93196,제약,13170.0,6780.0,0.0489712832,11086579,078140,13047.0,27010.1,0.4830415289095561,212702800.5,4.958677685950419,-24.629080118694358,0.7925924006205086,7.12513567995038,10.906420565014109,57.489000000000004,-41.98936977980258,https://finance.naver.com/item/main.naver?code=078140
한성크린텍,KOSDAQ,1550.0,83345364650,802.5,1.38,2.0,1161.0,1.76146,50483710910.0,1501748810.0,-664350490.0,,35.6787,건설,2745.0,1074.0,0.0145748645,53771203,066980,459621.0,197340.3,2.3290782470686424,298766954.45,-18.053375196232334,11.221590909090917,2.3290782470686424,0.17226528854435832,2.974719534142899,176.14600000000002,-43.533697632058285,https://finance.naver.com/item/main.naver?code=066980
동신건설,KOSDAQ,10110.0,84924000000,555.56,0.86,18.0,11585.0,0.10986,9753076410.0,-573146780.0,234016920.0,,35.6787,건설,30200.0,8170.0,0.008380119,8400000,025950,19192.0,15491.3,1.2388889247513122,155795270.25,-33.37774816788808,-32.84083277367361,1.4890293261378968,0.15537332757876565,-5.8765742818578,10.986,-66.52317880794702,https://finance.naver.com/item/main.naver?code=025950
셀루메드,KOSDAQ,1009.0,83975227728,-24.61,6.59,-41.0,153.0,1.82949,30813927150.0,1564142100.0,2630369000.0,,35.6787,건설,2975.0,650.0,0.0168182271,83226192,049180,,,,,,,,-26.797385620915033,5.076088135036692,182.949,-66.08403361344537,https://finance.naver.com/item/main.naver?code=049180
사조오양,KOSPI,9050.0,85275760800,8.03,0.34,1123.0,26231.0,0.76506,92117106930.0,475656990.0,2150486800.0,,31.73003,식품,10530.0,7550.0,0.0388950725,9422736,006090,3252.0,4740.9,0.685945706511422,42051232.75,11.514392991239042,8.131067961165051,0.685945706511422,4.281194007090846,0.5163611905022732,76.506,-14.055080721747393,https://finance.naver.com/item/main.naver?code=006090
츌립앤사이언스,KOSDAQ,2735.0,83471163435,-4.67,1.88,-552.0,1372.0,0.62229,2392023160.0,-3083022170.0,-4255046820.0,,-38.0877,생명과학도구및서비스,3996.0,1350.0,0.2021722354,30519621,291650,142553.0,39677.25,3.592814522175806,81328055.1,223.52941176470588,48.970747562296864,5.241164647247478,-40.2332361516035,-128.88763878021982,62.229,-31.556556556556558,https://finance.naver.com/item/main.naver?code=291650
엔지켐생명과학,KOSDAQ,990.0,83793832650,-4.23,0.54,-234.0,1837.0,0.13086,23543043250.0,-4068322970.0,-2762954100.0,,47.93196,제약,1766.0,966.0,0.0286791501,84640235,183490,,,,,,,,-12.738160043549266,-17.280361450298063,13.086,-43.94110985277463,https://finance.naver.com/item/main.naver?code=183490
에코플라스틱,KOSDAQ,2055.0,84603055350,41.4,0.24,50.0,8738.0,3.81505,633464444000.0,25880097000.0,18041575000.0,,9.77399,자동차부품,5180.0,1641.0,0.0173188708,41169370,038110,108854.0,134103.85,0.8117142050731578,274619722.25,1.4962593516209433,-50.18359853121175,1.1304448008017667,0.5722133211261158,4.085485340989399,381.505,-60.328185328185334,https://finance.naver.com/item/main.naver?code=038110
한신기계,KOSPI,2530.0,82088762030,-182.14,0.94,-14.0,2703.0,0.37041,14349599290.0,1118382300.0,2147015550.0,,178.59148,기계,5910.0,1767.0,0.0646766083,32446151,011700,611340.0,282141.1,2.166788177971944,737711034.45,10.967741935483865,-42.02247191011236,2.166788177971944,-0.5179430262671105,7.79382251307451,37.041000000000004,-57.1912013536379,https://finance.naver.com/item/main.naver?code=011700
신스틸,KOSDAQ,2015.0,83564834730,62.42,0.99,33.0,2089.0,1.83829,100940929140.0,739312630.0,-421443400.0,,42.40289,철강,3155.0,1335.0,0.0206265612,41471382,162300,233144.0,5505021.55,0.04235115119576598,13816306871.65,23.85039852851012,24.154886293792256,1.271070046946501,1.5797032072762087,0.7324210667553996,183.829,-36.13312202852615,https://finance.naver.com/item/main.naver?code=162300
TP,KOSPI,1785.0,83711769750,2.17,0.29,819.0,6164.0,1.8896,274359189460.0,14010128720.0,4108943070.0,,8.86194,"섬유,의류,신발,호화품",2235.0,1520.0,0.0687412402,46897350,007980,450441.0,165032.95,2.7294004015561737,290079380.75,5.002942907592711,-4.343163538873995,2.7294004015561737,13.286826735885787,5.106491511210196,188.96,-20.13422818791947,https://finance.naver.com/item/main.naver?code=007980
디에스엠,KOSDAQ,3085.0,82719848025,32.0,0.71,95.0,4295.0,1.53804,16443690270.0,-153736340.0,-715687110.0,,9.77399,자동차부품,4600.0,1410.0,0.0052729654,26813565,104040,43395.0,41174.45,1.0539302892934819,106006078.3,80.7893209518282,364.92537313432837,2.4961839198823546,2.211874272409779,-0.9349260261881592,153.804,-32.934782608695656,https://finance.naver.com/item/main.naver?code=104040
가온그룹,KOSDAQ,4525.0,83372867075,11.84,0.65,395.0,7147.0,2.80329,127024697630.0,7899385850.0,3565054000.0,,45.00384,전자제품,10920.0,3200.0,0.076582435,18424943,078890,57483.0,58973.8,0.9747209777901372,260089444.8,6.698002350176258,-22.525597269624576,1.5417185258538537,5.526794459213656,6.218779495157299,280.329,-58.56227106227105,https://finance.naver.com/item/main.naver?code=078890
조흥,KOSPI,139000.0,83400000000,10.32,0.55,13470.0,252447.0,2.38765,126187444570.0,5626706310.0,1160225530.0,,31.73003,식품,164400.0,132300.0,0.0003666667,600000,002600,21.0,24.7,0.8502024291497976,3415475.0,0.7246376811594235,-4.924760601915191,0.8502024291497976,5.335773449476524,4.459006463894825,238.765,-15.450121654501213,https://finance.naver.com/item/main.naver?code=002600
동일산업,KOSPI,34350.0,83306135250,-5.77,0.18,-6009.0,189781.0,0.14376,103121421800.0,8049509870.0,10999171280.0,,42.40289,철강,42150.0,32000.0,0.0414412743,2425215,004890,214.0,431.6,0.49582947173308617,15078512.5,-1.7191977077363862,-11.483870967741938,2.145505097312326,-3.1662811345709003,7.805856173716953,14.376,-18.50533807829181,https://finance.naver.com/item/main.naver?code=004890
조이시티,KOSDAQ,1188.0,83045293848,-9.13,0.97,-132.0,1240.0,1.46328,38635295040.0,583126850.0,-1011167290.0,,17.53512,게임엔터테인먼트,3335.0,911.0,0.0216971278,69903446,067000,276199.0,618302.9,0.44670500494175264,756422103.85,11.958568738229758,-50.354906054279745,13.306070535978401,-10.64516129032258,1.5093112383282579,146.328,-64.37781109445278,https://finance.naver.com/item/main.naver?code=067000
CMG제약,KOSDAQ,562.0,83245438472,-8.03,0.41,-70.0,1363.0,0.56664,28258871010.0,-2950628480.0,2131949380.0,,47.93196,제약,2205.0,526.0,0.0604943551,148123556,058820,676203.0,953525.0,0.7091612700243832,574590314.0,-39.439655172413794,-70.07454739084132,0.8973891612700244,-5.135730007336757,-10.441423788501167,56.664,-74.5124716553288,https://finance.naver.com/item/main.naver?code=058820
HRS,KOSDAQ,5040.0,82428192000,5.91,0.62,846.0,8112.0,0.13408,24722696830.0,4381926350.0,6915694980.0,,-33.60183,화학,5640.0,4275.0,0.029545638,16354800,036640,61198.0,24611.35,2.486576315399196,122116684.1,9.169363538295583,-0.19723865877712132,3.0098714617442766,10.428994082840237,17.72430564566366,13.408000000000001,-10.63829787234043,https://finance.naver.com/item/main.naver?code=036640
종근당바이오,KOSPI,15000.0,82289430000,-25.7,0.58,-526.0,23156.0,1.4509,41085659450.0,-5003107040.0,-5405120110.0,,47.93196,제약,24900.0,11770.0,0.015071559,5485962,063160,504465.0,7078.05,71.27174857481933,92553508.5,12.715033657442042,-22.359608449252967,71.27174857481933,-2.271549490412852,-12.177258700419861,145.09,-39.75903614457831,https://finance.naver.com/item/main.naver?code=063160
네오리진,KOSDAQ,1577.0,83754492078,-3.25,1.69,-490.0,943.0,0.18109,4019267380.0,-1915287410.0,-3343622890.0,,17.53512,게임엔터테인먼트,1976.0,907.0,0.6244802157,53110014,094860,90158.0,109156.0,0.8259555132104511,163757338.1,8.595387840670865,16.143497757847534,1.3422166440690388,-51.961823966065744,-47.6526498219683,18.109,-20.192307692307686,https://finance.naver.com/item/main.naver?code=094860
에스와이스틸텍,KOSDAQ,1647.0,82631637000,-30.67,0.87,-54.0,1912.0,0.68765,37647005660.0,-2651224790.0,-3158607520.0,,7.35428,건축자재,4635.0,1110.0,0.0474438022,50171000,365330,355822.0,457116.95,0.7784047386560485,754621494.0,-8.838243468593665,-52.94117647058824,7.731082822459329,-2.8242677824267783,-7.042325793301883,68.765,-64.46601941747574,https://finance.naver.com/item/main.naver?code=365330
엑세스바이오,KOSDAQ,2360.0,83010248240,,,,,0.14797,9535889000.0,-23636652000.0,-37956505000.0,,-38.0877,생명과학도구및서비스,5280.0,1945.0,0.0495959013,35173834,950130,491037.0,72084.45,6.811968461991456,167755577.6,-2.6915113871635588,-17.543859649122805,6.811968461991456,,-247.8704607404721,14.796999999999999,-55.3030303030303,https://finance.naver.com/item/main.naver?code=950130
서남,KOSDAQ,3140.0,83207422060,-19.03,8.51,-165.0,369.0,0.79467,1197639390.0,-1606422440.0,-1602809200.0,,57.41321,전기장비,7150.0,2295.0,0.0073470955,26499179,294630,115501.0,327554.65,0.3526159680529646,1040847212.15,22.047244094488192,-18.74180865006553,0.35761666030386074,-44.71544715447154,-134.1323985678193,79.467,-56.08391608391609,https://finance.naver.com/item/main.naver?code=294630
수젠텍,KOSDAQ,4855.0,81288236000,-3.0,0.92,-1525.0,4991.0,0.27301,3083568470.0,-4225462130.0,-3771504210.0,,-35.39576,건강관리장비와용품,8250.0,3530.0,0.0285412585,16743200,253840,3772431.0,169679.0,22.23275125383813,772515442.2,32.88043478260869,3.2734952481520585,22.23275125383813,-30.55499899819675,-137.03156492581468,27.301,-41.15151515151515,https://finance.naver.com/item/main.naver?code=253840
삼익제약,KOSDAQ,8080.0,81346111040,-84.85,1.12,-99.0,7503.0,0.19171,15702065310.0,-227511310.0,-77462080.0,,47.93196,제약,25050.0,3705.0,0.0105877396,10067588,014950,790314.0,4626867.35,0.17080973804014504,43989923656.5,92.39904988123516,-26.094890510948908,0.2314771353883746,-1.319472211115554,-1.4489260202930592,19.171,-67.74451097804392,https://finance.naver.com/item/main.naver?code=014950
지니너스,KOSDAQ,2080.0,81935923680,-4.09,7.8,-521.0,273.0,0.33399,3606850290.0,-4594620820.0,-7745896470.0,,-66.93263,생물공학,6480.0,1610.0,0.0341557612,39392271,389030,130071.0,514267.95,0.2529245697695141,1040331183.35,-0.48076923076922906,-62.36363636363637,1.3987008134572647,-190.84249084249086,-127.38595867809086,33.399,-67.90123456790124,https://finance.naver.com/item/main.naver?code=389030
서플러스글로벌,KOSDAQ,2225.0,82298300000,-5.5,0.45,-421.0,5163.0,1.4718,38775951640.0,-359145460.0,-1702667630.0,,32.96274,반도체와반도체장비,2730.0,1213.0,0.0166128744,36988000,140070,58440.0,65637.3,0.8903474091713096,140189145.85,37.07165109034267,14.464099895941729,1.5052264489855616,-8.154173929885726,-0.926206694639874,147.18,-18.4981684981685,https://finance.naver.com/item/main.naver?code=140070
새빗켐,KOSDAQ,14440.0,81586779760,-4.48,1.83,-3298.0,8056.0,0.84394,17378914490.0,867184760.0,828014340.0,,-86.37263,전기제품,42750.0,9300.0,0.0211281167,5650054,107600,26092.0,17184.0,1.518389199255121,240574746.5,12.324492979719182,-46.16822429906542,3.5143156424581004,-40.938430983118174,4.989867235372996,84.394,-66.22222222222223,https://finance.naver.com/item/main.naver?code=107600
광무,KOSDAQ,1359.0,81158300388,-2.68,0.4,-516.0,3491.0,0.15516,951639250.0,-890669240.0,13443361440.0,,32.07185,IT서비스,2990.0,1171.0,0.0073859915,59719132,029480,78191.0,72522.05,1.0781686397447396,104844845.85,-13.924050632911388,-38.32199546485261,1.0781686397447396,-14.7808650816385,-93.59315938261268,15.516,-54.548494983277585,https://finance.naver.com/item/main.naver?code=029480
아이진,KOSDAQ,1893.0,81833981112,-3.34,1.42,-562.0,1322.0,0.30104,1339438540.0,-3948183230.0,-3840839260.0,,-66.93263,생물공학,2805.0,1182.0,0.0135145019,43229784,185490,40909.0,89902.6,0.4550368954846689,181531330.35,30.486111111111104,23.213114754098353,1.1618462647353913,-42.511346444780635,-294.76404568738184,30.104,-32.513368983957214,https://finance.naver.com/item/main.naver?code=185490
원준,KOSDAQ,5320.0,81244810920,-6.3,0.78,-866.0,6969.0,0.79167,3464106420.0,-14229240680.0,-18804976480.0,,-86.37263,전기제품,12150.0,3230.0,0.0183902374,15271581,382840,47426.0,62565.05,0.7580270454510945,326693588.75,12.0253164556962,-40.269966254218225,1.7653306438658642,-12.426460037308079,-410.7622271027112,79.167,-56.21399176954732,https://finance.naver.com/item/main.naver?code=382840
제일엠앤에스,KOSDAQ,3935.0,81063616775,-5.16,-7.08,-762.0,-556.0,-3.57903,111617300830.0,3753011000.0,4137501040.0,,-86.37263,전기제품,3935.0,3935.0,0.0076687816,20600665,412540,,,,,,,,137.0503597122302,3.362391826439224,-357.903,0.0,https://finance.naver.com/item/main.naver?code=412540
화천기공,KOSPI,36800.0,80960000000,7.11,0.24,5173.0,154300.0,0.28907,74917929030.0,6483608760.0,9314433440.0,,178.59148,기계,44850.0,29450.0,0.1014786364,2200000,000850,2936.0,7362.6,0.3987721728737131,274426717.5,11.17824773413898,-0.13568521031207537,1.0660636188303045,3.3525599481529484,8.65428188411844,28.907,-17.948717948717952,https://finance.naver.com/item/main.naver?code=000850
덕우전자,KOSDAQ,5060.0,80607368600,12.47,0.82,434.0,6629.0,1.00788,42813267360.0,-555404250.0,-1977645890.0,,108.08375,핸드셋,6880.0,2810.0,0.0154450227,15930310,263600,695184.0,542512.65,1.2814152812842243,2881388763.45,61.46496815286624,-3.0592734225621365,11.87804007888111,6.546990496304119,-1.2972713465894186,100.78800000000001,-26.453488372093027,https://finance.naver.com/item/main.naver?code=263600
피엠티,KOSDAQ,4005.0,80100000000,-2.41,6.12,-1698.0,670.0,1.09122,18475175490.0,1256128340.0,-349647390.0,,32.96274,반도체와반도체장비,9920.0,2031.853,0.0477505,20000000,147760,140030.0,160434.15,0.8728191597611855,589260825.4,21.171171171171178,9.054054054054061,1.6299085948970342,-253.43283582089552,6.7990062702240674,109.12200000000001,-59.62701612903225,https://finance.naver.com/item/main.naver?code=147760
THE E&M,KOSDAQ,2030.0,80025348620,-2.13,2.39,-809.0,722.0,1.155,7325592240.0,-4072556460.0,954631420.0,,18.15491,양방향미디어와서비스,4500.0,860.0,0.0043595661,39421354,089230,1234228.0,203716.7,6.058550918996822,394329039.7,44.625176803394616,-38.403614457831324,6.058550918996822,-112.04986149584488,-55.593545567040735,115.5,-54.888888888888886,https://finance.naver.com/item/main.naver?code=089230
페스카로,KOSDAQ,8170.0,80611184100,28.07,1.36,305.0,6312.0,0.504,10512889620.0,531201560.0,1378930580.0,,9.77399,자동차부품,47000.0,4450.0,0.0178409666,9866730,0015S0,49726.0,234550.7,0.21200533615973005,2028713191.5,17.893217893217894,-47.459807073954984,0.7694498460247613,4.832065906210393,5.05285967227724,50.4,-82.61702127659575,https://finance.naver.com/item/main.naver?code=0015S0
엠엑스로보틱스,KOSDAQ,3450.0,80465795550,-8.59,1.33,-415.0,2686.0,1.29536,28732580760.0,-1474402480.0,-847738810.0,,178.59148,기계,7580.0,2475.0,0.0267097204,23323419,007820,48042.0,119510.95,0.4019882696941159,431935768.15,27.96296296296297,-32.12180746561886,0.7688751532809337,-15.45048399106478,-5.131465538426629,129.536,-54.48548812664909,https://finance.naver.com/item/main.naver?code=007820
알서포트,KOSDAQ,1511.0,80486562413,44.35,0.81,34.0,1857.0,0.13777,14166058440.0,2580213270.0,2117310630.0,,224.56969,소프트웨어,3050.0,1278.0,0.1916839899,53267083,131370,68349.0,51724.75,1.3213983634526991,77571175.55,4.347826086956519,-43.050847457627114,1.3213983634526991,1.830910070005385,18.214052136862428,13.777000000000001,-50.459016393442624,https://finance.naver.com/item/main.naver?code=131370
기가레인,KOSDAQ,9410.0,79875222940,-7.98,2.05,-1250.0,4870.0,1.52791,13683829040.0,-2375667500.0,-1606950630.0,,-391.40909,통신장비,31250.0,3580.0,0.0,8488334,049080,284464.0,758200.55,0.3751830567783154,7488782596.25,115.69965870307169,778.5912882298425,0.5904506400054708,-25.667351129363446,-17.361131106326656,152.791,-69.88799999999999,https://finance.naver.com/item/main.naver?code=049080
한국가구,KOSDAQ,5340.0,80100000000,5.09,0.4,1029.0,13102.0,0.28025,37041050870.0,3669150210.0,2806124060.0,,7.63875,식품과기본식료품소매,8590.0,4375.0,0.0419954667,15000000,004590,19551.0,27318.1,0.7156793481245036,142641873.25,2.0952380952381056,10.061601642710482,1.439631599562195,7.85376278430774,9.905632059083102,28.025,-37.83469150174622,https://finance.naver.com/item/main.naver?code=004590
대한뉴팜,KOSDAQ,5660.0,81248847200,5.1,0.56,1087.0,9971.0,0.88796,55966274830.0,2150354890.0,11263588620.0,,47.93196,제약,7900.0,5030.0,0.0013498508,14354920,054670,14355.0,11533.8,1.244602819539094,63774816.0,-0.5328596802841923,-22.865013774104682,1.620107856907524,10.90161468257948,3.842233374530995,88.79599999999999,-28.35443037974683,https://finance.naver.com/item/main.naver?code=054670
포커스에이아이,KOSDAQ,2165.0,80018891455,-4.62,2.83,-455.0,742.0,0.65777,10598880490.0,-1166344350.0,-2507916530.0,,307.43097,전자장비와기기,3695.0,1317.0,0.0101882762,36960227,331380,101676.0,32057.15,3.1717105232374054,66857552.95,46.879240162822256,-6.277056277056281,3.3029760911372343,-61.32075471698113,-11.004410806409611,65.777,-41.40730717185386,https://finance.naver.com/item/main.naver?code=331380
KT밀리의서재,KOSDAQ,9330.0,79918811370,5.06,0.92,1847.0,10150.0,0.29167,23845799800.0,3392419860.0,2717703690.0,,1.95894,출판,16050.0,9090.0,0.0719312605,8565789,418470,9002.0,16714.8,0.5385646253619547,157490739.25,-4.508196721311474,-30.706319702602226,1.3281642616124634,18.19704433497537,14.226488054302964,29.166999999999998,-41.86915887850468,https://finance.naver.com/item/main.naver?code=418470
리메드,KOSDAQ,2615.0,79169158995,150.88,1.98,17.0,1296.0,0.4471,7369232950.0,945356110.0,272134340.0,,-35.39576,건강관리장비와용품,4070.0,2300.0,0.0,30275013,302550,30899.0,17844.45,1.7315748033702354,46993273.75,-4.7016274864376095,-15.409309791332259,2.194687984219183,1.3117283950617282,12.828419408291333,44.71,-35.74938574938575,https://finance.naver.com/item/main.naver?code=302550
큐에스아이,KOSDAQ,8570.0,79457791970,32.13,0.94,282.0,9645.0,0.0693,7703114580.0,-12527170.0,2045608470.0,,32.96274,반도체와반도체장비,22750.0,5360.0,0.0776420865,9271621,066310,87909.0,97010.7,0.9061783906311366,783900630.5,26.24633431085044,-27.2189349112426,2.2344648580002002,2.9237947122861585,-0.16262473925189883,6.93,-62.32967032967033,https://finance.naver.com/item/main.naver?code=066310
APS이노베이션,KOSDAQ,3650.0,78577543100,936.25,0.48,4.0,7818.0,0.32971,15848951550.0,534941890.0,2195103960.0,,-86.37263,전기제품,8440.0,2270.0,0.0200495687,21528094,079810,43764.0,69083.1,0.6334979177251744,265967271.15,32.61648745519714,-14.942528735632187,1.0527321443305235,0.051163980557687394,3.3752509641560486,32.971000000000004,-56.753554502369674,https://finance.naver.com/item/main.naver?code=079810
제닉스로보틱스,KOSDAQ,6000.0,78707520000,-11.23,1.69,-561.0,3730.0,0.66947,4476681840.0,-2530427990.0,-565679950.0,,178.59148,기계,19940.0,4560.0,0.0188683877,13117920,381620,39811.0,43174.25,0.9221005576240467,262061565.5,16.988416988417,-33.47969264544457,1.1146458826731211,-15.040214477211796,-56.524633209135985,66.947,-69.90972918756269,https://finance.naver.com/item/main.naver?code=381620
테이팩스,KOSPI,17100.0,81851715000,39.5,0.51,423.0,32645.0,0.30033,40696984980.0,3183429710.0,3200695950.0,,307.43097,전자장비와기기,23300.0,10150.0,0.0421407456,4786650,055490,8050.0,16423.05,0.49016473797498034,257886677.75,32.06046141607002,4.864181933038525,1.7069910887441737,1.2957573901056822,7.822274086309969,30.032999999999998,-26.60944206008584,https://finance.naver.com/item/main.naver?code=055490
인지컨트롤스,KOSPI,5050.0,79836444850,4.84,0.35,1043.0,14627.0,1.71649,183652612690.0,9285839570.0,16847963690.0,,9.77399,자동차부품,8460.0,4770.0,0.0256981427,15809197,023800,17412.0,22563.6,0.7716853693559539,114722599.25,-6.343283582089554,-25.7396449704142,1.2780761935152194,7.13064880016408,5.056197912999045,171.649,-40.307328605200944,https://finance.naver.com/item/main.naver?code=023800
포바이포,KOSDAQ,5560.0,79339726600,-6.09,2.02,-926.0,2799.0,0.9195,11130390210.0,-602620920.0,-564860060.0,,966.7929,방송과엔터테인먼트,14710.0,3980.0,0.0175260438,14269735,389140,19800.0,42028.1,0.4711133741472967,227414081.6,13.238289205702646,-39.23497267759563,1.405345471244239,-33.0832440157199,-5.414194009645597,91.95,-62.20258327668253,https://finance.naver.com/item/main.naver?code=389140
남광토건,KOSPI,8060.0,79250530320,15.03,0.64,539.0,12722.0,2.1974,80296104000.0,2256202000.0,1410098000.0,,35.6787,건설,13400.0,6420.0,0.0084508916,9832572,001260,18450.0,48811.35,0.37798585779741806,399191687.0,-26.190476190476186,-8.823529411764708,1.9242450782451213,4.23675522716554,2.8098523933365436,219.74,-39.850746268656714,https://finance.naver.com/item/main.naver?code=001260
피스피스스튜디오,KOSDAQ,5520.0,78212388720,4.87,0.59,1139.0,9418.0,0.249,19039903490.0,205500280.0,88740980.0,,8.86194,"섬유,의류,신발,호화품",42000.0,4455.0,0.0178670047,14168911,0117P0,33214.0,91552.95,0.36278459623638565,509103949.75,21.350762527233115,-59.43190094683175,2.5444401300012727,12.093862815884476,1.0793136641051324,24.9,-86.85714285714286,https://finance.naver.com/item/main.naver?code=0117P0
제이씨케미칼,KOSDAQ,3635.0,80943503890,-19.32,0.53,-183.0,6691.0,1.79457,142806357960.0,11454819130.0,8754915130.0,,-44.49442,에너지장비및서비스,6480.0,2400.0,0.0471865357,22267814,137950,16264.0,70047.5,0.23218530283022235,265976436.4,35.755258126195024,-24.226254002134475,0.7732895535172561,-2.7350171872664775,8.02122489056719,179.457,-43.90432098765432,https://finance.naver.com/item/main.naver?code=137950
한솔로지스틱스,KOSPI,2815.0,79258647375,4.99,0.55,563.0,5100.0,1.02997,182813293830.0,6118166710.0,3936095370.0,,8.43618,항공화물운송과물류,3750.0,2470.0,0.0451577604,28155825,009180,8066.0,19357.0,0.41669680219042204,53679060.0,5.065666041275807,-3.9451114922813058,1.644159735496203,11.03921568627451,3.3466749500664585,102.997,-24.93333333333333,https://finance.naver.com/item/main.naver?code=009180
폴라리스AI파마,KOSDAQ,5900.0,78371765000,12.28,0.56,464.0,10233.0,0.33008,14704831570.0,778795830.0,6749227020.0,,47.93196,제약,10200.0,4110.0,0.0171859508,13283350,041910,81909.0,25515.2,3.2102041136263875,139574144.0,11.864406779661007,-20.268456375838927,3.2102041136263875,4.534349653083162,5.296190073940439,33.007999999999996,-42.15686274509803,https://finance.naver.com/item/main.naver?code=041910
TJ미디어,KOSDAQ,3700.0,77320428100,19.74,0.94,191.0,4010.0,0.66855,19623004700.0,768480590.0,378826180.0,,45.00384,전자제품,4600.0,2995.0,0.0060172041,20897413,032540,1757.0,9290.65,0.18911486279216203,34709118.3,14.939024390243905,-3.5805626598465423,0.7903645062509081,4.763092269326683,3.9162228300337714,66.855,-19.565217391304344,https://finance.naver.com/item/main.naver?code=032540
휴비츠,KOSDAQ,7260.0,78973517700,-15.16,0.7,-461.0,10000.0,1.0084,32531453240.0,2134410660.0,1001544420.0,,-35.39576,건강관리장비와용품,10090.0,6270.0,0.0298108228,10877895,065510,150672.0,19973.3,7.543670800518693,135797654.75,1.8284106891701901,-10.396039603960395,7.543670800518693,-4.61,6.561067666585435,100.84,-28.047571853320118,https://finance.naver.com/item/main.naver?code=065510
동인기연,KOSPI,12820.0,78560960000,6.56,0.5,1967.0,25695.0,0.92566,71294801030.0,9027580630.0,8447005070.0,,8.86194,"섬유,의류,신발,호화품",17450.0,10850.0,0.0175548303,6128000,111380,2486.0,3784.85,0.6568292006288228,49010096.25,0.7861635220125729,-9.335219236209335,0.9073014782620183,7.655185833819809,12.662326704862114,92.566,-26.532951289398277,https://finance.naver.com/item/main.naver?code=111380
코렌텍,KOSDAQ,5810.0,77897052100,11.8,0.99,489.0,5844.0,0.7547,25794979320.0,1454890370.0,1135726760.0,,-35.39576,건강관리장비와용품,7440.0,3385.0,0.0288883535,13407410,104540,196573.0,200805.6,0.9789219025764222,958361627.2,47.66118836915296,1.919720767888311,2.824717039763831,8.367556468172484,5.640207545628689,75.47,-21.908602150537636,https://finance.naver.com/item/main.naver?code=104540
아이로보틱스,KOSDAQ,2005.0,78502719380,47.79,1.83,43.0,1126.0,0.27446,12086117180.0,-828650420.0,-1045247550.0,,-33.60183,화학,5080.0,1002.0,0.0340930905,39153476,066430,176821.0,464344.9,0.3807966879791293,983993018.8,-3.3734939759036187,-3.3734939759036187,0.5440804884472726,3.818827708703375,-6.856216993917975,27.445999999999998,-60.53149606299213,https://finance.naver.com/item/main.naver?code=066430
티에스아이,KOSDAQ,3935.0,78083039220,66.89,0.79,61.0,5136.0,1.23969,116645573200.0,7092944340.0,5189808430.0,,307.43097,전자장비와기기,6550.0,2345.0,0.0241733546,19843212,277880,114405.0,34110.45,3.3539575115543774,127669969.05,26.64526484751204,-20.7035175879397,8.481975464996799,1.1876947040498442,6.080765986582678,123.969,-39.9236641221374,https://finance.naver.com/item/main.naver?code=277880
신일제약,KOSDAQ,6460.0,77432240900,9.95,0.49,651.0,13180.0,0.13853,24198110810.0,2259914000.0,2242169590.0,,47.93196,제약,6820.0,4820.0,0.0288358112,11986415,012790,25976.0,15457.95,1.6804298111974743,96067772.5,27.788649706457935,8.4717607973422,3.5555167405768553,4.939301972685888,9.33921667581619,13.852999999999998,-5.278592375366564,https://finance.naver.com/item/main.naver?code=012790
키스트론,KOSDAQ,4385.0,78263962350,8.1,0.42,551.0,10628.0,0.14245,24847978640.0,3277432940.0,5813589960.0,,57.41321,전기장비,7820.0,3315.0,0.0302693675,17848110,475430,88644.0,120397.1,0.7362635810995447,513643839.7,1.9767441860465196,0.5733944954128489,1.0481980047692179,5.184418517124577,13.189937851620753,14.245,-43.92583120204604,https://finance.naver.com/item/main.naver?code=475430
DSR제강,KOSPI,5500.0,79200000000,3.18,0.42,1713.0,13053.0,0.41974,64084048030.0,7719792080.0,12011632540.0,,42.40289,철강,6150.0,3325.0,0.0962673611,14400000,069730,12662.0,25813.45,0.4905194772492634,140875718.5,-2.3465703971119134,13.179916317991625,6.176586237019848,13.123419903470468,12.046355243329968,41.974000000000004,-10.569105691056912,https://finance.naver.com/item/main.naver?code=069730
KNN,KOSDAQ,5890.0,78001105080,6.94,0.34,850.0,17200.0,0.07185,14150855230.0,983652090.0,18915826880.0,,966.7929,방송과엔터테인먼트,8950.0,4415.0,0.0,13242972,058400,2556.0,17462.4,0.1463716327652556,104569902.75,913.7931034482758,696.7479674796748,1.255783855598314,4.941860465116279,6.951184744754116,7.185,-34.18994413407821,https://finance.naver.com/item/main.naver?code=058400
팅크웨어,KOSDAQ,6980.0,77543779520,-2.83,0.43,-2461.0,16025.0,0.74608,133793639140.0,-3550866920.0,-657021520.0,,45.00384,전자제품,10730.0,5500.0,0.0292292382,11109424,084730,11244.0,19792.6,0.5680911047563231,128703760.25,13.247172859450718,-18.011695906432745,2.3083374594545436,-15.357254290171607,-2.6539878448813377,74.60799999999999,-34.948741845293576,https://finance.naver.com/item/main.naver?code=084730
중앙에너비스,KOSDAQ,12400.0,77216412000,-48.89,1.05,-252.0,11730.0,0.07911,14951404380.0,-966820860.0,-837016320.0,,-145.04827,석유와가스,38000.0,11170.0,0.0322782727,6227130,000440,11434.0,91531.6,0.12491860734434883,1277829290.0,-4.798172124904799,-46.58119658119658,0.13786495592778886,-2.1483375959079285,-6.466421718171735,7.911,-67.36842105263158,https://finance.naver.com/item/main.naver?code=000440
하이로닉,KOSDAQ,4450.0,76535754700,20.7,1.02,215.0,4348.0,0.11652,10798088920.0,1098768970.0,772283200.0,,-35.39576,건강관리장비와용품,9510.0,3770.0,0.0111950395,17199046,149980,12231.0,18647.75,0.6558968240136209,88991967.75,-1.2008733624454093,-38.013698630136986,1.0023193146626268,4.944802207911684,10.175587348284218,11.652,-53.20715036803365,https://finance.naver.com/item/main.naver?code=149980
초록뱀미디어,KOSDAQ,3130.0,76540800900,27.7,0.29,115.0,11069.0,0.28179,25172521870.0,-506542460.0,-5782589400.0,,966.7929,방송과엔터테인먼트,6220.0,2765.0,0.0,24453930,047820,2935.0,12115.0,0.2422616591002889,39119543.55,-2.900763358778624,-26.643598615916954,1.6207181180354933,1.0389375734031983,-2.0122833247140206,28.179,-49.67845659163987,https://finance.naver.com/item/main.naver?code=047820
한일철강,KOSPI,2905.0,77556121300,-124.57,0.42,-23.0,6789.0,1.22891,61757186190.0,2856034840.0,1709279860.0,,42.40289,철강,6470.0,2330.0,0.0212741587,26697460,002220,83734.0,114570.8,0.7308493961812259,337693413.1,-26.708860759493668,-21.96765498652291,1.1463653915308263,-0.33878332596847843,4.624619443012224,122.89099999999999,-55.10046367851622,https://finance.naver.com/item/main.naver?code=002220
에스넷,KOSDAQ,3885.0,77360614170,15.86,0.69,249.0,5721.0,1.81231,186051978870.0,3123358920.0,2732452040.0,,32.07185,IT서비스,6280.0,2835.0,0.0455136993,19912642,038680,63509.0,65792.65,0.9652901957893474,249736121.45,26.418152350081048,6.267029972752036,1.5128285606370926,4.352385946512848,1.6787560868580618,181.231,-38.13694267515923,https://finance.naver.com/item/main.naver?code=038680
휴마시스,KOSDAQ,3135.0,77356128135,-3.78,0.27,-690.0,9505.0,0.40305,7738386940.0,-3311300290.0,-17103413700.0,,-38.0877,생명과학도구및서비스,6770.0,1898.0,0.0,24675001,205470,2499227.0,45832.3,54.52981849045324,130763610.25,38.66666666666667,309.4488188976378,54.52981849045324,-7.259337190952131,-42.79057529268496,40.305,-53.6927621861152,https://finance.naver.com/item/main.naver?code=205470
이노메트리,KOSDAQ,7800.0,76465022400,-18.65,1.35,-437.0,6059.0,0.36755,14630713380.0,-2155044590.0,-2224997940.0,,-86.37263,전기제품,11540.0,4030.0,0.0081601859,9803208,302430,64246.0,527209.65,0.1218604401493789,4513709699.25,32.21476510067114,16.22418879056047,0.35334709825588356,-7.212411288991582,-14.729593383641285,36.754999999999995,-32.40901213171578,https://finance.naver.com/item/main.naver?code=302430
이녹스,KOSDAQ,8330.0,78184080520,3.39,0.45,2469.0,18657.0,0.54891,26169598920.0,5267216740.0,11241248360.0,,10.34214,레저용장비와제품,17300.0,5120.0,0.0082395361,9385844,088390,3983.0,4853.75,0.8206026268349215,39139820.0,14.345403899721454,-32.869991823385114,1.0804017512232809,13.2336388486895,20.127235255312044,54.891,-51.84971098265896,https://finance.naver.com/item/main.naver?code=088390
인벤테라,KOSDAQ,9820.0,77241311480,-8.37,4.72,-1210.0,2145.0,0.03716,,-2493132460.0,-2256814800.0,,47.93196,제약,60200.0,6090.0,0.0079101528,7865714,0007J0,60103.0,389430.45,0.15433564581300718,4768330445.0,20.14742014742015,-72.25531914893617,1.1664136689876201,-56.41025641025641,,3.7159999999999997,-83.68770764119601,https://finance.naver.com/item/main.naver?code=0007J0
태웅로직스,KOSDAQ,1989.0,77015693079,-13.97,0.32,-141.0,6137.0,1.51943,355643914000.0,5902575520.0,2299783920.0,,10.38757,해운사,3270.0,1410.0,0.0303674683,38720811,124560,10173.0,22172.9,0.4588033139553238,43647440.65,7.255008121277751,-32.27350427350427,2.505941938131683,-2.297539514420727,1.6596869193155939,151.943,-39.17431192660551,https://finance.naver.com/item/main.naver?code=124560
DRB동일,KOSPI,3985.0,76800370540,17.16,0.19,232.0,20966.0,0.88038,218500373520.0,11181238830.0,8588487730.0,,-33.60183,화학,6470.0,3860.0,0.0115431091,19272364,004840,5085.0,10457.3,0.4862631845696308,41700978.25,-7.001166861143526,-26.476014760147603,0.7341283122794603,1.10655346751884,5.117263027917226,88.03800000000001,-38.4080370942813,https://finance.naver.com/item/main.naver?code=004840
HC보광산업,KOSDAQ,2140.0,77764875780,-30.65,0.84,-69.0,2530.0,0.95338,14968926000.0,2392566060.0,2789687350.0,,7.35428,건축자재,4555.0,1600.0,0.0060259128,36338727,225530,12654.0,8594.1,1.4724054874856005,18002609.2,-15.76846307385229,-50.46948356807513,1.5500168720401204,-2.727272727272727,15.983551926170254,95.338,-53.018660812294186,https://finance.naver.com/item/main.naver?code=225530
넥스트칩,KOSDAQ,2315.0,76134402765,-2.98,4.39,-815.0,552.0,1.69209,13207734860.0,-590009370.0,-711416650.0,,32.96274,반도체와반도체장비,7570.0,1575.0,0.0224396366,32887431,396270,157673.0,538508.75,0.292795613813146,1307603225.55,9.38967136150235,-41.75,0.8318880612432017,-147.64492753623188,-4.467150319521178,169.209,-69.41875825627477,https://finance.naver.com/item/main.naver?code=396270
유니크,KOSDAQ,3995.0,77186176525,7.03,0.56,559.0,7054.0,1.15654,121438562660.0,4866785810.0,4618912920.0,,9.77399,자동차부품,5130.0,3410.0,0.0236323797,19320695,011320,18340.0,18396.6,0.9969233445310547,69779447.1,7.036535859269288,3.3986928104575265,1.4415163671548004,7.924581797561666,4.007611506096198,115.654,-22.124756335282648,https://finance.naver.com/item/main.naver?code=011320
셀리드,KOSDAQ,2615.0,77150284855,-5.03,0.95,-474.0,2515.0,0.80406,2065576350.0,-2502457760.0,-19023860570.0,,-66.93263,생물공학,4760.0,973.0,0.0082181537,29502977,299660,5771227.0,918448.25,6.283671399014588,2516659673.8,92.56505576208178,0.0,6.283671399014588,-18.846918489065605,-121.1505815313968,80.406,-45.06302521008403,https://finance.naver.com/item/main.naver?code=299660
케이피에프,KOSDAQ,3840.0,76575836160,3.91,0.29,1000.0,13491.0,1.01341,213567493240.0,8918017440.0,5323249150.0,,178.59148,기계,6880.0,3310.0,0.038694341,19941624,024880,44271.0,39949.75,1.1081671349632976,154280076.55,4.217687074829923,-41.96969696969697,2.2139062196884836,7.412348973389666,4.175737283191422,101.341,-44.18604651162791,https://finance.naver.com/item/main.naver?code=024880
선도전기,KOSPI,4220.0,75960000000,14.02,2.08,312.0,2105.0,1.29444,3013066930.0,-1026263200.0,-1334617300.0,,57.41321,전기장비,16590.0,3000.0,0.0198722778,18000000,007610,364787.0,839955.9,0.43429303847975825,3948714582.5,-4.072398190045245,-34.769230769230774,0.7421425339116018,14.821852731591449,-34.06041829943685,129.44400000000002,-74.56298975286317,https://finance.naver.com/item/main.naver?code=007610
동일고무벨트,KOSPI,5490.0,76311000000,7.25,0.33,767.0,17082.0,0.48413,103548476290.0,7509054320.0,7166812470.0,,-33.60183,화학,8700.0,5200.0,0.0333757554,13900000,163560,10018.0,14286.4,0.7012263411356255,78852250.0,-1.4362657091561926,-20.319303338171256,1.1942826744316273,4.4901065449010655,7.251728455153689,48.413000000000004,-36.89655172413793,https://finance.naver.com/item/main.naver?code=163560
아이씨디,KOSDAQ,4260.0,77422411500,-35.73,0.69,-117.0,6033.0,0.96272,29017603890.0,1766358210.0,4515973500.0,,16.67937,디스플레이장비및부품,6960.0,3525.0,0.0315449722,18174275,040910,6510.0,7575.55,0.8593435460131608,31599725.4,13.994565217391308,-24.955277280858677,2.2214888687950047,-1.9393336648433617,6.087195264970584,96.272,-38.793103448275865,https://finance.naver.com/item/main.naver?code=040910
다원넥스뷰,KOSDAQ,9680.0,77544272960,23.18,4.28,434.0,2351.0,0.91122,8017423440.0,1692640850.0,1425071360.0,,32.96274,반도체와반도체장비,28100.0,4960.0,0.0605082756,8010772,323350,51210.0,77852.65,0.6577810774585066,720288879.5,9.310344827586214,-15.840707964601775,3.5255832653095305,18.460229689493833,21.112030101281515,91.122,-65.55160142348755,https://finance.naver.com/item/main.naver?code=323350
테라사이언스,KOSDAQ,654.0,76111715580,-3.89,2.31,-168.0,283.0,1.11217,3889837360.0,-2128254550.0,-3717316290.0,,178.59148,기계,654.0,654.0,0.0057463488,116378770,073640,,,,,,,,-59.36395759717315,-54.71320142804119,111.21700000000001,0.0,https://finance.naver.com/item/main.naver?code=073640
삐아,KOSDAQ,7500.0,76694077500,15.19,1.63,486.0,4524.0,0.21959,21795737810.0,1769739650.0,1543017040.0,,42.55038,화장품,11800.0,6200.0,0.0125047465,10225877,451250,17370.0,8650.05,2.008080878145213,63127246.0,-0.9333333333333305,-11.757719714964365,2.008080878145213,10.742705570291777,8.119659290395914,21.959,-36.440677966101696,https://finance.naver.com/item/main.naver?code=451250
프로티아,KOSDAQ,5940.0,76505507100,16.8,2.45,347.0,2384.0,0.05998,5347482850.0,1636714660.0,1550651190.0,,-35.39576,건강관리장비와용품,6890.0,3680.0,0.0200842953,12879715,303360,29720.0,60479.75,0.4914041476692612,338084182.0,46.039603960396036,24.472573839662438,2.905567566003497,14.555369127516778,30.60719792677783,5.998,-13.788098693759077,https://finance.naver.com/item/main.naver?code=303360
서한,KOSDAQ,3785.0,76377412805,2.53,0.14,1470.0,27140.0,1.27089,147604662550.0,22252890320.0,19460050250.0,,35.6787,건설,6190.0,3335.0,0.0406629217,20178973,011370,25325.0,17832.8,1.4201359292988203,67639883.0,345.96199524940613,261.40519730510107,1.4201359292988203,5.416359616801769,15.076007719242607,127.08900000000001,-38.85298869143781,https://finance.naver.com/item/main.naver?code=011370
내츄럴엔도텍,KOSDAQ,2385.0,75735436500,-23.58,3.17,-102.0,759.0,0.64086,6154196120.0,-193945390.0,-254289110.0,,42.55038,화장품,4100.0,1668.0,0.0120094537,31754900,168330,4010.0,10754.0,0.372884508090013,24758188.55,26.86170212765957,7.674943566591419,2.032824995350567,-13.438735177865613,-3.1514333670601324,64.086,-41.82926829268293,https://finance.naver.com/item/main.naver?code=168330
아이티센엔텍,KOSDAQ,5770.0,75152847890,3.23,0.75,1772.0,7642.0,1.75983,138834251410.0,8310266340.0,5156611920.0,,32.07185,IT서비스,7950.0,4050.0,0.0,13024757,010280,120527.0,64255.8,1.8757372875289078,362192846.75,30.483689538807646,466.40625,9.658552224079383,23.187647212771527,5.985746496704506,175.983,-27.42138364779875,https://finance.naver.com/item/main.naver?code=010280
데이타솔루션,KOSDAQ,4585.0,74393367300,73.23,2.19,65.0,2170.0,1.37066,30118621330.0,1247328640.0,1422716920.0,,32.07185,IT서비스,8730.0,4115.0,0.026029529,16225380,263800,135407.0,126694.85,1.06876483140396,601270180.1,-21.632996632996637,2.083333333333326,1.06876483140396,2.995391705069124,4.141386905905895,137.066,-47.479954180985104,https://finance.naver.com/item/main.naver?code=263800
SY동아,KOSDAQ,4925.0,74860000000,2.64,0.39,1888.0,12809.0,0.68436,98694462230.0,2185669860.0,-645786100.0,,9.77399,자동차부품,8640.0,4015.0,0.0139426316,15200000,041930,10727.0,358989.5,0.029881096800881364,2051331015.95,12.840909090909092,-19.268292682926823,0.058837375466413364,14.739636193301584,2.214582065310272,68.43599999999999,-42.99768518518518,https://finance.naver.com/item/main.naver?code=041930
동방아그로,KOSPI,5560.0,75713728120,7.04,0.4,786.0,13754.0,0.44532,48896147090.0,2135199640.0,1816001240.0,,-33.60183,화학,6890.0,5270.0,0.3090261946,13617577,007590,1485.0,2209.5,0.6720977596741344,12262224.5,-1.9469026548672552,-5.942275042444822,2.732744964924191,5.714701177839173,4.366805499152878,44.532,-19.303338171262695,https://finance.naver.com/item/main.naver?code=007590
케이옥션,KOSDAQ,2880.0,74558275200,-14.62,0.71,-197.0,4059.0,0.88007,4026211830.0,109223950.0,18336370.0,,-17.64101,판매업체,4470.0,2535.0,0.0124851043,25888290,102370,25406.0,24001.1,1.058534817154214,72811898.65,-6.430868167202575,-12.874251497005984,1.2575256967388995,-4.853412170485341,2.712821744403846,88.007,-35.570469798657726,https://finance.naver.com/item/main.naver?code=102370
엠오티,KOSDAQ,6730.0,75951549600,22.3,1.29,300.0,5203.0,1.33992,31138939870.0,1203506420.0,1086741140.0,,-86.37263,전기제품,11660.0,4835.0,0.017343729,11285520,413390,12131.0,17715.95,0.6847501827449276,115697561.0,21.675774134790537,-18.137254901960787,1.4948676192922197,5.765904285988853,3.8649563055917873,133.992,-42.281303602058316,https://finance.naver.com/item/main.naver?code=413390
현대공업,KOSDAQ,4930.0,75626200000,6.29,0.46,793.0,10837.0,0.50509,85515790490.0,6264284880.0,10599271690.0,,9.77399,자동차부품,7320.0,4050.0,0.0475628422,15340000,170030,17854.0,11730.3,1.5220412095172333,56222840.45,5.2518756698821,-12.943262411347522,2.0358388106016045,7.317523299806219,7.325296116782701,50.509,-32.650273224043715,https://finance.naver.com/item/main.naver?code=170030
엠엑스온,KOSDAQ,4345.0,73922371380,42.33,0.98,105.0,4551.0,0.70315,40414004060.0,281534300.0,1396796570.0,,307.43097,전자장비와기기,7940.0,3785.0,0.009588964,17013204,347890,8792.0,12416.5,0.7080900414770668,53771848.65,7.833537331701357,-19.174311926605505,0.8128699714090122,2.3071852340145025,0.6966256042881191,70.31500000000001,-45.277078085642316,https://finance.naver.com/item/main.naver?code=347890
리드코프,KOSDAQ,2895.0,75255096540,5.55,0.17,522.0,16721.0,1.752,113151600270.0,2445861440.0,4518829350.0,,-145.04827,석유와가스,4035.0,2655.0,0.0241484737,25994852,012700,14200.0,12575.35,1.1291932232502475,36803468.55,0.6993006993007089,-19.10112359550562,1.1291932232502475,3.1218228574846,2.161579185944994,175.2,-28.25278810408922,https://finance.naver.com/item/main.naver?code=012700
엠게임,KOSDAQ,3990.0,74902570260,4.59,0.55,861.0,7129.0,0.18038,21259345960.0,2442698580.0,717449070.0,,17.53512,게임엔터테인먼트,6980.0,3755.0,0.1066782318,18772574,058630,13443.0,44193.45,0.3041853487338056,175588549.9,-19.433198380566797,-21.807465618860512,3.88657142630865,12.077430214616355,11.489998726188471,18.038,-42.836676217765046,https://finance.naver.com/item/main.naver?code=058630
주성코퍼레이션,KOSPI,7190.0,75941110740,36.72,2.61,195.0,2740.0,0.51043,24250955710.0,-267142090.0,524011740.0,,10.38757,해운사,14250.0,3510.0,0.0,10562046,109070,14760.0,273620.55,0.05394331675745846,519869222.3,369.3333333333333,433.73768006065205,0.16836820187665,7.116788321167883,-1.1015734521746814,51.043000000000006,-49.543859649122815,https://finance.naver.com/item/main.naver?code=109070
삼호개발,KOSPI,3080.0,74289600000,3.66,0.29,838.0,10609.0,0.48008,95582312810.0,1151302620.0,3445794460.0,,35.6787,건설,5500.0,2700.0,0.0651292289,24120000,010960,18284.0,68331.8,0.26757673586821945,210442847.8,-30.94170403587444,-25.33333333333333,0.9882514436909315,7.898953718540862,1.2045142936524011,48.008,-43.99999999999999,https://finance.naver.com/item/main.naver?code=010960
정다운,KOSDAQ,2280.0,74520080880,12.2,0.57,186.0,3997.0,0.7716,42055049000.0,2880364880.0,2853722790.0,,31.73003,식품,2785.0,2050.0,0.0192914348,32684246,208140,9042.0,17920.05,0.5045744850042271,40483505.75,0.8888888888888946,-8.467741935483875,2.7833627696351293,4.653490117588191,6.849034654554796,77.16,-18.132854578096946,https://finance.naver.com/item/main.naver?code=208140
드림어스컴퍼니,KOSDAQ,4995.0,74027468430,29.41,0.51,170.0,9715.0,0.46854,42753311050.0,889602620.0,1370970170.0,,966.7929,방송과엔터테인먼트,10250.0,3310.0,0.0216178281,14820314,060570,1030.0,27638.8,0.037266451510195815,132108182.0,450.7166482910694,286.0123647604328,0.18047093216782206,1.7498713329902211,2.080780641666817,46.854,-51.26829268292683,https://finance.naver.com/item/main.naver?code=060570
오텍,KOSDAQ,2715.0,74573141205,-6.65,0.62,-431.0,4600.0,3.8123,250977984960.0,5113284940.0,1823105810.0,,178.59148,기계,5200.0,1650.0,0.0301641015,27467087,067170,478668.0,422183.85,1.1337904090836255,1137172002.3,-0.5586592178770999,46.703296703296694,5.787241743141052,-9.369565217391305,2.037344008804174,381.23,-47.78846153846153,https://finance.naver.com/item/main.naver?code=067170
라이온켐텍,KOSDAQ,2030.0,72880572800,8.51,0.52,241.0,3936.0,0.16806,42021891570.0,5189769520.0,4493944700.0,,7.35428,건축자재,3650.0,1863.0,0.0297133901,35901760,171120,18492.0,37329.5,0.4953722926907674,74571722.2,-0.4878048780487809,-1.449275362318836,1.619577010139434,6.122967479674797,12.35015684944808,16.805999999999997,-44.38356164383561,https://finance.naver.com/item/main.naver?code=171120
SBI인베스트먼트,KOSDAQ,914.0,73634558236,7.84,0.5,116.0,1824.0,0.04017,5213371780.0,2618345490.0,2547293360.0,,15.23109,창업투자,1922.0,820.0,0.0567023258,80562974,019550,92530.0,185613.6,0.4985087299637526,179908535.95,0.22050716648291946,44.976076555023916,1.8110688009930307,6.359649122807018,50.22364796703604,4.0169999999999995,-52.44536940686785,https://finance.naver.com/item/main.naver?code=019550
트루엔,KOSDAQ,7070.0,74011524370,6.05,0.67,1156.0,10450.0,0.0534,16665812910.0,4454341540.0,4019418800.0,,307.43097,전자장비와기기,8800.0,5100.0,0.0419012817,10468391,417790,18635.0,14003.9,1.3307007333671335,95382151.75,9.062499999999996,-7.79392338177014,2.508301258935011,11.062200956937799,26.727418362696596,5.34,-19.659090909090903,https://finance.naver.com/item/main.naver?code=417790
누리플렉스,KOSDAQ,6500.0,77241781500,-11.21,1.03,-578.0,6261.0,1.10051,25251323970.0,-88624730.0,4907473460.0,,32.07185,IT서비스,19350.0,2855.0,0.2815517273,11883351,040160,10353.0,15912.3,0.6506287588846364,106691058.75,3.8851351351351315,-41.539923954372625,0.7568359068142255,-9.231752116275356,-0.3509706267492793,110.05100000000002,-66.40826873385012,https://finance.naver.com/item/main.naver?code=040160
폴라리스AI,KOSDAQ,4995.0,71834163930,-94.73,0.79,-55.0,6604.0,0.18986,11062505600.0,499248410.0,-783448260.0,,32.07185,IT서비스,12933.727,3760.0,0.0,14381214,039980,43527.0,89017.0,0.488974016199153,463073395.5,18.55309218203034,211.84775936157152,0.6129952705662963,-0.8328285887341006,4.51297769286553,18.986,-61.380041499252314,https://finance.naver.com/item/main.naver?code=039980
APS,KOSDAQ,4000.0,73576884000,-19.34,0.34,-205.0,11700.0,0.67811,17883247360.0,-3948936630.0,-7207038220.0,,32.96274,반도체와반도체장비,10770.0,3280.0,0.0258960681,18394221,054620,20811.0,22598.75,0.9208916422368494,85867484.85,-3.523693803159178,-55.888888888888886,2.3379611704187178,-1.7521367521367521,-22.081764852353974,67.81099999999999,-62.85979572887651,https://finance.naver.com/item/main.naver?code=054620
씨티씨바이오,KOSDAQ,3025.0,73147585500,22.35,1.0,136.0,3042.0,0.90575,33687242570.0,3793665920.0,2602170920.0,,47.93196,제약,5970.0,2570.0,0.0179056136,24181020,060590,24509.0,30443.25,0.8050717318288948,92878507.15,5.964912280701751,-23.447401774397967,1.2838642391991657,4.470742932281394,11.261432015746013,90.575,-49.32998324958125,https://finance.naver.com/item/main.naver?code=060590
이상네트웍스,KOSDAQ,7390.0,72681174690,4.7,0.49,1579.0,15272.0,0.21512,28763080700.0,8982032880.0,8297844400.0,,4.99844,다각화된소비자서비스,8200.0,6100.0,0.0509347619,9835071,080010,668.0,3139.35,0.21278290091898006,22901950.0,8.029197080291972,12.291350531107748,1.9484925223374265,10.339182818229439,31.227645514341585,21.512,-9.878048780487802,https://finance.naver.com/item/main.naver?code=080010
일성건설,KOSPI,1354.0,73149687520,26.75,1.01,51.0,1354.0,4.46446,107353073060.0,3717741850.0,624789610.0,,35.6787,건설,2830.0,1105.0,0.6488078826,54024880,013360,144820.0,160848.3,0.9003514491604824,229225263.2,-27.580645161290317,-27.73605150214592,0.9081600489405235,3.766617429837518,3.463097742830465,446.44599999999997,-52.15547703180212,https://finance.naver.com/item/main.naver?code=013360
시공테크,KOSDAQ,3605.0,72272931850,2.24,0.37,1617.0,9842.0,0.32622,23778367250.0,315288990.0,8803651360.0,,14.63454,"호텔,레스토랑,레저",5990.0,3150.0,0.0124165689,20047970,020710,32298.0,287629.65,0.11229023155297098,1134823410.65,2.9829545454545414,-11.260709914320689,0.30504504664244453,16.42958748221906,1.3259488621953217,32.622,-39.81636060100166,https://finance.naver.com/item/main.naver?code=020710
아이에스티이,KOSDAQ,7390.0,71793687420,-15.05,3.42,-497.0,2184.0,1.52129,16849737150.0,2073401490.0,1770703470.0,,32.96274,반도체와반도체장비,15580.0,5590.0,0.0698425668,9714978,212710,108918.0,53362.65,2.0410905380448683,376377318.5,-12.0,-0.7957559681697646,2.0410905380448683,-22.756410256410255,12.30524530763971,152.129,-52.56739409499358,https://finance.naver.com/item/main.naver?code=212710
바이오스마트,KOSDAQ,2875.0,72664308250,8.09,0.51,356.0,5697.0,0.74943,167623166480.0,5118576760.0,2157547610.0,,57.41321,전기장비,6930.0,2305.0,0.0724709077,25274542,038460,78124.0,101175.25,0.7721651293176938,281381021.4,14.11530815109343,-31.666666666666664,1.1916155383851288,6.248902931367387,3.053621326626546,74.943,-58.513708513708515,https://finance.naver.com/item/main.naver?code=038460
마음AI,KOSDAQ,10280.0,73093627000,-9.42,2.88,-1106.0,3622.0,1.17,961613110.0,-3014282110.0,-1352287320.0,,32.07185,IT서비스,26000.0,7730.0,0.0078434378,7110275,377480,25282.0,45866.55,0.5512077974035544,468336282.75,20.141342756183754,-33.37687785760941,0.7738755149449871,-30.53561568194368,-313.4610040830246,117.0,-60.46153846153845,https://finance.naver.com/item/main.naver?code=377480
아이엠티,KOSDAQ,9190.0,72367675090,76.13,2.41,124.0,3921.0,1.81983,9347002790.0,-163012400.0,-406703100.0,,32.96274,반도체와반도체장비,19500.0,6240.0,0.0402041447,7874611,451220,48090.0,30376.7,1.583121273871092,254499254.25,-0.9719222462203025,-17.01357466063348,1.722372739632679,3.162458556490691,-1.7440071824350016,181.983,-52.871794871794876,https://finance.naver.com/item/main.naver?code=451220
양지사,KOSDAQ,4545.0,72629100000,-40.0,0.35,-116.0,13435.0,0.13921,7537875160.0,-7696856100.0,-5059907270.0,,15.86565,상업서비스와공급품,9820.0,4000.0,0.0095829161,15980000,030960,23967.0,27725.15,0.8644497865656272,132382193.3,-8.704453441295545,-33.87096774193549,0.8644497865656272,-0.8634164495720135,-102.10909489246569,13.921,-53.716904276985744,https://finance.naver.com/item/main.naver?code=030960
지엠비코리아,KOSPI,3800.0,72474664000,4.96,0.25,762.0,15206.0,1.27589,215775493040.0,9933152390.0,8185264620.0,,9.77399,자동차부품,7140.0,3510.0,0.5608752598,19072280,013870,4293.0,12959.05,0.33127428322292146,49390066.8,-1.436031331592691,-25.542406311637077,1.4975634788043877,5.011179797448376,4.6034664317317135,127.589,-46.778711484593835,https://finance.naver.com/item/main.naver?code=013870
삼현철강,KOSDAQ,4660.0,71963867400,11.4,0.37,411.0,12759.0,0.12569,61402095340.0,5401551250.0,4911449320.0,,42.40289,철강,6140.0,4110.0,0.0387046078,15442890,017480,35641.0,18916.7,1.8841024068680055,90601738.35,0.7575757575757569,0.8667388949079147,2.515290721954675,3.22125558429344,8.797014531979977,12.568999999999999,-24.104234527687296,https://finance.naver.com/item/main.naver?code=017480
자이글,KOSDAQ,5310.0,71849132100,-13.28,3.71,-400.0,1431.0,1.58968,2722182640.0,721151110.0,596850740.0,,-35.39576,건강관리장비와용품,6270.0,4560.0,0.0050669172,13530910,234920,,,,,,,,-27.952480782669465,26.4916504647168,158.968,-15.311004784688997,https://finance.naver.com/item/main.naver?code=234920
신일전자,KOSPI,1052.0,72111992092,16.79,0.84,61.0,1221.0,0.9297,71885680270.0,6976105130.0,5242596250.0,,12.06213,가정용기기와용품,1501.0,919.0,0.0419880976,68547521,002700,841948.0,478060.95,1.7611729215699379,467280563.6,-3.2317636195752564,-24.604316546762593,1.7611729215699379,4.995904995904995,9.704443365908206,92.97,-29.913391072618257,https://finance.naver.com/item/main.naver?code=002700
와이엠씨,KOSDAQ,3740.0,70964098920,50.53,0.59,75.0,6461.0,0.53671,53408493570.0,2788252960.0,2324557480.0,,16.67937,디스플레이장비및부품,5130.0,2480.0,0.0408082845,18974358,155650,35827.0,62796.5,0.5705254273725446,212485389.0,31.130434782608685,6.647807637906644,1.5033162676263805,1.1608110199659496,5.220617122154116,53.671,-27.095516569200782,https://finance.naver.com/item/main.naver?code=155650
금호에이치티,KOSPI,6930.0,72466517970,-3.01,0.25,-2300.0,28000.0,0.37062,93991816550.0,2538969930.0,2624837940.0,,9.77399,자동차부품,11530.0,2500.0,0.0055595672,10456929,214330,14188.0,119551.3,0.11867708674016927,814338845.25,-24.141749723145068,1348.2029598308668,0.5239257122256303,-8.214285714285714,2.7012670072711775,37.062,-39.8959236773634,https://finance.naver.com/item/main.naver?code=214330
에이텍,KOSDAQ,8660.0,71531600000,136.83,0.64,63.0,13373.0,0.57947,53575930510.0,10471555740.0,9616944070.0,,20.22511,컴퓨터와주변기기,11970.0,7300.0,0.0591337772,8260000,045660,20694.0,9584.9,2.1590209600517483,84017336.75,12.337662337662337,-8.947368421052627,2.4280900165885924,0.47109848201600235,19.545261538752882,57.947,-27.652464494569763,https://finance.naver.com/item/main.naver?code=045660
풍원정밀,KOSDAQ,3685.0,86837061850,-2.74,5.51,-1090.0,542.0,7.48979,10201217070.0,-4544121860.0,-4007949080.0,,16.67937,디스플레이장비및부품,19970.0,2695.0,0.0167104958,23565010,371950,44128.0,217167.35,0.20319813268431006,680938152.65,-49.246231155778894,-78.46481876332622,0.9140738697598879,-201.1070110701107,-44.54489919015124,748.979,-81.54732098147221,https://finance.naver.com/item/main.naver?code=371950
싸이토젠,KOSDAQ,3095.0,71585947965,-5.82,2.03,-535.0,1538.0,0.62235,6833976920.0,-1216357300.0,-2197751800.0,,-10.95779,건강관리업체및서비스,11200.0,2720.0,0.0150878009,23129547,217330,39996.0,57277.9,0.6982797902856075,176918656.45,3.541315345699836,-34.95762711864406,1.9717727081474705,-34.78543563068921,-17.79867439177714,62.235,-72.36607142857143,https://finance.naver.com/item/main.naver?code=217330
제이티,KOSDAQ,6990.0,72105435870,-156.51,0.97,-43.0,6972.0,0.38891,13867728720.0,2338131190.0,5686318630.0,,32.96274,반도체와반도체장비,8040.0,2935.0,0.0983993719,10315513,089790,170534.0,144837.95,1.1774124115951654,816402513.2,80.67885117493472,26.277372262773714,1.9932552207484293,-0.6167527251864601,16.860231673179136,38.891,-13.059701492537313,https://finance.naver.com/item/main.naver?code=089790
피제이메탈,KOSDAQ,2850.0,70689601650,9.45,0.97,307.0,2977.0,1.10979,122814735230.0,11786193890.0,9299004000.0,,28.21512,비철금속,4140.0,2450.0,0.0169313693,24803369,128660,67439.0,46640.65,1.4459275331711714,134305576.55,6.296296296296289,-7.41935483870968,2.0646581897979552,10.312395028552233,9.596726213615597,110.979,-31.159420289855078,https://finance.naver.com/item/main.naver?code=128660
HLB제넥스,KOSDAQ,2180.0,71165984460,2.74,1.51,775.0,1403.0,1.01274,11333291540.0,959072260.0,7046106440.0,,-66.93263,생물공학,3680.0,1323.0,0.0090817424,32644947,187420,433714.0,384251.55,1.1287241391739344,813731357.85,13.874345549738209,-18.843283582089555,4.5298633147999015,55.23877405559515,8.462433500585655,101.274,-40.7608695652174,https://finance.naver.com/item/main.naver?code=187420
모델솔루션,KOSDAQ,11160.0,71387172000,10.5,0.99,1068.0,11302.0,0.17463,20042763420.0,1786417700.0,1730254160.0,,178.59148,기계,31500.0,8560.0,0.0321820626,6396700,417970,6521.0,9449.35,0.6901003772746274,98815425.25,8.171206225680926,-42.38341968911917,2.2174011969077236,9.449654928331269,8.91303091577379,17.463,-64.57142857142857,https://finance.naver.com/item/main.naver?code=417970
한일단조,KOSDAQ,2140.0,70399684860,48.33,0.52,45.0,4222.0,0.96785,43149338220.0,4990930900.0,2950905830.0,,9.77399,자동차부품,4800.0,1750.0,0.0480618186,32897049,024740,67552.0,193323.35,0.34942494013268444,438635281.35,5.623471882640585,-26.903553299492387,1.1762728092597194,1.065845570819517,11.566645297207991,96.785,-55.41666666666667,https://finance.naver.com/item/main.naver?code=024740
대영포장,KOSPI,655.0,70998429595,43.67,0.35,15.0,1865.0,0.42888,79986998740.0,2527444080.0,1955359270.0,,17.60036,포장재,1637.0,576.0,0.0192981014,108394549,014160,203761.0,363391.35,0.5607205565019641,278150190.85,-15.592783505154639,-49.61538461538461,0.5607205565019641,0.8042895442359249,3.159818620292941,42.888,-59.987782529016485,https://finance.naver.com/item/main.naver?code=014160
디와이피엔에프,KOSDAQ,6770.0,71207543770,2.48,0.42,2703.0,15819.0,0.54439,36761810910.0,1075892390.0,1523417560.0,,178.59148,기계,16600.0,6350.0,0.0335316232,10518101,104460,15276.0,11244.4,1.358542919141973,77203472.5,-24.749163879598658,-57.3055028462998,1.358542919141973,17.08704722169543,2.9266577553374398,54.43900000000001,-59.21686746987952,https://finance.naver.com/item/main.naver?code=104460
센코,KOSDAQ,1875.0,70895336250,12.93,1.23,148.0,1553.0,0.23394,12637590200.0,1411387020.0,1029813800.0,,307.43097,전자장비와기기,2625.0,1212.0,0.0235151311,37810846,347000,82770.0,52640.9,1.5723515365428782,98973172.65,8.885017421602793,-15.540540540540537,3.8377383365405984,9.52994204764971,11.168165747295715,23.394000000000002,-28.57142857142857,https://finance.naver.com/item/main.naver?code=347000
알체라,KOSDAQ,1691.0,71281817077,-24.64,2.94,-69.0,578.0,0.77693,2739481440.0,-3201038700.0,-3277691360.0,,224.56969,소프트웨어,3235.0,1198.0,0.061994802,42153647,347860,304147.0,143080.7,2.1257024881762527,217558481.25,22.807017543859654,-9.04168922577152,5.62388218676593,-11.937716262975778,-116.84834411581193,77.693,-47.72797527047914,https://finance.naver.com/item/main.naver?code=347860
디와이덕양,KOSPI,2200.0,71642956000,58.42,0.6,38.0,3682.0,4.25173,414823220950.0,-7918872290.0,-2655559530.0,,9.77399,자동차부품,2600.0,1643.0,0.0167625775,32564980,024900,74592.0,252812.2,0.29504905222137223,515456388.65,25.21539345203905,9.054527263631806,0.48485397461040247,1.0320478001086366,-1.9089751706437108,425.173,-15.384615384615385,https://finance.naver.com/item/main.naver?code=024900
한국컴퓨터,KOSDAQ,4415.0,70954745350,2.84,0.35,1555.0,12463.0,0.77422,77758425370.0,1204149220.0,1809838420.0,,16.67937,디스플레이장비및부품,5930.0,4360.0,0.0214723274,16071290,054040,4487.0,19237.6,0.23324115274254587,85259434.95,-7.732497387669801,-14.603481624758219,0.8712625275502143,12.47693171788494,1.5485771661016339,77.422,-25.548060708263066,https://finance.naver.com/item/main.naver?code=054040
와이어블,KOSDAQ,1479.0,70753524561,15.91,0.93,95.0,1631.0,0.85479,16387468260.0,1238146750.0,1250756800.0,,28.22093,무선통신서비스,3300.0,1003.0,0.0061534832,47838759,065530,712314.0,638909.85,1.1148896827932768,935249038.8,38.83677298311446,-29.016786570743403,12.87931622904233,5.824647455548743,7.555448653543266,85.479,-55.18181818181817,https://finance.naver.com/item/main.naver?code=065530
아미코젠,KOSDAQ,996.0,70372765452,-1.83,0.58,-543.0,1703.0,0.65866,13392562820.0,-1301362640.0,-20841809420.0,,-66.93263,생물공학,3940.0,787.0,0.0306464247,70655387,092040,257948.0,418838.7,0.6158647708533141,390003831.35,-10.313901345291477,-45.32531437944232,0.6158647708533141,-31.88490898414563,-9.717054588361453,65.866,-74.72081218274111,https://finance.naver.com/item/main.naver?code=092040
레몬,KOSDAQ,2820.0,70259786760,-5.07,6.92,-554.0,406.0,2.77241,6005991530.0,-854123920.0,-204038730.0,,-33.60183,화학,9500.0,1200.0,0.0135821582,24914818,294140,7808.0,23577.6,0.33116178067318136,62443956.5,32.084309133489455,-18.497109826589597,3.8913629885993486,-136.45320197044336,-14.221197544712489,277.241,-70.3157894736842,https://finance.naver.com/item/main.naver?code=294140
현대에이치티,KOSDAQ,7950.0,68568750000,5.94,0.59,1367.0,13750.0,0.4525,36435347870.0,200858090.0,-1490524920.0,,-391.40909,통신장비,12450.0,5550.0,0.0290129855,8625000,039010,45417.0,33150.0,1.3700452488687782,270357224.75,5.829015544041449,-1.0895883777239712,1.3700452488687782,9.941818181818181,0.5512726013119303,45.25,-36.14457831325302,https://finance.naver.com/item/main.naver?code=039010
제이스로보틱스,KOSDAQ,4030.0,70430673820,-2.86,0.52,-1428.0,7841.0,0.98286,4040519900.0,-4162588290.0,-6862289740.0,,307.43097,전자장비와기기,10100.0,2965.0,0.0124229584,17476594,090470,14841.0,35104.3,0.422768720641061,154437980.65,5.789473684210522,-57.097118463180365,0.5261748560717633,-18.21196275985206,-103.02110602152956,98.286,-60.0990099009901,https://finance.naver.com/item/main.naver?code=090470
신신제약,KOSDAQ,4575.0,69405037500,7.28,0.9,613.0,4933.0,0.79278,33999386650.0,4064750580.0,3648227140.0,,47.93196,제약,6990.0,3900.0,0.0350020105,15170500,002800,82648.0,20130.5,4.105610888949604,91249065.85,7.300115874855151,-17.321428571428577,4.105610888949604,12.42651530508818,11.955364435964023,79.278,-34.54935622317596,https://finance.naver.com/item/main.naver?code=002800
예스24,KOSDAQ,2810.0,70250000000,-6.76,0.41,-414.0,6912.0,1.97547,135760359260.0,-3472397770.0,-887315250.0,,17.6157,인터넷과카탈로그소매,3895.0,2715.0,0.01262236,25000000,053280,12010.0,52072.25,0.23064108042191378,149682416.4,-11.930926216640502,-23.569482288828336,1.0242499603915713,-5.989583333333334,-2.557740557646783,197.547,-27.856225930680356,https://finance.naver.com/item/main.naver?code=053280
해성옵틱스,KOSDAQ,1149.0,69990221619,-4.92,3.07,-240.0,385.0,3.06386,55887149870.0,405852010.0,-8040387370.0,,108.08375,핸드셋,2930.0,485.0,0.0079847778,60914031,076610,561997.0,705673.45,0.7963981073682169,853911269.45,20.167189132706365,-29.8352654057352,0.9477329776258411,-62.33766233766234,0.7261991548040273,306.386,-60.78498293515358,https://finance.naver.com/item/main.naver?code=076610
대림바스,KOSPI,4230.0,70185175200,5.21,0.41,812.0,10213.0,0.89101,80255346120.0,6570677790.0,4312689350.0,,-8.83576,건축제품,6450.0,3845.0,0.0193486835,16592240,005750,19212.0,25044.45,0.7671160676317508,110872561.45,-2.5345622119815614,-27.692307692307693,1.2728169314958004,7.9506511309115835,8.187215067486397,89.101,-34.41860465116279,https://finance.naver.com/item/main.naver?code=005750
아이티센씨티에스,KOSPI,5830.0,70573001180,1.31,0.3,4360.0,18920.0,1.03661,260610992970.0,6817519900.0,11517425960.0,,32.07185,IT서비스,9980.0,4570.0,0.0188665217,12105146,031820,50542.0,29707.85,1.7013011712392516,173085112.25,19.544984488107552,674.798927613941,1.7013011712392516,23.044397463002113,2.6159755666119553,103.661,-41.583166332665336,https://finance.naver.com/item/main.naver?code=031820
이글루,KOSDAQ,6330.0,69605433270,-1645.0,0.91,-4.0,7266.0,0.31828,45896625050.0,28470550.0,1641149490.0,,32.07185,IT서비스,8700.0,4600.0,0.0406539798,10996119,067920,164957.0,150996.85,1.0924532531638904,946356829.75,27.200000000000003,6.176961602671116,10.82918617176451,-0.055050922102945224,0.06203190314970665,31.828,-27.241379310344826,https://finance.naver.com/item/main.naver?code=067920
CG인바이츠,KOSDAQ,912.0,70127493984,-20.13,0.81,-46.0,1144.0,1.08925,4613583000.0,-5872550000.0,-7492407960.0,,-38.0877,생명과학도구및서비스,1667.0,711.0,0.0211574004,76894182,083790,70724.0,152737.65,0.463042347450023,146305766.95,-2.2580645161290325,-40.89726918075422,0.9787632584369342,-4.020979020979021,-127.28827030964871,108.92500000000001,-45.29094181163767,https://finance.naver.com/item/main.naver?code=083790
하이스틸,KOSPI,3415.0,68953873465,-15.46,0.49,-227.0,7121.0,0.99398,81277076220.0,3233052410.0,3296304310.0,,42.40289,철강,5680.0,2355.0,0.0173677292,20191471,071090,360690.0,1653260.9,0.21816883227565595,5879913614.9,20.38327526132404,0.2902757619738683,5.017220814936106,-3.187754528858307,3.9778158373325407,99.398,-39.87676056338029,https://finance.naver.com/item/main.naver?code=071090
엔브이에이치코리아,KOSDAQ,1698.0,71604660000,-5.26,0.33,-314.0,4978.0,3.84637,408933387270.0,4900608130.0,849947250.0,,9.77399,자동차부품,2505.0,1591.0,0.010594783,42170000,067570,46631.0,57580.15,0.8098450594519118,95110457.85,-8.06003335186215,-24.12844036697248,0.8098450594519118,-6.3077541181197265,1.1983878750316743,384.637,-32.21556886227545,https://finance.naver.com/item/main.naver?code=067570
크리스에프앤씨,KOSDAQ,2985.0,69941415600,4.8,0.17,615.0,17440.0,0.95408,89809446530.0,10880128990.0,7041304960.0,,8.86194,"섬유,의류,신발,호화품",4950.0,2525.0,0.0076002861,23430960,110790,7063.0,3024.1,2.3355709136602627,8896735.75,-1.490066225165565,-24.77876106194691,6.294765384742568,3.5263761467889907,12.114682152467775,95.408,-39.696969696969695,https://finance.naver.com/item/main.naver?code=110790
제일연마,KOSPI,9480.0,72048000000,4.54,0.57,2042.0,16369.0,0.10673,21596273260.0,2069757850.0,2286354480.0,,28.21512,비철금속,12900.0,8030.0,0.0640835526,7600000,001560,3018.0,1575.25,1.9158863672432946,14506669.25,1.777777777777767,-16.270566727605118,2.072052055229329,12.474799926690695,9.583865813707526,10.673,-26.51162790697674,https://finance.naver.com/item/main.naver?code=001560
한국내화,KOSPI,1691.0,69444401842,-2.74,0.39,-607.0,4239.0,0.55329,104105844320.0,1824842470.0,2023204910.0,,28.21512,비철금속,2270.0,1339.0,0.0049710642,41067062,010040,52249.0,27138.85,1.9252473852060792,44291420.4,8.173690932311617,-11.540469973890344,2.3732029912837134,-14.319414956357631,1.752872263723071,55.32899999999999,-25.506607929515425,https://finance.naver.com/item/main.naver?code=010040
대창솔루션,KOSDAQ,1908.0,70318885896,-9.89,2.19,-193.0,872.0,3.20409,18885891350.0,-135882350.0,-1142729460.0,,19.27479,조선,4180.0,1348.0,0.0287651023,36854762,096350,109348.0,176665.5,0.6189550308351093,349923008.6,26.845637583892625,-42.465753424657535,0.6189550308351093,-22.13302752293578,-0.7194913254650276,320.409,-54.35406698564593,https://finance.naver.com/item/main.naver?code=096350
피앤에스로보틱스,KOSDAQ,5160.0,69429244800,25.28,1.64,212.0,3261.0,0.05403,1728956720.0,-457578940.0,217796420.0,,-35.39576,건강관리장비와용품,14800.0,3605.0,0.0176188827,13455280,460940,28969.0,74557.25,0.38854705612130275,398052645.1,28.12887236679058,-35.13174404015057,0.619322735213544,6.501073290401717,-26.465609850546173,5.4030000000000005,-65.13513513513513,https://finance.naver.com/item/main.naver?code=460940
삼정펄프,KOSPI,27800.0,69499193800,2.22,0.24,12556.0,114819.0,0.11071,29636958120.0,-10366920.0,13542267620.0,,8.01239,가정용품,36450.0,24750.0,0.1733268106,2499971,009770,515.0,1354.0,0.3803545051698671,37475005.0,-2.1126760563380254,-12.302839116719245,2.9209748892171343,10.935472352136841,-0.03497970324088038,11.071,-23.731138545953357,https://finance.naver.com/item/main.naver?code=009770
한울반도체,KOSDAQ,10040.0,69413246800,-2.92,2.08,-3557.0,4998.0,3.26558,14107507390.0,-3351533720.0,-11353912330.0,,307.43097,전자장비와기기,29050.0,7079.615,0.0038646623,6913670,320000,126851.0,238090.95,0.5327837954361557,2569579045.5,-19.565217391304344,505.4545454545455,0.5343420234998432,-71.16846738695479,-23.757093491765307,326.558,-65.43889845094664,https://finance.naver.com/item/main.naver?code=320000
폴레드,KOSDAQ,2745.0,69126953445,7.45,1.7,379.0,1660.0,0.41861,25266411060.0,2064207790.0,1667059340.0,,12.06213,가정용기기와용품,26000.0,2695.0,0.0654575348,25182861,487580,314372.0,177072.4,1.7753867909397512,519206992.85,-24.099722991689752,-86.3,3.7922002525520635,22.83132530120482,8.16977047154872,41.861,-89.4423076923077,https://finance.naver.com/item/main.naver?code=487580
셀바스헬스케어,KOSDAQ,2675.0,68856008700,18.31,1.0,151.0,2766.0,0.12422,8202288930.0,372482440.0,-8676624330.0,,-35.39576,건강관리장비와용품,7490.0,2130.0,0.0270540692,25740564,208370,203917.0,642115.65,0.3175705186441103,1784653733.45,-0.92592592592593,-42.84188034188035,1.196494743587078,5.459146782357195,4.541201159564615,12.422,-64.28571428571428,https://finance.naver.com/item/main.naver?code=208370
특수건설,KOSDAQ,3915.0,68693885865,-3.53,0.8,-1113.0,4922.0,1.33536,55414601130.0,1988798010.0,1663261520.0,,35.6787,건설,7690.0,3145.0,0.0205979244,17546331,026150,20472.0,22910.5,0.8935640863359595,90942943.9,-4.963680387409197,-39.3353941267388,0.8935640863359595,-22.612759041040228,3.588942209174032,133.536,-49.08972691807543,https://finance.naver.com/item/main.naver?code=026150
페이퍼코리아,KOSPI,1933.0,68808347646,-3.54,0.26,-545.0,7410.0,0.77568,80315912560.0,5452909020.0,2612119990.0,,-5.94695,종이와목재,5200.0,1701.0,0.0027850645,35596662,001020,20019.0,9108.85,2.197752734977522,19799877.95,-3.5910224438902794,204.88958990536278,2.197752734977522,-7.3549257759784075,6.7893258585917255,77.568,-62.82692307692308,https://finance.naver.com/item/main.naver?code=001020
딥커머스,KOSDAQ,6340.0,70134842520,,,,,0.04693,16079243000.0,2620866000.0,2344106000.0,,8.86194,"섬유,의류,신발,호화품",27500.719,4909.084,0.0,11062278,900110,42235.0,18867.05,2.2385587571983963,49953662.65,772.3702664796633,686.346396965866,2.2385587571983963,,16.299685252595538,4.693,-76.94605730126547,https://finance.naver.com/item/main.naver?code=900110
애드바이오텍,KOSDAQ,2215.0,68939482800,-8.0,2.35,-275.0,937.0,1.03814,2904941570.0,-1936051200.0,-284156260.0,,47.93196,제약,4100.0,1300.0,0.012588228,31123920,179530,113845.0,179427.2,0.6344913145832961,357251728.75,0.22675736961450532,-17.228464419475653,1.9294621997110806,-29.34898612593383,-66.64682071385002,103.81400000000001,-45.975609756097555,https://finance.naver.com/item/main.naver?code=179530
아이디피,KOSDAQ,5170.0,68625163420,6.04,0.9,857.0,5785.0,0.0846,11882043630.0,2587167090.0,2426448120.0,,20.22511,컴퓨터와주변기기,5740.0,4380.0,0.0117489995,13273726,332370,550.0,1993.75,0.27586206896551724,10407142.0,-2.2684310018903586,-1.5238095238095273,4.558746081504702,14.81417458945549,21.773755176827272,8.459999999999999,-9.93031358885017,https://finance.naver.com/item/main.naver?code=332370
젝시믹스,KOSDAQ,2360.0,68555472440,5.91,0.6,400.0,3915.0,0.44097,74377729110.0,5347854380.0,4380718640.0,,8.86194,"섬유,의류,신발,호화품",6330.0,2315.0,0.045348832,29048929,337930,45906.0,64282.7,0.7141268179463526,158314303.75,-21.724709784411278,-44.7953216374269,1.390529644834458,10.217113665389528,7.190128609722486,44.096999999999994,-62.71721958925751,https://finance.naver.com/item/main.naver?code=337930
화성밸브,KOSDAQ,6540.0,68084016000,-35.71,0.74,-189.0,9065.0,0.35506,25583394330.0,758951160.0,2504468190.0,,178.59148,기계,11680.0,4260.0,0.0126623377,10410400,039610,125113.0,296869.6,0.4214409289465813,1916530610.0,25.670498084291182,-14.583333333333337,4.474604338066276,-2.084942084942085,2.966577265746269,35.506,-44.0068493150685,https://finance.naver.com/item/main.naver?code=039610
크레오에스지,KOSDAQ,3345.0,66418975620,-7.8,1.41,-440.0,2430.0,0.92222,3181067640.0,-136726310.0,1783638390.0,,32.07185,IT서비스,12800.0,1180.0,0.0,19856196,040350,61601.0,110727.8,0.5563282210971409,434278805.7,-57.3019801980198,331.25,0.7491524260393505,-18.106995884773664,-4.298126461718368,92.22200000000001,-73.8671875,https://finance.naver.com/item/main.naver?code=040350
동일금속,KOSDAQ,7520.0,68432000000,12.6,0.41,596.0,18440.0,0.19097,30302254820.0,2361857140.0,2404305070.0,,178.59148,기계,8480.0,6910.0,0.0,9100000,109860,5163.0,2484.95,2.07770780096179,18661594.5,2.876712328767117,4.450625869262859,5.255638946457675,3.2321041214750545,7.794328026180858,19.097,-11.32075471698113,https://finance.naver.com/item/main.naver?code=109860
레이,KOSDAQ,4360.0,68190491560,21.27,0.87,201.0,4896.0,1.23356,34146708690.0,5654007300.0,2543511710.0,,-35.39576,건강관리장비와용품,11690.0,3680.0,0.0,15640021,228670,26371.0,33720.55,0.7820453699598612,150316241.5,-1.0204081632653073,-20.63636363636364,1.519696446232342,4.105392156862745,16.557986162970366,123.356,-62.70316509837468,https://finance.naver.com/item/main.naver?code=228670
엔비알모션,KOSDAQ,6130.0,67493653920,-4.45,1.91,-1415.0,3306.0,1.33169,17247920620.0,-1128515640.0,-1748155530.0,,178.59148,기계,29700.0,4445.0,0.0561202952,11010384,0004V0,113106.0,209631.25,0.5395474195760412,1291717403.5,-0.48154093097912964,-71.02803738317758,0.8874678751378909,-42.80096793708409,-6.542908359001945,133.169,-79.36026936026937,https://finance.naver.com/item/main.naver?code=0004V0
삼일씨엔에스,KOSPI,5440.0,69261791680,46.92,0.26,117.0,21058.0,0.71986,79595802520.0,2470959930.0,1781582970.0,,7.35428,건축자재,11070.0,3990.0,0.015476973,12731947,004440,23423.0,45398.0,0.5159478391118552,242258043.8,-8.532423208191132,-46.4,0.8269747565972069,0.555608319878431,3.1043847185021134,71.986,-50.85817524841916,https://finance.naver.com/item/main.naver?code=004440
씨케이솔루션,KOSPI,2145.0,69672620160,-1.76,0.98,-1265.0,2264.0,1.93074,84959558610.0,607653310.0,-1171134720.0,,178.59148,기계,4171.205,1039.0,0.0097146959,32481408,480370,436901.0,656880.45,0.6651149383422813,1317841488.2,62.53869969040247,-7.692307692307687,3.0201629535480925,-55.87455830388692,0.7152265382985139,193.07399999999998,-48.5760110088092,https://finance.naver.com/item/main.naver?code=480370
웅진씽크빅,KOSPI,1195.0,67908366575,-2.9,0.26,-412.0,4654.0,1.81492,190878290190.0,3808431350.0,1117116830.0,,10.63048,교육서비스,3212.782,1055.0,0.0186778892,56827085,095720,23157.0,30050.8,0.7705951255873388,37859817.9,-5.000000000000004,2.658662092624353,1.152348689552358,-8.852599914052428,1.995214514028333,181.49200000000002,-62.80482149115627,https://finance.naver.com/item/main.naver?code=095720
잉크테크,KOSDAQ,3465.0,67935749805,26.99,0.87,128.0,3991.0,0.9615,23311582300.0,2380435190.0,2139409840.0,,20.22511,컴퓨터와주변기기,4450.0,2735.0,0.0077224248,19606277,049550,13819.0,5519.05,2.503872949148857,18906426.0,12.887438825448605,6.790123456790131,2.503872949148857,3.2072162365321977,10.211384020895055,96.15,-22.134831460674153,https://finance.naver.com/item/main.naver?code=049550
아우토크립트,KOSDAQ,7110.0,69329546010,-5.08,2.26,-1434.0,3227.0,1.46914,7464506890.0,-792533100.0,-106279470.0,,9.77399,자동차부품,22750.0,5120.0,0.0238331673,9750991,331740,17791.0,52520.55,0.3387435965541107,366658650.5,-1.836158192090398,-57.80206435944141,1.1799381385000727,-44.43755810350171,-10.61735372046793,146.914,-68.74725274725276,https://finance.naver.com/item/main.naver?code=331740
DSR,KOSPI,4265.0,68240000000,4.56,0.28,935.0,15284.0,0.60055,88213945280.0,4074908970.0,11034165980.0,,28.21512,비철금속,4800.0,3630.0,0.0277881875,16000000,155660,30762.0,13684.35,2.247969395696544,59226121.65,-3.096330275229353,0.11848341232227888,2.4945284211526304,6.117508505626799,4.6193478333452,60.055,-11.145833333333332,https://finance.naver.com/item/main.naver?code=155660
선바이오,KOSDAQ,5510.0,67298263910,23.67,2.28,229.0,2373.0,1.14164,2236153290.0,284365640.0,631335020.0,,-66.93263,생물공학,8500.0,4840.0,0.0035353334,12213841,067370,2651.0,8201.75,0.3232237022586643,47635579.75,-7.846410684474126,2.4118738404452778,0.3232237022586643,9.65023177412558,12.716732849741263,114.164,-35.1764705882353,https://finance.naver.com/item/main.naver?code=067370
성창기업지주,KOSPI,4800.0,66961536000,-3.26,0.1,-1480.0,48555.0,0.27104,34722061500.0,390614530.0,951378570.0,,-5.94695,종이와목재,9245.0,4395.0,0.004415741,13950320,000180,7132.0,9543.05,0.747350165827487,47385794.05,-1.4285714285714235,229.24335378323107,3.34065104971681,-3.0480897950777472,1.1249750536845284,27.104,-48.08004326663061,https://finance.naver.com/item/main.naver?code=000180
CJ씨푸드,KOSPI,1872.0,67262407056,24.12,0.77,78.0,2447.0,0.93362,48254180050.0,-578078690.0,741599380.0,,31.73003,식품,3350.0,1600.0,0.0190710342,35930773,011150,42926.0,31302.3,1.3713369305130934,60754568.8,-6.212424849699394,-31.176470588235293,2.01509154279398,3.187576624438088,-1.197986763843063,93.362,-44.11940298507463,https://finance.naver.com/item/main.naver?code=011150
우신시스템,KOSPI,3575.0,65472743050,3.66,0.33,985.0,10957.0,1.42001,80388249940.0,-3545331610.0,173144110.0,,9.77399,자동차부품,7330.0,3310.0,0.0055095393,18314054,017370,6990.0,13588.65,0.5143998851983089,47480649.05,-15.517241379310342,-36.08695652173913,1.2676020060859614,8.98968695810897,-4.410260968047142,142.001,-51.22783083219645,https://finance.naver.com/item/main.naver?code=017370
일지테크,KOSDAQ,5020.0,67837770000,1.48,0.35,3457.0,14517.0,2.34774,206970740760.0,3478765030.0,1562538490.0,,9.77399,자동차부품,8240.0,3715.0,0.0783733304,13513500,019540,13993.0,24470.85,0.5718232100642193,125208531.75,-12.102473498233213,-19.62843295638126,0.9137810905628534,23.813460081284013,1.680800395855915,234.774,-39.077669902912625,https://finance.naver.com/item/main.naver?code=019540
라파스,KOSDAQ,7480.0,66740023240,-15.45,2.22,-484.0,3370.0,1.46809,7582172960.0,-1770064330.0,-2315920030.0,,42.55038,화장품,16670.0,6240.0,0.0,8922463,214260,6892.0,7644.3,0.9015868032390146,58609421.25,-15.653153153153154,-26.64054848188051,2.3638528053582406,-14.362017804154304,-23.345079825243133,146.809,-55.12897420515897,https://finance.naver.com/item/main.naver?code=214260
영화테크,KOSDAQ,6230.0,66599821400,3.44,0.71,1822.0,8856.0,0.35874,28071643600.0,3988678600.0,6404214500.0,,9.77399,자동차부품,11120.0,5930.0,0.0145510179,10690180,265560,6786.0,9913.5,0.6845211075805719,63835820.75,-9.288824383164007,-25.328554360812426,2.6306551671962475,20.573622402890695,14.208924339578036,35.874,-43.9748201438849,https://finance.naver.com/item/main.naver?code=265560
유라테크,KOSDAQ,5790.0,66700800000,6.09,0.44,964.0,13417.0,0.2161,54246367850.0,1108012170.0,2524488070.0,,9.77399,자동차부품,9760.0,5130.0,0.0167295139,11520000,048430,15987.0,128806.3,0.12411659988680677,856214380.25,3.380782918149472,-22.73936170212766,0.34435427459681706,7.184914660505329,2.0425554998702093,21.61,-40.67622950819673,https://finance.naver.com/item/main.naver?code=048430
세원물산,KOSDAQ,8040.0,67134000000,3.67,0.17,2230.0,47436.0,0.2823,41587303920.0,-1732014410.0,1950916080.0,,9.77399,자동차부품,14000.0,7970.0,0.0179106587,8350000,024830,10004.0,2041.55,4.900198378682863,16916784.25,-8.323831242873435,-31.748726655348047,4.900198378682863,4.701070916603423,-4.16476724081901,28.23,-42.57142857142857,https://finance.naver.com/item/main.naver?code=024830
비엘팜텍,KOSDAQ,2390.0,66713965270,-3.53,7.5,-629.0,296.0,1.04457,713406640.0,-483275970.0,-806609630.0,,-10.95779,건강관리업체및서비스,8150.0,376.0,0.013051433,27913793,065170,1366380.0,838576.25,1.6294046009531036,1992510190.7,-20.598006644518275,-28.974739970282315,1.6294046009531036,-212.5,-67.7420061579466,104.457,-70.67484662576688,https://finance.naver.com/item/main.naver?code=065170
대륙제관,KOSDAQ,4235.0,67350047765,7.23,0.42,577.0,9988.0,0.40372,78189998380.0,2342226010.0,1904111540.0,,17.60036,포장재,4525.0,3400.0,0.0289343672,15903199,004780,6395.0,24324.35,0.26290527804442876,102785904.55,7.033248081841426,7.033248081841426,1.1208110391439032,5.776932318782539,2.9955570514490653,40.372,-6.408839779005526,https://finance.naver.com/item/main.naver?code=004780
휴비스,KOSPI,1925.0,66412500000,27.11,0.26,71.0,7534.0,2.23059,238728537020.0,3341868770.0,-1594832070.0,,8.86194,"섬유,의류,신발,호화품",4070.0,1630.0,0.0125716232,34500000,079980,23047.0,29716.95,0.7755506537514785,57475354.65,1.4721345951629772,-30.45045045045045,1.117308472100939,0.9423944783647464,1.3998614542341152,223.059,-52.702702702702695,https://finance.naver.com/item/main.naver?code=079980
화천기계,KOSPI,3025.0,66550000000,24.33,0.48,126.0,6446.0,0.33117,56893945310.0,905157760.0,2381181540.0,,178.59148,기계,6760.0,2450.0,0.0419415455,22000000,010660,26718.0,71667.15,0.37280678804724343,222754568.7,15.047619047619044,-48.5519591141397,1.3056330550328847,1.9547005895128762,1.59095621698941,33.117000000000004,-55.25147928994083,https://finance.naver.com/item/main.naver?code=010660
기도산업,KOSDAQ,11300.0,66225989100,1.36,0.36,8396.0,31281.0,0.93231,71101987740.0,5908372690.0,4184843270.0,,8.86194,"섬유,의류,신발,호화품",29500.0,11260.0,0.0198685926,5860707,282620,32040.0,88403.7,0.3624282694050136,1164130404.5,-39.02045209903121,-39.02045209903121,0.9477770726790847,26.84057415044276,8.309715210220647,93.231,-61.694915254237294,https://finance.naver.com/item/main.naver?code=282620
네오이뮨텍,KOSDAQ,1946.0,66576240640,,,,,0.35061,1169571000.0,-4207783000.0,-446259000.0,,47.93196,제약,4450.0,1115.0,0.0102422729,34211840,950220,292949.0,433852.45,0.6752272575618739,932250148.75,53.8888888888889,257.74907749077494,0.6752272575618739,,-359.7714888621554,35.061,-56.26966292134832,https://finance.naver.com/item/main.naver?code=950220
와이즈넛,KOSDAQ,5640.0,66635928840,42.91,1.11,134.0,5170.0,0.16741,7433414910.0,-165198420.0,502887430.0,,224.56969,소프트웨어,14710.0,5010.0,0.0,11814881,096250,29184.0,20045.85,1.4558624353669214,110408976.75,-13.538461538461544,-44.30128840436075,2.0141824866493563,2.591876208897485,-2.2223758797287423,16.741,-61.65873555404487,https://finance.naver.com/item/main.naver?code=096250
위메이드플레이,KOSDAQ,6370.0,66254631170,3.56,0.25,1812.0,25565.0,0.17694,32191942200.0,2595324830.0,3628247240.0,,17.53512,게임엔터테인먼트,9690.0,4860.0,0.0408203371,10401041,123420,94401.0,26880.9,3.511824380880104,174971943.5,5.980066445182719,-7.8034682080924895,3.511824380880104,7.0878153725796995,8.062032461029952,17.694,-34.26212590299278,https://finance.naver.com/item/main.naver?code=123420
에이프로,KOSDAQ,4400.0,66341704000,-12.18,0.94,-378.0,4901.0,3.81424,16051341070.0,-5621436450.0,-5249704720.0,,307.43097,전자장비와기기,12900.0,2105.0,0.0408321318,15077660,262260,41366.0,50525.0,0.8187234042553192,213298007.8,56.405693950177934,-15.154440154440152,0.8187234042553192,-7.712711691491532,-35.0215999117138,381.424,-65.89147286821706,https://finance.naver.com/item/main.naver?code=262260
이엔셀,KOSDAQ,6030.0,66507987510,-4.19,1.72,-1482.0,3609.0,0.97727,868006840.0,-4678721380.0,-7230742150.0,,47.93196,제약,20950.0,4800.0,0.0275635823,11029517,456070,61781.0,233740.35,0.26431465512907804,1487805500.5,-10.04497751124438,-62.04933586337761,0.480374911734324,-41.06400665004156,-539.0189528921223,97.727,-71.21718377088305,https://finance.naver.com/item/main.naver?code=456070
팜젠사이언스,KOSPI,2975.0,67396735875,-0.46,0.43,-6256.0,6677.0,0.31529,47717245820.0,1797971590.0,-13583136930.0,,47.93196,제약,4485.0,2590.0,0.0155977446,22654365,004720,31510.0,13868.85,2.2719980387703376,40783868.85,-8.750000000000002,-23.460026212319796,2.2719980387703376,-93.69477310169238,3.767970173262611,31.529,-33.66778149386845,https://finance.naver.com/item/main.naver?code=004720
비트컴퓨터,KOSDAQ,3965.0,65911356745,8.65,0.85,471.0,4774.0,0.12299,9785532840.0,1817986840.0,2388249420.0,,-61.00908,건강관리기술,5920.0,3410.0,0.0427204766,16623293,032850,65166.0,62627.6,1.0405316505821716,254679304.7,-1.9728729963008673,-26.524953789279117,1.1149078042268905,9.865940511101803,18.578312185195223,12.299,-33.02364864864865,https://finance.naver.com/item/main.naver?code=032850
네오뷰,KOSDAQ,12530.0,66110472750,0.0,0.0,0.0,0.0,,,,,,16.67937,디스플레이장비및부품,25600.0,11600.0,0.1603856961,5276175,0218L0,8846.0,15907.45,0.5560916425951362,201961035.75,-30.25069637883009,-30.25069637883009,0.9274270860508755,,,,-51.05468749999999,https://finance.naver.com/item/main.naver?code=0218L0
코셈,KOSDAQ,12100.0,65799437000,-104.21,3.57,-121.0,3533.0,0.42626,2722000160.0,-741369190.0,-533285750.0,,307.43097,전자장비와기기,18530.0,4950.0,0.0521165067,5437970,360350,39871.0,66085.0,0.6033290459257018,610180796.75,71.38810198300283,-26.174496644295296,5.362033744420065,-3.424851401075573,-27.23619200668967,42.626,-34.7004856988667,https://finance.naver.com/item/main.naver?code=360350
알에프텍,KOSDAQ,7470.0,67590225810,-1.63,0.24,-4492.0,30621.0,0.63879,53866482930.0,-2290467880.0,-1068736360.0,,108.08375,핸드셋,15407.95,5400.0,0.0,9048223,061040,3632.0,3787.15,0.9590325178564355,27892968.75,-2.281879194630876,332.0474777448071,1.3091638831311143,-14.66967114072042,-4.252120716655075,63.879,-51.518534263156354,https://finance.naver.com/item/main.naver?code=061040
남화토건,KOSDAQ,5500.0,64570000000,6.18,0.39,931.0,14580.0,0.12774,18613422450.0,49918950.0,709347630.0,,35.6787,건설,12190.0,3200.0,0.0093721465,11740000,091590,90573.0,322552.85,0.28080049517466676,2231203117.75,-44.881889763779526,43.039591315453386,0.6374552263295767,6.385459533607682,0.2681879172628997,12.774,-54.88105004101722,https://finance.naver.com/item/main.naver?code=091590
옵티팜,KOSDAQ,4515.0,66234860370,-26.21,2.57,-170.0,1731.0,0.62805,6588058670.0,-206123170.0,-216938910.0,,47.93196,제약,6250.0,4075.0,0.007978346,14669958,153710,2550.0,7493.45,0.34029719288178345,34496311.35,-2.608695652173909,-11.811023622047244,4.4891204985687505,-9.820912767186597,-3.1287391373519746,62.805,-27.759999999999994,https://finance.naver.com/item/main.naver?code=153710
컴투스엔,KOSDAQ,2700.0,64830323700,-6.22,0.92,-440.0,2970.0,0.82239,8270076800.0,-1898580550.0,-2294734780.0,,10.92084,광고,7200.0,1805.0,0.3581908399,24011231,291230,22576.0,29988.25,0.7528281910414912,76528313.2,445.90818363273456,257.0496083550914,2.167048760764633,-14.814814814814813,-22.95722997397074,82.23899999999999,-62.5,https://finance.naver.com/item/main.naver?code=291230
LK삼양,KOSDAQ,4680.0,65958459840,-2.86,2.12,-1750.0,2360.0,0.44462,5781963660.0,-1944208010.0,-2570763540.0,,307.43097,전자장비와기기,15775.0,2445.0,0.0,14093688,225190,297989.0,4725871.35,0.06305482691567557,7290392090.7,257.5268817204301,130.44554455445544,0.9560416831913972,-74.15254237288136,-33.625393107365184,44.462,-70.33280507131538,https://finance.naver.com/item/main.naver?code=225190
케이사인,KOSDAQ,9290.0,65653591250,25.8,0.73,371.0,13139.0,0.63125,9940269910.0,936297170.0,119567580.0,,224.56969,소프트웨어,16000.0,6330.0,0.0254673577,7067125,192250,268143.0,143032.15,1.8747043933828864,1269690333.0,29.97198879551821,-7.936507936507942,9.862950392621519,2.823654768247203,9.419232862661776,63.125,-41.93750000000001,https://finance.naver.com/item/main.naver?code=192250
엔케이,KOSPI,8990.0,66688485260,-15.8,0.38,-560.0,23370.0,0.31718,36792105840.0,3144228500.0,3552445950.0,,19.27479,조선,17610.0,6950.0,0.018173046,7418074,085310,14288.0,9333.3,1.530862610223608,82585085.75,21.182943603851445,710.4875804967801,1.8562566294879626,-2.396234488660676,8.545932417332924,31.718000000000004,-48.94946053378762,https://finance.naver.com/item/main.naver?code=085310
스마트레이더시스템,KOSDAQ,3930.0,64786482300,-20.71,3.38,-189.0,1160.0,1.04419,1943612780.0,-1798067550.0,-5115893910.0,,9.77399,자동차부품,9990.0,2755.0,0.0363557174,16485110,424960,13994.0,13383.4,1.0456236830700718,51632051.4,8.83977900552486,-41.54302670623146,1.5576012074659653,-16.29310344827586,-92.511613861687,104.419,-60.66066066066066,https://finance.naver.com/item/main.naver?code=424960
나래나노텍,KOSDAQ,6820.0,73041852180,1.74,0.6,3613.0,10520.0,0.15485,20684329430.0,3001943930.0,2759542970.0,,16.67937,디스플레이장비및부품,7300.0,2860.0,0.0212559369,10709949,137080,4059.0,7814.4,0.5194256756756757,48792993.75,9.189189189189184,22.548028311425682,2.0006654381654383,34.344106463878326,14.51313149966593,15.485,-6.57534246575342,https://finance.naver.com/item/main.naver?code=137080
한국특강,KOSPI,2365.0,67749067100,22.02,0.31,104.0,7479.0,1.65185,255229971080.0,473482190.0,141629750.0,,42.40289,철강,3600.361,1693.0,0.009584229,28646540,007280,18658.0,13566.95,1.3752538337651423,31801102.6,16.51234567901234,57.1825121443442,1.3752538337651423,1.3905602353255784,0.18551198669829821,165.185,-34.31214258792382,https://finance.naver.com/item/main.naver?code=007280
대교,KOSPI,1623.0,65299538550,-1.47,0.24,-1104.0,6750.0,1.15393,158618635460.0,-3721661380.0,-1192365110.0,,10.63048,교육서비스,4180.0,1573.0,0.0170745032,40233850,019680,11072.0,54946.6,0.20150473368688873,68979705.8,41.03237095363079,-1.5873015873015928,0.2953594944910149,-16.355555555555558,-2.346295168412616,115.39299999999999,-61.17224880382774,https://finance.naver.com/item/main.naver?code=019680
티이엠씨씨엔에스,KOSDAQ,6580.0,65817331720,14.7,0.54,438.0,11871.0,0.70015,55925938590.0,96735630.0,392812900.0,,32.96274,반도체와반도체장비,9800.0,4015.0,0.0298284432,10002634,241790,75119.0,80958.95,0.9278652946956452,530638575.0,42.41758241758242,-13.600000000000001,1.1818335094513948,3.6896638867829163,0.1729709548715506,70.015,-32.85714285714286,https://finance.naver.com/item/main.naver?code=241790
남화산업,KOSDAQ,3185.0,65572780000,9.88,0.35,324.0,9175.0,0.07961,5493246360.0,1093409430.0,2938370880.0,,14.63454,"호텔,레스토랑,레저",7820.0,2600.0,0.0143605498,20588000,111710,18204.0,52885.4,0.3442159839955829,169889702.9,-27.3356401384083,-20.854271356783915,0.8764044518903138,3.5313351498637604,19.904613016482298,7.961,-59.271099744245525,https://finance.naver.com/item/main.naver?code=111710
비상교육,KOSPI,4990.0,64853737590,2.89,0.31,1738.0,16305.0,0.78582,52569631060.0,-860460600.0,879855740.0,,10.63048,교육서비스,7470.0,4460.0,0.050897375,12996741,100220,14378.0,22210.8,0.647342734165361,110924950.0,-2.446183953033265,-8.532110091743117,0.647342734165361,10.659306961054892,-1.6368016717064628,78.582,-33.19946452476573,https://finance.naver.com/item/main.naver?code=100220
삼륭물산,KOSDAQ,4415.0,65452375000,10.8,1.14,408.0,3863.0,0.8034,29764159850.0,2261664440.0,1943305530.0,,17.60036,포장재,11950.0,3545.0,0.0130638111,14825000,014970,12158.0,105455.95,0.11528984376889119,503739864.4,-3.956043956043953,-53.46112886048988,0.2713360412570367,10.56173958063681,7.5986167639131255,80.34,-63.05439330543934,https://finance.naver.com/item/main.naver?code=014970
에이치엘지노믹스,KOSDAQ,8280.0,64436293080,5.89,0.6,1409.0,13925.0,0.07611,6607737350.0,2116193350.0,1787529850.0,,47.93196,제약,25550.0,7860.0,0.0159868191,7782161,0156T0,43017.0,76345.5,0.5634516769161247,666507246.25,-43.94861392832995,-43.94861392832995,1.1060900773457505,10.118491921005386,32.02599071223677,7.611,-67.59295499021528,https://finance.naver.com/item/main.naver?code=0156T0
웨이브일렉트로,KOSDAQ,4520.0,64963275120,38.97,1.06,116.0,4249.0,1.02523,22024362200.0,2030503320.0,1889349560.0,,41.29186,우주항공과국방,12150.0,3215.0,0.0553194782,14372406,095270,29535.0,36206.55,0.8157363791910579,154445838.6,25.139664804469277,-10.220440881763526,1.4949504992881122,2.73005413038362,9.219351287275869,102.52300000000001,-62.79835390946502,https://finance.naver.com/item/main.naver?code=095270
지엘팜텍,KOSDAQ,4140.0,64210576140,0.0,3.23,0.0,1285.0,1.46379,9701712920.0,231013140.0,81529000.0,,47.93196,제약,6650.0,3760.0,0.0096323609,15509801,204840,20056.0,80583.35,0.24888516052013224,400290367.2,362.5698324022347,281.9188191881919,0.3525790377292579,0.0,2.381158274883277,146.379,-37.744360902255636,https://finance.naver.com/item/main.naver?code=204840
지아이텍,KOSDAQ,1620.0,63758566800,95.59,0.75,17.0,2160.0,0.32396,9586475460.0,-529751780.0,365440500.0,,-86.37263,전기제품,3265.0,1531.0,0.0319388299,39357140,382480,38373.0,56054.6,0.6845646922821678,89683352.7,-6.048387096774189,-28.621444201312908,1.5541275827496763,0.787037037037037,-5.526032817904903,32.396,-50.38284839203675,https://finance.naver.com/item/main.naver?code=382480
딥노이드,KOSDAQ,2170.0,63737743440,-4.68,2.28,-472.0,970.0,0.52466,1311026880.0,-3296739500.0,-3234230620.0,,32.07185,IT서비스,4640.0,1120.0,0.0239484694,29372232,315640,78006.0,235391.6,0.33138820586630957,498313039.7,55.405405405405396,-38.79551820728291,0.7935924646418988,-48.65979381443299,-251.46238801755155,52.466,-53.23275862068966,https://finance.naver.com/item/main.naver?code=315640
동양파일,KOSDAQ,3240.0,64800000000,-8.82,0.55,-363.0,5777.0,0.06184,20675965600.0,2344283320.0,2430098300.0,,7.35428,건축자재,7300.0,1550.0,0.00503655,20000000,228340,200999.0,2005112.55,0.10024325068435684,8326700663.9,-20.668316831683164,45.02262443438914,0.1465483820347142,-6.283538168599619,11.338204780143375,6.184,-55.61643835616439,https://finance.naver.com/item/main.naver?code=228340
팬젠,KOSDAQ,4790.0,64734498110,30.81,2.14,154.0,2218.0,0.08222,3955577500.0,-219711970.0,-48194340.0,,-66.93263,생물공학,8510.0,4220.0,0.0728118202,13514509,222110,3129.0,5862.2,0.5337586571594282,27859225.5,4.640883977900545,-13.909090909090905,0.5337586571594282,6.943192064923355,-5.5544852805942995,8.222,-43.71327849588719,https://finance.naver.com/item/main.naver?code=222110
이월드,KOSPI,2260.0,64096397880,-3.37,0.29,-655.0,7575.0,0.89341,29177807830.0,2482286260.0,307273100.0,,8.86194,"섬유,의류,신발,호화품",10500.0,2100.0,0.0229042188,28361238,084680,47693.0,745058.35,0.06401243607295992,418032842.3,85.24590163934427,43.219264892268704,0.7181303316713382,-8.646864686468646,8.507446050994162,89.34100000000001,-78.47619047619048,https://finance.naver.com/item/main.naver?code=084680
셀바이오휴먼텍,KOSDAQ,6510.0,60787209630,6.31,0.99,1059.0,6775.0,0.44706,19363460350.0,3489486700.0,2937766110.0,,42.55038,화장품,11200.0,4960.0,0.0448090407,9337513,318160,9121.0,45083.85,0.20231191435514048,314123909.75,12.871287128712861,-6.301369863013695,0.8426742614040283,15.6309963099631,18.020987142414345,44.706,-41.87499999999999,https://finance.naver.com/item/main.naver?code=318160
와이엠텍,KOSDAQ,5800.0,63602800000,19.26,1.07,311.0,5590.0,0.74279,17652206900.0,1844152960.0,1340143130.0,,-86.37263,전기제품,13990.0,3905.0,0.0214288711,10966000,273640,16896.0,16245.55,1.0400386567398456,87111765.25,12.790697674418606,-20.05494505494505,4.277786840088517,5.56350626118068,10.447152418092267,74.279,-58.541815582558975,https://finance.naver.com/item/main.naver?code=273640
제이엔케이글로벌,KOSDAQ,2795.0,64754903785,21.47,0.4,126.0,6844.0,0.64042,71445167030.0,-222775850.0,-676553060.0,,-145.04827,석유와가스,4930.0,2255.0,0.0223460053,23168123,126880,15502.0,40889.7,0.3791174794630433,106640090.9,-3.169014084507038,-26.470588235294112,2.4486606651552836,1.8410286382232612,-0.3118137436874574,64.042,-43.30628803245437,https://finance.naver.com/item/main.naver?code=126880
유니테크노,KOSDAQ,2600.0,63623835600,-19.89,0.46,-131.0,5612.0,0.79405,34212536520.0,2817988340.0,3183523760.0,,9.77399,자동차부품,4980.0,2155.0,0.0158766159,24470706,241690,9123.0,24086.1,0.37876617634237175,61447408.25,3.379721669980129,-29.539295392953935,1.4682742328562948,-2.3342836778332146,8.23671269843631,79.405,-47.791164658634536,https://finance.naver.com/item/main.naver?code=241690
디알텍,KOSDAQ,3775.0,63012115025,-2.42,0.9,-1605.0,4335.0,1.78056,37003506460.0,1865837660.0,2065530370.0,,-35.39576,건강관리장비와용품,11825.0,3405.0,0.0,16691951,214680,23318.0,803095.1,0.029035166569936738,1830159259.95,194.66357308584685,116.4772727272727,0.049761230021201724,-37.0242214532872,5.042326629280202,178.05599999999998,-68.07610993657505,https://finance.naver.com/item/main.naver?code=214680
다스코,KOSPI,3160.0,63993953160,-11.7,0.4,-273.0,8046.0,1.53938,80365349580.0,-3923730800.0,-4077116070.0,,7.35428,건축자재,5800.0,2270.0,0.0146529713,20251251,058730,163125.0,494413.65,0.32993627906511075,1726574041.2,-39.61538461538462,-13.259668508287293,0.3656998547673593,-3.392990305741984,-4.882366368722265,153.938,-45.51724137931035,https://finance.naver.com/item/main.naver?code=058730
옵트론텍,KOSDAQ,1813.0,63388517290,-2.66,0.97,-670.0,1841.0,3.39205,60742904800.0,2645528580.0,-2734233140.0,,307.43097,전자장비와기기,2540.0,1241.0,0.0975417959,34963330,082210,45657.0,54322.7,0.8404773694974661,94112850.65,15.816326530612246,-12.481927710843376,0.9052569183785047,-36.39326453014666,4.355288224543387,339.205,-28.622047244094485,https://finance.naver.com/item/main.naver?code=082210
티플랙스,KOSDAQ,2595.0,62976503190,19.12,0.38,137.0,6922.0,0.68654,71478912970.0,2155529020.0,454522280.0,,28.21512,비철금속,5570.0,2275.0,0.0600415718,24268402,081150,47042.0,53602.6,0.8776066832579017,140616874.9,-2.06378986866792,-22.32142857142857,1.31292138814162,1.9791967639410575,3.01561527789977,68.65400000000001,-53.41113105924595,https://finance.naver.com/item/main.naver?code=081150
브이원텍,KOSDAQ,3980.0,63452686280,-6.26,0.57,-614.0,6767.0,0.52187,13037445670.0,-2389117430.0,-2410004010.0,,178.59148,기계,11000.0,3120.0,0.0142781552,15942886,251630,55798.0,12661.8,4.406798401491099,44517206.9,20.121028744326775,-27.022058823529417,4.406798401491099,-9.073444657898627,-18.32504227033914,52.187,-63.81818181818182,https://finance.naver.com/item/main.naver?code=251630
코위버,KOSDAQ,6420.0,62895456000,18.28,0.4,379.0,17332.0,0.17899,11970936370.0,-1273427520.0,-421997280.0,,-391.40909,통신장비,14550.0,4075.0,0.0282212559,9796800,056360,166298.0,200410.2,0.8297881045974705,1221729114.5,32.377049180327866,-7.714285714285718,1.678711961766417,2.1867066697438267,-10.6376600847307,17.899,-55.876288659793815,https://finance.naver.com/item/main.naver?code=056360
유비벨록스,KOSDAQ,4355.0,64150016645,-7.92,0.48,-546.0,9085.0,1.11405,172576458330.0,-2019809490.0,1113957610.0,,45.00384,전자제품,6160.0,3660.0,0.0352223347,14730199,089850,4475.0,6347.8,0.7049686505560981,26474831.75,6.5838509316770155,-19.0566037735849,1.0071205772078515,-6.00990643918547,-1.1703852944633553,111.405,-29.301948051948056,https://finance.naver.com/item/main.naver?code=089850
원풍,KOSDAQ,5240.0,62880000000,8.13,0.59,646.0,8872.0,0.15288,23484413060.0,2358512200.0,2919428940.0,,-33.60183,화학,5740.0,4555.0,0.01265225,12000000,008370,17959.0,10989.5,1.6341962782656172,57698832.1,7.770961145194266,5.189620758483038,3.85513444651713,7.281334535617674,10.042883311472464,15.287999999999998,-8.710801393728218,https://finance.naver.com/item/main.naver?code=008370
3S,KOSDAQ,1194.0,63352493760,-11.66,1.43,-103.0,841.0,0.25157,5574850520.0,5675390.0,-492653100.0,,178.59148,기계,2035.0,831.0,0.0271088207,53059040,060310,101367.0,96824.4,1.0469158600518051,109982277.65,5.976806422836756,-6.382978723404253,2.764313540801699,-12.247324613555291,0.10180344709942106,25.157,-41.32678132678132,https://finance.naver.com/item/main.naver?code=060310
TPC로보틱스,KOSDAQ,4040.0,63419883640,-25.55,1.8,-163.0,2317.0,2.21488,24855735930.0,-593048390.0,-1038739620.0,,178.59148,기계,10690.0,1910.0,0.0133771258,15697991,048770,275322.0,1619374.6,0.17001748699775826,7309202925.9,37.80068728522337,27.91068580542264,0.22944227975417175,-7.034958998705222,-2.385961902999667,221.488,-62.20767072029935,https://finance.naver.com/item/main.naver?code=048770
무림페이퍼,KOSPI,1511.0,62871667410,-4.11,0.15,-369.0,10373.0,3.33359,337689478720.0,28030884350.0,-58217253260.0,,-5.94695,종이와목재,2685.0,1256.0,0.0210025833,41609310,009200,12028.0,108450.35,0.11090789471864314,167392000.55,7.163120567375891,-27.703349282296653,0.3627374185514385,-3.557312252964427,8.300787000012576,333.359,-43.724394785847295,https://finance.naver.com/item/main.naver?code=009200
해치텍,KOSDAQ,11390.0,62498638500,-4.8,6.71,-2482.0,1776.0,0.59262,4984041150.0,-112532020.0,31415760.0,,32.96274,반도체와반도체장비,21400.0,11340.0,0.0039802083,5487150,0155E0,124572.0,1147334.1,0.1085751743977626,16161676466.25,-17.803302225412775,-17.803302225412775,0.22398270913415716,-139.75225225225225,-2.257846928089669,59.262,-46.77570093457943,https://finance.naver.com/item/main.naver?code=0155E0
디지틀조선,KOSDAQ,1690.0,62724801230,11.59,0.69,147.0,2479.0,0.15406,11215793510.0,3750191060.0,3221593470.0,,32.07185,IT서비스,3070.0,1358.0,0.0117198133,37115267,033130,15024.0,48173.8,0.3118707679277948,83111894.0,-12.866700977869272,-41.62068965517241,3.5624758686256843,5.929810407422348,33.43669849713558,15.406,-44.951140065146575,https://finance.naver.com/item/main.naver?code=033130
케이앤에스아이앤씨,KOSDAQ,6100.0,62591380200,-17.66,4.13,-354.0,1513.0,1.76912,3795272770.0,-1475256190.0,-1536422310.0,,-391.40909,통신장비,24600.0,6050.0,0.0055031332,10260882,487400,94512.0,281268.75,0.3360202653156456,2111536224.75,-60.20806241872562,-60.20806241872562,0.6092393840410639,-23.397224058162593,-38.87088700610049,176.912,-75.20325203252033,https://finance.naver.com/item/main.naver?code=487400
써니전자,KOSPI,1764.0,62635120632,17.79,0.75,101.0,2388.0,0.0237,3545337180.0,244575830.0,333626450.0,,307.43097,전자장비와기기,2705.0,1418.0,0.0518223534,35507438,004770,512501.0,2293198.8,0.22348738364942458,5135611125.35,10.450563204005014,6.133493686109448,0.5840797579346371,4.2294807370184255,6.898521003297069,2.37,-34.78743068391867,https://finance.naver.com/item/main.naver?code=004770
대현,KOSPI,1416.0,62703750960,5.66,0.23,249.0,6265.0,0.1284,54081777550.0,1833496510.0,2631118090.0,,8.86194,"섬유,의류,신발,호화품",1900.0,1369.0,0.0618331564,44282310,016090,52833.0,36783.8,1.43631163718811,51807105.65,-5.160857908847182,-15.623136553369111,1.43631163718811,3.974461292897047,3.3902297466182305,12.839999999999998,-25.473684210526315,https://finance.naver.com/item/main.naver?code=016090
아시아경제,KOSDAQ,1428.0,62902271880,15.36,0.52,92.0,2736.0,2.09301,21183181640.0,4959581010.0,1413374650.0,,1.95894,출판,1849.0,750.0,0.0005415761,44049210,127710,108050.0,70118.2,1.5409693916843274,85005124.1,54.01301518438177,-20.314253647586977,1.5409693916843274,3.3625730994152043,23.41282388210688,209.30100000000002,-22.769064359113035,https://finance.naver.com/item/main.naver?code=127710
이화공영,KOSDAQ,2215.0,62588831935,16.91,4.03,131.0,550.0,2.01419,10369245490.0,-1128787170.0,-1280035370.0,,35.6787,건설,2215.0,1616.0,0.0057966559,28256809,001840,,,,,,,,23.81818181818182,-10.885914226725477,201.419,0.0,https://finance.naver.com/item/main.naver?code=001840
에스엠씨지,KOSDAQ,3120.0,62628708480,41.92,1.43,73.0,2138.0,0.77902,17323112320.0,1659713500.0,1417867250.0,,17.60036,포장재,5750.0,1790.0,0.0229422122,20073304,460870,43532.0,52633.5,0.8270778116598744,153320638.8,30.672268907563026,-19.010416666666664,1.5754794949984325,3.4144059869036485,9.58091981014183,77.902,-45.7391304347826,https://finance.naver.com/item/main.naver?code=460870
국순당,KOSDAQ,3490.0,62325480960,8.8,0.23,397.0,15068.0,0.07592,14701920380.0,-1426251800.0,736590790.0,,16.42155,음료,5110.0,3115.0,0.0140783246,17858304,043650,19722.0,176550.6,0.1117073518866546,700389325.5,-1.8258426966292096,-15.681544028950544,0.2235393139417255,2.6347225909211573,-9.701125860674809,7.5920000000000005,-31.702544031311152,https://finance.naver.com/item/main.naver?code=043650
오픈베이스,KOSDAQ,1990.0,62530542170,7.71,0.65,266.0,3142.0,0.83706,60740382450.0,3160029930.0,4709919300.0,,20.22511,컴퓨터와주변기기,4195.0,1521.0,0.0561883228,31422383,049480,214244.0,225338.1,0.9507668698724272,441133601.15,4.473684210526319,-7.888631090487241,3.00699260355883,8.465945257797582,5.202518987431894,83.706,-52.56257449344457,https://finance.naver.com/item/main.naver?code=049480
삼성출판사,KOSPI,6230.0,62300000000,15.51,0.38,405.0,16404.0,0.17777,10047937240.0,-213631560.0,3741097880.0,,1.95894,출판,18710.0,5500.0,0.0133904,10000000,068290,8925.0,7598.4,1.1745893872394189,47096935.75,-0.9538950715421324,-31.763417305585982,2.3553642872183618,2.468910021945867,-2.12612355050896,17.777,-66.7022982362373,https://finance.naver.com/item/main.naver?code=068290
이오플로우,KOSDAQ,1490.0,62295566450,-1.21,-0.42,-1227.0,-3559.0,-1.65551,124204550.0,-2377112090.0,-5516387140.0,,-35.39576,건강관리장비와용품,1490.0,1490.0,0.2089967006,41809105,294090,,,,,,,,34.475976397864564,-1913.8687672875108,-165.55100000000002,0.0,https://finance.naver.com/item/main.naver?code=294090
아티스트컴퍼니,KOSDAQ,4020.0,62677331520,48.78,1.6,86.0,2619.0,0.76337,9325005190.0,-1088209620.0,-727851250.0,,966.7929,방송과엔터테인먼트,6030.0,1960.0,0.0106104169,15591376,321820,131193.0,247372.35,0.5303462573727419,830830611.05,80.76923076923077,1.7834394904458595,1.8927135550921514,3.2836960672012214,-11.669801762330172,76.337,-33.333333333333336,https://finance.naver.com/item/main.naver?code=321820
인지소프트,KOSDAQ,19090.0,62686100260,2.36,0.72,8108.0,26761.0,0.18896,4523907530.0,1215509640.0,47465717430.0,,224.56969,소프트웨어,23700.0,15300.0,0.0130736112,3283714,100030,8726.0,6455.3,1.3517574706055488,129263166.0,9.73348783314021,4.814609850581064,1.5664647653865815,30.297821456597283,26.86857836813477,18.895999999999997,-19.451476793248943,https://finance.naver.com/item/main.naver?code=100030
HLB파나진,KOSDAQ,1354.0,61644857840,-19.9,0.88,-70.0,1591.0,0.10989,3708157720.0,-158046200.0,1550223930.0,,-38.0877,생명과학도구및서비스,2940.0,980.0,0.0104408368,45527960,046210,358495.0,435001.3,0.8241239738823769,611037923.5,-4.478656403079073,-48.490566037735846,7.382069892664688,-4.3997485857950975,-4.262121838765801,10.989,-53.945578231292515,https://finance.naver.com/item/main.naver?code=046210
휴니드,KOSPI,4380.0,61828145700,-5.9,0.36,-763.0,12438.0,1.1472,29260083620.0,-428228040.0,242660420.0,,41.29186,우주항공과국방,11850.0,3550.0,0.2771726298,14116015,005870,38448.0,38590.85,0.9962983453331554,172371975.9,0.917431192660545,-49.015063731170336,1.8510087235704837,-6.134426756713298,-1.4635229535273626,114.72,-63.037974683544306,https://finance.naver.com/item/main.naver?code=005870
한국전자인증,KOSDAQ,3385.0,62385918965,13.59,0.97,252.0,3523.0,0.35055,10542335410.0,1625637870.0,1222133080.0,,32.07185,IT서비스,4945.0,2990.0,0.0299397578,18430109,041460,39023.0,44995.4,0.8672664316796828,157414437.45,1.2030075187969835,-14.702154626109,2.383065824506505,7.152994606869145,15.420092482145757,35.055,-31.547017189079874,https://finance.naver.com/item/main.naver?code=041460
FSN,KOSDAQ,1355.0,61315966780,-2.94,0.99,-475.0,1408.0,2.3407,76707658730.0,11974278000.0,4976263370.0,,18.15491,양방향미디어와서비스,2780.0,1198.0,0.0,45251636,214270,25164.0,34014.65,0.7397988807763713,45318001.4,1.5567086730911894,-42.071881606765324,1.5122895575876865,-33.73579545454545,15.610276989612926,234.07,-51.25899280575539,https://finance.naver.com/item/main.naver?code=214270
예림당,KOSDAQ,2750.0,63344261750,0.49,0.24,5479.0,11107.0,0.0122,2399656490.0,-263229690.0,9767110700.0,,1.95894,출판,4035.0,2505.0,0.0143559097,23034277,036000,15018.0,13113.45,1.1452363794424807,36272258.35,-2.7124773960216952,-16.718266253869974,1.6351150917569366,49.32925182317457,-10.969473801644002,1.22,-31.84634448574969,https://finance.naver.com/item/main.naver?code=036000
디티씨,KOSDAQ,3295.0,61589869810,13.79,0.31,240.0,10582.0,0.20268,39513730250.0,-660001460.0,-444016390.0,,108.08375,핸드셋,3700.0,2265.0,0.009256621,18691918,066670,22915.0,15228.45,1.5047493343051985,49465034.95,37.57828810020878,22.490706319702603,3.8521320291953547,2.268002268002268,-1.6703091705698934,20.268,-10.945945945945946,https://finance.naver.com/item/main.naver?code=066670
삼기,KOSDAQ,1601.0,61381424228,-9.26,0.61,-175.0,2656.0,3.48203,175953991860.0,1156739650.0,1720244270.0,,9.77399,자동차부품,2345.0,836.0,0.0256111281,38339428,122350,272917.0,1127008.9,0.2421604656360744,1888752743.4,-9.831460674157299,7.071380920613746,0.6246383679844942,-6.588855421686747,0.6574102910494775,348.203,-31.727078891258,https://finance.naver.com/item/main.naver?code=122350
푸드웰,KOSDAQ,6150.0,61500000000,5.63,0.57,1094.0,10889.0,1.09595,94180663170.0,8884546160.0,6034648690.0,,31.73003,식품,10220.0,5440.0,0.0280287,10000000,005670,2717.0,13274.25,0.20468199709964782,82176016.0,2.329450915141429,2.6711185308847973,3.701678060907396,10.04683625677289,9.433514121644086,109.595,-39.8238747553816,https://finance.naver.com/item/main.naver?code=005670
비트플래닛,KOSDAQ,2610.0,61452186390,-4.36,1.01,-605.0,2625.0,0.26416,7946015630.0,-766712540.0,-3721999040.0,,224.56969,소프트웨어,13625.0,1002.0,0.2392807461,23544899,049470,20098.0,322696.05,0.06228151847535785,991644603.3,101.7001545595054,270.2127659574468,0.29843563316005883,-23.047619047619047,-9.649018774960552,26.416,-80.84403669724772,https://finance.naver.com/item/main.naver?code=049470
KT지니뮤직,KOSDAQ,1055.0,61311787090,-2.23,0.43,-474.0,2474.0,0.59287,77216249500.0,1893651820.0,-464697770.0,,966.7929,방송과엔터테인먼트,2060.0,1048.0,0.0108337134,58115438,043610,253591.0,55186.25,4.595184488889895,63755855.25,-25.756509500351864,-37.94117647058823,4.595184488889895,-19.15925626515764,2.4524006698874956,59.287,-48.786407766990294,https://finance.naver.com/item/main.naver?code=043610
인크로스,KOSDAQ,5010.0,61115096220,5.03,0.46,993.0,10770.0,1.02536,11711757110.0,2825260400.0,2648041990.0,,10.92084,광고,7610.0,4325.0,0.0571791634,12198622,216050,6437.0,10227.8,0.6293631083908563,51354457.5,-1.1834319526627168,-28.936170212765955,1.4692309196503648,9.220055710306408,24.123283752082525,102.536,-34.16557161629436,https://finance.naver.com/item/main.naver?code=216050
동원모빌리티,KOSPI,1322.0,61810021426,1.63,0.35,835.0,3844.0,2.43576,193668847570.0,14414948490.0,13922179770.0,,9.77399,자동차부품,1967.0,1219.0,0.0354442386,46754933,018500,177178.0,42417.85,4.17696795099233,57976206.4,-2.0911127707244237,-22.24199288256228,4.17696795099233,21.72216441207076,7.443090962158918,243.57600000000002,-32.7910523640061,https://finance.naver.com/item/main.naver?code=018500
더블유에스아이,KOSDAQ,1470.0,61021593360,-14.29,1.06,-106.0,1436.0,0.40041,12925235600.0,1026956770.0,817597050.0,,47.93196,제약,5000.0,1012.0,0.01576311,41511288,299170,730766.0,2559276.9,0.2855361215505833,3852633085.75,10.759969902182087,-43.16602316602317,3.8552799816229344,-7.381615598885793,7.945362094598879,40.041,-70.6,https://finance.naver.com/item/main.naver?code=299170
오리콤,KOSDAQ,5080.0,60833254000,7.6,0.45,666.0,11173.0,0.82636,57274295550.0,3038457570.0,2070967810.0,,10.92084,광고,6910.0,4255.0,0.0409321882,11975050,010470,3392.0,3840.65,0.8831838360694153,18979861.7,6.041666666666656,-15.588723051409614,1.314881595563251,5.9607983531728275,5.305098108709956,82.636,-26.483357452966715,https://finance.naver.com/item/main.naver?code=010470
에이비온,KOSDAQ,676.0,60908481504,-1.56,0.89,-434.0,759.0,0.22547,136978800.0,-4322222510.0,-9006759100.0,,47.93196,제약,4510.0,570.0,0.0449365417,90101304,203400,2169199.0,1470297.5,1.4753469961011292,1201001960.05,-66.61728395061728,-73.74757281553399,5.996260620724717,-57.180500658761524,-3155.3952217423425,22.547,-85.01108647450111,https://finance.naver.com/item/main.naver?code=203400
케이엘넷,KOSDAQ,2645.0,60694799130,5.94,0.82,449.0,3233.0,0.10874,10652464040.0,2546632880.0,1871484270.0,,32.07185,IT서비스,3260.0,2420.0,0.1044805694,22946994,039420,32832.0,13318.45,2.4651517256137163,35935034.25,2.316602316602312,-8.62068965517241,2.4651517256137163,13.888029693782864,23.906514684653185,10.874,-18.86503067484663,https://finance.naver.com/item/main.naver?code=039420
흥국,KOSDAQ,5170.0,60520020000,4.77,0.49,1099.0,10653.0,0.1703,42690449470.0,4566678790.0,4084535530.0,,178.59148,기계,6110.0,4750.0,0.0651395011,11706000,010240,21293.0,9667.2,2.202602615028136,51032668.75,-5.29197080291971,-0.9541984732824416,2.202602615028136,10.316342814230733,10.697190698845082,17.03,-15.384615384615385,https://finance.naver.com/item/main.naver?code=010240
이지스,KOSDAQ,5750.0,59097350000,-9.39,1.11,-591.0,5008.0,0.31695,5586409070.0,-2423008280.0,-2929954750.0,,32.07185,IT서비스,33300.0,3290.0,0.0123320166,10277800,261520,100200.0,64424.45,1.5553101345839973,342455233.4,49.36708860759494,-33.55855855855856,1.5553101345839973,-11.80111821086262,-43.37326983467754,31.695,-82.73273273273274,https://finance.naver.com/item/main.naver?code=261520
코츠테크놀로지,KOSDAQ,11400.0,60252328800,7.04,0.97,1627.0,11871.0,1.20486,20747729940.0,2480243300.0,1908822550.0,,41.29186,우주항공과국방,26000.0,9250.0,0.0423096775,5285292,448710,22284.0,17242.65,1.2923767518333897,193748698.75,7.82280867106504,-38.328840970350406,2.6813163869822794,13.705669278072612,11.954287563856733,120.486,-56.15384615384615,https://finance.naver.com/item/main.naver?code=448710
유유제약,KOSPI,3830.0,60312779460,7.69,0.54,492.0,7069.0,0.4221,36697112370.0,4002469930.0,3555164750.0,,47.93196,제약,5100.0,3320.0,0.0215817,15747462,000220,137817.0,226417.5,0.6086852827188711,911990024.5,5.639614855570829,-11.724137931034484,0.6086852827188711,6.959966048946102,10.906770782520837,42.21,-24.901960784313726,https://finance.naver.com/item/main.naver?code=000220
대주산업,KOSDAQ,1710.0,60520918500,8.8,0.53,191.0,3160.0,0.29248,25268745950.0,2558077190.0,1972592240.0,,31.73003,식품,6090.0,1355.0,0.0929103041,35392350,003310,187206.0,209880.75,0.8919636507874115,354048610.15,10.55016181229773,-50.84892086330935,1.082238366310393,6.044303797468355,10.123482958203551,29.248,-71.92118226600985,https://finance.naver.com/item/main.naver?code=003310
한국선재,KOSDAQ,2345.0,59830339380,182.69,0.46,13.0,5127.0,1.04021,71721118510.0,9225964950.0,3967466360.0,,42.40289,철강,4855.0,1801.0,0.04379246,25514004,025550,59274.0,59057.05,1.0036735664920615,131416191.85,8.986175115207384,-27.34254992319508,2.018963019656417,0.25355958650282817,12.863665739838726,104.02100000000002,-51.699279093717806,https://finance.naver.com/item/main.naver?code=025550
부방,KOSDAQ,1054.0,60130320560,24.91,0.33,43.0,3207.0,0.44459,76009178790.0,-630546140.0,-1750049060.0,,12.06213,가정용기기와용품,1511.0,750.0,0.0133999969,57049640,014470,83638.0,67170.2,1.2451652667403106,69531729.25,6.767676767676778,-20.586025544703233,1.7001140386659561,1.3408169628936701,-0.829565784077326,44.458999999999996,-30.24487094639312,https://finance.naver.com/item/main.naver?code=014470
수산아이앤티,KOSDAQ,9000.0,60759000000,11.41,0.65,774.0,13514.0,0.0737,7721222580.0,646058850.0,3871372190.0,,224.56969,소프트웨어,10620.0,6860.0,0.0143799437,6751000,050960,1776.0,2678.3,0.6631071948624127,23317164.25,12.09068010075567,-1.982378854625555,5.213754993839375,5.727393813822703,8.3673128614821,7.37,-15.254237288135597,https://finance.naver.com/item/main.naver?code=050960
오가닉티코스메틱,KOSDAQ,2905.0,59785181785,,,,,0.28273,78827846000.0,14150363000.0,14000714000.0,,42.55038,화장품,24800.0,1541.0,0.0,20580097,900300,70573.0,161717.2,0.4363976126225287,517655411.9,39.47368421052631,2434.7826086956525,7.923381062744099,,17.95097001635691,28.273,-88.28629032258064,https://finance.naver.com/item/main.naver?code=900300
삼화왕관,KOSPI,27700.0,59676298300,11.94,0.45,2345.0,61829.0,0.81178,48382225260.0,1077096070.0,778485550.0,,17.60036,포장재,35900.0,24100.0,0.0561261505,2154379,004450,638.0,1274.8,0.5004706620646376,35678481.25,8.560311284046684,0.0,0.8934734860370255,3.79271862718142,2.2262226762242148,81.178,-22.841225626740947,https://finance.naver.com/item/main.naver?code=004450
SGC E&C,KOSDAQ,12350.0,62206777100,-0.63,0.19,-18934.0,61780.0,3.21154,278670666880.0,14292820580.0,4106135170.0,,35.6787,건설,21750.0,9910.0,0.0159712574,5036986,016250,1289.0,1659.7,0.7766463818762427,19784470.0,-0.4166666666666652,-29.038004750593828,2.0124118816653613,-30.64745872450631,5.128928975561936,321.154,-43.2183908045977,https://finance.naver.com/item/main.naver?code=016250
위지트,KOSDAQ,1417.0,60294078338,7.2,0.39,198.0,3681.0,0.70939,114696622160.0,7811591010.0,-1778760810.0,,16.67937,디스플레이장비및부품,2250.0,503.0,0.0096626095,42550514,036090,177070.0,868932.35,0.20377880970825865,1240769427.7,11.727416798732172,129.64169381107493,0.3763284909348812,5.378973105134474,6.810654806471068,70.939,-37.022222222222226,https://finance.naver.com/item/main.naver?code=036090
제이씨현시스템,KOSDAQ,3135.0,59923744320,6.95,0.52,462.0,6135.0,0.28479,75982095260.0,498508460.0,2249878430.0,,20.22511,컴퓨터와주변기기,5840.0,2435.0,0.040414175,19114432,033320,34384.0,85980.65,0.39990393187304357,266948912.55,16.11111111111112,-36.21566632756866,0.8179282198959883,7.530562347188265,0.6560867508248811,28.479,-46.31849315068494,https://finance.naver.com/item/main.naver?code=033320
디알젬,KOSDAQ,5280.0,59799220800,8.33,0.61,622.0,8454.0,0.34231,29886762390.0,3496277360.0,3576039670.0,,-35.39576,건강관리장비와용품,6320.0,4605.0,0.1565278162,11325610,263690,21883.0,7719.3,2.834842537535787,38577919.2,5.378486055776888,-0.9363295880149836,2.834842537535787,7.357463922403595,11.698414550148268,34.231,-16.455696202531644,https://finance.naver.com/item/main.naver?code=263690
우리산업,KOSDAQ,6500.0,59359059500,4.22,0.49,1536.0,13224.0,1.97493,127149336640.0,4746554010.0,5579275830.0,,9.77399,자동차부품,10400.0,5610.0,0.0291034008,9132163,215360,10556.0,8421.8,1.253413759528842,52591240.0,3.149606299212593,-23.748544819557626,1.7345460590372606,11.61524500907441,3.7330544817854583,197.493,-37.5,https://finance.naver.com/item/main.naver?code=215360
유엔젤,KOSPI,4700.0,59668633800,13.33,0.92,353.0,5122.0,0.2283,15194857970.0,1233968430.0,1893110840.0,,32.07185,IT서비스,6700.0,4160.0,0.0336029732,12695454,072130,30572.0,24499.3,1.247872388190683,120306490.6,-11.32075471698113,-11.32075471698113,1.247872388190683,6.891839125341663,8.120960606780848,22.830000000000002,-29.850746268656714,https://finance.naver.com/item/main.naver?code=072130
마이크로투나노,KOSDAQ,9920.0,58715388800,-12.09,2.32,-836.0,4366.0,0.88981,11178622900.0,1132613110.0,921428820.0,,32.96274,반도체와반도체장비,16340.0,4840.0,0.0417993914,5918890,424980,29800.0,36409.55,0.8184665836298443,342798104.75,67.66666666666667,-18.608414239482197,2.43815152892579,-19.147961520842877,10.131955609666376,88.981,-39.290085679314565,https://finance.naver.com/item/main.naver?code=424980
보락,KOSPI,999.0,59840100000,25.49,1.22,39.0,814.0,0.17645,12491253450.0,683209000.0,931067450.0,,31.73003,식품,1527.0,814.0,0.0390643573,59900000,002760,47983.0,55080.5,0.8711431450331787,55113198.9,4.5215562565720235,-14.088159031979252,1.0241918646344894,4.791154791154791,5.469499139816109,17.645,-34.577603143418465,https://finance.naver.com/item/main.naver?code=002760
뉴엔AI,KOSDAQ,6640.0,59675008000,-50.29,1.14,-136.0,6023.0,0.07715,5310501310.0,226790950.0,412070580.0,,32.07185,IT서비스,26550.0,5450.0,0.0308699039,8987200,463020,48345.0,102872.8,0.469949296607072,745440193.5,6.93548387096774,-46.228710462287104,0.5777426102915445,-2.258010957994355,4.270612824686413,7.715,-74.99058380414311,https://finance.naver.com/item/main.naver?code=463020
오비고,KOSDAQ,4775.0,60345504550,-31.37,1.79,-153.0,2676.0,0.78632,10995324100.0,-1146058290.0,242183070.0,,224.56969,소프트웨어,7300.0,3115.0,0.0067658126,12637802,352910,3747.0,8167.8,0.4587526628957614,39434528.75,24.801061007957557,0.31982942430703876,1.0264697960283062,-5.7174887892376685,-10.42314241560192,78.632,-34.589041095890416,https://finance.naver.com/item/main.naver?code=352910
딜리셔스,KOSDAQ,2660.0,59279323600,14.65,-0.49,185.0,-5574.0,0.55887,9750985370.0,2557613420.0,2651022880.0,,32.07185,IT서비스,7360.0,2640.0,0.0127169913,22285460,483350,193595.0,592833.05,0.3265590540203519,1827265978.65,-48.34630350194552,-48.34630350194552,0.6578664937793194,-3.3189809831359884,26.229281687456783,55.887,-63.858695652173914,https://finance.naver.com/item/main.naver?code=483350
홈캐스트,KOSDAQ,1709.0,59292474959,1769.0,0.72,1.0,2458.0,0.08327,867496100.0,-2010293930.0,-2355598530.0,,30.40765,전문소매,2540.0,1186.0,0.016089438,34694251,064240,70784.0,32539.85,2.1753019758849534,57779614.45,11.629434954007877,-16.51105651105651,2.1753019758849534,0.04068348250610252,-231.73521241190596,8.327,-32.716535433070874,https://finance.naver.com/item/main.naver?code=064240
한컴라이프케어,KOSPI,2130.0,58946484780,-7.65,0.47,-279.0,4590.0,0.44609,55074218230.0,7608901630.0,6819492290.0,,-35.39576,건강관리장비와용품,3780.0,1524.0,0.0447851708,27674406,372910,84972.0,1035990.05,0.0820200927605434,2263240786.15,25.222024866785087,-11.506276150627615,0.24412686202922507,-6.078431372549019,13.815723353936384,44.609,-43.65079365079365,https://finance.naver.com/item/main.naver?code=372910
아고스,KOSDAQ,2345.0,58494273285,-3.07,1.41,-756.0,1641.0,0.47131,9617273460.0,-2543987180.0,-2540806980.0,,45.00384,전자제품,5550.0,1752.0,0.0147990802,24944253,175140,15079.0,22474.8,0.6709292185025006,53504453.1,0.21367521367521292,-41.0062893081761,1.6997259152472992,-46.06946983546618,-26.45227039223651,47.131,-57.747747747747745,https://finance.naver.com/item/main.naver?code=175140
제이투케이바이오,KOSDAQ,9860.0,57656182380,19.91,1.58,459.0,5775.0,0.18724,15604505320.0,2693030620.0,2666149500.0,,42.55038,화장품,12860.0,6710.0,0.0180503304,5847483,420570,63159.0,58638.5,1.077090989708127,555940822.75,26.108998732572886,29.388816644993486,1.077090989708127,7.9480519480519485,17.258032630796656,18.724,-23.32814930015552,https://finance.naver.com/item/main.naver?code=420570
해성에어로보틱스,KOSDAQ,5300.0,59176084700,421.54,1.54,13.0,3551.0,0.5063,3315335680.0,-735940470.0,1278457200.0,,178.59148,기계,21400.0,3980.0,0.0506619662,11165299,059270,22086.0,70108.45,0.315026220091872,347345859.9,-4.936014625228524,-49.317738791423004,0.7113693142552717,0.36609405801182765,-22.198068039975972,50.629999999999995,-75.23364485981308,https://finance.naver.com/item/main.naver?code=059270
DGI,KOSDAQ,1284.0,58141862016,-17.59,2.52,-73.0,509.0,0.19617,9041478750.0,995482250.0,1442183310.0,,-391.40909,통신장비,1284.0,1284.0,0.0092907256,45281824,099520,,,,,,,,-14.341846758349705,11.01017076437856,19.617,0.0,https://finance.naver.com/item/main.naver?code=099520
쿼드메디슨,KOSDAQ,4955.0,57021956665,-7.16,1.9,-722.0,2716.0,0.98595,1525000000.0,-2369831700.0,-2348684950.0,,-66.93263,생물공학,27150.0,4405.0,0.0422670806,11507963,464490,28643.0,49078.6,0.583614854539453,241520690.25,-7.182320441988955,-64.50704225352113,3.954513779936673,-26.583210603829162,-155.3988,98.595,-81.74953959484345,https://finance.naver.com/item/main.naver?code=464490
인디에프,KOSPI,3810.0,57236102190,-796.0,1.58,-5.0,2525.0,1.84249,28297082380.0,2283365580.0,1508940750.0,,8.86194,"섬유,의류,신발,호화품",6345.0,1406.0,0.0,15022599,014990,124939.0,506303.45,0.24676703269551095,2110435393.85,103.10853530031613,420.24291497975713,0.9333612085795584,-0.19801980198019803,8.069261520805595,184.249,-39.952718676122934,https://finance.naver.com/item/main.naver?code=014990
토탈소프트,KOSDAQ,6830.0,58451413200,6.81,1.59,997.0,4272.0,0.39198,9595516530.0,4176931290.0,3586134100.0,,6.899,운송인프라,8570.0,5580.0,0.0859089231,8558040,045340,7918.0,15263.35,0.5187589880334265,103752914.75,-0.8823529411764675,-4.936530324400568,0.9649257862788968,23.338014981273407,43.530030686112525,39.198,-20.30338389731622,https://finance.naver.com/item/main.naver?code=045340
엔시스,KOSDAQ,5240.0,57629048400,-7.94,1.04,-654.0,4968.0,0.8181,25496462500.0,2913808690.0,2121615870.0,,307.43097,전자장비와기기,8450.0,4630.0,0.0094168801,10997910,333620,17712.0,68351.4,0.2591314881626419,376849185.5,6.829765545361877,-11.784511784511785,0.7837586355217304,-13.16425120772947,11.428286139694869,81.81,-37.98816568047337,https://finance.naver.com/item/main.naver?code=333620
레뷰코퍼레이션,KOSDAQ,5280.0,57075833760,10.63,1.17,478.0,4348.0,0.40926,14793163300.0,1993099490.0,1175529060.0,,18.15491,양방향미디어와서비스,12250.0,4650.0,0.0134425032,10809817,443250,10450.0,10289.0,1.0156477791816503,54599826.7,-12.046204620462042,-43.23748668796592,1.0156477791816503,10.993560257589696,13.473112204473537,40.926,-56.897959183673464,https://finance.naver.com/item/main.naver?code=443250
참좋은여행,KOSDAQ,4110.0,57540000000,5.15,0.57,807.0,7354.0,0.51137,17434512150.0,250740200.0,1290767510.0,,14.63454,"호텔,레스토랑,레저",7740.0,3920.0,0.0250560714,14000000,094850,15219.0,24905.6,0.6110673904664011,110142758.9,-7.424071991001124,-20.86538461538462,1.022460812026211,10.973619798748981,1.4381830580788577,51.137,-46.899224806201545,https://finance.naver.com/item/main.naver?code=094850
쎄크,KOSDAQ,6430.0,56748190050,-15.74,1.77,-451.0,4016.0,2.35052,7554600890.0,-3964333500.0,-3768555270.0,,307.43097,전자장비와기기,19530.0,4015.0,0.0493494162,8825535,081180,94978.0,130749.15,0.7264139002050874,801731450.5,20.517560073937148,-44.55782312925171,1.851874371649835,-11.2300796812749,-52.47575031061634,235.052,-67.0762928827445,https://finance.naver.com/item/main.naver?code=081180
테고사이언스,KOSDAQ,7260.0,58870134840,-8.16,1.13,-876.0,6308.0,0.75194,1970339170.0,-1152582830.0,-4885030510.0,,-66.93263,생물공학,18800.0,5230.0,0.0140736634,8108834,191420,1122.0,4810.05,0.23326160850718808,35912209.25,6.287425149700598,-45.38461538461539,1.8396898161141775,-13.88712745719721,-58.49667141317604,75.194,-61.38297872340426,https://finance.naver.com/item/main.naver?code=191420
엠투엔,KOSDAQ,1433.0,57280529448,-96.07,0.41,-15.0,3477.0,0.25073,22849230170.0,659267480.0,4278935280.0,,9.77399,자동차부품,2280.0,1100.0,0.0142307243,39972456,033310,21087.0,58070.95,0.36312476375881575,84442884.15,9.763539282990074,-24.422268907563026,1.6551477115494064,-0.4314063848144953,2.8852940562767326,25.073,-37.14912280701754,https://finance.naver.com/item/main.naver?code=033310
벡트,KOSDAQ,4175.0,57228812500,-12.39,3.15,-335.0,1316.0,1.29642,6059474740.0,-1714095200.0,-1735405180.0,,10.63048,교육서비스,5700.0,1401.0,0.0354521977,13707500,457600,54077.0,111297.0,0.48588012255496554,496746856.5,60.57692307692308,85.55555555555556,2.0346819770523914,-25.455927051671733,-28.28785123378532,129.642,-26.754385964912288,https://finance.naver.com/item/main.naver?code=457600
호전실업,KOSPI,6390.0,57931740000,4.48,0.3,1416.0,21402.0,1.77098,110981607410.0,4354117400.0,303299070.0,,8.86194,"섬유,의류,신발,호화품",8840.0,6100.0,0.021678469,9066000,111110,1463.0,5515.7,0.26524285222183946,34991830.75,-3.6641221374045796,-15.866666666666662,0.4719255942128832,6.616204093075413,3.9232783716265334,177.098,-27.714932126696834,https://finance.naver.com/item/main.naver?code=111110
태양,KOSDAQ,6620.0,56932000000,4.39,0.27,1489.0,24397.0,0.16715,44167720340.0,3637476110.0,5203247310.0,,8.01239,가정용품,8210.0,5910.0,0.0115890698,8600000,053620,40399.0,3234.8,12.48887102757512,21825731.25,1.21765601217656,-6.99300699300699,12.48887102757512,6.103209410993156,8.23559849138458,16.715,-19.366626065773453,https://finance.naver.com/item/main.naver?code=053620
시그네틱스,KOSDAQ,3390.0,58123797570,-3.14,1.1,-1070.0,3045.0,1.45998,33513439800.0,-461390670.0,-525665290.0,,32.96274,반도체와반도체장비,5915.0,1600.0,0.0125421805,17145663,033170,162892.0,447580.3,0.3639391635422739,1302371282.65,506.3636363636364,341.1375661375661,3.23757546969784,-35.139573070607554,-1.3767332531469956,145.99800000000002,-42.68808114961962,https://finance.naver.com/item/main.naver?code=033170
SK디앤디,KOSPI,3080.0,57341536560,12.47,0.15,259.0,20844.0,2.19733,84026049060.0,-42817140620.0,-44863405250.0,,44.59822,부동산,9396.15,2507.228,0.004414799,18617382,210980,165907.0,321278.7,0.5163958893010959,1317678705.8,-72.71111111111111,-76.3482280431433,0.5163958893010959,1.2425638073306469,-50.95698429117596,219.733,-67.2206169548166,https://finance.naver.com/item/main.naver?code=210980
소마젠,KOSDAQ,2945.0,56650176085,,,,,0.66226,12016047000.0,180763000.0,2765420000.0,,-38.0877,생명과학도구및서비스,4690.0,2380.0,0.0,19236053,950200,33207.0,88906.05,0.37350663987433924,284467881.4,4.585537918871263,-16.36107193229901,0.9272484830897335,,1.5043466457812622,66.226,-37.20682302771855,https://finance.naver.com/item/main.naver?code=950200
진양제약,KOSDAQ,4020.0,56821039740,2.18,0.35,1828.0,11310.0,0.69228,32646047190.0,4215318740.0,2200726730.0,,47.93196,제약,5740.0,3350.0,0.0293828182,14134587,007370,21200.0,6524.4,3.2493409355649563,25841259.75,4.967320261437913,-13.748657357679917,3.2493409355649563,16.162687886825818,12.912187241128596,69.228,-29.965156794425084,https://finance.naver.com/item/main.naver?code=007370
팬스타엔터프라이즈,KOSDAQ,975.0,57255358875,-31.63,0.66,-32.0,1540.0,0.6646,19881636570.0,306574210.0,1246381320.0,,10.38757,해운사,1922.0,680.0,0.0071594063,58723445,054300,314462.0,198607.95,1.583330375244294,218174820.2,0.0,81.30841121495327,1.583330375244294,-2.0779220779220777,1.5419968518215401,66.46,-49.27159209157128,https://finance.naver.com/item/main.naver?code=054300
에피소드컴퍼니,KOSDAQ,2920.0,51085055440,-5.01,2.09,-635.0,1525.0,1.35996,19429399420.0,-3100277850.0,-2893052170.0,,18.15491,양방향미디어와서비스,6020.0,1960.0,0.0024331116,17494882,317530,8321.0,12745.2,0.6528732385525531,40247431.35,8.361204013377922,-19.901112484548822,1.6824373097322913,-41.63934426229508,-15.956632436145574,135.996,-51.495016611295675,https://finance.naver.com/item/main.naver?code=317530
케이피항공산업,KOSDAQ,7610.0,56262723820,0.0,0.0,0.0,0.0,1.89844,14324928260.0,-584105430.0,-13795176050.0,,41.29186,우주항공과국방,46500.0,5740.0,0.0145284991,7393262,288180,18256.0,39583.5,0.46120226862202685,314627956.0,-15.638766519823788,-82.53135689851767,0.9357434284487223,,-4.077545237214332,189.844,-83.63440860215053,https://finance.naver.com/item/main.naver?code=288180
지에스이,KOSDAQ,1891.0,56706545927,14.66,0.58,129.0,3237.0,1.19279,36322157860.0,1961444150.0,1767543780.0,,9.53031,가스유틸리티,4345.0,1415.0,0.0368946535,29987597,053050,34873.0,353059.45,0.09877373343214577,739025448.25,5.122494432071267,-32.32974910394265,0.16116832448472912,3.985171455050973,5.400131119853021,119.279,-56.478711162255465,https://finance.naver.com/item/main.naver?code=053050
희림,KOSDAQ,4055.0,56455636125,6.61,0.59,619.0,6930.0,1.3737,56744520180.0,2248119150.0,2008303420.0,,35.6787,건설,7460.0,3095.0,0.0611511244,13922475,037440,67585.0,154497.6,0.43745016103810025,656071951.7,4.633204633204624,-2.8673835125448077,0.6662368865276871,8.932178932178932,3.9618259928336923,137.37,-45.643431635388744,https://finance.naver.com/item/main.naver?code=037440
인성정보,KOSDAQ,1120.0,56577225600,-16.9,0.65,-67.0,1738.0,1.58869,99991272200.0,869336360.0,3024158250.0,,32.07185,IT서비스,2430.0,801.0,0.0547519587,50515380,033230,106945.0,190030.85,0.5627770438326198,205353463.5,12.46231155778894,-32.2228952150212,2.002001254006915,-3.855005753739931,0.8694122405615318,158.869,-53.90946502057613,https://finance.naver.com/item/main.naver?code=033230
인터지스,KOSPI,1907.0,56729195718,5.46,0.18,348.0,10387.0,0.77966,224365533150.0,7944932010.0,5475295860.0,,10.38757,해운사,2820.0,1795.0,0.0543538338,29747874,129260,11791.0,20970.0,0.562279446828803,39679902.15,-3.358778625954195,-22.804878048780488,0.7041487839771101,3.35034177337056,3.541066178238884,77.96600000000001,-32.3758865248227,https://finance.naver.com/item/main.naver?code=129260
고바이오랩,KOSDAQ,2875.0,55829305875,-9.16,1.81,-326.0,1653.0,1.02628,21810201910.0,-2013797400.0,-3874123840.0,,-10.95779,건강관리업체및서비스,8730.0,2310.0,0.026558265,19418889,348150,19467.0,20340.95,0.9570349467453585,56541271.65,-10.436137071651086,-55.70107858243452,1.93919163067605,-19.72171808832426,-9.233281783955755,102.62800000000001,-67.0675830469645,https://finance.naver.com/item/main.naver?code=348150
태경케미컬,KOSPI,4850.0,56260000000,6.3,0.33,770.0,14876.0,0.29149,12165420080.0,-1812765900.0,342647140.0,,-33.60183,화학,11640.0,4780.0,0.0110952586,11600000,006890,14231.0,20578.65,0.6915419621792488,102846171.7,-11.172161172161177,-47.1677559912854,0.9653694484332062,5.176122613605808,-14.9009724948191,29.149,-58.33333333333333,https://finance.naver.com/item/main.naver?code=006890
옵티시스,KOSDAQ,9750.0,54951000000,10.53,0.79,936.0,12530.0,0.10556,6578669820.0,1258625680.0,1883446630.0,,-391.40909,통신장비,22800.0,6840.0,0.0219776437,5636000,109080,21767.0,34660.65,0.6280032255598207,333334789.0,18.562874251497007,-11.685994647636043,0.9627055464914823,7.470071827613727,19.131917461089422,10.556000000000001,-57.236842105263165,https://finance.naver.com/item/main.naver?code=109080
에너토크,KOSDAQ,5530.0,53951166640,-12.41,1.35,-432.0,3958.0,0.1963,7376986770.0,353587370.0,68488200.0,,178.59148,기계,11860.0,3865.0,0.1182601059,9756088,019990,488660.0,125637.3,3.88945002797736,705399513.2,20.337197049525813,-35.18728717366629,3.88945002797736,-10.914603335017686,4.793113787839964,19.63,-53.372681281618895,https://finance.naver.com/item/main.naver?code=019990
위츠,KOSDAQ,4110.0,55345671000,26.74,1.21,152.0,3373.0,3.0659,42713103870.0,-1242192580.0,-2107440980.0,,108.08375,핸드셋,9290.0,3050.0,0.0467121884,13466100,459100,9323.0,8337.65,1.1181807823547403,33338270.1,-0.3618817852834688,-29.28082191780822,2.2557915000029984,4.506374147643047,-2.90822363034232,306.59000000000003,-55.758880516684606,https://finance.naver.com/item/main.naver?code=459100
삼진식품,KOSDAQ,5550.0,55048540800,7.27,1.28,743.0,4222.0,0.78863,21495262170.0,-523956140.0,-224029470.0,,31.73003,식품,25600.0,3965.0,0.0200926416,9918656,0013V0,105499.0,57594.95,1.8317404564115431,306299602.55,10.671936758893285,-28.57142857142857,7.056417272694915,17.59829464708669,-2.4375424493833937,78.863,-78.3203125,https://finance.naver.com/item/main.naver?code=0013V0
성원에너텍,KOSDAQ,806.0,55513882710,-1.45,1.1,-557.0,730.0,2.01064,488624170.0,-7956108540.0,-1654181870.0,,307.43097,전자장비와기기,2373.981,732.0,0.0183495549,68875785,340930,,,,,,,,-76.3013698630137,-1628.2674964687071,201.064,-66.04859095333957,https://finance.naver.com/item/main.naver?code=340930
일진디스플,KOSPI,902.0,55503470462,-7.39,1.63,-122.0,555.0,0.86903,10679988710.0,-676091960.0,-771238590.0,,19.13348,디스플레이패널,902.0,902.0,0.0096422646,61533781,020760,,,,,,,,-21.98198198198198,-6.330455755697143,86.90299999999999,0.0,https://finance.naver.com/item/main.naver?code=020760
새론오토모티브,KOSPI,3000.0,57600000000,-108.52,0.23,-27.0,12758.0,0.12656,37578822450.0,-639241970.0,2464040350.0,,9.77399,자동차부품,3495.0,2615.0,0.6592797917,19200000,075180,9316.0,24946.45,0.37343990828354334,73605358.0,-0.34482758620689724,-5.245901639344264,1.2049810694507634,-0.21163191722840569,-1.7010697204536807,12.656,-14.163090128755362,https://finance.naver.com/item/main.naver?code=075180
다이나믹솔루션,KOSDAQ,1299.0,55646416512,-2.57,0.91,-496.0,1408.0,0.74878,4171842160.0,-950024250.0,-4835040010.0,,-35.39576,건강관리장비와용품,3480.0,1200.0,0.0,42837888,290660,326943.0,570570.05,0.5730111491130668,876034617.75,-8.22695035460993,-0.15432098765432167,0.8673325913268668,-35.22727272727273,-22.77229611198905,74.878,-62.672413793103445,https://finance.naver.com/item/main.naver?code=290660
토마토시스템,KOSDAQ,3550.0,55431631200,-27.66,2.1,-128.0,1683.0,1.27403,8415963510.0,21406710.0,-364214520.0,,32.07185,IT서비스,6630.0,1809.0,0.0125680263,15614544,393210,373102.0,1999358.85,0.18661082276450772,8139461671.9,64.35185185185186,-18.577981651376152,0.8959912323893232,-7.605466428995841,0.2543583984717158,127.403,-46.45550527903469,https://finance.naver.com/item/main.naver?code=393210
현우산업,KOSDAQ,2770.0,55815142670,6.83,0.46,412.0,6129.0,0.74407,75401954990.0,4312212950.0,6017995030.0,,307.43097,전자장비와기기,4972.0,1860.0,0.066379482,20149871,092300,136172.0,78578.4,1.7329444223857957,199017008.8,14.10788381742738,-13.52201257861635,2.5488047605957873,6.722140642845488,5.7189670354991415,74.407,-44.28801287208367,https://finance.naver.com/item/main.naver?code=092300
에이프로젠,KOSPI,2205.0,56558283075,-0.61,0.28,-3540.0,7695.0,0.62814,35526127030.0,-22444831320.0,-42306328920.0,,47.93196,제약,7800.0,280.0,0.0,25650015,007460,612634.0,285600.5,2.145073275431941,634773377.7,-6.896551724137934,540.9495548961424,2.145073275431941,-46.00389863547758,-63.17837939679292,62.814,-71.73076923076923,https://finance.naver.com/item/main.naver?code=007460
씨엑스아이,KOSDAQ,4885.0,55366257820,,,,,0.00294,7517600000.0,-2504729000.0,-2708945000.0,,47.93196,제약,7330.0,1620.0,0.0,11333932,900120,7315.0,79641.8,0.09184875279061999,78495707.6,1109.1584158415842,1249.4475138121547,2.1027400184325318,,-33.31819995743322,0.294,-33.35607094133697,https://finance.naver.com/item/main.naver?code=900120
노브랜드,KOSDAQ,3245.0,54867774225,10.8,0.36,311.0,9360.0,2.1041,173383039060.0,3369692750.0,-117276230.0,,8.86194,"섬유,의류,신발,호화품",6060.0,2375.0,0.006895269,16908405,145170,151241.0,731445.0,0.2067701604358496,2605862773.35,7.389162561576357,-13.606340819022456,9.284884030925086,3.322649572649573,1.9434961852490673,210.41,-46.45214521452146,https://finance.naver.com/item/main.naver?code=145170
에이텀,KOSDAQ,5770.0,55221144530,-4.35,13.25,-1263.0,415.0,2.35829,32295389600.0,-994807700.0,-1164625270.0,,307.43097,전자장비와기기,7991.54,2940.435,0.0282082578,9570389,355690,200323.0,90739.4,2.2076738439972052,461274013.15,45.80152671755726,12.573673870333991,2.2076738439972052,-304.33734939759034,-3.0803396779582433,235.829,-27.798647069275763,https://finance.naver.com/item/main.naver?code=355690
에이테크솔루션,KOSDAQ,5500.0,55000000000,118.7,0.62,46.0,8845.0,2.66614,72995045000.0,-328455000.0,-774681000.0,,178.59148,기계,14250.0,3995.0,0.022008,10000000,071670,15115.0,14233.85,1.0619052469992307,72621755.8,10.88709677419355,-36.7816091954023,2.445719183495681,0.5200678349349915,-0.44996889857386896,266.614,-61.40350877192983,https://finance.naver.com/item/main.naver?code=071670
SG&G,KOSDAQ,3220.0,54880385560,2.0,0.13,1612.0,24694.0,0.17173,12824607280.0,1444308430.0,68406281790.0,,9.77399,자동차부품,5010.0,2685.0,0.0285804089,17043598,040610,14199.0,19098.05,0.7434790462900663,60410714.35,3.200000000000003,54.30622009569377,0.8301894696055356,6.527901514537944,11.262009030501869,17.173,-35.728542914171655,https://finance.naver.com/item/main.naver?code=040610
파이오링크,KOSDAQ,8700.0,55656814500,7.6,0.65,1160.0,13588.0,0.16425,15846660540.0,-132049800.0,1187033610.0,,-391.40909,통신장비,14420.0,7070.0,0.0446651614,6397335,170790,31527.0,22628.2,1.3932615055550155,194302678.0,10.72351421188631,-9.312169312169317,6.950177212504751,8.536944362672946,-0.8332973352125582,16.425,-39.667128987517344,https://finance.naver.com/item/main.naver?code=170790
평화산업,KOSPI,1000.0,54902259000,3.49,0.88,286.0,1132.0,2.42802,172187312680.0,8257102610.0,7376019050.0,,9.77399,자동차부품,1134.0,787.0,0.036597638,54902259,090080,97405.0,98010.6,0.9938210764958075,98086907.6,20.386007237635706,9.67032967032968,0.9938210764958075,25.265017667844525,4.7954187108694475,242.80200000000002,-11.816578483245156,https://finance.naver.com/item/main.naver?code=090080
포니링크,KOSDAQ,2150.0,54957136850,3.36,0.25,630.0,8570.0,0.23717,11974410330.0,-4416965980.0,-58708392820.0,,30.40765,전문소매,4840.0,1757.0,0.0346201287,25561459,064800,50992.0,52150.7,0.9777816980404865,120551372.6,2.6378896882494063,196.80998613037448,0.995652982606178,7.351225204200699,-36.886709727442586,23.717,-55.578512396694215,https://finance.naver.com/item/main.naver?code=064800
에스디생명공학,KOSDAQ,499.0,54756837359,-7.34,1.86,-68.0,268.0,0.15942,6295966040.0,-1389669710.0,-874528650.0,,42.55038,화장품,499.0,499.0,0.0167541545,109733141,217480,,,,,,,,-25.37313432835821,-22.07238255687923,15.942,0.0,https://finance.naver.com/item/main.naver?code=217480
쏘닉스,KOSDAQ,3225.0,55813430250,-8.13,1.61,-399.0,2018.0,0.52033,5868371470.0,-1304869370.0,-1142973260.0,,108.08375,핸드셋,8640.0,1605.0,0.2059106728,17306490,088280,99267.0,131831.2,0.752985636177172,400054736.5,23.921568627450984,-21.878862793572306,0.752985636177172,-19.77205153617443,-22.23563004950673,52.032999999999994,-62.673611111111114,https://finance.naver.com/item/main.naver?code=088280
진양산업,KOSPI,4175.0,54275000000,7.42,0.77,534.0,5164.0,0.67568,23691833000.0,1632307510.0,1159046510.0,,-33.60183,화학,8090.0,3660.0,0.0434098462,13000000,003780,1500000.0,107884.65,13.90373885441534,466115202.2,-11.428571428571432,-24.321880650994576,13.90373885441534,10.340821068938807,6.88974766114551,67.568,-48.39307787391842,https://finance.naver.com/item/main.naver?code=003780
기신정기,KOSPI,1870.0,54604000000,-67.74,0.22,-27.0,8443.0,0.05878,26719178470.0,-869289670.0,-306514590.0,,178.59148,기계,2545.0,1782.0,0.6301913014,29200000,092440,9993.0,88824.3,0.11250299749055157,168883887.0,-3.678756476683942,-19.870689655172413,2.4215332966316647,-0.31979154329029963,-3.2534296328610135,5.878,-26.522593320235753,https://finance.naver.com/item/main.naver?code=092440
삼양케이씨아이,KOSDAQ,5070.0,54554214000,5.56,0.43,905.0,11666.0,0.16924,35512546130.0,3818874510.0,3034181160.0,,-33.60183,화학,7120.0,4710.0,0.030271928,10760200,036670,24404.0,7795.15,3.13066457989904,39281620.6,-2.692307692307694,-17.320261437908503,3.13066457989904,7.757586147779873,10.753592536058466,16.924,-28.792134831460668,https://finance.naver.com/item/main.naver?code=036670
화일약품,KOSDAQ,6450.0,54293416800,-215.0,0.26,-30.0,24580.0,0.04045,24463367370.0,-912073530.0,4374222210.0,,47.93196,제약,12500.0,6210.0,0.0,8417584,061250,10695.0,46808.2,0.22848560722266612,347646194.5,-22.6890756302521,525.8503401360545,0.25185758050939794,-0.12205044751830757,-3.7283237266775346,4.045,-48.4,https://finance.naver.com/item/main.naver?code=061250
본느,KOSDAQ,6460.0,54202526640,-3.64,1.55,-1765.0,4135.0,0.65039,9268495370.0,-2092626230.0,-1898600720.0,,42.55038,화장품,9680.0,1220.0,0.0030690721,8390484,226340,442653.0,719145.0,0.6155267713743403,4031079602.4,244.5333333333333,1240.2489626556016,0.9292660033790126,-42.68440145102781,-22.577841887620213,65.039,-33.26446280991735,https://finance.naver.com/item/main.naver?code=226340
에르코스,KOSDAQ,7050.0,53699730150,-8.26,0.99,-855.0,7124.0,1.02505,10269496390.0,-478081830.0,-2578659290.0,,31.73003,식품,17000.0,5830.0,0.0079698222,7616983,435570,2619.0,2585.3,1.0130352376900165,18154081.5,13.96468699839486,-29.000000000000004,1.6787220051831508,-12.00168444693992,-4.655358080319652,102.505,-58.52941176470588,https://finance.naver.com/item/main.naver?code=435570
덕성,KOSPI,3460.0,54252800000,9.47,0.53,359.0,6371.0,0.55062,32843263060.0,809386850.0,819573030.0,,8.86194,"섬유,의류,신발,호화품",5600.0,2720.0,0.0379717474,15680000,004830,63566.0,30316.5,2.0967459964045982,100749090.95,0.291545189504383,-21.906923950056758,2.0967459964045982,5.6349081776801135,2.4643923124245135,55.062,-38.21428571428571,https://finance.naver.com/item/main.naver?code=004830
엔젯,KOSDAQ,4960.0,53924212320,-7.01,1.46,-720.0,3449.0,0.52334,4073587980.0,106851950.0,-1203650930.0,,16.67937,디스플레이장비및부품,12800.0,3000.0,0.0,10871817,419080,15412.0,26750.7,0.5761344562946016,131481917.35,24.0,-2.5540275049115935,0.9907030470230686,-20.87561612061467,2.6230426475286293,52.334,-61.25000000000001,https://finance.naver.com/item/main.naver?code=419080
서울평가정보,KOSDAQ,1523.0,53525835000,7.55,1.63,205.0,951.0,0.20335,17328470780.0,7395834020.0,5810084410.0,,15.86565,상업서비스와공급품,2530.0,1400.0,0.0154911367,35145000,036120,57943.0,58162.3,0.9962295163705699,95657970.6,-1.1627906976744207,-28.337236533957842,2.2351420077954276,21.55625657202944,42.68024636389755,20.335,-39.80237154150198,https://finance.naver.com/item/main.naver?code=036120
인팩,KOSPI,5380.0,53800000000,4.5,0.41,1196.0,13223.0,3.3356,192102095290.0,8545096720.0,5052799530.0,,9.77399,자동차부품,13560.0,4430.0,0.0,10000000,023810,9773.0,11959.2,0.8171951301090373,60862453.25,11.734164070612675,-32.66583229036295,1.285119405980333,9.044846101489828,4.44820589129973,333.56,-60.32448377581121,https://finance.naver.com/item/main.naver?code=023810
경창산업,KOSDAQ,1523.0,54552344615,-2.56,0.49,-587.0,3093.0,2.86618,186526380930.0,8404767720.0,6024363560.0,,9.77399,자동차부품,3035.0,1000.0,0.0301228915,35819005,024910,28671.0,33596.9,0.8533823061056228,51094346.85,0.06671114076051143,-27.710843373493976,1.0987323235179436,-18.978338182993856,4.5059404884685765,286.618,-49.81878088962108,https://finance.naver.com/item/main.naver?code=024910
화승알앤에이,KOSPI,2810.0,53372080630,2.94,0.32,960.0,8788.0,1.78255,201186387160.0,10561053510.0,8226684060.0,,9.77399,자동차부품,4500.0,2375.0,0.027491069,18993623,378850,7663.0,19501.4,0.39294614745608003,56446479.4,-2.086956521739125,-21.258741258741253,1.1493021013875926,10.923987255348203,5.2493877240317355,178.255,-37.55555555555555,https://finance.naver.com/item/main.naver?code=378850
서원,KOSPI,1122.0,53266489980,-9.66,0.37,-119.0,3073.0,2.24797,586857574700.0,27617272520.0,10007040550.0,,28.21512,비철금속,1990.0,885.0,0.0540271333,47474590,021050,95521.0,138628.95,0.6890407811643959,153523372.75,12.890231621349457,-7.660626029654038,1.6820801138578918,-3.8724373576309796,4.7059582615284254,224.797,-43.618090452261306,https://finance.naver.com/item/main.naver?code=021050
온타이드,KOSPI,1556.0,53196286820,-4.64,0.54,-322.0,2778.0,0.68862,69995749030.0,6555879990.0,4666002200.0,,8.86194,"섬유,의류,신발,호화품",1557.0,600.0,0.0291735264,34187845,005320,354875.0,207016.7,1.7142336825966213,264044641.5,90.45287637698898,196.38095238095238,2.02926623794119,-11.591072714182864,9.366111629422189,68.862,-0.06422607578676631,https://finance.naver.com/item/main.naver?code=005320
범양건영,KOSPI,1935.0,53173451700,-0.61,-0.76,-3184.0,-2532.0,-2.46534,1003503790.0,-461367540.0,854182470.0,,35.6787,건설,1935.0,1935.0,0.0113706349,27479820,002410,,,,,,,,125.75039494470775,-45.97566492499246,-246.534,0.0,https://finance.naver.com/item/main.naver?code=002410
코스리거글로벌,KOSDAQ,3275.0,56698444050,-5.92,1.46,-510.0,2065.0,7.45637,42378316180.0,-600054600.0,-6278311050.0,,-10.95779,건강관리업체및서비스,5630.0,2385.0,0.0028903968,17312502,043710,4620.0,12081.0,0.3824186739508319,39927122.05,-16.12021857923497,267.6646706586826,0.4886184918467014,-24.69733656174334,-1.4159472439898153,745.637,-41.829484902309055,https://finance.naver.com/item/main.naver?code=043710
퓨런티어,KOSDAQ,6250.0,53480187500,-8.66,1.3,-719.0,4810.0,0.11109,8628302520.0,-494123250.0,-134531390.0,,307.43097,전자장비와기기,18930.0,4415.0,0.07622858,8556830,370090,13230.0,19571.35,0.6759881152807549,121659999.75,-5.909090909090908,-51.63551401869159,0.7669373855150514,-14.94802494802495,-5.726772431247578,11.109,-66.98362387744321,https://finance.naver.com/item/main.naver?code=370090
유티아이,KOSDAQ,2460.0,53060524740,-1.27,0.77,-2041.0,3344.0,1.94628,5494477120.0,-15888678330.0,13892078970.0,,108.08375,핸드셋,29300.0,1680.0,0.1065048924,21569319,179900,217586.0,291413.7,0.7466567289046465,682458341.35,-39.92673992673993,-85.7308584686775,2.103133792268517,-61.03468899521531,-289.17543895423483,194.62800000000001,-91.60409556313994,https://finance.naver.com/item/main.naver?code=179900
경남스틸,KOSDAQ,1921.0,51827819284,11.28,0.46,172.0,4224.0,0.48791,98311297930.0,2246976780.0,2232219030.0,,42.40289,철강,3430.0,1548.0,0.0259946736,26979604,039240,17310.0,51672.55,0.33499411196079926,100116884.6,-0.8585858585858586,-22.564102564102562,6.446575599617205,4.071969696969697,2.2855733036907937,48.791000000000004,-43.99416909620991,https://finance.naver.com/item/main.naver?code=039240
앤디포스,KOSDAQ,1775.0,54120531000,7.76,0.43,230.0,4190.0,0.40138,10690864930.0,-1484482440.0,-1383127470.0,,108.08375,핸드셋,4150.0,1537.0,0.010220515,30490440,238090,27348.0,24906.45,1.0980288238588798,47803525.35,-30.56,-38.330373001776195,1.0980288238588798,5.4892601431980905,-13.885522356889416,40.138,-57.22891566265061,https://finance.naver.com/item/main.naver?code=238090
구영테크,KOSDAQ,1960.0,53724393800,2.27,0.35,860.0,5617.0,3.25099,141300022990.0,9173024770.0,6901310990.0,,9.77399,자동차부품,3005.0,1653.0,0.0187360603,27410405,053270,11685.0,29683.25,0.3936563550150337,58173206.85,5.297651556526484,-16.17391304347826,1.4927273799196517,15.310664055545665,6.491877761866456,325.099,-34.775374376039935,https://finance.naver.com/item/main.naver?code=053270
에어레인,KOSDAQ,3865.0,52575896470,18.91,0.77,206.0,5063.0,0.44556,7631355540.0,825321040.0,4093832970.0,,-33.60183,화학,9555.0,2675.0,0.0326682682,13603078,163280,35030.0,130798.55,0.26781642457045585,526839473.6,11.494252873563227,-36.18421052631579,0.7008181665622439,4.068733952202252,10.814868153816876,44.556000000000004,-59.54997383568812,https://finance.naver.com/item/main.naver?code=163280
에스피시스템스,KOSDAQ,4905.0,52845577290,-8.3,1.01,-607.0,4982.0,0.42688,11881895010.0,-183672030.0,96034790.0,,178.59148,기계,17300.0,3500.0,0.0472484313,10773818,317830,24868.0,47600.6,0.5224303895329051,224713683.35,6.427015250544654,-50.102145045965266,1.3049835506275131,-12.18386190285026,-1.545814281690072,42.687999999999995,-71.64739884393063,https://finance.naver.com/item/main.naver?code=317830
포스뱅크,KOSDAQ,5140.0,52381159180,13.16,0.64,392.0,8078.0,0.35999,36611393510.0,6319737320.0,6659774220.0,,15.86565,상업서비스와공급품,6130.0,3230.0,0.0337495647,10190887,105760,7999.0,18470.7,0.43306425852837194,92918835.45,46.38297872340424,-6.521739130434778,1.7161233737757637,4.852686308492201,17.261668333585373,35.998999999999995,-16.15008156606852,https://finance.naver.com/item/main.naver?code=105760
코닉오토메이션,KOSDAQ,1249.0,53232967030,-18.87,2.26,-69.0,577.0,1.12988,4930041430.0,-1559700000.0,-5714945360.0,,32.07185,IT서비스,3700.0,967.0,0.0052788249,42620470,391710,112353.0,732476.4,0.15338787707016907,1022046440.95,11.583710407239822,-33.81642512077294,0.1847977627675103,-11.95840554592721,-31.63665097232256,112.988,-66.24324324324324,https://finance.naver.com/item/main.naver?code=391710
조비,KOSPI,10250.0,53220449750,26.66,0.96,380.0,10535.0,1.42492,46413477250.0,3843660400.0,3203811360.0,,-33.60183,화학,20950.0,8640.0,0.0175529285,5192239,001550,10304.0,35579.15,0.28960781806198294,383105357.5,-3.2504780114722798,-32.75747508305648,0.47761118520256945,3.6070242050308496,8.28134547923793,142.492,-51.07398568019092,https://finance.naver.com/item/main.naver?code=001550
유신,KOSDAQ,17440.0,52320000000,5.02,0.34,3507.0,51711.0,1.21356,111986494440.0,6790496460.0,5121378030.0,,35.6787,건설,29150.0,14300.0,0.0280666667,3000000,054930,5222.0,17766.05,0.2939314028723324,336069643.0,1.5116279069767424,-25.70212765957447,0.30338764103444493,6.781922608342519,6.063674458207284,121.356,-40.17152658662093,https://finance.naver.com/item/main.naver?code=054930
코리아나,KOSDAQ,1322.0,52880000000,-5.16,0.49,-249.0,2600.0,0.19512,18933611530.0,-1057751760.0,-1137225650.0,,42.55038,화장품,3055.0,1150.0,0.032048125,40000000,027050,103756.0,213947.05,0.48496111537878184,299892154.6,-5.289855072463768,-29.236599891716295,0.48496111537878184,-9.576923076923077,-5.586634955111493,19.512,-56.72667757774141,https://finance.naver.com/item/main.naver?code=027050
노랑풍선,KOSDAQ,3100.0,52112711200,-18.12,1.32,-173.0,2380.0,1.52652,19299277440.0,773021660.0,585503030.0,,14.63454,"호텔,레스토랑,레저",7580.0,2660.0,0.0172395291,16810552,104620,38511.0,235832.75,0.16329793041890917,816748801.35,-8.148148148148149,-30.33707865168539,0.4388364211501583,-7.268907563025211,4.005443532294233,152.65200000000002,-59.10290237467019,https://finance.naver.com/item/main.naver?code=104620
에스씨디,KOSDAQ,1074.0,51905951736,7.87,0.37,132.0,2824.0,0.26676,47910333250.0,88592230.0,-62387940.0,,-86.37263,전기제품,1672.0,974.0,0.5430983404,48329564,042110,261990.0,142526.8,1.8381806088398815,144384411.3,0.6517690875232685,-25.65337001375516,2.0471027203304923,4.674220963172805,0.18491257311385953,26.676,-35.76555023923444,https://finance.naver.com/item/main.naver?code=042110
모나리자,KOSPI,1424.0,52077467120,34.27,0.59,41.0,2391.0,0.19475,34526229300.0,1116872280.0,590664150.0,,8.01239,가정용품,2695.0,1275.0,0.0190172035,36571255,012690,93155.0,79477.8,1.1720883064201575,115565901.7,1.6487455197132572,-42.47464503042596,1.1720883064201575,1.7147636971978253,3.234851597304314,19.475,-47.16141001855287,https://finance.naver.com/item/main.naver?code=012690
코콤,KOSDAQ,2950.0,51714975000,8.51,0.38,343.0,7612.0,0.15744,19700017070.0,-538383660.0,1228848550.0,,-391.40909,통신장비,4540.0,2335.0,0.0182778586,17530500,015710,9370.0,6377.3,1.4692738306179731,18611965.4,10.902255639097746,-23.57512953367875,1.484327223119502,4.506043089858118,-2.7329096116361895,15.744,-35.022026431718054,https://finance.naver.com/item/main.naver?code=015710
삼천리자전거,KOSDAQ,4160.0,51584000000,7.91,0.51,526.0,8210.0,0.60376,49883042820.0,3280204460.0,3452951270.0,,10.34214,레저용장비와제품,7450.0,2795.0,0.0203797581,12400000,024950,11160.0,34678.6,0.32181229922776583,157322087.55,29.503105590062106,-27.47826086956522,1.9451188917661038,6.406820950060902,6.575790638587191,60.376,-44.16107382550336,https://finance.naver.com/item/main.naver?code=024950
프리엠스,KOSDAQ,8850.0,53100000000,52.26,0.66,168.0,13288.0,0.15923,5539357400.0,-231934330.0,645094850.0,,178.59148,기계,11180.0,6400.0,0.0065053333,6000000,053160,8350.0,8338.35,1.0013971589103359,81687709.25,0.7025761124121788,14.973262032085554,1.1323583202911847,1.2642986152919928,-4.187025917482775,15.923000000000002,-20.840787119856884,https://finance.naver.com/item/main.naver?code=053160
SJM,KOSPI,3265.0,50949991970,4.23,0.22,777.0,14855.0,0.21652,52531286470.0,4690425730.0,6467583300.0,,9.77399,자동차부품,4200.0,2945.0,0.0742054193,15604898,123700,16602.0,8592.45,1.9321613742297015,28735846.75,-0.7610350076103556,-9.944751381215466,1.9321613742297015,5.230562100302929,8.928823269307609,21.651999999999997,-22.26190476190476,https://finance.naver.com/item/main.naver?code=123700
알피바이오,KOSDAQ,5840.0,50611548240,10.65,0.46,541.0,12393.0,0.46043,39770421880.0,4091203200.0,2970188910.0,,47.93196,제약,9130.0,4810.0,0.017748626,8666361,314140,2884.0,18747.7,0.15383220341695247,111205999.0,5.405405405405395,-8.736349453978153,1.0259391818729764,4.365367546195433,10.287050040214458,46.043,-36.03504928806134,https://finance.naver.com/item/main.naver?code=314140
파수AI,KOSDAQ,4235.0,49566109670,19.23,1.37,235.0,3303.0,0.29865,13128399490.0,1006287420.0,1050213470.0,,224.56969,소프트웨어,6890.0,2725.0,0.073449225,11703922,150900,218050.0,334688.65,0.6515010293895535,1471989053.8,39.677419354838705,25.32561505065123,4.896637516689018,7.1147441719648805,7.664966477951076,29.865000000000002,-38.53410740203193,https://finance.naver.com/item/main.naver?code=150900
우성,KOSPI,16660.0,51479400000,3.38,0.21,5039.0,82793.0,1.43322,163998314240.0,334067840.0,-3000998000.0,,31.73003,식품,25450.0,14500.0,0.0092831715,3090000,006980,581.0,9886.55,0.05876670830572849,187716056.75,4.788909892879656,-20.620525059665873,0.24477699500836997,6.086263331441064,0.20370199629681268,143.322,-34.53831041257367,https://finance.naver.com/item/main.naver?code=006980
푸른로보틱스,KOSDAQ,6130.0,51255296180,-81.97,1.33,-76.0,4670.0,0.31668,6013335310.0,-60325890.0,-152747430.0,,20.22511,컴퓨터와주변기기,15700.0,4715.0,0.0242697802,8361386,094940,21848.0,50856.7,0.4295992465102927,323463737.5,19.688109161793378,-35.57187827911857,0.6328566344257492,-1.6274089935760172,-1.0032018320960718,31.668000000000003,-60.95541401273885,https://finance.naver.com/item/main.naver?code=094940
시선AI,KOSDAQ,3680.0,51334093760,-2.84,3.28,-1299.0,1126.0,1.11785,2501569990.0,-2793061700.0,-3383731800.0,,224.56969,소프트웨어,5100.0,2105.0,0.0422647952,13949482,340810,91296.0,313334.1,0.2913694998405855,1306614995.85,60.57268722466959,41.55339805825242,0.509641306196804,-115.36412078152753,-111.65235077032565,111.785,-27.84313725490196,https://finance.naver.com/item/main.naver?code=340810
그린생명과학,KOSDAQ,2520.0,50400000000,382.5,1.19,6.0,1930.0,0.3234,19037023250.0,1804265560.0,4380593650.0,,47.93196,제약,4590.0,1673.0,0.0235119,20000000,114450,5668159.0,49483.65,114.54609754939257,111351664.5,43.658810325476985,-6.055045871559628,114.54609754939257,0.31088082901554404,9.477666420352772,32.34,-45.09803921568627,https://finance.naver.com/item/main.naver?code=114450
인바이오젠,KOSPI,5080.0,51024617280,-35.77,0.32,-142.0,15788.0,0.038,1509728070.0,-924447290.0,-1475472250.0,,307.43097,전자장비와기기,14300.0,4255.0,0.0082991047,10044216,101140,2137.0,6732.25,0.317427308849196,33195207.75,-13.310580204778155,-50.293542074364,1.0290764603215863,-0.899417278946035,-61.2327019924853,3.8,-64.47552447552447,https://finance.naver.com/item/main.naver?code=101140
액토즈소프트,KOSDAQ,4705.0,51399993635,1.65,0.2,2899.0,23519.0,0.23976,17131542130.0,5423974060.0,15766938570.0,,17.53512,게임엔터테인먼트,6930.0,3680.0,0.5361839717,10924547,052790,38632.0,77975.0,0.49544084642513625,358438425.9,7.069555302166486,-15.557553956834536,0.7095992305226034,12.326204345422848,31.660746118715,23.976,-32.106782106782106,https://finance.naver.com/item/main.naver?code=052790
대진첨단소재,KOSDAQ,2825.0,50428566500,-1.06,0.8,-2671.0,3532.0,1.51557,27002246620.0,-560473710.0,-929746630.0,,-86.37263,전기제품,8370.0,2340.0,0.0390214567,17850820,393970,,,,,,,,-75.62287655719139,-2.075655844076577,151.55700000000002,-66.24850657108722,https://finance.naver.com/item/main.naver?code=393970
포인트엔지니어링,KOSDAQ,4360.0,50573445040,-8.38,0.74,-520.0,5860.0,0.38659,10383315030.0,1250142000.0,1626047860.0,,16.67937,디스플레이장비및부품,6105.191,3900.0,0.0056230427,11599414,256630,16524.0,2081.05,7.94022248384229,9009766.8,4.9397590361445864,332.9025844930418,7.94022248384229,-8.873720136518772,12.039912074207768,38.659,-28.585362849417816,https://finance.naver.com/item/main.naver?code=256630
피엔케이피부임상연구센타,KOSDAQ,1680.0,50417767680,10.26,0.6,162.0,2792.0,0.07528,6594624020.0,1509589400.0,1506542120.0,,-38.0877,생명과학도구및서비스,2815.0,1292.0,0.0126081885,30010576,347740,6063.0,27138.55,0.2234091357128513,47007439.15,-3.3371691599539677,-18.248175182481752,2.0033494788778325,5.802292263610315,22.89121253041504,7.528,-40.31971580817052,https://finance.naver.com/item/main.naver?code=347740
모티브링크,KOSDAQ,4055.0,50242901690,-435.0,1.32,-9.0,2963.0,0.9339,20222748750.0,-1119443390.0,-1117378440.0,,9.77399,자동차부품,11860.0,2590.0,0.0132295612,12390358,463480,26988.0,81221.9,0.33227491600171877,376873680.15,-0.974421437271622,-42.422096317280456,0.33227491600171877,-0.3037462031724603,-5.535564941437547,93.39,-65.80944350758853,https://finance.naver.com/item/main.naver?code=463480
알트,KOSDAQ,1996.0,50340638956,9.17,1.06,223.0,1928.0,0.33026,8291059080.0,-448065890.0,818043820.0,,108.08375,핸드셋,6250.0,992.0,0.0071521236,25220761,459550,266505.0,4289709.95,0.062126578045212585,11203966663.9,92.39653512993262,-30.34843205574913,0.17795585456774296,11.566390041493776,-5.404205731458857,33.025999999999996,-68.06400000000001,https://finance.naver.com/item/main.naver?code=459550
동우팜투테이블,KOSDAQ,1940.0,49900222160,1.79,0.21,1100.0,9312.0,0.15061,91204830040.0,957374940.0,10777546710.0,,31.73003,식품,2730.0,1937.0,0.0582344586,25721764,088910,156943.0,36271.65,4.326877878453282,73020848.85,-7.470449172576831,-18.62785862785863,4.326877878453282,11.812714776632301,1.0496976306848231,15.061,-28.937728937728934,https://finance.naver.com/item/main.naver?code=088910
삼화전자,KOSPI,2615.0,50118527775,-5.63,2.51,-476.0,1069.0,2.72431,7598171710.0,-1459773640.0,-1498797280.0,,307.43097,전자장비와기기,4820.0,2010.0,0.0339184646,19165785,011230,93550.0,425350.5,0.2199362643278896,1180430711.35,-14.77272727272727,2.941176470588225,0.43632486619858213,-44.52759588400374,-19.212169660219487,272.431,-45.746887966804984,https://finance.naver.com/item/main.naver?code=011230
러셀,KOSDAQ,1570.0,49944840000,-17.65,0.88,-93.0,1871.0,0.3884,11212161020.0,161457080.0,197220760.0,,32.96274,반도체와반도체장비,5930.0,1205.0,0.0350026091,31812000,217500,83894.0,52183.9,1.6076606003000926,80983514.6,16.01763409257899,-40.18939393939394,3.1245460764718618,-4.970603955104223,1.440017492720596,38.84,-73.52445193929174,https://finance.naver.com/item/main.naver?code=217500
대모,KOSDAQ,6050.0,50362741000,27.4,1.08,227.0,5781.0,0.36519,11589523340.0,973689210.0,1045245580.0,,178.59148,기계,10910.0,4800.0,0.0293171176,8324420,317850,56499.0,279812.5,0.20191735537190084,1865352787.5,1.5126050420168013,-29.767441860465116,0.20191735537190084,3.9266562878394744,8.401460365841068,36.519,-44.54628780934922,https://finance.naver.com/item/main.naver?code=317850
큐라티스,KOSDAQ,3875.0,49707542875,-1.03,0.78,-3713.0,4876.0,0.22866,320271750.0,-3008087980.0,-3022072460.0,,-66.93263,생물공학,6140.0,227.0,0.0043833866,12827753,348080,125826.0,279466.25,0.45023683539604514,1315251685.15,922.077922077922,282.0388349514563,0.45023683539604514,-76.14848236259229,-939.2298821235404,22.866,-36.88925081433225,https://finance.naver.com/item/main.naver?code=348080
전방,KOSPI,30100.0,50568000000,1.19,0.16,26160.0,199651.0,0.03546,6906421860.0,-140967480.0,874999000.0,,8.86194,"섬유,의류,신발,호화품",45500.0,22750.0,0.0084011905,1680000,000950,213.0,691.9,0.30784795490677846,21409467.5,11.152416356877314,-16.246498599439775,1.173579997109409,13.102864498549971,-2.0411072890934,3.546,-33.84615384615385,https://finance.naver.com/item/main.naver?code=000950
아이티센피엔에스,KOSDAQ,3000.0,49601178000,-8.92,3.43,-370.0,962.0,5.40039,64650159780.0,-918066270.0,1781430100.0,,32.07185,IT서비스,5590.0,1211.0,0.0081557539,16533726,232830,319690.0,1106725.05,0.2888612668521418,3713015732.95,106.12244897959182,13.696060037523461,0.5065277956796947,-38.46153846153847,-1.4200525924825487,540.039,-46.33273703041145,https://finance.naver.com/item/main.naver?code=232830
