name,market,tradePrice,marketCap,per,pbr,eps,bps,debtRatio,sales,operatingProfit,netIncome,sectorName,sectorPer,wicsSectorName,high52wPrice,low52wPrice,foreignRatio,listedShareCount,code,vol_today,vol_avg20,vol_mult,amt_avg20,ret_60d,ret_6m,vol_mult_max5,roe,op_margin,debt_pct,off_high_pct,naver_url
실리콘투,KOSDAQ,43500.0,2852566962000,15.8,6.24,2756.0,6976.0,0.4,402597050820.0,82969819440.0,72331311450.0,,20.23581,인터넷과카탈로그소매,56100.0,29850.0,0.1369094562,65576252,257720,781167.0,1658378.8,0.4710425627727513,78695433215.0,24.10841654778888,8.614232209737827,0.6298958959195571,39.50688073394495,20.608650577794613,40.0,-22.459893048128343,https://finance.naver.com/item/main.naver?code=257720
iM금융지주,KOSPI,18450.0,2921804877600,7.28,0.47,2511.0,38725.0,15.36345,4171962000000.0,182738000000.0,144782000000.0,,9.39857,은행,22000.0,13050.0,0.4503258985,158363408,139130,281886.0,406373.55,0.693662272064705,7298481879.25,3.535353535353525,8.211143695014655,1.4214212514569415,6.484183344092963,4.380145360863786,1536.345,-16.136363636363637,https://finance.naver.com/item/main.naver?code=139130
넷마블,KOSPI,35200.0,2927176560000,12.8,0.53,2746.0,66269.0,0.35791,749215129330.0,80154994470.0,203858726520.0,,17.67293,게임엔터테인먼트,69000.0,34150.0,0.2718536937,83158425,251270,89487.0,136250.0,0.6567853211009175,5032377940.0,-15.486194477791116,-34.81481481481481,1.7012990825688072,4.143717273536646,10.698528544355497,35.791000000000004,-48.98550724637681,https://finance.naver.com/item/main.naver?code=251270
티에스이,KOSDAQ,260500.0,2881502254500,86.93,8.66,3526.0,35375.0,0.35697,188776809070.0,52503164380.0,42365187630.0,,33.00285,반도체와반도체장비,318500.0,41800.0,0.0967396708,11061429,131290,207373.0,164429.95,1.2611631883364314,42607221225.0,3.168316831683171,145.52309142318566,4.8410402119565195,9.967491166077739,27.81229571505862,35.697,-18.21036106750392,https://finance.naver.com/item/main.naver?code=131290
휴젤,KOSDAQ,231000.0,2891004963000,18.07,2.68,13061.0,87960.0,0.09574,137903428650.0,56030447570.0,44738790810.0,,-69.92914,생물공학,327500.0,208500.0,0.5842698299,12515173,145020,32931.0,35009.4,0.9406330871137466,8642490962.5,-10.465116279069765,-11.66347992351816,1.1909087273703634,14.848794906775808,40.63020631068262,9.574,-29.465648854961835,https://finance.naver.com/item/main.naver?code=145020
SK바이오사이언스,KOSPI,37250.0,2922506599250,-51.84,1.67,-733.0,22806.0,0.48578,155705084520.0,-15737656290.0,-14086496010.0,,46.08491,제약,61300.0,31800.0,0.0602579112,78456553,302440,48863.0,83087.9,0.5880880368862373,3119838685.0,-9.477521263669498,-14.857142857142858,1.1651154981651963,-3.2140664737349818,-10.107348991534398,48.577999999999996,-39.23327895595432,https://finance.naver.com/item/main.naver?code=302440
롯데케미칼,KOSPI,65500.0,2801789944500,-1.36,0.22,-48311.0,298452.0,0.76761,5686369979630.0,110138582640.0,194490759400.0,,-32.42902,화학,119500.0,52500.0,0.210640555,42775419,011170,198013.0,184424.4,1.0736811398057957,11042011365.0,-20.02442002442002,-13.12997347480106,3.6551128809420015,-16.187192580381435,1.936887382188355,76.761,-45.188284518828446,https://finance.naver.com/item/main.naver?code=011170
현대엘리베이터,KOSPI,74300.0,2904564205500,10.33,2.0,7258.0,37450.0,1.91184,692843740390.0,84478649450.0,166912467860.0,,190.12516,기계,113400.0,61800.0,0.2222641827,39092385,017800,62409.0,144694.65,0.4313151868434666,10768481882.5,-9.939393939393938,-14.59770114942529,0.9505741919276214,19.380507343124165,12.193030625122942,191.184,-34.479717813051145,https://finance.naver.com/item/main.naver?code=017800
효성,KOSPI,160300.0,2683487242100,8.13,1.1,19734.0,146168.0,0.81722,733636709690.0,231638674800.0,226319284640.0,,32.03954,복합기업,318000.0,83800.0,0.2158727085,16740407,004800,26918.0,20969.95,1.2836463606255617,3438239015.0,-19.203629032258064,9.64432284541723,1.800385790142561,13.500903070439493,31.57402999883682,81.722,-49.59119496855345,https://finance.naver.com/item/main.naver?code=004800
DN오토모티브,KOSPI,46800.0,2738308482000,8.49,1.19,5440.0,38780.0,1.22313,1249319637000.0,205436080000.0,157872007000.0,,10.13834,자동차부품,67500.0,21550.0,0.058974141,58510865,007340,117054.0,289177.8,0.40478210983000773,15047152631.25,3.7694013303769314,86.45418326693226,0.6511841503739222,14.027849406910779,16.443836622412746,122.313,-30.666666666666664,https://finance.naver.com/item/main.naver?code=007340
CJ제일제당,KOSPI,179700.0,2705237224200,-5.06,0.41,-35668.0,440524.0,1.60396,7362113166000.0,257574531000.0,-3876905000.0,,33.27747,식품,252000.0,172600.0,0.1170467802,15054186,097950,32630.0,72794.5,0.44824815061577455,13480541080.0,-8.920425747592498,-8.26952526799387,0.7868039481004746,-8.096721177506787,3.4986494392607383,160.39600000000002,-28.69047619047619,https://finance.naver.com/item/main.naver?code=097950
미래에셋생명,KOSPI,19840.0,2681971200000,19.49,1.04,1002.0,18762.0,13.18226,3779261302000.0,23649548580.0,17970234600.0,,22.67825,생명보험,37300.0,7650.0,0.0067876609,135180000,085620,98929.0,409234.45,0.2417416226810817,9724774919.5,-35.16339869281045,36.170212765957444,0.5067364196733681,5.340582027502398,0.6257717233652134,1318.2259999999999,-46.80965147453083,https://finance.naver.com/item/main.naver?code=085620
제주반도체,KOSDAQ,75200.0,2590101041600,67.18,11.69,1173.0,6742.0,0.63576,289938012130.0,121871077130.0,145019513740.0,,33.00285,반도체와반도체장비,138000.0,17480.0,0.0044248973,34442833,080220,812742.0,1481736.45,0.5485064499830588,115924168450.0,-32.55605381165919,63.834422657952075,2.215204330027786,17.398398101453573,42.033494068158426,63.576,-45.507246376811594,https://finance.naver.com/item/main.naver?code=080220
보로노이,KOSDAQ,145100.0,2687766814800,-61.79,25.84,-2374.0,5678.0,0.93301,,-29297618720.0,-29015219820.0,,46.08491,제약,375500.0,97500.0,0.0646436633,18523548,310210,44020.0,87554.45,0.5027728459261637,14449398332.5,-32.51162790697675,-55.96358118361153,1.3148960446899045,-41.81049665375132,,93.301,-61.358189081225035,https://finance.naver.com/item/main.naver?code=310210
한올바이오파마,KOSPI,50100.0,2617255963800,-482.57,16.52,-109.0,3184.0,0.48809,44275731480.0,5597740050.0,-19228508520.0,,46.08491,제약,73000.0,30400.0,0.0420884408,52240638,009420,280999.0,343288.6,0.8185503392772147,20014938525.0,-10.535714285714281,-9.566787003610111,1.547155949833464,-3.4233668341708547,12.642908118928723,48.809000000000005,-31.36986301369863,https://finance.naver.com/item/main.naver?code=009420
코리안리,KOSPI,14900.0,2633143361900,9.17,0.7,1587.0,20843.0,2.66389,2055728596140.0,175045476920.0,132572450660.0,,8.92597,손해보험,15660.0,10010.0,0.2634354651,176721031,003690,283119.0,251284.2,1.1266884268887578,3704635500.75,6.96338837042354,16.4972634870993,1.1266884268887578,7.614067072878185,8.515009094521492,266.389,-4.8531289910600295,https://finance.naver.com/item/main.naver?code=003690
에코프로머티,KOSPI,36300.0,2570543481000,108.7,2.48,345.0,15125.0,0.95852,178788095610.0,-10583518570.0,-12449410450.0,,-80.94163,전기제품,88800.0,27100.0,0.1405368044,70813870,450080,192997.0,285653.95,0.6756321766248987,10626351436.25,-35.978835978835974,-48.728813559322035,1.4030612914682257,2.28099173553719,-5.919587953487906,95.852,-59.12162162162162,https://finance.naver.com/item/main.naver?code=450080
농심,KOSPI,414500.0,2521255109000,14.06,0.85,29342.0,485193.0,0.36912,956063105300.0,59252095210.0,54665696240.0,,33.27747,식품,579000.0,319000.0,0.2509307633,6082642,004370,19463.0,39997.0,0.48661149586218966,17330243825.0,12.635869565217384,5.069708491761715,1.0027502062654698,6.047490380116778,6.197508813124577,36.912,-28.41105354058722,https://finance.naver.com/item/main.naver?code=004370
BGF리테일,KOSPI,145000.0,2506166370000,13.09,1.95,11303.0,76009.0,1.70106,2426816474390.0,84851552000.0,56829553160.0,,36.5335,백화점과일반상점,156600.0,101200.0,0.4008033832,17283906,282330,21628.0,59622.5,0.3627489622206382,8689128487.5,20.833333333333325,26.086956521739136,0.7595957901798818,14.870607428067729,3.4964140426534778,170.106,-7.4074074074074066,https://finance.naver.com/item/main.naver?code=282330
동서,KOSPI,25900.0,2582230000000,17.3,1.46,1468.0,17452.0,0.04047,135733871060.0,9836682560.0,41216142630.0,,33.27747,식품,30950.0,22350.0,0.0371596088,99700000,026960,55330.0,58920.7,0.9390587688197867,1517047185.0,2.371541501976293,1.5686274509803866,1.901861315293267,8.411643364657346,7.247036044269141,4.047,-16.31663974151858,https://finance.naver.com/item/main.naver?code=026960
롯데지주,KOSPI,25050.0,2496577588800,-2.78,0.32,-9028.0,79142.0,1.39049,4093073648310.0,128978572270.0,64351963340.0,,32.03954,복합기업,39600.0,21150.0,0.1005571774,99663776,004990,83176.0,124449.3,0.6683524937464493,2976595541.25,-7.222222222222219,-20.977917981072558,1.6461080938181252,-11.407343761845796,3.1511422308087296,139.049,-36.74242424242424,https://finance.naver.com/item/main.naver?code=004990
신영증권,KOSPI,148300.0,2438052000000,10.79,0.65,13618.0,227883.0,5.5207,1663107293490.0,121069203110.0,94323853830.0,,8.19324,증권,272000.0,119300.0,0.0618034063,16440000,001720,6725.0,6830.05,0.9846194390963463,1058487025.0,-22.96103896103896,-23.55670103092784,2.772746905220313,5.975873584251568,7.279698885568502,552.0699999999999,-45.477941176470594,https://finance.naver.com/item/main.naver?code=001720
우리기술,KOSDAQ,14050.0,2427623798600,2920.0,19.34,5.0,755.0,1.23865,19793567450.0,-1134042430.0,20080369670.0,,41.50419,우주항공과국방,30200.0,3540.0,0.059788536,172784612,032820,8634496.0,5748406.1,1.5020678514692969,73855205779.5,-9.646302250803862,-18.45618107951248,6.686628663900416,0.6622516556291391,-5.729348349481084,123.86500000000001,-53.47682119205298,https://finance.naver.com/item/main.naver?code=032820
F&F,KOSPI,64800.0,2482298460000,6.14,1.3,10611.0,50123.0,0.26669,399621629200.0,86499071630.0,72987676490.0,,8.94358,"섬유,의류,신발,호화품",89000.0,58000.0,0.1293747695,38307075,383220,34255.0,66710.8,0.5134850728817523,4351443620.0,-21.927710843373493,3.1847133757961776,0.9356655893798305,21.169921991899926,21.645242727017038,26.668999999999997,-27.191011235955052,https://finance.naver.com/item/main.naver?code=383220
에스엘,KOSPI,52200.0,2424612744000,7.68,0.93,6749.0,55423.0,0.5689,1367309815930.0,125755180030.0,112151887900.0,,10.13834,자동차부품,79500.0,33200.0,0.1584069202,46448520,005850,69852.0,86097.85,0.8113094577855312,4654421942.5,-28.590971272229826,-23.46041055718475,1.410929541213863,12.17725493026361,9.197270330752755,56.88999999999999,-34.339622641509436,https://finance.naver.com/item/main.naver?code=005850
현대무벡스,KOSDAQ,21650.0,2411291244350,216.5,15.33,103.0,1455.0,1.05841,100360141290.0,3196477710.0,11343328740.0,,190.12516,기계,50400.0,8090.0,0.0168231697,111376039,319400,352054.0,1287333.95,0.2734752703445753,32851499313.75,-40.11065006915629,-31.91823899371069,0.6044189233104588,7.079037800687285,3.1850071840408027,105.84100000000001,-57.04365079365079,https://finance.naver.com/item/main.naver?code=319400
한화비전,KOSPI,47200.0,2383052008000,53.77,2.82,902.0,17188.0,1.36841,542288924730.0,65578457510.0,75294760130.0,,-335.21939,통신장비,97900.0,30950.0,0.2412963059,50488390,489790,109868.0,165807.85,0.6626224271046274,8582120525.0,-34.44444444444444,-44.988344988344984,1.1125408115478248,5.247847335350244,12.092900024216949,136.84099999999998,-51.78753830439224,https://finance.naver.com/item/main.naver?code=489790
하나마이크론,KOSDAQ,34400.0,2287285893600,56.51,5.99,637.0,6007.0,1.94444,683159243030.0,142321958810.0,85127384080.0,,33.00285,반도체와반도체장비,58500.0,17270.0,0.1747107862,66490869,067310,912319.0,1739381.25,0.5245077811434382,64658429441.25,-32.149901380670606,-4.8409405255878335,2.1519462739982966,10.60429498917929,20.83291125195976,194.444,-41.19658119658119,https://finance.naver.com/item/main.naver?code=067310
한국앤컴퍼니,KOSPI,24500.0,2325913380000,6.87,0.5,3666.0,50477.0,0.09719,339568170580.0,100149796830.0,95691702420.0,,10.13834,자동차부품,36450.0,21550.0,0.0882105844,94935240,000240,88863.0,76147.65,1.1669828287544002,1862913933.75,-4.109589041095896,-5.769230769230771,2.3455615504877696,7.2627137111951985,29.4932816167484,9.719,-32.78463648834019,https://finance.naver.com/item/main.naver?code=000240
HL만도,KOSPI,49750.0,2336116720000,23.62,0.87,2130.0,57793.0,1.4258,2495284875900.0,107018120000.0,58782922200.0,,10.13834,자동차부품,79100.0,32150.0,0.1822628602,46957120,204320,194140.0,377453.8,0.5143410928701738,19485559320.0,-32.67929634641408,-7.527881040892193,1.0784525152482238,3.6855674562663294,4.288813715564268,142.57999999999998,-37.10493046776233,https://finance.naver.com/item/main.naver?code=204320
케이뱅크,KOSPI,5690.0,2308405409190,19.32,0.98,294.0,5781.0,11.91825,326565000000.0,26970000000.0,26870000000.0,,9.39857,은행,9880.0,5210.0,0.0180490548,405695151,279570,515313.0,634398.1,0.8122864806814523,3594642252.75,-20.972222222222225,-26.580645161290317,2.9749553159128315,5.08562532433835,8.258692756419089,1191.825,-42.40890688259109,https://finance.naver.com/item/main.naver?code=279570
SK가스,KOSPI,246500.0,2284868646000,9.63,0.77,26176.0,325701.0,1.47946,2312994733070.0,-43939497660.0,-33032313460.0,,9.70026,가스유틸리티,302000.0,196100.0,0.0565465749,9269244,018670,13437.0,12333.1,1.0895070987829498,2932633412.5,11.28668171557563,6.479481641468676,2.469614290000081,8.036819045689144,-1.8996799703767515,147.946,-18.37748344370861,https://finance.naver.com/item/main.naver?code=018670
서진시스템,KOSDAQ,35750.0,2278114731750,-20.41,2.8,-1801.0,13127.0,2.06156,410183847980.0,-19357186930.0,-40186454790.0,,55.63885,전기장비,83300.0,20850.0,0.1402236152,63723489,178320,447605.0,1062384.1,0.42132125283125,39827602777.5,-48.113207547169814,-23.36548767416935,1.2381124679859195,-13.719814123562124,-4.7191489926594645,206.156,-57.08283313325331,https://finance.naver.com/item/main.naver?code=178320
케어젠,KOSDAQ,41700.0,2239915500000,102.92,9.73,411.0,4348.0,0.10339,18794592270.0,5236513810.0,4304583650.0,,-10.66193,건강관리업체및서비스,153800.0,40400.0,0.0473696919,53715000,214370,59957.0,81344.3,0.7370768449663959,4193759967.5,-47.148288973384034,-67.79922779922781,1.2768073485173514,9.452621895124196,27.861811178306557,10.339,-72.88686605981795,https://finance.naver.com/item/main.naver?code=214370
씨에스윈드,KOSPI,52800.0,2226650078400,61.05,1.84,837.0,27826.0,1.61711,686396223210.0,86031237020.0,61062432230.0,,-42.34619,에너지장비및서비스,79400.0,34500.0,0.1701343444,42171403,112610,656965.0,358771.65,1.8311508169611506,17186017070.0,5.811623246492981,1.538461538461533,1.8311508169611506,3.0079781499317186,12.533757341738621,161.711,-33.501259445843836,https://finance.naver.com/item/main.naver?code=112610
한전KPS,KOSPI,49300.0,2218500000000,17.71,1.64,2761.0,29906.0,0.25075,437938590100.0,43579646760.0,38273641990.0,,3.345,전기유틸리티,69000.0,41500.0,0.0850708222,45000000,051600,223140.0,130274.2,1.7128487451851557,6060490646.25,-5.374280230326301,-10.688405797101453,1.8256339321216328,9.23226108473216,9.95108623564069,25.074999999999996,-28.550724637681157,https://finance.naver.com/item/main.naver?code=051600
펄어비스,KOSDAQ,35300.0,2218390023000,-264.23,2.78,-137.0,13011.0,0.2241,192610521760.0,67625499270.0,99542325760.0,,17.67293,게임엔터테인먼트,77400.0,29450.0,0.050235703,62843910,263750,279388.0,457730.55,0.6103765632422831,14832711975.0,-12.298136645962732,-39.96598639455783,1.0030311500947446,-1.0529551917608178,35.10997148653381,22.41,-54.39276485788114,https://finance.naver.com/item/main.naver?code=263750
메지온,KOSDAQ,72100.0,2207822695400,-61.38,125.8,-1160.0,566.0,2.20785,2200899870.0,-4540625130.0,7685387190.0,,33.27747,식품,179900.0,45850.0,0.244761276,30621674,140410,97792.0,82763.45,1.1815843829613193,5521015995.0,9.908536585365857,-42.36610711430855,1.1815843829613193,-204.94699646643107,-206.30766496433117,220.785,-59.92217898832685,https://finance.naver.com/item/main.naver?code=140410
롯데에너지머티리얼즈,KOSPI,42200.0,2209822538600,-13.44,1.3,-3065.0,31623.0,0.31536,194197979590.0,-16896328510.0,-18781791970.0,,253.27647,전자장비와기기,83100.0,21600.0,0.0778063015,52365463,020150,479684.0,249837.9,1.9199809156256917,9213793203.75,-23.550724637681164,2.9268292682926855,1.9199809156256917,-9.692312557315878,-8.700568639113719,31.535999999999998,-49.217809867629356,https://finance.naver.com/item/main.naver?code=020150
대한광통신,KOSDAQ,14150.0,2200122089000,-62.19,30.45,-237.0,484.0,1.55218,49053665500.0,956781920.0,444593210.0,,-335.21939,통신장비,31500.0,1218.908,0.02501358,155485660,010170,4890260.0,8679717.9,0.5634123201169936,121525084478.0,-22.50821467688937,196.95697796432322,3.4420185476304477,-48.96694214876033,1.950479969738449,155.218,-55.07936507936508,https://finance.naver.com/item/main.naver?code=010170
디앤디파마텍,KOSDAQ,47550.0,2179578307950,-89.21,26.73,-547.0,1826.0,1.38587,662064380.0,-9879995350.0,-7766714990.0,,-69.92914,생물공학,116600.0,38989.146,0.1034639481,45837609,347850,426992.0,766101.2,0.5573571742218913,42280730222.5,-56.01295097132285,-43.32538736591181,0.7349720898492262,-29.956188389923327,-1492.3013000639,138.587,-59.21955403087479,https://finance.naver.com/item/main.naver?code=347850
제일기획,KOSPI,18910.0,2175429564750,9.2,1.21,2049.0,15525.0,1.12533,1074518428890.0,92693736590.0,63536831990.0,,11.1909,광고,23300.0,17760.0,0.1861046421,115041225,030000,244287.0,280973.4,0.8694310564629961,5320314597.25,-5.402701350675343,-6.38613861386138,1.2629594118162073,13.198067632850242,8.626537628187036,112.53299999999999,-18.841201716738198,https://finance.naver.com/item/main.naver?code=030000
풍산,KOSPI,77500.0,2171881545000,14.63,0.94,5388.0,84137.0,1.04746,1470322219180.0,125210909270.0,82479885720.0,,30.01711,비철금속,159200.0,55200.0,0.1264002591,28024278,103140,79517.0,146324.35,0.5434297162434003,11995623465.0,1.8396846254927768,-36.05610561056105,1.3591927796023013,6.4038413539821955,8.515882276459799,104.74600000000001,-51.31909547738693,https://finance.naver.com/item/main.naver?code=103140
한솔케미칼,KOSPI,200000.0,2158807200000,15.04,2.03,13428.0,99420.0,0.38389,247539416450.0,49753611310.0,53664875080.0,,-32.42902,화학,346500.0,175000.0,0.4315690628,10794036,014680,20576.0,42497.6,0.4841685177515907,8723163477.5,-33.5548172757475,-35.483870967741936,1.0462473174955762,13.506336753168377,20.09926823918551,38.389,-42.27994227994228,https://finance.naver.com/item/main.naver?code=014680
금호타이어,KOSPI,7370.0,2117108315190,6.35,1.09,1209.0,7065.0,1.38845,1332767136120.0,182237600550.0,137774059840.0,,10.13834,자동차부품,8850.0,4220.0,0.1171687543,287260287,073240,1652235.0,4148012.4,0.39831968679746477,31898280262.75,47.69539078156313,23.65771812080537,1.3306170444427794,17.112526539278132,13.673626518173062,138.845,-16.72316384180791,https://finance.naver.com/item/main.naver?code=073240
에스피지,KOSDAQ,96800.0,2146768448000,236.41,8.37,412.0,11633.0,0.67887,88770106740.0,3996957640.0,2435275070.0,,-80.94163,전기제품,165700.0,26000.0,0.0453663556,22177360,058610,406911.0,431519.9,0.9429715755866647,43848856582.5,0.20703933747412417,-26.331811263318116,1.8998498099392402,3.5416487578440647,4.502594157858506,67.887,-41.581170790585396,https://finance.naver.com/item/main.naver?code=058610
현대백화점,KOSPI,99000.0,2134926288000,10.37,0.47,9572.0,210969.0,0.87599,1068052590000.0,79318730000.0,60829593000.0,,36.5335,백화점과일반상점,222000.0,74100.0,0.2662312742,21564912,069960,110698.0,154410.55,0.716906973001521,14907653875.0,-52.17391304347826,10.61452513966481,1.4628793175077741,4.5371594878868455,7.426481686636797,87.599,-55.4054054054054,https://finance.naver.com/item/main.naver?code=069960
비에이치아이,KOSDAQ,68400.0,2116595250000,31.75,11.66,2107.0,5739.0,4.44608,296273189760.0,45483095560.0,20318448640.0,,-42.34619,에너지장비및서비스,114200.0,33150.0,0.0909255721,30944375,083650,568181.0,471954.0,1.2038906334091881,29757594095.0,1.0339734121122657,-27.848101265822788,2.8352212291875905,36.713713190451294,15.35174195034123,444.608,-40.10507880910683,https://finance.naver.com/item/main.naver?code=083650
달바글로벌,KOSPI,167600.0,2099343354000,26.78,11.02,6594.0,16022.0,0.34999,186860908470.0,47240874550.0,38059528100.0,,42.91369,화장품,283000.0,116200.0,0.4328686567,12525915,483650,271177.0,162879.35,1.6648949053394428,35314168167.5,-18.442822384428226,11.510312707917493,1.6648949053394428,41.15591062289352,25.281304119092617,34.999,-40.777385159010606,https://finance.naver.com/item/main.naver?code=483650
이수스페셜티케미컬,KOSPI,64100.0,1937029695200,2561.54,15.14,26.0,4398.0,2.01069,108029149000.0,7737005000.0,3627145000.0,,-32.42902,화학,131800.0,44400.0,0.0493350645,30218872,457190,198640.0,125161.35,1.5870714082262614,8298712792.5,-26.406429391504016,-39.0104662226451,1.5870714082262614,0.5911778080945885,7.161960518637428,201.069,-51.365705614567524,https://finance.naver.com/item/main.naver?code=457190
동진쎄미켐,KOSDAQ,40800.0,2079581140800,22.03,2.01,1927.0,21091.0,0.81591,346873555790.0,59290515850.0,84971814670.0,,33.00285,반도체와반도체장비,72200.0,31500.0,0.1265751236,50970126,005290,214590.0,336807.25,0.6371299905212848,14251878345.0,-36.74418604651163,-25.818181818181817,1.1097267057048208,9.136598549144184,17.092832491934022,81.59100000000001,-43.49030470914127,https://finance.naver.com/item/main.naver?code=005290
GS리테일,KOSPI,25050.0,2094365745750,48.27,0.64,520.0,39303.0,1.20561,3175142890360.0,109407193000.0,64648505320.0,,36.5335,백화점과일반상점,29950.0,15950.0,0.1407303646,83607415,007070,131603.0,153631.0,0.8566174795451439,3998769506.25,4.811715481171541,33.45764517847629,1.4318334190365225,1.3230542197796604,3.445740767515358,120.561,-16.36060100166945,https://finance.naver.com/item/main.naver?code=007070
고영,KOSDAQ,27650.0,1885846489450,129.02,5.69,224.0,5079.0,0.26163,88759068560.0,14552561110.0,15724243440.0,,253.27647,전자장비와기기,45000.0,14440.0,0.2976124363,68204213,098460,1061933.0,942569.1,1.1266367632887606,27287842033.75,-22.11267605633803,-16.465256797583084,4.599750829939152,4.410316991533766,16.39557663920578,26.162999999999997,-38.55555555555556,https://finance.naver.com/item/main.naver?code=098460
이마트,KOSPI,73700.0,2033811860300,14.54,0.18,5084.0,410591.0,1.33722,6915029941460.0,-43037624220.0,-136781502140.0,,36.5335,백화점과일반상점,136400.0,70300.0,0.234668846,27595819,139480,52244.0,124681.5,0.4190196620990283,9314099695.0,-17.097862767154105,-20.410367170626355,1.418654732257793,1.238215158150081,-0.6223779880107545,133.722,-45.96774193548387,https://finance.naver.com/item/main.naver?code=139480
NHN,KOSPI,56400.0,1847277039600,57.18,1.23,1023.0,47466.0,0.94431,757918045230.0,57905020200.0,29074839380.0,,32.68044,IT서비스,78200.0,25350.0,0.1319310494,32753139,181710,181366.0,300247.4,0.6040551891540109,20180623675.0,44.98714652956297,54.0983606557377,2.4928275815211056,2.155226899254203,7.640010759003367,94.431,-27.877237851662407,https://finance.naver.com/item/main.naver?code=181710
시프트업,KOSPI,31400.0,1844495346000,9.57,1.98,3293.0,15882.0,0.12987,55723749280.0,28117514580.0,41735620720.0,,17.67293,게임엔터테인먼트,42750.0,27500.0,0.3688639572,58741890,462870,28870.0,40097.8,0.7199896253659801,1278941276.25,-2.3328149300155476,-0.47543581616481534,0.8360558434627335,20.73416446291399,50.458762992984305,12.987000000000002,-26.54970760233918,https://finance.naver.com/item/main.naver?code=462870
대한조선,KOSPI,47300.0,1801596929000,6.48,1.67,7314.0,28354.0,0.47028,354435070880.0,95248495370.0,78723703940.0,,21.13778,조선,109700.0,42100.0,0.0211679675,38088730,439260,27779.0,59436.4,0.46737352867939513,3005144936.25,-27.118644067796616,-53.89863547758284,0.9127403409358574,25.79530225012344,26.873326935033464,47.028,-56.88240656335461,https://finance.naver.com/item/main.naver?code=439260
롯데렌탈,KOSPI,49300.0,1790052828400,13.97,1.14,3514.0,43125.0,4.12629,765763505340.0,84637726230.0,18291248620.0,,13.80218,도로와철도운송,53100.0,26650.0,0.0618159414,36309388,089860,43535.0,154670.85,0.2814686801035877,7321480130.0,57.75999999999999,55.52050473186121,0.8294710994347028,8.148405797101448,11.052723933666798,412.629,-7.156308851224102,https://finance.naver.com/item/main.naver?code=089860
SK이터닉스,KOSPI,51900.0,1768077507600,56.86,6.4,911.0,8095.0,3.63268,240891560120.0,4682586130.0,-2892906060.0,,-42.34619,에너지장비및서비스,87700.0,17210.0,0.0291627054,34067004,475150,2132937.0,2301371.0,0.9268114528252941,128772619368.75,-0.9541984732824416,90.1098901098901,0.9268114528252941,11.25386040765905,1.9438564504573645,363.26800000000003,-40.82098061573546,https://finance.naver.com/item/main.naver?code=475150
HD현대마린엔진,KOSPI,52500.0,1780878487500,10.58,3.57,4867.0,14413.0,0.89106,128119406960.0,31285526010.0,31873394370.0,,21.13778,조선,118200.0,46500.0,0.1302937267,33921495,071970,173602.0,157807.45,1.1000874800270835,8358406325.0,-30.27888446215139,-33.206106870229014,1.5951591639051261,33.76812599736349,24.419037484124175,89.106,-55.58375634517767,https://finance.naver.com/item/main.naver?code=071970
다우기술,KOSPI,40700.0,1761793598400,3.29,0.48,11707.0,79869.0,12.12393,16184969595240.0,817754206190.0,678203792310.0,,8.19324,증권,62300.0,32300.0,0.2748665244,43287312,023590,179780.0,30375.45,5.91859544467654,1173511591.25,4.761904761904767,-18.924302788844628,5.91859544467654,14.657752069013007,5.0525532431676705,1212.393,-34.67094703049759,https://finance.naver.com/item/main.naver?code=023590
코오롱인더,KOSPI,57400.0,1718902236800,243.56,0.42,225.0,129709.0,0.86542,1356513249420.0,98748108610.0,65997917010.0,,-32.42902,화학,104900.0,33750.0,0.1803193158,29946032,120110,326608.0,218534.15,1.4945398693979866,12196265867.5,-19.26863572433193,-8.744038155802858,2.1921791170853617,0.17346521829634026,7.279553565158424,86.542,-45.28122020972355,https://finance.naver.com/item/main.naver?code=120110
셀트리온제약,KOSDAQ,39400.0,1749451880800,45.71,4.06,875.0,9844.0,0.7346,153290879060.0,19305676050.0,13721037610.0,,46.08491,제약,78300.0,37000.0,0.048136233,44402332,068760,68906.0,69059.15,0.9977823358671517,2904419273.75,-11.56004489337823,-39.00928792569659,1.134940120172345,8.888663145062981,12.594145306221066,73.46000000000001,-49.68071519795658,https://finance.naver.com/item/main.naver?code=068760
테크윙,KOSDAQ,46350.0,1717436445750,187.45,8.19,263.0,6018.0,2.13888,56776728490.0,12507979530.0,5080287550.0,,33.00285,반도체와반도체장비,74000.0,31625.0,0.2076651568,37053645,089030,702712.0,519303.45,1.3531818438718248,25336492280.0,-25.36231884057971,-34.81012658227848,3.928737619594093,4.370222665337321,22.030116673952097,213.88799999999998,-37.36486486486486,https://finance.naver.com/item/main.naver?code=089030
HDC,KOSPI,28450.0,1699651962450,4.52,0.46,6057.0,59006.0,1.20503,1519714183590.0,228381795440.0,256782004990.0,,39.04177,건설,30650.0,15850.0,0.2477104066,59741721,012630,287370.0,73236.7,3.923852385484327,1728625873.75,32.01856148491879,18.541666666666657,4.639272386658602,10.265057790733145,15.027943932226574,120.503,-7.177814029363782,https://finance.naver.com/item/main.naver?code=012630
동원산업,KOSPI,38200.0,1686179285800,4.26,0.47,8793.0,79927.0,0.99631,2571953804710.0,151458058090.0,104623125670.0,,33.27747,식품,51500.0,29850.0,0.0477846367,44140819,006040,28158.0,46438.85,0.6063457643761635,1754206101.25,12.51840942562592,-1.4193548387096744,1.1538184085092547,11.001288675916774,5.8888327547966055,99.631,-25.825242718446606,https://finance.naver.com/item/main.naver?code=006040
LS마린솔루션,KOSDAQ,32300.0,1687314984200,150.7,2.63,215.0,12341.0,0.24123,95440343610.0,6121569380.0,6975962360.0,,39.04177,건설,51600.0,21650.0,0.0254421929,52238854,060370,55095.0,92538.65,0.5953728523163024,2973601527.5,3.3600000000000074,15.357142857142847,1.0996378270052567,1.7421602787456445,6.414026970622304,24.123,-37.4031007751938,https://finance.naver.com/item/main.naver?code=060370
네이처셀,KOSDAQ,25100.0,1617319905600,-579.55,26.07,-44.0,978.0,0.40692,6195914450.0,-701540410.0,-637062630.0,,-69.92914,생물공학,36950.0,16550.0,0.0741890098,64435056,007390,132529.0,297877.15,0.4449116019808837,7265995780.0,-22.04968944099379,26.44836272040303,0.9243777174583548,-4.4989775051124745,-11.322629059218208,40.692,-32.07036535859269,https://finance.naver.com/item/main.naver?code=007390
호텔신라,KOSPI,41100.0,1613097773100,-9.08,1.42,-4566.0,29223.0,2.07043,971829934660.0,61141705060.0,21449047790.0,,36.5335,백화점과일반상점,70300.0,39700.0,0.200305742,39248121,008770,115327.0,207296.25,0.5563390558198713,8873974175.0,-28.892733564013838,-2.2592152199762183,1.1731519504091368,-15.624679191048147,6.291399645082013,207.043,-41.53627311522048,https://finance.naver.com/item/main.naver?code=008770
CJ대한통운,KOSPI,72200.0,1647051236800,6.32,0.34,11347.0,207860.0,1.42205,3379978742010.0,101566441440.0,36766682560.0,,8.54764,항공화물운송과물류,154000.0,69400.0,0.1539025538,22812344,000120,43315.0,40069.55,1.08099541921484,2947023870.0,-14.757969303423845,-39.53098827470687,1.657043815066553,5.458962763398442,3.0049432020865505,142.205,-53.116883116883116,https://finance.naver.com/item/main.naver?code=000120
IPARK현대산업개발,KOSPI,24850.0,1637797150500,9.63,0.47,2476.0,50647.0,1.28476,914639719530.0,122718510000.0,83711676990.0,,39.04177,건설,25050.0,16900.0,0.1746222309,65907330,294870,267257.0,142124.95,1.880436897251327,3216056235.0,21.813725490196067,15.313225058004631,1.880436897251327,4.8887397081762,13.417142004620198,128.476,-0.7984031936127733,https://finance.naver.com/item/main.naver?code=294870
아시아나항공,KOSPI,7700.0,1586128474700,-5.46,2.18,-1446.0,3623.0,54.96466,1844111928500.0,-356276433490.0,-407179826670.0,,138.60848,항공사,9580.0,6500.0,0.0383835415,205990711,020560,44394.0,156909.3,0.28292778057132373,1195545053.25,-0.6451612903225823,9.219858156028371,1.2749339905282862,-39.91167540712117,-19.319675122962582,5496.466,-19.62421711899791,https://finance.naver.com/item/main.naver?code=020560
LX인터내셔널,KOSPI,40900.0,1585284000000,10.16,0.52,3943.0,77069.0,1.65418,4776320982020.0,117835472890.0,78763061820.0,,17.09379,무역회사와판매업체,57700.0,29000.0,0.261070098,38760000,001120,59501.0,71908.65,0.8274526082745262,2800883962.5,3.1525851197982346,3.544303797468351,1.2972291928717896,5.116194578883857,2.4670760891820356,165.418,-29.116117850953206,https://finance.naver.com/item/main.naver?code=001120
현대위아,KOSPI,57400.0,1560997764200,15.58,0.43,3716.0,135750.0,0.73505,2353743000000.0,50386000000.0,50579000000.0,,10.13834,자동차부품,112600.0,46950.0,0.193584627,27195083,011210,31134.0,63003.05,0.49416655225421624,3791505362.5,-31.009615384615387,-37.130339539978095,1.7537563657632447,2.7373848987108653,2.1406755113026357,73.505,-49.02309058614564,https://finance.naver.com/item/main.naver?code=011210
녹십자,KOSPI,128300.0,1499382825400,-317.32,1.22,-410.0,106673.0,1.12439,421179665230.0,1729683180.0,1050149570.0,,46.08491,제약,183800.0,105900.0,0.2384921865,11686538,006280,20355.0,22961.5,0.8864838969579514,2912217265.0,-2.135774218154085,-15.647600262984874,1.1624676088234653,-0.3843521790893666,0.41067585232431525,112.439,-30.195865070729056,https://finance.naver.com/item/main.naver?code=006280
HD현대에너지솔루션,KOSPI,133800.0,1498560000000,37.19,3.71,3721.0,37302.0,0.36392,165037257500.0,36114687940.0,30744622940.0,,-42.34619,에너지장비및서비스,256000.0,44200.0,0.0791802679,11200000,322000,232668.0,312519.65,0.7444907864193498,41605940300.0,-16.32270168855535,14.261315115286077,1.862490886573052,9.975336443086162,21.882748469690245,36.392,-47.73437499999999,https://finance.naver.com/item/main.naver?code=322000
효성티앤씨,KOSPI,341000.0,1475739562000,136.27,0.94,2517.0,364612.0,1.88178,2416150883810.0,188761842590.0,123915819310.0,,17.09379,무역회사와판매업체,557000.0,199000.0,0.2104121791,4327682,298020,7642.0,16405.6,0.46581655044618914,5483399200.0,-3.399433427762044,4.281345565749239,1.093529038864778,0.6903228637565412,7.8125022677533975,188.178,-38.77917414721723,https://finance.naver.com/item/main.naver?code=298020
세아베스틸지주,KOSPI,41450.0,1486484832550,26.93,0.78,1567.0,54192.0,1.1523,1135709521550.0,59839774820.0,35167437390.0,,44.69235,철강,92500.0,23050.0,0.0693680426,35862119,001430,51506.0,123779.1,0.416112251583668,5242060942.5,-10.378378378378383,-33.03715670436187,1.1924791826730037,2.8915707115441394,5.268933092885542,115.23,-55.18918918918919,https://finance.naver.com/item/main.naver?code=001430
LS에코에너지,KOSPI,48650.0,1489900363350,35.04,7.05,1387.0,6898.0,1.14827,350271469180.0,25256211370.0,19138089260.0,,55.63885,전기장비,109800.0,32000.0,0.0666782716,30624879,229640,39992.0,79534.6,0.5028251855167436,3711402466.25,-32.43055555555555,15.011820330969261,1.3661475634503724,20.107277471730935,7.210467763510923,114.82699999999998,-55.692167577413485,https://finance.naver.com/item/main.naver?code=229640
에임드바이오,KOSDAQ,22650.0,1464801796650,219.44,7.89,108.0,3002.0,0.03681,20197147790.0,8520436920.0,10882978530.0,,-69.92914,생물공학,80200.0,17400.0,0.0263148979,64671161,0009K0,74187.0,99266.25,0.7473537078312115,2493420426.25,-20.665499124343256,-65.31393568147014,0.8584488685731555,3.597601598934044,42.186337440272794,3.681,-71.75810473815461,https://finance.naver.com/item/main.naver?code=0009K0
HJ중공업,KOSPI,15990.0,1443822550560,27.81,2.14,570.0,7416.0,2.51213,729908000000.0,64853000000.0,62543000000.0,,39.04177,건설,34100.0,12910.0,0.0575946529,90295344,097230,264470.0,205569.8,1.2865216583369736,3455936612.25,-33.096234309623426,-30.928725701943847,1.4945094075102472,7.686084142394822,8.885092367805257,251.213,-53.10850439882697,https://finance.naver.com/item/main.naver?code=097230
코오롱티슈진,KOSDAQ,16850.0,1431747196000,,,,,1.51415,819268000.0,-7121222000.0,49649171000.0,,-69.92914,생물공학,149000.0,11470.0,0.0367408629,84970160,950160,402028.0,2428101.4,0.16557298636704382,55715537855.25,-85.07528786536757,-85.08849557522124,0.40036095691885026,,-869.2176430667375,151.41500000000002,-88.69127516778524,https://finance.naver.com/item/main.naver?code=950160
삼화콘덴서,KOSPI,137400.0,1428273000000,94.76,4.33,1221.0,26701.0,0.23026,82846780040.0,8637921250.0,8319746740.0,,-80.94163,전기제품,196800.0,27750.0,0.043193747,10395000,001820,3935561.0,838495.05,4.693600755305591,90119667672.5,-9.247027741083224,189.873417721519,4.693600755305591,4.572862439609003,10.426381382389813,23.026,-30.182926829268297,https://finance.naver.com/item/main.naver?code=001820
후성,KOSPI,13310.0,1427568442300,264.8,4.25,50.0,3118.0,1.10709,188221516550.0,23399254120.0,24958712300.0,,-32.42902,화학,23550.0,5580.0,0.1090067692,107255330,093370,2365037.0,3085064.8,0.7666085328256315,39555321911.0,-24.28896473265074,81.33514986376022,1.1230256816647741,1.603592046183451,12.431763673407719,110.70899999999999,-43.48195329087049,https://finance.naver.com/item/main.naver?code=093370
태성,KOSDAQ,46650.0,1424596767000,-586.47,11.87,-85.0,4199.0,0.59834,30518470360.0,3118058690.0,3466455910.0,,253.27647,전자장비와기기,94000.0,23000.0,0.0743480086,30537980,323280,384777.0,289510.45,1.3290608335554035,14159318592.5,-8.349705304518661,-39.336801040312096,4.9018161520594505,-2.0242914979757085,10.216956004737323,59.833999999999996,-50.37234042553192,https://finance.naver.com/item/main.naver?code=323280
코미코,KOSDAQ,27300.0,1402217407500,28.75,5.29,1007.0,5472.0,2.22354,175961637380.0,27050200980.0,8967917810.0,,33.00285,반도체와반도체장비,55782.353,16307.686,0.2731178843,51363275,183300,399828.0,528855.35,0.756025253408139,15748965866.25,-84.58498023715416,-74.83870967741936,2.8608616703981533,18.40277777777778,15.372783171813426,222.35399999999998,-51.059791256923134,https://finance.naver.com/item/main.naver?code=183300
SK아이이테크놀로지,KOSPI,16690.0,1365026699000,-6.3,0.55,-2800.0,31808.0,1.51834,39526333000.0,-63448326000.0,-1327762742000.0,,-80.94163,전기제품,35100.0,11840.0,0.0611326236,81787100,361610,713832.0,848672.8,0.841115680860751,14710871126.0,-13.702171664943119,-28.827292110874204,2.4803257509843606,-8.80281690140845,-160.52166033211327,151.834,-52.45014245014246,https://finance.naver.com/item/main.naver?code=361610
케이씨텍,KOSPI,67900.0,1344329081900,26.84,2.68,2686.0,26877.0,0.14101,112688832960.0,23521741080.0,21110597040.0,,33.00285,반도체와반도체장비,124800.0,35100.0,0.1486176767,19798661,281820,141660.0,178476.9,0.7937161615872979,12171996767.5,-25.87336244541485,42.64705882352941,3.8937195793965493,9.993674889310562,20.873178346206913,14.100999999999999,-45.59294871794872,https://finance.naver.com/item/main.naver?code=281820
삼현,KOSDAQ,42300.0,1341230084100,125.9,9.27,307.0,4168.0,0.63933,20996133950.0,-5388519000.0,-7017751230.0,,10.13834,자동차부품,76900.0,19000.0,0.0167301704,31707567,437730,677393.0,175436.9,3.8611774375858214,6162254117.5,-15.737051792828682,-24.866785079928956,3.8611774375858214,7.365642994241843,-25.66433902942403,63.93299999999999,-44.993498049414825,https://finance.naver.com/item/main.naver?code=437730
코스모신소재,KOSPI,40200.0,1335225754200,-2550.0,2.67,-16.0,15288.0,0.58299,137684386640.0,4653102070.0,1236335260.0,,-32.42902,화학,66400.0,26600.0,0.0615548218,33214571,005070,61354.0,85245.7,0.7197313178260019,3395337180.0,-13.08108108108108,-24.007561436672965,1.9843698861056922,-0.10465724751439037,3.379542287657025,58.299,-39.45783132530121,https://finance.naver.com/item/main.naver?code=005070
대주전자재료,KOSDAQ,85000.0,1334851730000,63.18,5.19,1377.0,16760.0,1.38368,100581579530.0,6783880800.0,4258311880.0,,253.27647,전자장비와기기,183300.0,58900.0,0.1339751981,15704138,078600,124138.0,126320.85,0.9827197964548211,11248240067.5,-28.691275167785236,-28.45117845117845,0.9827197964548211,8.21599045346062,6.744655265606167,138.368,-53.627932351336604,https://finance.naver.com/item/main.naver?code=078600
오스코텍,KOSDAQ,34900.0,1335210342400,25.91,7.48,1368.0,4739.0,0.19215,52648538750.0,38672297970.0,40754788820.0,,46.08491,제약,66000.0,27300.0,0.1224120303,38258176,039200,74822.0,134772.25,0.5551736355221494,4926680645.0,-16.407185628742514,-32.1011673151751,0.8469325102163093,28.86684954631779,73.453696699227,19.215,-47.12121212121212,https://finance.naver.com/item/main.naver?code=039200
오뚜기,KOSPI,332500.0,1332603475000,16.59,0.56,20279.0,603102.0,0.69831,943801725700.0,45258374730.0,33205179090.0,,33.27747,식품,470000.0,290500.0,0.1121963756,4007830,007310,3190.0,4754.35,0.6709644851556995,1577326512.5,0.45317220543805714,-9.400544959128066,1.2323451155257816,3.3624494695756275,4.7953265498039555,69.831,-29.255319148936167,https://finance.naver.com/item/main.naver?code=007310
제이앤티씨,KOSDAQ,22950.0,1327622294700,-14.0,5.18,-1604.0,4333.0,1.74879,38831737880.0,-25005727650.0,-24671954450.0,,96.79463,핸드셋,30100.0,11140.0,0.0298129427,57848466,204270,1227373.0,652140.7,1.8820677807718489,13025484230.0,33.275261324041814,19.158878504672906,2.181630436499363,-37.01823217170552,-64.39507736499998,174.87900000000002,-23.75415282392026,https://finance.naver.com/item/main.naver?code=204270
롯데웰푸드,KOSPI,142900.0,1315333624600,17.7,0.58,8176.0,247808.0,0.99536,1155747701060.0,64708988700.0,36082295690.0,,33.27747,식품,155000.0,90000.0,0.1347766882,9204574,280360,26334.0,41979.45,0.6273069323204569,5780907980.0,36.22497616777884,26.348364279398773,0.7853604561279388,3.2993285123966944,5.5988853484762995,99.536,-7.806451612903231,https://finance.naver.com/item/main.naver?code=280360
KB발해인프라,KOSPI,10600.0,1298982808800,0.0,0.0,0.0,0.0,,,,,,6.5283,운송인프라,11380.0,8500.0,0.0183646084,122545548,415640,142910.0,137418.3,1.0399633818785416,1429774925.25,5.472636815920406,6.212424849699394,1.2202887097278894,,,,-6.854130052724072,https://finance.naver.com/item/main.naver?code=415640
RFHIC,KOSDAQ,48800.0,1296881569600,45.45,3.84,1131.0,13376.0,0.33585,51501149690.0,11186415360.0,12062643210.0,,-335.21939,통신장비,126900.0,25600.0,0.2332522259,26575442,218410,459499.0,371600.3,1.236540982340434,18238347588.75,-37.43589743589744,-31.748251748251743,3.584859861523255,8.455442583732058,21.72070997896979,33.585,-61.544523246650904,https://finance.naver.com/item/main.naver?code=218410
성호전자,KOSDAQ,17480.0,1283618488960,13.82,5.25,1343.0,3536.0,2.23131,85242926090.0,6892730830.0,-45996985800.0,,-80.94163,전기제품,59600.0,1030.0,0.021495542,73433552,043260,1422068.0,1516415.2,0.9377827391864708,28164003691.75,-59.063231850117106,-53.51063829787235,3.87223631100506,37.980769230769226,8.085985718888407,223.131,-70.67114093959732,https://finance.naver.com/item/main.naver?code=043260
대웅제약,KOSPI,111900.0,1296537742500,6.65,1.29,17022.0,87439.0,1.12976,448464138490.0,68068583250.0,19916270470.0,,46.08491,제약,199400.0,105000.0,0.1485552892,11586575,069620,12843.0,25634.3,0.5010084145071252,3090943645.0,-9.392712550607285,-34.09893992932862,1.1892269342248472,19.46728576493327,15.17815526547789,112.97600000000001,-43.881644934804406,https://finance.naver.com/item/main.naver?code=069620
대신증권,KOSPI,27200.0,1296518627200,11.19,0.51,2413.0,53208.0,8.34681,2550413757000.0,359932819000.0,257807571000.0,,8.19324,증권,51400.0,22750.0,0.0989632764,47666126,003540,41948.0,60350.9,0.695068341979987,1606950428.75,-10.81967213114754,-31.999999999999996,1.8506766261977865,4.53503232596602,14.1127226126392,834.6809999999999,-47.081712062256805,https://finance.naver.com/item/main.naver?code=003540
SK네트웍스,KOSPI,6390.0,1281794950710,24.86,0.61,257.0,10430.0,1.47889,1444497000000.0,24791000000.0,49655000000.0,,32.03954,복합기업,16240.0,4275.0,0.1745503324,200593889,001740,520648.0,1016387.3,0.5122535474420036,7021429311.75,-46.21212121212122,21.94656488549618,0.8475981547585256,2.464046021093001,1.7162375553566398,147.889,-60.652709359605915,https://finance.naver.com/item/main.naver?code=001740
브이엠,KOSDAQ,48650.0,1280797117250,44.58,7.42,1135.0,6824.0,0.21035,72292819990.0,20054641810.0,17905820030.0,,33.00285,반도체와반도체장비,122100.0,14080.0,0.146797831,26326765,089970,619266.0,527480.7,1.1740069352300473,29928500871.25,-44.4634703196347,12.096774193548377,2.1745212668444553,16.63247362250879,27.740848693928505,21.035,-60.15561015561015,https://finance.naver.com/item/main.naver?code=089970
엘앤씨바이오,KOSDAQ,47450.0,1279712454800,-8.74,6.25,-5628.0,7872.0,0.42435,38785377750.0,8579727950.0,-28122597850.0,,-32.03035,건강관리장비와용품,121064.815,40823.056,0.2414636067,26969704,290650,225521.0,161565.9,1.3958452866601183,8330675967.5,-45.017381228273464,-46.14074914869466,2.2498930776853285,-71.4939024390244,22.121037482998346,42.435,-60.80611860679752,https://finance.naver.com/item/main.naver?code=290650
코리아써키트,KOSPI,51100.0,1225511882000,30.48,3.27,1726.0,16070.0,0.8162,407179666180.0,19290297930.0,17621761470.0,,253.27647,전자장비와기기,148300.0,16300.0,0.0632153618,23982620,007810,82616.0,317280.25,0.2603880953825522,18954574302.5,-63.98872445384074,-7.427536231884058,0.6192002181037112,10.74051026757934,4.737539600386731,81.62,-65.5428186109238,https://finance.naver.com/item/main.naver?code=007810
더블유게임즈,KOSPI,58100.0,1230178490800,8.45,0.91,6651.0,61507.0,0.10546,210628862680.0,70071579600.0,65033071470.0,,17.67293,게임엔터테인먼트,76500.0,47000.0,0.2117248813,21173468,192080,71611.0,49202.15,1.4554445283387005,2845149882.5,-15.674891146589264,16.199999999999992,1.6525903847697712,10.813403352463947,33.26779564226055,10.546,-24.05228758169935,https://finance.naver.com/item/main.naver?code=192080
롯데정밀화학,KOSPI,46150.0,1190670000000,11.14,0.49,4165.0,95632.0,0.11084,586274822120.0,61908017610.0,94165203670.0,,-32.42902,화학,71800.0,41350.0,0.2366957752,25800000,004000,41206.0,50250.3,0.8200150048855429,2317989736.25,-8.432539682539685,1.5401540154015292,1.441961540528116,4.355236740839887,10.559555906927304,11.084,-35.724233983286915,https://finance.naver.com/item/main.naver?code=004000
한일시멘트,KOSPI,16600.0,1220850469400,15.88,0.66,1061.0,25406.0,0.62143,370950768340.0,61562117840.0,48363667340.0,,7.71583,건축자재,21150.0,12710.0,0.0454174248,73545209,300720,56392.0,101576.3,0.555168873054049,1639403091.0,14.482758620689662,-0.24038461538461453,1.1087133514412317,4.176178855388491,16.595765016336184,62.143,-21.513002364066192,https://finance.naver.com/item/main.naver?code=300720
기가비스,KOSDAQ,93800.0,1188986100400,80.07,5.86,1219.0,16646.0,0.17724,22307133450.0,6610590500.0,5996928870.0,,33.00285,반도체와반도체장비,206000.0,29800.0,0.0680329334,12675758,420770,124554.0,130336.75,0.9556322372623224,14328386392.5,-33.333333333333336,31.55680224403927,1.5530232263732218,7.323080619968761,29.634423960466332,17.724,-54.46601941747573,https://finance.naver.com/item/main.naver?code=420770
교보증권,KOSPI,10380.0,1182935535180,8.18,0.55,1266.0,18773.0,8.66776,2714652037000.0,115971660000.0,90110538000.0,,8.19324,증권,18220.0,8120.0,0.0102946255,113962961,030610,56470.0,51463.9,1.0972740114915505,525270802.5,-8.141592920353979,-18.46032992930087,2.1546948443472025,6.7437276940286575,4.272063543295291,866.776,-43.02963776070252,https://finance.naver.com/item/main.naver?code=030610
제이에스링크,KOSDAQ,31450.0,1165680632150,-54.33,15.21,-601.0,2147.0,0.81346,6311115440.0,-4163592330.0,8012904070.0,,-33.30868,생명과학도구및서비스,49900.0,13860.0,0.033223105,37064567,127120,95238.0,166084.4,0.5734313397284754,5727208148.75,-10.142857142857142,-20.680958385876412,1.3030122034339169,-27.992547741034002,-65.97236842810786,81.34599999999999,-36.97394789579158,https://finance.naver.com/item/main.naver?code=127120
SFA반도체,KOSDAQ,7040.0,1157800533120,-61.29,2.47,-116.0,2884.0,0.2041,126288286340.0,-6151051760.0,-5350472390.0,,33.00285,반도체와반도체장비,11640.0,3500.0,0.0674875991,164460303,036540,2691145.0,2438175.0,1.1037538322720888,15248950934.25,-3.9563437926330103,-6.133333333333335,5.1003623611922855,-4.0221914008321775,-4.870643143766963,20.41,-39.51890034364261,https://finance.naver.com/item/main.naver?code=036540
한국카본,KOSPI,21700.0,1121379746200,10.77,1.91,2043.0,11519.0,0.68861,243377663940.0,50399828670.0,36561668930.0,,21.13778,조선,54100.0,18530.0,0.1296205009,51676486,017960,213002.0,255914.25,0.832317856469501,6060623953.75,-37.82234957020057,-48.08612440191388,1.6049203981411742,17.73591457591805,20.70848567369974,68.861,-59.88909426987061,https://finance.naver.com/item/main.naver?code=017960
DL,KOSPI,55000.0,1152573620000,-14.07,0.31,-3895.0,177828.0,1.44393,1667870966620.0,256506513550.0,152719006560.0,,-32.42902,화학,77700.0,33900.0,0.2143921488,20955884,000210,34824.0,68704.2,0.5068685757202617,3566171950.0,1.6635859519408491,26.436781609195403,1.2836624252956879,-2.1903187349573745,15.37927805469386,144.393,-29.21492921492922,https://finance.naver.com/item/main.naver?code=000210
오름테라퓨틱,KOSDAQ,51000.0,1107699090000,-26.33,8.61,-2017.0,6165.0,0.56982,24105270.0,-15352897690.0,63384312380.0,,46.08491,제약,146600.0,31250.0,0.0695517733,21719590,475830,71516.0,120744.6,0.5922914979220603,7740886832.5,-27.142857142857146,-56.52173913043479,0.9524152632912776,-32.7169505271695,-63691.042207782775,56.982,-65.21145975443383,https://finance.naver.com/item/main.naver?code=475830
대원전선,KOSPI,13190.0,1034286147040,119.73,8.86,113.0,1527.0,1.52177,278067660460.0,3727364420.0,3514215600.0,,55.63885,전기장비,20300.0,2885.0,0.0305154476,78414416,006340,1070443.0,3438275.2,0.31133139080897304,48814225724.25,6.97485806974858,138.94927536231884,1.0402529733512895,7.400130975769483,1.3404523251045877,152.17700000000002,-35.02463054187193,https://finance.naver.com/item/main.naver?code=006340
하이트진로,KOSPI,15320.0,1074446920520,25.67,0.95,596.0,16066.0,1.72646,618592498750.0,64937902200.0,40549320740.0,,16.97499,음료,19530.0,13830.0,0.0765945447,70133611,000080,77702.0,98291.05,0.7905297583045455,1514019541.5,-3.7688442211055273,-6.755934266585517,1.0748689733195442,3.709697497821486,10.497686656598825,172.64600000000002,-21.55657962109575,https://finance.naver.com/item/main.naver?code=000080
하나머티리얼즈,KOSDAQ,52200.0,1032394582800,27.72,2.29,1984.0,24038.0,0.40674,90087346640.0,26015940780.0,19753577010.0,,33.00285,반도체와반도체장비,87900.0,32300.0,0.2478425421,19777674,166090,234065.0,209879.15,1.1152370304530013,11370117033.75,-27.500000000000004,-23.348017621145377,4.071076140721934,8.253598469090607,28.878573684673903,40.674,-40.61433447098977,https://finance.naver.com/item/main.naver?code=166090
스피어,KOSDAQ,20050.0,1033604808100,4090.0,13.78,5.0,1484.0,2.58283,77061765160.0,1665260910.0,-24290420230.0,,41.50419,우주항공과국방,57300.0,7050.0,0.0921214458,51551362,347700,281251.0,665850.55,0.4223935836652834,15002176271.5,-33.166666666666664,-56.69546436285098,1.8938604165754611,0.3369272237196766,2.1609431169173074,258.283,-65.00872600349041,https://finance.naver.com/item/main.naver?code=347700
한화투자증권,KOSPI,4785.0,1026611103375,10.45,0.51,467.0,9484.0,8.55567,3234649000000.0,55604000000.0,27026000000.0,,8.19324,증권,10300.0,3515.0,0.0650192247,214547775,003530,582472.0,2345359.3,0.24835086035644946,11579329395.2,-19.308600337268132,-37.03947368421052,0.7252927088826007,4.924082665541966,1.7190118618743488,855.5669999999999,-53.54368932038835,https://finance.naver.com/item/main.naver?code=003530
태광산업,KOSPI,908000.0,1010967200000,9.57,0.2,96033.0,4669556.0,0.13422,557672402730.0,-1081792480.0,58666537920.0,,-32.42902,화학,1634000.0,708000.0,0.0343605173,1113400,003240,834.0,1450.0,0.5751724137931035,1319182425.0,-1.4115092290988063,-25.573770491803284,0.8703448275862069,2.05657668523517,-0.19398350621337013,13.422,-44.430844553243574,https://finance.naver.com/item/main.naver?code=003240
SK디스커버리,KOSPI,57400.0,999549307400,8.25,0.36,6961.0,158509.0,1.35009,3055582491150.0,-30354711970.0,-58554917200.0,,-146.37102,석유와가스,68300.0,42750.0,0.1378717888,17413751,006120,21730.0,25012.05,0.8687812474387345,1325673491.25,21.48148148148148,4.174228675136127,1.353507609332302,4.391548744866222,-0.993418179935168,135.00900000000001,-15.959004392386532,https://finance.naver.com/item/main.naver?code=006120
STX엔진,KOSPI,24800.0,995671962400,13.55,2.84,1793.0,8545.0,2.17317,212989808010.0,24960663730.0,22156309090.0,,21.13778,조선,67700.0,18830.0,0.0425938606,40148063,077970,242669.0,152850.2,1.587626316485029,3843065827.5,-34.30463576158941,-16.216216216216218,1.587626316485029,20.983031012287885,11.71918222905205,217.31699999999998,-63.36779911373708,https://finance.naver.com/item/main.naver?code=077970
대웅,KOSPI,16590.0,964575448200,3.9,0.59,4280.0,28372.0,0.85232,570821463430.0,76642287620.0,36337460580.0,,46.08491,제약,30600.0,15410.0,0.0506558944,58141980,003090,56222.0,59839.5,0.9395466205432866,1023481193.5,-11.330839123463388,-29.703389830508474,1.9874497614451991,15.085295361624137,13.426665346370365,85.232,-45.7843137254902,https://finance.naver.com/item/main.naver?code=003090
한화손해보험,KOSPI,8420.0,982941664300,4.51,0.48,1858.0,17378.0,5.27988,2086782024000.0,140773617000.0,121174130000.0,,8.92597,손해보험,10800.0,5050.0,0.1391695648,116738915,000370,840845.0,1040423.25,0.8081759034123853,8207188700.5,21.151079136690655,16.137931034482754,1.0339234537482702,10.691679134537921,6.745966535122884,527.988,-22.03703703703703,https://finance.naver.com/item/main.naver?code=000370
샘씨엔에스,KOSDAQ,15780.0,950238288420,52.84,4.87,264.0,2862.0,0.40181,31265241800.0,9529353440.0,11265118030.0,,33.00285,반도체와반도체장비,16960.0,5390.0,0.0794471556,60217889,252990,1882189.0,469731.8,4.006943962490936,6403036981.25,9.431345353675447,44.505494505494504,4.006943962490936,9.224318658280922,30.479065221878436,40.181,-6.957547169811318,https://finance.naver.com/item/main.naver?code=252990
롯데관광개발,KOSPI,12050.0,960691768900,34.49,2.63,356.0,4677.0,4.84441,203273425100.0,51929106410.0,14631454540.0,,15.31862,"호텔,레스토랑,레저",27700.0,10150.0,0.2050250749,79725458,032350,118399.0,328537.05,0.36038248958526903,4287047431.75,-32.26531759415402,-36.77859391395592,1.0775923141697412,7.611716912550781,25.546431553683703,484.441,-56.49819494584838,https://finance.naver.com/item/main.naver?code=032350
SNT다이내믹스,KOSPI,28750.0,956015038750,10.55,0.78,2696.0,36682.0,0.31815,196312938240.0,17187511330.0,13114150090.0,,10.13834,자동차부품,76400.0,27700.0,0.1365037248,33252697,003570,40673.0,44388.55,0.9162948553174185,1347211445.0,-36.53421633554083,-40.7826982492276,1.0134820804013647,7.349653781146066,8.755159738370182,31.814999999999998,-62.36910994764398,https://finance.naver.com/item/main.naver?code=003570
와이씨,KOSDAQ,11550.0,947623792500,51.05,2.72,239.0,4490.0,0.26807,104991544810.0,15052094720.0,17852715000.0,,33.00285,반도체와반도체장비,24150.0,6820.0,0.0584630451,82045350,232140,1490868.0,2083549.65,0.7155423438073578,25094145704.0,-25.96153846153846,-47.73755656108597,1.8455538124565452,5.32293986636971,14.336482758911032,26.807,-52.17391304347826,https://finance.naver.com/item/main.naver?code=232140
NICE평가정보,KOSPI,16080.0,936961355280,12.26,2.04,1317.0,7931.0,0.32195,163184691900.0,32869855410.0,25834210650.0,,15.3479,상업서비스와공급품,18500.0,13010.0,0.3261710082,58268741,030190,37550.0,136306.0,0.2754831041920385,2162722631.0,11.203319502074693,-2.8398791540785506,0.6795298812964946,16.605724372714665,20.142732156606165,32.195,-13.08108108108108,https://finance.naver.com/item/main.naver?code=030190
SK케미칼,KOSPI,54100.0,935863240600,23.81,0.47,2306.0,116581.0,0.89056,745120400310.0,32349394490.0,6806283630.0,,-32.42902,화학,81800.0,35850.0,0.1021967116,17298766,285130,47304.0,113093.85,0.41827208110785863,5868599113.75,18.25136612021858,-8.614864864864868,0.6751914449813141,1.9780238632367195,4.341498968024679,89.056,-33.86308068459658,https://finance.naver.com/item/main.naver?code=285130
종근당,KOSPI,66800.0,922025704000,11.56,0.89,5882.0,76180.0,0.83259,478465317190.0,18611682320.0,20423787600.0,,46.08491,제약,98100.0,63000.0,0.1557494939,13802780,185750,14580.0,22749.9,0.6408819379425843,1551222470.0,-8.493150684931505,-21.962616822429904,0.9081798161750161,7.721186663166185,3.889870728625717,83.259,-31.906218144750255,https://finance.naver.com/item/main.naver?code=185750
한샘,KOSPI,39350.0,926060066800,13.96,1.63,2808.0,24081.0,1.41573,417232957620.0,11284642520.0,4769177800.0,,28.55513,가구,54800.0,28300.0,0.1276146506,23533928,009240,26708.0,50379.75,0.5301336350418571,1956904892.5,12.108262108262103,-8.381839348079156,0.6915278460095574,11.660645322038121,2.7046383354686054,141.57299999999998,-28.193430656934304,https://finance.naver.com/item/main.naver?code=009240
유안타증권,KOSPI,4780.0,921010887560,10.87,0.52,443.0,9275.0,11.89739,1807167813000.0,86473094000.0,61860691000.0,,8.19324,증권,8400.0,3535.0,0.6875409325,192680102,003470,123325.0,274638.0,0.4490456528229888,1281825527.2,-9.640831758034029,-3.726082578046319,1.891657381717024,4.776280323450135,4.785006316400125,1189.739,-43.095238095238095,https://finance.naver.com/item/main.naver?code=003470
파라다이스,KOSPI,9930.0,919809763260,9.05,0.5,1087.0,19694.0,0.8746,318088896490.0,35550352990.0,21023431100.0,,15.31862,"호텔,레스토랑,레저",24000.0,9160.0,0.0768789972,92629382,034230,239440.0,440166.8,0.5439756019763418,4324919109.5,-34.23841059602649,-41.45047169811321,0.8081799899492647,5.519447547476389,11.176231984921744,87.46000000000001,-58.62499999999999,https://finance.naver.com/item/main.naver?code=034230
씨어스,KOSDAQ,24000.0,920288688000,54.57,22.36,427.0,1042.0,0.25646,28375516330.0,12949759750.0,12939614540.0,,560.23548,건강관리기술,64235.101,17676.326,0.0476961203,38345362,458870,140298.0,241818.3,0.5801794157017893,5406964006.0,-31.232091690544415,-80.4719283970708,1.0063919893572986,40.978886756238005,45.637089381555576,25.646,-62.63725030960876,https://finance.naver.com/item/main.naver?code=458870
롯데칠성,KOSPI,97600.0,905619078400,20.76,0.64,4697.0,151359.0,1.66726,1112889927260.0,55845209060.0,28202210050.0,,16.97499,음료,154800.0,93900.0,0.1623952837,9278884,005300,9985.0,16445.25,0.6071662030069473,1612528182.5,-7.924528301886791,-22.106943335993613,1.2199267265623812,3.1032181766528586,5.018035269444317,166.726,-36.95090439276486,https://finance.naver.com/item/main.naver?code=005300
삼아알미늄,KOSPI,59800.0,904382609000,-37.41,4.27,-1692.0,14814.0,1.39911,96924845540.0,1744641020.0,261235530.0,,30.01711,비철금속,104600.0,19000.0,0.3811750688,15123455,006110,158673.0,221476.4,0.7164329924091235,13761352522.5,6.785714285714284,87.75510204081634,1.265516325892962,-11.421628189550425,1.7999936035802115,139.911,-42.82982791586998,https://finance.naver.com/item/main.naver?code=006110
티엘비,KOSDAQ,37900.0,898277754000,40.2,6.07,934.0,6185.0,0.90367,88243337680.0,12772973580.0,10758976870.0,,33.00285,반도체와반도체장비,67608.254,18189.386,0.0471027279,23701260,356860,439053.0,692862.6,0.6336797512234028,25551895503.75,-58.80434782608695,-37.458745874587464,0.8691044948883083,15.101050929668553,14.474717203375844,90.36699999999999,-43.94175598736805,https://finance.naver.com/item/main.naver?code=356860
CJ CGV,KOSPI,5450.0,902426243650,-5.56,1.56,-964.0,3444.0,4.12308,593957859690.0,11469683500.0,22608767780.0,,876.91615,방송과엔터테인먼트,6660.0,4150.0,0.0529961394,165582797,079160,582727.0,632140.95,0.9218308037155322,3376534184.5,15.71125265392781,8.349900596421467,0.9218308037155322,-27.990708478513355,1.9310601438940949,412.308,-18.168168168168165,https://finance.naver.com/item/main.naver?code=079160
경동나비엔,KOSPI,60600.0,882856675200,9.76,1.14,6206.0,53311.0,0.86668,388199645860.0,84261176700.0,68456389090.0,,11.65576,가정용기기와용품,80700.0,53000.0,0.0877688798,14568592,009450,18523.0,38963.05,0.47539912814833535,2492534710.0,-16.98630136986301,-1.3029315960912058,1.3467374859001027,11.641124720976908,21.70562946118397,86.668,-24.907063197026027,https://finance.naver.com/item/main.naver?code=009450
SGC에너지,KOSPI,61200.0,881851179600,-13.83,1.21,-4260.0,48667.0,3.36963,576959944060.0,44880845870.0,7694153020.0,,-42.34619,에너지장비및서비스,70700.0,20150.0,0.0528553265,14409333,005090,191526.0,187613.55,1.020853770956309,11095664697.5,8.703374777975137,24.263959390862944,1.0334221595401825,-8.753364702981486,7.778849525355038,336.96299999999997,-13.437057991513434,https://finance.naver.com/item/main.naver?code=005090
지역난방공사,KOSPI,74700.0,864932176800,2.66,0.38,28102.0,198762.0,2.19079,653113000000.0,33094000000.0,10408000000.0,,2.5557,복합유틸리티,116700.0,60400.0,0.0296865532,11578744,071320,5271.0,11561.2,0.45592153063695806,861995490.0,3.319502074688807,-14.3348623853211,1.0726395183890944,14.138517422847425,5.06711702262855,219.07899999999998,-35.98971722365039,https://finance.naver.com/item/main.naver?code=071320
세방전지,KOSPI,61600.0,853776000000,5.94,0.52,10646.0,121686.0,0.43443,530187002750.0,35322669570.0,36266527870.0,,10.13834,자동차부품,77700.0,46900.0,0.2331329004,13860000,004490,45180.0,111173.6,0.4063914454510783,7108938630.0,-3.296703296703296,-0.6451612903225823,3.004616203846956,8.74874677448515,6.6623039393245485,43.443,-20.72072072072072,https://finance.naver.com/item/main.naver?code=004490
해성디에스,KOSPI,50100.0,851700000000,36.55,1.54,1401.0,33198.0,0.60685,211085611180.0,24866714290.0,19079524110.0,,33.00285,반도체와반도체장비,108500.0,24900.0,0.2188515294,17000000,195870,50462.0,89924.5,0.5611596394753376,4812624080.0,-38.30049261083743,-14.065180102915953,1.4748372245606036,4.220133742996566,11.780392870452593,60.685,-53.824884792626726,https://finance.naver.com/item/main.naver?code=195870
미래에셋벤처투자,KOSDAQ,15960.0,847804424880,28.35,2.32,582.0,7122.0,1.77531,86096545310.0,22352587040.0,16370905610.0,,14.56477,창업투자,70700.0,7010.0,0.0442721463,53120578,100790,207215.0,985121.1,0.21034469772295,16731628020.25,-41.3235294117647,-28.430493273542602,1.0949384801523387,8.171861836562764,25.962234558328763,177.531,-77.42574257425743,https://finance.naver.com/item/main.naver?code=100790
GST,KOSDAQ,45600.0,840408000000,18.54,2.79,2533.0,16838.0,0.2973,99243908460.0,15459264220.0,12190073400.0,,33.00285,반도체와반도체장비,70800.0,21350.0,0.2309077048,18430000,083450,106324.0,119319.05,0.8910898972125574,5424412856.25,-21.91780821917808,36.322869955156946,2.0977622600917454,15.043354317614918,15.577040908491444,29.73,-35.59322033898306,https://finance.naver.com/item/main.naver?code=083450
디아이,KOSPI,29950.0,847585000000,155.36,4.84,196.0,6287.0,0.93874,168631873360.0,39589999870.0,31839433080.0,,33.00285,반도체와반도체장비,41700.0,14340.0,0.1468984099,28300000,003160,301208.0,468275.4,0.6432283224786097,13693692915.0,2.2184300341296925,-15.63380281690141,1.3686475949836356,3.1175441386989027,23.477174914307078,93.874,-28.177458033573146,https://finance.naver.com/item/main.naver?code=003160
신성델타테크,KOSDAQ,30600.0,841008808800,39.52,3.48,797.0,9059.0,1.86099,299159226420.0,13940746670.0,12717818550.0,,11.65576,가정용기기와용품,83000.0,22600.0,0.0349128153,27483948,065350,60254.0,136762.0,0.44057559848495925,4169383631.25,-27.402135231316727,-50.40518638573743,1.1467951623989119,8.797880560768297,4.659975504291518,186.099,-63.132530120481924,https://finance.naver.com/item/main.naver?code=065350
지엔씨에너지,KOSDAQ,50600.0,832314795400,19.96,3.78,2565.0,13535.0,0.65809,66495947820.0,10160166380.0,14089767580.0,,55.63885,전기장비,58000.0,18350.0,0.0742333124,16448909,119850,692146.0,738857.5,0.9367787428563694,36551805926.25,107.80287474332648,36.57219973009447,2.0307637128945704,18.950868119689694,15.2793767336062,65.809,-12.758620689655176,https://finance.naver.com/item/main.naver?code=119850
큐리옥스바이오시스템즈,KOSDAQ,48000.0,826151376000,-29.51,15.74,-1645.0,3084.0,0.08874,1175624880.0,-4457198940.0,-4840960880.0,,-33.30868,생명과학도구및서비스,149200.0,31650.0,0.0699174917,17211487,445680,50429.0,123887.65,0.4070542947581942,6107064381.25,-26.940639269406397,-56.48232094288305,0.5466808031309013,-53.33981841763943,-379.13445145869997,8.874,-67.828418230563,https://finance.naver.com/item/main.naver?code=445680
빙그레,KOSPI,88800.0,823089952800,14.51,1.08,6284.0,84119.0,0.44906,442070092910.0,69725485930.0,56411830110.0,,33.27747,식품,96000.0,61500.0,0.2289383863,9269031,005180,42469.0,162545.15,0.26127509802660986,13826495867.5,29.257641921397372,16.230366492146597,0.7356848235705588,7.470369357695645,15.772495594764255,44.906,-7.499999999999996,https://finance.naver.com/item/main.naver?code=005180
리브스메드,KOSDAQ,32550.0,822059071050,-32.67,4.59,-1030.0,7328.0,0.14613,12507068190.0,-12189597350.0,-11028339070.0,,-32.03035,건강관리장비와용품,95900.0,29900.0,0.0354217937,25255271,491000,134916.0,189214.8,0.7130309045592629,6883935057.5,-25.42955326460481,-64.34830230010952,1.4221139149791666,-14.055676855895197,-97.46166859269358,14.613000000000001,-66.05839416058394,https://finance.naver.com/item/main.naver?code=491000
큐리언트,KOSDAQ,21800.0,818244491800,-24.72,24.06,-880.0,904.0,1.08969,1909021080.0,-12844947440.0,-13237234110.0,,46.08491,제약,62900.0,10980.0,0.0308701268,37534151,115180,91239.0,263156.75,0.3467097081872306,6072220009.75,-18.656716417910445,-47.0873786407767,1.346380056753247,-97.34513274336283,-672.855191310931,108.96900000000001,-65.34181240063592,https://finance.naver.com/item/main.naver?code=115180
에스에이엠티,KOSDAQ,8120.0,811959944040,10.45,1.63,777.0,4983.0,1.78915,2580464421810.0,147642182850.0,105128279690.0,,253.27647,전자장비와기기,19950.0,3015.0,0.0753848487,99995067,031330,234908.0,655674.65,0.3582691507136962,5637832166.75,-48.44444444444444,66.73511293634498,0.8369288030275381,15.59301625526791,5.72153530202289,178.915,-59.298245614035096,https://finance.naver.com/item/main.naver?code=031330
유일로보틱스,KOSDAQ,68700.0,809378401500,-33.35,9.3,-2138.0,7669.0,0.23086,9959811150.0,-1456691140.0,-1282753190.0,,190.12516,기계,155000.0,53800.0,0.1514592774,11781345,388720,36912.0,29660.65,1.2444771102453924,2083859192.5,-19.742990654205606,-38.495971351835266,7.374855237494795,-27.878471769461466,-14.625690367633126,23.086000000000002,-55.67741935483871,https://finance.naver.com/item/main.naver?code=388720
보령,KOSPI,9280.0,796105280960,11.63,0.89,766.0,10008.0,0.71037,279622584600.0,23798692280.0,24054889960.0,,46.08491,제약,10800.0,7410.0,0.0586535356,85787207,003850,192641.0,88904.95,2.166819732759537,799747629.75,-2.6232948583420734,-2.006335797254488,2.166819732759537,7.653876898481215,8.511005044189838,71.03699999999999,-14.074074074074073,https://finance.naver.com/item/main.naver?code=003850
GS피앤엘,KOSPI,39800.0,789267471800,40.5,0.92,979.0,43209.0,0.93131,158960998740.0,29360307070.0,19221773190.0,,15.31862,"호텔,레스토랑,레저",67000.0,32250.0,0.1069705516,19830841,499790,22567.0,49311.25,0.4576440467438972,2057416670.0,-13.665943600867681,-13.384113166485312,1.3433040127759892,2.2657316762711472,18.470132487040008,93.131,-40.59701492537313,https://finance.naver.com/item/main.naver?code=499790
RF머트리얼즈,KOSDAQ,43600.0,784313380400,102.36,14.06,424.0,3087.0,0.33402,25059802340.0,5290262130.0,5234561980.0,,41.50419,우주항공과국방,63420.571,5543.781,0.1012829121,17988839,327260,1020396.0,737310.65,1.3839431181415864,27696920376.25,-32.92307692307692,-15.992292870905588,4.633908380409261,13.735017816650469,21.11055010819371,33.402,-31.252589952241205,https://finance.naver.com/item/main.naver?code=327260
태웅,KOSDAQ,39350.0,787290442350,136.16,1.21,271.0,30459.0,0.35025,105494491890.0,3195829370.0,4283695790.0,,-42.34619,에너지장비및서비스,61300.0,19980.0,0.0332878151,20007381,044490,814019.0,330218.2,2.46509429219831,11441470307.5,-1.992528019925277,4.793608521970705,2.46509429219831,0.8897206080304673,3.0293803143128253,35.025,-35.807504078303424,https://finance.naver.com/item/main.naver?code=044490
다우데이타,KOSDAQ,20450.0,783235000000,3.5,0.48,5713.0,42047.0,11.8618,16370867719470.0,831560581240.0,684798148870.0,,8.19324,증권,31450.0,15940.0,0.139120235,38300000,032190,75048.0,57350.7,1.3085803660635356,1139348952.75,3.230691569914179,-16.188524590163933,1.3548396096298738,13.587176255143055,5.0795143879332585,1186.18,-34.97615262321144,https://finance.naver.com/item/main.naver?code=032190
SNT에너지,KOSPI,37800.0,781733597400,8.93,2.07,4270.0,18458.0,0.46079,108055984080.0,21269561320.0,18130221350.0,,-42.34619,에너지장비및서비스,67400.0,21200.0,0.011278103,20680783,100840,158080.0,320333.3,0.49348600348449567,10770755165.0,0.665778961384822,-7.917174177831909,3.632928577828156,23.133600606782966,19.68383472798039,46.079,-43.916913946587535,https://finance.naver.com/item/main.naver?code=100840
SK오션플랜트,KOSPI,12480.0,779727049920,20.62,0.99,625.0,13037.0,0.4433,170484462290.0,19344277350.0,13789266670.0,,-42.34619,에너지장비및서비스,31600.0,11010.0,0.043333724,62478129,100090,654343.0,1284072.0,0.5095843535253475,17360254915.5,-36.55312658871378,-32.83100107642627,0.8194275710396302,4.794047710362814,11.346651237398229,44.330000000000005,-60.50632911392405,https://finance.naver.com/item/main.naver?code=100090
HS효성첨단소재,KOSPI,172100.0,770999050800,-35.43,0.95,-4843.0,180761.0,3.47837,952698172430.0,77593421080.0,45193271410.0,,-32.42902,화학,282000.0,135000.0,0.0796721301,4479948,298050,8027.0,15567.2,0.5156354386145228,2695472277.5,-15.637254901960784,-18.820754716981135,0.8896911454853794,-2.6792283733770006,8.144596402666156,347.837,-38.97163120567376,https://finance.naver.com/item/main.naver?code=298050
인바디,KOSDAQ,57600.0,776498803200,24.06,2.45,2423.0,23830.0,0.12091,73253798830.0,17743448300.0,14529649050.0,,-32.03035,건강관리장비와용품,73500.0,26200.0,0.3307437896,13480882,041830,19292.0,86040.55,0.22421985912456394,5271263180.0,23.340471092077088,99.30795847750863,0.6879895584117024,10.167855644146034,24.221881436042924,12.091000000000001,-21.632653061224495,https://finance.naver.com/item/main.naver?code=041830
쎄트렉아이,KOSDAQ,70300.0,769874843400,51.58,3.17,1396.0,22735.0,0.74194,51141250850.0,1367100770.0,-215161170.0,,41.50419,우주항공과국방,224000.0,45650.0,0.1107875264,10951278,099320,23785.0,35357.45,0.6727012270398459,2589079675.0,-38.97569444444444,-61.500547645125955,1.03152235243209,6.140312293820101,2.6731860235679004,74.194,-68.61607142857142,https://finance.naver.com/item/main.naver?code=099320
넥슨게임즈,KOSDAQ,11640.0,766612425360,-12.0,2.88,-974.0,4052.0,0.68208,41454225430.0,10653536180.0,8654096880.0,,17.67293,게임엔터테인먼트,15420.0,7860.0,0.0311625353,65860174,225570,172893.0,223530.15,0.773466129736861,2371875416.25,20.87227414330217,4.207699194270376,0.8079894367717286,-24.03751233958539,25.699518129918175,68.208,-24.513618677042803,https://finance.naver.com/item/main.naver?code=225570
덕산네오룩스,KOSDAQ,30850.0,766041872150,15.06,1.77,2165.0,18395.0,0.534,94584555040.0,18499176470.0,19940655100.0,,16.1175,디스플레이장비및부품,57300.0,24500.0,0.1229069711,24831179,213420,214798.0,197761.95,1.0861442254184892,6429054837.5,-18.81578947368421,-20.998719590268887,4.985306829751628,11.76950258222343,19.558348043374167,53.400000000000006,-46.16055846422339,https://finance.naver.com/item/main.naver?code=213420
인제니아테라퓨틱스(Reg.S),KOSDAQ,15450.0,763919178150,,,,,0.66886,7419250000.0,530611000.0,691450000.0,,-69.92914,생물공학,21100.0,9900.0,0.0088603394,49444607,950260,,,,,,,,,7.151814536509756,66.886,-26.777251184834128,https://finance.naver.com/item/main.naver?code=950260
LS머트리얼즈,KOSDAQ,11320.0,765828099880,1916.67,4.2,6.0,2736.0,0.47748,51297766950.0,532787050.0,-286651690.0,,-80.94163,전기제품,32725.0,8700.0,0.0955581657,67652659,417200,307899.0,402424.95,0.7651091215890068,4607090566.0,-36.00904465799887,-33.096926713947994,1.362830510384607,0.21929824561403508,1.0386164577481671,47.748000000000005,-65.4087089381207,https://finance.naver.com/item/main.naver?code=417200
로보스타,KOSDAQ,78000.0,760500000000,-149.16,8.93,-533.0,8904.0,0.2935,26369469060.0,499640800.0,1098222270.0,,190.12516,기계,171600.0,30250.0,0.0417825641,9750000,090360,54503.0,138411.35,0.3937755104621117,11228698487.5,-24.63768115942029,12.230215827338121,2.291054888201004,-5.98607367475292,1.894770042063183,29.349999999999998,-54.54545454545454,https://finance.naver.com/item/main.naver?code=090360
차바이오텍,KOSDAQ,8040.0,747501681840,-4.98,2.18,-1637.0,3732.0,1.78436,316429568470.0,-28194836530.0,30678723030.0,,-10.66193,건강관리업체및서비스,23950.0,7600.0,0.0776411427,92972846,085660,203537.0,336361.45,0.6051139332405661,2798772731.25,-36.089030206677265,-59.3939393939394,0.7496251428336986,-43.863879957127544,-8.910304010566286,178.436,-66.43006263048017,https://finance.naver.com/item/main.naver?code=085660
필옵틱스,KOSDAQ,32050.0,751324016350,-46.47,6.88,-736.0,4970.0,1.21,8196676120.0,-15176871030.0,-3368230280.0,,253.27647,전자장비와기기,64900.0,19380.0,0.0280238921,23442247,161580,283117.0,260438.95,1.0870762610584936,8466341405.0,-25.465116279069765,-32.94979079497908,4.4068254767576045,-14.808853118712273,-185.15884741338297,121.0,-50.61633281972264,https://finance.naver.com/item/main.naver?code=161580
아이티센글로벌,KOSDAQ,32100.0,744865316700,16.07,5.98,2010.0,5404.0,1.45518,2292427258510.0,8294110930.0,37059152190.0,,32.68044,IT서비스,75500.0,16000.0,0.0268830733,23204527,124500,256360.0,721041.05,0.3555414771461347,25278885271.25,-11.691884456671254,-46.14093959731543,0.7058308261367365,37.19467061435973,0.36180475952771957,145.518,-57.48344370860927,https://finance.naver.com/item/main.naver?code=124500
에스디바이오센서,KOSPI,6160.0,743814468320,-1.43,0.31,-4279.0,19476.0,0.20615,186477165600.0,-7300169520.0,16309680440.0,,-32.03035,건강관리장비와용품,10930.0,5800.0,0.0608412641,120749102,137310,108749.0,238187.15,0.4565695504564373,1482047599.25,-14.563106796116509,-18.840579710144922,0.9220144747523114,-21.970630519613884,-3.9147793224501903,20.615,-43.641354071363224,https://finance.naver.com/item/main.naver?code=137310
알지노믹스,KOSDAQ,26500.0,743469054000,-3.91,13.11,-7092.0,2113.0,0.10619,807823290.0,-6851726570.0,-6366999350.0,,-69.92914,생물공학,122625.0,19990.0,0.0928881305,28055436,476830,199884.0,367127.9,0.5444533090511509,11847464146.25,-74.78591817316841,-83.8611449451888,0.722709987445792,-335.6365357311879,-848.1714571512292,10.619,-78.3893985728848,https://finance.naver.com/item/main.naver?code=476830
휴림로봇,KOSDAQ,6200.0,741265979800,-43.51,6.03,-148.0,1068.0,0.29516,25443658470.0,-5301195910.0,-7590786860.0,,190.12516,기계,26600.0,2915.0,0.0755940649,119559029,090710,897599.0,988742.45,0.9078188157087824,6654953242.0,-43.482224247948956,-51.788491446345255,1.5980622658610442,-13.857677902621724,-20.83503799679795,29.516,-76.69172932330828,https://finance.naver.com/item/main.naver?code=090710
이노션,KOSPI,18470.0,738800000000,8.08,0.7,2294.0,26618.0,1.53594,499051454740.0,44586457500.0,36476935430.0,,11.1909,광고,22650.0,16730.0,0.198364675,40000000,214320,39326.0,54681.1,0.7191881655636042,1031202425.5,-6.43363728470111,-4.300518134715025,1.1378520183390606,8.61822826658652,8.93424056307561,153.594,-18.454746136865342,https://finance.naver.com/item/main.naver?code=214320
클로봇,KOSDAQ,23700.0,733603614300,-297.56,10.67,-82.0,2287.0,0.2414,8859369110.0,-2839891890.0,-2633137160.0,,190.12516,기계,77953.663,20050.0,0.0612879756,30953739,466100,170755.0,465085.95,0.36714719075044083,13159183993.75,-36.118598382749326,-61.52597402597403,1.1850325730115046,-3.585483165719283,-32.05523841189184,24.14,-69.59732347664023,https://finance.naver.com/item/main.naver?code=466100
OCI,KOSPI,80200.0,717990099000,-11.51,0.64,-6994.0,125846.0,0.97496,535009757000.0,43260886000.0,29786694000.0,,-32.42902,화학,163200.0,53700.0,0.1053823543,8952495,456040,14483.0,36273.7,0.39926999451393164,2908853657.5,-25.5338904363974,-3.7214885954381716,1.3944262647593162,-5.557586256217917,8.085999448417535,97.49600000000001,-50.857843137254896,https://finance.naver.com/item/main.naver?code=456040
레이크머티리얼즈,KOSDAQ,10900.0,716462973200,97.86,5.59,117.0,2049.0,1.65619,37205660670.0,6079887510.0,2630386340.0,,-32.42902,화학,28700.0,9200.0,0.0953760647,65730548,281740,431456.0,359333.75,1.2007110381365513,4285583961.0,-36.14528412419449,-51.55555555555556,1.2007110381365513,5.710102489019034,16.34129699758937,165.619,-62.02090592334495,https://finance.naver.com/item/main.naver?code=281740
SNT모티브,KOSPI,26850.0,712606303200,9.19,0.63,2921.0,42534.0,0.2689,258025087410.0,25841587050.0,23814373280.0,,10.13834,자동차부품,40800.0,24100.0,0.1243397581,26540272,064960,36405.0,83038.1,0.4384132103215271,2212072513.75,-12.965964343598058,-20.444444444444443,0.9230100399696043,6.867447218695631,10.015145158710054,26.889999999999997,-34.19117647058824,https://finance.naver.com/item/main.naver?code=064960
코미팜,KOSDAQ,9410.0,702157271410,-90.98,9.6,-102.0,967.0,0.87594,16701768500.0,1638211200.0,517899710.0,,46.08491,제약,10790.0,5650.0,0.0392393003,74618201,041960,143232.0,300362.4,0.4768639483503927,2820225969.0,6.447963800904977,12.694610778443117,1.2840255637856135,-10.548086866597725,9.808609190098641,87.59400000000001,-12.789620018535686,https://finance.naver.com/item/main.naver?code=041960
영풍,KOSPI,38450.0,707890761350,-87.36,0.2,-451.0,195772.0,0.42849,853191924780.0,1511094000.0,386236712730.0,,96.79463,핸드셋,71797.387,31000.0,0.162932304,18410683,000670,19090.0,27809.1,0.6864659410049229,1092547332.5,-20.14537902388369,-31.339285714285715,1.376959340647486,-0.23037002227080483,0.1771106776930224,42.849,-46.44651900771821,https://finance.naver.com/item/main.naver?code=000670
씨엠티엑스,KOSDAQ,72300.0,698015867400,-20.58,4.0,-3737.0,19207.0,0.43555,47897115680.0,15575157710.0,10087479220.0,,33.00285,반도체와반도체장비,170300.0,56500.0,0.0763114331,9654438,388210,61810.0,41872.4,1.4761513550692102,3118146700.0,-32.9935125115848,-51.86418109187749,1.4761513550692102,-19.456448169938042,32.51794495112696,43.555,-57.54550792718731,https://finance.naver.com/item/main.naver?code=388210
티에프이,KOSDAQ,55800.0,688972699800,37.14,6.26,1586.0,9411.0,0.3179,33608936550.0,6082266000.0,5946518100.0,,33.00285,반도체와반도체장비,77700.0,23500.0,0.0304842863,12347181,425420,140411.0,139970.15,1.0031496001111666,6557282400.0,5.882352941176472,23.86237513873475,2.642034748123082,16.85261927531612,18.09716886147652,31.790000000000003,-28.185328185328185,https://finance.naver.com/item/main.naver?code=425420
원익QnC,KOSDAQ,26200.0,688745600000,31.43,1.45,856.0,18524.0,1.61183,271857366890.0,30873452910.0,26732383080.0,,33.00285,반도체와반도체장비,45400.0,18550.0,0.1242904367,26288000,074600,140444.0,212865.1,0.6597793626104044,5796020410.0,-34.90683229813665,-28.900949796472187,1.0594691191745382,4.621032174476355,11.356489347037684,161.18300000000002,-42.29074889867841,https://finance.naver.com/item/main.naver?code=074600
미코,KOSDAQ,20600.0,688385626800,20.66,5.29,937.0,3658.0,2.59694,349190198260.0,19502426670.0,16339179160.0,,33.00285,반도체와반도체장비,29250.0,11300.0,0.2307056354,33416778,059090,577722.0,244726.2,2.360687167945238,4595708979.5,0.0,36.604774535809014,2.649855225962729,25.615090213231273,5.585044129869558,259.694,-29.572649572649567,https://finance.naver.com/item/main.naver?code=059090
E1,KOSPI,99400.0,681884000000,5.47,0.28,18124.0,349725.0,6.43643,4402807537000.0,117898702210.0,99298166770.0,,9.70026,가스유틸리티,114500.0,71000.0,0.074555102,6860000,017940,10084.0,8745.9,1.1529974044981077,832908125.0,16.393442622950815,1.8442622950819665,1.3980265038475173,5.182357566659518,2.6778073131566913,643.6429999999999,-13.187772925764197,https://finance.naver.com/item/main.naver?code=017940
인텔리안테크,KOSDAQ,63400.0,680757309800,89.36,2.48,724.0,26101.0,0.89625,97246184450.0,7136001850.0,4745480380.0,,-335.21939,통신장비,180200.0,39000.0,0.2246186425,10737497,189300,25457.0,60186.0,0.4229721197620709,3978586665.0,-37.289812067260144,-48.78836833602585,0.8453128634566178,2.77384008275545,7.338079010872699,89.625,-64.81687014428412,https://finance.naver.com/item/main.naver?code=189300
온코닉테라퓨틱스,KOSDAQ,14950.0,678847208000,43.51,9.65,359.0,1619.0,0.084,24399301130.0,2789195800.0,3768045440.0,,46.08491,제약,28900.0,8700.0,0.0,45407840,476060,221218.0,774726.6,0.2855433129571129,13054749858.5,-11.799410029498524,-25.249999999999993,0.38126869530489854,22.174181593576282,11.431457750117943,8.4,-48.26989619377162,https://finance.naver.com/item/main.naver?code=476060
맵스리얼티,KOSPI,7280.0,675833929680,,,,,,,,,,31.44683,부동산,8190.0,4850.0,0.0293267477,92834331,094800,113911.0,95525.2,1.1924706778944196,678293188.25,11.145038167938925,8.656716417910438,1.9182372818900144,,,,-11.111111111111116,https://finance.naver.com/item/main.naver?code=094800
파미셀,KOSPI,11260.0,675645197640,15.93,5.18,671.0,2064.0,0.28447,38980267330.0,13228721470.0,10378281870.0,,-32.42902,화학,21150.0,8140.0,0.0871646354,60004014,005690,1427408.0,1116553.0,1.2784059511729402,13185627917.5,-23.91891891891892,-22.344827586206893,1.2784059511729402,32.509689922480625,33.936969590300656,28.447,-46.7612293144208,https://finance.naver.com/item/main.naver?code=005690
케이아이엔엑스,KOSDAQ,138400.0,675392000000,39.04,3.27,3535.0,42214.0,0.36784,42506109550.0,8818013550.0,6772364780.0,,32.68044,IT서비스,163700.0,80000.0,0.4377793033,4880000,093320,16104.0,10117.6,1.5916818217759152,1446404617.5,13.909465020576128,25.818181818181827,2.3433422946153235,8.373999147202351,20.745284956336356,36.784,-15.455100794135612,https://finance.naver.com/item/main.naver?code=093320
대한해운,KOSPI,2090.0,674541940600,3.77,0.32,560.0,6684.0,0.6381,312832991250.0,62926691080.0,57477832570.0,,10.15986,해운사,3385.0,1639.0,0.1233247778,322747340,005880,1366320.0,2096570.3,0.6516929100827193,4349766323.5,-0.9478672985781977,-8.131868131868137,2.511223210593034,8.378216636744465,20.11510705074972,63.81,-38.25701624815362,https://finance.naver.com/item/main.naver?code=005880
미원에스씨,KOSPI,135000.0,675000000000,10.57,1.44,12662.0,92934.0,0.26608,162829067100.0,37109592760.0,32974900490.0,,-32.42902,화학,149200.0,89600.0,0.0057494,5000000,268280,1177.0,2003.95,0.5873400034931011,260320547.5,33.136094674556205,4.732350659425921,1.393747348985753,13.624722921643318,22.790521017484842,26.607999999999997,-9.51742627345844,https://finance.naver.com/item/main.naver?code=268280
TKG휴켐스,KOSPI,16430.0,671635200840,10.64,0.71,1561.0,23511.0,0.36185,397199442610.0,32818441450.0,22288367510.0,,-32.42902,화학,21550.0,14300.0,0.0807727018,40878588,069260,41697.0,44768.1,0.9313998137066349,724639089.5,-4.973973395026022,-5.683122847301947,1.7805982384778447,6.639445365998895,8.262459089657785,36.185,-23.75870069605568,https://finance.naver.com/item/main.naver?code=069260
선익시스템,KOSDAQ,66000.0,668423316000,6.22,4.18,10959.0,16300.0,1.96832,20242142080.0,-10142570890.0,-7953600180.0,,16.1175,디스플레이장비및부품,144000.0,37150.0,0.0197539878,10127626,171090,30186.0,46996.1,0.6423086170980146,3189787032.5,-9.959072305593452,-48.072383949645946,1.2354854977327907,67.23312883435582,-50.10621331435689,196.832,-54.16666666666667,https://finance.naver.com/item/main.naver?code=171090
대한유화,KOSPI,102200.0,664300000000,20.71,0.36,5134.0,297102.0,0.35582,956254316740.0,-3876526720.0,-1466147000.0,,-32.42902,화학,202500.0,79300.0,0.1210329231,6500000,006650,64614.0,48966.45,1.3195565535177658,4643295430.0,-25.346968590211837,-17.447495961227787,2.4549666148965263,1.728026065122416,-0.4053865851519084,35.582,-49.53086419753087,https://finance.naver.com/item/main.naver?code=006650
안랩,KOSDAQ,59300.0,659801805800,9.99,1.37,5714.0,41556.0,0.37293,71308784760.0,5381783020.0,6412906570.0,,162.84747,소프트웨어,75000.0,50800.0,0.2686027402,11126506,053800,93469.0,25470.95,3.6696314821394567,1480953472.5,1.3675213675213627,-6.022187004754354,3.6696314821394567,13.750120319568776,7.5471529042503915,37.293,-20.933333333333337,https://finance.naver.com/item/main.naver?code=053800
롯데손해보험,KOSPI,2120.0,657912998400,13.32,1.06,158.0,1985.0,12.72626,802034000000.0,3057000000.0,1313000000.0,,8.92597,손해보험,3280.0,1576.0,0.0078750918,310336320,000400,426680.0,458691.4,0.9302114667944504,950219546.2,8.108108108108114,-1.3953488372092981,0.9302114667944504,7.959697732997481,0.3811559110960383,1272.626,-35.36585365853659,https://finance.naver.com/item/main.naver?code=000400
한국쉘석유,KOSPI,503000.0,653900000000,13.75,4.72,37098.0,107971.0,0.51145,95483718880.0,15564070340.0,12754026000.0,,-32.42902,화학,620000.0,401000.0,0.5856684615,1300000,002960,1187.0,1424.6,0.8332163414291731,720057950.0,2.0283975659229236,-4.554079696394686,1.0852169029903131,34.35922608848672,16.30023476521718,51.144999999999996,-18.870967741935484,https://finance.naver.com/item/main.naver?code=002960
LF,KOSPI,22350.0,653514000000,5.97,0.36,3646.0,61158.0,0.71262,465388608270.0,44077822710.0,35247387720.0,,8.94358,"섬유,의류,신발,호화품",26450.0,17010.0,0.1322550274,29240000,093050,16732.0,25139.95,0.6655542274348198,567787232.5,-6.0924369747899165,7.71084337349397,1.796582729878142,5.961607639229537,9.471186429305076,71.262,-15.500945179584125,https://finance.naver.com/item/main.naver?code=093050
케이엠더블유,KOSDAQ,15450.0,651861780450,-23.43,4.91,-673.0,3211.0,0.62953,24322069200.0,-6264120700.0,-14945111640.0,,-335.21939,통신장비,40000.0,11500.0,0.0600646084,42191701,032500,115405.0,210332.2,0.5486796600805772,3185684792.0,-40.0,-14.640883977900554,1.017542725269835,-20.959202740579258,-25.754883963573295,62.953,-61.375,https://finance.naver.com/item/main.naver?code=032500
예스티,KOSDAQ,30050.0,650622316250,-1112.5,4.88,-28.0,6379.0,0.68439,41945739920.0,4565708670.0,1931655300.0,,33.00285,반도체와반도체장비,44000.0,15200.0,0.0429443464,21651325,122640,283286.0,418923.05,0.6762244283287826,12148853053.75,-10.698365527488852,24.688796680497926,1.529848978231205,-0.4389402727700266,10.884797070472086,68.43900000000001,-31.704545454545453,https://finance.naver.com/item/main.naver?code=122640
대상,KOSPI,18760.0,649996949000,-2.21,0.63,-8447.0,29733.0,2.03409,1165775349440.0,46450513750.0,19596078820.0,,33.27747,식품,24150.0,15880.0,0.1646944379,34648025,001680,62737.0,171855.3,0.36505711491004356,3137305327.25,1.7353579175704903,-9.152542372881356,0.75059075862077,-28.409511317391452,3.984516722910061,203.409,-22.31884057971014,https://finance.naver.com/item/main.naver?code=001680
명인제약,KOSPI,44100.0,643860000000,6.53,0.81,6718.0,54409.0,0.06377,76106145640.0,27612131000.0,24322263200.0,,46.08491,제약,134500.0,39100.0,0.0088246575,14600000,317450,10994.0,13814.4,0.7958362288626362,631504127.5,-2.756339581036382,-28.870967741935484,0.862071461663192,12.347221966953995,36.2810792319084,6.376999999999999,-67.21189591078067,https://finance.naver.com/item/main.naver?code=317450
비에이치,KOSPI,19020.0,641193452760,19.43,0.84,991.0,23055.0,0.71322,414237053660.0,7891040600.0,7612387660.0,,253.27647,전자장비와기기,43400.0,12440.0,0.0909918438,33711538,090460,692996.0,1430257.4,0.48452537284547526,28183487417.75,-34.07279029462739,12.878338278931745,1.070690492494568,4.298416829321188,1.9049576879418557,71.322,-56.175115207373274,https://finance.naver.com/item/main.naver?code=090460
하이젠알앤엠,KOSDAQ,20850.0,644014800000,-86.45,5.93,-251.0,3657.0,0.50818,20799513680.0,-1464487810.0,-888725670.0,,190.12516,기계,91200.0,11000.0,0.009540663,30888000,160190,103504.0,234843.1,0.4407368153460757,4926276889.75,-23.62637362637363,-64.8397976391231,3.107649319907632,-6.8635493573967725,-7.040971402173668,50.818,-77.13815789473684,https://finance.naver.com/item/main.naver?code=160190
현대바이오,KOSDAQ,6700.0,646587332400,-30.77,6.27,-235.0,1153.0,0.27103,520398890.0,-5538393300.0,-11559025750.0,,42.91369,화장품,21500.0,4565.0,0.0653420302,96505572,048410,1462829.0,1337004.55,1.0941092160082775,9307030741.5,-30.927835051546392,-56.0655737704918,7.522764974883593,-20.38161318300087,-1064.2592454415112,27.102999999999998,-68.83720930232558,https://finance.naver.com/item/main.naver?code=048410
금양,KOSPI,9900.0,633275240400,-9.24,1.38,-1071.0,7186.0,1.73047,17364980930.0,-7939945900.0,-19439242690.0,,-32.42902,화학,9900.0,9900.0,0.0441168001,63967196,001570,,,,,,,,-14.903979961035347,-45.72389645578493,173.047,0.0,https://finance.naver.com/item/main.naver?code=001570
인텍플러스,KOSDAQ,48850.0,632977685300,-181.11,12.99,-270.0,3765.0,1.83294,8960989870.0,-5117444750.0,-6094354380.0,,33.00285,반도체와반도체장비,54100.0,10960.0,0.0,12957578,064290,326615.0,354182.9,0.922164791129103,13170173116.25,16.448152562574503,217.62028608582574,1.941152438471761,-7.171314741035857,-57.10802962887402,183.294,-9.704251386321626,https://finance.naver.com/item/main.naver?code=064290
피노,KOSDAQ,7600.0,633246341200,-57.78,5.39,-135.0,1447.0,0.18342,104407384320.0,2323925300.0,-1740380860.0,,-80.94163,전기제품,19150.0,3445.0,0.3902771309,83321887,033790,1179767.0,2523152.55,0.46757656408844567,20402599088.0,-14.414414414414411,35.23131672597866,2.145780285857072,-9.32964754664824,2.225824653242304,18.342,-60.313315926892955,https://finance.naver.com/item/main.naver?code=033790
루닛,KOSDAQ,8490.0,632149948200,-11.13,3.85,-762.0,2202.0,0.64416,21813709920.0,-15368887350.0,-23557162140.0,,560.23548,건강관리기술,24550.0,8200.0,0.1006934228,74458180,328130,365824.0,399918.25,0.9147469514081941,3670951437.5,-42.28416043507818,-76.48199445983379,1.3145086527058967,-34.60490463215259,-70.45517432093918,64.416,-65.41751527494908,https://finance.naver.com/item/main.naver?code=328130
동원시스템즈,KOSPI,21400.0,620413434800,11.8,0.73,1834.0,29468.0,0.71912,402189492880.0,31383311600.0,19869773830.0,,17.48769,포장재,30700.0,17520.0,0.1380959628,28991282,014820,47280.0,43984.15,1.0749326746111951,952443902.5,-0.2331002331002363,-12.83095723014257,1.0749326746111951,6.223700285054975,7.803115734145679,71.91199999999999,-30.293159609120522,https://finance.naver.com/item/main.naver?code=014820
JW중외제약,KOSPI,26600.0,619405738000,10.56,1.75,2534.0,15290.0,0.60975,222020100170.0,33339146160.0,27891601210.0,,46.08491,제약,39250.0,20700.0,0.0740384,23285930,001060,19783.0,85174.65,0.23226394238191764,2371026563.75,-4.659498207885305,-17.647058823529417,0.8186473322755069,16.5729234793983,15.016273812358582,60.975,-32.22929936305733,https://finance.naver.com/item/main.naver?code=001060
솔루엠,KOSPI,12890.0,616351282040,45.66,1.28,281.0,9997.0,1.51509,491846718660.0,21825989790.0,5393351980.0,,253.27647,전자장비와기기,24350.0,11520.0,0.1899148022,47816236,248070,62190.0,96631.9,0.6435762931288737,1278070733.25,-31.179925253603848,-25.791594703511798,1.1296994056828025,2.810843252975893,4.437559296819809,151.50900000000001,-47.063655030800824,https://finance.naver.com/item/main.naver?code=248070
현대그린푸드,KOSPI,18840.0,611764699080,6.96,0.82,2654.0,22431.0,0.36388,594973411000.0,38127340000.0,30574126000.0,,33.27747,식품,19950.0,14650.0,0.1580278475,32471587,453340,25947.0,31175.0,0.8323015236567762,576719576.75,7.718696397941671,19.240506329113916,0.8323015236567762,11.831839864473274,6.408242670192197,36.388,-5.563909774436093,https://finance.naver.com/item/main.naver?code=453340
미원상사,KOSPI,135500.0,609750000000,14.08,1.45,9449.0,91715.0,0.20439,130051444920.0,20307360800.0,18692204910.0,,-32.42902,화학,161900.0,109100.0,0.0290695556,4500000,002840,3760.0,4752.25,0.7912041664474723,612232860.0,10.702614379084974,-4.644616467276563,1.2366773633542005,10.302567737011394,15.614867495314561,20.439,-16.30636195182211,https://finance.naver.com/item/main.naver?code=002840
전진건설로봇,KOSPI,41100.0,599753599500,19.34,3.92,2172.0,10701.0,0.42007,47254266110.0,9608408670.0,9528508440.0,,190.12516,기계,74350.0,25600.0,0.0004910041,14592545,079900,49010.0,192649.1,0.2544003579565126,7906994713.75,-29.743589743589748,-22.45283018867924,1.7139711527331298,20.297168488926268,20.33342057970647,42.007,-44.72091459314055,https://finance.naver.com/item/main.naver?code=079900
솔루스첨단소재,KOSPI,8510.0,597506655980,-10.27,1.0,-736.0,7584.0,1.16121,101870141990.0,-21675841070.0,59273096010.0,,253.27647,전자장비와기기,16900.0,5330.0,0.0289744255,70212298,336370,1236304.0,82720.45,14.945566664591404,627319483.0,-23.813786929274837,1.5513126491646823,14.945566664591404,-9.70464135021097,-21.27791386815559,116.12100000000001,-49.64497041420118,https://finance.naver.com/item/main.naver?code=336370
에이치브이엠,KOSDAQ,48200.0,593419891200,47.45,6.64,1060.0,7571.0,1.09639,29152193590.0,2011205120.0,-8998967850.0,,30.01711,비철금속,144000.0,21950.0,0.0458695268,12311616,295310,76952.0,89869.25,0.8562661867101372,4380019400.0,-41.00367197062423,-38.98734177215189,1.6292558355611069,14.000792497688549,6.89898382360461,109.639,-66.52777777777779,https://finance.naver.com/item/main.naver?code=295310
이엔에프테크놀로지,KOSDAQ,41350.0,590802018600,12.12,1.41,3635.0,31327.0,0.60771,179010795050.0,27254732720.0,15387720440.0,,33.00285,반도체와반도체장비,65000.0,33300.0,0.2286344832,14287836,102710,161655.0,71231.0,2.26944729120748,3260640046.25,-22.710280373831772,-30.269814502529513,2.26944729120748,11.60340919973186,15.225189471052516,60.771,-36.38461538461538,https://finance.naver.com/item/main.naver?code=102710
세진중공업,KOSPI,10390.0,590665847840,11.65,2.58,891.0,4019.0,1.04641,93498436620.0,20367628830.0,20623415280.0,,21.13778,조선,25850.0,8500.0,0.0252189045,56849456,075580,90494.0,131609.8,0.6875931731527593,1402483278.75,-36.646341463414636,-35.70544554455446,0.7785362488203766,22.16969395371983,21.78392448718572,104.641,-59.80657640232108,https://finance.naver.com/item/main.naver?code=075580
자화전자,KOSPI,27150.0,586589379300,12.5,1.32,2284.0,21665.0,0.67795,235193567600.0,22449691440.0,17462465570.0,,-335.21939,통신장비,60000.0,16600.0,0.1267673392,21605502,033240,145421.0,123068.0,1.181631293268762,3673249412.5,-21.531791907514453,-32.04005006257822,1.181631293268762,10.542349411493191,9.545197884910182,67.795,-54.75,https://finance.naver.com/item/main.naver?code=033240
LX세미콘,KOSPI,35950.0,584701585000,7.34,0.54,5081.0,69207.0,0.27208,401152905700.0,22006367300.0,17887139690.0,,16.1175,디스플레이장비및부품,67300.0,29500.0,0.3192330442,16264300,108320,130956.0,127673.5,1.025710112121936,4711191983.75,-26.93089430894309,-31.783681214421257,4.5327338876117595,7.341742887280188,5.485780356395409,27.208,-46.582466567607725,https://finance.naver.com/item/main.naver?code=108320
NHN KCP,KOSDAQ,14490.0,581927253390,12.37,1.89,1195.0,7810.0,1.18032,383375286300.0,15440751570.0,12973130870.0,,32.68044,IT서비스,25500.0,10900.0,0.1004839543,40160611,060250,193898.0,593789.7,0.3265432189207728,9011369540.75,-6.395348837209303,-28.44444444444445,0.5282408906722363,15.30089628681178,4.027581360035101,118.03200000000001,-43.1764705882353,https://finance.naver.com/item/main.naver?code=060250
나노신소재,KOSDAQ,47250.0,579388524750,362.5,2.39,136.0,20643.0,0.47852,36547748440.0,5339739830.0,6048713930.0,,-32.42902,화학,95300.0,33200.0,0.0614882773,12262191,121600,161302.0,43308.95,3.7244495652746146,2112754106.25,-21.900826446280995,-31.222707423580786,3.7244495652746146,0.6588189701109335,14.610311326746125,47.852,-50.419727177334735,https://finance.naver.com/item/main.naver?code=121600
가비아,KOSDAQ,43050.0,577760446200,34.46,3.13,1232.0,13565.0,0.68073,88761097960.0,12477291590.0,8716451850.0,,32.68044,IT서비스,47900.0,24900.0,0.342003731,13420684,079940,16947.0,20140.65,0.8414326250642357,889787851.25,37.32057416267942,43.979933110367895,1.1719582039308563,9.082196830077404,14.057162289298025,68.073,-10.125260960334026,https://finance.naver.com/item/main.naver?code=079940
한국단자,KOSPI,56700.0,573520500000,5.32,0.48,10428.0,114828.0,0.38091,395077399000.0,17838281000.0,25210175000.0,,10.13834,자동차부품,94000.0,53900.0,0.2808088977,10115000,025540,19478.0,29714.95,0.6554949612905289,1687301455.0,-26.932989690721655,-19.8019801980198,0.8758217664845473,9.081408715644269,4.515135779761474,38.091,-39.68085106382979,https://finance.naver.com/item/main.naver?code=025540
동운아나텍,KOSDAQ,27400.0,572932246400,529.81,8.05,52.0,3424.0,0.5289,26113542080.0,-5069646830.0,19334900320.0,,33.00285,반도체와반도체장비,56400.0,16280.0,0.0264708127,20909936,094170,54877.0,105335.55,0.5209732136966105,3262020391.25,-27.127659574468087,-1.6157989228007152,2.0684469773025347,1.5186915887850467,-19.413861261980127,52.89,-51.41843971631206,https://finance.naver.com/item/main.naver?code=094170
에프에스티,KOSDAQ,26350.0,570471940150,-43.34,2.24,-608.0,11763.0,1.11633,89302520310.0,9622218030.0,6999938380.0,,33.00285,반도체와반도체장비,51000.0,15000.0,0.0753652149,21649789,036810,98616.0,170273.65,0.5791618374305126,4410840801.25,-18.672839506172846,-33.291139240506325,0.6387071634395575,-5.168749468672957,10.77485606968084,111.63300000000001,-48.33333333333333,https://finance.naver.com/item/main.naver?code=036810
넥센타이어,KOSPI,5800.0,566473686600,4.0,0.29,1469.0,19967.0,1.31441,891293882270.0,34334021880.0,216140460.0,,10.13834,자동차부품,10110.0,5580.0,0.107618639,97667877,002350,110242.0,127530.2,0.8644383840062981,772784170.75,-21.515561569688767,-22.97476759628154,5.0027679718215765,7.3571392798116895,3.8521550033032965,131.441,-42.631058358061324,https://finance.naver.com/item/main.naver?code=002350
GKL,KOSPI,9220.0,570309277400,12.12,1.29,761.0,7137.0,0.40095,120451186020.0,20834975560.0,18014742930.0,,15.31862,"호텔,레스토랑,레저",17700.0,8990.0,0.1185671095,61855670,114090,85314.0,107784.4,0.7915245619959846,1008297750.0,-21.06164383561644,-25.10154346060114,1.2098225717265207,10.662743449628694,17.297443261821027,40.095,-47.90960451977401,https://finance.naver.com/item/main.naver?code=114090
KG스틸,KOSPI,5590.0,559049734230,4.05,0.27,1394.0,21234.0,0.63214,896376295810.0,43109837880.0,93398852820.0,,44.69235,철강,7900.0,4825.0,0.059592628,100008897,016380,221577.0,201770.95,1.0981610583684123,1115811968.5,-4.444444444444439,0.35906642728904536,1.2636060840274579,6.564943015917867,4.8093460393265195,63.214000000000006,-29.240506329113924,https://finance.naver.com/item/main.naver?code=016380
프로텍,KOSDAQ,62000.0,558000000000,11.88,1.62,5293.0,38739.0,0.23721,77314344470.0,23097012500.0,34943233830.0,,33.00285,반도체와반도체장비,101900.0,29000.0,0.0679438889,9000000,053610,8141.0,27102.15,0.3003820730089679,1709224147.5,-27.144535840188013,4.906937394247035,1.4730565656230223,13.663233434007074,29.87416197903902,23.721,-39.15603532875368,https://finance.naver.com/item/main.naver?code=053610
SK증권,KOSPI,2405.0,556264679425,17.83,0.85,138.0,2887.0,11.9167,1010726000000.0,22548000000.0,33501000000.0,,8.19324,증권,6190.0,1273.366,0.0207089096,231295085,001510,1670743.0,9522243.3,0.1754568694962877,27149403110.45,-23.892405063291143,24.54686690833765,0.6798396970176135,4.780048493245584,2.230871670462618,1191.67,-61.14701130856219,https://finance.naver.com/item/main.naver?code=001510
지아이이노베이션,KOSDAQ,8540.0,550966691240,-13.66,4.52,-604.0,1824.0,0.09202,,-14384745240.0,-14253166320.0,,-69.92914,생물공학,21000.0,6470.0,0.0890813669,64516006,358570,341657.0,396205.95,0.8623217293935136,3250815116.5,-36.02996254681648,-43.815789473684205,1.0579144508051936,-33.114035087719294,,9.202,-59.33333333333333,https://finance.naver.com/item/main.naver?code=358570
PI첨단소재,KOSPI,18750.0,550618537500,18.74,1.6,1035.0,12094.0,0.2924,77501049490.0,22983465580.0,17471381660.0,,-32.42902,화학,32150.0,14880.0,0.1459453792,29366322,178920,27796.0,33234.85,0.8363509990266242,641445091.0,-19.700214132762316,-2.088772845953002,1.0279270103520852,8.557962626095584,29.655683027835085,29.24,-41.679626749611195,https://finance.naver.com/item/main.naver?code=178920
금호건설,KOSPI,14710.0,548094217540,8.52,2.2,1765.0,6840.0,4.05512,511651231360.0,16540377110.0,13582221570.0,,39.04177,건설,19380.0,3200.0,0.0,37259974,002990,1714099.0,12040934.5,0.14235597743680112,194147050032.75,237.7726750861079,217.71058315334773,0.488565982980806,25.804093567251464,3.232744513491089,405.51199999999994,-24.097007223942214,https://finance.naver.com/item/main.naver?code=002990
지투지바이오,KOSDAQ,33000.0,548771058000,-39.68,9.63,-862.0,3553.0,0.69077,1602828350.0,-2701811410.0,-5709782720.0,,46.08491,제약,124000.0,22400.0,0.0599055554,16629426,456160,125215.0,134360.5,0.9319331202250661,5306238075.0,-33.130699088145896,-68.08510638297872,1.4282843544047543,-24.26118772867999,-168.5652371946129,69.077,-73.38709677419355,https://finance.naver.com/item/main.naver?code=456160
DI동일,KOSPI,26450.0,547928175450,-57.36,1.07,-469.0,25027.0,1.11321,180226705070.0,3346400680.0,6149202150.0,,8.94358,"섬유,의류,신발,호화품",35715.144,14981.313,0.0474024892,20715621,001530,19311.0,47547.1,0.4061446439425328,1284485735.0,10.90146750524108,19.683257918552034,1.6861175550138705,-1.8739761058057298,1.85677293423317,111.321,-25.94177976714863,https://finance.naver.com/item/main.naver?code=001530
KG모빌리티,KOSPI,2700.0,546412262400,11.79,0.37,232.0,7336.0,1.54015,1233964507110.0,5222308100.0,14897226260.0,,7.59141,자동차,4670.0,2525.0,0.1788391982,202374912,003620,524992.0,473115.4,1.1096489355451122,1281475605.5,-16.279069767441857,-22.967189728958626,1.9966185839649269,3.162486368593239,0.4232138015242333,154.015,-42.18415417558886,https://finance.naver.com/item/main.naver?code=003620
로킷헬스케어,KOSDAQ,31300.0,544910777000,-126.13,37.84,-222.0,740.0,15.09902,8215797440.0,-13452986170.0,-9342591750.0,,-32.03035,건강관리장비와용품,153800.0,16150.0,0.0549519825,17409290,376900,340491.0,144700.9,2.3530676035878146,4159741517.5,-39.10505836575876,-59.612903225806456,2.3530676035878146,-30.0,-163.74534874121727,1509.902,-79.64889466840052,https://finance.naver.com/item/main.naver?code=376900
에스티큐브,KOSDAQ,7850.0,533668834350,-25.23,7.63,-321.0,1062.0,0.30703,1502008590.0,-6057902320.0,-5525384660.0,,-17.01316,판매업체,22500.0,6010.0,0.0573203201,67983291,052020,218980.0,117334.65,1.866285875485204,977412774.5,-28.441203281677296,-28.959276018099544,1.866285875485204,-30.225988700564972,-403.3200848738155,30.703000000000003,-65.11111111111111,https://finance.naver.com/item/main.naver?code=052020
위메이드,KOSDAQ,15650.0,531293758950,-28.26,1.29,-551.0,12033.0,1.08178,108274192350.0,-20961901130.0,3457086680.0,,17.67293,게임엔터테인먼트,34850.0,12570.0,0.0727038083,33948483,112040,99313.0,180383.15,0.550566945970286,2824337340.0,-13.8215859030837,-33.119658119658126,1.0752168370493587,-4.579074212582066,-19.360016154394337,108.178,-55.09325681492109,https://finance.naver.com/item/main.naver?code=112040
HLB이노베이션,KOSDAQ,16720.0,530919255680,-14.36,2.28,-1155.0,7280.0,0.20642,10589385980.0,-9233286200.0,-8408744730.0,,33.00285,반도체와반도체장비,29100.0,7460.0,0.0,31753544,024850,154174.0,182650.3,0.8440938777543755,2733091701.75,13.741496598639458,472.6027397260274,2.0594819718336077,-15.865384615384615,-87.19378269371573,20.642,-42.542955326460486,https://finance.naver.com/item/main.naver?code=024850
페니트리움바이오,KOSDAQ,8290.0,530280237370,-26.69,21.73,-311.0,382.0,0.48833,2115649290.0,-1858687390.0,-1510311800.0,,46.08491,제약,20884.542,2234.16,0.0129264098,63966253,187660,4624980.0,2169912.25,2.131413378582475,12288916947.3,24.66165413533834,-46.653796653796654,3.9603965552063225,-81.41361256544502,-87.85422984732976,48.833,-60.30556954516886,https://finance.naver.com/item/main.naver?code=187660
신풍제약,KOSPI,10020.0,525233590440,57.27,1.87,172.0,5267.0,0.31819,63887734790.0,-8028496490.0,-7979206790.0,,46.08491,제약,15900.0,6310.0,0.0459389336,52418522,019170,679397.0,853028.75,0.7964526400780747,8764846805.25,7.051282051282048,-9.156844968268363,0.7964526400780747,3.2656161002468194,-12.566569336649353,31.818999999999996,-36.9811320754717,https://finance.naver.com/item/main.naver?code=019170
아난티,KOSDAQ,5370.0,522506316300,-11.8,0.68,-444.0,7660.0,1.15971,55123302630.0,-5364779880.0,-9198407320.0,,15.31862,"호텔,레스토랑,레저",10480.0,3150.0,0.0434567829,97300990,025980,2253309.0,8147047.0,0.2765798454335663,43210573904.8,3.4682080924855585,-35.84229390681004,0.5115908868575325,-5.796344647519582,-9.732326664114463,115.971,-48.75954198473282,https://finance.naver.com/item/main.naver?code=025980
쏠리드,KOSDAQ,8600.0,522506192400,14.56,1.51,610.0,5886.0,0.59985,70130784810.0,3536137930.0,-187511460.0,,-335.21939,통신장비,20900.0,6220.0,0.1711827077,60756534,050890,753728.0,558635.7,1.3492299185318806,5099172766.0,-32.96960249415433,3.864734299516903,1.9271109955915815,10.36357458375807,5.042204988266122,59.985,-58.851674641148335,https://finance.naver.com/item/main.naver?code=050890
한양이엔지,KOSDAQ,29750.0,520625000000,12.02,0.8,2541.0,38303.0,0.40489,354702606140.0,28525210470.0,21874531130.0,,33.00285,반도체와반도체장비,39400.0,19060.0,0.1982281143,17500000,045100,34026.0,72467.05,0.46953753464505593,2228488756.25,-8.88208269525268,-4.49438202247191,1.7361131714344658,6.633945121792027,8.042007579369516,40.489000000000004,-24.49238578680203,https://finance.naver.com/item/main.naver?code=045100
한화갤러리아,KOSPI,2680.0,519543754800,150.59,0.61,17.0,4193.0,1.40484,150903680820.0,15135023480.0,5085497810.0,,36.5335,백화점과일반상점,4120.0,999.0,0.0163348363,193859610,452260,2054008.0,1541415.05,1.33254699958976,3430786167.45,-4.62633451957295,-7.586206896551728,2.6579985708586404,0.4054376341521584,10.029591987257929,140.484,-34.95145631067961,https://finance.naver.com/item/main.naver?code=452260
세미파이브,KOSDAQ,15240.0,518547705600,-8.02,2.44,-1979.0,6513.0,0.56543,46801507510.0,-11038068320.0,-12232124310.0,,33.00285,반도체와반도체장비,51300.0,12630.0,0.0507844131,34025440,490470,344440.0,450617.95,0.7643725688246551,7225434348.75,-43.24022346368716,-37.41273100616016,8.857900578527774,-30.38538307999386,-23.58485635882886,56.543,-70.29239766081872,https://finance.naver.com/item/main.naver?code=490470
인카금융서비스,KOSDAQ,10490.0,516775761930,7.14,2.41,1480.0,4391.0,3.57111,338806116000.0,32329191000.0,21998071000.0,,8.92597,손해보험,17330.0,8100.0,0.0248695098,49263657,211050,60591.0,75814.5,0.7992006806085907,814842717.5,3.758654797230454,-23.43065693430657,1.1926214642317763,33.705306308358004,9.542091914302988,357.111,-39.469128678592035,https://finance.naver.com/item/main.naver?code=211050
부국증권,KOSPI,50000.0,518494300000,9.73,0.53,5109.0,93587.0,7.70459,583134951810.0,24450365170.0,24392309200.0,,8.19324,증권,104600.0,44800.0,0.0128742013,10369886,001270,3701.0,6225.8,0.594461755918918,317494970.0,-21.75273865414711,-36.54822335025381,7.856982235214751,5.459091540491735,4.192917110200341,770.459,-52.198852772466545,https://finance.naver.com/item/main.naver?code=001270
네패스,KOSDAQ,22400.0,516526124800,32.41,4.35,719.0,5360.0,1.77757,153704779820.0,14594820420.0,18272718840.0,,33.00285,반도체와반도체장비,41150.0,11400.0,0.1130468435,23059202,033640,86243.0,163560.4,0.5272853331246439,3430466104.5,-40.74074074074075,29.629629629629626,0.914041540617411,13.414179104477611,9.495358854221479,177.757,-45.565006075334146,https://finance.naver.com/item/main.naver?code=033640
쿠쿠홈시스,KOSPI,23000.0,516058590000,4.36,0.48,5330.0,48373.0,0.23288,318271750680.0,54024014770.0,42770892680.0,,11.65576,가정용기기와용품,27950.0,20150.0,0.0956106631,22437330,284740,4107.0,15238.6,0.2695129473836179,349050040.0,3.370786516853941,-4.56431535269709,0.6710590211699238,11.018543402311206,16.974178404013422,23.288,-17.710196779964228,https://finance.naver.com/item/main.naver?code=284740
하나투어,KOSPI,33250.0,515040239000,16.08,3.38,2062.0,9807.0,2.5637,115435401980.0,5440143060.0,6947813450.0,,15.31862,"호텔,레스토랑,레저",53400.0,28600.0,0.1146622206,15489932,039130,29250.0,31456.35,0.9298599487861752,1027297867.5,-12.269129287598945,-20.738974970202616,2.401804405151901,21.02579789945957,4.712716347574675,256.37,-37.734082397003746,https://finance.naver.com/item/main.naver?code=039130
동국제강,KOSPI,10320.0,511954735440,62.17,0.27,166.0,38029.0,1.26785,995514578460.0,45563446840.0,11645015990.0,,44.69235,철강,17710.0,7760.0,0.2664199216,49608017,460860,102213.0,179654.55,0.568941894318847,1829677200.5,2.279484638255691,10.729613733905573,0.9399427957711063,0.4365089799889558,4.576873892744379,126.785,-41.72783738001129,https://finance.naver.com/item/main.naver?code=460860
애경케미칼,KOSPI,10410.0,506433060690,-173.93,0.72,-61.0,14790.0,1.11819,503302782000.0,42845427000.0,16155636000.0,,-32.42902,화학,19960.0,7000.0,0.0007935257,48648709,161000,72215.0,311588.1,0.23176430678835297,3280855954.75,-3.878116343490301,1.4619883040935644,0.7872091392450482,-0.4124408384043272,8.512853203342715,111.819,-47.84569138276553,https://finance.naver.com/item/main.naver?code=161000
메디톡스,KOSDAQ,69600.0,507975391200,29.27,1.07,2371.0,64588.0,0.50751,68702321980.0,4764632330.0,3127722620.0,,-69.92914,생물공학,141100.0,65600.0,0.1420040318,7298497,086900,15054.0,36532.9,0.41206693145082923,2549450325.0,-21.355932203389827,-43.368592351505285,1.0610709798565128,3.6709605499473588,6.935183837581263,50.751000000000005,-50.673281360737064,https://finance.naver.com/item/main.naver?code=086900
태영건설,KOSPI,1699.0,505605542522,8.89,0.83,191.0,2037.0,5.10139,320064703530.0,37170590680.0,-11465821050.0,,39.04177,건설,2275.0,1510.0,0.0057569661,297590078,009410,172016.0,325332.9,0.528738409180258,541436220.45,-7.46187363834423,-2.580275229357798,0.8815185921866494,9.37653411880216,11.61346136266974,510.139,-25.318681318681325,https://finance.naver.com/item/main.naver?code=009410
네오셈,KOSDAQ,11540.0,506250152560,93.89,4.22,126.0,2805.0,0.35658,36000174210.0,11417108680.0,8799651570.0,,33.00285,반도체와반도체장비,21400.0,6700.0,0.0,43869164,253590,262301.0,508602.4,0.5157289859426538,5774869179.75,-15.333822450476886,-37.31667571971754,1.4163952037977012,4.491978609625669,31.71403730826557,35.658,-46.074766355140184,https://finance.naver.com/item/main.naver?code=253590
삼지전자,KOSDAQ,30950.0,505058255900,6.19,0.96,5030.0,32565.0,1.52143,2690378225730.0,158401255460.0,113401741930.0,,-335.21939,통신장비,64500.0,11360.0,0.0549952379,16318522,037460,44941.0,70653.15,0.636079212321036,2220414298.75,-23.95577395577395,47.380952380952394,1.1390574942518488,15.446031014893292,5.887694672261921,152.143,-52.015503875968996,https://finance.naver.com/item/main.naver?code=037460
동성화인텍,KOSDAQ,16790.0,503523604260,8.99,1.94,1869.0,8649.0,0.74618,224533797660.0,35940409070.0,26571928310.0,,-32.42902,화학,33450.0,14050.0,0.1586791694,29989494,033500,58298.0,108771.4,0.5359680945542671,1890655451.5,-16.881188118811885,-32.29838709677419,1.228990341211017,21.609434616718694,16.00668115203873,74.618,-49.80568011958147,https://finance.naver.com/item/main.naver?code=033500
월덱스,KOSDAQ,30250.0,499457538250,12.53,1.48,2482.0,20992.0,0.22079,75412635610.0,16531239360.0,15049602870.0,,33.00285,반도체와반도체장비,35400.0,20700.0,0.2066991973,16510993,101160,31588.0,59603.35,0.5299702114059025,1740015440.0,2.5423728813559254,-2.8892455858748,1.0257980465863077,11.823551829268293,21.92104708485735,22.078999999999997,-14.548022598870059,https://finance.naver.com/item/main.naver?code=101160
삼천리,KOSPI,136900.0,496505771300,4.24,0.28,32566.0,491062.0,1.19641,1157298325450.0,28065612760.0,32194708110.0,,9.70026,가스유틸리티,161900.0,107600.0,0.120487419,3626777,004690,12344.0,7828.95,1.5767120750547647,1016258535.0,10.58158319870759,-0.7251631617113841,1.5767120750547647,6.631749147765455,2.42509750017024,119.64099999999999,-15.44163063619518,https://finance.naver.com/item/main.naver?code=004690
현대차증권,KOSPI,8020.0,495901012880,7.97,0.34,1009.0,23342.0,7.94166,1042300000000.0,19120000000.0,32724000000.0,,8.19324,증권,14880.0,6560.0,0.0307661062,61833044,001500,53323.0,100854.95,0.5287097956024964,806410877.5,-15.13227513227513,-29.587357330992102,2.537842713719059,4.322680147373833,1.8344046819533726,794.1659999999999,-46.102150537634415,https://finance.naver.com/item/main.naver?code=001500
서희건설,KOSDAQ,2375.0,493022773000,3.58,0.41,664.0,5846.0,0.47296,200542329430.0,36427105910.0,150188955090.0,,39.04177,건설,4000.0,1623.0,0.0393684457,207588536,035890,205168.0,331867.7,0.6182222614614197,746130160.55,-1.2474012474012475,-29.104477611940293,2.4225225895740983,11.358193636674649,18.164297788669604,47.296,-40.625,https://finance.naver.com/item/main.naver?code=035890
엠앤씨솔루션,KOSPI,17930.0,492388281000,10.9,2.55,1660.0,7090.0,0.94423,93508776250.0,12509247200.0,9896897460.0,,41.50419,우주항공과국방,76666.667,13010.0,0.073728866,27461700,484870,144070.0,184197.85,0.7821481086777071,3264827306.0,-80.9052183173589,-86.63934426229508,1.0458699707949903,23.413258110014105,13.377618338792024,94.423,-76.61304357994328,https://finance.naver.com/item/main.naver?code=484870
삼양사,KOSPI,47750.0,492467189750,-1.54,0.3,-31276.0,160164.0,1.27212,705531575520.0,43080556720.0,36713288840.0,,33.27747,식품,54000.0,40750.0,0.0527326988,10313449,145990,9091.0,7910.6,1.1492175056253633,364141760.0,9.770114942528728,1.5957446808510634,1.692033474072763,-19.527484328563222,6.106113208079768,127.21199999999999,-11.574074074074069,https://finance.naver.com/item/main.naver?code=145990
와이지-원,KOSDAQ,13220.0,491701084160,17.72,1.14,736.0,11486.0,1.97651,213294648260.0,47746853000.0,30386443870.0,,190.12516,기계,28500.0,4900.0,0.2145931432,37193728,019210,608323.0,840148.7,0.7240658707202666,13040908777.25,-34.87684729064039,40.48884165781084,0.7240658707202666,6.4078008009750995,22.385396628328888,197.651,-53.614035087719294,https://finance.naver.com/item/main.naver?code=019210
현대힘스,KOSDAQ,13720.0,487206406120,22.68,1.92,604.0,7122.0,0.26852,72768240800.0,12183282680.0,8714265380.0,,21.13778,조선,30300.0,10380.0,0.0104643756,35510671,460930,154148.0,217058.0,0.7101696320799049,3098353465.5,-8.10448760884126,-20.463768115942027,1.5471901519409559,8.480763830384722,16.74258240416333,26.851999999999997,-54.71947194719472,https://finance.naver.com/item/main.naver?code=460930
가온칩스,KOSDAQ,40950.0,485619661800,-35.63,9.37,-1239.0,4714.0,1.32786,21310472300.0,328112080.0,729241980.0,,33.00285,반도체와반도체장비,83200.0,34950.0,0.0278533894,11858844,399720,145980.0,85583.85,1.7056956423437364,3838469985.0,-25.13711151736746,-35.511811023622045,4.61252911618255,-26.2834111158252,1.5396753079001446,132.786,-50.78125,https://finance.naver.com/item/main.naver?code=399720
바이오노트,KOSPI,4760.0,484977588480,-5.51,0.32,-865.0,15047.0,0.04095,36367636560.0,8457087990.0,9072183450.0,,-32.03035,건강관리장비와용품,6300.0,4050.0,0.0055646677,101886048,377740,14798.0,57829.7,0.25588927488816304,277173743.05,0.21052631578948322,-12.82051282051282,0.7900265780386203,-5.7486542167874,23.254433859201544,4.095,-24.444444444444446,https://finance.naver.com/item/main.naver?code=377740
아이센스,KOSDAQ,16550.0,484940023600,-88.82,1.45,-187.0,11419.0,0.64609,88674090940.0,6607677160.0,3969941330.0,,-32.03035,건강관리장비와용품,27600.0,14000.0,0.2480582913,29301512,099190,14209.0,44079.05,0.3223526822833069,778463310.75,-3.3858727378867526,-25.1131221719457,2.52877500762834,-1.6376215080129608,7.451643529642707,64.60900000000001,-40.03623188405797,https://finance.naver.com/item/main.naver?code=099190
일동제약,KOSPI,15320.0,484698020640,16.48,1.98,942.0,7821.0,1.24604,147860721010.0,1980086310.0,5102288430.0,,46.08491,제약,45050.0,11250.0,0.0511836431,31638252,249420,212852.0,599480.25,0.35506090484215286,9433472772.0,-22.782258064516125,-53.78582202111614,1.469636405869918,12.044495588799386,1.3391564010201764,124.604,-65.99334073251943,https://finance.naver.com/item/main.naver?code=249420
에코프로에이치엔,KOSDAQ,23100.0,484520929200,36.93,1.6,631.0,14535.0,0.46928,51527505750.0,5762214320.0,5072378450.0,,15.3479,상업서비스와공급품,46900.0,20000.0,0.0811809068,20974932,383310,141567.0,151530.9,0.9342450945648709,3669758770.0,-30.000000000000004,-35.20336605890603,0.9342450945648709,4.34124527003784,11.182793027003834,46.928,-50.74626865671642,https://finance.naver.com/item/main.naver?code=383310
엔켐,KOSDAQ,22000.0,482041868000,-7.4,1.08,-3154.0,21543.0,1.37562,102320994520.0,-11950418670.0,-27757910630.0,,-80.94163,전기제품,105000.0,14020.0,0.0260783696,21910994,348370,197711.0,307212.75,0.6435637843806938,6498310371.0,-38.37535014005602,-65.625,0.7185867123027935,-14.64048646892262,-11.67934178714822,137.562,-79.04761904761905,https://finance.naver.com/item/main.naver?code=348370
성우하이텍,KOSDAQ,6020.0,481600000000,2.95,0.29,2110.0,21208.0,1.47204,1126339978030.0,65055337050.0,16133391190.0,,10.13834,자동차부품,11990.0,4880.0,0.065632925,80000000,015750,199119.0,219581.85,0.9068099207653091,1327408401.25,-15.44943820224719,-26.04422604422605,2.2863000744369355,9.949075820445115,5.77581709953895,147.204,-49.79149291075896,https://finance.naver.com/item/main.naver?code=015750
비나텍,KOSDAQ,66800.0,479651655200,-71.38,5.62,-933.0,11841.0,1.94717,35384414520.0,497894840.0,-38637148640.0,,55.63885,전기장비,204500.0,43142.21,0.1150213623,7180414,126340,49460.0,86392.8,0.5725014121547166,5772873115.0,-46.17244157937147,-50.37147102526003,2.152621514755859,-7.879402077527235,1.4071021006114983,194.717,-67.33496332518337,https://finance.naver.com/item/main.naver?code=126340
스카이랩스,KOSDAQ,25550.0,479368512350,-2.44,17.1,-10684.0,1526.0,,,,,,560.23548,건강관리기술,39350.0,8200.0,0.0032339875,18761977,386380,,,,,,,,-700.1310615989514,,,-35.06988564167726,https://finance.naver.com/item/main.naver?code=386380
에이프릴바이오,KOSDAQ,17130.0,472081935660,-40.21,4.16,-429.0,4150.0,0.01506,,-2915112840.0,-1985455620.0,,46.08491,제약,76700.0,16600.0,0.1000815276,27558782,397030,103568.0,289979.75,0.35715597382231,5854003383.25,-63.16129032258064,-74.2406015037594,0.5790680211290616,-10.337349397590362,,1.506,-77.66623207301173,https://finance.naver.com/item/main.naver?code=397030
성일하이텍,KOSDAQ,36450.0,470974641750,-5.82,3.57,-6364.0,10382.0,3.0814,76814493290.0,6330532520.0,9298405090.0,,-80.94163,전기제품,85500.0,23800.0,0.0301602455,12921115,365340,19977.0,43617.85,0.4580005662819236,1592588962.5,-30.30592734225621,-37.1551724137931,0.8456629567940649,-61.29840107879021,8.24132562601195,308.14,-57.36842105263158,https://finance.naver.com/item/main.naver?code=365340
한국기업평가,KOSDAQ,103700.0,470851301800,18.37,3.5,5656.0,29647.0,0.37152,42983101350.0,20867118650.0,16628608770.0,,15.3479,상업서비스와공급품,115000.0,92400.0,0.8084390886,4540514,034950,530.0,905.9,0.5850535379180926,93382087.5,2.9791459781529195,2.4703557312252933,1.4504912241969312,19.07781563058657,48.547261585627766,37.152,-9.82608695652174,https://finance.naver.com/item/main.naver?code=034950
한솔테크닉스,KOSPI,8850.0,470110380450,-21.12,0.96,-412.0,9050.0,1.16071,335110968130.0,14233351620.0,10675506830.0,,253.27647,전자장비와기기,16430.0,4229.091,0.0587014447,53119817,004710,662380.0,847637.2,0.7814428153931895,6830920929.0,-42.307692307692314,53.91304347826087,1.4508365135461256,-4.552486187845304,4.24735474921204,116.071,-46.13511868533171,https://finance.naver.com/item/main.naver?code=004710
아이에스동서,KOSPI,15770.0,468758014360,-8.58,0.37,-1810.0,41857.0,1.14339,113793757500.0,5098559700.0,6167495380.0,,39.04177,건설,34450.0,14320.0,0.0726308196,29724668,010780,53660.0,163182.4,0.3288344821500358,2587619597.5,-37.66798418972333,-45.620689655172406,0.7042119738403161,-4.324246840432902,4.480526710790792,114.33899999999998,-54.22351233671988,https://finance.naver.com/item/main.naver?code=010780
유진로봇,KOSDAQ,12230.0,467619993780,-65.86,15.99,-186.0,766.0,0.53985,8203314920.0,-2954307100.0,-2899773090.0,,190.12516,기계,49450.0,9250.0,0.2004542325,38235486,056080,174695.0,299642.8,0.5830108382380621,3830627112.5,-36.599274235355104,-61.90031152647975,1.6558849403356264,-24.281984334203656,-36.013576570092226,53.98500000000001,-75.26794742163801,https://finance.naver.com/item/main.naver?code=056080
천보,KOSDAQ,38150.0,467452903750,-7.0,1.1,-5752.0,36443.0,0.88198,51002936720.0,-3812961740.0,-2807709910.0,,-80.94163,전기제품,80600.0,25900.0,0.0418368525,12253025,278280,44990.0,33650.4,1.336982621306136,1311298897.5,-11.382113821138207,-22.929292929292934,1.336982621306136,-15.78355239689378,-7.475965082035771,88.198,-52.66749379652605,https://finance.naver.com/item/main.naver?code=278280
고려제강,KOSPI,17230.0,465210000000,48.4,0.26,356.0,67342.0,0.38861,483129826870.0,5338049300.0,26734280270.0,,44.69235,철강,28300.0,15300.0,0.0679472963,27000000,002240,7594.0,17554.55,0.43259439860321114,300125422.5,-12.935826174835775,-17.952380952380953,2.1731687796041483,0.5286448278934395,1.104889204333136,38.861000000000004,-39.116607773851584,https://finance.naver.com/item/main.naver?code=002240
마이크로컨텍솔,KOSDAQ,55800.0,463852342800,25.11,5.21,2031.0,9781.0,0.26706,41896605610.0,13904493270.0,11471038720.0,,33.00285,반도체와반도체장비,56500.0,15500.0,0.1577325766,8312766,098120,296218.0,243537.0,1.2163162065723072,9752809501.25,88.51351351351352,80.0,1.2163162065723072,20.76474798077906,33.18763672511273,26.706000000000003,-1.2389380530973493,https://finance.naver.com/item/main.naver?code=098120
엑스게이트,KOSDAQ,16060.0,458408481520,90.88,7.3,136.0,1692.0,0.40595,12091873230.0,373332340.0,581291010.0,,162.84747,소프트웨어,30550.0,6100.0,0.0238813807,28543492,356680,14325635.0,903155.5,15.861759132286744,11162853289.75,-13.095238095238093,134.11078717201167,15.861759132286744,8.037825059101655,3.0874648857032385,40.595,-47.43044189852701,https://finance.naver.com/item/main.naver?code=356680
광전자,KOSPI,7900.0,457755727700,94.71,1.68,85.0,4784.0,0.08436,36825118540.0,1302341750.0,2606483150.0,,253.27647,전자장비와기기,22450.0,1760.0,0.179455121,57943763,017900,4175060.0,2470952.05,1.6896564221066128,20513305667.75,-22.8515625,308.2687338501292,5.8429648604472115,1.7767558528428091,3.536558201667095,8.436,-64.81069042316258,https://finance.naver.com/item/main.naver?code=017900
원텍,KOSDAQ,5120.0,457116907520,12.37,2.78,393.0,1749.0,0.61117,47493484530.0,11088331790.0,15446428880.0,,-32.03035,건강관리장비와용품,11430.0,4130.0,0.0347398584,89280646,336570,532607.0,483804.2,1.1008730391344266,2401841509.55,-22.541603630862326,-29.76680384087792,1.1008730391344266,22.46998284734134,23.34705886445515,61.117,-55.205599300087485,https://finance.naver.com/item/main.naver?code=336570
덕산하이메탈,KOSDAQ,10030.0,455733130060,-4.45,2.29,-2333.0,4544.0,0.99162,90753036170.0,10078195950.0,12438888740.0,,33.00285,반도체와반도체장비,21100.0,4745.0,0.0529651142,45437002,077360,579433.0,849202.85,0.6823257835274575,8564260867.75,-29.95810055865922,-15.358649789029533,1.9407895298514366,-51.342429577464785,11.105078546486716,99.16199999999999,-52.46445497630332,https://finance.naver.com/item/main.naver?code=077360
NICE,KOSPI,12410.0,456156318370,11.68,0.58,1079.0,21761.0,1.70692,802368727420.0,74856224570.0,-14552091320.0,,32.68044,IT서비스,15430.0,10660.0,0.089356938,36757157,034310,9025.0,50470.35,0.17881786038733632,663066792.75,2.7317880794701876,-7.86933927245731,0.6866803975007109,4.9584118376912825,9.329404550785354,170.692,-19.57226182760855,https://finance.naver.com/item/main.naver?code=034310
젬백스,KOSDAQ,10280.0,455087406840,-37.49,7.63,-275.0,1351.0,1.20665,22705381330.0,997171660.0,-9865224650.0,,33.00285,반도체와반도체장비,61000.0,8980.0,0.0692454752,44269203,082270,98431.0,184479.0,0.5335620856574461,2016476487.5,-28.16212438853948,-76.39494833524685,0.8789835157389188,-20.355292376017765,4.391785566192911,120.665,-83.14754098360656,https://finance.naver.com/item/main.naver?code=082270
아세아,KOSPI,221000.0,455006292000,12.1,0.31,18725.0,722172.0,0.61333,508745051000.0,36403767000.0,25661370000.0,,7.71583,건축자재,402000.0,157800.0,0.0535463452,2058852,002030,3027.0,4614.95,0.6559117650245399,890336242.5,13.624678663239065,-22.319859402460462,0.9293708490882892,2.5928726120647156,7.155601205052312,61.333000000000006,-45.024875621890544,https://finance.naver.com/item/main.naver?code=002030
대덕,KOSPI,14540.0,454914404920,141.75,0.82,103.0,17702.0,0.32226,481519040900.0,67413498950.0,58252050800.0,,253.27647,전자장비와기기,24350.0,8300.0,0.1535403827,31287098,008060,46167.0,74536.95,0.6193840772932083,1154272420.5,-32.05607476635514,22.390572390572384,1.28210236667854,0.5818551576093097,14.00017304071682,32.226,-40.28747433264888,https://finance.naver.com/item/main.naver?code=008060
조광피혁,KOSPI,68100.0,452806297800,20.17,0.4,3248.0,162644.0,0.15358,21301429930.0,-1445886840.0,587452110.0,,8.94358,"섬유,의류,신발,호화품",84300.0,57600.0,0.0060493556,6649138,004700,2922.0,747.35,3.9098146785308088,48193782.5,8.095238095238088,7.244094488188968,3.9098146785308088,1.9969995819089548,-6.787745445969692,15.357999999999999,-19.217081850533813,https://finance.naver.com/item/main.naver?code=004700
흥아해운,KOSPI,1878.0,451517960322,14.97,1.79,127.0,1062.0,0.70802,49963892320.0,3141141300.0,2171035810.0,,10.15986,해운사,4795.0,1524.0,0.024433659,240424899,003280,23896414.0,12622221.05,1.893201989201417,23747600004.2,0.9134873723804393,-26.35294117647059,7.860407657810746,11.958568738229754,6.2868226516104215,70.80199999999999,-60.83420229405632,https://finance.naver.com/item/main.naver?code=003280
티앤엘,KOSDAQ,27800.0,446749336000,11.73,2.21,2391.0,12698.0,0.12938,56017242490.0,24958923590.0,19948377450.0,,-32.03035,건강관리장비와용품,35800.0,21812.805,0.1331054155,16070120,340570,47561.0,88590.9,0.5368610094264761,2705537505.0,-51.652173913043484,-44.950495049504944,1.1568795440615234,18.82973696645141,44.55578761210101,12.937999999999999,-22.3463687150838,https://finance.naver.com/item/main.naver?code=340570
뉴로메카,KOSDAQ,19020.0,445228224480,-14.79,23.93,-1244.0,769.0,1.48097,2822194670.0,-5266954960.0,-4579129890.0,,190.12516,기계,88302.605,14700.0,0.0546688662,23408424,348340,696082.0,396392.25,1.7560434140677574,7869044556.0,-62.26190476190476,-74.53815261044177,1.7560434140677574,-161.76853055916774,-186.6262103032035,148.09699999999998,-78.4604316033485,https://finance.naver.com/item/main.naver?code=348340
오킨스전자,KOSDAQ,21100.0,445019150500,48.23,8.16,424.0,2506.0,0.795,35083034140.0,8394249820.0,8810271020.0,,33.00285,반도체와반도체장비,27500.0,7340.0,0.0786726822,21090955,080580,237399.0,413133.15,0.5746307213546044,7628775203.75,12.35356762513311,23.247663551401864,0.770378750773207,16.919393455706306,23.926806861979127,79.5,-23.272727272727277,https://finance.naver.com/item/main.naver?code=080580
우리기술투자,KOSDAQ,5560.0,443688000000,4.04,0.57,1420.0,9971.0,0.21217,85401278590.0,75773788100.0,60451358120.0,,14.56477,창업투자,13140.0,3725.0,0.0024440852,79800000,041190,876275.0,7274901.35,0.12045180516434083,46178934561.8,-4.302925989672978,-19.884726224783865,0.2924742065402715,14.241299769331059,88.72676071254122,21.217,-57.68645357686454,https://finance.naver.com/item/main.naver?code=041190
세아제강지주,KOSPI,107100.0,443571464700,6.8,0.21,15656.0,510476.0,1.44088,1166898744310.0,-50795879560.0,-74622910590.0,,44.69235,철강,260000.0,94200.0,0.085399153,4141657,003030,17547.0,20106.7,0.8726941765680096,2068310375.0,-24.577464788732396,-18.056618209640398,1.267885829101742,3.066941442888598,-4.353066605623623,144.088,-58.80769230769231,https://finance.naver.com/item/main.naver?code=003030
한전산업,KOSPI,13570.0,442382000000,105.68,4.17,125.0,3167.0,1.17041,124664357570.0,15923944470.0,11783967530.0,,3.345,전기유틸리티,27800.0,8810.0,0.0253047239,32600000,130660,2292954.0,960728.3,2.386683102808567,12869264742.0,-2.7240143369175573,-35.68720379146919,4.519556673827553,3.9469529523208084,12.77345408133883,117.041,-51.18705035971223,https://finance.naver.com/item/main.naver?code=130660
케이씨,KOSPI,39900.0,439719346500,10.43,0.53,3947.0,77202.0,0.22074,250415628920.0,22174308420.0,25460061230.0,,33.00285,반도체와반도체장비,43000.0,22850.0,0.1423600578,11020535,029460,19590.0,34179.3,0.5731539264993724,1282468531.25,19.640179910044985,23.720930232558146,2.496657333532284,5.112561850729256,8.855001788679893,22.073999999999998,-7.20930232558139,https://finance.naver.com/item/main.naver?code=029460
자이에스앤디,KOSPI,11330.0,439405951600,11.17,0.85,895.0,11817.0,0.79968,303336739840.0,9035841110.0,9852411010.0,,39.04177,건설,11920.0,3050.0,0.0610897899,38782520,317400,1848919.0,1555342.8,1.1887533732113589,16083801206.5,207.46268656716418,158.9714285714286,1.521614399089384,7.573834306507574,2.978815264766841,79.96799999999999,-4.949664429530198,https://finance.naver.com/item/main.naver?code=317400
아이쓰리시스템,KOSDAQ,60000.0,438432900000,22.85,3.17,2657.0,19122.0,0.39699,39475966070.0,4759291460.0,3830778130.0,,41.50419,우주항공과국방,137900.0,49250.0,0.042802901,7307215,214430,11918.0,19362.35,0.6155244585497112,1213548862.5,-19.137466307277627,-42.08494208494209,0.9259723122451563,13.894990063800858,12.056174766085972,39.699,-56.49021029731689,https://finance.naver.com/item/main.naver?code=214430
코세스,KOSDAQ,26350.0,437013748700,31.8,5.67,827.0,4635.0,0.69988,18555106000.0,5730276920.0,6214325490.0,,33.00285,반도체와반도체장비,51400.0,11890.0,0.0251435608,16584962,089890,73473.0,142669.75,0.5149865335854307,3438341858.75,-28.590785907859072,1.737451737451745,2.4769160946872057,17.84250269687163,30.88248011086544,69.988,-48.735408560311285,https://finance.naver.com/item/main.naver?code=089890
빛과전자,KOSDAQ,3870.0,436117641390,-10.33,4.14,-380.0,947.0,0.24435,4329240330.0,-2077767050.0,1035464940.0,,-335.21939,통신장비,8100.0,592.0,0.010403685,112691897,069540,25165418.0,12511401.9,2.011398738617772,43446603021.4,13.323572474377743,283.16831683168317,5.5542602304223,-40.12671594508976,-47.99380241382904,24.435000000000002,-52.222222222222214,https://finance.naver.com/item/main.naver?code=069540
명신산업,KOSPI,8240.0,432353895920,6.5,0.59,1302.0,14406.0,0.91115,497054350040.0,44136149520.0,30217492180.0,,10.13834,자동차부품,14940.0,5390.0,0.0567014762,52470133,009900,118498.0,298063.65,0.3975593803538271,2479436614.5,-6.150341685649208,-11.302475780409038,1.094504479160743,9.037900874635568,8.87954194877244,91.115,-44.84605087014726,https://finance.naver.com/item/main.naver?code=009900
타이거일렉,KOSDAQ,68400.0,431897436000,82.87,7.5,835.0,9226.0,0.97438,33502698090.0,6884665920.0,4641601940.0,,33.00285,반도체와반도체장비,87900.0,15300.0,0.0582150962,6314290,219130,30159.0,48374.35,0.6234502375742517,3238386072.5,-1.5827338129496438,137.08838821490468,1.1530697570096549,9.0505094298721,20.549586488543017,97.438,-22.184300341296925,https://finance.naver.com/item/main.naver?code=219130
DB증권,KOSPI,10120.0,429557456680,4.98,0.37,2029.0,27483.0,10.06084,1266119918000.0,47540149000.0,40408052000.0,,8.19324,증권,19350.0,7550.0,0.0934805785,42446389,016610,38170.0,57893.65,0.6593123770914426,561866368.75,-5.332086061739949,-28.328611898016998,1.0858358386455165,7.382745697340173,3.7547903894518777,1006.0840000000001,-47.700258397932814,https://finance.naver.com/item/main.naver?code=016610
메카로,KOSDAQ,42000.0,428090880000,32.86,2.04,1278.0,20599.0,0.08695,25345823740.0,4485384720.0,4691396000.0,,33.00285,반도체와반도체장비,48000.0,13050.0,0.0335901199,10192640,241770,4826.0,16206.1,0.2977891041027761,644436005.0,-10.63829787234043,40.70351758793971,6.244809053381134,6.204184669158697,17.696740757023825,8.695,-12.5,https://finance.naver.com/item/main.naver?code=241770
세아제강,KOSPI,150600.0,427146780000,13.8,0.37,10714.0,400720.0,0.81422,495160536290.0,34934804580.0,32517667270.0,,44.69235,철강,189000.0,112000.0,0.0431809047,2836300,306200,17299.0,7904.55,2.18848637809869,1114724572.5,3.150684931506853,19.809069212410503,2.18848637809869,2.673687362747055,7.055248150781504,81.42200000000001,-20.317460317460323,https://finance.naver.com/item/main.naver?code=306200
유니드,KOSPI,62900.0,425682040000,6.55,0.4,9830.0,162961.0,0.42625,399849385220.0,24243282160.0,43059042210.0,,-32.42902,화학,101600.0,55800.0,0.1217084343,6767600,014830,38894.0,12294.15,3.1636184689466127,785607530.0,-10.780141843971636,-19.974554707379134,3.1636184689466127,6.032118114150011,6.0631035225079,42.625,-38.09055118110236,https://finance.naver.com/item/main.naver?code=014830
디어유,KOSDAQ,17850.0,423730547100,22.39,1.99,785.0,8842.0,0.26447,23352262000.0,9405775550.0,4532356890.0,,19.46801,양방향미디어와서비스,48300.0,17210.0,0.0326352999,23738406,376300,39590.0,66612.55,0.5943324493657727,1232242894.25,-26.391752577319583,-52.016129032258064,1.740723031921162,8.878081881927166,40.27779214707338,26.447,-63.04347826086957,https://finance.naver.com/item/main.naver?code=376300
드림텍,KOSPI,6390.0,421016837310,6280.0,1.11,1.0,5644.0,0.84621,257336437900.0,104648000.0,-4986530520.0,,96.79463,핸드셋,9120.0,3565.0,0.5876783052,65886829,192650,1168424.0,603258.75,1.9368537961529775,3576116573.9,10.172413793103452,-6.986899563318783,1.9368537961529775,0.01771793054571226,0.04066583063556115,84.621,-29.934210526315784,https://finance.naver.com/item/main.naver?code=192650
유진투자증권,KOSPI,4355.0,421853250390,6.24,0.36,703.0,12331.0,11.37046,1501779433860.0,87588776890.0,67516856640.0,,8.19324,증권,6920.0,3325.0,0.1192642119,96866418,001200,397019.0,489056.65,0.8118057488841016,2120192840.95,-11.031664964249233,-12.37424547283702,3.0495035697807196,5.701078582434515,5.832332958833505,1137.046,-37.066473988439306,https://finance.naver.com/item/main.naver?code=001200
마키나락스,KOSDAQ,23300.0,413685348800,-21.86,23.61,-1052.0,974.0,0.11983,3992151500.0,-1802194750.0,-1546819520.0,,162.84747,소프트웨어,83600.0,13420.0,0.0,17754736,477850,457913.0,1033209.45,0.4431947462346575,26813568946.25,16.209476309226932,-61.16666666666667,0.5524572002317633,-108.00821355236138,-45.143445833656365,11.983,-72.12918660287082,https://finance.naver.com/item/main.naver?code=477850
한컴,KOSDAQ,17080.0,412990027520,12.26,1.14,1427.0,15357.0,0.45194,119951671880.0,14337143760.0,24144238030.0,,162.84747,소프트웨어,27800.0,14800.0,0.0496230233,24179744,030520,150282.0,109262.65,1.375419688246624,1927105052.5,-12.768130745658834,-15.86206896551724,1.5516555748922436,9.29217946213453,11.952433455319339,45.194,-38.56115107913669,https://finance.naver.com/item/main.naver?code=030520
브이티,KOSDAQ,11730.0,409867759740,6.9,1.7,1728.0,6998.0,0.36806,131668235840.0,10678686240.0,3222848790.0,,42.91369,화장품,31450.0,10290.0,0.0641481424,34941838,018290,144451.0,246963.8,0.5849075856461554,3133832043.75,-9.069767441860465,-23.43342036553525,0.9018204287429981,24.692769362675048,8.110297955975105,36.806,-62.70270270270271,https://finance.naver.com/item/main.naver?code=018290
앱클론,KOSDAQ,20500.0,409018644500,-21.36,7.06,-976.0,2954.0,0.21537,1684169880.0,-6254858540.0,-6058717130.0,,-69.92914,생물공학,95800.0,12000.0,0.0784543344,19952129,174900,80087.0,197814.65,0.40485879079228965,5336145177.25,-39.70588235294118,-69.17293233082707,0.7723037702212653,-33.03994583615437,-371.3911888746045,21.537,-78.60125260960334,https://finance.naver.com/item/main.naver?code=174900
신대양제지,KOSPI,10110.0,407410960200,13.42,0.51,770.0,20359.0,0.29568,174536333480.0,14766524150.0,14530743950.0,,17.48769,포장재,18150.0,8200.0,0.0192904728,40297820,016590,8974.0,8853.35,1.0136276098877826,88894731.25,-3.9886039886039892,-25.552282768777612,1.0136276098877826,3.7821111056535193,8.46042990337716,29.568,-44.29752066115702,https://finance.naver.com/item/main.naver?code=016590
코스모화학,KOSPI,10590.0,406743134520,-13.96,1.93,-791.0,5730.0,1.07269,206139203620.0,7636150170.0,1549079930.0,,-32.42902,화학,21650.0,7160.0,0.0483980672,38408228,005420,76603.0,104938.4,0.7299806362589862,1124577247.25,-19.036697247706424,-31.456310679611654,1.2494568241940034,-13.804537521815007,3.7043658051947217,107.26899999999999,-51.08545034642032,https://finance.naver.com/item/main.naver?code=005420
하이록코리아,KOSDAQ,34550.0,406589375200,8.16,0.89,4211.0,38609.0,0.07898,59250816360.0,16990737920.0,14848728080.0,,190.12516,기계,48100.0,27550.0,0.2905486201,11768144,013030,31819.0,30546.8,1.0416475702855945,1006539447.5,-4.820936639118456,-3.6262203626220346,1.0606020925268769,10.906783392473256,28.675955815978227,7.898,-28.170478170478177,https://finance.naver.com/item/main.naver?code=013030
INVENI,KOSPI,14840.0,404390000000,3.62,0.5,4003.0,29078.0,1.02636,193743999000.0,11239000000.0,8851765000.0,,9.70026,가스유틸리티,18190.0,11840.0,0.0500467156,27250000,015360,20908.0,18816.3,1.1111642565222706,265640508.25,-2.110817941952503,-79.89159891598916,1.1111642565222706,13.766421349473829,5.800953865931094,102.636,-18.41671247938428,https://finance.naver.com/item/main.naver?code=015360
삼영무역,KOSPI,21800.0,402579466400,6.54,0.64,3325.0,34228.0,0.15574,123412537990.0,9033245960.0,23070316130.0,,-32.42902,화학,24550.0,14510.0,0.203640255,18466948,002810,17598.0,16844.75,1.0447171967526974,379471757.5,5.31400966183575,10.43566362715298,2.073702488906039,9.714269019516186,7.319552864824767,15.573999999999998,-11.201629327902241,https://finance.naver.com/item/main.naver?code=002810
쏘카,KOSPI,10580.0,401404586360,-19.21,2.14,-560.0,5020.0,2.09698,120992525210.0,6811456130.0,6464833190.0,,13.80218,도로와철도운송,21000.0,9000.0,0.0033172165,37939942,403550,9885.0,16489.35,0.5994778447907286,179680052.25,-10.262934690415603,-7.35551663747811,1.092705291597304,-11.155378486055776,5.6296503591256855,209.69799999999998,-49.61904761904762,https://finance.naver.com/item/main.naver?code=403550
파이버프로,KOSDAQ,12210.0,401150087250,42.98,8.76,285.0,1398.0,0.43538,13339235270.0,2698929120.0,2361164790.0,,253.27647,전자장비와기기,29950.0,5280.0,0.0300157134,32854225,368770,86725.0,150406.45,0.5766042613199102,1951926936.5,-19.139072847682115,-15.501730103806233,1.318068473792181,20.386266094420602,20.23301235318867,43.538,-59.23205342237061,https://finance.naver.com/item/main.naver?code=368770
원익머트리얼즈,KOSDAQ,31700.0,399673600000,8.39,0.78,3863.0,41679.0,0.22896,92296563340.0,14582865140.0,13190022950.0,,-32.42902,화학,56100.0,25500.0,0.1690502062,12608000,104830,67940.0,51008.5,1.331934873599498,1732664966.25,-35.437881873727086,-35.30612244897959,1.7130674299381476,9.268456536865088,15.800008811032292,22.896,-43.49376114081996,https://finance.naver.com/item/main.naver?code=104830
일진하이솔루스,KOSPI,10960.0,397992562400,-209.64,1.33,-55.0,8677.0,0.08217,25881611990.0,-646390460.0,966208040.0,,10.13834,자동차부품,21200.0,8000.0,0.034518752,36313190,271940,75417.0,56006.8,1.3465686309519558,637940157.75,-14.241001564945222,-41.91838897721251,3.7285115378846854,-0.633859628903999,-2.4974891836325686,8.217,-48.301886792452834,https://finance.naver.com/item/main.naver?code=271940
아주IB투자,KOSDAQ,3250.0,393722569500,47.14,1.48,70.0,2227.0,0.21582,58377531800.0,38141675400.0,30142331300.0,,14.56477,창업투자,19950.0,1913.0,0.0827784753,121145406,027360,708385.0,3633244.25,0.19497312904300337,14123285472.05,-51.127819548872175,-41.860465116279066,0.4740372189400699,3.1432420296362817,65.33622478365898,21.582,-83.7092731829574,https://finance.naver.com/item/main.naver?code=027360
KCC글라스,KOSPI,24650.0,393673120800,-4.75,0.29,-5246.0,86505.0,0.78101,577146098540.0,4810796100.0,-11814926190.0,,7.71583,건축자재,31450.0,21000.0,0.0494612821,15970512,344820,6292.0,11434.8,0.55025011368804,281485935.0,1.4403292181069949,-7.330827067669176,5.370273201105398,-6.064389341656551,0.8335490982560251,78.101,-21.62162162162162,https://finance.naver.com/item/main.naver?code=344820
부광약품,KOSPI,3970.0,391698743870,26.91,1.18,152.0,3452.0,0.39671,56987922650.0,1409953890.0,1388990360.0,,46.08491,제약,9890.0,3460.0,0.0673938192,98664671,003000,872730.0,530810.1,1.6441473137003233,2324302422.0,-13.976164680390035,-22.762645914396884,1.6441473137003233,4.40324449594438,2.4741275421802027,39.671,-59.85844287158746,https://finance.naver.com/item/main.naver?code=003000
제주은행,KOSPI,10350.0,391215064950,44.56,0.59,226.0,17124.0,12.85435,98100000000.0,4998000000.0,4763000000.0,,9.39857,은행,18840.0,8000.0,0.0092889525,37798557,006220,534222.0,472443.85,1.13076294675018,4740833696.75,-14.462809917355369,-27.521008403361346,1.13076294675018,1.3197850969399672,5.09480122324159,1285.435,-45.06369426751592,https://finance.naver.com/item/main.naver?code=006220
국일제지,KOSDAQ,3460.0,390082431020,-173.0,3.26,-20.0,1060.0,0.09826,15252420660.0,-199968620.0,-208086610.0,,-5.89866,종이와목재,5970.0,2610.0,0.0,112740587,078130,27574.0,54232.1,0.508444260871329,190177363.1,-12.294043092522177,1038.157894736842,1.0797479721419603,-1.8867924528301887,-1.3110615321830494,9.826,-42.04355108877722,https://finance.naver.com/item/main.naver?code=078130
코스모로보틱스,KOSDAQ,12010.0,389732018260,-13.77,23.7,-902.0,524.0,0.14521,1243441650.0,-3317212760.0,-7220870940.0,,190.12516,기계,68500.0,10000.0,0.0,32450626,439960,495709.0,1220375.55,0.40619381468270155,17750479225.0,-54.679245283018865,-49.958333333333336,1.6898642389221907,-172.13740458015266,-266.776712843743,14.521,-82.46715328467154,https://finance.naver.com/item/main.naver?code=439960
한라캐스트,KOSDAQ,10610.0,387289954720,86.48,3.83,128.0,2892.0,1.23708,49036916050.0,3256343740.0,1972104940.0,,10.13834,자동차부품,25350.0,5090.0,0.0088261984,36502352,125490,389307.0,2637853.85,0.14758474962515455,31257847623.25,-12.096106048053024,-33.39610797237916,0.618998281500698,4.426002766251729,6.640596518508018,123.708,-58.145956607495066,https://finance.naver.com/item/main.naver?code=125490
네오위즈,KOSDAQ,17890.0,387076251510,7.1,0.67,2522.0,26889.0,0.16354,102073078790.0,7942472240.0,18405602210.0,,17.67293,게임엔터테인먼트,31550.0,16100.0,0.2129463513,21636459,095660,38666.0,44088.8,0.8770027762152746,796389388.0,-8.162217659137571,-35.64748201438849,1.3974750957159188,9.379300085536837,7.7811626083508685,16.354,-43.29635499207607,https://finance.naver.com/item/main.naver?code=095660
율촌화학,KOSPI,15560.0,385888000000,96.67,1.38,168.0,11783.0,1.40649,156111443010.0,9539955220.0,5789586580.0,,17.48769,포장재,39200.0,11150.0,0.0566136694,24800000,008730,29892.0,60530.5,0.4938336871494536,956787063.25,-19.378238341968913,-37.760000000000005,0.7185633688801514,1.425782907578715,6.110990351545787,140.649,-60.30612244897959,https://finance.naver.com/item/main.naver?code=008730
엑시콘,KOSDAQ,29550.0,385651051350,40.77,1.93,715.0,15111.0,0.23597,31468619660.0,4134899030.0,7586545460.0,,33.00285,반도체와반도체장비,41700.0,10110.0,0.0412996999,13050797,092870,135910.0,370261.3,0.3670650970004157,9728948022.5,11.299435028248595,-4.213938411669371,1.1426660037114331,4.7316524386208725,13.139753426350318,23.597,-29.136690647482013,https://finance.naver.com/item/main.naver?code=092870
아세아시멘트,KOSPI,10710.0,385327293120,22.89,0.35,463.0,30144.0,0.93557,277710635000.0,23561341000.0,12754116000.0,,7.71583,건축자재,14400.0,8310.0,0.0451384658,35978272,183190,33048.0,59081.1,0.5593667010262166,623410006.0,4.794520547945202,-9.314140558848438,2.3157321038369294,1.5359607218683653,8.48413349384333,93.557,-25.624999999999996,https://finance.naver.com/item/main.naver?code=183190
뉴파워프라즈마,KOSDAQ,8810.0,384932017440,42.89,1.28,211.0,7057.0,1.15405,208752572460.0,27290312720.0,28741958130.0,,33.00285,반도체와반도체장비,13280.0,4710.0,0.0717690702,43692624,144960,549603.0,1096134.15,0.5014012199145516,11354242419.0,-1.7837235228539527,51.37457044673539,0.869997527218726,2.989939067592461,13.073042596986065,115.405,-33.65963855421686,https://finance.naver.com/item/main.naver?code=144960
한중엔시에스,KOSDAQ,42200.0,382540721200,94.33,4.11,450.0,10316.0,2.03417,42577655450.0,-6946439820.0,-2199544440.0,,55.63885,전기장비,73000.0,23200.0,0.0106698926,9064946,107640,81644.0,134385.05,0.6075378176367089,5269035990.0,-4.308390022675734,-17.738791423001953,1.0886181163752964,4.362155874369911,-16.31475417465712,203.417,-42.19178082191781,https://finance.naver.com/item/main.naver?code=107640
켐트로닉스,KOSDAQ,22850.0,383195116950,35.08,1.67,667.0,14012.0,2.13358,175294692610.0,10020719400.0,5693083360.0,,253.27647,전자장비와기기,48900.0,16250.0,0.0726243911,16770027,089010,66609.0,64138.65,1.0385157779279732,1449394331.25,-25.44861337683524,-22.934232715008427,3.4963785486598176,4.760205538110191,5.716499028464225,213.35799999999998,-53.2719836400818,https://finance.naver.com/item/main.naver?code=089010
글로벌텍스프리,KOSDAQ,5390.0,378827148700,10.83,2.74,504.0,1993.0,0.24304,46904130950.0,9038744530.0,11935460190.0,,28.8081,기타금융,7230.0,3955.0,0.1955212708,70283330,204620,289769.0,895850.5,0.3234568714311149,4913553979.35,4.660194174757271,21.123595505617978,0.8964464494912935,25.288509784244855,19.270679036000775,24.304000000000002,-25.44951590594744,https://finance.naver.com/item/main.naver?code=204620
제주항공,KOSPI,4735.0,381835063975,-3.29,1.44,-1490.0,3415.0,10.09029,461809076650.0,-44963476490.0,-43455647420.0,,138.60848,항공사,6790.0,3985.0,0.0292246306,80640985,089590,250391.0,189357.35,1.3223199416341642,862144101.1,-6.607495069033531,-10.491493383742911,3.5852688052510238,-43.63103953147877,-9.73637781573473,1009.029,-30.265095729013257,https://finance.naver.com/item/main.naver?code=089590
신도리코,KOSPI,39050.0,379399217450,16.82,0.31,2330.0,124856.0,0.06689,71264703500.0,-8790840250.0,-2157716070.0,,18.97754,사무용전자제품,73200.0,37000.0,0.1127178413,9715729,029530,1395.0,5775.7,0.24152916529598145,235123051.25,-10.02304147465438,-28.87067395264117,1.5082154544037953,1.8661498045748701,-12.335475794128575,6.689,-46.65300546448088,https://finance.naver.com/item/main.naver?code=029530
다날,KOSDAQ,4980.0,376714375860,-5.34,1.24,-938.0,4033.0,1.34834,60530648810.0,1797242990.0,-8195072770.0,,32.68044,IT서비스,11450.0,3805.0,0.0350515696,75645457,064260,531644.0,4041846.55,0.1315349292515818,21572094472.4,-7.777777777777772,-35.07170795306388,0.2704907240973807,-23.25812050582693,2.96914542522314,134.834,-56.506550218340614,https://finance.naver.com/item/main.naver?code=064260
제이에스코퍼레이션,KOSPI,12920.0,374896513360,4.68,0.69,2692.0,18174.0,2.26251,453516257270.0,56475627040.0,28353430820.0,,8.94358,"섬유,의류,신발,호화품",16090.0,9500.0,0.0327846412,29016758,194370,38158.0,62698.35,0.6085965579636465,817332748.75,5.728314238952548,9.0295358649789,1.5958952667813429,14.812369318807086,12.452834079193185,226.25099999999998,-19.70167806090739,https://finance.naver.com/item/main.naver?code=194370
카페24,KOSDAQ,15500.0,374761619500,9.6,1.41,1615.0,10998.0,0.56917,83427216580.0,8233172650.0,8832864770.0,,32.68044,IT서비스,43950.0,15010.0,0.1855849382,24178169,042000,49391.0,50757.1,0.9730855387719157,835272717.5,-22.18875502008032,-45.89877835951134,2.4883021291602554,14.684488088743407,9.868689125095106,56.916999999999994,-64.73265073947667,https://finance.naver.com/item/main.naver?code=042000
넥스틸,KOSPI,14380.0,373908760000,10.37,0.81,1386.0,17845.0,0.79293,167465318820.0,5492244230.0,449133500.0,,44.69235,철강,23000.0,9030.0,0.010999577,26002000,092790,3279890.0,859788.95,3.8147617505435494,12016768870.5,-10.572139303482587,30.727272727272737,9.561679060890468,7.7668814794059955,3.279630832640241,79.293,-37.47826086956522,https://finance.naver.com/item/main.naver?code=092790
프레스티지바이오파마,KOSPI,6190.0,371995199450,,,,,0.38182,509200000.0,-26351567000.0,-29376796000.0,,46.08491,제약,15200.0,4945.0,0.6352915756,60096155,950210,20261.0,40650.1,0.49842435811966024,260690975.0,-13.06179775280899,-38.161838161838155,1.432641002113156,,-5175.091712490181,38.182,-59.27631578947368,https://finance.naver.com/item/main.naver?code=950210
신세계인터내셔날,KOSPI,10540.0,368752440000,85.37,0.44,123.0,24118.0,0.57306,291576304400.0,6964738250.0,6808584570.0,,8.94358,"섬유,의류,신발,호화품",17130.0,9550.0,0.0686297376,34986000,031430,27519.0,82248.45,0.334583812825652,862540107.5,-31.513970110461344,-14.655870445344132,0.7840998827333524,0.509992536694585,2.388650293216351,57.306000000000004,-38.47051955633391,https://finance.naver.com/item/main.naver?code=031430
LS증권,KOSDAQ,6670.0,370059537300,17.97,0.47,370.0,14185.0,14.66132,2299403169950.0,58075048890.0,43573079880.0,,8.19324,증권,9190.0,4660.0,0.024631339,55481190,078020,18779.0,58262.0,0.3223198654354468,389372029.5,0.3007518796992459,-13.263979193758125,0.7254814458823933,2.608389143461403,2.5256575118691704,1466.132,-27.421109902067464,https://finance.naver.com/item/main.naver?code=078020
보성파워텍,KOSDAQ,7570.0,371912767680,18.41,3.39,415.0,2253.0,0.14493,24391145190.0,4726421090.0,4161270850.0,,55.63885,전기장비,18200.0,4060.0,0.0380803725,49129824,006910,1037290.0,1882042.25,0.5511512826027152,14207634365.0,-17.17724288840262,-22.199383350462487,2.2729596001365007,18.41988459831336,19.377610412231736,14.493,-58.4065934065934,https://finance.naver.com/item/main.naver?code=006910
노타,KOSDAQ,17210.0,368163720300,-17.74,13.76,-999.0,1288.0,0.87818,3823408190.0,-6191205310.0,-6195547260.0,,32.68044,IT서비스,65300.0,15130.0,0.0068900541,21392430,486990,122808.0,117454.9,1.045575791218587,2219823111.25,-34.933837429111534,-48.550074738415546,1.6109757873021902,-77.56211180124224,-161.92896500543407,87.818,-73.64471669218989,https://finance.naver.com/item/main.naver?code=486990
토모큐브,KOSDAQ,27250.0,367225741500,-75.75,9.5,-365.0,2912.0,0.09527,4963787180.0,-586621980.0,-202919240.0,,-33.30868,생명과학도구및서비스,67800.0,26300.0,0.0166220027,13476174,475960,17104.0,37700.15,0.4536851975390018,1167695855.0,-31.789737171464328,-54.27852348993289,0.8363361949488264,-12.534340659340659,-11.818032456419697,9.527,-59.80825958702065,https://finance.naver.com/item/main.naver?code=475960
현대퓨처넷,KOSPI,3350.0,365823484000,48.26,0.5,69.0,6666.0,0.05719,71566798000.0,6601167000.0,8919362000.0,,42.91369,화장품,3750.0,2770.0,0.0075993141,109201040,126560,49472.0,89812.15,0.5508386114796272,296061711.65,9.477124183006547,2.1341463414634054,0.8316358087407996,1.035103510351035,9.223784191099343,5.718999999999999,-10.666666666666668,https://finance.naver.com/item/main.naver?code=126560
삼양바이오팜,KOSPI,49000.0,364357630000,165.45,1.58,301.0,31593.0,0.16096,35859168670.0,746349830.0,1330448180.0,,-32.03035,건강관리장비와용품,150900.0,23250.0,0.0298577033,7435870,0120G0,28999.0,104073.1,0.2786406862099812,5891006000.0,-10.09174311926605,-47.14131607335491,0.38046334739716603,0.9527426961668725,2.081336120389207,16.096,-67.52816434724984,https://finance.naver.com/item/main.naver?code=0120G0
한세실업,KOSPI,9080.0,363200000000,6.18,0.48,1454.0,18656.0,1.33173,561596038210.0,36093623010.0,13141328650.0,,8.94358,"섬유,의류,신발,호화품",15540.0,7800.0,0.058185625,40000000,105630,25108.0,78743.05,0.3188598866820627,729639341.75,0.4424778761061843,-29.117876658860265,0.3359407592162102,7.793739279588337,6.4269725130260555,133.173,-41.57014157014157,https://finance.naver.com/item/main.naver?code=105630
한솔아이원스,KOSDAQ,12890.0,362765512860,12.29,1.66,1029.0,7607.0,0.21287,53737600590.0,6560670110.0,5164961520.0,,33.00285,반도체와반도체장비,19900.0,7050.0,0.0458490574,28143174,114810,364811.0,262924.85,1.3875105377068773,3372029876.75,-17.212588310854205,-12.905405405405402,1.3875105377068773,13.527014591823322,12.208714267046883,21.287,-35.22613065326633,https://finance.naver.com/item/main.naver?code=114810
BGF,KOSPI,3815.0,365159557665,6.24,0.21,618.0,18674.0,0.21301,123573334570.0,13646457780.0,14491484250.0,,-32.42902,화학,5420.0,3605.0,0.0549229549,95716791,027410,30760.0,53394.95,0.5760844424425906,210420001.35,-10.235294117647054,-7.290400972053468,1.261093043443247,3.3094141587233588,11.043205904806069,21.301000000000002,-29.612546125461257,https://finance.naver.com/item/main.naver?code=027410
동화기업,KOSDAQ,7200.0,364012452000,-7.7,0.43,-1001.0,17795.0,1.65221,233505042650.0,-864710220.0,-8090164280.0,,7.71583,건축자재,12980.0,4500.0,0.5065510144,50557285,025900,116276.0,142653.1,0.8150962019051812,1048314797.5,-10.66997518610422,-29.411764705882348,1.4306383807992955,-5.625175611126721,-0.37031757866407683,165.221,-44.53004622496148,https://finance.naver.com/item/main.naver?code=025900
에이스침대,KOSDAQ,32700.0,362643000000,6.15,0.46,5302.0,70896.0,0.09387,84791570730.0,16622531820.0,22394602760.0,,28.55513,가구,39850.0,26400.0,0.0180397656,11090000,003800,1454.0,2181.55,0.666498590451743,71493888.75,0.0,-3.8235294117647034,1.0212922004996448,7.478560144436922,19.603990911939555,9.386999999999999,-17.942283563362604,https://finance.naver.com/item/main.naver?code=003800
슈프리마,KOSDAQ,51900.0,361966740900,10.68,1.28,4662.0,38917.0,0.09494,40339162620.0,10159018420.0,18868062160.0,,253.27647,전자장비와기기,65000.0,30200.0,0.29436958,6974311,236200,33749.0,19573.0,1.7242630153783274,1072162487.5,15.20532741398446,11.97411003236246,1.7242630153783274,11.979340648045842,25.1840091865546,9.494,-20.153846153846157,https://finance.naver.com/item/main.naver?code=236200
풀무원,KOSPI,9450.0,360239121900,113.1,1.13,84.0,8405.0,2.74249,893550879140.0,24638411320.0,10306279890.0,,33.27747,식품,15950.0,8100.0,0.0113034594,38120542,017810,18898.0,37098.1,0.5094061420935304,353177304.25,-5.31062124248497,-21.446384039900245,1.6721880635396422,0.9994051160023795,2.7573596417602197,274.249,-40.75235109717868,https://finance.naver.com/item/main.naver?code=017810
저스템,KOSDAQ,15720.0,359506669320,90.74,5.91,163.0,2503.0,0.65303,29324457320.0,9275628920.0,6789924500.0,,33.00285,반도체와반도체장비,22250.0,3009.455,0.0531184469,22869381,417840,2856713.0,964140.05,2.9629647684483182,13465156770.5,-1.0698552548772833,147.16981132075472,2.9629647684483182,6.512185377546944,31.631033504834182,65.303,-29.348314606741578,https://finance.naver.com/item/main.naver?code=417840
서울바이오시스,KOSDAQ,7850.0,360066806550,-23.46,4.65,-341.0,1721.0,2.80288,214143532510.0,10195901750.0,8161538060.0,,16.1175,디스플레이장비및부품,19270.0,2135.0,0.0256675061,45868383,092190,100873.0,212731.1,0.47418078503801275,1748024275.0,-16.221985058697975,94.06674907292954,0.9011094287577134,-19.814061592097616,4.761246641676594,280.288,-59.263103269330564,https://finance.naver.com/item/main.naver?code=092190
삼립,KOSPI,41600.0,358966774400,24.02,0.7,1732.0,59413.0,1.53625,847831492830.0,110210380.0,-3052252960.0,,33.27747,식품,57800.0,34650.0,0.0202475163,8629009,005610,372.0,3323.45,0.11193187801832434,134247331.25,1.5873015873015817,-18.271119842829076,1.7433690893499225,2.915186911955296,0.012999090141382428,153.625,-28.02768166089965,https://finance.naver.com/item/main.naver?code=005610
PS일렉트로닉스,KOSDAQ,7750.0,356039673250,15.46,2.72,482.0,2734.0,1.41643,74419754160.0,4170900910.0,5997877750.0,,96.79463,핸드셋,14990.0,4065.0,0.0,45940603,332570,3604662.0,4153025.9,0.8679603948533045,38846796260.75,5.156037991858886,53.16205533596838,0.8679603948533045,17.62984637893197,5.604561526812762,141.643,-48.29886591060707,https://finance.naver.com/item/main.naver?code=332570
한국화장품제조,KOSPI,15710.0,355988600000,8.72,2.28,1510.0,5776.0,0.96112,71182564340.0,13952906540.0,10837864320.0,,42.91369,화장품,16920.0,6750.0,0.0124080759,22660000,003350,11732598.0,1812828.9,6.471983097798144,23844437313.25,89.50542822677924,-69.84644913627639,6.471983097798144,26.142659279778393,19.601578939127048,96.112,-7.151300236406621,https://finance.naver.com/item/main.naver?code=003350
현대코퍼레이션,KOSPI,26900.0,355859185400,3.65,0.46,7226.0,57671.0,3.19572,2816432723330.0,62936540860.0,40296711110.0,,17.09379,무역회사와판매업체,32850.0,20050.0,0.1049369996,13228966,011760,43540.0,17307.7,2.5156433263807436,452734860.0,3.4615384615384714,6.5346534653465405,2.5156433263807436,12.52969430042829,2.234619003630493,319.572,-18.112633181126338,https://finance.naver.com/item/main.naver?code=011760
시노펙스,KOSDAQ,3850.0,355049899050,48.81,2.09,80.0,1867.0,0.53497,53806934130.0,-1898878410.0,-2022096610.0,,96.79463,핸드셋,8330.0,2990.0,0.0027758828,92220753,025320,270890.0,448214.35,0.6043760089341182,1840436635.0,-15.57017543859649,-34.63497453310696,0.7232655536352194,4.284949116229245,-3.5290589228002163,53.49699999999999,-53.78151260504202,https://finance.naver.com/item/main.naver?code=025320
엘티씨,KOSDAQ,33600.0,354954633600,69.46,2.78,501.0,12514.0,0.55374,140878399400.0,23201268460.0,21567320600.0,,33.00285,반도체와반도체장비,60700.0,14370.0,0.0232767008,10564126,170920,158086.0,239973.55,0.6587642679787001,8698325710.0,-32.0525783619818,50.0,0.994859641823026,4.003516062010548,16.469003451781123,55.374,-44.64579901153213,https://finance.naver.com/item/main.naver?code=170920
나이스정보통신,KOSDAQ,7780.0,353990000000,8.02,0.87,982.0,9066.0,1.7915,316161218510.0,21282587050.0,19485062500.0,,15.3479,상업서비스와공급품,8060.0,4190.0,0.2846304176,45500000,036800,86679.0,231219.9,0.37487690289633374,1677291370.25,-72.06463195691202,-69.18811881188118,0.8537370702089223,10.831678799911758,6.7315615590995845,179.15,-3.47394540942928,https://finance.naver.com/item/main.naver?code=036800
메가스터디교육,KOSDAQ,34150.0,353972126400,4.27,0.72,8072.0,48011.0,0.81182,204742632020.0,28412084840.0,21415876120.0,,10.6218,교육서비스,50800.0,33850.0,0.2620505931,10365216,215200,23060.0,35319.8,0.6528915792275154,1264357472.5,-13.21473951715375,-26.400862068965512,1.1575093856703604,16.812813730186832,13.876975478768195,81.182,-32.7755905511811,https://finance.naver.com/item/main.naver?code=215200
국도화학,KOSPI,38300.0,354689865600,15.48,0.39,2538.0,100377.0,1.2519,534253619370.0,47954010280.0,43892831830.0,,-32.42902,화학,44450.0,29050.0,0.2001830937,9260832,007690,13184.0,23558.15,0.5596364740015664,913204906.25,3.0955585464333746,7.887323943661961,1.6230900983311507,2.528467676858244,8.975888705545524,125.19,-13.835770528683911,https://finance.naver.com/item/main.naver?code=007690
동아에스티,KOSPI,36250.0,352635686250,-12.05,0.54,-2975.0,66929.0,1.00974,224659014800.0,6293596660.0,1447418120.0,,46.08491,제약,56460.988,31600.0,0.1927742537,9727881,170900,5583.0,6787.3,0.8225656741266777,252051098.75,-2.684563758389258,-26.545086119554206,2.2437493554137875,-4.44500889001778,2.8013995635130864,100.974,-35.79637678320471,https://finance.naver.com/item/main.naver?code=170900
파인엠텍,KOSDAQ,8290.0,349878886280,-20.4,1.82,-397.0,4459.0,1.13955,95213286430.0,7330620600.0,-4850414920.0,,96.79463,핸드셋,12860.0,5340.0,0.0081908911,42204932,441270,769857.0,1119721.15,0.6875435013440624,9572301009.25,5.203045685279184,-3.4924330616996513,1.8801332813977838,-8.903341556402781,7.699157202592109,113.95500000000001,-35.53654743390358,https://finance.naver.com/item/main.naver?code=441270
큐로셀,KOSDAQ,22850.0,347940423200,-7.05,65.52,-3232.0,348.0,1.26981,,-9739048920.0,-17646524510.0,,-69.92914,생물공학,66000.0,20650.0,0.0162434183,15227152,372320,15986.0,22019.85,0.7259813304813612,534445196.25,-32.99120234604106,-56.72348484848485,1.9203582222403879,-928.735632183908,,126.98100000000001,-65.37878787878788,https://finance.naver.com/item/main.naver?code=372320
한국철강,KOSPI,9510.0,346639500000,-35.2,0.4,-271.0,23878.0,0.14835,173809519340.0,-6284385120.0,-1795105040.0,,44.69235,철강,11720.0,7610.0,0.0548246914,36450000,104700,6915.0,36166.45,0.19119930211563482,355895861.75,5.902004454342991,-0.9375000000000022,0.7322255847615677,-1.1349359242817656,-3.6156737236622294,14.835,-18.85665529010239,https://finance.naver.com/item/main.naver?code=104700
네오팜,KOSDAQ,21600.0,346204562400,12.0,1.71,1779.0,12490.0,0.12539,43571648900.0,9789095200.0,8405205330.0,,42.91369,화장품,26000.0,15590.0,0.2779703056,16027989,092730,56155.0,74976.75,0.7489655126422524,1752642696.25,22.72727272727273,21.416526138279934,0.9361435378300607,14.243394715772617,22.466662261202604,12.539,-16.92307692307692,https://finance.naver.com/item/main.naver?code=092730
감성코퍼레이션,KOSDAQ,3825.0,343725760800,9.95,2.59,387.0,1485.0,0.28475,58549423710.0,9099136650.0,7229233980.0,,8.94358,"섬유,의류,신발,호화품",7700.0,3540.0,0.1494442804,89862944,036620,201322.0,351426.1,0.5728715084053234,1358662535.65,-26.8642447418738,-34.39108061749572,0.8896920291350017,26.060606060606062,15.54094997598739,28.475,-50.324675324675326,https://finance.naver.com/item/main.naver?code=036620
아세아제지,KOSPI,8720.0,343999727200,11.5,0.4,758.0,22004.0,0.23394,229485570750.0,12443111010.0,11361912020.0,,17.48769,포장재,11380.0,6800.0,0.0488891244,39449510,002310,32246.0,95938.85,0.33610992835540554,793291240.5,4.681872749099636,-7.529162248144217,1.4022265224150592,3.444828213052172,5.4221757687569125,23.394000000000002,-23.37434094903339,https://finance.naver.com/item/main.naver?code=002310
더블유씨피,KOSDAQ,10030.0,339446734320,-2.07,0.37,-4789.0,26430.0,1.16619,36236878610.0,-15498673110.0,809747260.0,,-80.94163,전기제품,21350.0,5520.0,0.020187427,33843144,393890,170036.0,306303.2,0.5551231590136831,3025147413.5,-22.248062015503876,0.4004004004003914,1.0417520940035885,-18.119561104805147,-42.770441893753386,116.619,-53.021077283372364,https://finance.naver.com/item/main.naver?code=393890
인벤티지랩,KOSDAQ,25300.0,336685012400,-33.22,4.93,-766.0,5163.0,0.7477,175764220.0,-10284860020.0,-4222805980.0,,46.08491,제약,101700.0,22650.0,0.1119618044,13307708,389470,54222.0,44685.35,1.2134178203818478,1286894481.25,-45.35637149028078,-73.50785340314137,1.2396680343781574,-14.836335463877589,-5851.509493797998,74.77000000000001,-75.12291052114061,https://finance.naver.com/item/main.naver?code=389470
메디포스트,KOSDAQ,8740.0,342648230220,-3.7,1.4,-2408.0,6371.0,1.04207,18783950500.0,-24338992640.0,32159849580.0,,-69.92914,생물공학,29100.0,7250.0,0.0232984632,39204603,078160,21945.0,50865.1,0.4314353063298804,464984077.0,-17.85714285714286,-62.327586206896555,0.760777035727837,-37.79626432271229,-129.5733431580327,104.20700000000001,-69.96563573883161,https://finance.naver.com/item/main.naver?code=078160
위메이드맥스,KOSDAQ,4005.0,335632160430,-9.51,0.73,-428.0,5563.0,0.24586,33703193750.0,-15429327600.0,-14377202490.0,,17.67293,게임엔터테인먼트,8160.0,2600.0,0.0917938707,83803286,101730,61659.0,520525.45,0.11845530319410895,2353634408.8,12.81690140845071,-28.354203935599287,0.17928614249312883,-7.6936904547905804,-45.78001632263708,24.586,-50.91911764705883,https://finance.naver.com/item/main.naver?code=101730
DB,KOSPI,1649.0,331735815517,6.37,0.7,259.0,2351.0,1.13013,229964349370.0,12908986250.0,25156357830.0,,32.68044,IT서비스,2545.0,1257.0,0.0521795038,201173933,012030,648555.0,614013.15,1.0562558798618564,945113126.95,-13.483735571878274,-12.42697822623473,3.2255074667374792,11.016588685665674,5.613472821054602,113.013,-35.20628683693516,https://finance.naver.com/item/main.naver?code=012030
큐렉소,KOSDAQ,8020.0,330903515800,121.94,3.49,67.0,2342.0,0.10478,23617960750.0,2436183150.0,2484812140.0,,-32.03035,건강관리장비와용품,22550.0,6970.0,0.0532982596,41259790,060280,119371.0,180931.85,0.6597566984475094,1599720992.75,-25.671918443002784,-50.463248919085856,1.254212566775833,2.860802732707088,10.314959770605936,10.478,-64.43458980044345,https://finance.naver.com/item/main.naver?code=060280
넥스틴,KOSDAQ,31550.0,330549507750,-143.54,2.34,-240.0,14724.0,0.7613,20832585960.0,-786341950.0,1296585760.0,,33.00285,반도체와반도체장비,100400.0,24800.0,0.175509795,10477005,348210,153054.0,90132.2,1.6981056714470524,2954141243.75,-47.416666666666664,-62.75088547815821,4.795744473118376,-1.6299918500407498,-3.77457676886504,76.13,-68.57569721115537,https://finance.naver.com/item/main.naver?code=348210
코오롱,KOSPI,25400.0,327855072000,-2.23,0.19,-11476.0,132503.0,1.9159,1706697417660.0,99841066440.0,55380453280.0,,32.03954,복합기업,88200.0,20200.0,0.1389939168,12907680,002020,10332.0,40071.3,0.25784039948791276,1058695975.0,-53.901996370235935,-56.949152542372886,0.6406829825835448,-8.660935978808027,5.849957081255153,191.59,-71.20181405895691,https://finance.naver.com/item/main.naver?code=002020
한섬,KOSPI,15310.0,328812778140,7.13,0.23,2153.0,66913.0,0.18125,363202589000.0,4606386000.0,3300630000.0,,8.94358,"섬유,의류,신발,호화품",28750.0,14180.0,0.2452847452,21476994,020000,105799.0,94609.4,1.1182715459563215,1480061845.25,-30.09132420091324,-36.735537190082646,1.1182715459563215,3.217610927622435,1.2682690430931922,18.125,-46.74782608695652,https://finance.naver.com/item/main.naver?code=020000
엠씨넥스,KOSPI,18940.0,329584410000,6.12,0.81,3145.0,23796.0,0.5877,294668492130.0,2187694730.0,792768020.0,,96.79463,핸드셋,32500.0,15600.0,0.1246863776,17401500,097520,14189.0,36535.1,0.38836625601134256,724514683.0,-12.111368909512766,-20.58700209643606,0.8498402905698904,13.216506975962346,0.7424257388994432,58.77,-41.72307692307692,https://finance.naver.com/item/main.naver?code=097520
스틱인베스트먼트,KOSPI,8450.0,327613572650,20.34,1.2,417.0,7052.0,0.31904,20298531270.0,3056316850.0,1710080960.0,,14.56477,창업투자,13390.0,5990.0,0.4858446569,38770837,026890,23497.0,31261.55,0.7516261989568656,262987017.5,18.84669479606189,-19.447092469018113,0.9728564322626357,5.913216108905275,15.056837410286189,31.904,-36.89320388349514,https://finance.naver.com/item/main.naver?code=026890
덴티움,KOSPI,37850.0,326414274350,19.34,0.56,1903.0,65218.0,0.65957,89345998980.0,14688440420.0,13890294420.0,,-32.03035,건강관리장비와용품,60600.0,35000.0,0.132716195,8623891,145720,13847.0,15887.3,0.8715766681563262,599796277.5,-17.80673181324647,-24.60159362549801,1.207631252635753,2.917906099543071,16.439953201808162,65.957,-37.541254125412536,https://finance.naver.com/item/main.naver?code=145720
신성이엔지,KOSPI,16180.0,328554024760,-48.85,1.45,-340.0,11470.0,1.93973,201805601950.0,3063706090.0,-2136406990.0,,33.00285,반도체와반도체장비,49700.0,11300.0,0.0,20306182,011930,90231.0,128015.9,0.7048421328913049,2116038113.0,-26.287015945330296,600.4329004329004,1.3188439873484465,-2.964254577157803,1.518147197300833,193.97299999999998,-67.4446680080483,https://finance.naver.com/item/main.naver?code=011930
엔젤로보틱스,KOSDAQ,21100.0,324791899100,-33.96,10.17,-642.0,2144.0,0.17056,788302490.0,-3485917720.0,-1138909920.0,,-32.03035,건강관리장비와용품,43950.0,14860.0,0.0172655316,15392981,455900,85677.0,60509.5,1.4159264247762748,1317845491.25,-12.448132780082988,-27.36660929432013,2.364785694808253,-29.94402985074627,-442.20559546881555,17.055999999999997,-51.990898748577926,https://finance.naver.com/item/main.naver?code=455900
에이디테크놀로지,KOSDAQ,23850.0,321068866950,91.55,2.43,278.0,10456.0,1.33294,45945836760.0,-1173866600.0,-6540691260.0,,33.00285,반도체와반도체장비,62000.0,20750.0,0.0223809124,13462007,200710,69310.0,89120.8,0.7777084586314306,2299905183.75,-38.372093023255815,-45.79545454545455,1.5445440346136927,2.65876052027544,-2.5548922008575907,133.294,-61.53225806451612,https://finance.naver.com/item/main.naver?code=200710
매커스,KOSDAQ,27050.0,321944690850,10.23,1.84,2604.0,14459.0,1.33,66835794640.0,13035437850.0,14185810910.0,,33.00285,반도체와반도체장비,33850.0,16000.0,0.3269565866,11901837,093520,17987.0,25662.6,0.7009032599970385,679737481.25,32.92383292383292,0.5576208178438735,0.7009032599970385,18.009544228508194,19.503677513244572,133.0,-20.08862629246676,https://finance.naver.com/item/main.naver?code=093520
유니슨,KOSDAQ,1235.0,320480380740,-10.89,2.86,-113.0,431.0,1.71334,5763640730.0,-4942929730.0,-10262047820.0,,-42.34619,에너지장비및서비스,1794.0,681.0,0.0181897503,259498284,018000,2207783.0,3901261.3,0.5659151823539736,4440799437.0,14.035087719298245,4.219409282700415,0.5659151823539736,-26.218097447795824,-85.76054548771293,171.334,-31.159420289855078,https://finance.naver.com/item/main.naver?code=018000
엠케이전자,KOSDAQ,13050.0,320560956900,207.94,0.75,63.0,17572.0,1.52081,488955111700.0,25237604030.0,33224848160.0,,33.00285,반도체와반도체장비,37000.0,7830.0,0.1216937771,24564058,033160,626424.0,1062691.9,0.5894690643638105,16084463480.25,-57.971014492753625,35.373443983402495,1.032960729257464,0.35852492601866603,5.161538027949816,152.081,-64.72972972972973,https://finance.naver.com/item/main.naver?code=033160
케이카,KOSPI,6530.0,318800137440,6.23,1.43,1050.0,4587.0,1.79833,439157235900.0,-33635105620.0,-27103154680.0,,7.59141,자동차,16970.0,5990.0,0.0791368679,48820848,381970,78907.0,131298.65,0.6009734296582638,859310318.25,-28.944504896626768,-54.36757512229211,1.0383732049034777,22.890778286461742,-7.659012050904476,179.833,-61.52032999410725,https://finance.naver.com/item/main.naver?code=381970
SIMPAC,KOSPI,4835.0,316068630280,12.61,0.39,381.0,12180.0,1.05468,461111549990.0,26833708000.0,17082685000.0,,30.01711,비철금속,6900.0,3725.0,0.012639923,65370968,009160,52894.0,79237.95,0.667533675467374,392262991.35,6.030701754385959,-5.196078431372553,0.877483579522186,3.12807881773399,5.819352822669901,105.468,-29.927536231884055,https://finance.naver.com/item/main.naver?code=009160
수산인더스트리,KOSPI,22350.0,319292100000,6.33,0.56,3475.0,39100.0,0.23014,92617220410.0,5862779530.0,18373341290.0,,-42.34619,에너지장비및서비스,36400.0,19430.0,0.0300926781,14286000,126720,23322.0,28611.25,0.8151339071169558,627635860.0,-9.514170040485826,-11.309523809523814,2.672969548691511,8.887468030690538,6.330118204850583,23.014000000000003,-38.598901098901095,https://finance.naver.com/item/main.naver?code=126720
유바이오로직스,KOSDAQ,8690.0,319377547830,7.59,1.79,1127.0,4782.0,0.31719,33219694670.0,8576674710.0,7502444750.0,,-69.92914,생물공학,17700.0,6950.0,0.0624256594,36752307,206650,87847.0,149931.45,0.585914429560976,1344189438.0,-13.100000000000001,-39.903181189488244,0.8824766251510273,23.567544960267668,25.818041963357995,31.719,-50.90395480225989,https://finance.naver.com/item/main.naver?code=206650
디케이티,KOSDAQ,15790.0,315819421700,13.65,1.56,1159.0,10140.0,0.75265,147976022850.0,10049203340.0,10492094370.0,,96.79463,핸드셋,34950.0,6660.0,0.0700268933,20001230,290550,145781.0,401858.45,0.36276703899096807,6654471342.0,-31.939655172413794,7.561307901907366,1.036618739757743,11.429980276134122,6.7911024681252945,75.265,-54.821173104434905,https://finance.naver.com/item/main.naver?code=290550
헥토파이낸셜,KOSDAQ,22600.0,315736825600,33.52,1.86,701.0,12613.0,1.87539,50136973070.0,4609083920.0,4219677250.0,,32.68044,IT서비스,45000.0,14180.0,0.0140818012,13970656,234340,313773.0,928432.85,0.3379598212191652,21264790615.75,-5.636743215031315,-34.49275362318841,0.7471935100099054,5.557757868865456,9.192984015139707,187.539,-49.77777777777778,https://finance.naver.com/item/main.naver?code=234340
제우스,KOSDAQ,10150.0,314822448500,-54.22,0.96,-192.0,10867.0,0.6616,82392309250.0,-9635418610.0,-7864716710.0,,33.00285,반도체와반도체장비,20950.0,6580.0,0.0743641791,31016990,079370,131535.0,185011.65,0.710955229035577,1874875067.25,-12.650602409638555,-44.2613948380011,2.4437055720545167,-1.7668169688046378,-11.694560691051393,66.16,-51.551312649164686,https://finance.naver.com/item/main.naver?code=079370
광동제약,KOSPI,6340.0,315730782720,12.25,0.48,521.0,13201.0,0.85871,439815610350.0,2822601170.0,3163818430.0,,46.08491,제약,12800.0,5150.0,0.1619102427,49799808,009290,78600.0,133805.5,0.5874197996345442,836298427.75,2.093397745571668,-28.117913832199548,0.7520169200817605,3.9466707067646394,0.6417692104547649,85.871,-50.46874999999999,https://finance.naver.com/item/main.naver?code=009290
퍼시스,KOSPI,27450.0,315675000000,6.88,0.41,3976.0,66786.0,0.12806,87598314290.0,-5417281160.0,31702740020.0,,28.55513,가구,50800.0,23500.0,0.2008785217,11500000,016800,973.0,763.2,1.274895178197065,20946796.25,1.6666666666666607,-30.856423173803528,2.79874213836478,5.953343515107957,-6.184229918016154,12.806000000000001,-45.96456692913385,https://finance.naver.com/item/main.naver?code=016800
우리로,KOSDAQ,7190.0,315101742810,-372.22,7.42,-18.0,903.0,0.42176,14727621030.0,2554875340.0,1272413110.0,,19.51316,컴퓨터와주변기기,16200.0,1206.0,0.0215261614,43824999,046970,23359113.0,1589861.8,14.69254308770737,9471994378.75,14.673046251993615,428.6764705882353,14.69254308770737,-1.9933554817275747,17.347508703515302,42.176,-55.61728395061729,https://finance.naver.com/item/main.naver?code=046970
현대약품,KOSPI,9820.0,314240000000,101.77,3.11,96.0,3141.0,0.75472,55585357880.0,976252400.0,1211880920.0,,46.08491,제약,15960.0,3500.0,0.0079929062,32000000,004310,7643117.0,6744339.1,1.1332640436184473,58870823444.0,21.085080147965485,-1.8000000000000016,4.735263830372943,3.0563514804202483,1.7563121606729144,75.472,-38.471177944862156,https://finance.naver.com/item/main.naver?code=004310
우진,KOSPI,15480.0,312659931600,34.72,1.56,441.0,9841.0,0.26127,30892672790.0,814200890.0,327947250.0,,190.12516,기계,31700.0,10330.0,0.0740063582,20197670,105840,553340.0,380145.25,1.4556015102122148,5437703303.75,-22.7930174563591,-33.41935483870968,3.5761093950272955,4.481251905294177,2.635579302363109,26.127,-51.16719242902208,https://finance.naver.com/item/main.naver?code=105840
아스플로,KOSDAQ,23350.0,311366155650,-30.56,6.55,-769.0,3589.0,1.43655,31714304450.0,4419623410.0,8819092120.0,,190.12516,기계,26700.0,3580.0,0.0520166161,13334739,159010,83482.0,211018.0,0.39561553990654824,4789039131.0,6.378132118451019,344.76190476190476,0.854220966931731,-21.426581220395654,13.935741258232134,143.655,-12.546816479400746,https://finance.naver.com/item/main.naver?code=159010
에이플러스에셋,KOSPI,13770.0,311307932610,13.89,1.81,979.0,7506.0,0.98019,198958559150.0,10117889620.0,9059878900.0,,8.92597,손해보험,14990.0,5600.0,0.1212711089,22607693,244920,13626.0,35051.7,0.38874006110973225,469017831.75,28.69158878504674,7.326578332034295,1.0100793970049955,13.042899014122037,5.085425660110386,98.019,-8.138759172781851,https://finance.naver.com/item/main.naver?code=244920
진에어,KOSPI,5930.0,309546000000,-32.54,1.41,-189.0,4355.0,6.35724,360297536790.0,-73103330430.0,-67543910600.0,,138.60848,항공사,8580.0,4710.0,0.0135553831,52200000,272450,129134.0,121412.75,1.0635950507669087,713498525.0,-5.4226475279106845,-7.053291536050155,2.6439480202861727,-4.339839265212399,-20.289711409436695,635.724,-30.88578088578089,https://finance.naver.com/item/main.naver?code=272450
TCC스틸,KOSPI,11800.0,309321624600,-41.34,1.26,-284.0,9346.0,1.30313,182686709690.0,1170027180.0,-6051561930.0,,44.69235,철강,22950.0,6310.0,0.0399798624,26213697,002710,256957.0,217985.5,1.1787802399700897,2618527378.75,-12.786400591278635,-17.30903994393833,3.723793555075911,-3.038733147870747,0.6404555547502127,130.313,-48.5838779956427,https://finance.naver.com/item/main.naver?code=002710
신라젠,KOSDAQ,2230.0,308974447720,-13.11,2.88,-175.0,797.0,0.06613,2244329080.0,-6183107000.0,-5487443200.0,,46.08491,제약,5400.0,1780.0,0.0275727155,138553564,215600,711276.0,3760631.1,0.189137403027912,10205444220.35,-13.56589147286822,-35.54913294797688,0.27242608295187476,-21.9573400250941,-275.4991260016111,6.6129999999999995,-58.7037037037037,https://finance.naver.com/item/main.naver?code=215600
한국피아이엠,KOSDAQ,51100.0,310404752700,-5130.0,5.41,-10.0,9488.0,0.65829,10502526840.0,179762940.0,760923620.0,,10.13834,자동차부품,178400.0,13590.0,0.0136165257,6074457,448900,58355.0,90363.25,0.6457824392106304,5037272381.25,-39.094159713945174,-65.93333333333334,1.1337794955360725,-0.10539629005059022,1.7116160971410572,65.82900000000001,-71.35650224215246,https://finance.naver.com/item/main.naver?code=448900
한국자산신탁,KOSPI,2530.0,309606032780,6.3,0.29,404.0,8853.0,0.55607,78793804650.0,31034236630.0,23352535160.0,,31.44683,부동산,3470.0,2040.0,0.0557744384,122373926,123890,175080.0,257027.65,0.6811718505771656,645032062.15,7.430997876857748,-9.156193895870734,0.7181289639460968,4.563424827742009,39.38664564790755,55.60699999999999,-27.089337175792505,https://finance.naver.com/item/main.naver?code=123890
LX하우시스,KOSPI,34450.0,308936231500,-7.92,0.42,-4396.0,83591.0,1.60847,939692000000.0,54903000000.0,47092000000.0,,7.71583,건축자재,43000.0,27000.0,0.149396666,8967670,108670,11347.0,26010.85,0.4362410301854803,899138376.25,1.026392961876832,18.99827288428324,1.7447334477727565,-5.258939359500425,5.842659084040303,160.847,-19.883720930232563,https://finance.naver.com/item/main.naver?code=108670
한국정보통신,KOSDAQ,8240.0,308540793040,7.88,0.86,1038.0,9544.0,0.82891,237610744000.0,11941965000.0,10182505000.0,,32.68044,IT서비스,16500.0,6915.0,0.6331745649,37444271,025770,47423.0,23246.0,2.0400499010582465,183440078.75,5.3708439897698135,5.23627075351214,2.0400499010582465,10.875943000838223,5.025852282167847,82.891,-50.06060606060606,https://finance.naver.com/item/main.naver?code=025770
사피엔반도체,KOSDAQ,37200.0,307101661200,-63.42,23.69,-585.0,1566.0,0.93915,7214957820.0,311641700.0,103805630.0,,33.00285,반도체와반도체장비,56000.0,19000.0,0.0372597594,8255421,452430,53358.0,34664.7,1.5392604003496353,1082657680.0,4.494382022471921,14.814814814814813,2.9948333607387343,-37.35632183908046,4.319383533138937,93.915,-33.57142857142858,https://finance.naver.com/item/main.naver?code=452430
서연이화,KOSPI,11360.0,307043044320,5.14,0.26,2220.0,43348.0,1.51921,1254454868840.0,51061941590.0,34111193460.0,,10.13834,자동차부품,18310.0,9390.0,0.0700884776,27028437,200880,10387.0,43190.05,0.24049520665060586,525501985.75,-12.14230471771075,-18.915060670949323,1.2832585282952902,5.121343545261603,4.070448675225535,151.921,-37.95740032768978,https://finance.naver.com/item/main.naver?code=200880
HLB생명과학,KOSDAQ,2515.0,306621400870,-3.11,1.05,-819.0,2440.0,0.65828,14656102030.0,-7559347460.0,-8696739140.0,,-32.03035,건강관리장비와용품,5330.0,1608.0,0.0533806926,121917058,067630,82365.0,215485.65,0.3822296287479004,620162874.05,-28.040057224606585,-34.84455958549223,0.7355663822625776,-33.5655737704918,-51.57815798857399,65.828,-52.81425891181989,https://finance.naver.com/item/main.naver?code=067630
남해화학,KOSPI,6160.0,306021672880,10.26,0.54,608.0,11459.0,1.01992,504927562930.0,12919837130.0,8337343030.0,,-32.42902,화학,12820.0,5250.0,0.0215139471,49678843,025860,349256.0,880062.05,0.3968538354767144,5487562721.25,-5.666156202143946,-18.840579710144922,1.0832463460957098,5.305873112837071,2.558750616628771,101.99199999999999,-51.950078003120126,https://finance.naver.com/item/main.naver?code=025860
GRT,KOSDAQ,3645.0,304395932880,,,,,0.835,277436640000.0,41673993000.0,28322192000.0,,-32.42902,화학,7490.0,2120.0,0.6552010366,83510544,900290,158118.0,350440.6,0.45119772081202925,1353990770.2,14.622641509433954,-45.91988130563798,1.035673378027546,,15.02108481417595,83.5,-51.335113484646186,https://finance.naver.com/item/main.naver?code=900290
프로티나,KOSDAQ,27450.0,304836312600,-31.46,10.99,-906.0,2594.0,0.16613,349276450.0,-3955963410.0,-3111949030.0,,-69.92914,생물공학,120100.0,15500.0,0.02532231,11105148,468530,28330.0,121638.45,0.23290332949819734,4253556847.5,-27.763157894736846,-64.8527528809219,0.4680838994577784,-34.926754047802625,-1132.6167023284852,16.613,-77.14404662781016,https://finance.naver.com/item/main.naver?code=468530
애경산업,KOSPI,11500.0,303714252500,18.94,0.72,604.0,15841.0,0.29289,194164692920.0,4526677820.0,4611370980.0,,42.91369,화장품,19100.0,10120.0,0.0162664543,26409935,018250,26873.0,58601.8,0.45856953199389777,707482218.5,-6.122448979591832,-18.84262526464361,0.4638765362156111,3.8128906003408876,2.3313599150928477,29.288999999999998,-39.79057591623037,https://finance.naver.com/item/main.naver?code=018250
한국토지신탁,KOSPI,1199.0,302734586770,12.35,0.25,97.0,4754.0,0.91416,55219853660.0,4404196640.0,19151147690.0,,31.44683,부동산,1878.0,1039.0,0.0427476966,252489230,034830,156107.0,310350.85,0.5030016834173324,357028446.85,-4.765687053216839,-15.7413914265636,1.3386849109644778,2.0403870424905346,7.975748481909324,91.416,-36.15548455804047,https://finance.naver.com/item/main.naver?code=034830
한국알콜,KOSDAQ,14690.0,303693803140,9.79,0.56,1507.0,26443.0,0.18057,128648249610.0,17230920990.0,17843089220.0,,-32.42902,화학,16265.0,8840.0,0.2429657069,20673506,017890,23768.0,59456.65,0.3997534338042927,846812084.5,19.33387489845655,25.77054794520548,1.1544209100243623,5.699050788488447,13.393824667056037,18.057000000000002,-9.683369197663694,https://finance.naver.com/item/main.naver?code=017890
대한제강,KOSPI,8790.0,302126328840,14.46,0.28,598.0,30821.0,0.40836,387727240070.0,16292618910.0,8866776050.0,,44.69235,철강,15503.954,6800.0,0.0332331964,34371596,084010,17569.0,24422.0,0.7193923511587913,203398935.75,-2.3333333333333317,-20.739404869251576,1.8565637539923021,1.940235553680932,4.202082605044346,40.836,-43.304785347015354,https://finance.naver.com/item/main.naver?code=084010
키다리스튜디오,KOSPI,8100.0,300216504600,46.93,1.53,179.0,5485.0,0.68512,64427044210.0,5515919170.0,2025425790.0,,19.46801,양방향미디어와서비스,8670.0,2800.0,0.0620589122,37063766,020120,380439.0,1152708.9,0.3300390931309718,6738400950.6,146.95121951219514,133.09352517985613,1.4061442572361504,3.263445761166819,8.56149655418128,68.512,-6.57439446366782,https://finance.naver.com/item/main.naver?code=020120
이수화학,KOSPI,11360.0,298701759840,-9.09,3.18,-1279.0,3655.0,1.51095,743435315000.0,96559250000.0,77841970000.0,,-32.42902,화학,17990.0,5060.0,0.0637876025,26294169,005950,258267.0,656382.35,0.3934703606823066,8495394585.25,-18.332135154565066,36.21103117505995,1.0142061254389305,-34.99316005471956,12.988251708220236,151.095,-36.8538076709283,https://finance.naver.com/item/main.naver?code=005950
쿠콘,KOSDAQ,29700.0,299724440400,14.32,1.79,2127.0,16970.0,0.92563,17958595020.0,4957780910.0,13198391680.0,,32.68044,IT서비스,47400.0,13000.0,0.0220600389,10091732,294570,113128.0,249659.25,0.45312961566615295,7132989330.0,30.263157894736835,-4.807692307692313,1.5288958850913796,12.533883323512079,27.60673039554962,92.56299999999999,-37.34177215189873,https://finance.naver.com/item/main.naver?code=294570
대원강업,KOSPI,4825.0,299150000000,8.19,0.53,587.0,9057.0,0.94883,472011656000.0,38487335000.0,30865344000.0,,10.13834,자동차부품,6200.0,3140.0,0.0276025323,62000000,000430,129278.0,274755.5,0.47052015337272596,1171052133.95,-5.019685039370081,17.82661782661783,0.76290738492951,6.481174781936623,8.153895038558115,94.883,-22.17741935483871,https://finance.naver.com/item/main.naver?code=000430
KG케미칼,KOSPI,4490.0,298152325640,4.4,0.3,1023.0,14858.0,1.27037,2581225451600.0,90911935490.0,135006841140.0,,7.59141,자동차,7400.0,3570.0,0.1217280783,66403636,001390,61116.0,117936.15,0.5182126091109469,523637700.45,-4.468085106382979,-8.832487309644666,1.493782864711117,6.8851797011710865,3.5220455242934037,127.037,-39.32432432432432,https://finance.naver.com/item/main.naver?code=001390
넥센,KOSPI,5670.0,297924349590,3.3,0.22,1757.0,26875.0,1.14897,1008641751940.0,49074520690.0,22868368410.0,,10.13834,자동차부품,8090.0,4965.0,0.0256548909,52543977,005720,14294.0,19250.0,0.7425454545454545,116208886.25,-16.000000000000004,-16.371681415929206,1.6435844155844155,6.537674418604651,4.8654064335142895,114.897,-29.913473423980218,https://finance.naver.com/item/main.naver?code=005720
퍼스텍,KOSPI,6090.0,297021102420,20.1,3.6,303.0,1691.0,4.06274,92241612170.0,3412773070.0,2685184330.0,,41.50419,우주항공과국방,18730.0,3700.0,0.1176502767,48771938,010820,319660.0,339520.2,0.941505100432905,2073583834.0,-25.184275184275183,-32.48337028824834,1.814831635938009,17.9183914843288,3.699819408739634,406.274,-67.48531767218367,https://finance.naver.com/item/main.naver?code=010820
에스티아이,KOSDAQ,19120.0,296494738640,18.87,1.05,1045.0,18772.0,0.18532,72460474670.0,2896079740.0,4328589420.0,,33.00285,반도체와반도체장비,43200.0,17320.0,0.0332750652,15507047,039440,59546.0,72899.15,0.8168270823459534,1523841485.5,-38.717948717948715,-48.04347826086956,0.8168270823459534,5.566801619433198,3.9967716926908725,18.532,-55.74074074074073,https://finance.naver.com/item/main.naver?code=039440
인탑스,KOSDAQ,18740.0,295010702000,18.13,0.44,1023.0,42138.0,0.1535,155007375290.0,1867198440.0,4402051820.0,,96.79463,핸드셋,24950.0,13000.0,0.0678125814,15742300,049070,59634.0,82949.05,0.7189232426411152,1562723315.75,-7.9115479115479115,4.517568321249299,6.974679034901545,2.427737434144952,1.2045868375660822,15.35,-24.889779559118242,https://finance.naver.com/item/main.naver?code=049070
스맥,KOSDAQ,4340.0,296176329960,-10.09,2.98,-424.0,1435.0,2.21517,47760971380.0,1608784220.0,2864123590.0,,190.12516,기계,8340.0,2415.0,0.0394480673,68243394,099440,377680.0,406574.55,0.9289317297405851,1663542495.25,30.330330330330323,-22.08258527827648,2.4635875511637413,-29.54703832752613,3.3684076632362663,221.517,-47.961630695443645,https://finance.naver.com/item/main.naver?code=099440
티로보틱스,KOSDAQ,13040.0,294156880720,-6.01,5.82,-2230.0,2304.0,0.60575,10837745650.0,-1412108040.0,-966213990.0,,190.12516,기계,30900.0,9800.0,0.0163158214,22558043,117730,55983.0,64312.0,0.8704907326781938,875724139.25,-23.022432113341207,-40.183486238532105,2.5261382012688145,-96.78819444444444,-13.029536636154587,60.575,-57.799352750809064,https://finance.naver.com/item/main.naver?code=117730
펨트론,KOSDAQ,13200.0,295581752400,-75.0,11.1,-180.0,1216.0,1.37005,24004276740.0,1393395010.0,-2224344850.0,,253.27647,전자장비와기기,34700.0,8670.0,0.0306375016,22392557,168360,37849.0,66082.3,0.5727554882320984,870215047.75,-40.40632054176072,-43.34763948497854,0.9602117359716595,-14.802631578947366,5.804778144713224,137.005,-61.95965417867435,https://finance.naver.com/item/main.naver?code=168360
디아이티,KOSDAQ,15550.0,293895000000,9.83,1.26,1644.0,12787.0,0.15321,41600866280.0,14097114500.0,13678428590.0,,33.00285,반도체와반도체장비,29000.0,11950.0,0.065712963,18900000,110990,46651.0,68842.75,0.6776457942194348,1125194275.0,-36.530612244897966,-36.65987780040734,1.0410682315857516,12.856807695315556,33.88658881552502,15.321000000000002,-46.37931034482759,https://finance.naver.com/item/main.naver?code=110990
리파인,KOSDAQ,16950.0,293743500000,29.86,1.32,567.0,12867.0,0.04644,14114004530.0,4860802370.0,4838631290.0,,15.3479,상업서비스와공급품,17900.0,8420.0,0.0377368148,17330000,377450,148182.0,292235.05,0.5070644332361912,4770965774.0,73.66803278688525,43.03797468354431,0.7264871205558676,4.406621590114246,34.43956929210366,4.644,-5.307262569832405,https://finance.naver.com/item/main.naver?code=377450
한양증권,KOSPI,19380.0,292821838680,4.42,0.44,4383.0,44072.0,9.62336,813033256780.0,25478083540.0,19700533490.0,,8.19324,증권,31500.0,17200.0,0.1024668874,15109486,001750,4172.0,8154.95,0.5115911195041049,158872670.5,-3.5820895522388096,-18.054968287526428,2.2978681659605518,9.945089852967872,3.133707425561579,962.336,-38.476190476190474,https://finance.naver.com/item/main.naver?code=001750
일성아이에스,KOSPI,22000.0,292600000000,127.35,0.4,170.0,53943.0,0.03758,17090884670.0,-1563119470.0,216945170.0,,46.08491,제약,29300.0,17120.0,0.0035690226,13300000,003120,3896.0,7122.15,0.5470258278750096,145246069.5,11.675126903553302,-3.9301310043668103,1.1457214464733263,0.3151474704780972,-9.145924861009549,3.758,-24.914675767918094,https://finance.naver.com/item/main.naver?code=003120
포스코스틸리온,KOSPI,4865.0,291900000000,17.05,0.76,285.0,6401.0,0.33444,298198950560.0,9587102740.0,7047150790.0,,30.01711,비철금속,10500.0,3560.0,0.03468405,60000000,058430,253147.0,241365.4,1.0488122986973278,1133372193.1,-26.063829787234038,-89.3076923076923,1.2608890918085194,4.452429307920638,3.2150021728768623,33.444,-53.666666666666664,https://finance.naver.com/item/main.naver?code=058430
휴메딕스,KOSDAQ,26050.0,292539676500,5.12,0.95,5017.0,26994.0,0.08597,50421305090.0,11685116180.0,2447365520.0,,46.08491,제약,72400.0,21050.0,0.0666089637,11229930,200670,19506.0,27434.8,0.7109947949319843,712965643.75,-9.39130434782609,-29.878869448183043,1.5604633531135639,18.58561161739646,23.174957806313298,8.597000000000001,-64.01933701657458,https://finance.naver.com/item/main.naver?code=200670
툴젠,KOSDAQ,32500.0,292422942500,-8.1,5.52,-4181.0,6133.0,0.10352,487200050.0,-6891483130.0,-6781643680.0,,-69.92914,생물공학,139815.385,32350.0,0.0198508963,8997629,199800,17581.0,14928.1,1.1777118320482847,537239197.5,-34.67336683417085,-33.19630010277492,2.4427087171173825,-68.17218327082993,-1414.5078864421298,10.352,-76.75506168366235,https://finance.naver.com/item/main.naver?code=199800
TYM,KOSPI,7050.0,291870000000,7.2,0.67,984.0,10601.0,0.92038,262526157410.0,27598651920.0,26475872200.0,,190.12516,기계,9900.0,5380.0,0.1966783092,41400000,002900,100485.0,233562.05,0.43022828408981684,1663807983.0,4.754829123328386,4.754829123328386,1.4133032314110963,9.2821431940383,10.512724595628704,92.038,-28.787878787878785,https://finance.naver.com/item/main.naver?code=002900
씨앤씨인터내셔널,KOSDAQ,21350.0,290998386350,16.14,0.82,1329.0,26036.0,0.2004,73321341720.0,1600640910.0,-6233460270.0,,42.91369,화장품,45900.0,16550.0,0.0049491189,13629901,352480,17721.0,20956.05,0.8456269191951727,459430917.5,-0.9280742459396807,-22.92418772563177,0.8710611016866251,5.104470732831464,2.1830491265592733,20.04,-53.48583877995643,https://finance.naver.com/item/main.naver?code=352480
오이솔루션,KOSDAQ,23500.0,290877313000,-9.03,4.13,-2642.0,5774.0,0.52626,19651552520.0,-870134580.0,-2423475520.0,,-335.21939,통신장비,57900.0,9960.0,0.0374926542,12377758,138080,205829.0,256700.5,0.8018254736550962,5956396578.75,-22.314049586776864,6.094808126410833,2.994403984409847,-45.75684101143055,-4.427815965758618,52.626,-59.41278065630398,https://finance.naver.com/item/main.naver?code=138080
인화정공,KOSDAQ,6310.0,288333374010,11.46,0.86,553.0,7394.0,0.21733,31829877540.0,5133675670.0,9386222410.0,,21.13778,조선,17000.0,5480.0,0.0092367226,45694671,101930,12394.0,24306.85,0.5098974157490584,179577617.0,-32.441113490364025,-85.62642369020502,0.8526403050991799,7.4790370570733025,16.12848074438429,21.733,-62.88235294117648,https://finance.naver.com/item/main.naver?code=101930
유나이티드제약,KOSPI,18110.0,288144135250,7.03,0.64,2614.0,28664.0,0.14814,77221337750.0,13297698400.0,37705892560.0,,46.08491,제약,21800.0,16100.0,0.0893078433,15910775,033270,7216.0,27257.8,0.26473156307552337,493669886.75,-2.5820333512641236,-8.673726676752391,0.6845746905472929,9.119452972369523,17.22023832719733,14.814,-16.926605504587155,https://finance.naver.com/item/main.naver?code=033270
비츠로넥스텍,KOSDAQ,9910.0,287156550130,-37.99,4.93,-264.0,2035.0,1.21622,6670405540.0,-3119672680.0,-2436899340.0,,41.50419,우주항공과국방,31100.0,6540.0,0.0024710417,28976443,488900,30552.0,64901.15,0.47074666627632944,669811775.0,-11.28021486123545,-42.38372093023256,2.2495441143955075,-12.972972972972974,-46.76886077304379,121.62200000000001,-68.13504823151125,https://finance.naver.com/item/main.naver?code=488900
한라IMS,KOSDAQ,16750.0,286587140000,10.99,1.43,1511.0,11613.0,0.46431,42836209120.0,9193629960.0,8363809400.0,,21.13778,조선,22150.0,13100.0,0.0079023687,17109680,092460,14479.0,17706.2,0.8177361602150659,310928289.75,-13.257379596064212,14.962251201098153,1.2614790299443133,13.011280461551708,21.462286576865978,46.431,-24.379232505643344,https://finance.naver.com/item/main.naver?code=092460
하림,KOSDAQ,2680.0,284642001360,7.4,0.88,363.0,3065.0,1.69477,425793631000.0,17304976000.0,8920902000.0,,33.27747,식품,3565.0,2550.0,0.0517100782,106209702,136480,187976.0,203055.95,0.9257350006242121,540498113.25,-6.78260869565217,-14.513556618819779,1.072359613200204,11.843393148450245,4.064169762088339,169.477,-24.824684431977563,https://finance.naver.com/item/main.naver?code=136480
에스엠벡셀,KOSPI,2560.0,284804505600,169.33,4.03,15.0,631.0,0.43802,36149595950.0,764903420.0,-948212880.0,,10.13834,자동차부품,3495.0,1321.0,0.0096506159,111251760,010580,1299322.0,2476366.85,0.5246888198329742,5565920068.05,32.231404958677686,27.68079800498753,7.868742468427083,2.3771790808240887,2.1159390579578523,43.802,-26.75250357653791,https://finance.naver.com/item/main.naver?code=010580
네패스아크,KOSDAQ,23350.0,284497450750,87.5,1.77,280.0,13841.0,0.66153,30932193330.0,5102398120.0,9351322520.0,,33.00285,반도체와반도체장비,63500.0,14880.0,0.0905107458,12184045,330860,107091.0,169752.9,0.630864038257962,4424482731.25,-54.571984435797674,21.23572170301142,1.1233622518378183,2.0229752185535728,16.495429423853274,66.15299999999999,-63.228346456692904,https://finance.naver.com/item/main.naver?code=330860
삼미금속,KOSDAQ,12290.0,283303905910,146.86,3.02,86.0,4178.0,1.22631,22258663140.0,2606524970.0,1279299170.0,,190.12516,기계,20850.0,4020.0,0.0093530252,23051579,012210,5624493.0,3059740.7,1.838225376418335,32826200874.0,22.90000000000001,-14.652777777777782,6.400417525576595,2.0584011488750598,11.710159561721099,122.631,-41.05515587529977,https://finance.naver.com/item/main.naver?code=012210
제이브이엠,KOSDAQ,23400.0,282903472800,9.43,1.14,2461.0,20312.0,0.36942,49306359680.0,13523560610.0,11578547350.0,,-32.03035,건강관리장비와용품,34050.0,19930.0,0.1987313865,12089892,054950,15003.0,11706.25,1.2816230646022424,278885913.75,4.0000000000000036,-7.509881422924902,1.2816230646022424,12.11599054745963,27.4276192721758,36.942,-31.277533039647576,https://finance.naver.com/item/main.naver?code=054950
아모텍,KOSDAQ,15130.0,282640504000,24.05,1.22,484.0,9535.0,1.28965,62299515040.0,-575237190.0,-2409255440.0,,96.79463,핸드셋,32339.232,7351.042,0.0825177187,18680800,052710,3395607.0,354514.55,9.57818797564162,4194181044.25,-50.39344262295082,24.01639344262294,9.57818797564162,5.0760356581017305,-0.9233413608928792,128.965,-53.21472074537825,https://finance.naver.com/item/main.naver?code=052710
한텍,KOSDAQ,25400.0,282476981400,9.09,1.79,2881.0,14605.0,0.36215,46339420660.0,10597133380.0,8975739320.0,,-42.34619,에너지장비및서비스,62200.0,20800.0,0.0458871981,11121141,098070,52191.0,83781.35,0.6229429341971692,2143314485.0,-24.629080118694358,-24.74074074074074,2.926188226854783,19.726121191372815,22.868506401391855,36.215,-59.163987138263664,https://finance.naver.com/item/main.naver?code=098070
한스바이오메드,KOSDAQ,19730.0,281376770910,-8.33,8.07,-2413.0,2492.0,0.9429,36345572940.0,4095164850.0,1786216180.0,,-32.03035,건강관리장비와용품,57800.0,10970.0,0.0612691616,14261367,042520,78168.0,140163.65,0.5576909562500691,2759459122.0,-26.242990654205613,-61.08481262327417,1.228278515863421,-96.8298555377207,11.267300303011814,94.28999999999999,-65.86505190311418,https://finance.naver.com/item/main.naver?code=042520
서울가스,KOSPI,56700.0,280665000000,7.25,0.2,7866.0,284280.0,0.42706,275500139500.0,-2348497860.0,2575041530.0,,9.70026,가스유틸리티,84200.0,51800.0,0.0290816162,4950000,017390,11117.0,4641.8,2.394976086862855,257739005.0,-0.7005253940455369,-16.000000000000004,3.4551251669610927,2.766990291262136,-0.8524488823353209,42.706,-32.66033254156769,https://finance.naver.com/item/main.naver?code=017390
송원산업,KOSPI,11710.0,281040000000,123.09,0.38,97.0,31671.0,0.60917,328509000000.0,39811000000.0,29619000000.0,,-32.42902,화학,16730.0,8470.0,0.1570855417,24000000,004430,69470.0,175562.35,0.39569987528647227,2058890126.0,11.736641221374056,32.018038331454335,1.2287543428303391,0.30627387831138897,12.1186938561805,60.917,-30.005977286312014,https://finance.naver.com/item/main.naver?code=004430
휴온스글로벌,KOSDAQ,22150.0,280414835800,9.55,0.5,2367.0,44802.0,0.41409,214141005640.0,19504181320.0,-343623370.0,,46.08491,제약,76700.0,20100.0,0.072705661,12659812,084110,17624.0,54085.4,0.3258550366642384,1385831105.0,-19.012797074954292,-64.84126984126983,0.7034245840836898,5.283246283648051,9.108102047857741,41.409,-71.1212516297262,https://finance.naver.com/item/main.naver?code=084110
삼양컴텍,KOSDAQ,6800.0,280231060000,10.63,1.82,649.0,3797.0,0.68551,46789798590.0,11483135120.0,9291731560.0,,41.50419,우주항공과국방,21900.0,4710.0,0.046870272,41210450,484590,85467.0,169889.55,0.503073908901401,1130190750.5,-28.421052631578945,-53.232462173314985,1.0503765534725356,17.092441401106136,24.5419631330796,68.551,-68.94977168949772,https://finance.naver.com/item/main.naver?code=484590
AP시스템,KOSDAQ,18580.0,279644254180,11.83,0.76,1605.0,24853.0,0.82639,162843598280.0,9594698000.0,9494953930.0,,16.1175,디스플레이장비및부품,31100.0,15600.0,0.1567625447,15050821,265520,28776.0,39701.55,0.7248079734922188,767239400.0,-24.929292929292934,-18.329670329670332,1.062678913039919,6.45797288053756,5.891971254223013,82.639,-40.257234726688104,https://finance.naver.com/item/main.naver?code=265520
진성티이씨,KOSDAQ,12680.0,279373659640,7.89,0.87,1633.0,14795.0,0.71953,152844599740.0,11492081690.0,33983526640.0,,190.12516,기계,21100.0,11210.0,0.1483104395,22032623,036890,50168.0,72865.8,0.6884985823253158,944911961.5,-20.401757689893284,-10.261854210898802,1.4174413785342368,11.037512673200405,7.518801259284845,71.953,-39.905213270142184,https://finance.naver.com/item/main.naver?code=036890
LB세미콘,KOSDAQ,3975.0,278579948850,-1.57,0.93,-2600.0,4381.0,1.3202,144854953990.0,13108569880.0,8970908830.0,,33.00285,반도체와반도체장비,6812.108,2885.0,0.2659195298,70083006,061970,291558.0,879622.1,0.33145824780891703,4209065133.05,-28.37837837837838,-18.041237113402065,0.5552395739033842,-59.34718100890207,9.049445337509786,132.02,-41.64801849882591,https://finance.naver.com/item/main.naver?code=061970
폰드그룹,KOSDAQ,4835.0,278358937420,8.23,1.21,600.0,4078.0,0.78616,149183477720.0,21710800440.0,16282404700.0,,8.94358,"섬유,의류,신발,호화품",7250.0,3560.0,0.0099413336,57571652,472850,11351.0,71963.1,0.15773361625610902,373341599.0,0.10351966873705098,-13.039568345323737,0.6116051142877391,14.713094654242276,14.553086422042421,78.616,-33.3103448275862,https://finance.naver.com/item/main.naver?code=472850
트리니티항공,KOSPI,2720.0,277728567520,-0.4,3.69,-6830.0,740.0,23.11601,469700730250.0,-181982906080.0,-211381152430.0,,138.60848,항공사,9278.935,2465.0,0.0049538866,102106091,091810,32105.0,346939.35,0.09253778794478056,312794198.05,199.88974641675856,128.7636669470143,0.2753910733965461,-922.972972972973,-38.74443754497442,2311.601,-70.68629104525466,https://finance.naver.com/item/main.naver?code=091810
KG이니시스,KOSDAQ,10110.0,278575327740,5.67,0.54,1798.0,18729.0,1.60002,371847338760.0,28611433550.0,19681696830.0,,32.68044,IT서비스,12280.0,8920.0,0.0839259845,27554434,035600,24534.0,54217.4,0.4525115553309454,553110238.25,0.5970149253731405,-4.622641509433967,1.3368770911183494,9.600085429013829,7.694403204662052,160.002,-17.671009771986967,https://finance.naver.com/item/main.naver?code=035600
상신이디피,KOSDAQ,20800.0,277226955200,140.73,1.77,151.0,12012.0,1.20281,86036945970.0,6399286250.0,5366212570.0,,-80.94163,전기제품,31550.0,9840.0,0.0337078795,13328219,091580,197826.0,318704.25,0.6207196797658017,6453748494.75,9.416096791162554,34.19354838709678,1.3507130827405032,1.257076257076257,7.437835197255084,120.28099999999999,-34.0729001584786,https://finance.naver.com/item/main.naver?code=091580
에코아이,KOSDAQ,9350.0,277051056150,154.83,2.2,60.0,4227.0,0.15494,17756462210.0,6163158360.0,5808554340.0,,15.3479,상업서비스와공급품,15700.0,5840.0,0.0043163391,29631129,448280,3373.0,17142.45,0.19676300645473663,153522640.75,3.658536585365857,-14.61187214611872,0.377833973556872,1.4194464158977997,34.70938234829831,15.494,-40.445859872611464,https://finance.naver.com/item/main.naver?code=448280
롯데이노베이트,KOSPI,18070.0,273387661690,27.85,0.65,657.0,28166.0,0.87228,274495717300.0,12378062000.0,8673338500.0,,32.68044,IT서비스,25400.0,15260.0,0.0174866536,15129367,286940,8669.0,11174.2,0.7758049793273791,205846702.75,-9.650000000000002,-16.3425925925926,1.2482325356625081,2.332599588155933,4.509382558589012,87.22800000000001,-28.858267716535437,https://finance.naver.com/item/main.naver?code=286940
유니셈,KOSDAQ,9010.0,276284649230,30.16,1.11,305.0,8275.0,0.17474,80144122690.0,5347885540.0,5258194440.0,,33.00285,반도체와반도체장비,14390.0,6000.0,0.168611838,30664223,036200,83352.0,250455.4,0.3328017682988668,2319515941.0,-21.583986074847694,-15.951492537313428,1.735071393948783,3.6858006042296076,6.6728355873153555,17.474,-37.387074357192496,https://finance.naver.com/item/main.naver?code=036200
CJ프레시웨이,KOSDAQ,22850.0,271265740100,5.88,0.61,3961.0,38342.0,3.19376,923161888240.0,23533221970.0,10139289660.0,,7.90676,식품과기본식료품소매,36400.0,19800.0,0.1834193005,11871586,051500,7873.0,6797.5,1.158219933799191,162666568.75,-6.924643584521384,-23.32214765100671,1.5536594336152998,10.330707839966616,2.549197737665046,319.37600000000003,-37.22527472527473,https://finance.naver.com/item/main.naver?code=051500
에이팩트,KOSDAQ,6180.0,270829576080,51.14,3.8,123.0,1657.0,2.12357,45223916450.0,1109690790.0,4390179670.0,,33.00285,반도체와반도체장비,13100.0,3050.0,0.0260586795,43823556,200470,309544.0,826139.85,0.3746871670698369,5168183084.25,-50.24154589371981,-28.13953488372093,0.7939817937604632,7.423053711526856,2.4537697685402478,212.357,-52.82442748091603,https://finance.naver.com/item/main.naver?code=200470
KG에코솔루션,KOSDAQ,5700.0,271337111400,2.87,0.16,1964.0,34152.0,1.18977,2150308765160.0,51655482290.0,112760760890.0,,7.59141,자동차,7600.0,4745.0,0.0269727107,47603002,151860,64471.0,66373.35,0.9713386472130756,372183204.25,0.5291005291005346,-4.201680672268903,1.7384386956511912,5.750761302412743,2.4022355824865187,118.977,-25.0,https://finance.naver.com/item/main.naver?code=151860
아이마켓코리아,KOSPI,8160.0,272779334400,12.31,0.7,666.0,11758.0,2.40448,1007697787270.0,17725447890.0,19077545550.0,,15.3479,상업서비스와공급품,10330.0,6890.0,0.0393426155,33428840,122900,16193.0,71359.3,0.22692206902253806,581555084.75,5.290322580645168,7.086614173228356,0.7224846656287267,5.664228610307875,1.7590043477242139,240.448,-21.006776379477255,https://finance.naver.com/item/main.naver?code=122900
파트론,KOSDAQ,5430.0,271500000000,8.06,0.53,674.0,10321.0,0.4069,355039030210.0,4476500290.0,3936222200.0,,96.79463,핸드셋,8730.0,4950.0,0.25331662,50000000,091700,46798.0,81494.6,0.5742466372005016,449398238.5,-17.35159817351598,-30.828025477707012,1.1214239961911585,6.530374963666312,1.2608473742597315,40.69,-37.80068728522337,https://finance.naver.com/item/main.naver?code=091700
화신,KOSPI,7700.0,268887157000,4.08,0.48,1920.0,16443.0,1.99374,498388345910.0,5800422000.0,7030664460.0,,10.13834,자동차부품,16720.0,6410.0,0.0121894044,34920410,010690,89301.0,548932.35,0.16268124842706028,4822169663.5,-42.14876033057852,-39.84375,0.27468776434837555,11.676701331873746,1.1638358014590198,199.374,-53.94736842105263,https://finance.naver.com/item/main.naver?code=010690
삼양엔씨켐,KOSDAQ,12320.0,269663609600,18.31,2.32,691.0,5448.0,0.19275,38008074720.0,5587144970.0,7127750610.0,,33.00285,반도체와반도체장비,25000.0,8230.0,0.0311029007,21888280,482630,68314.0,125333.55,0.5450575683845227,1693653443.0,-34.7803070407623,-35.66579634464752,1.819831960396877,12.683553597650512,14.699889460751933,19.275000000000002,-50.72,https://finance.naver.com/item/main.naver?code=482630
광주신세계,KOSPI,35450.0,270383247400,6.14,0.32,5830.0,113441.0,0.3894,48351900170.0,13896916240.0,12103885870.0,,36.5335,백화점과일반상점,59600.0,29450.0,0.0402710205,7627172,037710,15723.0,42621.15,0.3689013553130312,1618845493.75,-4.189189189189191,-5.213903743315507,0.6365618947400528,5.139235373454042,28.74119981043136,38.940000000000005,-40.52013422818792,https://finance.naver.com/item/main.naver?code=037710
에스비비테크,KOSDAQ,40350.0,268871095200,-25.19,19.83,-1554.0,1974.0,0.4137,2703873670.0,-2951877100.0,-3227679050.0,,190.12516,기계,115000.0,21950.0,0.0363954407,6663472,389500,205369.0,103212.6,1.9897667532839982,3985657782.5,-31.95615514333895,-25.827205882352942,2.0142308206556176,-78.72340425531915,-109.17215300225176,41.370000000000005,-64.91304347826087,https://finance.naver.com/item/main.naver?code=389500
마녀공장,KOSDAQ,16400.0,268849464000,28.47,2.12,557.0,7488.0,0.13542,25810066400.0,2524227810.0,2806846810.0,,42.91369,화장품,21250.0,11060.0,0.0280319473,16393260,439090,585831.0,188426.75,3.1090649284138268,3277884930.0,7.049608355091386,37.12374581939799,3.1090649284138268,7.438568376068376,9.78001284801034,13.542000000000002,-22.82352941176471,https://finance.naver.com/item/main.naver?code=439090
아이티켐,KOSDAQ,21000.0,268443021000,-16.6,4.02,-1265.0,5224.0,2.0607,15090540510.0,-2772663280.0,-1458214830.0,,46.08491,제약,55200.0,17470.0,0.0,12783001,309710,,,,,,,,-24.215160796324657,-18.373518683195265,206.07000000000002,-61.95652173913043,https://finance.naver.com/item/main.naver?code=309710
사조대림,KOSPI,29250.0,268060659750,-3.27,0.4,-8909.0,72933.0,2.16947,879223955830.0,20441773570.0,-112386073460.0,,33.27747,식품,43950.0,23200.0,0.0154831699,9164467,003960,1031.0,4396.35,0.23451272077973773,133201745.0,7.93357933579335,-13.204747774480708,1.1418563126229713,-12.215320910973086,2.3249791403491358,216.947,-33.44709897610921,https://finance.naver.com/item/main.naver?code=003960
한양디지텍,KOSDAQ,17560.0,267691347920,17.69,1.56,1025.0,11658.0,0.86445,258011869430.0,15383354250.0,11142168570.0,,33.00285,반도체와반도체장비,44300.0,11240.0,0.0664629107,15244382,078350,87453.0,127765.45,0.6844808201278202,2713951396.25,-30.729783037475343,-29.619238476953914,2.3659604376613554,8.792245668210672,5.962266109689029,86.44500000000001,-60.36117381489843,https://finance.naver.com/item/main.naver?code=078350
드림시큐리티,KOSDAQ,2620.0,266465748080,24.43,1.71,87.0,1244.0,2.92383,108304341200.0,8161426430.0,4783122850.0,,15.3479,상업서비스와공급품,4810.0,1400.0,0.0383275628,101704484,203650,51018114.0,830236.7,61.450082849866796,1746354373.65,-11.486486486486491,72.14191852825229,61.450082849866796,6.993569131832797,7.535641082871016,292.38300000000004,-45.530145530145525,https://finance.naver.com/item/main.naver?code=203650
엔케이젠바이오텍코리아,KOSDAQ,3670.0,265496721770,-22.8,37.07,-161.0,99.0,0.92638,2138035750.0,-129894050.0,-190677320.0,,-33.30868,생명과학도구및서비스,3685.0,3670.0,0.0,72342431,182400,,,,,,,,-162.62626262626264,-6.075391863770285,92.638,-0.4070556309362261,https://finance.naver.com/item/main.naver?code=182400
아스트,KOSDAQ,6300.0,265329269100,-18.81,0.77,-310.0,7610.0,0.73126,56996960540.0,3822532340.0,1754157800.0,,41.50419,우주항공과국방,10390.0,3990.0,0.0,42115757,067390,259044.0,551540.85,0.4696732798667588,503687653.6,801.2875536480686,681.637717121588,0.4696732798667588,-4.07358738501971,6.706554707101228,73.126,-39.36477382098171,https://finance.naver.com/item/main.naver?code=067390
티엠씨,KOSPI,10880.0,262145168000,-480.87,2.38,-23.0,4647.0,1.03116,106351589330.0,1341527850.0,1772507620.0,,21.13778,조선,38700.0,8820.0,0.0186566698,24094225,217590,242297.0,450338.2,0.5380334157750775,5386211868.5,-41.47391070467994,-17.762660619803473,2.3050520697555745,-0.49494297396169573,1.2614083705297081,103.11600000000001,-71.88630490956072,https://finance.naver.com/item/main.naver?code=217590
바텍,KOSDAQ,17730.0,263365958880,6.62,0.54,2701.0,33371.0,0.38247,121362551530.0,24473090870.0,22189947960.0,,-32.03035,건강관리장비와용품,27350.0,16030.0,0.2192978901,14854256,043150,21749.0,41037.35,0.5299806152200374,783330868.0,-8.749356664951103,-24.230769230769234,1.051773567250322,8.093853945042103,20.165273852165523,38.247,-35.17367458866545,https://finance.naver.com/item/main.naver?code=043150
에이블씨엔씨,KOSPI,10100.0,262743026100,18.74,2.98,548.0,3450.0,1.10789,65238290820.0,10407609700.0,9240011220.0,,42.91369,화장품,16790.0,8710.0,0.0955280088,26014161,078520,135974.0,118114.15,1.1512083861247786,1378698250.0,-7.083716651333949,-3.349282296650713,1.1512083861247786,15.884057971014492,15.95322251577038,110.789,-39.845145920190596,https://finance.naver.com/item/main.naver?code=078520
매일유업,KOSDAQ,34200.0,262096419600,4.4,0.39,7724.0,86122.0,0.53666,480004585600.0,20405358500.0,16279052570.0,,33.27747,식품,41650.0,31100.0,0.1403636236,7663638,267980,1046.0,2230.2,0.4690162317280962,76359735.0,0.7363770250368162,-8.310991957104562,1.2801542462559412,8.96867234852883,4.251075742223076,53.666000000000004,-17.887154861944776,https://finance.naver.com/item/main.naver?code=267980
세방,KOSPI,13650.0,260927980950,4.5,0.25,3011.0,54806.0,0.24661,307315327730.0,8457630130.0,22427741420.0,,8.54764,항공화물운송과물류,17110.0,11700.0,0.1280093021,19115603,004360,13144.0,19271.2,0.682054049566192,257554326.5,0.5895357406042745,-7.7079107505070965,1.273817925194072,5.493924022917199,2.7521016255429585,24.661,-20.22209234365868,https://finance.naver.com/item/main.naver?code=004360
한미글로벌,KOSPI,23550.0,258050302500,12.62,1.07,1826.0,21462.0,0.8424,119662587870.0,6248267710.0,5839211550.0,,39.04177,건설,34750.0,13740.0,0.0244749967,10957550,053690,175593.0,454630.4,0.38623242088518495,9998553705.75,12.67942583732058,27.642276422764223,1.732633805394448,8.508060758549995,5.221571604976522,84.24000000000001,-32.23021582733813,https://finance.naver.com/item/main.naver?code=053690
선진,KOSPI,10810.0,257057519240,2.16,0.46,5002.0,23678.0,1.40279,541130013760.0,43398691730.0,23759256750.0,,33.27747,식품,13950.0,8370.0,0.0775865317,23779604,136490,23490.0,102173.05,0.22990406961522633,1075443805.0,12.253374870197309,-2.875112309074568,1.3717511613874696,21.125095024917645,8.020011942868878,140.279,-22.5089605734767,https://finance.naver.com/item/main.naver?code=136490
바이오니아,KOSDAQ,9970.0,257328601270,-85.14,1.14,-109.0,8124.0,0.69739,96153096480.0,1176049270.0,-1100049010.0,,-69.92914,생물공학,15640.0,5470.0,0.0449183235,25810291,064550,2202789.0,967999.0,2.275610821912006,9517355650.25,24.625000000000007,-20.99841521394612,2.3182978494812496,-1.3417035942885278,1.2231007768373015,69.73899999999999,-36.253196930946295,https://finance.naver.com/item/main.naver?code=064550
사조산업,KOSPI,51300.0,256500000000,-8.71,0.47,-5823.0,106906.0,1.1148,186669459570.0,16382254270.0,-44108186000.0,,33.27747,식품,72800.0,39150.0,0.0116752,5000000,007160,2155.0,3366.6,0.6401116853799085,168856808.75,17.525773195876294,-4.469273743016755,0.6401116853799085,-5.446841150169308,8.776076337145417,111.48,-29.53296703296703,https://finance.naver.com/item/main.naver?code=007160
비덴트,KOSDAQ,3320.0,256309348520,29.12,0.4,114.0,8348.0,0.09303,3112694570.0,-2120518270.0,-2221502940.0,,19.99532,디스플레이패널,3320.0,3320.0,0.015392114,77201611,121800,,,,,,,,1.3655965500718734,-68.12484239338652,9.303,0.0,https://finance.naver.com/item/main.naver?code=121800
덕산테코피아,KOSDAQ,12550.0,256981129200,-3.59,2.39,-3752.0,5642.0,7.02264,42181814090.0,-10561938960.0,-18128395900.0,,33.00285,반도체와반도체장비,33000.0,7850.0,0.0124262914,20476584,317330,130230.0,170438.9,0.7640861329191869,2153224796.25,-22.1946683199008,-29.45474985947162,3.638007520583623,-66.50124069478908,-25.039081859933347,702.264,-61.96969696969696,https://finance.naver.com/item/main.naver?code=317330
유진기업,KOSDAQ,3315.0,256285510845,-22.21,0.26,-149.0,12870.0,1.80627,368273504130.0,14248462460.0,-11408064010.0,,7.71583,건축자재,5200.0,2950.0,0.0478505589,77310863,023410,99212.0,275954.55,0.3595229721705984,909191325.4,-7.272727272727275,-21.352313167259783,0.8354636660276122,-1.1577311577311578,3.868989297413673,180.627,-36.25000000000001,https://finance.naver.com/item/main.naver?code=023410
아이스크림미디어,KOSDAQ,19200.0,256011513600,4.95,1.2,3893.0,16098.0,0.28016,77184300230.0,32329056830.0,41805699690.0,,10.6218,교육서비스,27550.0,14130.0,0.0724726905,13333933,461300,21494.0,34212.9,0.6282425634775187,639799272.5,9.839816933638446,27.40544127405442,0.9579427642789707,24.18312833892409,41.885534666587986,28.016000000000002,-30.30852994555354,https://finance.naver.com/item/main.naver?code=461300
KH바텍,KOSDAQ,10780.0,255242824760,11.82,0.87,925.0,12563.0,0.78792,103888068900.0,4974995270.0,3093857800.0,,96.79463,핸드셋,19960.0,8250.0,0.0755998051,23677442,060720,61211.0,136502.65,0.4484235287739835,1479625947.5,-13.134568896051569,-29.588504245591118,0.942611736841739,7.362891029212768,4.788803298277498,78.792,-45.991983967935866,https://finance.naver.com/item/main.naver?code=060720
알멕,KOSDAQ,39850.0,254696532850,-172.44,1.5,-205.0,23535.0,1.24311,55217090660.0,2601088840.0,3506548200.0,,10.13834,자동차부품,104000.0,18900.0,0.0753855857,6391381,354320,305817.0,88581.95,3.452362473393282,3042169583.75,-28.1981981981982,-25.791433891992554,3.452362473393282,-0.8710431272572764,4.710658980597585,124.31099999999999,-61.6826923076923,https://finance.naver.com/item/main.naver?code=354320
지노믹트리,KOSDAQ,10250.0,254806820500,-27.65,2.16,-374.0,4790.0,0.02032,842315520.0,-2644007220.0,-2476249320.0,,-32.03035,건강관리장비와용품,33300.0,10010.0,0.0277330302,24859202,228760,33177.0,88277.8,0.3758249525928376,1004163751.0,-21.576128538638105,-46.503131524008346,0.706870810101747,-7.807933194154488,-313.8974834513319,2.032,-69.21921921921921,https://finance.naver.com/item/main.naver?code=228760
HEM파마,KOSDAQ,35200.0,254113974400,-10.37,50.36,-3389.0,698.0,2.50117,4574549690.0,-2859222390.0,1404750930.0,,-10.66193,건강관리업체및서비스,97500.0,22850.0,0.0069817113,7219147,376270,3915.0,10909.45,0.3588631874200807,427843733.75,-31.650485436893206,-52.81501340482574,1.7225432996163874,-485.5300859598854,-62.50281631545683,250.11700000000002,-63.8974358974359,https://finance.naver.com/item/main.naver?code=376270
인투셀,KOSDAQ,16870.0,253420465200,-22.82,10.29,-744.0,1650.0,0.85723,760301100.0,-2206673700.0,-2071193310.0,,46.08491,제약,74900.0,13050.0,0.0485756186,15021960,287840,21643.0,43243.7,0.5004890885840019,840855660.5,-36.93457943925233,-60.675990675990676,1.0484533007120114,-45.09090909090909,-290.2368153880088,85.723,-77.47663551401868,https://finance.naver.com/item/main.naver?code=287840
한국공항,KOSPI,80300.0,254258306500,6.03,0.6,13258.0,132482.0,0.34892,173873700020.0,12924050320.0,10333016570.0,,6.5283,운송인프라,95900.0,54200.0,0.1292205075,3166355,005430,1557.0,7873.6,0.19774944117049378,646956895.0,-6.736353077816492,33.833333333333336,0.7131426539321276,10.00739723132199,7.43301046593786,34.892,-16.266944734098022,https://finance.naver.com/item/main.naver?code=005430
큐에이드,KOSDAQ,4080.0,253187202960,19.81,4.46,206.0,915.0,1.87686,23530444080.0,-699583090.0,-1975495220.0,,15.3479,상업서비스와공급품,4080.0,4080.0,0.0002250559,62055687,377460,,,,,,,,22.51366120218579,-2.9730976925956933,187.686,0.0,https://finance.naver.com/item/main.naver?code=377460
이뮨온시아,KOSDAQ,2755.0,251813251095,-7.59,7.73,-375.0,368.0,0.04849,,-4273817150.0,-3901969400.0,,46.08491,제약,15499.001,2300.0,0.0325593777,91402269,424870,117942.0,140907.85,0.8370151130685763,423347451.55,-37.38636363636364,-64.12760416666667,0.957022621521796,-101.90217391304348,,4.849,-82.22466080233171,https://finance.naver.com/item/main.naver?code=424870
에스바이오메딕스,KOSDAQ,20150.0,249560329200,-30.56,29.44,-684.0,710.0,0.92258,4816104620.0,-3686242210.0,-6405353060.0,,-69.92914,생물공학,42600.0,13910.0,0.0205469818,12385128,304360,23370.0,23075.6,1.012758064795715,461147897.25,-21.44249512670565,-44.33701657458563,3.596569536653435,-96.3380281690141,-76.53991141911696,92.258,-52.69953051643193,https://finance.naver.com/item/main.naver?code=304360
아이씨티케이,KOSDAQ,17200.0,249440420000,-30.36,4.79,-499.0,3161.0,0.47558,1723536120.0,-1939948300.0,-12812875010.0,,-335.21939,통신장비,39950.0,11000.0,0.0390824246,14502350,456010,2435069.0,176968.15,13.759927987041737,2934302560.75,-25.701943844492437,12.19830397912589,13.759927987041737,-15.78614362543499,-112.55628921777398,47.558,-56.94618272841051,https://finance.naver.com/item/main.naver?code=456010
필에너지,KOSDAQ,11580.0,250636153560,-16.82,2.04,-716.0,5893.0,0.78448,2390732760.0,-7143555190.0,-3797379860.0,,-80.94163,전기제품,22850.0,7330.0,0.0164587388,21643882,378340,24860.0,52370.7,0.47469291034872557,600808372.75,-16.086956521739125,-20.576131687242793,2.3688627419530386,-12.150008484642797,-298.8019116783258,78.448,-49.32166301969365,https://finance.naver.com/item/main.naver?code=378340
제테마,KOSDAQ,6660.0,248332079340,-36.36,3.68,-184.0,1818.0,2.01879,20082245180.0,2305643430.0,1351121990.0,,-32.03035,건강관리장비와용품,11280.0,3800.0,0.0287274963,37287099,216080,184291.0,337408.0,0.5461962964719271,1847479605.5,35.09127789046653,-24.318181818181817,0.7091681287936267,-10.121012101210122,11.481004286792599,201.87900000000002,-40.95744680851063,https://finance.naver.com/item/main.naver?code=216080
다올투자증권,KOSPI,4050.0,246689979300,6.26,0.44,641.0,9169.0,11.59949,1060502871630.0,17114292400.0,17113433550.0,,8.19324,증권,5740.0,3005.0,0.0470689697,60911106,030210,142393.0,56031.9,2.541284518283335,216602627.65,10.354223433242504,-11.475409836065575,2.541284518283335,6.990947758752318,1.6137902930611796,1159.9489999999998,-29.442508710801395,https://finance.naver.com/item/main.naver?code=030210
삼영전자,KOSPI,12320.0,246400000000,45.8,0.43,269.0,28401.0,0.0864,41685108790.0,3112098050.0,5487252360.0,,-80.94163,전기제품,17990.0,10070.0,0.3999185,20000000,005680,15529.0,26554.75,0.5847917980775568,335952033.75,-11.239193083573484,4.584040747028872,0.6201903614230976,0.9471497482483011,7.465730905676738,8.64,-31.517509727626457,https://finance.naver.com/item/main.naver?code=005680
에어부산,KOSPI,1509.0,245838541848,-6.64,1.1,-229.0,1383.0,16.46658,235319319020.0,-35515179760.0,-61757044860.0,,138.60848,항공사,2240.0,1400.0,0.0086865673,162914872,298690,18845.0,109132.65,0.17267976173949776,165891745.8,-14.358683314415433,-13.869863013698636,1.5745517038209922,-16.55820679681851,-15.092334920866202,1646.6580000000001,-32.63392857142857,https://finance.naver.com/item/main.naver?code=298690
KPX케미칼,KOSPI,56100.0,245645574900,5.09,0.34,10650.0,158214.0,0.38459,244962263730.0,23038622510.0,61185868770.0,,-32.42902,화학,57000.0,45000.0,0.2969911908,4378709,025000,17322.0,4469.9,3.875254479965995,240377410.0,9.35672514619883,10.000000000000009,3.875254479965995,6.731389131176761,9.40496799759877,38.458999999999996,-1.5789473684210575,https://finance.naver.com/item/main.naver?code=025000
메가터치,KOSDAQ,8430.0,245136905730,-59.28,3.25,-138.0,2519.0,0.15059,25216164730.0,4771813600.0,4080083150.0,,253.27647,전자장비와기기,10990.0,3245.0,0.3697489927,29079111,446540,5412137.0,234509.25,23.078565131226167,1767139458.5,9.48051948051949,127.22371967654986,23.078565131226167,-5.478364430329496,18.923629549115812,15.059000000000001,-23.293903548680618,https://finance.naver.com/item/main.naver?code=446540
삼진제약,KOSPI,18440.0,245620800000,9.45,0.81,1963.0,22942.0,0.59612,79630293310.0,7150958150.0,6098509140.0,,46.08491,제약,25900.0,16580.0,0.0373006006,13320000,005500,17557.0,32943.2,0.53294761893198,601219012.75,-3.6069001568217463,1.4301430143014215,0.6596201947594649,8.556359515299452,8.980198179305185,59.611999999999995,-28.803088803088805,https://finance.naver.com/item/main.naver?code=005500
남양유업,KOSPI,43050.0,244241893350,48.31,0.36,888.0,120319.0,0.16962,258038155820.0,1278332550.0,1518194680.0,,33.27747,식품,60100.0,39500.0,0.0674596943,5673447,003920,1401.0,3205.4,0.43707493604542336,138586113.75,0.0,-12.410986775178024,0.9652461471267236,0.7380380488534646,0.4954044668075089,16.962,-28.369384359400996,https://finance.naver.com/item/main.naver?code=003920
넥스트바이오메디컬,KOSDAQ,29500.0,244179937000,-777.63,5.04,-38.0,5864.0,0.29323,4935531420.0,-1033899060.0,-633068600.0,,-32.03035,건강관리장비와용품,101000.0,28550.0,0.0220050388,8277286,389650,18033.0,25789.0,0.699251618907286,855661995.0,-34.29844097995546,-61.030383091149275,0.8590484315018031,-0.6480218281036835,-20.948079791577946,29.323,-70.79207920792079,https://finance.naver.com/item/main.naver?code=389650
케이프,KOSDAQ,7900.0,243795698500,3.9,0.8,2008.0,9768.0,13.48029,161093349960.0,2793384940.0,-680924110.0,,8.19324,증권,17500.0,6880.0,0.0240921847,30860215,064820,54310.0,59762.55,0.9087630966215464,478490215.25,-29.401251117068817,-22.549019607843135,0.9087630966215464,20.55692055692056,1.7340162959511403,1348.029,-54.85714285714286,https://finance.naver.com/item/main.naver?code=064820
대한제당,KOSPI,2830.0,244064619450,-4.02,0.55,-708.0,5203.0,1.48195,336628472000.0,13379268000.0,12432993000.0,,33.27747,식품,3260.0,2150.0,0.0,86241915,001790,99727.0,181735.95,0.54874668440669,515440136.95,15.274949083503063,3.2846715328467058,1.3246746172124997,-13.607534114933692,3.974490904025492,148.19500000000002,-13.190184049079756,https://finance.naver.com/item/main.naver?code=001790
피에이치에이,KOSDAQ,11550.0,242550000000,4.82,0.26,2369.0,43257.0,0.37439,316817781260.0,11381660300.0,14374783300.0,,10.13834,자동차부품,15600.0,9730.0,0.1503942857,21000000,043370,7098.0,16132.85,0.4399718586610549,178069278.5,-11.562021439509952,-6.3260340632603445,1.0008770923922308,5.476570266084102,3.592494163280411,37.439,-25.96153846153846,https://finance.naver.com/item/main.naver?code=043370
세보엠이씨,KOSDAQ,24050.0,242541171600,6.63,0.86,3612.0,27833.0,0.70051,289840009640.0,18059542460.0,15131096890.0,,39.04177,건설,29300.0,12430.0,0.1273781165,10084872,011560,24331.0,66224.45,0.36740206977936396,1610270331.25,3.88768898488121,30.000000000000004,1.588386162512486,12.977400926957209,6.230865946503079,70.051,-17.918088737201366,https://finance.naver.com/item/main.naver?code=011560
싸이맥스,KOSDAQ,22050.0,240879558150,16.35,1.31,1425.0,17779.0,0.26224,62515652940.0,11289841680.0,9006494590.0,,33.00285,반도체와반도체장비,47850.0,13080.0,0.071296748,10924243,160980,91611.0,186520.55,0.4911576767278458,4989086782.5,-43.96442185514613,-4.338394793926248,0.8810879015743842,8.015073963664998,18.059223808852376,26.223999999999997,-53.918495297805634,https://finance.naver.com/item/main.naver?code=160980
휴온스,KOSDAQ,20150.0,241390249750,5.55,0.63,3651.0,32090.0,0.60447,146980812510.0,2927452840.0,-1077068150.0,,46.08491,제약,41500.0,20000.0,0.1608802083,11979665,243070,9083.0,49206.3,0.1845901845901846,1110429258.75,-29.668411867364753,-23.384030418250944,0.6873103647297195,11.3773761296354,1.9917244911139866,60.446999999999996,-51.445783132530124,https://finance.naver.com/item/main.naver?code=243070
채비,KOSDAQ,5120.0,240381905920,-5.91,2.91,-899.0,1822.0,0.6346,28953504370.0,-10035636350.0,-11377239200.0,,-80.94163,전기제품,30750.0,3555.0,0.0255688489,46949591,0011T0,187260.0,191948.9,0.9755721444613645,984121613.6,-42.72930648769575,-77.29490022172949,5.996981488302356,-49.34138309549945,-34.66121482827607,63.46000000000001,-83.34959349593495,https://finance.naver.com/item/main.naver?code=0011T0
디지털대성,KOSDAQ,8680.0,240221968560,10.74,1.62,801.0,5322.0,0.86306,69024696300.0,15111354870.0,20130395550.0,,10.6218,교육서비스,9180.0,6760.0,0.0371608055,27675342,068930,10190.0,28902.55,0.3525640471169499,239975536.75,11.711711711711704,-2.031602708803615,0.7931134104084242,15.050732807215333,21.89267853395829,86.30600000000001,-5.446623093681913,https://finance.naver.com/item/main.naver?code=068930
서흥,KOSPI,20750.0,240059094750,5.37,0.48,3911.0,43882.0,0.91757,212900400980.0,22491978470.0,16566368520.0,,46.08491,제약,30800.0,16000.0,0.0606397396,11569113,008490,6257.0,43702.2,0.1431735702092801,1046392722.5,8.355091383812008,-4.157043879907619,0.5322157694578306,8.912538170548288,10.564554301667526,91.757,-32.62987012987013,https://finance.naver.com/item/main.naver?code=008490
베뉴지,KOSDAQ,4980.0,240036000000,2.09,0.5,2331.0,9718.0,0.49008,14064019250.0,5867699120.0,219445783120.0,,15.31862,"호텔,레스토랑,레저",7300.0,2310.0,0.0063930913,48200000,019010,392955.0,946588.7,0.4151274994091943,4815074823.6,-6.037735849056602,-0.7968127490039834,0.4151274994091943,23.986416958221856,41.72135301933692,49.008,-31.780821917808222,https://finance.naver.com/item/main.naver?code=019010
대아티아이,KOSDAQ,3395.0,239257114915,11.83,1.57,290.0,2189.0,0.83468,30464709510.0,1798023880.0,1938808990.0,,13.80218,도로와철도운송,5140.0,2065.0,0.058665615,70473377,045390,564859.0,3146359.55,0.17952779745086667,10722814396.9,2.259036144578319,-23.70786516853932,0.546743934589421,13.24805847418913,5.901989248936712,83.468,-33.949416342412455,https://finance.naver.com/item/main.naver?code=045390
상아프론테크,KOSDAQ,14950.0,239036103150,35.22,1.17,433.0,13041.0,0.92511,55832322730.0,3579752210.0,4967601250.0,,253.27647,전자장비와기기,30050.0,10600.0,0.0478207662,15989037,089980,11367.0,18192.15,0.6248299403863754,269824486.0,-24.456796361798894,-32.959641255605376,1.8054490535753056,3.3202975231960736,6.411612548006204,92.511,-50.249584026622294,https://finance.naver.com/item/main.naver?code=089980
대명에너지,KOSDAQ,13340.0,239003775500,16.51,1.45,807.0,9190.0,1.27054,25345510560.0,3397394790.0,16526211150.0,,-42.34619,에너지장비및서비스,27600.0,10590.0,0.0092158409,17916325,389260,118847.0,110323.7,1.0772571985892425,1508117833.75,-25.34974818130946,-23.771428571428576,1.6501712687301098,8.781284004352557,13.404325716609279,127.054,-51.66666666666666,https://finance.naver.com/item/main.naver?code=389260
뷰웍스,KOSDAQ,26600.0,238639532600,10.87,0.95,2434.0,27823.0,0.41988,63877066590.0,10696407740.0,16243346440.0,,-32.03035,건강관리장비와용품,34900.0,18010.0,0.3016367214,8971411,100120,22799.0,18488.45,1.2331482628343642,506980538.75,0.9487666034155628,5.976095617529875,1.2331482628343642,8.74815799877799,16.74530204816032,41.988,-23.782234957020055,https://finance.naver.com/item/main.naver?code=100120
BYC,KOSPI,38050.0,237666007500,16.18,0.56,2367.0,68791.0,0.38004,43426502660.0,2992635670.0,3698689540.0,,8.94358,"섬유,의류,신발,호화품",71500.0,29150.0,0.0493225427,6246150,001460,1426.0,1689.25,0.8441616101820334,63203878.75,2.837837837837842,-19.978969505783382,1.578215184253367,3.4408570888633685,6.891265671173899,38.004,-46.78321678321679,https://finance.naver.com/item/main.naver?code=001460
흥국화재,KOSPI,3675.0,236091720375,1.86,0.29,1992.0,12842.0,9.40558,949301000000.0,35505000000.0,26831000000.0,,8.92597,손해보험,7480.0,2870.0,0.0131056403,64242645,000540,49705.0,92047.1,0.5399952850225591,338858751.9,0.9615384615384581,-23.197492163009404,0.9521212509682543,15.511602554119296,3.740120362245484,940.558,-50.86898395721925,https://finance.naver.com/item/main.naver?code=000540
일신방직,KOSPI,10330.0,237176800000,6.8,0.25,1555.0,42582.0,0.19401,138516423590.0,12489780750.0,30041092150.0,,8.94358,"섬유,의류,신발,호화품",17800.0,9300.0,0.1039295732,22960000,003200,12698.0,29342.6,0.43274965408655,314633085.25,-6.7689530685920545,-21.978851963746227,1.2780053573984582,3.6517777464656427,9.016823006468153,19.401,-41.96629213483146,https://finance.naver.com/item/main.naver?code=003200
LS네트웍스,KOSPI,3000.0,236409048000,-7.37,0.26,-405.0,11323.0,10.8324,2379092704890.0,63054037910.0,35834276490.0,,8.19324,증권,4965.0,2560.0,0.0091467184,78803016,000680,17873.0,79786.1,0.22401145061608474,239473659.0,-6.25,-6.542056074766355,0.820794599560575,-3.5767906031970322,2.650339676986878,1083.24,-39.57703927492447,https://finance.naver.com/item/main.naver?code=000680
아이엠바이오로직스,KOSDAQ,15900.0,235901129100,117.03,2.6,128.0,5770.0,0.01953,,-2677728840.0,-2122500000.0,,46.08491,제약,104000.0,13190.0,0.0439496408,14836549,493280,131166.0,85420.65,1.5355303430727816,1357716256.5,-43.51687388987566,-84.71153846153847,2.0460977527096786,2.218370883882149,,1.9529999999999998,-84.71153846153847,https://finance.naver.com/item/main.naver?code=493280
서호전기,KOSDAQ,45800.0,235870000000,10.03,2.54,4588.0,18120.0,0.32486,23953326780.0,4198541320.0,5217573130.0,,6.5283,운송인프라,59900.0,37700.0,0.0222986408,5150000,065710,21448.0,8130.1,2.6380979323747553,366267611.25,-4.08376963350785,-6.910569105691056,2.6380979323747553,25.32008830022075,17.52800919288423,32.486,-23.539232053422367,https://finance.naver.com/item/main.naver?code=065710
코오롱글로벌,KOSPI,9260.0,235425860340,-0.95,0.34,-9556.0,26910.0,3.2187,750494505250.0,52208362990.0,32238057510.0,,39.04177,건설,13570.0,7900.0,0.0089161566,25423959,003070,5757.0,20672.75,0.27848254344487305,204546615.5,-4.634397528321321,-6.370070778564207,0.8232576701212949,-35.510962467484205,6.956528345615093,321.87,-31.76123802505527,https://finance.naver.com/item/main.naver?code=003070
슈어소프트테크,KOSDAQ,4400.0,235217395600,27.38,2.22,164.0,2019.0,0.3842,26447518870.0,2755203840.0,2753063030.0,,162.84747,소프트웨어,10880.0,3000.0,0.0483100358,53458499,298830,233726.0,178322.9,1.310689765588155,770967509.25,-16.981132075471695,-40.21739130434783,1.4757891442994702,8.122833085685983,10.417626899305432,38.42,-59.55882352941176,https://finance.naver.com/item/main.naver?code=298830
셀바스AI,KOSDAQ,8730.0,234966116700,-40.9,2.23,-223.0,4090.0,0.19775,33344024530.0,1780045870.0,-297610430.0,,-32.03035,건강관리장비와용품,17580.0,6100.0,0.0091574558,26914790,108860,302000.0,309428.95,0.9759914190317357,2935506631.5,-12.261306532663319,-14.662756598240467,0.9759914190317357,-5.452322738386308,5.338425385329453,19.775000000000002,-50.34129692832765,https://finance.naver.com/item/main.naver?code=108860
대동,KOSPI,8110.0,233785875150,-11.51,0.45,-703.0,17840.0,2.37606,467080858520.0,41232575820.0,21418694530.0,,190.12516,기계,13640.0,5470.0,0.0322959156,28826865,000490,114222.0,763520.9,0.1495990483037203,6540081652.25,-1.218026796589522,-19.62338949454906,0.4053183089028735,-3.9405829596412554,8.827716886247536,237.606,-40.542521994134894,https://finance.naver.com/item/main.naver?code=000490
DXVX,KOSDAQ,2380.0,234262048160,-4.0,2.46,-587.0,954.0,0.28143,6404418470.0,-6035537520.0,-5917036360.0,,-10.66193,건강관리업체및서비스,5360.0,1319.0,0.04916629,98429432,180400,34410.0,76417.8,0.4502877601815284,195925056.4,-8.285163776493254,-41.59509202453988,0.8567375663785138,-61.530398322851156,-94.24021163314146,28.143,-55.59701492537313,https://finance.naver.com/item/main.naver?code=180400
강원에너지,KOSDAQ,8950.0,233801190100,-39.4,6.98,-234.0,1321.0,1.50366,47481157920.0,-94530510.0,-761624640.0,,253.27647,전자장비와기기,20250.0,6040.0,0.0106105193,26123038,114190,67611.0,132687.3,0.50955140393994,1212659255.5,-13.10679611650486,-35.19188993482983,1.6168917447261344,-17.713853141559426,-0.1990905743269203,150.36599999999999,-55.80246913580247,https://finance.naver.com/item/main.naver?code=114190
씨메스로보틱스,KOSDAQ,19730.0,232950018620,-13.52,3.86,-1439.0,5040.0,0.23036,3744361940.0,-4770689860.0,-4301313780.0,,190.12516,기계,46950.0,13420.0,0.0148300645,11806894,475400,156825.0,77109.8,2.03378818256564,1554778041.25,-18.639175257731956,-37.85826771653543,12.35311205579576,-28.5515873015873,-127.40995492545788,23.036,-57.9765708200213,https://finance.naver.com/item/main.naver?code=475400
나우로보틱스,KOSDAQ,17820.0,231274767240,-21.93,12.32,-701.0,1248.0,2.32187,6164866600.0,-4154889080.0,-8273984100.0,,190.12516,기계,38250.0,10700.0,0.0092790457,12978382,459510,768962.0,65365.4,11.764052541558684,1027404115.25,-4.959999999999997,-23.354838709677416,11.764052541558684,-56.169871794871796,-67.39625282402704,232.187,-53.41176470588236,https://finance.naver.com/item/main.naver?code=459510
KBI메탈,KOSDAQ,5340.0,231175200240,-5430.0,1.56,-1.0,3484.0,1.4752,279852511250.0,12865536880.0,11310437550.0,,55.63885,전기장비,11760.0,1620.0,0.0138840804,43291236,024840,582459.0,4206071.5,0.1384805274945992,24512180162.05,-3.4358047016274873,144.39359267734554,0.3703971746557328,-0.02870264064293915,4.597256184171547,147.52,-54.59183673469388,https://finance.naver.com/item/main.naver?code=024840
유니테스트,KOSDAQ,10930.0,230995997180,-11.06,2.37,-1022.0,4773.0,0.94726,50527384900.0,7880932740.0,6969281360.0,,33.00285,반도체와반도체장비,23700.0,6030.0,0.0891082981,21134126,086390,61134.0,194440.4,0.3144099682987692,2111244520.25,-27.27877578176979,-47.19806763285024,0.6675464563948644,-21.41210978420281,15.597349349461384,94.726,-53.88185654008439,https://finance.naver.com/item/main.naver?code=086390
케이티알파,KOSDAQ,4680.0,229409579880,5.28,0.76,890.0,6183.0,0.54574,96365650140.0,12721918040.0,13321504320.0,,20.23581,인터넷과카탈로그소매,6100.0,4220.0,0.0108432745,49019141,036030,17349.0,26543.45,0.6536075755035611,124716743.6,2.857142857142847,-0.6369426751592355,0.7150163222942006,14.394306970726184,13.201714533672112,54.574,-23.278688524590162,https://finance.naver.com/item/main.naver?code=036030
비츠로테크,KOSDAQ,8740.0,228988218500,34.29,0.87,252.0,9877.0,0.40381,123206867640.0,11817356980.0,11637323480.0,,-80.94163,전기제품,23800.0,6520.0,0.0804850759,26200025,042370,206222.0,124378.3,1.6580223399097753,1062803765.75,-24.655172413793103,-13.379583746283451,2.7016449010800114,2.551381998582565,9.591475870102723,40.381,-63.27731092436974,https://finance.naver.com/item/main.naver?code=042370
잇츠한불,KOSPI,10410.0,228284169150,10.76,0.46,949.0,22121.0,0.05857,49663192940.0,7333928060.0,14508253000.0,,42.91369,화장품,14200.0,8200.0,0.0126858044,21929315,226320,62619.0,46266.75,1.3534341616819854,500499319.25,2.359882005899716,0.19249278152069227,1.3534341616819854,4.290041137380769,14.767330946402094,5.856999999999999,-26.69014084507042,https://finance.naver.com/item/main.naver?code=226320
KSS해운,KOSPI,10120.0,228484553000,6.24,0.42,1619.0,24109.0,2.29983,159897316520.0,32012343410.0,17011433210.0,,10.15986,해운사,14400.0,8540.0,0.0758032158,22577525,044450,44766.0,45667.05,0.9802691437261657,463919349.5,0.5964214711729587,-4.708097928436916,1.1253409186711205,6.7153345223775345,20.020563263171393,229.983,-29.72222222222223,https://finance.naver.com/item/main.naver?code=044450
신세계 I&C,KOSPI,16310.0,228028479000,7.5,0.49,2156.0,32954.0,0.30628,174955496530.0,15236657210.0,12842179200.0,,32.68044,IT서비스,29300.0,10310.0,0.0369069945,13980900,035510,178534.0,102118.05,1.748309921703362,1502743674.0,6.115810019518553,0.9907120743034126,3.8181105103358317,6.542453116465376,8.708875978290477,30.628,-44.33447098976109,https://finance.naver.com/item/main.naver?code=035510
삼부토건,KOSPI,5820.0,227794235460,-1.04,-0.56,-5602.0,-10365.0,1.81696,21981751620.0,-6946231990.0,176408096330.0,,39.04177,건설,347.0,347.0,0.0,39139903,001470,,,,,,,,54.047274481427884,-31.59999307643892,181.696,1577.2334293948127,https://finance.naver.com/item/main.naver?code=001470
미창석유,KOSPI,130900.0,227723064800,2.87,0.41,45517.0,316865.0,0.14551,135946149450.0,8156045310.0,79400019670.0,,-32.42902,화학,169000.0,104000.0,0.3031042633,1739672,003650,2189.0,3488.7,0.6274543526241867,493543362.5,4.1368337311058045,2.2656250000000044,3.8828216814286125,14.364792577280545,5.99946768849068,14.551,-22.544378698224854,https://finance.naver.com/item/main.naver?code=003650
지씨셀,KOSDAQ,14400.0,227524953600,-0.8,1.17,-18158.0,12404.0,0.77035,41603971180.0,-1009284590.0,2174866170.0,,-10.66193,건강관리업체및서비스,28450.0,11610.0,0.0338138208,15800344,144510,40642.0,48029.15,0.8461944464975957,677472303.5,-18.41359773371105,-44.827586206896555,0.8461944464975957,-146.3882618510158,-2.4259332976492076,77.035,-49.38488576449912,https://finance.naver.com/item/main.naver?code=144510
칩스앤미디어,KOSDAQ,10650.0,227433668100,37.8,2.67,291.0,4120.0,0.23069,7091905740.0,1126870850.0,2177371120.0,,33.00285,반도체와반도체장비,21150.0,7740.0,0.0196444213,21355274,094360,39116.0,51628.75,0.7576398808803234,550283990.5,-29.28286852589641,-35.80470162748644,2.449584775924267,7.063106796116505,15.889535074390315,23.069,-49.64539007092199,https://finance.naver.com/item/main.naver?code=094360
한진,KOSPI,14650.0,227347724400,-137.74,0.15,-106.0,94858.0,1.8592,864122121550.0,29830881270.0,2967477400.0,,8.54764,항공화물운송과물류,23650.0,13700.0,0.0523604682,15518616,002320,9509.0,18181.8,0.522995522995523,271537639.0,-13.924794359576964,-25.521098118962893,1.4504064504064504,-0.11174597819899217,3.4521603516516293,185.92,-38.05496828752643,https://finance.naver.com/item/main.naver?code=002320
모토닉,KOSPI,10420.0,226458839480,8.29,0.46,1248.0,22319.0,0.10298,73661865890.0,5812353760.0,7031852190.0,,10.13834,자동차부품,11980.0,9290.0,0.1125301809,21733094,009680,27764.0,12154.75,2.284209876797137,123966269.75,2.357563850687616,-1.6981132075471694,2.284209876797137,5.591648371342802,7.89058719837432,10.298,-13.021702838063442,https://finance.naver.com/item/main.naver?code=009680
에이직랜드,KOSDAQ,20650.0,225614837700,-8.76,4.21,-2443.0,5085.0,1.70494,59739940880.0,7980160420.0,9028299180.0,,33.00285,반도체와반도체장비,34800.0,13910.0,0.0102666585,10925658,445090,12992.0,49530.2,0.2623046141545966,1105539912.0,-34.65189873417721,-28.17391304347826,0.7713273921768942,-48.0432645034415,13.3581659145425,170.494,-40.66091954022989,https://finance.naver.com/item/main.naver?code=445090
LIG아큐버,KOSDAQ,29700.0,225834226200,-188.29,1.35,-158.0,21991.0,0.46219,63669079000.0,5643627050.0,4582919620.0,,-335.21939,통신장비,62500.0,19990.0,0.0768618933,7603846,073490,29446.0,37679.8,0.7814797318457104,1145362475.0,-15.142857142857146,-13.53711790393013,1.0761469009920435,-0.7184757400754854,8.863999823210888,46.219,-52.47999999999999,https://finance.naver.com/item/main.naver?code=073490
클리오,KOSDAQ,12450.0,224988344850,16.03,0.87,755.0,13864.0,0.29667,86805271280.0,11617333900.0,13721492710.0,,42.91369,화장품,15330.0,8800.0,0.0297063535,18071353,237880,118044.0,208206.7,0.5669558184246712,2810308781.5,16.901408450704224,4.184100418410042,0.5669558184246712,5.4457587997691865,13.383212480872277,29.666999999999998,-18.786692759295498,https://finance.naver.com/item/main.naver?code=237880
휴스틸,KOSPI,4000.0,224752300000,-15.24,0.22,-268.0,18820.0,0.34882,242023351920.0,-805730600.0,-14250732950.0,,44.69235,철강,7300.0,3110.0,0.0202854787,56188075,005010,382215.0,392343.3,0.9741851077869815,1526722141.05,-16.054564533053515,-9.6045197740113,4.997062521521331,-1.4240170031880977,-0.332914404171351,34.882000000000005,-45.205479452054796,https://finance.naver.com/item/main.naver?code=005010
PKC,KOSPI,4990.0,224690164110,22.31,1.01,229.0,5057.0,1.77804,71575091710.0,5448094140.0,3954831400.0,,-32.42902,화학,8200.0,4075.0,0.0159345648,45028089,001340,36674.0,88655.65,0.4136679388172102,445923251.45,-16.69449081803005,-27.68115942028986,0.9964959932051709,4.528376507810955,7.611718001108517,177.804,-39.146341463414636,https://finance.naver.com/item/main.naver?code=001340
에스엔시스,KOSDAQ,23800.0,224590223200,11.13,1.32,2169.0,18298.0,0.36237,41075547290.0,6071907970.0,5481901550.0,,21.13778,조선,49900.0,19000.0,0.0817151243,9436564,0008Z0,9677.0,17437.8,0.5549438575967152,417562208.75,-16.637478108581437,-18.493150684931503,1.045200656046061,11.853754508689475,14.782293531310364,36.237,-52.30460921843687,https://finance.naver.com/item/main.naver?code=0008Z0
경방,KOSPI,8190.0,224531061300,4.33,0.26,1888.0,31241.0,0.54323,117107557440.0,11166155600.0,-2197989990.0,,8.94358,"섬유,의류,신발,호화품",15210.0,6200.0,0.0276865776,27415270,000050,5469.0,23916.05,0.22867488569391686,199648036.75,-6.825938566552903,-11.840688912809473,1.3043123759985449,6.043340482058833,9.534957302581411,54.323,-46.15384615384615,https://finance.naver.com/item/main.naver?code=000050
덕양에너젠,KOSDAQ,8800.0,224126865600,37.76,3.96,250.0,2381.0,0.6209,35315791420.0,3189414260.0,462223360.0,,-146.37102,석유와가스,42800.0,5900.0,0.0173291318,25468962,0001A0,150017.0,130952.85,1.1455802603761582,1264603210.0,-19.561243144424132,-55.44303797468355,10.400338747877575,10.499790004199916,9.031127809283,62.09,-79.43925233644859,https://finance.naver.com/item/main.naver?code=0001A0
더본코리아,KOSPI,15100.0,223902347000,-12.84,0.91,-1179.0,16648.0,0.29641,83216576480.0,-5562003640.0,-4405558260.0,,15.31862,"호텔,레스토랑,레저",27000.0,12130.0,0.0048237891,14827970,475560,16327.0,138614.85,0.1177868027848387,2493813932.0,-5.683947532792,-30.414746543778804,0.44927365285898296,-7.081931763575204,-6.68376887787105,29.641000000000002,-44.074074074074076,https://finance.naver.com/item/main.naver?code=475560
SBS,KOSPI,12050.0,223542417900,27.85,0.17,433.0,69877.0,0.69627,285351328160.0,7793303540.0,6609529880.0,,876.91615,방송과엔터테인먼트,20800.0,10500.0,0.0,18551238,034120,1583.0,6759.55,0.2341871870168872,83221812.0,-6.805877803557614,-29.490930368636626,1.3202062267458632,0.6196602601714442,2.7311257285020236,69.627,-42.067307692307686,https://finance.naver.com/item/main.naver?code=034120
골프존,KOSDAQ,35600.0,223404774000,8.34,0.49,4269.0,73255.0,0.41119,101208044200.0,6623879860.0,8242673600.0,,15.31862,"호텔,레스토랑,레저",63100.0,34100.0,0.1639257324,6275415,215000,5674.0,21890.4,0.2592003800752841,781683723.75,-16.627634660421542,-30.05893909626719,0.5929539889631984,5.827588560507816,6.544815594806247,41.119,-43.581616481774965,https://finance.naver.com/item/main.naver?code=215000
한국캐피탈,KOSDAQ,1410.0,222504751080,2.43,0.29,578.0,4820.0,5.7209,157053902000.0,38681025000.0,25976723000.0,,28.8081,기타금융,2500.0,1224.0,0.0074365678,157804788,023760,19608.0,132836.55,0.14760997632052325,138361524.55,64.91228070175438,34.54198473282444,0.6860837623380012,11.991701244813278,24.629139745919844,572.09,-43.60000000000001,https://finance.naver.com/item/main.naver?code=023760
신흥에스이씨,KOSDAQ,5710.0,220167521850,-38.81,0.75,-151.0,7821.0,1.46984,131556472230.0,5196061820.0,-194996620.0,,-80.94163,전기제품,12290.0,3425.0,0.0658523918,38558235,243840,111667.0,277652.85,0.4021820773674753,1582800322.35,-8.931419457735245,-2.5597269624573427,0.9016763199081156,-1.9306993990538295,3.949681632474708,146.984,-53.53946297803092,https://finance.naver.com/item/main.naver?code=243840
갤럭시아머니트리,KOSDAQ,5650.0,221648584700,27.22,1.9,212.0,3035.0,2.4011,35926429590.0,5601261750.0,3612290940.0,,32.68044,IT서비스,12250.0,4055.0,0.0196804025,39229838,094480,197859.0,1649257.95,0.11996849856021613,10159610329.0,-8.279220779220775,-36.013590033975085,0.29202163312294477,6.985172981878089,15.590922376430893,240.11,-53.87755102040816,https://finance.naver.com/item/main.naver?code=094480
범한퓨얼셀,KOSDAQ,25050.0,219463050000,133.51,1.31,185.0,18795.0,1.14293,17824990760.0,-3233268860.0,-3988110250.0,,-80.94163,전기제품,44200.0,11810.0,0.0299995434,8761000,382900,900305.0,138975.0,6.478179528692211,2884289920.0,-16.638935108153074,-14.795918367346939,6.478179528692211,0.9843043362596435,-18.13896513907646,114.293,-43.32579185520362,https://finance.naver.com/item/main.naver?code=382900
흥구석유,KOSDAQ,14610.0,219150000000,1319.09,2.69,11.0,5394.0,0.21738,27392682980.0,-691412610.0,-542112330.0,,-146.37102,석유와가스,36200.0,8920.0,0.031405,15000000,024060,13840423.0,2933622.35,4.717861179370957,36778555871.0,33.30291970802919,-47.06521739130435,7.480240938306187,0.2039302929180571,-2.5240777272705106,21.738,-59.64088397790055,https://finance.naver.com/item/main.naver?code=024060
미원화학,KOSPI,9950.0,218827166000,8.19,1.14,1235.0,8899.0,0.31198,105425225120.0,24349042190.0,19658859070.0,,-32.42902,화학,15400.0,8320.0,0.0050932401,21992680,134380,17064.0,9027.25,1.8902766623279514,96781056.0,-2.3552502453385693,-90.91324200913242,1.8902766623279514,13.87796381615912,23.09603053945084,31.197999999999997,-35.3896103896104,https://finance.naver.com/item/main.naver?code=134380
GS글로벌,KOSPI,2650.0,218714474600,11.0,0.4,241.0,6576.0,1.87525,1134888565000.0,11717467000.0,7858181000.0,,17.09379,무역회사와판매업체,5690.0,2200.0,0.0504458636,82533764,001250,330186.0,347758.15,0.9494701993324958,931000928.55,-17.829457364341085,5.367793240556651,1.05536275713452,3.6648418491484183,1.032477316396258,187.525,-53.42706502636203,https://finance.naver.com/item/main.naver?code=001250
오픈엣지테크놀로지,KOSDAQ,8270.0,217885803100,-7.09,12.55,-1208.0,683.0,1.28199,2942294270.0,-6254481180.0,-6106602540.0,,33.00285,반도체와반도체장비,22700.0,7600.0,0.0312887124,26346530,394280,43968.0,68326.55,0.6434980252917789,621350335.5,-44.12162162162162,-43.77974167233175,0.9116075668974944,-176.86676427525623,-212.5715719114662,128.19899999999998,-63.568281938325995,https://finance.naver.com/item/main.naver?code=394280
무학,KOSPI,7640.0,217740000000,4.03,0.34,1898.0,22743.0,0.25766,37902358510.0,2410797600.0,25544836490.0,,16.97499,음료,10490.0,7080.0,0.0236072632,28500000,033920,10122.0,17858.05,0.566803206397115,138840932.75,-2.5510204081632626,-16.411378555798684,1.197779152819037,8.34542496592358,6.3605477199102145,25.766,-27.168732125834126,https://finance.naver.com/item/main.naver?code=033920
HLB제약,KOSDAQ,6630.0,217459730280,50.77,1.88,130.0,3516.0,0.36152,62277890620.0,-30962000.0,-56665320.0,,46.08491,제약,20503.321,5528.986,0.0,32799356,047920,149143.0,203601.2,0.7325251521110877,1569875306.5,-49.543378995433784,-56.092715231788084,2.6718997726928917,3.6973833902161544,-0.04971587780472582,36.152,-67.66377505380714,https://finance.naver.com/item/main.naver?code=047920
신성에스티,KOSDAQ,24050.0,217406660900,397.58,2.11,62.0,11704.0,1.61894,59873653620.0,1671690670.0,1229126390.0,,-80.94163,전기제품,51900.0,13800.0,0.0138379504,9039778,416180,7787.0,22596.05,0.3446177539879758,543133416.25,-13.33333333333333,-32.06214689265536,0.46078850064502425,0.5297334244702666,2.792030499106862,161.894,-53.66088631984586,https://finance.naver.com/item/main.naver?code=416180
미래반도체,KOSDAQ,15050.0,217291900000,15.81,2.03,979.0,7635.0,1.24661,340148059390.0,28153149400.0,18997225470.0,,33.00285,반도체와반도체장비,47850.0,10520.0,0.0335148913,14438000,254490,21182.0,71473.75,0.29636055195089106,1181667965.25,-41.891891891891895,-25.310173697270464,0.8044351947393273,12.822527832351016,8.276733799536611,124.661,-68.54754440961337,https://finance.naver.com/item/main.naver?code=254490
티씨머티리얼즈,KOSDAQ,6170.0,216187853500,118.82,2.73,51.0,2222.0,0.80715,123830504790.0,3811388910.0,2641318930.0,,55.63885,전기장비,10410.0,2990.0,0.0142862647,35038550,125020,559711.0,1003386.15,0.5578221305924942,5852064661.0,-11.604584527220629,-4.489164086687303,1.6754118043188058,2.295229522952295,3.077907916521544,80.715,-40.73006724303554,https://finance.naver.com/item/main.naver?code=125020
DS단석,KOSPI,12300.0,217139698200,-18.57,0.82,-678.0,15304.0,2.57033,310076582520.0,6289708730.0,2518116230.0,,-32.42902,화학,26450.0,9560.0,0.0277477714,17653634,017860,86128.0,72051.25,1.1953713502541594,868858769.75,-15.521978021978022,-29.18825561312608,4.407210145556115,-4.430214323052796,2.0284371940903703,257.03299999999996,-53.497164461247635,https://finance.naver.com/item/main.naver?code=017860
코스맥스비티아이,KOSPI,22600.0,217048614600,7.18,0.76,3056.0,28837.0,2.04411,238977044740.0,16260419820.0,46549998450.0,,-10.66193,건강관리업체및서비스,29150.0,11810.0,0.0592967185,9603921,044820,25957.0,43628.3,0.5949578599211979,1061120870.0,25.485841199333702,65.93245227606461,0.9830087351558506,10.597496272150362,6.804176458743499,204.411,-22.469982847341342,https://finance.naver.com/item/main.naver?code=044820
에이유브랜즈,KOSDAQ,15100.0,216386775000,25.37,3.22,615.0,4838.0,0.46304,30272543120.0,6274259070.0,4732567310.0,,8.94358,"섬유,의류,신발,호화품",28700.0,10450.0,0.0225467804,14330250,481070,17227.0,50797.45,0.3391311965462833,998299672.5,2.511880515953835,-18.729817007534987,0.6038885810212915,12.711864406779661,20.725906789954553,46.304,-47.386759581881535,https://finance.naver.com/item/main.naver?code=481070
백산,KOSPI,10920.0,215900182680,6.88,0.86,1581.0,12658.0,0.67397,126464943050.0,16339089740.0,9115931640.0,,8.94358,"섬유,의류,신발,호화품",15000.0,9050.0,0.0596169789,19771079,035150,19764.0,14171.5,1.3946300673887733,150141303.75,2.5352112676056304,-16.6412213740458,1.3946300673887733,12.4901248222468,12.919856954776844,67.39699999999999,-27.200000000000003,https://finance.naver.com/item/main.naver?code=035150
더즌,KOSDAQ,3000.0,215269569000,18.06,3.06,173.0,1022.0,1.80378,15006965450.0,3640110900.0,2731243730.0,,32.68044,IT서비스,5530.0,1588.0,0.0056000066,71756523,462860,849033.0,5084637.1,0.16698005841950847,14921690719.4,17.416829745596864,-22.680412371134018,0.8755142033636973,16.927592954990214,24.256142336890633,180.378,-45.750452079566,https://finance.naver.com/item/main.naver?code=462860
바이넥스,KOSDAQ,6570.0,214735115160,-64.55,1.11,-101.0,5881.0,0.93672,37809540710.0,-9154005880.0,-15018771870.0,,46.08491,제약,18860.0,5500.0,0.0743498661,32684188,053030,30904.0,95100.25,0.3249623423702882,659521164.75,-19.878048780487802,-52.52890173410405,1.0190194032087192,-1.7173950008501957,-24.21083596389447,93.672,-65.16436903499469,https://finance.naver.com/item/main.naver?code=053030
삼목에스폼,KOSDAQ,14480.0,212856000000,19.99,0.31,715.0,45432.0,0.2051,82875525020.0,-3059226800.0,2362295790.0,,-9.15326,건축제품,22950.0,12570.0,0.0177229932,14700000,018310,21422.0,14080.3,1.5214164470927467,199147910.5,-3.659347970725213,-21.218715995647443,6.967749266705965,1.573780595175207,-3.691351335948375,20.51,-36.90631808278867,https://finance.naver.com/item/main.naver?code=018310
DSC인베스트먼트,KOSDAQ,8000.0,212800000000,12.17,1.67,669.0,4874.0,0.47042,16987618510.0,12165651570.0,9495631470.0,,14.56477,창업투자,19700.0,6120.0,0.0756103008,26600000,241520,62845.0,147478.9,0.42612875468965394,1214409114.75,-29.886064855390003,-51.515151515151516,1.377227522038746,13.725892490767336,71.61481500681522,47.042,-59.390862944162436,https://finance.naver.com/item/main.naver?code=241520
대원산업,KOSDAQ,10570.0,211797432000,2.72,0.36,3836.0,29170.0,0.30498,258546932200.0,13127008760.0,20031399020.0,,10.13834,자동차부품,18930.0,9510.0,0.1537316844,20037600,005710,1088.0,8010.35,0.13582427734118982,87098958.0,-4.688908926961222,-17.098039215686278,1.042526231687754,13.150497086047308,5.077224722142729,30.497999999999998,-44.162704701531965,https://finance.naver.com/item/main.naver?code=005710
인피니트헬스케어,KOSDAQ,8700.0,212249184600,8.09,1.11,1083.0,7866.0,0.27189,25485285630.0,4926911040.0,25367573390.0,,560.23548,건강관리기술,10980.0,5250.0,0.1333415695,24396458,071200,21367.0,73389.6,0.2911447943577836,691184553.25,15.384615384615374,34.883720930232556,1.082891853886654,13.768115942028986,19.33237520477419,27.189000000000004,-20.76502732240437,https://finance.naver.com/item/main.naver?code=071200
오리엔탈정공,KOSDAQ,4640.0,211461787040,11.07,1.69,420.0,2752.0,0.66903,59676885480.0,8819279030.0,6784191750.0,,21.13778,조선,12990.0,3530.0,0.0447297618,45573661,014940,70189.0,127971.75,0.5484726121194716,612801621.35,-21.885521885521886,-32.55813953488372,0.8852266222818708,15.261627906976743,14.778383555146618,66.903,-64.2802155504234,https://finance.naver.com/item/main.naver?code=014940
JTC,KOSDAQ,4320.0,210699856800,,,,,0.98736,46377564000.0,1971840000.0,1001795000.0,,36.5335,백화점과일반상점,7450.0,3350.0,0.1720170221,48773115,950170,4423.0,9048.15,0.4888292081806778,39025113.5,-11.566018423746161,-11.019567456230694,1.3706669319142588,,4.251711021303318,98.736,-42.013422818791945,https://finance.naver.com/item/main.naver?code=950170
삼영,KOSPI,6190.0,210460000000,15.43,2.38,400.0,2595.0,1.17978,54043032230.0,7175900400.0,6405369840.0,,-32.42902,화학,13980.0,4365.0,0.0445562941,34000000,003720,113215.0,239897.95,0.47192983516532755,1631628010.0,-28.1068524970964,-15.667574931880113,0.9298245358078299,15.414258188824661,13.278123199046856,117.97800000000001,-55.72246065808297,https://finance.naver.com/item/main.naver?code=003720
디아이씨,KOSPI,5410.0,210387158290,-20.22,1.54,-278.0,3657.0,3.01322,196618790360.0,8729606730.0,5428742960.0,,10.13834,자동차부품,15150.0,3790.0,0.0127570907,38888569,092200,201439.0,828451.0,0.24315137527747568,5336397751.75,-29.00262467191601,-42.811839323467225,0.3004522898759251,-7.6018594476346735,4.439863918406013,301.322,-64.2904290429043,https://finance.naver.com/item/main.naver?code=092200
바디텍메드,KOSDAQ,9600.0,210316041600,8.73,0.88,1091.0,10787.0,0.16133,50417300180.0,8239188530.0,7649799090.0,,-33.30868,생명과학도구및서비스,15000.0,9310.0,0.0344261329,21907921,206640,16614.0,33370.85,0.4978596589538475,338479980.25,-12.328767123287676,-20.661157024793386,2.271173793894971,10.11402614257903,16.34198677950708,16.133,-36.0,https://finance.naver.com/item/main.naver?code=206640
나무가,KOSDAQ,14890.0,209730370130,8.62,1.23,1741.0,12226.0,0.38801,93206654780.0,2152255990.0,2283054250.0,,96.79463,핸드셋,28600.0,11050.0,0.0478266836,14085317,190510,87280.0,146957.25,0.5939142165493706,2353702235.5,-6.056782334384858,-23.20783909231563,12.606251137660783,14.240143955504662,2.309122664127438,38.801,-47.93706293706293,https://finance.naver.com/item/main.naver?code=190510
효성화학,KOSPI,55300.0,209687148300,0.69,0.57,80426.0,98013.0,1.93079,871289334300.0,170770733910.0,155951871660.0,,-32.42902,화학,87500.0,38900.0,0.0223339191,3791811,298000,21866.0,43305.25,0.5049272316866893,2794800597.5,-17.952522255192882,0.5454545454545379,1.176300794938258,82.0564618979115,19.599773254104896,193.079,-36.8,https://finance.naver.com/item/main.naver?code=298000
금화피에스시,KOSDAQ,34750.0,208500000000,6.68,0.53,5180.0,65215.0,0.26843,137037842320.0,16823880350.0,14228602070.0,,39.04177,건설,42500.0,28350.0,0.233068,6000000,036190,3620.0,11679.15,0.3099540634378358,407509246.25,7.087827426810467,1.6081871345029253,0.7508251884769012,7.942957908456644,12.276813517476578,26.843,-18.23529411764706,https://finance.naver.com/item/main.naver?code=036190
제닉,KOSDAQ,26150.0,208380982000,10.67,4.91,2414.0,5246.0,0.62969,49209965810.0,9987427080.0,11214382210.0,,42.91369,화장품,38900.0,15570.0,0.0433054157,7968680,123330,278654.0,386312.9,0.7213168392771766,11889014838.75,24.22802850356294,14.192139737991273,1.7885579280422683,46.016012199771254,20.29553753107962,62.968999999999994,-32.77634961439588,https://finance.naver.com/item/main.naver?code=123330
지투파워,KOSDAQ,11110.0,207861845070,37.64,4.96,297.0,2252.0,0.96203,10416736730.0,412619330.0,349207910.0,,55.63885,전기장비,18460.0,5350.0,0.0103842783,18709437,388050,2074672.0,3707872.6,0.5595316300781208,38558312569.75,16.09195402298851,3.5414725069897512,3.143760656717278,13.188277087033748,3.9611189251972196,96.203,-39.815817984832066,https://finance.naver.com/item/main.naver?code=388050
우주일렉트로,KOSDAQ,22450.0,207448573950,8.48,0.7,2684.0,32705.0,0.30274,44983936610.0,447277900.0,3535839820.0,,96.79463,핸드셋,51700.0,18800.0,0.101972183,9240471,065680,6820.0,19248.8,0.354307801005777,470262627.5,-39.6505376344086,-22.45250431778929,1.1798657578654255,8.206696223818987,0.9943058204927521,30.274,-56.57640232108317,https://finance.naver.com/item/main.naver?code=065680
큐라클,KOSDAQ,9350.0,207167875200,-8.66,5.5,-1120.0,1765.0,0.27297,7184603330.0,2358590980.0,3227579410.0,,46.08491,제약,20750.0,4400.0,0.0178646993,22156992,365270,71996.0,82607.95,0.8715383930965482,891017655.0,-36.65311653116531,-43.84384384384384,0.8715383930965482,-63.45609065155807,32.82840919207713,27.297,-54.939759036144586,https://finance.naver.com/item/main.naver?code=365270
옵티코어,KOSDAQ,8450.0,206658126350,-8.19,8.95,-1032.0,944.0,4.03899,3387568940.0,-1873164040.0,-9701268010.0,,-335.21939,통신장비,11100.0,2494.0,0.002192375,24456583,380540,,,,,,,,-109.32203389830508,-55.295230095007305,403.899,-23.873873873873876,https://finance.naver.com/item/main.naver?code=380540
미래나노텍,KOSDAQ,6680.0,207146793320,14.0,0.65,487.0,10551.0,0.94572,106692096700.0,2600443780.0,-9834903200.0,,16.1175,디스플레이장비및부품,14160.0,5220.0,0.0266846187,31009999,095500,33291.0,84181.25,0.3954681119607989,591579292.25,-11.170212765957444,-33.199999999999996,0.8290919890118049,4.615676239219031,2.437334967098833,94.572,-52.82485875706215,https://finance.naver.com/item/main.naver?code=095500
한선엔지니어링,KOSDAQ,10710.0,206142545700,20.62,2.7,518.0,3957.0,0.64325,23644816780.0,5603074580.0,2031145250.0,,190.12516,기계,37300.0,7840.0,0.038855768,19247670,452280,233055.0,340411.1,0.6846280864519401,3753157561.25,-37.73255813953489,15.285252960172224,2.1280563412885187,13.090725296942127,23.69684075851824,64.325,-71.28686327077747,https://finance.naver.com/item/main.naver?code=452280
도우인시스,KOSDAQ,18770.0,205670810940,394.08,1.25,49.0,15451.0,0.32066,58892453300.0,8199988240.0,9822089810.0,,16.1175,디스플레이장비및부품,33450.0,11670.0,0.0044536936,10957422,484120,31057.0,45103.85,0.6885664970950374,916205412.75,-0.15957446808511078,-4.087889626980068,1.4604961660700806,0.3171315772441913,13.923665564124155,32.066,-43.8863976083707,https://finance.naver.com/item/main.naver?code=484120
오르비텍,KOSDAQ,6070.0,205502478310,216.55,2.75,29.0,2282.0,0.6127,16568819690.0,-1394960590.0,-5075790200.0,,-42.34619,에너지장비및서비스,16410.0,3240.0,0.0407489102,33855433,046120,1894355.0,1065259.15,1.7783043684722166,6109617975.9,-15.459610027855152,12.407407407407401,7.327872283472055,1.2708150744960562,-8.419191083610615,61.27,-63.01035953686777,https://finance.naver.com/item/main.naver?code=046120
코메론,KOSDAQ,22700.0,205389600000,9.3,0.83,2510.0,28066.0,0.05213,23711527520.0,9875061780.0,14357992170.0,,190.12516,기계,23650.0,10180.0,0.2247117595,9048000,049430,14111.0,31031.0,0.4547388095775193,666642880.25,18.10613943808532,47.78645833333333,2.3780413135251846,8.943205301788641,41.64667068231123,5.213,-4.016913319238902,https://finance.naver.com/item/main.naver?code=049430
한농화성,KOSPI,13130.0,205314361460,53.0,1.2,253.0,11152.0,0.46942,72385860390.0,7779235310.0,5905198100.0,,-32.42902,화학,29450.0,9250.0,0.0411451859,15637042,011500,34953.0,62096.75,0.5628796998232597,844739875.75,-22.030878859857484,-45.17745302713988,0.9894398660155322,2.268651362984218,10.746899004981213,46.942,-55.415959252971135,https://finance.naver.com/item/main.naver?code=011500
이노스페이스,KOSDAQ,6050.0,204983510600,-1.52,3.37,-3938.0,1776.0,0.17664,2471751400.0,-15819040030.0,-15966669140.0,,41.50419,우주항공과국방,20809.196,4810.0,0.0300871813,33881572,462350,98823.0,274013.7,0.36064985071914285,1789711259.75,-60.17116524028967,-65.54669703872437,0.7715563126953141,-221.73423423423424,-639.9931655748228,17.663999999999998,-70.92631546168337,https://finance.naver.com/item/main.naver?code=462350
계룡건설,KOSPI,22950.0,204964315650,2.0,0.21,11283.0,106029.0,2.32476,840067986790.0,69009628490.0,38800079610.0,,39.04177,건설,33300.0,16300.0,0.0974403832,8930907,013580,61440.0,92529.25,0.6640062466733493,2056266720.0,11.407766990291268,-11.730769230769234,1.0765352577698404,10.641428288487113,8.214767087327541,232.476,-31.081081081081084,https://finance.naver.com/item/main.naver?code=013580
스트라드비젼,KOSDAQ,3795.0,204267096990,-1.34,6.95,-2836.0,548.0,0.49288,6419628710.0,-11148801250.0,-11307539730.0,,162.84747,소프트웨어,11080.0,2410.0,0.009446669,53825322,475040,4481489.0,1754449.25,2.5543565879719803,5986618244.8,-47.291666666666664,-47.291666666666664,7.383891554571898,-517.5182481751824,-173.66738410639329,49.288,-65.74909747292419,https://finance.naver.com/item/main.naver?code=475040
천일고속,KOSPI,143300.0,204807226000,-36.41,21.37,-3941.0,6716.0,7.07281,12363550850.0,-1078313560.0,-1251599340.0,,13.80218,도로와철도운송,518000.0,36800.0,0.0055827654,1429220,000650,759.0,1525.2,0.497639653815893,229806480.0,-27.626262626262623,-41.028806584362144,1.037241017571466,-58.68076235854676,-8.721714118238127,707.281,-72.33590733590734,https://finance.naver.com/item/main.naver?code=000650
강스템바이오텍,KOSDAQ,2170.0,204097503330,-14.64,3.03,-151.0,730.0,0.20977,641994660.0,-6062121030.0,-6249329260.0,,-69.92914,생물공학,4690.0,1372.0,0.0223322418,94054149,217730,187107.0,341200.45,0.5483785264644288,835240538.5,-19.62962962962963,7.9601990049751326,0.6911772830311331,-20.684931506849317,-944.2634663035982,20.977,-53.73134328358209,https://finance.naver.com/item/main.naver?code=217730
케이엔제이,KOSDAQ,25400.0,203845033000,7.96,2.1,3271.0,12376.0,1.53727,34351360320.0,6261519370.0,360116910.0,,33.00285,반도체와반도체장비,44600.0,18110.0,0.0572925071,8025395,272110,48404.0,75133.4,0.6442407770711828,1930893298.75,-30.79019073569482,-25.184094256259204,0.8492095392994328,26.430187459599225,18.22786437471714,153.727,-43.04932735426009,https://finance.naver.com/item/main.naver?code=272110
코텍,KOSDAQ,11470.0,203725425830,5.18,0.41,2221.0,27942.0,0.22142,129613502290.0,16038491670.0,16180359510.0,,19.99532,디스플레이패널,14500.0,8430.0,0.1234740315,17761589,052330,5391.0,18018.45,0.299193326839989,214225005.75,-2.2165387894288124,17.882836587872553,0.7119924299814911,7.948607830506048,12.374090188624901,22.142,-20.896551724137936,https://finance.naver.com/item/main.naver?code=052330
세나테크놀로지,KOSDAQ,37200.0,203392860000,11.52,1.2,3280.0,31550.0,0.21128,75459826780.0,18002385630.0,14771768140.0,,-335.21939,통신장비,176400.0,27000.0,0.019878922,5467550,061090,9264.0,21422.9,0.4324344509846939,915345693.75,-6.41509433962264,-1.326259946949604,0.6768458051897736,10.396196513470683,23.856913536901178,21.128,-78.91156462585033,https://finance.naver.com/item/main.naver?code=061090
한국정보인증,KOSDAQ,5130.0,202969198980,7.69,0.98,654.0,5107.0,0.70435,36910570760.0,8538656170.0,6046410210.0,,32.68044,IT서비스,7750.0,3780.0,0.0178853378,39565146,053300,207695.0,90322.25,2.2994887749142654,440044583.35,-1.5355086372360827,-16.0392798690671,2.2994887749142654,12.805952614059136,23.13336259555581,70.435,-33.806451612903224,https://finance.naver.com/item/main.naver?code=053300
이지바이오,KOSDAQ,6120.0,202461350400,7.24,1.88,840.0,3240.0,1.92182,148130264730.0,15060340610.0,10857210180.0,,33.27747,식품,8560.0,5500.0,0.055047863,33081920,353810,36179.0,97873.75,0.36964967624107586,617481688.75,-6.9908814589665695,-13.437057991513434,1.3244817941480733,25.925925925925924,10.166957196391152,192.18200000000002,-28.504672897196258,https://finance.naver.com/item/main.naver?code=353810
성신양회,KOSPI,8270.0,202747923710,7.92,0.35,1044.0,23623.0,1.22651,503228825770.0,18935122740.0,19365922770.0,,7.71583,건축자재,15310.0,6780.0,0.0464557272,24516073,004980,68786.0,74097.8,0.9283136611343387,617174860.0,-7.390817469204924,-13.221406086044073,1.4588557285101582,4.419421749989417,3.7627261735308997,122.651,-45.98301763553233,https://finance.naver.com/item/main.naver?code=004980
와이씨켐,KOSDAQ,10030.0,202817532700,46.16,4.35,229.0,2432.0,2.39348,27064804070.0,2120718390.0,-465534750.0,,33.00285,반도체와반도체장비,17700.0,7400.0,0.030058073,20221090,112290,78011.0,95396.75,0.8177532253457271,971760419.25,-25.923190546528808,-59.392712550607285,2.0498916367695963,9.416118421052632,7.83570568076165,239.34799999999998,-43.333333333333336,https://finance.naver.com/item/main.naver?code=112290
동아지질,KOSPI,18010.0,202110327170,12.29,0.96,1453.0,18566.0,1.01488,111943502470.0,5035723760.0,5524581210.0,,39.04177,건설,19240.0,13200.0,0.0727596228,11222117,028100,14207.0,16812.85,0.8450084310512496,296856580.0,7.202380952380949,9.616555082166766,1.7498520476897137,7.826133792954863,4.498451137304316,101.488,-6.39293139293139,https://finance.naver.com/item/main.naver?code=028100
대성에너지,KOSPI,7330.0,201575000000,8.3,0.59,905.0,12713.0,0.84526,161046909120.0,2733815670.0,3075582200.0,,9.70026,가스유틸리티,16150.0,6400.0,0.0079857455,27500000,117580,1029709.0,315170.95,3.2671443862449885,2457372509.0,3.3850493653032387,-38.24768323504634,15.659507959093311,7.118697396365925,1.6975275619620658,84.526,-54.61300309597523,https://finance.naver.com/item/main.naver?code=117580
아이엘,KOSDAQ,5460.0,201559590960,-14.47,8.84,-394.0,645.0,2.88187,24870125990.0,2762638400.0,-596457000.0,,16.1175,디스플레이장비및부품,10400.0,2400.0,0.0095081287,36915676,307180,208160.0,391755.95,0.5313512149592112,2195942614.85,-14.015748031496067,3.2136105860113506,1.2247905870989324,-61.08527131782946,11.10826057379374,288.187,-47.5,https://finance.naver.com/item/main.naver?code=307180
티엑스알로보틱스,KOSDAQ,13010.0,201016404150,-13.27,3.83,-1032.0,3578.0,0.65791,10143464550.0,-1560723570.0,-1442557110.0,,190.12516,기계,26500.0,7540.0,0.0071197725,15450915,484810,269821.0,502385.9,0.5370791656374114,7497310102.5,-4.408523144746512,-17.710309930423783,1.3150826884273623,-28.84292901062046,-15.386494055426061,65.791,-50.90566037735849,https://finance.naver.com/item/main.naver?code=484810
대화제약,KOSDAQ,10760.0,200315154000,116.06,2.64,94.0,4138.0,1.57031,41291264990.0,3328677030.0,1983280770.0,,46.08491,제약,24900.0,7460.0,0.0047739523,18616650,067080,22625.0,88874.45,0.2545726021370596,963918231.25,-2.8880866425992746,-24.70258922323303,0.8649505003969082,2.2716288061865635,8.061455687555577,157.031,-56.78714859437751,https://finance.naver.com/item/main.naver?code=067080
에프앤가이드,KOSDAQ,17500.0,199680810000,20.74,2.97,866.0,6042.0,0.16594,14920954800.0,7862713710.0,6163555030.0,,32.68044,IT서비스,37000.0,8140.0,0.0987472582,11410332,064850,8581.0,29482.35,0.29105549591535274,513122969.25,-30.6930693069307,-8.280922431865822,2.0158840797968955,14.333002317113538,52.69578130482642,16.594,-52.702702702702695,https://finance.naver.com/item/main.naver?code=064850
YG PLUS,KOSPI,3145.0,200220480950,8.91,1.06,353.0,2963.0,0.48857,62117127350.0,3773000490.0,2749235090.0,,876.91615,방송과엔터테인먼트,9000.0,2715.0,0.0500199409,63663110,037270,99551.0,157625.3,0.6315673943205818,514045683.9,-19.87261146496815,-50.39432176656151,0.7828248383984043,11.9136010799865,6.074009940512807,48.857,-65.05555555555556,https://finance.naver.com/item/main.naver?code=037270
케이엔알시스템,KOSDAQ,17760.0,198859483680,-23.79,8.89,-778.0,2081.0,1.50759,4507080280.0,-1933299190.0,-2091253740.0,,190.12516,기계,45300.0,8510.0,0.0109477118,11197043,199430,76400.0,246876.1,0.309466975539552,4172137992.0,11.00000000000001,-37.24381625441696,1.5401247832414722,-37.385872176838056,-42.89471387006224,150.759,-60.79470198675496,https://finance.naver.com/item/main.naver?code=199430
바이오플러스,KOSDAQ,3220.0,198483124840,12.73,1.13,253.0,2841.0,0.48058,25401735860.0,6247133160.0,3743710740.0,,-32.03035,건강관리장비와용품,7350.0,3065.0,0.0320948382,61640722,099430,120351.0,205674.95,0.58515147323483,717721780.55,-29.694323144104807,-36.61417322834646,1.1867998509298288,8.905315029919041,24.593331709418067,48.058,-56.19047619047619,https://finance.naver.com/item/main.naver?code=099430
엠로,KOSDAQ,16030.0,198175587820,66.18,2.04,238.0,7728.0,0.17311,17766244380.0,-1111164460.0,-1053201640.0,,162.84747,소프트웨어,48600.0,11900.0,0.0220510024,12362794,058970,36444.0,47378.1,0.769216156831954,791127181.5,-21.804878048780484,-55.9009628610729,0.8729982840172992,3.0797101449275366,-6.254357624681058,17.311,-67.01646090534979,https://finance.naver.com/item/main.naver?code=058970
바이오다인,KOSDAQ,6650.0,197931284950,227.93,4.42,29.0,1495.0,0.00861,587322130.0,-680661050.0,-323040920.0,,-32.03035,건강관리장비와용품,16860.0,6600.0,0.0429513364,29764103,314930,18592.0,38703.9,0.4803650278137345,283347371.5,-36.057692307692314,-45.26748971193416,2.069016300682877,1.939799331103679,-115.89228725299353,0.861,-60.55753262158956,https://finance.naver.com/item/main.naver?code=314930
HDC랩스,KOSPI,7580.0,196758615580,14.19,0.65,534.0,11616.0,0.55591,153732976510.0,5705679460.0,6914560140.0,,39.04177,건설,8790.0,7210.0,0.0427790303,25957601,039570,1109.0,7182.6,0.154400913318297,54366176.5,-3.439490445859872,-6.419753086419755,1.123548575724668,4.597107438016529,3.7114219665348496,55.591,-13.76564277588168,https://finance.naver.com/item/main.naver?code=039570
JW신약,KOSDAQ,3515.0,196970417045,14.78,4.97,245.0,729.0,0.51981,21543453050.0,3583998170.0,3571783220.0,,46.08491,제약,4335.0,1246.0,0.0073114058,56037103,067290,13646074.0,21819527.15,0.6254064951173793,71240064447.45,50.53533190578159,70.2179176755448,3.353086320204698,33.6076817558299,16.636136099825464,51.981,-18.91580161476355,https://finance.naver.com/item/main.naver?code=067290
티이엠씨,KOSDAQ,8970.0,196648395060,11.88,0.96,759.0,9438.0,0.55838,86461337820.0,5858763870.0,5292344620.0,,33.00285,반도체와반도체장비,30300.0,6300.0,0.0572765061,21922898,425040,104159.0,119561.95,0.8711718067495554,1086308825.0,-47.84883720930233,-5.5789473684210495,1.3305989070937703,8.041958041958042,6.7761661081362154,55.838,-70.39603960396039,https://finance.naver.com/item/main.naver?code=425040
동원개발,KOSDAQ,2160.0,196145496000,7.41,0.18,290.0,11867.0,0.37071,69813246060.0,1951097660.0,5885914570.0,,39.04177,건설,3630.0,1919.0,0.0286426211,90808100,013120,35840.0,71446.35,0.501635143012904,156224630.55,-7.889125799573559,-27.150084317032043,1.253947892369589,2.4437515800117975,2.7947384917801372,37.071,-40.49586776859504,https://finance.naver.com/item/main.naver?code=013120
대한제분,KOSPI,11580.0,195702000000,-7.58,0.19,-1519.0,61093.0,0.53184,351123357970.0,7028056060.0,12224109470.0,,33.27747,식품,16400.0,10500.0,0.0741633728,16900000,001130,12876.0,12250.45,1.0510634303229676,141909352.5,-2.7707808564231717,-92.2020202020202,1.9802537865955943,-2.486373234249423,2.001591719967681,53.184,-29.39024390243903,https://finance.naver.com/item/main.naver?code=001130
그래피,KOSDAQ,17410.0,194768751570,-14.92,9.38,-1190.0,1893.0,1.07106,6278652830.0,-3691905270.0,-3563149750.0,,-32.03035,건강관리장비와용품,69000.0,8210.0,0.0354258273,11187177,318060,29314.0,77671.85,0.37740828884595895,1467319148.0,-24.304347826086957,-64.68559837728195,0.6907779330606906,-62.86318013734813,-58.80091430377748,107.106,-74.76811594202898,https://finance.naver.com/item/main.naver?code=318060
BGF에코머티리얼즈,KOSDAQ,3105.0,194891221395,13.61,0.46,226.0,6634.0,0.67439,102653009360.0,1201814520.0,927978380.0,,-32.42902,화학,6520.0,2460.0,0.0092068273,62766899,126600,67293.0,54610.15,1.232243456573549,162305787.8,-7.035928143712578,-15.85365853658537,7.0548789922752455,3.406692794694001,1.1707542988684185,67.43900000000001,-52.37730061349693,https://finance.naver.com/item/main.naver?code=126600
국보디자인,KOSDAQ,25700.0,192750000000,4.25,0.53,6006.0,47874.0,0.36786,105617551520.0,7083761310.0,74730394460.0,,39.04177,건설,27400.0,19660.0,0.1366453333,7500000,066620,2273.0,6797.8,0.3343728853452588,172622796.25,3.2128514056224855,13.716814159292046,0.7186148459795816,12.54543175836571,6.706992548164309,36.786,-6.204379562043794,https://finance.naver.com/item/main.naver?code=066620
대성산업,KOSPI,4280.0,193607845840,-2.66,0.26,-1626.0,16698.0,1.69976,365855736190.0,3012632130.0,-2584066430.0,,-146.37102,석유와가스,13140.0,3585.0,0.0299697728,45235478,128820,312358.0,125977.35,2.4794774616230617,535448793.5,-16.5692007797271,-49.22894424673784,7.2145746834649245,-9.737693136902623,0.8234481059046314,169.976,-67.42770167427702,https://finance.naver.com/item/main.naver?code=128820
한국유니온제약,KOSDAQ,2410.0,192441519730,-0.64,-0.86,-3770.0,-2802.0,1.30415,5944304300.0,-1252491540.0,2136249520.0,,46.08491,제약,2725.0,2725.0,0.0005947559,79851253,080720,,,,,,,,134.5467523197716,-21.070447890764946,130.415,-11.559633027522931,https://finance.naver.com/item/main.naver?code=080720
영진약품,KOSPI,1050.0,192037367550,-1073.0,2.15,-1.0,500.0,1.63933,61578186350.0,-1497358690.0,-2431269460.0,,46.08491,제약,2320.0,1042.0,0.0278343812,182892731,003520,455535.0,318719.85,1.4292646033813081,370886565.95,-18.287937743190664,-44.47382337387625,1.4292646033813081,-0.2,-2.4316381802628393,163.933,-54.741379310344826,https://finance.naver.com/item/main.naver?code=003520
솔트룩스,KOSDAQ,15260.0,192182227300,-18.02,2.85,-885.0,5600.0,0.61851,11526290870.0,-3519948240.0,-3279174940.0,,32.68044,IT서비스,38350.0,9960.0,0.0160777617,12593855,304100,118378.0,164759.9,0.7184879330468155,2720453462.0,-6.552357624004901,-30.95022624434389,0.9046679440810538,-15.803571428571427,-30.538429748996954,61.851,-60.20860495436766,https://finance.naver.com/item/main.naver?code=304100
교촌에프앤비,KOSPI,3840.0,191865907200,10.91,1.01,351.0,3776.0,0.90069,132272708200.0,7847786370.0,5193492460.0,,33.27747,식품,5050.0,3495.0,0.0196496033,49965080,339770,38438.0,39296.95,0.978142069549927,149683766.25,-5.418719211822665,-9.112426035502963,1.8048220027254025,9.295550847457628,5.93303522457099,90.069,-23.96039603960396,https://finance.naver.com/item/main.naver?code=339770
스카이라이프,KOSPI,4035.0,191755123425,27.48,0.35,147.0,11465.0,0.85278,249926108840.0,11100581290.0,10427966750.0,,876.91615,방송과엔터테인먼트,5510.0,3895.0,0.0615620178,47522955,053210,21696.0,28484.7,0.7616720555245448,116120795.1,-10.033444816053516,-19.46107784431138,1.3996285725319206,1.2821631051024858,4.441545279731648,85.27799999999999,-26.76950998185118,https://finance.naver.com/item/main.naver?code=053210
환인제약,KOSPI,10300.0,191580721000,12.05,0.45,857.0,22777.0,0.13433,71418439120.0,7894213000.0,7699034960.0,,46.08491,제약,12140.0,9160.0,0.1275358641,18600070,016580,17641.0,37113.8,0.4753218479379637,376496857.75,0.1945525291828787,-1.3409961685823757,1.1069467421821533,3.7625675023049565,11.05346615981881,13.433,-15.156507413509058,https://finance.naver.com/item/main.naver?code=016580
피아이이,KOSDAQ,5300.0,190951050000,-7.87,3.14,-626.0,1566.0,2.02212,11008389060.0,-2980091980.0,-10564623880.0,,32.68044,IT서비스,9850.0,1815.0,0.0122809998,36028500,452450,3125574.0,397989.75,7.853403259757318,1886348329.4,12.526539278131633,-4.67625899280576,13.675382343389497,-39.97445721583653,-27.071099720016615,202.21200000000002,-46.19289340101523,https://finance.naver.com/item/main.naver?code=452450
KZ정밀,KOSDAQ,12150.0,191362500000,20.74,0.33,591.0,36900.0,0.25597,34270020660.0,6978754620.0,6856153460.0,,190.12516,기계,19130.0,11110.0,0.0428344127,15750000,036560,3200.0,6521.8,0.49066208715385323,80190267.75,-2.877697841726623,-10.989010989010994,0.49066208715385323,1.6016260162601628,20.364022214161103,25.596999999999998,-36.48719289074752,https://finance.naver.com/item/main.naver?code=036560
HB테크놀러지,KOSDAQ,2015.0,191267422970,6.52,0.65,320.0,3208.0,0.30438,28535978680.0,516788200.0,10604293450.0,,16.1175,디스플레이장비및부품,6140.0,1575.0,0.0092859914,94921798,078150,758267.0,1000904.4,0.7575818429812078,2007585998.7,-29.29824561403509,-2.657004830917875,6.733665073307701,9.975062344139651,1.8110056984385159,30.438,-67.18241042345277,https://finance.naver.com/item/main.naver?code=078150
아이티엠반도체,KOSDAQ,8410.0,190763474940,-1.9,1.96,-4522.0,4375.0,12.8251,66981834860.0,-8262237880.0,-65926254090.0,,253.27647,전자장비와기기,19620.0,6610.0,0.0269130528,22682934,084850,11877.0,18238.25,0.6512137951832001,156562925.5,-21.401869158878505,-14.358452138492872,1.6627691801570874,-103.36000000000001,-12.33504262352481,1282.51,-57.13557594291538,https://finance.naver.com/item/main.naver?code=084850
동성케미컬,KOSPI,3750.0,190010966250,5.56,0.41,670.0,9170.0,0.73224,352378978740.0,46133195770.0,31340729120.0,,-32.42902,화학,4773.456,3150.0,0.0385656952,50669591,102260,55333.0,74634.65,0.7413848661446125,276351215.85,-4.822335025380708,-9.090909090909093,1.1197613976886072,7.306434023991276,13.091926179864153,73.224,-21.440566331814935,https://finance.naver.com/item/main.naver?code=102260
해성산업,KOSDAQ,6010.0,189796713520,-7.75,0.26,-775.0,23076.0,1.14593,659043299310.0,27316269660.0,14588426040.0,,-5.89866,종이와목재,9090.0,5350.0,0.015631622,31580152,034810,5091.0,35750.8,0.14240240777828747,217514174.75,-5.354330708661415,-21.94805194805195,0.4630106179442138,-3.3584676720402147,4.1448368701418214,114.59299999999999,-33.88338833883389,https://finance.naver.com/item/main.naver?code=034810
AJ네트웍스,KOSPI,4170.0,188704005030,6.58,0.41,635.0,10216.0,2.76176,327848505000.0,21486266000.0,28331292000.0,,13.80218,도로와철도운송,5570.0,3825.0,0.0630203122,45252759,095570,47686.0,90578.4,0.5264610547326957,394158575.45,-4.6857142857142815,-15.927419354838712,1.3813006191321553,6.215740015661707,6.553717852091472,276.17600000000004,-25.1346499102334,https://finance.naver.com/item/main.naver?code=095570
동부건설,KOSPI,8240.0,189080503120,3.69,0.34,2251.0,24189.0,2.05007,596121494460.0,18034855480.0,23100809810.0,,39.04177,건설,10610.0,5230.0,0.0820445657,22946663,005960,54838.0,60821.95,0.9016152885594757,470112743.75,24.84848484848485,3.647798742138364,1.9663789141913406,9.305882839307122,3.025365742991196,205.00699999999998,-22.337417530631477,https://finance.naver.com/item/main.naver?code=005960
코오롱생명과학,KOSDAQ,14380.0,188242871140,7.31,0.32,2001.0,45249.0,0.55551,50590987740.0,-785008530.0,-2185648850.0,,46.08491,제약,72700.0,13210.0,0.0282113819,13090603,102940,40987.0,147043.95,0.2787397917425368,2451461498.5,-72.39923224568139,-76.27062706270627,0.40731359569706876,4.422197175628191,-1.5516766227897332,55.550999999999995,-80.2200825309491,https://finance.naver.com/item/main.naver?code=102940
헥토이노베이션,KOSDAQ,14430.0,187494285810,5.93,0.81,2427.0,17664.0,1.14987,102828587180.0,12880295230.0,8921575140.0,,32.68044,IT서비스,25700.0,12210.0,0.1521076869,12993367,214180,48756.0,61879.2,0.7879222743668309,902054232.5,-8.14767663908339,-31.285714285714285,0.978115424892371,13.739809782608695,12.525986773943732,114.987,-43.85214007782101,https://finance.naver.com/item/main.naver?code=214180
일진파워,KOSDAQ,12480.0,188182288320,9.9,1.27,1250.0,9773.0,1.1392,86381019170.0,5603242490.0,3896060560.0,,39.04177,건설,24500.0,9010.0,0.0394475416,15078709,094820,132693.0,124081.2,1.0694045512132377,1508342929.5,-19.118600129617626,-27.694090382387028,2.087165501300761,12.790340734677171,6.486659388647266,113.92,-49.06122448979592,https://finance.naver.com/item/main.naver?code=094820
현대사료,KOSDAQ,994.0,187340898626,43.22,2.45,23.0,406.0,0.48044,29524987020.0,296016000.0,-619654860.0,,33.27747,식품,994.0,994.0,0.0238011824,188471729,016790,,,,,,,,5.665024630541872,1.0025948522838672,48.044,0.0,https://finance.naver.com/item/main.naver?code=016790
코칩,KOSDAQ,21300.0,186803683800,54.06,2.76,357.0,7001.0,0.17815,17996033150.0,4410030760.0,3490983980.0,,-80.94163,전기제품,36500.0,9310.0,0.0049420043,8770126,126730,2209861.0,694190.5,3.183363932522845,14391527670.0,-6.167400881057272,10.822060353798136,3.183363932522845,5.099271532638195,24.505571440337118,17.815,-41.64383561643835,https://finance.naver.com/item/main.naver?code=126730
노바렉스,KOSDAQ,10250.0,187112192000,5.15,0.72,2000.0,14257.0,0.40109,101784947810.0,10966592940.0,7670886300.0,,-10.66193,건강관리업체및서비스,21500.0,10040.0,0.0641220896,18254848,194700,28788.0,166656.75,0.17273827792753668,1982795271.0,-27.20170454545454,-19.5447409733124,0.4871629861976788,14.028196675317389,10.774277706042673,40.109,-52.32558139534884,https://finance.naver.com/item/main.naver?code=194700
아스테라시스,KOSDAQ,4950.0,186256580400,19.76,3.96,250.0,1247.0,0.12901,11222466670.0,79277640.0,1298373210.0,,-32.03035,건강관리장비와용품,17480.0,4050.0,0.0106384698,37627592,450950,13688.0,21630.4,0.6328130778903764,115912794.1,-36.12903225806452,-59.42622950819671,2.4750351357348914,20.04811547714515,0.7064190282865862,12.901000000000002,-71.68192219679635,https://finance.naver.com/item/main.naver?code=450950
이연제약,KOSPI,10040.0,186611582440,-6.24,0.84,-1616.0,12010.0,1.28034,35845295000.0,-7031997860.0,-6804366510.0,,46.08491,제약,13200.0,9100.0,0.0114058296,18586811,102460,10621.0,35819.75,0.2965123988860894,357830752.5,1.3118062563067578,-3.923444976076551,0.6731202758254874,-13.455453788509574,-19.617631435311107,128.034,-23.939393939393938,https://finance.naver.com/item/main.naver?code=102460
방림,KOSPI,5800.0,186242512400,27.6,1.0,208.0,5755.0,0.37123,31527782270.0,1582071060.0,5462288420.0,,8.94358,"섬유,의류,신발,호화품",6280.0,4460.0,0.0,32110778,003610,108433.0,74416.75,1.4571047512824733,409229906.0,11.538461538461542,6.422018348623859,2.166864314821596,3.614248479582971,5.01802203038368,37.123,-7.643312101910826,https://finance.naver.com/item/main.naver?code=003610
압타바이오,KOSDAQ,6600.0,185416473000,-10.46,3.78,-607.0,1680.0,0.28897,1602804790.0,-3574709530.0,1115500140.0,,-10.66193,건강관리업체및서비스,10890.0,3870.0,0.0145094552,28093405,293780,32132.0,46506.5,0.690914173287605,292952377.25,33.06451612903225,-4.347826086956519,0.8701364325416877,-36.13095238095238,-223.02837827181685,28.897000000000002,-39.39393939393939,https://finance.naver.com/item/main.naver?code=293780
데브시스터즈,KOSDAQ,15120.0,183997548000,16.16,1.02,953.0,15161.0,1.0024,52668441030.0,-15974564350.0,-14972710280.0,,17.67293,게임엔터테인먼트,58200.0,13100.0,0.0234322857,12169150,194480,39672.0,101054.2,0.39258140680941517,1693332677.5,-7.692307692307687,-62.05771643663739,0.7790472835369534,6.285865048479651,-30.33042945186259,100.24,-74.02061855670104,https://finance.naver.com/item/main.naver?code=194480
슈피겐코리아,KOSDAQ,29500.0,183382708500,6.02,0.33,4967.0,91806.0,0.07943,110317441460.0,12575472880.0,15231954040.0,,96.79463,핸드셋,34950.0,21000.0,0.1198750781,6216363,192440,1889.0,8794.2,0.2148006640740488,257247265.0,-4.530744336569581,21.399176954732503,1.510768461031134,5.410321765461952,11.399351465706118,7.943,-15.593705293276106,https://finance.naver.com/item/main.naver?code=192440
SJG세종,KOSPI,6790.0,183685110210,2.68,0.35,2541.0,19312.0,1.40996,524581498840.0,34025396460.0,33485949530.0,,10.13834,자동차부품,12640.0,5240.0,0.0716408982,27052299,033530,26392.0,55899.2,0.47213555829063747,386741469.25,-3.0000000000000027,-22.31121281464531,0.8872398889429545,13.157622203811101,6.486198338149535,140.996,-46.28164556962025,https://finance.naver.com/item/main.naver?code=033530
사람인,KOSDAQ,17020.0,182671081620,1.97,0.68,8746.0,25433.0,0.1523,35192356250.0,6443132240.0,6749210020.0,,15.3479,상업서비스와공급품,18400.0,12570.0,0.2324419572,10732731,143240,18319.0,10297.65,1.7789495661631538,175561709.5,2.530120481927711,25.331369661266567,1.7789495661631538,34.38839303267409,18.30832864451922,15.229999999999999,-7.499999999999996,https://finance.naver.com/item/main.naver?code=143240
HS효성,KOSPI,48950.0,182384126650,9.25,0.35,5292.0,139520.0,0.83416,430921091740.0,35762681620.0,27112020950.0,,32.03954,복합기업,75400.0,37400.0,0.0506400152,3725927,487570,3614.0,2803.4,1.289148890632803,131452035.0,-9.01486988847584,-10.01838235294118,1.289148890632803,3.7930045871559632,8.29912536320634,83.416,-35.07957559681698,https://finance.naver.com/item/main.naver?code=487570
네오티스,KOSDAQ,13240.0,182643390320,41.48,3.3,330.0,4154.0,0.75249,22575611640.0,4494698700.0,4157010150.0,,10.13834,자동차부품,36300.0,3115.0,0.1160097219,13794818,085910,81665.0,159119.45,0.51323078354029,2581303720.75,-54.10745233968803,-25.909345271404593,2.513947854897688,7.944150216658643,19.909532338145766,75.249,-63.52617079889807,https://finance.naver.com/item/main.naver?code=085910
사조씨푸드,KOSPI,10560.0,181827814080,-6.44,0.88,-1637.0,11978.0,1.06059,83890211920.0,10484028730.0,4625103380.0,,33.27747,식품,11240.0,6480.0,0.0443165836,17218543,014710,1216.0,11821.5,0.10286342680708878,117067780.0,43.8692098092643,33.67088607594937,0.8343272850315104,-13.666722324261146,12.497320593250922,106.059,-6.049822064056942,https://finance.naver.com/item/main.naver?code=014710
퓨쳐켐,KOSDAQ,8090.0,181437827800,-15.91,3.33,-492.0,2354.0,0.24137,4271637850.0,-3219119590.0,2318297080.0,,46.08491,제약,33928.4,6410.0,0.0615350763,22427420,220100,34461.0,50656.45,0.6802884923834971,408873307.0,-35.28,-59.65087281795511,0.7128411090789031,-20.900594732370433,-75.36031150206237,24.137,-76.15566899706441,https://finance.naver.com/item/main.naver?code=220100
에스오에스랩,KOSDAQ,10110.0,182117182590,-10.24,6.89,-1000.0,1486.0,3.91849,455980250.0,-5177308500.0,-6243283870.0,,253.27647,전자장비와기기,28700.0,6550.0,0.0185075484,18013569,464080,214814.0,140297.45,1.531132604334576,1412142100.25,-22.647283856159138,-37.048567870485684,1.531132604334576,-67.29475100942126,-1135.4238478530594,391.849,-64.77351916376305,https://finance.naver.com/item/main.naver?code=464080
SP삼화,KOSPI,6650.0,180903068850,21.46,0.53,308.0,12503.0,0.98353,177546898930.0,13751021060.0,9556792060.0,,7.71583,건축자재,14300.0,5180.0,0.208292038,27203469,000390,41338.0,90575.85,0.45639096955755865,580377076.5,-1.9174041297935096,-34.28853754940712,0.8931961444468917,2.463408781892346,7.745007737601492,98.35300000000001,-53.4965034965035,https://finance.naver.com/item/main.naver?code=000390
더핑크퐁컴퍼니,KOSDAQ,12630.0,181253256300,8.61,0.97,1443.0,12838.0,0.10457,21704662490.0,2656650680.0,21541578060.0,,876.91615,방송과엔터테인먼트,61500.0,9500.0,0.0351169709,14351010,403850,82744.0,117690.85,0.7030623026344018,1497657666.0,2.0193861066235774,-29.91120976692564,1.0573124418763225,11.24006854650257,12.239999959566292,10.456999999999999,-79.46341463414635,https://finance.naver.com/item/main.naver?code=403850
도화엔지니어링,KOSPI,5360.0,180739200000,24.41,0.7,220.0,7625.0,2.02685,169612698910.0,4491439240.0,3419723840.0,,39.04177,건설,7650.0,4465.0,0.0101942171,33720000,002150,12470.0,48973.2,0.25462906242597994,258284761.5,-2.5454545454545507,-13.826366559485525,1.0777323107332175,2.8852459016393444,2.648055993957888,202.685,-29.93464052287582,https://finance.naver.com/item/main.naver?code=002150
대양전기공업,KOSDAQ,18880.0,180631247040,6.98,0.64,2680.0,29042.0,0.24645,70834320840.0,7559162520.0,7664418020.0,,21.13778,조선,36650.0,14000.0,0.0766217712,9567333,108380,44344.0,42988.3,1.0315364878350621,776147019.0,-10.095238095238091,-33.403880070546734,1.1631071710209522,9.228014599545487,10.671610075961024,24.645,-48.48567530695771,https://finance.naver.com/item/main.naver?code=108380
현대비앤지스틸,KOSPI,11980.0,180644155780,12.3,0.35,976.0,34303.0,0.41561,202786746880.0,9531629210.0,5300223690.0,,30.01711,비철금속,25500.0,9250.0,0.0484570037,15078811,004560,12036.0,25118.1,0.47917637082422637,295855620.75,-11.324944485566245,-34.53551912568306,1.2573801362364192,2.8452321954348014,4.700321572612625,41.561,-53.019607843137265,https://finance.naver.com/item/main.naver?code=004560
SAMG엔터,KOSDAQ,17640.0,180057424680,5.04,2.03,3560.0,8830.0,0.45055,37458325950.0,2069946400.0,-350312380.0,,876.91615,방송과엔터테인먼트,66100.0,17320.0,0.0441260047,10207337,419530,23778.0,86059.7,0.27629657086882714,1780336428.25,-41.58940397350993,-47.65578635014837,1.5104398458279544,40.31710079275198,5.525998152621661,45.055,-73.31316187594554,https://finance.naver.com/item/main.naver?code=419530
대창단조,KOSPI,6620.0,179690764400,5.86,0.52,1142.0,12806.0,0.27176,102055392610.0,15725020380.0,12462235920.0,,190.12516,기계,7490.0,5170.0,0.0892758593,27143620,015230,41004.0,107571.3,0.3811797384618388,684223981.0,4.746835443037978,6.430868167202575,1.2588208936770309,8.91769483054818,15.408318931359604,27.176000000000002,-11.615487316421891,https://finance.naver.com/item/main.naver?code=015230
한솔제지,KOSPI,7560.0,179932354560,46.38,0.26,163.0,29322.0,1.92434,592742934640.0,50803654220.0,29963959460.0,,-5.89866,종이와목재,9390.0,5930.0,0.0553773152,23800576,213500,30100.0,38304.15,0.7858156361647497,289304276.75,9.724238026124809,-9.461077844311372,0.7858156361647497,0.5558965964122502,8.570942182694322,192.434,-19.4888178913738,https://finance.naver.com/item/main.naver?code=213500
모두투어,KOSDAQ,9480.0,179172000000,11.26,1.85,836.0,5081.0,1.11876,42245111230.0,-856131380.0,-215737110.0,,15.31862,"호텔,레스토랑,레저",17500.0,7690.0,0.1030078836,18900000,080160,50204.0,40005.25,1.254935289743221,361454379.75,-1.8633540372670843,-19.796954314720814,1.254935289743221,16.453454044479432,-2.0265809583003906,111.876,-45.82857142857143,https://finance.naver.com/item/main.naver?code=080160
서연,KOSPI,7620.0,178916411280,2.97,0.19,2575.0,40447.0,1.23318,1356856518230.0,66974388820.0,46812070110.0,,10.13834,자동차부품,11990.0,6550.0,0.0650417013,23479844,007860,12726.0,26507.3,0.4800941627400754,209620569.75,-15.80110497237569,-23.262839879154072,1.4481671086832684,6.366355972012758,4.935996394620054,123.318,-36.44703919933278,https://finance.naver.com/item/main.naver?code=007860
경농,KOSPI,9160.0,178826787000,8.83,0.63,1044.0,14751.0,0.75991,121952525580.0,13536273720.0,9905856650.0,,-32.42902,화학,11900.0,8550.0,0.0110044397,19522575,002100,16046.0,82768.7,0.19386555545755824,782188688.5,-2.3454157782516027,-3.0687830687830653,0.34079307757642685,7.077486272117145,11.099625576118388,75.991,-23.02521008403361,https://finance.naver.com/item/main.naver?code=002100
대원제약,KOSPI,7970.0,178747836510,-122.62,0.64,-65.0,12407.0,1.0793,152831677190.0,-8919930.0,3777595600.0,,46.08491,제약,13670.0,7060.0,0.131645171,22427583,003220,15403.0,46714.6,0.3297256104087373,377764071.0,-11.738648947951269,-25.51401869158878,0.9138898759702534,-0.5238977996292415,-0.005836440562587534,107.92999999999999,-41.69714703730797,https://finance.naver.com/item/main.naver?code=003220
카나프테라퓨틱스,KOSDAQ,13380.0,177961760400,-2.44,11.94,-5564.0,1135.0,0.04364,74959410.0,-4696394940.0,-4343195800.0,,46.08491,제약,70000.0,9170.0,0.0271258096,13300580,0082N0,14863.0,58557.25,0.25381997959262087,888269065.0,-33.266832917705734,-73.55731225296442,1.5584748259182253,-490.22026431718064,-6265.250673664587,4.364,-80.88571428571429,https://finance.naver.com/item/main.naver?code=0082N0
매드업,KOSDAQ,9450.0,177729930000,15.7,4.7,616.0,2059.0,1.27927,18262357060.0,3789871370.0,4238792010.0,,11.1909,광고,22500.0,4560.0,0.0184639025,18807400,0039P0,3427972.0,2921229.5,1.1734689109499956,26129749900.25,-6.25,-6.25,3.573957814680428,29.917435648372997,20.752367055077173,127.92699999999999,-58.00000000000001,https://finance.naver.com/item/main.naver?code=0039P0
탑코미디어,KOSDAQ,3590.0,176965994910,-67.82,5.64,-55.0,661.0,0.74495,15488193740.0,3666965400.0,3175459120.0,,19.46801,양방향미디어와서비스,4300.0,850.0,0.033260702,49294149,134580,585133.0,1230541.0,0.4755087396519092,3749702343.75,171.55824508320725,109.08561444379731,1.5963970318745981,-8.32072617246596,23.675875066888207,74.495,-16.511627906976745,https://finance.naver.com/item/main.naver?code=134580
에브리봇,KOSDAQ,13940.0,176906727020,-13.9,2.88,-1017.0,4906.0,0.42895,9837802680.0,-1226926360.0,7609482820.0,,11.65576,가정용기기와용품,31900.0,9470.0,0.0,12690583,270660,18552.0,63449.9,0.2923881676724471,924300563.0,-3.86206896551724,-25.929861849096703,0.6821287346394557,-20.72971871178149,-12.471548778817345,42.895,-56.30094043887147,https://finance.naver.com/item/main.naver?code=270660
한국비엔씨,KOSDAQ,2585.0,176800780310,62.5,0.77,42.0,3417.0,0.17611,24606572850.0,-366262890.0,-1737934320.0,,-32.03035,건강관리장비와용품,6180.0,2050.0,0.036448076,68394886,256840,295223.0,1519893.4,0.19423928020215103,4220965302.15,-13.689482470784641,-36.330049261083744,4.988773554776934,1.2291483757682178,-1.4884758321799372,17.610999999999997,-58.17152103559871,https://finance.naver.com/item/main.naver?code=256840
석경에이티,KOSDAQ,32300.0,176196500000,46.21,3.98,699.0,8109.0,0.22955,5168301790.0,1275560010.0,1132870500.0,,-32.42902,화학,75300.0,28650.0,0.0133913841,5455000,357550,905.0,3066.25,0.29514879739094985,102779565.0,-27.57847533632287,-41.485507246376805,1.3201793721973094,8.620051794302627,24.680447501499327,22.955000000000002,-57.10491367861885,https://finance.naver.com/item/main.naver?code=357550
비보존 제약,KOSDAQ,2900.0,176087031400,-4.88,2.18,-622.0,1394.0,0.71591,13282472890.0,-1937664490.0,-2840010670.0,,46.08491,제약,7773.65,2070.0,0.0140460753,60719666,082800,285072.0,801147.15,0.3558297623601357,2646638860.1,-19.77869986168741,-26.952141057934508,0.3900194864326734,-44.61979913916787,-14.588130584168654,71.59100000000001,-62.694487145678025,https://finance.naver.com/item/main.naver?code=082800
이랜시스,KOSDAQ,5790.0,175405803480,42.29,3.33,140.0,1780.0,0.2648,20733808020.0,1368218240.0,184357710.0,,253.27647,전자장비와기기,9530.0,3525.0,0.0087873051,30294612,264850,230609.0,827268.8,0.2787594552097214,5190855025.0,6.629834254143652,-17.048710601719197,3.7899809590304865,7.865168539325842,6.598972261536354,26.479999999999997,-39.24449108079748,https://finance.naver.com/item/main.naver?code=264850
HLB테라퓨틱스,KOSDAQ,1987.0,176008676583,-18.67,1.15,-105.0,1705.0,0.30543,12558348050.0,-4731982440.0,-9042240740.0,,46.08491,제약,4160.0,1342.0,0.0375369599,88580109,115450,128563.0,219597.95,0.5854471774440517,475184377.65,-26.270871985157697,-31.00694444444444,1.5747824604009282,-6.158357771260997,-37.67997527349945,30.543,-52.23557692307692,https://finance.naver.com/item/main.naver?code=115450
큐알티,KOSDAQ,14250.0,175122539250,57.29,1.85,247.0,7641.0,0.66803,18495957190.0,1226107620.0,1105317380.0,,33.00285,반도체와반도체장비,24200.0,8060.0,0.0443716042,12289301,405100,49196.0,94216.05,0.5221615637675322,1142336982.25,-8.242112041210559,-15.43026706231454,0.6779948851602248,3.232561183091218,6.629057406463429,66.803,-41.11570247933884,https://finance.naver.com/item/main.naver?code=405100
티쓰리,KOSDAQ,3140.0,174980330800,10.49,1.76,308.0,1835.0,0.12823,25802746480.0,5173827280.0,5593544860.0,,17.67293,게임엔터테인먼트,3795.0,1660.0,0.0357106583,55726220,204610,238308.0,124702.6,1.911010676601771,410499888.05,24.850894632206753,32.210526315789465,1.911010676601771,16.78474114441417,20.051459576252054,12.823,-17.259552042160742,https://finance.naver.com/item/main.naver?code=204610
원익,KOSDAQ,9600.0,174654537600,16.61,0.67,632.0,15605.0,0.39977,54031094690.0,3921639990.0,11242703460.0,,42.91369,화장품,17800.0,4215.0,0.0116019843,18193181,032940,2189010.0,3130060.2,0.6993507664804657,28674789088.75,23.71134020618557,-15.41850220264317,3.7990601586512613,4.049983979493752,7.258116853823085,39.977000000000004,-46.06741573033708,https://finance.naver.com/item/main.naver?code=032940
듀켐바이오,KOSDAQ,6130.0,174635853600,26.64,3.51,229.0,1737.0,0.50469,11196128400.0,1931234680.0,1204698030.0,,46.08491,제약,12770.0,5100.0,0.0081944363,28488720,176750,12020.0,32297.85,0.37216099523652507,205308284.5,-7.1212121212121176,-36.80412371134021,0.635491216907627,13.18364997121474,17.24912944013754,50.468999999999994,-51.996867658574786,https://finance.naver.com/item/main.naver?code=176750
이랜텍,KOSDAQ,6890.0,174256436900,6.71,0.66,1056.0,10776.0,1.28684,213541859660.0,7108932600.0,3228852910.0,,96.79463,핸드셋,14490.0,5700.0,0.0665518178,25291210,054210,82309.0,90693.85,0.907547755443175,643072532.75,-22.146892655367235,-34.44338725023787,0.907547755443175,9.799554565701559,3.3290581112849713,128.684,-52.44996549344376,https://finance.naver.com/item/main.naver?code=054210
엘오티베큠,KOSDAQ,9780.0,174182122740,-19.86,0.65,-500.0,15352.0,0.35504,81458228770.0,8738173640.0,7962423900.0,,33.00285,반도체와반도체장비,17940.0,6070.0,0.0808260153,17810033,083310,25887.0,85466.4,0.30289096065822363,838992949.0,-15.83476764199656,-27.014925373134325,1.0559588329448766,-3.2569046378322044,10.727183455796126,35.504000000000005,-45.484949832775925,https://finance.naver.com/item/main.naver?code=083310
DH오토넥스,KOSPI,4200.0,174035631000,41.58,4.81,101.0,874.0,0.66541,7815513600.0,-1910947440.0,-4737127330.0,,10.13834,자동차부품,1984.0,1984.0,0.0208810206,41437055,000300,,,,,,,,11.556064073226544,-24.45069560111827,66.541,111.69354838709675,https://finance.naver.com/item/main.naver?code=000300
JW생명과학,KOSPI,11000.0,174180094000,5.97,0.77,1847.0,14245.0,0.34847,63245757500.0,9346122010.0,8014213790.0,,46.08491,제약,15580.0,10550.0,0.1449613927,15834554,234080,5955.0,16298.05,0.36538113455290666,182862679.0,-4.596704249783179,-14.926527455529781,1.172042054110768,12.965952965952965,14.777468686338368,34.847,-29.396662387676507,https://finance.naver.com/item/main.naver?code=234080
이크레더블,KOSDAQ,14450.0,174030020000,13.55,4.08,1069.0,3547.0,0.36012,23016513280.0,12258218740.0,9733842520.0,,15.3479,상업서비스와공급품,18490.0,13320.0,0.0985822345,12043600,092130,2342.0,3898.05,0.6008132271263836,55479125.25,1.403508771929829,-4.746209624258402,0.8688959864547658,30.138144911192555,53.2583653782681,36.012,-21.84964845862628,https://finance.naver.com/item/main.naver?code=092130
바이오비쥬,KOSDAQ,11790.0,173941253730,36.88,2.67,298.0,4118.0,0.05487,9875617430.0,2701051940.0,2529350540.0,,42.91369,화장품,18450.0,5230.0,0.0037018191,14753287,489460,333442.0,106685.05,3.125480093040215,1237883319.25,73.12775330396475,23.32635983263598,3.125480093040215,7.236522583778533,27.3507146175467,5.487,-36.09756097560975,https://finance.naver.com/item/main.naver?code=489460
유화증권,KOSPI,3055.0,173225877825,13.38,0.35,229.0,8871.0,0.81785,5454662920.0,-2431772970.0,705841510.0,,8.19324,증권,4940.0,2630.0,0.0175447906,56702415,003460,25923.0,37665.0,0.6882516925527679,116313057.15,-7.14285714285714,-19.179894179894173,0.837382185052436,2.5814451583812423,-44.581544371581444,81.785,-38.1578947368421,https://finance.naver.com/item/main.naver?code=003460
아이디스,KOSDAQ,16030.0,171783731700,9.21,0.66,1745.0,24487.0,0.31574,83750597990.0,8555358550.0,6076610240.0,,253.27647,전자장비와기기,20750.0,13670.0,0.0214109416,10716390,143160,2044.0,6018.95,0.33959411525266037,95525563.5,6.158940397350987,-9.126984126984128,1.2646724096395552,7.126230244619594,10.215280553604558,31.574,-22.746987951807228,https://finance.naver.com/item/main.naver?code=143160
화승엔터프라이즈,KOSPI,2835.0,171770597460,-5.99,0.37,-477.0,7621.0,2.01272,397514062000.0,7290491770.0,-1579103870.0,,8.94358,"섬유,의류,신발,호화품",7110.0,2750.0,0.0563328897,60589276,241590,58481.0,38628.05,1.5139516491254412,114669687.85,-20.920502092050206,-43.63817097415507,1.5139516491254412,-6.2590211258365045,1.8340210993592474,201.272,-60.12658227848101,https://finance.naver.com/item/main.naver?code=241590
아바코,KOSDAQ,11700.0,171723813300,5.89,0.75,1987.0,15532.0,1.0308,16487860500.0,-11028132010.0,-7580390450.0,,-80.94163,전기제품,17500.0,9110.0,0.0531584631,14677249,083930,11372.0,34497.05,0.32965137598722205,394903963.25,-9.161490683229811,-20.24539877300614,0.9852726537486538,12.792943600309039,-66.88637382636759,103.08,-33.14285714285714,https://finance.naver.com/item/main.naver?code=083930
우양피앤엘,KOSPI,5490.0,171111683160,-20.59,1.37,-273.0,4112.0,1.03838,9125576850.0,-167045910.0,-305270080.0,,-146.37102,석유와가스,8460.0,4375.0,0.0022286723,31167884,002420,33121.0,11591.0,2.857475627642136,67369245.0,-0.7233273056057921,-3.0035335689045928,2.857475627642136,-6.639105058365759,-1.8305243903567587,103.83800000000001,-35.1063829787234,https://finance.naver.com/item/main.naver?code=002420
녹십자웰빙,KOSDAQ,9500.0,170651255000,17.06,1.51,564.0,6351.0,1.13391,52082475760.0,4628645090.0,3965020990.0,,46.08491,제약,15890.0,6680.0,0.0138436222,17963290,234690,147170.0,790297.35,0.18622104705273276,8389144097.75,11.764705882352944,0.31678986272438703,1.2830436543916035,8.880491261218705,8.887144903266787,113.39099999999999,-40.21397105097546,https://finance.naver.com/item/main.naver?code=234690
윤성에프앤씨,KOSDAQ,21350.0,170352674800,-9.16,0.99,-2401.0,22214.0,0.52536,59821694080.0,17074073000.0,15990023820.0,,253.27647,전자장비와기기,43900.0,11230.0,0.0123420739,7979048,372170,9268.0,29745.5,0.31157654098939336,633703269.75,-8.56531049250535,-32.22222222222222,0.4711973239649695,-10.808499144683532,28.541607292442627,52.536,-51.36674259681093,https://finance.naver.com/item/main.naver?code=372170
바이오솔루션,KOSDAQ,6570.0,170321238450,600.0,4.98,11.0,1324.0,0.6042,4703519580.0,-482470150.0,-736043900.0,,-69.92914,생물공학,13450.0,5240.0,0.020050428,25924085,086820,31874.0,105770.55,0.30135042315654026,720599456.5,-5.7388809182209455,-43.60515021459227,0.6171850292921801,0.8308157099697886,-10.257640938745705,60.419999999999995,-51.152416356877325,https://finance.naver.com/item/main.naver?code=086820
지놈앤컴퍼니,KOSDAQ,3250.0,169973131250,-16.1,1.37,-205.0,2402.0,0.51277,6253653470.0,-7973730580.0,-42647856380.0,,46.08491,제약,10180.0,2470.0,0.0376419626,52299425,314130,109974.0,249642.45,0.4405260403428984,998535228.95,-41.96428571428571,-53.76955903271693,0.6925144341437123,-8.534554537885096,-127.50515547833834,51.276999999999994,-68.0746561886051,https://finance.naver.com/item/main.naver?code=314130
모베이스전자,KOSDAQ,2315.0,169535452955,8.52,0.7,274.0,3346.0,2.15031,262792833090.0,2843078150.0,2056819420.0,,10.13834,자동차부품,7070.0,1262.0,0.042920055,73233457,012860,241991.0,392564.65,0.6164360443560061,924323690.7,-26.740506329113924,-42.90998766954377,1.0331572137226313,8.188882247459652,1.0818705048270159,215.031,-67.25601131541725,https://finance.naver.com/item/main.naver?code=012860
지누스,KOSPI,7720.0,169267276360,-9.06,0.26,-844.0,29617.0,0.66482,147542224520.0,-26700835150.0,-22055421060.0,,28.55513,가구,17470.0,7100.0,0.0760925034,21925813,013890,6648.0,18689.9,0.35570013750742374,140887701.75,-21.6243654822335,-32.811140121845085,0.6728767944183757,-2.849714690886991,-18.097080504829034,66.482,-55.809959931310814,https://finance.naver.com/item/main.naver?code=013890
와이솔,KOSDAQ,6590.0,169020840610,-4.41,0.61,-1522.0,11034.0,0.2558,81310276850.0,-1843555530.0,1573762430.0,,96.79463,핸드셋,9340.0,5270.0,0.1101973368,25648079,122990,220135.0,44930.5,4.899455826220496,274206644.75,-15.512820512820513,-4.768786127167635,4.899455826220496,-13.793728475620808,-2.267309375174019,25.580000000000002,-29.443254817987153,https://finance.naver.com/item/main.naver?code=122990
하이비젼시스템,KOSDAQ,11260.0,168248181120,-8.36,0.58,-1350.0,19368.0,0.4544,50339337650.0,-5722134830.0,768797630.0,,96.79463,핸드셋,21500.0,8000.0,0.1131692762,14942112,126700,18748.0,69635.2,0.26923165295712514,783804518.25,-17.87016776075857,-34.98845265588915,0.7694958871375397,-6.970260223048327,-11.367123798459435,45.440000000000005,-47.627906976744185,https://finance.naver.com/item/main.naver?code=126700
피델릭스,KOSDAQ,5080.0,168310885120,-57.42,3.78,-89.0,1353.0,0.405,33434395550.0,9612339470.0,9528789880.0,,33.00285,반도체와반도체장비,9790.0,850.0,0.3626736928,33132064,032580,239114.0,991016.6,0.24128152848297396,4428780341.5,-4.868913857677903,399.0176817288802,1.0658237208135566,-6.577974870657798,28.7498526947349,40.5,-48.11031664964249,https://finance.naver.com/item/main.naver?code=032580
비엠티,KOSDAQ,16920.0,167945974200,8.14,1.12,2063.0,15049.0,0.7982,48647105460.0,6295774410.0,4882986640.0,,190.12516,기계,22200.0,10610.0,0.0323051295,9925885,086670,16756.0,46155.8,0.3630312983417035,757277161.75,-4.406779661016946,26.64670658682635,1.0361644690374774,13.708552063260019,12.941724590739915,79.82000000000001,-23.783783783783786,https://finance.naver.com/item/main.naver?code=086670
EDGC,KOSDAQ,741.0,167118555474,2.04,-2.55,364.0,-291.0,0.69186,1223555640.0,-716261990.0,-730475010.0,,-33.30868,생명과학도구및서비스,415.0,415.0,0.0046554242,225531114,245620,,,,,,,,-125.08591065292096,-58.53938853160776,69.186,78.55421686746989,https://finance.naver.com/item/main.naver?code=245620
유성티엔에스,KOSDAQ,4740.0,166968253800,2.78,0.3,1687.0,15883.0,0.14965,13582595540.0,859734750.0,59381313020.0,,13.80218,도로와철도운송,5980.0,2110.0,0.0135972454,35225370,024800,20762.0,31825.15,0.6523771294086594,143457303.25,0.5302226935312904,19.999999999999996,2.3080488230220437,10.621419127368885,6.329679386153613,14.965,-20.735785953177256,https://finance.naver.com/item/main.naver?code=024800
레드캡투어,KOSDAQ,9980.0,166873803560,7.06,0.83,1416.0,12037.0,2.51291,98226670040.0,15737165330.0,9128823160.0,,13.80218,도로와철도운송,13330.0,9000.0,0.0697698953,16720822,038390,4774.0,11907.0,0.4009406231628454,118711728.5,-0.10010010010009784,-13.66782006920415,1.1716637272192827,11.763728503780012,16.021275406762225,251.29100000000003,-25.13128282070518,https://finance.naver.com/item/main.naver?code=038390
인터로조,KOSDAQ,14530.0,165841743910,14.3,1.17,1007.0,12297.0,0.60163,29448340190.0,5983531050.0,4777134780.0,,-32.03035,건강관리장비와용품,23100.0,12420.0,0.0452605091,11413747,119610,24562.0,37738.35,0.6508498649252021,539525357.25,-19.944903581267216,-15.865662999420959,1.3732714864322368,8.188989184353908,20.318737869076482,60.163,-37.099567099567096,https://finance.naver.com/item/main.naver?code=119610
니어스랩,KOSDAQ,28700.0,165815857200,-18.75,-1.63,-1565.0,-18059.0,1.89947,16921667690.0,680466850.0,-155950700.0,,41.50419,우주항공과국방,42000.0,25150.0,0.0608501242,5777556,417030,,,,,,,,8.666039094080514,4.021275340385792,189.947,-31.666666666666664,https://finance.naver.com/item/main.naver?code=417030
제일일렉트릭,KOSDAQ,7450.0,165539000000,25.37,1.07,298.0,7066.0,0.49529,49896972970.0,3009747390.0,2693764980.0,,55.63885,전기장비,22300.0,5410.0,0.0384937444,22220000,199820,71274.0,167157.45,0.4263884140371847,1264238322.25,-27.45861733203505,-20.660276890308836,1.05966560269973,4.217378998018681,6.03192380389403,49.529,-66.59192825112108,https://finance.naver.com/item/main.naver?code=199820
샘표,KOSPI,57500.0,165358500000,11.52,0.52,4834.0,107294.0,0.34185,100345032300.0,4401133670.0,1568660750.0,,33.27747,식품,73100.0,39750.0,0.044637666,2875800,007540,955258.0,4591.8,208.03562872947427,228651360.0,33.72093023255813,2.131438721136769,208.03562872947427,4.505377747124722,4.386000551419425,34.185,-21.340629274965806,https://finance.naver.com/item/main.naver?code=007540
미래산업,KOSPI,5950.0,165283134100,12.67,1.11,479.0,5490.0,0.36263,30798429920.0,10360254660.0,10723734180.0,,33.00285,반도체와반도체장비,13400.0,2046.0,0.0975566584,27778678,025560,210203.0,662678.9,0.3172018906894425,5402414383.25,-84.62532299741602,-57.74147727272727,0.667831735701861,8.72495446265938,33.6389052523493,36.263,-55.59701492537313,https://finance.naver.com/item/main.naver?code=025560
엠아이텍,KOSDAQ,5100.0,165064957800,8.07,1.3,628.0,3891.0,0.1464,19752327280.0,5801680650.0,5827677230.0,,-32.03035,건강관리장비와용품,7860.0,4000.0,0.0622199232,32365678,179290,5144.0,42031.4,0.12238469334830626,216747452.6,4.508196721311486,-25.65597667638484,0.4993409688946835,16.139809817527627,29.372137104443524,14.64,-35.1145038167939,https://finance.naver.com/item/main.naver?code=179290
잉글우드랩,KOSDAQ,8280.0,164505930480,,,,,0.3116,51302029000.0,8633679000.0,6616895000.0,,42.91369,화장품,16910.0,7000.0,0.1138604921,19867866,950140,22316.0,40890.75,0.5457468987484945,354794312.5,-11.632870864461042,-33.60064153969526,1.224873596106699,,16.829118006229344,31.16,-51.03489059727971,https://finance.naver.com/item/main.naver?code=950140
강남제비스코,KOSPI,12640.0,164320000000,-60.77,0.26,-207.0,47663.0,0.43952,178519987200.0,12368816920.0,6891422540.0,,7.71583,건축자재,18880.0,11110.0,0.0496956154,13000000,000860,3044.0,14944.05,0.20369310862851772,182586184.5,-6.37037037037037,-20.403022670025184,1.4993927349011815,-0.43429914189203367,6.9285333894534356,43.952000000000005,-33.05084745762712,https://finance.naver.com/item/main.naver?code=000860
아나패스,KOSDAQ,13550.0,164272273250,60.85,2.19,224.0,6221.0,0.94997,18148800490.0,-4190473020.0,-2869100950.0,,16.1175,디스플레이장비및부품,22900.0,10750.0,0.0420279269,12123415,123860,14804.0,13843.25,1.0694020551532335,185816930.5,-17.878787878787882,-13.363171355498727,1.0694020551532335,3.600707281787494,-23.089531577081104,94.997,-40.8296943231441,https://finance.naver.com/item/main.naver?code=123860
코난테크놀로지,KOSDAQ,13100.0,163979092800,-16.63,5.84,-830.0,2361.0,0.76461,4171608450.0,-2820698750.0,-2677645300.0,,162.84747,소프트웨어,29750.0,10010.0,0.0056185394,12517488,402030,63842.0,46158.95,1.3830903865880833,672487798.75,-10.212474297464013,-28.415300546448087,1.3830903865880833,-35.15459551037696,-67.61657484896503,76.461,-55.96638655462185,https://finance.naver.com/item/main.naver?code=402030
나이벡,KOSDAQ,14420.0,163923575060,34.93,3.6,416.0,4032.0,0.34617,6060942840.0,102547480.0,381340000.0,,-32.03035,건강관리장비와용품,54300.0,11230.0,0.02796198,11367793,138610,15709.0,157694.6,0.09961660069526794,2821766354.25,-26.24040920716113,-51.61073825503355,0.23578486517610622,10.317460317460316,1.691939401296185,34.617,-73.4438305709024,https://finance.naver.com/item/main.naver?code=138610
재영솔루텍,KOSDAQ,6990.0,163322321610,15.98,1.61,440.0,4370.0,0.87871,48976872050.0,7968557170.0,6528826800.0,,96.79463,핸드셋,40500.0,3710.0,0.0,23365139,049630,168454.0,725009.8,0.2323472041343441,5904997820.75,-24.919441460794843,125.8481421647819,0.4270549170507764,10.068649885583524,16.270041014185185,87.871,-82.74074074074073,https://finance.naver.com/item/main.naver?code=049630
그린광학,KOSDAQ,13920.0,162899370720,68.77,2.6,212.0,5602.0,0.58292,15353192950.0,214771970.0,377811700.0,,41.50419,우주항공과국방,55000.0,11000.0,0.0634911683,11702541,0015G0,51993.0,37140.95,1.3998834170908392,553595514.0,-30.295443164747116,-66.33615477629988,1.8515412233666615,3.7843627275972866,1.398874948679649,58.292,-74.6909090909091,https://finance.naver.com/item/main.naver?code=0015G0
삼화전기,KOSPI,24600.0,162699972000,16.5,1.66,1427.0,14219.0,0.45258,53621967270.0,1367992950.0,1014507480.0,,-80.94163,전기제품,59500.0,17800.0,0.2631955511,6613820,009470,338336.0,39622.75,8.538932810064924,949164207.5,-25.454545454545453,-40.145985401459846,8.538932810064924,10.035867501230749,2.551180084669057,45.257999999999996,-58.655462184873954,https://finance.naver.com/item/main.naver?code=009470
해태제과식품,KOSPI,5580.0,162471866760,6.39,0.48,878.0,11639.0,1.27424,160091672560.0,9290178030.0,4502125680.0,,33.27747,식품,7380.0,5350.0,0.0102232654,29116822,101530,24665.0,106652.4,0.2312653067347758,638788947.5,-4.940374787052814,-14.15384615384615,0.25323387003011655,7.5436034023541545,5.803036398734718,127.424,-24.390243902439025,https://finance.naver.com/item/main.naver?code=101530
빅솔론,KOSDAQ,8420.0,161991580100,6.55,0.6,1261.0,13716.0,0.19531,42691334840.0,10295216650.0,7887753050.0,,19.51316,컴퓨터와주변기기,9870.0,5290.0,0.0955366223,19238905,093190,5576.0,52898.85,0.10540871871505714,458778243.25,-3.9908779931584926,9.921671018276768,0.9968836751649611,9.193642461358998,24.115471414948146,19.531000000000002,-14.690982776089157,https://finance.naver.com/item/main.naver?code=093190
셀비온,KOSDAQ,12500.0,161315637500,-21.68,7.21,-591.0,1776.0,1.30607,472050830.0,-2641657880.0,14401888780.0,,46.08491,제약,42200.0,9930.0,0.0359801603,12905251,308430,13795.0,12654.6,1.0901174276547658,167566408.0,-32.75954814416353,-55.35714285714286,1.127890253346609,-33.27702702702703,-559.6130145560808,130.607,-70.37914691943128,https://finance.naver.com/item/main.naver?code=308430
GC메디아이,KOSDAQ,3090.0,161289159510,4.22,1.1,729.0,2787.0,0.43712,51525002630.0,3959770140.0,155068740.0,,560.23548,건강관리기술,4390.0,2645.0,0.0208417745,52197139,032620,34344.0,43574.75,0.7881628695517473,133018951.5,-2.8301886792452824,-20.051746442432083,0.7881628695517473,26.157158234660926,7.685143013839377,43.712,-29.612756264236907,https://finance.naver.com/item/main.naver?code=032620
코리아에프티,KOSDAQ,5780.0,160921349920,3.66,0.62,1577.0,9358.0,0.98264,216993397410.0,14405116580.0,11422977770.0,,10.13834,자동차부품,9550.0,4600.0,0.4425053583,27841064,123410,48781.0,90013.1,0.5419322298643197,511136723.75,-7.814992025518341,-23.94736842105263,1.388120173619173,16.85189142979269,6.63850455909593,98.264,-39.47643979057591,https://finance.naver.com/item/main.naver?code=123410
노루페인트,KOSPI,8040.0,160800000000,10.01,0.4,804.0,20328.0,0.78684,229927647730.0,24348212490.0,18556302420.0,,7.71583,건축자재,10570.0,7000.0,0.05446155,20000000,090350,9068.0,37602.65,0.241153216595107,302829685.5,1.2594458438287104,-5.964912280701751,0.7220235807848648,3.9551357733175916,10.589510539677107,78.684,-23.935666982024596,https://finance.naver.com/item/main.naver?code=090350
에스투더블유,KOSDAQ,14850.0,160758467100,-20.94,5.41,-561.0,2170.0,0.6975,2085113560.0,-3162840390.0,-3069040390.0,,32.68044,IT서비스,40000.0,8010.0,0.0103453092,10825486,488280,3411610.0,129655.5,26.312882986066924,1392756357.5,-5.3537284894837445,-13.360560093348894,26.312882986066924,-25.852534562211982,-151.6867210819923,69.75,-62.87499999999999,https://finance.naver.com/item/main.naver?code=488280
SYTS,KOSPI,53500.0,160500000000,5.89,0.31,9071.0,171777.0,0.05801,35341736030.0,1613039040.0,6482148350.0,,8.94358,"섬유,의류,신발,호화품",62700.0,49050.0,0.0388076667,3000000,002170,1152.0,3614.65,0.31870305562087614,204547077.5,-0.92592592592593,-7.758620689655171,0.31870305562087614,5.280683677092975,4.564119427044456,5.801,-14.673046251993615,https://finance.naver.com/item/main.naver?code=002170
에스앤디,KOSDAQ,55400.0,160258571600,7.31,1.75,7124.0,29812.0,0.39047,49922511690.0,8303293740.0,6577474140.0,,33.27747,식품,134600.0,42100.0,0.0482419176,2892754,260970,23327.0,25277.65,0.9228310384865681,1391372677.5,10.80000000000001,2.592592592592591,1.565572749049061,23.896417549979873,16.632363755173873,39.047,-58.84101040118871,https://finance.naver.com/item/main.naver?code=260970
대한약품,KOSDAQ,26650.0,159900000000,5.69,0.52,4701.0,51057.0,0.16617,56607645480.0,8079815830.0,6752967660.0,,46.08491,제약,31700.0,24000.0,0.2024975,6000000,023910,2360.0,6218.85,0.3794913850631547,165818075.0,0.1879699248120259,-9.353741496598644,1.542246556839287,9.207356483929725,14.27336495183265,16.617,-15.930599369085174,https://finance.naver.com/item/main.naver?code=023910
넥써쓰,KOSDAQ,1911.0,159686594067,-33.43,3.71,-56.0,504.0,1.65005,5792798870.0,-5152122250.0,8591323050.0,,17.67293,게임엔터테인먼트,3380.0,1360.0,0.0154487702,83561797,205500,230459.0,118757.35,1.9405872562835058,207881754.45,-27.06106870229008,21.179454660748263,1.9405872562835058,-11.11111111111111,-88.94011971798358,165.005,-43.46153846153846,https://finance.naver.com/item/main.naver?code=205500
버킷스튜디오,KOSDAQ,1153.0,159637252154,-4.18,1.21,-276.0,950.0,0.09556,5241145890.0,-1092759710.0,-1821896950.0,,32.68044,IT서비스,1153.0,1153.0,0.0050308183,138453818,066410,,,,,,,,-29.05263157894737,-20.849633514017675,9.556000000000001,0.0,https://finance.naver.com/item/main.naver?code=066410
삼익THK,KOSPI,7690.0,159183000000,-3.66,1.05,-2174.0,7604.0,1.59445,77684488160.0,1691586140.0,-18341280.0,,190.12516,기계,14650.0,6760.0,0.376302657,20700000,004380,23884.0,22376.3,1.0673793254470132,186802215.75,-18.451749734888658,-36.076475477971734,1.9654723971344683,-28.590215675960025,2.177508251732298,159.445,-47.508532423208194,https://finance.naver.com/item/main.naver?code=004380
지앤비에스 에코,KOSDAQ,4960.0,157881963360,25.93,1.39,199.0,3701.0,0.24794,36663511990.0,5079369770.0,5116378020.0,,33.00285,반도체와반도체장비,10150.0,2550.0,0.0590529854,31831041,382800,523849.0,929016.9,0.5638745646069517,5090349499.9,-22.135007849293565,34.59972862957939,1.1589014150334618,5.3769251553634145,13.85401859861489,24.794,-51.13300492610837,https://finance.naver.com/item/main.naver?code=382800
나노엔텍,KOSDAQ,4115.0,156752913095,88.62,1.73,47.0,2404.0,0.08655,12508087350.0,687368310.0,2117623270.0,,-33.30868,생명과학도구및서비스,9390.0,3015.0,0.0137437921,38093053,039860,124448.0,340280.9,0.36572137901363255,1403905809.8,-5.510907003444321,-37.93363499245852,0.711794285250803,1.9550748752079867,5.4953910279496085,8.655,-56.17678381256657,https://finance.naver.com/item/main.naver?code=039860
SV인베스트먼트,KOSDAQ,2605.0,156660096965,-27.14,2.03,-98.0,1313.0,0.18542,9148729350.0,1570657980.0,776140510.0,,14.56477,창업투자,5030.0,1439.0,0.0095530077,60138233,289080,1482681.0,2895567.7,0.5120519199050327,7309991950.85,7.201646090534974,-25.88904694167852,4.037436251274664,-7.463823305407463,17.168045090327215,18.542,-48.210735586481114,https://finance.naver.com/item/main.naver?code=289080
한국석유,KOSPI,12330.0,156518499600,30.92,0.79,412.0,16160.0,1.08645,231630791280.0,13790541370.0,12035890830.0,,-32.42902,화학,33575.0,9690.0,0.037810183,12694120,004090,1860040.0,514899.45,3.612433456668093,6678668545.75,3.5264483627204024,-46.96774193548387,14.489153173498243,2.5495049504950495,5.953673643211672,108.645,-63.27624720774385,https://finance.naver.com/item/main.naver?code=004090
경동제약,KOSDAQ,5080.0,156305331280,16.23,0.66,316.0,7812.0,0.3293,52261526410.0,3703349340.0,5757026640.0,,46.08491,제약,6270.0,4700.0,0.0196082612,30768766,011040,20099.0,168502.5,0.1192801293749351,913195284.0,-2.8680688336520044,-7.636363636363641,0.4167712645212979,4.0450588837685615,7.08618671208842,32.93,-18.979266347687396,https://finance.naver.com/item/main.naver?code=011040
삼일제약,KOSPI,7200.0,156181039200,-4.3,1.12,-1633.0,6277.0,1.98471,50602012210.0,-6330463200.0,-7690298150.0,,46.08491,제약,12860.0,5500.0,0.0375236074,21691811,000520,293363.0,93890.0,3.124539354563851,597905903.5,0.6993006993007089,-31.558935361216733,3.124539354563851,-26.015612553767724,-12.510299340920222,198.471,-44.01244167962675,https://finance.naver.com/item/main.naver?code=000520
티케이케미칼,KOSDAQ,1718.0,156158355612,1.35,0.13,1282.0,13505.0,0.20355,129538053690.0,21468721270.0,41079029990.0,,-32.42902,화학,2915.0,1358.0,0.0420104381,90895434,104480,110732.0,254895.85,0.43442056824385333,441316441.95,-3.645541222658444,-8.422174840085283,1.6074604588501538,9.492780451684562,16.573293065972113,20.355,-41.06346483704974,https://finance.naver.com/item/main.naver?code=104480
동국씨엠,KOSPI,5220.0,156070984320,-2.96,0.16,-1773.0,32899.0,1.66143,773358200170.0,22032184790.0,5623430670.0,,44.69235,철강,7790.0,4230.0,0.2164856173,29898656,460850,20055.0,38655.0,0.5188203337213815,203088514.5,-2.9739776951672847,-7.936507936507942,1.6211098176173846,-5.389221556886228,2.8488978050736224,166.143,-32.99101412066753,https://finance.naver.com/item/main.naver?code=460850
아가방컴퍼니,KOSDAQ,4740.0,155886920640,11.5,0.74,417.0,6452.0,0.32142,50400206580.0,7192273810.0,11873166530.0,,8.94358,"섬유,의류,신발,호화품",5670.0,3115.0,0.0396549015,32887536,013990,23704.0,59348.5,0.39940352325669565,275555689.0,19.095477386934668,-4.145601617795758,0.8945129194503653,6.463112213267204,14.270326052302462,32.141999999999996,-16.402116402116405,https://finance.naver.com/item/main.naver?code=013990
메가스터디,KOSDAQ,13060.0,155687724540,5.46,0.44,2393.0,29432.0,0.5306,33685006540.0,7366926110.0,10500226220.0,,10.6218,교육서비스,13710.0,10680.0,0.1893785559,11920959,072870,11753.0,19504.7,0.6025727132434746,258189365.0,-1.5082956259426794,15.066079295154179,0.890452044891744,8.130606142973635,21.870045063675384,53.059999999999995,-4.741064916119619,https://finance.naver.com/item/main.naver?code=072870
제이오,KOSDAQ,4860.0,155605890780,-19.78,0.87,-250.0,5708.0,0.21184,8934848500.0,-1551627560.0,-2476476750.0,,39.04177,건설,15840.0,3205.0,0.0194450734,32017673,418550,43892.0,67678.95,0.6485325200819457,313069034.3,-18.592964824120607,-38.481012658227854,0.9236254404065075,-4.379817799579538,-17.3660198043649,21.184,-69.31818181818181,https://finance.naver.com/item/main.naver?code=418550
지어소프트,KOSDAQ,10040.0,155363277200,10.94,0.93,915.0,10737.0,0.37547,145103021570.0,9900705620.0,7606603530.0,,-17.01316,판매업체,11640.0,6270.0,0.1872490942,15474430,051160,34377.0,111502.45,0.30830712688375905,1109828634.25,38.29201101928375,35.67567567567566,0.9509925566657953,8.521933500977926,6.82322498379108,37.547000000000004,-13.745704467353947,https://finance.naver.com/item/main.naver?code=051160
알루코,KOSPI,1604.0,155315531728,10.15,0.48,160.0,3371.0,1.50881,142402975630.0,5924445650.0,-2153245150.0,,30.01711,비철금속,3495.0,1380.0,0.0428273505,96830132,001780,233065.0,294246.35,0.7920743961649822,497377344.55,-22.88461538461538,-22.698795180722886,0.8421005052399121,4.746366063482646,4.160338380423491,150.881,-54.10586552217453,https://finance.naver.com/item/main.naver?code=001780
DMS,KOSDAQ,6880.0,155283141120,1.22,0.37,5910.0,19235.0,0.34816,28806665820.0,-5631978580.0,-2577711380.0,,16.1175,디스플레이장비및부품,9190.0,4230.0,0.042354254,22570224,068790,22480.0,61530.7,0.3653460792742485,449995367.0,32.05374280230326,-13.78446115288221,0.7363478718753403,30.725240447101637,-19.550956071041757,34.816,-25.136017410228504,https://finance.naver.com/item/main.naver?code=068790
아이텍,KOSDAQ,5850.0,155250435600,-28.08,0.81,-213.0,7422.0,0.36563,14245360460.0,1083265460.0,2768341020.0,,33.00285,반도체와반도체장비,9730.0,4300.0,0.0183370326,26538536,119830,206171.0,212802.45,0.968837529831071,1441648246.75,-2.3372287145242088,-30.35714285714286,0.968837529831071,-2.869846402586904,7.604338711131497,36.563,-39.876670092497434,https://finance.naver.com/item/main.naver?code=119830
코스맥스엔비티,KOSDAQ,7490.0,154503720000,-10.89,3.7,-731.0,2152.0,2.62063,102264020040.0,8473334190.0,30310832410.0,,-10.66193,건강관리업체및서비스,11200.0,2860.0,0.0302847586,20628000,222040,235063.0,362644.25,0.6481917195709018,3087996302.5,10.309278350515472,123.58208955223881,1.700071075165262,-33.968401486988846,8.285743301197922,262.063,-33.12500000000001,https://finance.naver.com/item/main.naver?code=222040
씨피시스템,KOSDAQ,4240.0,154491205200,77.78,3.52,54.0,1194.0,0.08336,6847425420.0,1872657830.0,1788210660.0,,190.12516,기계,6190.0,1938.0,0.0054623091,36436605,413630,2844860.0,2630904.85,1.0813237886577312,10700693094.9,64.66019417475728,8.025477707006367,2.2175290755954173,4.522613065326634,27.34834941802112,8.336,-31.502423263327948,https://finance.naver.com/item/main.naver?code=413630
에치에프알,KOSDAQ,11600.0,154384400000,-501.67,1.1,-24.0,10988.0,0.79553,24143777030.0,-7672896900.0,-4757762540.0,,-335.21939,통신장비,39700.0,11250.0,0.1031058682,13309000,230240,107667.0,153862.95,0.6997591037998426,2048491578.5,-56.472795497185736,-31.76470588235294,2.1564255722381507,-0.2184200946487077,-31.78001888629933,79.553,-70.7808564231738,https://finance.naver.com/item/main.naver?code=230240
셀레믹스,KOSDAQ,13800.0,154305459000,-28.46,4.99,-494.0,2819.0,0.60477,1376271730.0,-924430010.0,-5232091790.0,,-69.92914,생물공학,19840.0,2535.0,0.0110003483,11181555,331920,29062.0,96325.55,0.3017060374947249,1093024617.5,-3.4289713086074203,171.6535433070866,0.3017060374947249,-17.523944661227386,-67.1691490749432,60.477000000000004,-30.443548387096776,https://finance.naver.com/item/main.naver?code=331920
플리토,KOSDAQ,9290.0,153335639790,26.09,9.78,391.0,1043.0,0.28976,8106229090.0,1398160020.0,1555847090.0,,19.46801,양방향미디어와서비스,20200.0,5510.0,0.105664668,16505451,300080,190649.0,69881.25,2.7281853143725963,635663047.25,13.708690330477346,-21.60337552742616,4.879449065378767,37.488015340364335,17.24797072074853,28.976000000000003,-54.00990099009901,https://finance.naver.com/item/main.naver?code=300080
지니언스,KOSDAQ,16950.0,153899220000,17.72,2.14,867.0,7171.0,0.30767,13184435290.0,2569533910.0,2688450300.0,,162.84747,소프트웨어,30000.0,11000.0,0.2650388784,9079600,263860,521424.0,98110.55,5.314657801836805,1642517782.75,19.787985865724387,16.896551724137932,5.314657801836805,12.090363965974062,19.48914650860257,30.767,-43.50000000000001,https://finance.naver.com/item/main.naver?code=263860
일양약품,KOSPI,8070.0,154021308480,22.05,0.64,375.0,12934.0,0.7581,65144070800.0,-6766557060.0,-2344396020.0,,46.08491,제약,16240.0,7290.0,0.0550442992,19085664,007570,21042.0,16086.85,1.3080248774620264,135316538.25,-5.05882352941176,-40.792369772560534,1.3080248774620264,2.8993350858203186,-10.387065126424368,75.81,-50.30788177339902,https://finance.naver.com/item/main.naver?code=007570
금호전기,KOSPI,12450.0,154081399200,-41.93,5.98,-285.0,2000.0,1.22805,7881579810.0,-1027629400.0,-787109700.0,,16.1175,디스플레이장비및부품,14350.0,2325.0,0.1706744723,12376016,001210,2800060.0,9980906.5,0.28054165220363503,99644799229.75,2103.5398230088495,1423.8678090575274,0.5082067445477022,-14.249999999999998,-13.03836825576724,122.805,-13.240418118466902,https://finance.naver.com/item/main.naver?code=001210
새로닉스,KOSDAQ,12250.0,152188781500,-4.9,1.74,-2579.0,7276.0,1.15832,42727319950.0,-4490058700.0,14285577910.0,,11.65576,가정용기기와용품,23200.0,6560.0,0.0455964604,12423574,042600,5273.0,20128.7,0.26196425998698375,248186883.0,-10.51862673484295,-4.147104851330208,1.2559678469051652,-35.44529961517317,-10.508636406997486,115.83200000000001,-47.19827586206896,https://finance.naver.com/item/main.naver?code=042600
안트로젠,KOSDAQ,15310.0,153193391000,-110.87,1.75,-138.0,8739.0,0.02747,2199724180.0,-477805720.0,-149867790.0,,46.08491,제약,61800.0,13500.0,0.0425205625,10006100,065660,18011.0,24711.1,0.7288627377979937,377942359.25,-43.085501858736066,-64.64203233256352,1.1964663653176104,-1.579128046687264,-21.721165059884918,2.7470000000000003,-75.22653721682848,https://finance.naver.com/item/main.naver?code=065660
메디아나,KOSDAQ,8200.0,152505428600,28.53,1.11,286.0,7340.0,0.10277,21144137050.0,2950303180.0,3108957230.0,,-32.03035,건강관리장비와용품,29600.0,4850.0,0.0489760231,18598223,041920,53194.0,52443.8,1.0143048367967233,468092152.0,-44.21768707482994,-58.502024291497975,1.0295020574405362,3.896457765667575,13.953291983604505,10.277,-72.2972972972973,https://finance.naver.com/item/main.naver?code=041920
푸른저축은행,KOSDAQ,10090.0,152185452000,5.96,0.37,1696.0,27355.0,3.84928,24847414400.0,1312363210.0,4868584450.0,,28.8081,기타금융,14050.0,9410.0,0.0160023338,15082800,007330,6578.0,10329.15,0.6368384620225285,103919990.0,-5.258215962441315,-2.2286821705426396,2.381222075388585,6.199963443611771,5.281689228799597,384.928,-28.18505338078292,https://finance.naver.com/item/main.naver?code=007330
한국주철관,KOSPI,6660.0,151851330000,8.52,0.4,789.0,16819.0,0.20702,111848769020.0,7234873030.0,5964228390.0,,44.69235,철강,7880.0,6130.0,0.0253582597,22800500,000970,25456.0,14898.65,1.7086111828924098,99539818.0,-2.346041055718473,-0.8928571428571397,1.7086111828924098,4.691123134550211,6.4684422487531466,20.702,-15.482233502538067,https://finance.naver.com/item/main.naver?code=000970
조선내화,KOSPI,12810.0,151864702080,68.67,0.69,188.0,18686.0,1.23708,126215849000.0,1005183000.0,-4560412000.0,,30.01711,비철금속,18800.0,12700.0,0.004544769,11855168,462520,3228.0,9294.75,0.34729282659565885,122398892.5,-15.834428383705646,-7.907979870596693,0.6202426100755803,1.0061008241464198,0.7963999830163959,123.708,-31.861702127659576,https://finance.naver.com/item/main.naver?code=462520
모트렉스,KOSDAQ,6180.0,151640952780,20.56,0.6,301.0,10261.0,1.78384,186411461810.0,18313198280.0,18661850960.0,,10.13834,자동차부품,11570.0,4240.0,0.0260293982,24537371,118990,51960.0,146800.25,0.35395035090199095,891152615.5,-11.840228245363772,-25.899280575539574,0.6517904431361663,2.9334372868141507,9.824073102686002,178.38400000000001,-46.585998271391524,https://finance.naver.com/item/main.naver?code=118990
오로라,KOSDAQ,14090.0,151649120100,6.3,0.79,2279.0,18082.0,2.17803,91165080960.0,12176952580.0,10487551590.0,,10.42626,레저용장비와제품,26400.0,9040.0,0.0679780245,10762890,039830,35713.0,120222.95,0.2970564272462122,2136550074.0,-24.773091297383875,13.904607922392875,0.6108816993760343,12.603694281606018,13.357035886736956,217.80300000000003,-46.62878787878788,https://finance.naver.com/item/main.naver?code=039830
세경하이테크,KOSDAQ,4280.0,152123261040,3.02,0.86,1409.0,4921.0,0.39862,86291471790.0,3325287490.0,20791799320.0,,96.79463,핸드셋,6390.0,2580.0,0.0156545269,35542818,148150,66473.0,117041.65,0.567943121102616,439926370.25,17.582417582417587,-1.2687427912341454,0.8538498901886636,28.632391790286526,3.8535528726320267,39.861999999999995,-33.02034428794992,https://finance.naver.com/item/main.naver?code=148150
KG파이낸셜,KOSDAQ,4195.0,152070369270,6.55,0.43,644.0,9858.0,0.7215,62245653800.0,8813477070.0,6717952130.0,,32.68044,IT서비스,6380.0,3640.0,0.0479111036,36250386,046440,34300.0,67572.95,0.5075995646186825,277360364.75,-1.2941176470588234,-16.1,0.7750438600061119,6.532765266788395,14.159184669050742,72.15,-34.24764890282132,https://finance.naver.com/item/main.naver?code=046440
대한화섬,KOSPI,114200.0,151657600000,12.86,0.17,8883.0,657488.0,0.17754,27708307850.0,-1144857490.0,2045358000.0,,-32.42902,화학,148800.0,101200.0,0.0046460843,1328000,003830,173.0,440.85,0.39242372689123284,49752290.0,-0.6956521739130417,-6.085526315789469,0.39242372689123284,1.3510512739396003,-4.131820305295186,17.754,-23.252688172043012,https://finance.naver.com/item/main.naver?code=003830
코스텍시스,KOSDAQ,19340.0,150800749000,-272.37,6.82,-76.0,3033.0,0.94567,5343257960.0,1186105760.0,902598640.0,,33.00285,반도체와반도체장비,64100.0,10890.0,0.1704450871,7797350,355150,65577.0,88013.75,0.7450767635738734,1815971251.75,-42.18236173393124,20.57356608478802,0.8997344164974223,-2.50576986482031,22.198175137327638,94.56700000000001,-69.82839313572543,https://finance.naver.com/item/main.naver?code=355150
폴라리스오피스,KOSDAQ,3020.0,150045054860,31.33,1.71,98.0,1798.0,0.2665,84115661730.0,3593299510.0,7845018570.0,,10.13834,자동차부품,6150.0,2355.0,0.0310380087,49683793,041020,80233.0,187776.35,0.4272795802027252,560070028.6,-9.850746268656717,-19.680851063829785,0.8605716321570848,5.450500556173527,4.2718554857643625,26.650000000000002,-50.89430894308944,https://finance.naver.com/item/main.naver?code=041020
유니퀘스트,KOSPI,7010.0,151416715020,7.42,0.62,955.0,11427.0,1.8253,216298440440.0,16573774540.0,12929732430.0,,33.00285,반도체와반도체장비,9520.0,4075.0,0.588098334,21600102,077500,45891.0,193759.95,0.23684461107674726,1433221788.0,-8.961038961038959,10.56782334384858,0.9476984278742846,8.357399142382077,7.66245679177584,182.53,-26.36554621848739,https://finance.naver.com/item/main.naver?code=077500
케이알엠,KOSDAQ,4590.0,150752656440,-11.02,2.2,-431.0,2159.0,0.38024,1592811800.0,-2367129340.0,-1752348300.0,,33.00285,반도체와반도체장비,6230.0,2960.0,0.0,32843716,093640,16254.0,32271.95,0.5036572007579337,143957783.75,41.88562596599692,0.7683863885839637,1.1960851451492704,-19.96294580824456,-148.61324734033238,38.024,-26.32423756019262,https://finance.naver.com/item/main.naver?code=093640
자람테크놀로지,KOSDAQ,21800.0,150530787600,-20.43,3.92,-1104.0,5756.0,0.23158,6095369340.0,-313619440.0,-239950500.0,,-335.21939,통신장비,64900.0,14450.0,0.0197211271,6905082,389020,8670.0,26237.05,0.3304487356619742,585339261.25,-33.7386018237082,-52.915766738660906,1.1562275484477105,-19.17998610145935,-5.145208149109468,23.158,-66.40986132511556,https://finance.naver.com/item/main.naver?code=389020
웅진,KOSPI,1893.0,151301962440,1.2,0.82,1554.0,2289.0,15.04081,342316262750.0,53551439320.0,12364721710.0,,2.29485,출판,5200.0,1690.0,0.0576386376,79927080,016880,50853.0,122018.65,0.41676415859378874,248181928.0,-16.05321507760532,-6.7487684729064075,2.543586574675265,67.88990825688074,15.643849021309752,1504.0810000000001,-63.59615384615385,https://finance.naver.com/item/main.naver?code=016880
네오오토,KOSDAQ,11090.0,149563599320,9.39,1.02,1260.0,11647.0,0.44623,63398708940.0,4109514860.0,2336624060.0,,10.13834,자동차부품,16100.0,4995.0,0.0204055242,13486348,212560,303012.0,552785.15,0.5481551014892495,6425267687.0,10.678642714570863,30.31727379553466,3.4354034293432085,10.818236455739676,6.48201663521131,44.623000000000005,-31.118012422360252,https://finance.naver.com/item/main.naver?code=212560
하나제약,KOSPI,8410.0,149470475860,16.57,0.47,507.0,17808.0,0.34646,60903578030.0,7285591660.0,8449874810.0,,46.08491,제약,12390.0,8120.0,0.0,17772946,293480,7930.0,26337.5,0.30109159943046987,224543197.5,-9.179265658747305,-14.096016343207351,0.43766492643569055,2.8470350404312668,11.962501868792092,34.646,-32.1226795803067,https://finance.naver.com/item/main.naver?code=293480
유비쿼스,KOSDAQ,10190.0,149441373670,6.27,0.76,1627.0,13350.0,0.16404,35697994090.0,9005649770.0,10013099210.0,,-335.21939,통신장비,19000.0,8600.0,0.0590199729,14665493,264450,10851.0,43369.95,0.2501962764540886,458223583.75,-14.008438818565406,-18.15261044176707,0.964192949265563,12.187265917602996,25.227327191817572,16.404,-46.36842105263158,https://finance.naver.com/item/main.naver?code=264450
이노테크,KOSDAQ,16670.0,149078143000,14.21,2.27,1110.0,6961.0,0.55581,19558861110.0,893662870.0,3206184870.0,,16.1175,디스플레이장비및부품,85000.0,8760.0,0.0075380469,8942900,469610,269024.0,235412.15,1.1427787393301494,4064486404.75,-15.850580514891465,-17.881773399014776,1.1427787393301494,15.945984772302829,4.5690946163684885,55.581,-80.38823529411765,https://finance.naver.com/item/main.naver?code=469610
디오,KOSDAQ,11110.0,149049849080,-110.2,0.77,-100.0,14316.0,0.76231,44949617770.0,4407797260.0,5034095310.0,,-32.03035,건강관리장비와용품,19400.0,10500.0,0.1489644173,13415828,039840,28929.0,24326.1,1.1892165205273348,273755460.75,-18.905109489051096,-33.67164179104477,1.4192986134234424,-0.6985191394244202,9.806083963948243,76.23100000000001,-42.7319587628866,https://finance.naver.com/item/main.naver?code=039840
우양에이치씨,KOSDAQ,10070.0,148935390630,-34.08,0.82,-299.0,12468.0,0.35393,19836790350.0,2014872620.0,2619648450.0,,-42.34619,에너지장비및서비스,21250.0,7970.0,0.0033170365,14790009,101970,1789.0,19693.9,0.09084031095923102,215427017.5,-3.173076923076923,-16.570008285004146,0.7981659295517901,-2.3981392364453,10.157251170424352,35.393,-52.61176470588236,https://finance.naver.com/item/main.naver?code=101970
삼양패키징,KOSPI,9870.0,148725167220,8.53,0.38,1156.0,25622.0,0.81249,131481150710.0,17046516240.0,13565674690.0,,17.48769,포장재,17540.0,7900.0,0.0252884744,15068406,272550,17913.0,18979.6,0.943802819869755,187381638.75,7.516339869281041,-14.173913043478258,0.943802819869755,4.51174771680587,12.964988629889973,81.24900000000001,-43.72862029646522,https://finance.naver.com/item/main.naver?code=272550
앤로보틱스,KOSDAQ,1676.0,147444313384,12.59,1.54,136.0,1110.0,0.39271,7712154670.0,-8314980.0,-201853070.0,,190.12516,기계,4980.0,728.0,0.0476228447,87973934,138360,286473.0,933068.8,0.3070223760562994,1848364156.35,-33.22709163346613,-6.420993858179791,0.7653304879554433,12.252252252252251,-0.10781656172359935,39.271,-66.34538152610442,https://finance.naver.com/item/main.naver?code=138360
제일약품,KOSPI,10100.0,148519207200,6.33,0.7,1605.0,14485.0,1.07735,146604024530.0,-7044294000.0,-6675327720.0,,46.08491,제약,19290.0,8810.0,0.0163091525,14704872,271980,20215.0,114920.3,0.17590451817476982,1294537800.75,-6.826568265682653,-30.1038062283737,0.43976564627833375,11.080428028995511,-4.804979960532056,107.735,-47.64126490409538,https://finance.naver.com/item/main.naver?code=271980
신라교역,KOSPI,9250.0,148000000000,31.56,0.24,294.0,38108.0,0.17488,128967003910.0,505625880.0,20300207730.0,,33.27747,식품,10530.0,8580.0,0.0413901875,16000000,004970,14403.0,17036.25,0.8454325335681268,157536430.0,1.5367727771679496,-4.145077720207258,1.2529752733142563,0.7714915503306392,0.39205832861935175,17.488,-12.155745489078818,https://finance.naver.com/item/main.naver?code=004970
링크솔루션,KOSDAQ,25600.0,147284019200,-19.16,3.79,-1344.0,6788.0,0.96706,4269317270.0,-4636180450.0,56723470.0,,190.12516,기계,93300.0,16020.0,0.0619936586,5753282,474650,11287.0,34054.75,0.33143687738127575,849132883.75,-39.19239904988123,-65.63758389261744,1.1629802009998604,-19.79964643488509,-108.59301749668279,96.706,-72.56162915326902,https://finance.naver.com/item/main.naver?code=474650
롯데하이마트,KOSPI,6240.0,147312122880,-59.15,0.15,-106.0,40757.0,1.06518,591095945180.0,917831190.0,-4469675410.0,,32.25723,전문소매,10120.0,5830.0,0.0274544183,23607712,071840,1751.0,12858.95,0.13616974947410168,81708255.75,-7.55555555555556,-20.20460358056266,0.7339635040186018,-0.26007802340702213,0.15527617766359453,106.518,-38.3399209486166,https://finance.naver.com/item/main.naver?code=071840
금강철강,KOSDAQ,7870.0,147326400000,-1922.5,0.95,-4.0,8115.0,0.23059,51955191950.0,1175051350.0,1467669540.0,,44.69235,철강,9170.0,3720.0,0.0051762286,18720000,053260,10636662.0,2528193.55,4.207218232955306,18379471592.5,36.15916955017302,85.1764705882353,6.729909583069698,-0.04929143561306223,2.261662994394923,23.058999999999997,-14.176663031624859,https://finance.naver.com/item/main.naver?code=053260
KT나스미디어,KOSDAQ,12730.0,147262714990,21.88,0.73,596.0,17839.0,0.94095,32263750890.0,7819522440.0,6818261110.0,,11.1909,광고,15160.0,9040.0,0.0509702362,11568163,089600,58377.0,45532.6,1.2820923909462671,578470370.0,22.286263208453416,5.3807947019867575,1.2820923909462671,3.3409944503615674,24.23624725674294,94.095,-16.029023746701842,https://finance.naver.com/item/main.naver?code=089600
에이스테크,KOSDAQ,1928.0,145576404752,-4.98,2.18,-399.0,914.0,3.32945,28725227710.0,-8129919970.0,-9530825060.0,,-335.21939,통신장비,7890.0,1330.0,0.0,75506434,088800,112588.0,113868.35,0.9887558746570052,216282085.65,-27.5187969924812,-29.89090909090909,1.726405976726632,-43.65426695842451,-28.302369095475484,332.945,-75.5640050697085,https://finance.naver.com/item/main.naver?code=088800
이구산업,KOSPI,4350.0,145472700000,13.73,1.03,327.0,4355.0,1.76169,190753069480.0,20339975520.0,8689989260.0,,30.01711,비철금속,7170.0,3305.0,0.0425091502,33442000,025820,193074.0,229434.15,0.84152250220815,1030892269.5,-10.677618069815198,-15.533980582524276,4.434091437564983,7.508610792192883,10.662987272208795,176.169,-39.33054393305439,https://finance.naver.com/item/main.naver?code=025820
삼보판지,KOSDAQ,9160.0,146636028000,5.39,0.25,1703.0,37462.0,0.28379,153516901410.0,16503318820.0,14683209030.0,,17.48769,포장재,11150.0,7710.0,0.0406521617,16008300,023600,2724.0,25977.3,0.1048607822983913,242035841.0,3.0371203599550034,-6.530612244897959,1.6937095079165272,4.545939885750895,10.750164098169442,28.378999999999998,-17.847533632286993,https://finance.naver.com/item/main.naver?code=023600
이엘씨,KOSDAQ,11880.0,144802112400,16.67,0.8,706.0,14791.0,0.07724,18303231270.0,4679483660.0,4486534720.0,,33.00285,반도체와반도체장비,13620.0,6130.0,0.0266981876,12188730,041520,3904.0,31858.05,0.12254359573169105,383017263.0,29.836065573770497,54.6875,1.062871079680018,4.773172875397201,25.566434641898066,7.724,-12.77533039647577,https://finance.naver.com/item/main.naver?code=041520
아이패밀리에스씨,KOSDAQ,8670.0,144627607950,6.76,1.4,1273.0,6134.0,0.37877,58660342220.0,6814957280.0,6180534420.0,,42.91369,화장품,24150.0,6160.0,0.0479132278,16681385,114840,26962.0,60588.65,0.44500083761562603,566233525.75,-5.965292841648595,-26.086956521739136,0.8141788932415559,20.75317900228236,11.617656873601511,37.877,-64.09937888198758,https://finance.naver.com/item/main.naver?code=114840
이수앱지스,KOSDAQ,3530.0,143935545260,-12.61,1.25,-280.0,2822.0,0.29992,14928552480.0,479283630.0,3169613490.0,,46.08491,제약,6350.0,2890.0,0.0174840469,40774942,086890,24729.0,52665.75,0.4695461471639538,180170251.35,2.765647743813693,-30.237154150197632,0.9429847671399344,-9.922041105598867,3.2105164291186523,29.992,-44.40944881889764,https://finance.naver.com/item/main.naver?code=086890
동화약품,KOSPI,5170.0,144405699900,16.42,0.38,313.0,13692.0,0.57335,136932529610.0,10289858450.0,6460857060.0,,46.08491,제약,7560.0,4450.0,0.031955819,27931470,000020,41347.0,82948.05,0.49846861981686125,429322738.25,-3.0018761726078758,-16.207455429497564,1.2294442123714782,2.2860064271107214,7.514546382299904,57.335,-31.613756613756617,https://finance.naver.com/item/main.naver?code=000020
쎌바이오텍,KOSDAQ,15300.0,143820000000,10.32,0.79,1479.0,19234.0,0.05985,15814220700.0,1639720770.0,3606098050.0,,-69.92914,생물공학,18500.0,11350.0,0.0422396809,9400000,049960,2078.0,8802.0,0.23608270847534651,135831204.5,-5.846153846153845,8.742004264392333,1.4077482390365825,7.689508162628679,10.368647315008067,5.985,-17.2972972972973,https://finance.naver.com/item/main.naver?code=049960
에이치엠넥스,KOSDAQ,2340.0,143595564840,12.85,1.04,181.0,2239.0,0.21217,13363135990.0,1382505430.0,1254706860.0,,16.1175,디스플레이장비및부품,10240.0,801.0,0.0368694846,61365626,036170,181829.0,249982.0,0.7273683705226777,612220898.5,-41.27979924717692,-29.09090909090909,0.9109655895224457,8.083966056275123,10.34566609989277,21.217,-77.1484375,https://finance.naver.com/item/main.naver?code=036170
서산,KOSDAQ,7160.0,143200000000,-164.08,2.3,-49.0,3495.0,0.05607,12976014920.0,-325586170.0,420480890.0,,7.71583,건축자재,10300.0,952.0,0.0051056,20000000,079650,2491116.0,6762277.5,0.36838417234430265,45369150831.1,226.19589977220954,405.29287226534933,3.019800355723349,-1.402002861230329,-2.5091383757440995,5.607,-30.48543689320389,https://finance.naver.com/item/main.naver?code=079650
인터플렉스,KOSDAQ,6120.0,142764128640,4.4,0.47,1410.0,13306.0,0.22978,90881456040.0,-5165293500.0,-3979379670.0,,253.27647,전자장비와기기,14670.0,5500.0,0.0714913301,23327472,051370,62646.0,83961.2,0.7461303554498984,539607516.25,-35.78174186778595,-48.65771812080537,0.7906390094472209,10.596723282729597,-5.683550555931432,22.978,-58.282208588957054,https://finance.naver.com/item/main.naver?code=051370
케이에스피,KOSDAQ,3570.0,143482762500,20.43,1.62,164.0,2074.0,0.71895,31358494370.0,4296757010.0,2953443750.0,,21.13778,조선,7940.0,2050.0,0.0223020434,40191250,073010,2344710.0,423122.95,5.541438959999688,1363062441.55,-9.160305343511455,-3.2520325203251987,14.724691723764924,7.907425265188042,13.702051378176547,71.895,-55.037783375314866,https://finance.naver.com/item/main.naver?code=073010
텔레칩스,KOSDAQ,9380.0,142052905540,-2.27,0.98,-4175.0,9686.0,1.75889,59173535680.0,3179899770.0,-4097427360.0,,33.00285,반도체와반도체장비,19530.0,7050.0,0.0152550479,15144233,054450,14844.0,37688.95,0.39385549345365156,363318857.5,-29.046898638426622,-28.396946564885496,0.9403021309959552,-43.103448275862064,5.373854601483228,175.889,-51.971326164874554,https://finance.naver.com/item/main.naver?code=054450
코데즈컴바인,KOSDAQ,3750.0,141909757500,31.71,2.0,117.0,1855.0,0.2787,12262379810.0,1617459220.0,5978998450.0,,8.94358,"섬유,의류,신발,호화품",5960.0,1878.0,0.0115757632,37842602,047770,881082.0,4563713.25,0.1930625242504007,17245784647.3,9.809663250366029,-18.918918918918916,1.2210523963134625,6.307277628032345,13.190418540787313,27.87,-37.08053691275168,https://finance.naver.com/item/main.naver?code=047770
아바텍,KOSDAQ,10330.0,141187371990,17.91,0.81,506.0,11122.0,0.05716,16906770690.0,335757730.0,1309743500.0,,16.1175,디스플레이장비및부품,19490.0,6750.0,0.0236349883,13667703,149950,759702.0,82963.9,9.157018896170504,761877275.75,-26.84135977337111,4.343434343434338,9.157018896170504,4.549541449379608,1.9859364993847919,5.716,-46.9984607491021,https://finance.naver.com/item/main.naver?code=149950
태경산업,KOSPI,4860.0,142051725000,6.03,0.46,801.0,10506.0,0.67704,240703335870.0,22084681630.0,18078248620.0,,30.01711,비철금속,5350.0,4300.0,0.0260319377,29228750,015890,16407.0,41350.65,0.3967773178898034,197649049.3,1.4613778705636848,1.039501039501034,0.7585370483898076,7.624214734437464,9.175062551658021,67.704,-9.158878504672895,https://finance.naver.com/item/main.naver?code=015890
에코앤드림,KOSDAQ,7930.0,141043884020,-16.94,0.68,-490.0,12165.0,1.27745,20211721540.0,-5279990600.0,-5369536100.0,,-32.42902,화학,26900.0,4855.0,0.0226238289,17786114,101360,45448.0,86210.6,0.5271741525984044,746887431.75,-29.133154602323508,-59.123711340206185,0.8749852106353511,-4.027949034114262,-26.12340858521446,127.745,-70.52044609665428,https://finance.naver.com/item/main.naver?code=101360
일진다이아,KOSPI,9920.0,140893512000,20.81,0.35,483.0,29014.0,0.12117,55098104960.0,5732399970.0,8236200160.0,,30.01711,비철금속,17190.0,7440.0,0.0454823021,14202975,081000,9914.0,28393.4,0.34916565117245557,276409139.0,-7.720930232558143,-30.532212885154063,2.106123253995647,1.664713586544427,10.40398753126191,12.117,-42.29203025014543,https://finance.naver.com/item/main.naver?code=081000
만호제강,KOSPI,4000.0,140459840000,-36.41,0.72,-110.0,5544.0,0.27063,37671951740.0,1262268800.0,305285520.0,,44.69235,철강,6240.0,3045.0,0.0041124353,35114960,001080,99866.0,37141.95,2.688765667930736,151263132.35,-6.976744186046513,-20.159680638722556,2.688765667930736,-1.984126984126984,3.35068596581293,27.063,-35.89743589743589,https://finance.naver.com/item/main.naver?code=001080
에스텍,KOSDAQ,12870.0,140411700000,2.6,0.46,4949.0,27942.0,0.4467,127105592710.0,12542767610.0,12601623830.0,,253.27647,전자장비와기기,16670.0,11220.0,0.5782510541,10910000,069510,1298.0,9172.25,0.14151380522772494,116382508.75,5.405405405405395,-14.428191489361698,1.0708386709913054,17.711688497602175,9.867990339824914,44.67,-22.795440911817632,https://finance.naver.com/item/main.naver?code=069510
한신공영,KOSPI,12130.0,140352615260,2.34,0.17,5174.0,72296.0,1.62762,258893384710.0,20476931680.0,18897417180.0,,39.04177,건설,19510.0,7280.0,0.0479378001,11570702,004960,21506.0,41968.05,0.5124374375268805,490483719.5,7.630878438331856,-5.822981366459623,1.2443751854089002,7.15668916675888,7.9094070723117476,162.762,-37.82675550999487,https://finance.naver.com/item/main.naver?code=004960
헬릭스미스,KOSDAQ,3030.0,139661174910,-338.33,0.99,-9.0,3083.0,0.01133,809963840.0,-2184091730.0,-2069898580.0,,-69.92914,생물공학,9960.0,2725.0,0.0400592093,46092797,084990,41398.0,112223.2,0.36888985521710305,343797497.15,-35.04823151125402,-52.65625000000001,0.4920996727949301,-0.2919234511839118,-269.6529921632057,1.133,-69.57831325301204,https://finance.naver.com/item/main.naver?code=084990
티움바이오,KOSDAQ,4655.0,139829101125,-7.29,3.58,-640.0,1302.0,1.79903,4477378400.0,-4244922430.0,-4501849720.0,,46.08491,제약,13700.0,3415.0,0.0339085456,30038475,321550,42499.0,151812.2,0.27994456308518023,700654453.9,0.0,-31.443298969072163,7.799432456680029,-49.155145929339476,-94.80821254687788,179.903,-66.02189781021897,https://finance.naver.com/item/main.naver?code=321550
인포바인,KOSDAQ,9410.0,139564876090,10.55,0.73,893.0,12978.0,0.09725,6660043940.0,2161449410.0,2019961040.0,,32.68044,IT서비스,20160.0,6050.0,0.0855736646,14831549,115310,5862.0,6188.4,0.9472561566802405,53273972.5,16.8944099378882,-88.01273885350318,0.9472561566802405,6.880875327477269,32.45398122703677,9.725,-53.323412698412696,https://finance.naver.com/item/main.naver?code=115310
효성ITX,KOSPI,12040.0,139160728000,9.25,1.9,1299.0,6308.0,1.82173,133994248020.0,3471087550.0,3055053550.0,,15.3479,상업서비스와공급품,13430.0,11410.0,0.011400045,11558200,094280,3013.0,5428.05,0.5550796326489255,65234941.5,-2.1138211382113803,-2.0341741253051215,1.6703972881605733,20.59289790741915,2.5904750400046312,182.173,-10.349962769918097,https://finance.naver.com/item/main.naver?code=094280
화신정공,KOSDAQ,3965.0,138996683150,14.68,1.28,294.0,3381.0,0.54184,101535378320.0,10272730480.0,8105920710.0,,10.13834,자동차부품,7880.0,1230.0,0.0236531586,35055910,126640,1760217.0,2466950.2,0.7135194703160201,11547954406.5,-43.83852691218131,167.7245104659014,0.7135194703160201,8.695652173913043,10.117390263346783,54.184,-49.682741116751274,https://finance.naver.com/item/main.naver?code=126640
멀티캠퍼스,KOSDAQ,23450.0,138982967550,5.33,0.61,4417.0,38888.0,0.35251,87637655690.0,8808922170.0,6864178900.0,,10.6218,교육서비스,33500.0,21500.0,0.0408803838,5926779,067280,14518.0,2886.7,5.029272179305089,68495415.0,-6.012024048096187,-18.292682926829272,5.029272179305089,11.358259617362682,10.051526482131987,35.251,-30.000000000000004,https://finance.naver.com/item/main.naver?code=067280
시너지이노베이션,KOSDAQ,1574.0,138680359762,44.97,0.66,35.0,2401.0,0.22124,31407849780.0,5378199710.0,7708060020.0,,-32.03035,건강관리장비와용품,2850.0,1385.0,0.1417385934,88106963,048870,121317.0,263912.15,0.459687058742843,428439023.45,-15.102481121898592,-24.32692307692308,1.2909939917506639,1.4577259475218658,17.123743738180856,22.124,-44.771929824561404,https://finance.naver.com/item/main.naver?code=048870
아크릴,KOSDAQ,17250.0,138523089000,-26.8,2.88,-585.0,5448.0,0.24241,5473699580.0,-1495145460.0,-1531092020.0,,32.68044,IT서비스,77000.0,11500.0,0.0541167455,8030324,0007C0,635725.0,105810.3,6.008157995960696,1756130296.75,-24.342105263157897,-50.0,6.008157995960696,-10.737885462555067,-27.3150807447127,24.241,-77.59740259740259,https://finance.naver.com/item/main.naver?code=0007C0
디바이스,KOSDAQ,10000.0,138627720000,7.91,0.84,1304.0,12226.0,0.37641,23335819600.0,7746892910.0,8048479930.0,,16.1175,디스플레이장비및부품,29700.0,5679.734,0.0762796936,13862772,187870,63191.0,84160.75,0.7508369400225164,957784250.5,-54.233409610983976,-46.75186368477103,1.0351024675992075,10.665794209062653,33.197432285600975,37.641000000000005,-66.32996632996633,https://finance.naver.com/item/main.naver?code=187870
우진엔텍,KOSDAQ,14880.0,138666095040,25.45,2.66,572.0,5483.0,0.11292,11378032760.0,1043635770.0,984312300.0,,-42.34619,에너지장비및서비스,34900.0,10750.0,0.0305926907,9318958,457550,144593.0,100383.5,1.4404060428257632,1412753161.75,-33.422818791946305,-42.879078694817665,3.870227676859245,10.43224512128397,9.172374451838017,11.292,-57.36389684813754,https://finance.naver.com/item/main.naver?code=457550
남선알미늄,KOSPI,1069.0,137985547210,37.82,0.48,28.0,2196.0,0.54686,82818261980.0,-930088110.0,-782532690.0,,30.01711,비철금속,3485.0,881.0,0.0676316668,129079090,008350,1766966.0,932984.8,1.8938850879456985,956908724.5,-15.560821484992104,-20.28337061894109,1.8938850879456985,1.2750455373406193,-1.1230471248293155,54.686,-69.32568149210904,https://finance.naver.com/item/main.naver?code=008350
켄코아에어로스페이스,KOSDAQ,10010.0,137879812070,-8.54,0.83,-1183.0,12229.0,0.3893,28473502330.0,1183958760.0,333635220.0,,41.50419,우주항공과국방,39600.0,7300.0,0.0919325519,13774207,274090,55634.0,91724.1,0.6065363410488628,971030522.5,-43.44632768361581,-50.32258064516129,0.9521161832059404,-9.673726388093876,4.158107233449002,38.93,-74.72222222222223,https://finance.naver.com/item/main.naver?code=274090
솔본,KOSDAQ,5040.0,137823824880,6.13,0.64,814.0,7775.0,0.20291,34988322100.0,16043798170.0,37302322140.0,,560.23548,건강관리기술,5130.0,3155.0,0.0111230174,27345997,035610,18319.0,40334.95,0.4541718782346328,198819016.45,45.03597122302159,31.937172774869115,1.9922672520977467,10.469453376205788,45.85472296769556,20.291,-1.7543859649122862,https://finance.naver.com/item/main.naver?code=035610
제룡산업,KOSDAQ,6890.0,137800000000,11.75,1.57,600.0,4503.0,0.1224,16282469860.0,5835144490.0,9443123520.0,,55.63885,전기장비,15410.0,5040.0,0.0481409,20000000,147830,55373.0,153636.55,0.36041553914091407,1079755698.5,-13.224181360201515,-3.7709497206703912,1.083218804379557,13.324450366422386,35.83697399824329,12.24,-55.28877352368592,https://finance.naver.com/item/main.naver?code=147830
동국산업,KOSDAQ,2540.0,137780984280,-13.07,0.35,-194.0,7195.0,0.94694,163391223980.0,-855131390.0,-10567984910.0,,44.69235,철강,3945.0,2125.0,0.0186065377,54244482,005160,11667.0,26709.95,0.436803513297479,67718352.05,-4.511278195488721,-9.9290780141844,1.204532393359029,-2.6963168867268936,-0.5233643332671728,94.694,-35.61470215462611,https://finance.naver.com/item/main.naver?code=005160
지씨지놈,KOSDAQ,5820.0,137647615260,32.11,1.79,185.0,3310.0,0.09967,8288372330.0,432631990.0,780805070.0,,-33.30868,생명과학도구및서비스,9520.0,4100.0,0.0302303183,23650793,340450,50094.0,105445.15,0.47507163677039677,599414923.75,7.182320441988943,-21.457489878542514,1.6281545429069049,5.589123867069486,5.21974608252185,9.966999999999999,-38.86554621848739,https://finance.naver.com/item/main.naver?code=340450
그래디언트,KOSDAQ,12310.0,137553527990,-4.14,0.32,-2961.0,38707.0,1.56097,1008380083080.0,7838132330.0,13972261920.0,,20.23581,인터넷과카탈로그소매,15300.0,7220.0,0.0338177589,11174129,035080,42830.0,32902.3,1.3017327056163246,393145032.25,38.31460674157303,22.24428997020853,2.2446759041161255,-7.649779109721757,0.7772993994545369,156.097,-19.542483660130717,https://finance.naver.com/item/main.naver?code=035080
엠디바이스,KOSDAQ,12840.0,137603506560,12.71,2.96,1035.0,4452.0,1.1765,28105925910.0,4834672440.0,13497755510.0,,33.00285,반도체와반도체장비,38000.0,8010.0,0.0270527987,10716784,226590,32548.0,43879.9,0.7417519183042806,550706284.0,-21.945288753799396,-53.053016453382085,2.543123389068799,23.247978436657682,17.201612412561857,117.65,-66.21052631578948,https://finance.naver.com/item/main.naver?code=226590
라이콤,KOSDAQ,4470.0,136845295200,585.63,6.61,8.0,709.0,0.4257,4530334520.0,128132380.0,112584380.0,,-335.21939,통신장비,9330.0,2110.0,0.0127024227,30614160,388790,432670.0,387598.45,1.116284133747181,1721451930.8,-37.83031988873435,39.03576982892692,6.567668162759681,1.1283497884344147,2.828320501153632,42.57,-52.09003215434084,https://finance.naver.com/item/main.naver?code=388790
쓰리빌리언,KOSDAQ,4300.0,136836977900,-25.73,5.92,-171.0,743.0,0.98079,3794622270.0,-1666940060.0,6717678280.0,,560.23548,건강관리기술,20100.0,4245.0,0.1211852487,31822553,394800,173516.0,115870.65,1.4974974249302995,595998216.2,-41.97031039136302,-69.7396199859254,2.3394276289983704,-23.014804845222073,-43.92901167472461,98.07900000000001,-78.60696517412936,https://finance.naver.com/item/main.naver?code=394800
디엔에프,KOSDAQ,11790.0,136432205820,110.0,0.9,109.0,13305.0,0.07995,21694844470.0,704554810.0,657131030.0,,33.00285,반도체와반도체장비,26000.0,9600.0,0.0509670962,11571858,092070,13391.0,24455.45,0.5475671067185433,309860072.75,-33.314479638009054,-45.91743119266055,3.4172341952407335,0.8192408868846299,3.2475679232191337,7.994999999999999,-54.65384615384615,https://finance.naver.com/item/main.naver?code=092070
제이엘케이,KOSDAQ,5280.0,135832709760,-8.34,2.76,-540.0,1631.0,1.00277,520149440.0,-3347223280.0,-3741861400.0,,560.23548,건강관리기술,9210.0,3765.0,0.0167919931,25725892,322510,1232596.0,85395.1,14.434036613341982,418011241.3,-1.4925373134328401,-28.163265306122454,14.434036613341982,-33.108522378908646,-643.511849210104,100.27699999999999,-42.67100977198697,https://finance.naver.com/item/main.naver?code=322510
동성제약,KOSPI,1409.0,136136885363,-1.25,1.48,-1126.0,957.0,0.82611,22084859670.0,-2034695910.0,-5894240580.0,,46.08491,제약,2525.0,973.0,0.0077456719,96619507,002210,64566.0,119736.8,0.5392327170928236,183742326.05,-21.72222222222222,-21.72222222222222,1.1931920679356722,-117.65935214211076,-9.213080546596926,82.611,-44.198019801980195,https://finance.naver.com/item/main.naver?code=002210
퀄리타스반도체,KOSDAQ,9570.0,135775064040,-6.13,3.93,-1644.0,2568.0,1.65964,6343237350.0,-865044580.0,-1800431740.0,,33.00285,반도체와반도체장비,32150.0,5720.0,0.0238942224,14187572,432720,192716.0,148058.05,1.301624599270354,1422633360.0,-31.88612099644128,-23.866348448687347,10.443694213181924,-64.01869158878505,-13.637272772080648,165.964,-70.23328149300156,https://finance.naver.com/item/main.naver?code=432720
선광,KOSDAQ,20550.0,135630000000,3.3,0.3,6290.0,68798.0,0.61306,51645812970.0,12346022220.0,13379014090.0,,6.5283,운송인프라,30450.0,17280.0,0.0804883333,6600000,003100,5483.0,9674.2,0.5667652105600463,201550761.25,4.900459418070446,-4.861111111111116,1.4209960513530833,9.14270763684991,23.905175482805454,61.306000000000004,-32.512315270935964,https://finance.naver.com/item/main.naver?code=003100
인선이엔티,KOSDAQ,2955.0,134640473460,-11.89,0.42,-249.0,7036.0,0.49029,50259843160.0,2317409170.0,1238689770.0,,15.3479,상업서비스와공급품,4850.0,2680.0,0.0390672934,45563612,060150,10743.0,45293.05,0.23718870775979978,138571685.7,-17.34265734265734,-27.83882783882784,1.170908119457621,-3.538942581011938,4.610856350312574,49.029,-39.07216494845361,https://finance.naver.com/item/main.naver?code=060150
퓨릿,KOSDAQ,7810.0,134247558280,8.85,1.26,893.0,6252.0,0.13646,44879954950.0,6489149530.0,5257741180.0,,33.00285,반도체와반도체장비,13400.0,5990.0,0.0722180129,17189188,445180,12694.0,34732.1,0.36548322733148875,301932936.75,-17.52903907074974,-22.133599202392816,0.7614857725274314,14.28342930262316,14.45890384076689,13.645999999999999,-41.71641791044776,https://finance.naver.com/item/main.naver?code=445180
바이젠셀,KOSDAQ,6540.0,134065160400,-8.35,3.16,-807.0,2133.0,0.28031,571215460.0,-2536253730.0,-2342350490.0,,46.08491,제약,17360.0,3070.0,0.0221109933,20499260,308080,85793.0,254769.55,0.3367474645223497,1749211575.75,-14.28571428571429,17.204301075268823,1.0464869133693568,-37.83403656821378,-444.00999405723365,28.031,-62.32718894009217,https://finance.naver.com/item/main.naver?code=308080
원익피앤이,KOSDAQ,2820.0,133821856380,58.78,1.15,45.0,2304.0,2.5945,43185675820.0,-938063230.0,-1410871710.0,,-80.94163,전기제품,4625.0,1515.0,0.0348207429,47454559,217820,11023743.0,234377.95,47.03404479815614,482706259.3,20.512820512820507,-19.19770773638968,47.03404479815614,1.953125,-2.1721629039913446,259.45,-39.02702702702703,https://finance.naver.com/item/main.naver?code=217820
나우IB,KOSDAQ,1406.0,133471509700,23.2,1.29,61.0,1101.0,0.60321,8829063830.0,5056829340.0,3927728200.0,,14.56477,창업투자,3350.0,1092.0,0.0205902668,94929950,293580,143297.0,155390.7,0.9221723050349859,226759729.25,-18.5871453387377,-29.559118236472948,1.2757842007275852,5.540417801998183,57.27480780938017,60.321000000000005,-58.02985074626865,https://finance.naver.com/item/main.naver?code=293580
디씨엠,KOSPI,11730.0,133722000000,8.54,0.38,1369.0,30605.0,0.12197,50175411210.0,3257475180.0,3276116340.0,,30.01711,비철금속,13230.0,10310.0,0.0535948246,11400000,024090,1831.0,6165.05,0.29699678023698106,70955618.75,5.962059620596216,-1.4285714285714235,0.5834502558778923,4.473125306322497,6.492174356810816,12.197,-11.337868480725621,https://finance.naver.com/item/main.naver?code=024090
아로마티카,KOSDAQ,10590.0,133189603980,22.85,2.99,442.0,3380.0,0.19181,17742639520.0,2245683870.0,1754882240.0,,42.91369,화장품,31500.0,4500.0,0.0420981382,12576922,0015N0,4126559.0,677119.1,6.094288286949815,6787271848.25,76.2063227953411,-0.8426966292134797,6.094288286949815,13.076923076923078,12.65698864855256,19.181,-66.38095238095238,https://finance.naver.com/item/main.naver?code=0015N0
금강공업,KOSPI,4525.0,132715340425,-2.69,0.38,-1769.0,12448.0,1.46985,229092311770.0,17990210710.0,10968265040.0,,-9.15326,건축제품,8470.0,3420.0,0.024481205,29329357,014280,822124.0,303166.85,2.711787255103914,1451141618.0,-1.4161220043573008,-10.218253968253965,10.88376252218869,-14.21111825192802,7.852821673064912,146.985,-46.57615112160567,https://finance.naver.com/item/main.naver?code=014280
화승인더,KOSPI,2405.0,133044600000,6.11,0.35,395.0,6972.0,2.0174,458189180480.0,21685893610.0,8127876610.0,,8.94358,"섬유,의류,신발,호화품",4390.0,2300.0,0.0519084237,55320000,006060,45806.0,69191.3,0.6620196469787386,170838914.25,-12.226277372262773,-28.208955223880594,0.8708609319379749,5.665519219736087,4.732956283970261,201.73999999999998,-45.216400911161735,https://finance.naver.com/item/main.naver?code=006060
안국약품,KOSDAQ,10160.0,132510987200,15.43,0.7,658.0,14551.0,0.84175,91850924880.0,8640460430.0,8574459990.0,,46.08491,제약,13650.0,7280.0,0.0426744423,13042420,001540,16106.0,65824.7,0.24468018843990175,726439477.5,-5.488372093023253,27.95969773299749,0.658962365191182,4.522025977596042,9.40704782373009,84.175,-25.567765567765566,https://finance.naver.com/item/main.naver?code=001540
와이바이오로직스,KOSDAQ,8600.0,132473221800,-3.14,5.05,-2822.0,1752.0,1.91841,1547361600.0,-3789058440.0,-7826675900.0,,-69.92914,생물공학,38000.0,7230.0,0.0659972112,15403863,338840,15477.0,42155.35,0.36714201163078947,393657817.25,-44.83643361128928,-64.09185803757829,1.0191351750133733,-161.0730593607306,-244.8722031101198,191.841,-77.36842105263158,https://finance.naver.com/item/main.naver?code=338840
엘케이켐,KOSDAQ,20700.0,132298626600,29.87,2.23,708.0,9491.0,0.10108,7643902930.0,1899628840.0,1856878480.0,,33.00285,반도체와반도체장비,59500.0,14550.0,0.0245953914,6391238,489500,9646.0,13726.2,0.7027436581136803,283859221.5,-30.536912751677846,-42.50000000000001,1.118153604056476,7.4596986618902115,24.851556297824416,10.108,-65.21008403361344,https://finance.naver.com/item/main.naver?code=489500
SG,KOSDAQ,1205.0,132023778910,-57.86,1.2,-22.0,1058.0,0.91001,23027309090.0,686823430.0,1244551550.0,,7.71583,건축자재,3397.241,1035.0,0.0223924887,109563302,255220,1946012.0,1772956.95,1.097608151173665,2158243305.15,-47.72234273318872,-55.69852941176471,1.5124885012013405,-2.0793950850661624,2.9826473745395843,91.001,-64.53004070067445,https://finance.naver.com/item/main.naver?code=255220
동양이엔피,KOSDAQ,17500.0,132154015000,2.7,0.3,6525.0,58388.0,0.15003,105678454260.0,2721164730.0,9198494560.0,,-80.94163,전기제품,38050.0,17350.0,0.0775396608,7551658,079960,11688.0,30626.4,0.3816315335788731,571997804.75,-22.22222222222222,-38.59649122807017,1.1971044588982054,11.175241487976981,2.57494751324157,15.003,-54.00788436268069,https://finance.naver.com/item/main.naver?code=079960
모다이노칩,KOSDAQ,1650.0,131540676300,-27.81,0.36,-59.0,4518.0,1.67357,93684764250.0,6395361750.0,2594808730.0,,32.25723,전문소매,2380.0,1269.0,0.0007351205,79721622,080420,150.0,1876.55,0.07993392129173217,3111214.45,2.1671826625387025,-18.518518518518523,1.6189283525618823,-1.3058875608676406,6.826469385068661,167.357,-30.672268907563026,https://finance.naver.com/item/main.naver?code=080420
윈스테크넷,KOSDAQ,10640.0,130656497440,6.28,0.62,1694.0,17202.0,0.08873,20568753660.0,3164896270.0,4462559580.0,,162.84747,소프트웨어,14580.0,9870.0,0.0853048589,12279746,136540,24922.0,9961.55,2.501819495961974,105587618.5,-2.7422303473491727,-4.573991031390134,2.501819495961974,9.84769212882223,15.386913190344465,8.873000000000001,-27.02331961591221,https://finance.naver.com/item/main.naver?code=136540
레메디,KOSDAQ,17110.0,130477284010,23.82,10.71,777.0,1729.0,1.03018,6184057520.0,2832625820.0,1858930380.0,,-32.03035,건강관리장비와용품,34650.0,6980.0,0.018675702,7625791,387690,649724.0,2901891.9,0.2238966930504889,44097977749.75,-22.22727272727273,-22.22727272727273,2.4720328141789154,44.93927125506073,45.80529548502647,103.01800000000001,-50.62049062049062,https://finance.naver.com/item/main.naver?code=387690
경동도시가스,KOSPI,22200.0,130878013200,4.0,0.28,5576.0,80675.0,0.87967,447475292560.0,7090256930.0,7231969190.0,,9.70026,가스유틸리티,24300.0,18370.0,0.0842971629,5895406,267290,5474.0,8880.5,0.6164067338550757,191995325.0,11.00000000000001,0.0,0.8750633410280952,6.911682677409359,1.5845024402211656,87.967,-8.64197530864198,https://finance.naver.com/item/main.naver?code=267290
한독,KOSPI,9460.0,130203022180,-58.4,0.44,-162.0,21292.0,2.05665,140725980750.0,2774300540.0,-12733786640.0,,46.08491,제약,12150.0,6460.0,0.0218754153,13763533,002390,6655.0,11257.05,0.5911850795723569,106069211.0,17.51552795031055,-10.586011342155011,1.5743023260978677,-0.7608491452188616,1.9714202915583519,205.665,-22.139917695473255,https://finance.naver.com/item/main.naver?code=002390
신흥,KOSPI,14000.0,130200000000,45.21,1.14,311.0,12292.0,0.33961,26282382230.0,3643861210.0,3951864420.0,,-32.03035,건강관리장비와용품,14760.0,13150.0,0.0214903226,9300000,004080,3472.0,2453.7,1.4150059094428822,34496997.0,1.449275362318847,2.0408163265306145,1.4150059094428822,2.530100878620241,13.864272949507287,33.961000000000006,-5.1490514905149,https://finance.naver.com/item/main.naver?code=004080
마크로젠,KOSDAQ,12000.0,130096800000,64.17,0.83,187.0,14505.0,1.16377,51004029210.0,697800000.0,4299202490.0,,-33.30868,생명과학도구및서비스,20900.0,10440.0,0.0411934805,10841400,038290,13677.0,40761.85,0.335534329280933,525672674.25,-13.357400722021662,-29.701230228470997,0.335534329280933,1.2892106170286108,1.3681272064348737,116.377,-42.58373205741627,https://finance.naver.com/item/main.naver?code=038290
경인양행,KOSPI,3125.0,130051140625,22.9,0.54,138.0,5881.0,1.04284,118964470060.0,13343569410.0,10374871510.0,,-32.42902,화학,6430.0,2565.0,0.0615679433,41616365,012610,64018.0,146760.25,0.43620803316974455,470957376.15,-25.77197149643705,-24.789410348977135,0.8018247447793254,2.34653970413195,11.216432438416394,104.28399999999999,-51.39968895800933,https://finance.naver.com/item/main.naver?code=012610
AP위성,KOSDAQ,8600.0,129707814400,-44.46,1.19,-195.0,7297.0,0.26804,6760100200.0,-2317459810.0,-1500798930.0,,-335.21939,통신장비,22400.0,5720.0,0.02132824,15082304,211270,46404.0,49652.45,0.93457623944035,408804242.0,-26.30676949443016,-46.68319900805952,1.8463137267143919,-2.672331094970536,-34.281441715908294,26.804,-61.60714285714286,https://finance.naver.com/item/main.naver?code=211270
와이엠티,KOSDAQ,7200.0,129695133600,-72.14,0.68,-103.0,10941.0,0.64176,41213202210.0,1577651540.0,-2115927480.0,,-32.42902,화학,23500.0,6200.0,0.055844285,18013213,251370,47472.0,94671.75,0.5014378629316559,718339788.75,-50.1039501039501,-45.2887537993921,1.1391571403296126,-0.9414130335435518,3.828024650841612,64.176,-69.36170212765957,https://finance.naver.com/item/main.naver?code=251370
고려신용정보,KOSDAQ,9050.0,129415000000,9.52,2.05,951.0,4407.0,0.79979,43322733880.0,3847433580.0,3349781180.0,,15.3479,상업서비스와공급품,11940.0,8820.0,0.0376287413,14300000,049720,21470.0,32304.7,0.6646091745164017,297621383.25,-8.86203423967774,-12.135922330097081,0.7128684061452358,21.57930565010211,8.880865161134656,79.979,-24.204355108877717,https://finance.naver.com/item/main.naver?code=049720
나인테크,KOSDAQ,2255.0,129471490225,-6.63,1.4,-338.0,1599.0,0.85431,12723389290.0,-469678000.0,580797050.0,,-80.94163,전기제품,4720.0,1274.0,0.0210343429,57415295,267320,218445.0,248599.4,0.8787028448178072,543681347.3,-16.481481481481485,-32.6865671641791,2.02973941208225,-21.138211382113823,-3.6914535057820275,85.431,-52.22457627118644,https://finance.naver.com/item/main.naver?code=267320
삼성제약,KOSPI,1374.0,129378696546,11.2,1.07,123.0,1286.0,0.67548,9901023840.0,-4989648880.0,-56645723410.0,,46.08491,제약,2320.0,1140.0,0.0311049101,94162079,001360,160212.0,264708.6,0.6052391195450394,346160045.8,-9.960681520314552,-26.287553648068673,1.4287257761931422,9.564541213063764,-50.39528194894236,67.548,-40.775862068965516,https://finance.naver.com/item/main.naver?code=001360
경보제약,KOSPI,5410.0,129336112600,673.75,0.88,8.0,6096.0,1.50062,75221833770.0,930325040.0,2973734610.0,,46.08491,제약,9300.0,4700.0,0.0224301728,23906860,214390,14968.0,36054.65,0.4151475607168562,195974969.0,-3.046594982078854,-2.6978417266187105,0.9762402353094538,0.13123359580052493,1.2367752730471622,150.062,-41.82795698924732,https://finance.naver.com/item/main.naver?code=214390
제넥신,KOSDAQ,2835.0,129107300490,-4.83,0.53,-598.0,5426.0,0.65777,972206380.0,-10495861220.0,-26267788560.0,,-69.92914,생물공학,7490.0,2140.0,0.0386506787,45540494,095700,100496.0,898900.75,0.1117987720001346,2894390243.35,-11.267605633802813,-44.19291338582677,0.3922757879554556,-11.021009952082565,-1079.5918887098849,65.777,-62.149532710280376,https://finance.naver.com/item/main.naver?code=095700
프레스티지바이오로직스,KOSDAQ,1662.0,129224882694,-4.47,0.96,-373.0,1739.0,1.49172,2269602680.0,-16327903360.0,-14649592000.0,,46.08491,제약,3850.0,1638.0,0.4162511813,77752637,334970,63536.0,209870.8,0.30273863729494527,370349590.95,-13.751946030098594,-36.07692307692307,0.582534587946489,-21.449108683151234,-719.4168170439418,149.172,-56.83116883116883,https://finance.naver.com/item/main.naver?code=334970
알에스오토메이션,KOSDAQ,10050.0,129040392000,-25.23,2.37,-428.0,4565.0,0.56616,18315715600.0,-1449325890.0,-888841510.0,,190.12516,기계,28800.0,7355.0,0.0422485794,12839840,140670,381110.0,54122.1,7.041670592974035,553675923.75,-18.95161290322581,-52.25653206650831,7.041670592974035,-9.375684556407448,-7.91301809687414,56.616,-65.10416666666667,https://finance.naver.com/item/main.naver?code=140670
LG헬로비전,KOSPI,1663.0,128794136495,71.7,0.28,23.0,5845.0,1.71932,243276212060.0,2967704150.0,1144229990.0,,876.91615,방송과엔터테인먼트,3660.0,1435.0,0.0488760649,77446865,037560,78015.0,107450.2,0.726057280489008,175805723.7,-23.540229885057474,-25.758928571428573,0.726057280489008,0.39349871685201027,1.2198908084231703,171.932,-54.56284153005464,https://finance.naver.com/item/main.naver?code=037560
메쎄이상,KOSDAQ,2970.0,128400391350,8.25,1.6,365.0,1878.0,0.29216,19382589560.0,6650626450.0,5431701940.0,,19.46801,양방향미디어와서비스,4385.0,2600.0,0.0316760406,43232455,408920,35511.0,16037.1,2.2143030847223,49501498.85,-4.5016077170418,-7.332293291731673,2.791215369362291,19.435569755058573,34.31237311925002,29.215999999999998,-32.2690992018244,https://finance.naver.com/item/main.naver?code=408920
팜스토리,KOSDAQ,1149.0,128017673400,4.22,0.45,272.0,2550.0,1.88763,362985033940.0,17636031170.0,13336520860.0,,33.27747,식품,1656.0,925.0,0.020562654,111416600,027710,298616.0,376522.25,0.7930899169969371,416123563.35,4.0760869565217295,-16.497093023255815,2.3644924038353645,10.666666666666668,4.858611105414106,188.763,-30.61594202898551,https://finance.naver.com/item/main.naver?code=027710
씨에스베어링,KOSDAQ,4690.0,127896300000,10.75,1.2,412.0,3703.0,0.52027,37804488030.0,3417104500.0,3165402600.0,,190.12516,기계,9600.0,3050.0,0.0282083608,27270000,297090,285773.0,89860.7,3.1801777640281013,362525005.5,-3.597122302158273,-31.33235724743777,3.1801777640281013,11.126113961652715,9.038885799189595,52.027,-51.145833333333336,https://finance.naver.com/item/main.naver?code=297090
노바텍,KOSDAQ,12070.0,127650280170,6.32,0.71,1885.0,16898.0,0.09522,9525688370.0,-151210360.0,23205334990.0,,96.79463,핸드셋,31900.0,9510.0,0.0472165261,10575831,285490,18849.0,17481.0,1.0782563926548825,206700970.75,-17.835262083049695,-49.603340292275576,1.251873462616555,11.155166291868861,-1.5873956204175093,9.522,-62.16300940438872,https://finance.naver.com/item/main.naver?code=285490
화승코퍼레이션,KOSPI,2540.0,127130180080,1.48,0.41,1681.0,6040.0,1.91329,449059034970.0,21866407330.0,15403614940.0,,10.13834,자동차부품,4000.0,1911.0,0.070940663,50051252,013520,20592.0,83831.2,0.24563646947675807,216049370.35,-3.23809523809524,-16.857610474631755,0.8345460878527327,27.831125827814567,4.869383672786099,191.329,-36.5,https://finance.naver.com/item/main.naver?code=013520
씨앤지하이테크,KOSDAQ,13080.0,127152929760,6.54,0.89,2078.0,15198.0,0.2305,72301012700.0,9327500860.0,5688758350.0,,33.00285,반도체와반도체장비,26100.0,9850.0,0.0307020594,9721172,264660,21318.0,25704.85,0.8293376541781026,347234730.5,-12.037659717552119,-28.796951551442575,1.3299046677961552,13.672851691011974,12.900926987983945,23.05,-49.885057471264375,https://finance.naver.com/item/main.naver?code=264660
큐리오시스,KOSDAQ,8330.0,127113834120,-13.82,4.49,-602.0,1852.0,0.29209,3473285420.0,-1869245490.0,-2081849420.0,,-33.30868,생명과학도구및서비스,48218.865,7990.0,0.0596197294,15259764,494120,119002.0,94456.7,1.259857691407809,909317304.5,-74.98498498498498,-89.03947368421052,1.259857691407809,-32.50539956803456,-53.81779105271458,29.209000000000003,-82.7246037417098,https://finance.naver.com/item/main.naver?code=494120
세종텔레콤,KOSDAQ,9060.0,126840000000,31.17,0.58,316.0,17031.0,1.18806,69478150250.0,1378155720.0,-166143620.0,,7.61472,다각화된통신서비스,15450.0,5150.0,0.0042784286,14000000,036630,13164.0,20797.0,0.6329759099870174,177485439.0,5.471478463329449,16.60231660231659,3.013030725585421,1.855440079854383,1.9835814785526762,118.80599999999998,-41.35922330097087,https://finance.naver.com/item/main.naver?code=036630
엔에프씨,KOSDAQ,7100.0,126831560000,11.85,1.82,563.0,3660.0,0.32325,26883918000.0,4997970450.0,3539831160.0,,42.91369,화장품,9850.0,4020.0,0.0240786851,17863600,265740,756447.0,501372.95,1.5087511202987716,3465812971.75,37.5968992248062,-24.064171122994647,1.5087511202987716,15.382513661202186,18.590930272886563,32.324999999999996,-27.91878172588832,https://finance.naver.com/item/main.naver?code=265740
신원,KOSPI,1105.0,126821284265,-35.81,0.43,-31.0,2556.0,1.97538,309913109250.0,7558109000.0,-1044732210.0,,8.94358,"섬유,의류,신발,호화품",1890.0,898.0,0.0249943816,114770393,009270,188714.0,1740923.55,0.10839878637979249,2067603540.1,-4.163052905464005,-21.68674698795181,0.3465407771639369,-1.2128325508607198,2.4387832506636697,197.53799999999998,-41.53439153439153,https://finance.naver.com/item/main.naver?code=009270
고스트스튜디오,KOSDAQ,9730.0,126655984070,,,,,0.08889,21816371000.0,4798388000.0,4680609000.0,,17.67293,게임엔터테인먼트,10430.0,6920.0,0.3005975467,13017059,950190,19894.0,32587.85,0.6104729216563842,305155299.0,2.3133543638275578,19.82758620689655,1.2988890031100548,,21.994437113303583,8.889,-6.711409395973156,https://finance.naver.com/item/main.naver?code=950190
HT로보틱스,KOSDAQ,4775.0,126487362500,91.94,1.77,54.0,2803.0,1.06255,37448791370.0,2040595960.0,3193916530.0,,253.27647,전자장비와기기,7340.0,2270.0,0.0263533853,26489500,396300,433154.0,2291396.5,0.18903494004638655,11604316743.0,3.6916395222584164,20.88607594936709,0.5912115166449805,1.9265073135925792,5.449030223268324,106.25500000000001,-34.945504087193456,https://finance.naver.com/item/main.naver?code=396300
강동씨앤엘,KOSDAQ,2075.0,126433684200,192.73,0.96,11.0,2208.0,2.17661,19655028310.0,2456859240.0,1624772510.0,,7.71583,건축자재,2930.0,910.0,0.0020558691,60931896,198440,2149067.0,5347856.65,0.4018557602885634,10808986119.5,45.10489510489511,93.0232558139535,1.8685648576612464,0.4981884057971014,12.499901812657322,217.661,-29.180887372013654,https://finance.naver.com/item/main.naver?code=198440
아진엑스텍,KOSDAQ,6900.0,126339455400,153.04,3.12,46.0,2254.0,0.10183,8872557400.0,1810935640.0,1742822260.0,,33.00285,반도체와반도체장비,14500.0,3502.062,0.0098899152,18310066,059120,235257.0,966885.65,0.24331419129035578,7043602630.25,-2.40452616690241,-8.122503328894803,1.616456920215953,2.0408163265306123,20.41052605644456,10.183,-52.41379310344827,https://finance.naver.com/item/main.naver?code=059120
코맥스,KOSDAQ,2885.0,125692107675,-3.04,4.56,-950.0,633.0,1.91633,18264739230.0,2237285030.0,1696559520.0,,-335.21939,통신장비,2885.0,2885.0,0.0021235576,43567455,036690,,,,,,,,-150.07898894154818,12.24920324252557,191.633,0.0,https://finance.naver.com/item/main.naver?code=036690
HDC현대EP,KOSPI,3940.0,125686000000,3.05,0.28,1279.0,13772.0,1.00969,301411989750.0,12833261170.0,8053857610.0,,10.13834,자동차부품,6600.0,3400.0,0.0322338558,31900000,089470,53795.0,49679.8,1.0828344719584218,194539289.45,-4.019488428745433,-27.970749542961602,1.0828344719584218,9.286959047342433,4.2577142271759945,100.969,-40.303030303030305,https://finance.naver.com/item/main.naver?code=089470
제이아이테크,KOSDAQ,3845.0,126057340680,18.05,1.61,215.0,2405.0,0.62665,21881928370.0,6341394480.0,3916891480.0,,33.00285,반도체와반도체장비,6160.0,2480.0,0.0563954076,32784744,417500,186782.0,276137.8,0.6764086626314832,1079591667.4,11.773255813953497,-18.365180467091292,5.326594185946292,8.93970893970894,28.9800531871497,62.665000000000006,-37.58116883116883,https://finance.naver.com/item/main.naver?code=417500
톱텍,KOSDAQ,3310.0,125856940950,-8.0,0.31,-405.0,10549.0,0.39362,40843433210.0,-6506930800.0,-2880135850.0,,190.12516,기계,5260.0,2550.0,0.0189748929,38023245,108230,158958.0,1672613.45,0.0950357059486757,5667453669.0,-5.021520803443325,-21.656804733727807,0.47583737892338485,-3.839226466963693,-15.931400199743395,39.362,-37.0722433460076,https://finance.naver.com/item/main.naver?code=108230
텔코웨어,KOSPI,13600.0,125665047200,11.4,0.63,1195.0,21758.0,0.16537,10303557600.0,3144129060.0,3075578380.0,,162.84747,소프트웨어,27450.0,11630.0,0.0144506372,9240077,078000,608.0,3260.6,0.18646874808317487,42726662.5,-5.094207955338447,-23.59550561797753,1.099184199227136,5.4922327419799615,30.514985037789277,16.537,-50.45537340619308,https://finance.naver.com/item/main.naver?code=078000
나노팀,KOSDAQ,6220.0,125474368160,124.2,2.56,50.0,2423.0,1.71274,14178441940.0,1414404600.0,726620730.0,,253.27647,전자장비와기기,15930.0,3330.0,0.0047029832,20172728,417010,79124.0,952553.65,0.0830651375909378,6248709144.3,-14.442916093535075,-41.04265402843602,0.2080428750653572,2.063557573256294,9.975740677187552,171.274,-60.95417451349654,https://finance.naver.com/item/main.naver?code=417010
토니모리,KOSPI,5200.0,125084954800,10.94,1.03,466.0,4938.0,0.82598,53962074930.0,2260503900.0,1930571100.0,,42.91369,화장품,11300.0,4190.0,0.0218087875,24054799,214420,151917.0,97121.25,1.5641993899378355,537173725.25,-7.3083778966131945,-25.394548063127687,1.5641993899378355,9.437019036046983,4.189060377927169,82.598,-53.98230088495575,https://finance.naver.com/item/main.naver?code=214420
아이앤씨,KOSDAQ,7010.0,125246646540,25.48,3.35,281.0,2140.0,0.4506,8979582930.0,348649690.0,553966320.0,,33.00285,반도체와반도체장비,7350.0,2135.0,0.0239241895,17866854,052860,48651.0,102382.8,0.47518723848146366,642917116.5,39.3638170974155,97.46478873239437,2.0582949479795434,13.130841121495326,3.8826935807362712,45.06,-4.625850340136051,https://finance.naver.com/item/main.naver?code=052860
테라뷰,KOSDAQ,3500.0,124939262000,,,,,0.31481,2014872000.0,-3198265000.0,-2809467000.0,,33.00285,반도체와반도체장비,20800.0,1700.0,0.0,35696932,950250,420799.0,1061053.5,0.3965860345401999,3476155492.95,8.191653786707874,-47.916666666666664,8.316945375515937,,-158.73291206587814,31.480999999999998,-83.17307692307692,https://finance.naver.com/item/main.naver?code=950250
라온로보틱스,KOSDAQ,9400.0,124620500000,30.87,3.19,310.0,2998.0,0.56818,18216404460.0,449949290.0,318060190.0,,33.00285,반도체와반도체장비,23950.0,7020.0,0.0379432774,13257500,232680,51537.0,116862.05,0.44100715330597057,1140626546.5,-29.270127915726107,-36.48648648648649,0.9890379297641964,10.340226817878586,2.470022506296503,56.818000000000005,-60.75156576200418,https://finance.naver.com/item/main.naver?code=232680
디와이파워,KOSPI,11280.0,124550466240,4.95,0.4,2278.0,28321.0,0.25595,115860516580.0,10531062960.0,10303130440.0,,190.12516,기계,16390.0,9910.0,0.133113464,11041708,210540,16119.0,36953.65,0.43619507139348884,426719272.5,-8.143322475570036,-16.93667157584683,1.0676347262043127,8.0435012887963,9.089432078207984,25.595000000000002,-31.17754728492984,https://finance.naver.com/item/main.naver?code=210540
KCC건설,KOSDAQ,5790.0,123906000000,2.53,0.21,2276.0,27706.0,1.52975,379868908170.0,16294439590.0,8950355870.0,,39.04177,건설,7840.0,4450.0,0.0305128972,21400000,021320,6592.0,16381.65,0.402401467495643,93672119.5,9.659090909090917,-6.913183279742762,4.537027710883824,8.214827113260666,4.289490200316123,152.975,-26.147959183673475,https://finance.naver.com/item/main.naver?code=021320
져스텍,KOSDAQ,10230.0,123274620150,-73.33,10.73,-147.0,1005.0,0.39875,5036610460.0,1099152730.0,1161530820.0,,190.12516,기계,42500.0,5180.0,0.008669988,12050305,153890,211675.0,1420509.15,0.14901347168372694,19294138087.25,-41.64289788933257,-41.64289788933257,0.46629477888262816,-14.626865671641792,21.82326266304105,39.875,-75.92941176470588,https://finance.naver.com/item/main.naver?code=153890
어보브반도체,KOSDAQ,6920.0,123042810760,11.71,1.0,613.0,7205.0,0.79028,68856734950.0,3521730990.0,3223115560.0,,33.00285,반도체와반도체장비,16850.0,5410.0,0.05019225,17780753,102120,48965.0,97005.45,0.5047654538997551,728550447.25,-34.65533522190746,-41.00596760443308,1.5746641039240579,8.507980569049272,5.114577379478258,79.02799999999999,-58.931750741839764,https://finance.naver.com/item/main.naver?code=102120
시지메드텍,KOSDAQ,1190.0,122878252840,18.89,1.31,63.0,910.0,0.39374,15316112380.0,332758090.0,1096136520.0,,-32.03035,건강관리장비와용품,3555.0,850.0,0.0238168309,103259036,056090,2291891.0,503281.65,4.553893431242725,574618723.2,-5.405405405405405,-56.80580762250453,4.553893431242725,6.923076923076923,2.172601517566039,39.373999999999995,-66.52601969057666,https://finance.naver.com/item/main.naver?code=056090
대동기어,KOSDAQ,6400.0,122764262400,-19.21,1.15,-341.0,5700.0,2.77493,67034193540.0,1645701860.0,572364030.0,,190.12516,기계,18803.303,5453.846,0.0578905673,19181916,008830,126897.0,517348.65,0.24528333069004818,3323491711.75,-52.97575312270389,-69.81132075471699,1.0639304847900928,-5.982456140350878,2.455018510841027,277.493,-65.9634267447586,https://finance.naver.com/item/main.naver?code=008830
켐트로스,KOSDAQ,3820.0,122515250100,-8.74,1.89,-446.0,2061.0,0.27218,23955659980.0,3583872870.0,3770049490.0,,-32.42902,화학,9570.0,2630.0,0.0290261725,32072055,220260,39583.0,70746.7,0.5595031287678436,276986551.6,-18.550106609808104,-31.54121863799283,0.9541787814838006,-21.63998059194566,14.96044305601302,27.217999999999996,-60.08359456635319,https://finance.naver.com/item/main.naver?code=220260
KBI동양철관,KOSPI,1180.0,122444950260,-30.97,0.86,-38.0,1363.0,0.75155,60304860130.0,-82673200.0,-2305687160.0,,44.69235,철강,3284.336,890.0,0.0164976489,103766907,008970,659018.0,1452611.65,0.45367803569522525,1703944406.45,-23.870967741935488,-29.08653846153846,3.8149060693544627,-2.7879677182685256,-0.13709210140240813,75.155,-64.07188545873504,https://finance.naver.com/item/main.naver?code=008970
액트로,KOSDAQ,12160.0,122390533760,15.36,1.54,802.0,7978.0,0.6619,52552861580.0,-404486980.0,1666900040.0,,96.79463,핸드셋,32700.0,4550.0,0.121363305,10065011,290740,41780.0,85607.45,0.48804163656317295,902490288.0,-6.389530408006161,-50.468431771894096,2.915891081909343,10.052644773126097,-0.7696764131183587,66.19,-62.813455657492355,https://finance.naver.com/item/main.naver?code=290740
유니트론텍,KOSDAQ,5900.0,122433277700,9.31,0.89,640.0,6717.0,2.39771,340100315050.0,38540229360.0,17783063020.0,,33.00285,반도체와반도체장비,9060.0,4470.0,0.03109756,20751403,142210,66966.0,448952.65,0.1491604961013149,2958783010.5,-13.48973607038123,5.924596050269293,0.28423041939946225,9.528063123418193,11.332018129513932,239.77100000000002,-34.87858719646799,https://finance.naver.com/item/main.naver?code=142210
액스비스,KOSDAQ,13100.0,122271994000,15.94,2.9,734.0,4036.0,0.80097,12045816090.0,-331289180.0,-268121290.0,,253.27647,전자장비와기기,50600.0,6890.0,0.0274572679,9333740,0011A0,9456032.0,434065.15,21.78482193283658,4862236367.75,-10.457963089542034,-71.52173913043478,21.78482193283658,18.18632309217047,-2.750242719337416,80.097,-74.11067193675889,https://finance.naver.com/item/main.naver?code=0011A0
신영와코루,KOSPI,13580.0,122220000000,19.44,0.31,697.0,43200.0,0.10785,59372205960.0,-45059200.0,206414920.0,,8.94358,"섬유,의류,신발,호화품",22450.0,11400.0,0.2584306667,9000000,005800,1090.0,3091.45,0.35258535638616184,41542384.0,0.1474926253687281,-19.454329774614475,1.4650083294247036,1.6134259259259258,-0.07589275027166265,10.785,-39.51002227171492,https://finance.naver.com/item/main.naver?code=005800
엘앤케이바이오,KOSDAQ,5450.0,121813783850,-6.97,2.68,-802.0,2087.0,0.93953,11735121310.0,1274542510.0,7978711340.0,,-32.03035,건강관리장비와용품,16400.0,2730.0,0.071123266,22351153,156100,211231.0,170142.8,1.2414924404676544,794577989.65,1.869158878504673,-45.87884806355511,6.631940934321053,-38.428366075706755,10.860923175237291,93.953,-66.76829268292683,https://finance.naver.com/item/main.naver?code=156100
라온텍,KOSDAQ,3960.0,121867249680,-18.66,7.38,-217.0,549.0,2.53614,1461728850.0,-2971913740.0,-3271634490.0,,33.00285,반도체와반도체장비,12500.0,2635.0,0.0306135997,30774558,418420,104886.0,250409.7,0.4188575762041167,1083718914.25,-29.78723404255319,-36.53846153846154,0.6951208359740058,-39.526411657559194,-203.31498143448425,253.614,-68.32000000000001,https://finance.naver.com/item/main.naver?code=418420
한빛레이저,KOSDAQ,5080.0,121516429560,47.5,3.77,104.0,1311.0,0.35852,4450792480.0,509483950.0,472032540.0,,-80.94163,전기제품,10590.0,2615.0,0.0029271476,23920557,452190,1937993.0,2045698.25,0.9473503729105698,9631795764.05,-7.129798903107865,23.002421307506047,6.143978956818289,7.9328756674294425,11.447038977651907,35.852000000000004,-52.03021718602455,https://finance.naver.com/item/main.naver?code=452190
엔알비,KOSDAQ,11170.0,121738289110,-176.72,1.26,-58.0,8135.0,1.27407,19852947430.0,1874722070.0,5974765410.0,,39.04177,건설,29650.0,5600.0,0.0642793262,10898683,475230,290982.0,119317.65,2.4387171554250355,1136971112.0,9.18866080156402,-55.32,2.4387171554250355,-0.7129686539643515,9.443041526252609,127.40700000000001,-62.32715008431704,https://finance.naver.com/item/main.naver?code=475230
KCTC,KOSPI,4045.0,121350000000,5.64,0.38,707.0,10550.0,1.30727,290934509200.0,15626815960.0,10631723470.0,,8.54764,항공화물운송과물류,8390.0,3370.0,0.0695215,30000000,009070,66445.0,109957.7,0.6042778268370473,444158429.8,-13.197424892703857,-37.18944099378882,1.0376990424499604,6.701421800947867,5.37124867138312,130.727,-51.787842669845055,https://finance.naver.com/item/main.naver?code=009070
국전,KOSDAQ,2245.0,121199216560,-26.22,1.17,-86.0,1920.0,0.6596,40483784420.0,1495899900.0,6132526260.0,,46.08491,제약,6000.0,1700.0,0.0123273525,53986288,307750,96745.0,386778.9,0.250129983822799,919530598.2,-12.13307240704501,-46.03365384615385,0.3796820353954158,-4.479166666666667,3.6950594452355303,65.96,-62.583333333333336,https://finance.naver.com/item/main.naver?code=307750
HB솔루션,KOSDAQ,1652.0,120828789928,4.59,0.49,362.0,3367.0,0.32972,10170713890.0,-502801840.0,16954343080.0,,16.1175,디스플레이장비및부품,3070.0,1360.0,0.0148423631,73140914,297890,88381.0,173154.6,0.5104167027615784,292460159.95,-13.462545835515982,-19.805825242718445,1.3465712143945352,10.751410751410752,-4.943623873780998,32.972,-46.18892508143323,https://finance.naver.com/item/main.naver?code=297890
넵튠,KOSDAQ,2580.0,120577958940,-2.91,0.37,-895.0,7036.0,0.13685,26601422610.0,-945995070.0,-6280591800.0,,17.67293,게임엔터테인먼트,6430.0,2025.0,0.019358223,46735643,217270,38937.0,55527.35,0.7012220104146876,138963434.4,-8.833922261484094,-39.578454332552695,1.5445001427224603,-12.720295622512792,-3.556182253367088,13.685,-59.875583203732496,https://finance.naver.com/item/main.naver?code=217270
신화프리텍,KOSDAQ,1847.0,120536073314,-17.62,1.13,-107.0,1661.0,0.84713,25091615810.0,1528348210.0,212651200.0,,190.12516,기계,2965.0,1648.0,0.0112034757,65260462,095190,42648.0,82095.15,0.5194947569984342,154076580.8,-9.46078431372549,-18.09312638580931,1.0973486253451026,-6.441902468392535,6.09107130275322,84.71300000000001,-37.70657672849915,https://finance.naver.com/item/main.naver?code=095190
파세코,KOSDAQ,6020.0,120400000000,33.19,1.43,185.0,4285.0,0.61411,46702021360.0,2351568590.0,2419792910.0,,11.65576,가정용기기와용품,9980.0,4990.0,0.0084739,20000000,037070,36688.0,189114.75,0.19399861724164827,1094862977.0,-9.745127436281864,-27.030303030303028,0.6459570181596095,4.3173862310385065,5.035260833515237,61.411,-39.679358717434866,https://finance.naver.com/item/main.naver?code=037070
엠에스씨,KOSDAQ,6810.0,119856000000,5.22,0.63,1307.0,10750.0,0.46518,56261884280.0,11663119110.0,9692333810.0,,33.27747,식품,13280.0,5740.0,0.0202955114,17600000,009780,6159.0,41318.65,0.1490610172403987,294692565.5,7.582938388625582,-7.220708446866486,0.36385506302843873,12.15813953488372,20.730054208557693,46.518,-48.71987951807228,https://finance.naver.com/item/main.naver?code=009780
혜인,KOSPI,9450.0,120135459150,6.58,0.7,1382.0,13026.0,0.92614,64151484330.0,7104310530.0,9648485650.0,,190.12516,기계,13290.0,3925.0,0.068279106,12712747,003010,852047.0,902896.95,0.9436813359486927,9267906471.0,84.5703125,79.65779467680609,1.0353817232409523,10.609550130508214,11.074273033894116,92.61399999999999,-28.893905191873593,https://finance.naver.com/item/main.naver?code=003010
유아이엘,KOSDAQ,3880.0,119669385000,5.42,0.6,715.0,6445.0,0.40368,89763249160.0,6845777690.0,4132527150.0,,96.79463,핸드셋,4345.0,2905.0,0.0622060865,30842625,049520,16519.0,83014.35,0.1989896927458927,316337705.65,3.1914893617021267,-0.8939974457215838,1.3998664086389883,11.093871217998448,7.626481610305381,40.367999999999995,-10.70195627157653,https://finance.naver.com/item/main.naver?code=049520
쇼박스,KOSDAQ,1919.0,119818522000,-8.02,1.12,-241.0,1721.0,0.7382,67583339120.0,12496545780.0,9827492120.0,,876.91615,방송과엔터테인먼트,3200.0,1688.0,0.021212691,62438000,086980,30610.0,103173.85,0.2966837042525795,205624786.1,-24.0,-34.16809605488851,2.238532341286091,-14.00348634514817,18.490571704087177,73.82,-40.03124999999999,https://finance.naver.com/item/main.naver?code=086980
KX,KOSDAQ,2670.0,119668956780,5.9,0.32,461.0,8467.0,0.8568,112037439830.0,25156255250.0,17399916060.0,,32.03954,복합기업,4460.0,2250.0,0.0226915388,44819834,122450,10880.0,35873.8,0.30328540606236304,97471615.35,-6.315789473684208,-17.846153846153847,2.3771108720012935,5.4446675327743,22.453436358569814,85.68,-40.134529147982065,https://finance.naver.com/item/main.naver?code=122450
케이엔더블유,KOSDAQ,7470.0,119665814400,-20.66,0.98,-363.0,7691.0,1.68972,18412542530.0,-1836768960.0,-7586667520.0,,33.00285,반도체와반도체장비,11400.0,4105.0,0.0131060107,16019520,105330,57860.0,31791.3,1.8199947784456754,210287124.5,-17.000000000000004,19.520000000000003,1.9206512473538357,-4.719802366402289,-9.975640012819023,168.972,-34.473684210526315,https://finance.naver.com/item/main.naver?code=105330
노머스,KOSDAQ,10990.0,119601444480,8.16,1.18,1359.0,9419.0,0.13821,16146752440.0,3548362730.0,4594269450.0,,876.91615,방송과엔터테인먼트,36950.0,8740.0,0.0190028221,10882752,473980,19785.0,31210.9,0.6339131521359525,360621774.5,-14.607614607614606,-37.73371104815864,4.857277425514804,14.428283257245992,21.975705289255057,13.821,-70.25710419485792,https://finance.naver.com/item/main.naver?code=473980
현대에버다임,KOSDAQ,6700.0,119539470400,26.12,0.63,260.0,10745.0,0.84063,79716688880.0,3202238740.0,2961075660.0,,190.12516,기계,11320.0,5020.0,0.0335037355,17841712,041440,35233.0,115624.8,0.3047183649182528,770051830.0,-20.427553444180525,-16.976456009913253,1.3944067362711114,2.419730107026524,4.01702427056451,84.063,-40.812720848056536,https://finance.naver.com/item/main.naver?code=041440
레이언스,KOSDAQ,7200.0,119455300800,-21.4,0.48,-336.0,15058.0,0.12337,36458028610.0,2511659980.0,2566964340.0,,-32.03035,건강관리장비와용품,8020.0,4835.0,0.0349019656,16591014,228850,11034.0,79786.35,0.1382943323012019,572017671.0,7.302533532041733,14.832535885167463,0.524087140218847,-2.23137202815779,6.889182097221466,12.337,-10.224438902743138,https://finance.naver.com/item/main.naver?code=228850
슈프리마에이치큐,KOSDAQ,12190.0,119536468710,8.45,0.49,1429.0,24654.0,0.02575,4241492010.0,136209580.0,4824398670.0,,253.27647,전자장비와기기,15600.0,5860.0,0.146487562,9806109,094840,14372.0,24973.5,0.5754900194205859,311776641.5,17.777777777777782,80.86053412462908,0.7784251306384767,5.79621968037641,3.2113600515776994,2.5749999999999997,-21.858974358974358,https://finance.naver.com/item/main.naver?code=094840
케이씨에스,KOSDAQ,9950.0,119400000000,42.89,5.52,211.0,1640.0,0.58425,5984119100.0,263137200.0,441238480.0,,32.68044,IT서비스,27500.0,6120.0,0.0259050833,12000000,115500,2109835.0,73286.65,28.78880396361411,673840617.5,-17.495854063018246,15.295480880648892,28.78880396361411,12.865853658536587,4.397258737714629,58.425000000000004,-63.81818181818182,https://finance.naver.com/item/main.naver?code=115500
현대바이오랜드,KOSDAQ,3980.0,119400000000,490.63,0.86,8.0,4538.0,0.14241,40273303100.0,7044462840.0,5962956500.0,,42.91369,화장품,5320.0,3125.0,0.0285217667,30000000,052260,14355.0,47987.55,0.29914008946070386,194223623.3,7.422402159244257,-4.441776710684275,0.5842557079909267,0.17628911414720141,17.491644086178766,14.241000000000001,-25.187969924812027,https://finance.naver.com/item/main.naver?code=052260
컨텍,KOSDAQ,7220.0,119186128280,-14.67,1.29,-497.0,5646.0,0.33516,17981050730.0,-7913424170.0,4906063100.0,,41.50419,우주항공과국방,26350.0,5760.0,0.0454752409,16507774,451760,29314.0,61249.7,0.4785982625221022,466422406.75,-44.67432950191571,-58.14492753623188,1.1449198934851927,-8.802692171448813,-44.00979836399138,33.516,-72.59962049335864,https://finance.naver.com/item/main.naver?code=451760
나라스페이스테크놀로지,KOSDAQ,10300.0,119172369900,-11.71,2.57,-905.0,4128.0,0.38384,1947464110.0,-3666505160.0,-3508679510.0,,41.50419,우주항공과국방,64600.0,7520.0,0.037937334,11570133,478340,18962.0,61588.9,0.30788015372899985,676069853.0,-51.415094339622634,-74.40993788819877,1.61551838074718,-21.9234496124031,-188.2707435363212,38.384,-84.05572755417955,https://finance.naver.com/item/main.naver?code=478340
넥사다이내믹스,KOSDAQ,4010.0,119091554420,-8.49,5.82,-490.0,715.0,3.3217,864712240.0,-2610886820.0,-3012317400.0,,16.1175,디스플레이장비및부품,5690.0,771.0,0.0377894046,29698642,351320,1225535.0,1535016.8,0.7983853987786974,4143476144.35,271.2962962962963,256.44444444444446,1.8028323859387076,-68.53146853146853,-301.9370721524654,332.16999999999996,-29.525483304042176,https://finance.naver.com/item/main.naver?code=351320
극동유화,KOSPI,3415.0,119079069300,100.44,0.58,34.0,5888.0,1.31558,257785199020.0,13125227210.0,8417737730.0,,-146.37102,석유와가스,6470.0,2950.0,0.0375022297,34869420,014530,1182603.0,396230.05,2.9846373337913166,1422961546.25,4.274809160305337,-20.30338389731622,16.3390081090518,0.577445652173913,5.091536387619249,131.558,-47.21792890262751,https://finance.naver.com/item/main.naver?code=014530
현대리바트,KOSPI,5900.0,118673791800,16.25,0.29,368.0,20785.0,0.95628,373133396360.0,5558530630.0,3754439390.0,,28.55513,가구,9300.0,5100.0,0.0354411773,20114202,079430,8927.0,21862.75,0.40832008782060814,130999264.0,-8.950617283950614,-17.827298050139273,1.0291477513121634,1.7705075775799854,1.4896899297207684,95.628,-36.55913978494624,https://finance.naver.com/item/main.naver?code=079430
오늘이엔엠,KOSDAQ,4725.0,119003420025,-0.76,35.51,-6397.0,136.0,5.70312,4531139330.0,-1564081850.0,-8109776350.0,,-335.21939,통신장비,8600.0,1362.586,0.0,25185909,192410,25945.0,192718.25,0.13462658570218441,956676397.75,1.177730192719495,56.4569536423841,0.8784118784806317,-4703.676470588235,-34.51851148439525,570.312,-45.05813953488372,https://finance.naver.com/item/main.naver?code=192410
아톤,KOSDAQ,4825.0,118126093900,70.15,1.13,66.0,4089.0,0.60178,17438099160.0,3150541960.0,3684104440.0,,162.84747,소프트웨어,11370.0,3300.0,0.0377654001,24482092,158430,998819.0,215429.4,4.636409886487174,1005093546.6,-9.133709981167604,-25.1937984496124,4.636409886487174,1.6140865737344092,18.0670033533632,60.178,-57.56376429199648,https://finance.naver.com/item/main.naver?code=158430
와이투솔루션,KOSPI,3215.0,117986519830,-12.42,1.2,-262.0,2706.0,1.20951,87367181260.0,665400880.0,448483520.0,,253.27647,전자장비와기기,9900.0,2400.0,0.0523253891,36698762,011690,52382.0,126052.1,0.41555832865934006,423344806.0,-28.79291251384275,-54.00572246065809,0.9434987596398632,-9.682187730968218,0.7616142244761257,120.95100000000001,-67.52525252525253,https://finance.naver.com/item/main.naver?code=011690
조일알미늄,KOSPI,4655.0,117894131320,15.44,0.59,315.0,8275.0,1.07218,154139388820.0,10020716520.0,7455858200.0,,30.01711,비철금속,11175.0,4260.0,0.0,25326344,018470,577889.0,1233860.3,0.46835853297168245,1254637125.8,233.93113342898135,286.94929343308394,1.0174150185397812,3.8066465256797586,6.50107451230518,107.21799999999999,-58.344519015659955,https://finance.naver.com/item/main.naver?code=018470
일승,KOSDAQ,3830.0,117683441010,15.91,2.59,243.0,1494.0,0.39174,16228790690.0,5932655530.0,6752450410.0,,21.13778,조선,9790.0,2850.0,0.0070580527,30726747,333430,149512.0,396256.35,0.3773113036548184,1608833737.1,-8.809523809523812,-28.14258911819888,1.944733503955205,16.265060240963855,36.55636235209834,39.174,-60.87844739530133,https://finance.naver.com/item/main.naver?code=333430
샘표식품,KOSPI,25700.0,117404950200,6.9,0.52,4368.0,58052.0,0.40925,100574215090.0,4662432860.0,1780687180.0,,33.27747,식품,36200.0,20450.0,0.0632558907,4568286,248170,2334817.0,92637.7,25.2037453434185,2615501507.5,11.739130434782608,-7.5539568345323715,25.2037453434185,7.524288568869289,4.635813320370205,40.925,-29.005524861878452,https://finance.naver.com/item/main.naver?code=248170
제노코,KOSDAQ,12030.0,117128663430,-47.42,2.1,-260.0,5883.0,0.38631,10856051800.0,-695873470.0,193180040.0,,41.50419,우주항공과국방,36900.0,9710.0,0.2095338093,9736381,361390,11430.0,17278.45,0.6615176708558927,218236030.25,-28.73222748815166,-54.774436090225564,1.6150754263258567,-4.419513853476118,-6.410005062798245,38.631,-67.39837398373984,https://finance.naver.com/item/main.naver?code=361390
NICE인프라,KOSDAQ,3430.0,117126707040,14.62,0.57,234.0,6019.0,2.53329,110468183590.0,9647416970.0,4984736140.0,,15.3479,상업서비스와공급품,4845.0,2840.0,0.0262065459,34147728,063570,3885.0,19354.15,0.20073214271874507,64610344.45,-2.5568181818181768,-16.848484848484844,0.9571590589098461,3.8876889848812093,8.733208654725559,253.329,-29.20536635706914,https://finance.naver.com/item/main.naver?code=063570
코윈테크,KOSDAQ,10000.0,116940820000,68.51,0.68,148.0,15009.0,0.77023,58382472470.0,-7405178120.0,-7745283310.0,,190.12516,기계,21150.0,7340.0,0.0232418415,11694082,282880,12083.0,50564.6,0.23896164510349138,523021443.5,-20.5087440381558,-34.51211525867714,0.5211551164253252,0.9860750216536744,-12.683906327888344,77.023,-52.71867612293144,https://finance.naver.com/item/main.naver?code=282880
수산세보틱스,KOSPI,1873.0,116873570490,7.51,0.6,254.0,3199.0,0.41563,73026974750.0,6439581950.0,5308106900.0,,190.12516,기계,4045.0,1330.0,0.0243374547,62399130,017550,123379.0,379730.65,0.3249118816192477,723523643.2,-26.54901960784314,3.940066592674807,0.7407092369288599,7.939981244138794,8.818086702954925,41.563,-53.69592088998765,https://finance.naver.com/item/main.naver?code=017550
성우,KOSDAQ,7770.0,116904855900,24.81,0.53,316.0,14759.0,0.11066,24714838790.0,763648390.0,1939243760.0,,-80.94163,전기제품,15440.0,6420.0,0.0121152464,15045670,458650,2449.0,11401.65,0.2147934728745401,90570536.0,-29.619565217391308,-37.839999999999996,0.6362237044638276,2.141066467917881,3.089837633531252,11.065999999999999,-49.67616580310881,https://finance.naver.com/item/main.naver?code=458650
동방메디컬,KOSDAQ,5580.0,116811385200,9.91,0.96,572.0,5905.0,0.50252,33940580990.0,6357463130.0,3994914040.0,,-32.03035,건강관리장비와용품,11440.0,4500.0,0.0108261512,20933940,240550,24011.0,110468.8,0.21735548860854828,684316417.0,-8.072487644151561,-20.738636363636363,0.7651934301811915,9.68670618120237,18.731155874653755,50.251999999999995,-51.22377622377623,https://finance.naver.com/item/main.naver?code=240550
인천도시가스,KOSPI,26700.0,116805931800,5.74,0.46,4650.0,57765.0,1.0096,196532483810.0,3300107110.0,4171226400.0,,9.70026,가스유틸리티,28300.0,24750.0,0.023890029,4374754,034590,451.0,1165.35,0.38700819496288674,30971042.5,0.5649717514124353,-0.18691588785046953,0.9061655296691982,8.049857179953259,1.6791662355371317,100.96000000000001,-5.653710247349819,https://finance.naver.com/item/main.naver?code=034590
메쥬,KOSDAQ,11800.0,116604650000,29.12,10.25,422.0,1199.0,0.09428,5668414580.0,874700940.0,1097834700.0,,-32.03035,건강관리장비와용품,73500.0,10370.0,0.0354276317,9881750,0088M0,86219.0,79556.75,1.0837421086205759,1030703992.25,-43.132530120481924,-69.74358974358974,1.0837421086205759,35.19599666388657,15.431139124619216,9.428,-83.94557823129252,https://finance.naver.com/item/main.naver?code=0088M0
루미르,KOSDAQ,6540.0,116527731840,2230.0,1.94,3.0,3445.0,0.15049,4235109550.0,-1056255100.0,-879919270.0,,41.50419,우주항공과국방,22650.0,4040.0,0.0410527265,17817696,474170,30176.0,42779.45,0.705385412855939,281977163.25,-30.053475935828878,-58.264199106573066,0.8728489964223477,0.08708272859216255,-24.94044339419744,15.049000000000001,-71.12582781456953,https://finance.naver.com/item/main.naver?code=474170
케이엔솔,KOSDAQ,8950.0,116348272650,-2.17,0.95,-4188.0,9562.0,2.25728,136973158300.0,-5548440340.0,-6618433010.0,,190.12516,기계,18430.0,6490.0,0.012943346,12999807,053080,20061.0,122163.8,0.16421394881298715,1207067276.75,-22.644770959377702,-33.80177514792899,0.30465653491459826,-43.798368542145994,-4.050750095027925,225.728,-51.437873033098214,https://finance.naver.com/item/main.naver?code=053080
하나기술,KOSDAQ,14520.0,116086093200,-21.14,1.22,-726.0,12570.0,2.41823,5292954430.0,-6370321630.0,1225596120.0,,253.27647,전자장비와기기,35850.0,9250.0,0.0042305667,7994910,299030,94536.0,36834.25,2.566524362515865,532746135.5,-20.6990715456035,-49.23076923076923,2.566524362515865,-5.7756563245823385,-120.35474165229117,241.82299999999998,-59.49790794979079,https://finance.naver.com/item/main.naver?code=299030
플래스크,KOSDAQ,2370.0,116064014460,395.0,2.8,6.0,845.0,0.12079,2525636750.0,-863185970.0,200136980.0,,39.04177,건설,2370.0,2370.0,0.0154579261,48972158,041590,,,,,,,,0.7100591715976331,-34.17696428435325,12.078999999999999,0.0,https://finance.naver.com/item/main.naver?code=041590
신스틸,KOSDAQ,2785.0,115497798870,84.09,1.33,33.0,2089.0,1.83829,100940929140.0,739312630.0,-421443400.0,,44.69235,철강,3155.0,1335.0,0.0067644961,41471382,162300,899915.0,5174768.0,0.1739044146520192,12695808354.75,60.05747126436782,73.5202492211838,7.492011815795413,1.5797032072762087,0.7324210667553996,183.829,-11.727416798732172,https://finance.naver.com/item/main.naver?code=162300
탑런토탈솔루션,KOSDAQ,2945.0,115283668310,17.25,0.63,169.0,4656.0,2.04378,178757459180.0,299280670.0,-822960850.0,,10.13834,자동차부품,5280.0,1721.0,0.0081639659,39145558,336680,11000.0,25350.8,0.4339113558546476,69788914.5,-3.7581699346405206,-21.779548472775566,2.276732884169336,3.6297250859106533,0.16742275895667047,204.378,-44.22348484848485,https://finance.naver.com/item/main.naver?code=336680
두올,KOSPI,4020.0,115269576480,4.04,0.41,994.0,9739.0,0.97335,209247332940.0,8265793530.0,7743318720.0,,10.13834,자동차부품,5420.0,3040.0,0.0342815504,28674024,016740,54647.0,89443.15,0.6109690904222403,346226965.4,-8.0091533180778,-5.964912280701751,11.152804882207302,10.20638669267892,3.950250363463486,97.33500000000001,-25.830258302583033,https://finance.naver.com/item/main.naver?code=016740
오로스테크놀로지,KOSDAQ,12300.0,115208466600,-18.5,1.87,-695.0,6873.0,1.0508,11366242000.0,-2294089350.0,-3570652520.0,,33.00285,반도체와반도체장비,52000.0,10910.0,0.0904049755,9366542,322310,145190.0,112074.6,1.2954764058939312,1528985570.5,-58.30508474576271,-57.94871794871794,1.2954764058939312,-10.112032591299288,-20.18335831667142,105.08,-76.34615384615384,https://finance.naver.com/item/main.naver?code=322310
중앙첨단소재,KOSDAQ,1035.0,114979918815,-19.53,1.11,-53.0,936.0,0.24033,4899947040.0,-1045496910.0,-2110957360.0,,-335.21939,통신장비,4355.0,805.0,0.0419381252,111091709,051980,9660233.0,1149653.3,8.402735850886524,1236670672.25,-24.94561276287165,-45.64075630252101,8.402735850886524,-5.662393162393163,-21.336902245376105,24.032999999999998,-76.23421354764639,https://finance.naver.com/item/main.naver?code=051980
비씨엔씨,KOSDAQ,8980.0,114925348540,98.89,1.44,90.0,6182.0,1.46017,26766057170.0,1838067680.0,460659910.0,,33.00285,반도체와반도체장비,19050.0,7120.0,0.0340897503,12797923,146320,12422.0,16279.4,0.763050235266656,158590437.75,-30.602782071097366,-42.43589743589744,1.934899320613782,1.455839534131349,6.86715891072723,146.017,-52.86089238845144,https://finance.naver.com/item/main.naver?code=146320
동양,KOSPI,1072.0,114834818304,5.13,0.14,210.0,7624.0,0.95332,146110177710.0,-3603405280.0,-16792743040.0,,7.71583,건축자재,2660.0,970.0,0.0317457664,107122032,001520,57344.0,131934.7,0.43463925714766466,144248049.65,79.86577181208054,21.67990919409761,1.4670060264661229,2.7544596012591813,-2.4662246918568886,95.332,-59.69924812030075,https://finance.naver.com/item/main.naver?code=001520
세명전기,KOSDAQ,7510.0,114497460000,9.04,1.28,837.0,5911.0,0.1596,12646054580.0,5588161830.0,4777026530.0,,55.63885,전기장비,17970.0,5090.0,0.0503017185,15246000,017510,87821.0,127754.8,0.6874183983693763,956667304.75,-17.74370208105148,-19.5069667738478,2.291749507650593,14.16004060226696,44.1889744714355,15.959999999999999,-58.20812465219811,https://finance.naver.com/item/main.naver?code=017510
코아스템켐온,KOSDAQ,2165.0,114464364040,-2.43,1.91,-903.0,1147.0,1.3426,5397604610.0,-4281847180.0,-3677628840.0,,-69.92914,생물공학,6100.0,1014.0,0.0122649402,52870376,166480,47032.0,101945.5,0.461344541936623,218679893.7,-18.761726078799246,-22.262118491921,1.3849851145955436,-78.72711421098518,-79.32865575346393,134.26,-64.50819672131148,https://finance.naver.com/item/main.naver?code=166480
디와이,KOSPI,4340.0,114227207220,7.63,0.27,570.0,15901.0,0.76386,370529148220.0,23953781820.0,20170716290.0,,10.13834,자동차부품,5640.0,3615.0,0.0410085505,26319633,013570,15280.0,51860.2,0.2946382775230331,226475759.65,5.339805825242716,-11.156601842374613,0.8084812630880714,3.5846802087918994,6.464749651970039,76.386,-23.04964539007093,https://finance.naver.com/item/main.naver?code=013570
현대이지웰,KOSDAQ,5060.0,113738189180,4.87,1.04,1035.0,4862.0,1.25407,30068122000.0,3483010000.0,2846986000.0,,15.3479,상업서비스와공급품,6690.0,4765.0,0.1660601525,22477903,090850,15175.0,90231.35,0.16817879816715586,455779445.75,-4.8872180451127845,-20.56514913657771,0.8720915734941348,21.287535993418345,11.58372977201569,125.407,-24.364723467862483,https://finance.naver.com/item/main.naver?code=090850
그린케미칼,KOSPI,4730.0,113520000000,11.52,0.89,414.0,5344.0,0.76754,91921547950.0,7523029800.0,9622212920.0,,-32.42902,화학,7780.0,4095.0,0.0197562917,24000000,083420,13180.0,125548.1,0.10497968507687491,634839846.8,-2.9743589743589705,-14.77477477477478,0.3025453989347509,7.747005988023951,8.18418528383801,76.754,-39.20308483290489,https://finance.naver.com/item/main.naver?code=083420
에스피소프트,KOSDAQ,4725.0,113449914900,23.45,1.31,155.0,2772.0,0.2736,13102284830.0,851505050.0,622307090.0,,32.68044,IT서비스,7290.0,2520.0,0.0137085076,24010564,443670,9831877.0,1969615.1,4.991775804318316,8238834418.1,29.807692307692314,0.0,4.991775804318316,5.591630591630592,6.498905046319314,27.36,-35.18518518518518,https://finance.naver.com/item/main.naver?code=443670
우림피티에스,KOSDAQ,8400.0,113400000000,46.02,1.33,181.0,6273.0,0.14676,14204534960.0,959530170.0,1838953200.0,,190.12516,기계,24000.0,4940.0,0.0326020741,13500000,101170,52193.0,88334.15,0.5908586882875989,742164528.25,-14.37308868501529,-42.14876033057852,1.0000549051527639,2.8853817949944207,6.755097387574032,14.676,-65.0,https://finance.naver.com/item/main.naver?code=101170
킵스파마,KOSDAQ,5640.0,113240749080,-11.06,1.79,-499.0,3088.0,1.93652,74884347020.0,-2396693500.0,-9046561580.0,,30.01711,비철금속,12880.0,5110.0,0.0263461065,20078147,256940,28753.0,28105.55,1.0230363753778169,160354419.75,-11.459968602825743,-30.966952264381888,1.8294251491253508,-16.159326424870464,-3.200526672630122,193.65200000000002,-56.2111801242236,https://finance.naver.com/item/main.naver?code=256940
아이큐어,KOSDAQ,1833.0,113162669061,-2.03,2.59,-897.0,705.0,2.51734,37653685940.0,2396373110.0,2262695780.0,,42.91369,화장품,3300.0,1661.0,0.0153796508,61736317,175250,,,,,,,,-127.23404255319149,6.364245757556239,251.73399999999998,-44.45454545454546,https://finance.naver.com/item/main.naver?code=175250
토비스,KOSDAQ,11720.0,113000348960,3.66,0.56,3180.0,20712.0,0.82934,188093380450.0,15813622460.0,14010119140.0,,16.1175,디스플레이장비및부품,20950.0,8210.0,0.1553903329,9641668,051360,7952.0,28490.25,0.2791130298961926,336361111.5,-36.95535233996773,-18.6675919500347,0.504137380331868,15.353418308227115,8.407325351996459,82.934,-44.05727923627685,https://finance.naver.com/item/main.naver?code=051360
엠플러스,KOSDAQ,9200.0,112446043200,5.39,1.09,1735.0,8620.0,1.04731,32030174830.0,4037155970.0,3634106650.0,,-80.94163,전기제품,20100.0,6990.0,0.0596870695,12222396,259630,27088.0,67620.65,0.4005876902987475,638772728.75,-24.836601307189543,-26.751592356687905,0.9722325946290077,20.127610208816705,12.604227080954713,104.731,-54.22885572139303,https://finance.naver.com/item/main.naver?code=259630
NH농우바이오,KOSDAQ,7010.0,112374232610,9.17,0.41,767.0,17324.0,0.26286,46099500120.0,2499820670.0,3196744540.0,,-69.92914,생물공학,9020.0,6400.0,0.0224487465,16030561,054050,10323.0,18350.6,0.5625429141281485,125988984.0,-3.9726027397260277,-11.93467336683417,1.043290137652175,4.42738397598707,5.422663290258688,26.285999999999998,-22.283813747228375,https://finance.naver.com/item/main.naver?code=054050
사조동아원,KOSPI,7950.0,112209957000,-0.84,0.91,-9740.0,9010.0,3.20354,168495606040.0,4786125360.0,-13060687000.0,,33.27747,식품,15360.0,6240.0,0.0,14114460,008040,35198.0,241182.45,0.14593930860226356,530133821.5,761.3217768147346,612.3655913978495,0.31753968831480067,-108.10210876803552,2.8405045523049415,320.354,-48.2421875,https://finance.naver.com/item/main.naver?code=008040
성도이엔지,KOSDAQ,7330.0,111489300000,3.7,0.38,1982.0,19295.0,1.24222,174639903980.0,10238285530.0,5672440060.0,,39.04177,건설,14450.0,4690.0,0.0447916502,15210000,037350,70321.0,116057.6,0.6059146492776001,883013259.25,-20.756756756756754,-35.70175438596491,2.468119278702989,10.272091215340762,5.862512115886472,124.22200000000001,-49.273356401384085,https://finance.naver.com/item/main.naver?code=037350
한컴위드,KOSDAQ,3940.0,111175299140,11.82,0.64,314.0,5802.0,0.70937,99815476480.0,-712663640.0,6601192190.0,,30.01711,비철금속,8980.0,2795.0,0.030069269,28217081,054920,1495761.0,231406.75,6.463774284890134,885355243.2,-4.600484261501214,-11.56004489337823,6.463774284890134,5.41192692175112,-0.7139811030635076,70.937,-56.12472160356348,https://finance.naver.com/item/main.naver?code=054920
경동인베스트,KOSPI,46900.0,110919578700,5.46,0.2,8482.0,227089.0,0.23162,62466481510.0,-2497771090.0,576837190.0,,30.01711,비철금속,103700.0,39000.0,0.040602565,2365023,012320,2204.0,4007.05,0.5500305711184038,189276492.5,-8.57699805068226,-48.06201550387597,1.0192036535605995,3.7350994543989358,-3.9985781648357164,23.162,-54.77338476374156,https://finance.naver.com/item/main.naver?code=012320
태림포장,KOSPI,1568.0,111023713920,-11.61,0.36,-136.0,4398.0,1.20122,212333009000.0,4469541000.0,5061985000.0,,17.48769,포장재,2830.0,1500.0,0.0095644659,70805940,011280,23919.0,28856.7,0.8288889581968832,47644709.75,-25.155131264916463,-17.517096265123623,2.3243822058655357,-3.0923146884947705,2.1049675794873703,120.122,-44.593639575971736,https://finance.naver.com/item/main.naver?code=011280
도이치모터스,KOSDAQ,3800.0,110889890000,31.67,0.29,120.0,13187.0,3.52921,710940942050.0,12906535450.0,2979815580.0,,7.59141,자동차,5820.0,3500.0,0.0391632041,29181550,067990,25509.0,91785.25,0.277920471971259,339976459.6,-12.138728323699421,-10.69330199764983,0.6331191558556521,0.9099871085159627,1.8154159771392504,352.921,-34.707903780068726,https://finance.naver.com/item/main.naver?code=067990
핑거,KOSDAQ,9180.0,110304282060,287.81,1.86,32.0,4960.0,0.84823,22551758660.0,369689800.0,6732534660.0,,32.68044,IT서비스,25650.0,6200.0,0.0379750955,12015717,163730,37601.0,126402.05,0.29747144132551645,1268142543.25,-40.35087719298246,-7.178968655207285,0.4905933092066149,0.6451612903225806,1.6392947688630506,84.82300000000001,-64.21052631578948,https://finance.naver.com/item/main.naver?code=163730
진로발효,KOSDAQ,16640.0,110175436800,9.05,1.2,1835.0,13837.0,0.20052,28770533360.0,4694746100.0,3426537480.0,,16.97499,음료,19480.0,16000.0,0.0054259702,6621120,018120,97.0,1453.1,0.06675383662514624,24076369.0,-2.9737609329446024,-5.077010838562468,0.8113687977427569,13.261545132615451,16.317897347454664,20.052,-14.579055441478438,https://finance.naver.com/item/main.naver?code=018120
아이비김영,KOSDAQ,2450.0,110119304750,5.2,1.46,478.0,1702.0,1.00975,28318970010.0,3059124000.0,2070839280.0,,10.6218,교육서비스,3150.0,1790.0,0.0207615672,44946655,339950,94096.0,100977.4,0.9318520777916643,262021850.35,-4.669260700389099,-8.239700374531832,1.922766876548614,28.08460634547591,10.802384404940439,100.975,-22.22222222222222,https://finance.naver.com/item/main.naver?code=339950
동남합성,KOSPI,31450.0,110075000000,15.52,1.96,2046.0,16202.0,0.96675,62020077070.0,5353449990.0,4105401960.0,,-32.42902,화학,35100.0,26100.0,0.0021494286,3500000,023450,749.0,1170.0,0.6401709401709401,36226356.25,8.448275862068954,1.6155088852988664,0.8358974358974359,12.628070608566844,8.631801576056958,96.675,-10.3988603988604,https://finance.naver.com/item/main.naver?code=023450
HS화성,KOSPI,10830.0,109924500000,3.66,0.23,2916.0,45678.0,0.71038,81598558570.0,-5442584810.0,1040017390.0,,39.04177,건설,15780.0,9580.0,0.0192685714,10150000,002460,7444.0,9470.65,0.7860072962257079,103278517.0,-19.777777777777782,-16.04651162790698,2.1215016920697103,6.383817154866675,-6.6699521479059385,71.038,-31.36882129277566,https://finance.naver.com/item/main.naver?code=002460
상상인,KOSDAQ,1989.0,110048014557,-0.9,0.28,-2203.0,6994.0,9.49147,126036063120.0,-4517111240.0,-6364489300.0,,28.8081,기타금융,2545.0,1601.0,0.0371484126,55328313,038540,29088.0,57178.0,0.5087271328133198,115361021.75,-3.680387409200969,-7.272727272727275,3.228479485116653,-31.498427223334286,-3.583983130050024,949.1469999999999,-21.846758349705308,https://finance.naver.com/item/main.naver?code=038540
NPC,KOSPI,2995.0,109976400000,8.85,0.25,339.0,11789.0,0.42469,115248825840.0,7988638760.0,6761891110.0,,17.48769,포장재,4435.0,2415.0,0.0114395697,36720000,004250,8243.0,27290.95,0.30204151925821565,80856409.45,-5.221518987341767,-18.72455902306649,0.6015547278493419,2.8755619645432184,6.931644380560225,42.469,-32.46899661781285,https://finance.naver.com/item/main.naver?code=004250
비아트론,KOSDAQ,9070.0,109880419700,8.79,0.5,1028.0,17991.0,0.13256,25666161020.0,3489696070.0,4875016060.0,,16.1175,디스플레이장비및부품,12890.0,6500.0,0.0446063505,12114710,141000,26625.0,35979.8,0.7399985547446066,314146657.75,1.3407821229050265,-0.7658643326039383,3.126754456667352,5.71396809515869,13.596486312388919,13.256,-29.63537626066718,https://finance.naver.com/item/main.naver?code=141000
와이엔텍,KOSDAQ,6030.0,109743943770,3.6,0.32,1681.0,19155.0,0.44863,34132042830.0,6368918660.0,6533515520.0,,10.15986,해운사,8190.0,5360.0,0.0380945599,18199659,067900,25793.0,20269.85,1.272481049440425,122267867.25,-5.781250000000004,-14.950634696755994,1.272481049440425,8.775776559645001,18.659646865326522,44.863,-26.37362637362637,https://finance.naver.com/item/main.naver?code=067900
로체시스템즈,KOSDAQ,7170.0,109676643510,8.86,0.81,821.0,9007.0,0.23442,46912671660.0,7513771360.0,6501389660.0,,33.00285,반도체와반도체장비,14070.0,5150.0,0.4720623919,15296603,071280,45177.0,156500.0,0.28867092651757187,1079076030.0,-4.907161803713533,-21.20879120879121,0.8595335463258786,9.115132674586434,16.01650704196965,23.442,-49.04051172707889,https://finance.naver.com/item/main.naver?code=071280
한국경제TV,KOSDAQ,4985.0,109670000000,29.5,0.55,169.0,9011.0,0.15864,29304954930.0,3137552840.0,4826795720.0,,876.91615,방송과엔터테인먼트,6200.0,4270.0,0.0128376818,22000000,039340,963.0,9198.2,0.10469439672979496,44715354.2,4.397905759162302,7.900432900432897,0.8162466569546215,1.8754855177005882,10.706560878508746,15.864,-19.596774193548384,https://finance.naver.com/item/main.naver?code=039340
하이텍팜,KOSDAQ,10310.0,109628013630,9.55,0.84,1079.0,12290.0,0.10316,23379278700.0,6292944830.0,5245361130.0,,46.08491,제약,25000.0,9540.0,0.4638756465,10633173,106190,4123.0,33709.6,0.12230937181099746,384558672.25,-27.750525578135953,-34.3312101910828,1.475811044924888,8.779495524816925,26.916762106950713,10.316,-58.76,https://finance.naver.com/item/main.naver?code=106190
파워로직스,KOSDAQ,2990.0,109466157450,-9.08,0.57,-337.0,5394.0,0.76962,200535182230.0,4625806290.0,3641735140.0,,96.79463,핸드셋,6850.0,2400.0,0.0574740674,36610755,047310,50281.0,85522.6,0.5879264662206247,260263441.4,-25.249999999999993,-45.43795620437956,1.0346738756773062,-6.247682610307749,2.3067305390305624,76.962,-56.35036496350365,https://finance.naver.com/item/main.naver?code=047310
STX,KOSPI,3530.0,109493282310,-0.66,-0.96,-5382.0,-3692.0,-3.54316,42377000000.0,-18939000000.0,-57471000000.0,,17.09379,무역회사와판매업체,3530.0,3530.0,0.0220261657,31017927,011810,,,,,,,,145.77464788732394,-44.69169596715199,-354.316,0.0,https://finance.naver.com/item/main.naver?code=011810
디에스케이,KOSDAQ,4235.0,108883501650,-6.89,1.02,-619.0,4200.0,0.30607,6431036960.0,-3063851520.0,-2088759390.0,,253.27647,전자장비와기기,9280.0,3845.0,0.0100429826,25710390,109740,14068.0,19322.3,0.7280706748161451,84484442.75,-36.21987951807228,-34.84615384615385,2.2556838471610523,-14.738095238095239,-47.64164067251761,30.607,-54.364224137931025,https://finance.naver.com/item/main.naver?code=109740
대창,KOSPI,1197.0,109095177303,42.71,0.32,28.0,3725.0,1.99686,496772128420.0,22379185010.0,8804360100.0,,30.01711,비철금속,2095.0,950.0,0.0470317921,91140499,012800,392931.0,327348.7,1.2003438535115611,390977963.6,-9.180576631259484,-14.500000000000002,1.7757669421018014,0.7516778523489933,4.504919605932348,199.686,-42.86396181384248,https://finance.naver.com/item/main.naver?code=012800
워트,KOSDAQ,6720.0,108326400000,30.68,1.65,221.0,4097.0,0.05844,7705145480.0,2077020370.0,1918373540.0,,33.00285,반도체와반도체장비,10960.0,4125.0,0.0217068238,16120000,396470,50754.0,651024.2,0.07796023557956833,4548312435.75,-0.14858841010401136,-3.170028818443804,0.8773621625739874,5.394190871369295,26.956277144815182,5.844,-38.68613138686131,https://finance.naver.com/item/main.naver?code=396470
씨이랩,KOSDAQ,11540.0,108271557360,-26.38,4.19,-425.0,2678.0,0.13377,2013914270.0,-2720024460.0,-2570658410.0,,32.68044,IT서비스,19100.0,3400.0,0.0350660884,9382284,189330,1166247.0,416570.45,2.7996392927054714,6146950682.5,31.885714285714293,193.26556543837356,2.7996392927054714,-15.87005227781927,-135.06158134526748,13.377,-39.58115183246073,https://finance.naver.com/item/main.naver?code=189330
그린리소스,KOSDAQ,6390.0,108216036630,10.5,1.54,619.0,4219.0,1.05554,14419018410.0,331120840.0,-3779735760.0,,33.00285,반도체와반도체장비,24850.0,4825.0,0.0744717354,16935217,402490,45694.0,80443.7,0.5680245935977585,548653620.5,-43.89815627743635,-46.12141652613828,1.641993095792461,14.671723157146243,2.296417346761679,105.55399999999999,-74.28571428571429,https://finance.naver.com/item/main.naver?code=402490
엠에스오토텍,KOSDAQ,1721.0,107783302579,-0.88,0.52,-1973.0,3331.0,1.59477,504849615790.0,35479419000.0,5059511630.0,,10.13834,자동차부품,3355.0,1260.0,0.0119544361,62628299,123040,63115.0,245586.9,0.256996606903707,433293011.4,-10.317873892652418,-33.55212355212355,0.5745094709856267,-59.23146202341639,7.027720313202776,159.477,-48.70342771982116,https://finance.naver.com/item/main.naver?code=123040
티앤알바이오팹,KOSDAQ,2260.0,107721779040,-2.12,4.77,-1093.0,485.0,3.3744,9535077990.0,-928004890.0,-3782538300.0,,-69.92914,생물공학,4925.0,1127.0,0.026988721,47664504,246710,105063.0,127448.75,0.8243548877489971,302055490.15,0.6681514476614803,-29.485179407176286,1.0709245873341244,-225.36082474226805,-9.732535916048652,337.44,-54.111675126903556,https://finance.naver.com/item/main.naver?code=246710
한국무브넥스,KOSPI,3515.0,107033226300,5.15,0.27,685.0,13184.0,1.55036,444046269860.0,8702559450.0,7522919230.0,,10.13834,자동차부품,7950.0,3115.0,0.0298505571,30450420,010100,45590.0,60351.75,0.7554047728524856,217918379.75,-13.209876543209875,-24.89316239316239,1.699619315098568,5.195691747572815,1.9598316753665703,155.036,-55.78616352201258,https://finance.naver.com/item/main.naver?code=010100
리센스메디컬,KOSDAQ,9700.0,106697099700,-3.31,12.76,-2890.0,751.0,0.49895,1686868060.0,-2789695430.0,-2816018780.0,,-32.03035,건강관리장비와용품,39900.0,8060.0,0.0466806325,10999701,394420,142948.0,127967.5,1.1170648797546252,1486500410.5,-54.460093896713616,-47.425474254742554,1.1170648797546252,-384.8202396804261,-165.37721569047906,49.895,-75.68922305764411,https://finance.naver.com/item/main.naver?code=394420
지오엘리먼트,KOSDAQ,8430.0,106340740800,20.12,1.87,433.0,4668.0,0.24806,17374246560.0,3393715360.0,2890462490.0,,33.00285,반도체와반도체장비,11920.0,5110.0,0.0386428064,12614560,311320,34590.0,81182.45,0.42607731104444374,715636883.5,-6.9536423841059625,23.065693430656943,0.5849416961424545,9.27592116538132,19.533021753088324,24.806,-29.278523489932883,https://finance.naver.com/item/main.naver?code=311320
삼보모터스,KOSDAQ,4000.0,106863028000,4.41,0.22,909.0,18124.0,2.11928,460286095990.0,5046021630.0,5310886240.0,,10.13834,자동차부품,9990.0,3520.0,0.0,26715757,053700,57719.0,367095.15,0.1572317149926933,1608752271.65,-7.834101382488479,-42.27994227994228,0.3478743862456368,5.015449128227764,1.0962793953501537,211.928,-59.95995995995995,https://finance.naver.com/item/main.naver?code=053700
우리손에프앤지,KOSDAQ,1535.0,106279782005,4.47,0.32,344.0,4805.0,0.61803,77006804060.0,17017743660.0,12469440280.0,,33.27747,식품,2150.0,1360.0,0.0414179033,69237643,073560,11826.0,93033.45,0.12711556972250304,142480313.35,-5.129789864029666,-18.826017979904808,0.6908590404849009,7.159209157127992,22.099013025836772,61.803,-28.604651162790695,https://finance.naver.com/item/main.naver?code=073560
한국화장품,KOSPI,6610.0,106209480000,89.71,3.01,70.0,2088.0,0.73506,21048383240.0,-316140960.0,-542069460.0,,42.91369,화장품,13080.0,4905.0,0.0169517675,16068000,123690,3419750.0,108693.4,31.462351899931367,721480892.75,-5.4363376251788225,-23.67205542725174,31.462351899931367,3.3524904214559386,-1.5019726522235255,73.506,-49.46483180428135,https://finance.naver.com/item/main.naver?code=123690
세원정공,KOSPI,10590.0,105900000000,2.28,0.17,4646.0,63677.0,0.12091,38386118130.0,-670017130.0,2020851480.0,,10.13834,자동차부품,17820.0,9030.0,0.0331883,10000000,021820,5725.0,14200.25,0.4031619161634478,146953887.0,-12.406947890818854,-34.05977584059776,0.49449833629689616,7.296197999277604,-1.7454672747342999,12.091000000000001,-40.572390572390574,https://finance.naver.com/item/main.naver?code=021820
세운메디칼,KOSDAQ,2415.0,105777000000,8.66,0.67,279.0,3584.0,0.0549,17713365850.0,3443003310.0,3381498620.0,,-32.03035,건강관리장비와용품,3430.0,2050.0,0.0271098858,43800000,100700,34742.0,429522.85,0.08088510308590102,1063438981.45,4.545454545454541,-1.8292682926829285,0.2268051629849262,7.7845982142857135,19.437318345683014,5.489999999999999,-29.591836734693878,https://finance.naver.com/item/main.naver?code=100700
대정화금,KOSDAQ,14720.0,105842555520,7.82,0.58,1889.0,25600.0,0.16828,32308597560.0,5262253230.0,4819958390.0,,-32.42902,화학,15210.0,12030.0,0.0306240648,7190391,120240,5371.0,12972.8,0.41402010360138136,192225569.0,6.28158844765343,8.07635829662261,0.9839047853971387,7.37890625,16.287470294021638,16.828000000000003,-3.2215647600262964,https://finance.naver.com/item/main.naver?code=120240
아리바이오랩,KOSDAQ,3650.0,105689312400,-5.9,7.99,-597.0,441.0,1.13794,,-2458560510.0,-2662328520.0,,46.08491,제약,6720.0,1824.0,0.0,28955976,261780,1372255.0,533399.65,2.5726582310280857,1558198952.45,27.845884413309975,34.68634686346863,5.061844341292687,-135.37414965986395,,113.794,-45.68452380952381,https://finance.naver.com/item/main.naver?code=261780
나인앤컴퍼니,KOSDAQ,4660.0,105566941000,14.42,1.3,329.0,3656.0,0.09795,14131563020.0,1893107720.0,8016882440.0,,8.94358,"섬유,의류,신발,호화품",7100.0,3900.0,0.0071303995,22653850,366030,36871.0,80773.8,0.4564722719495678,408753549.1,-6.986027944111772,-14.963503649635035,1.3519730407632178,8.99890590809628,13.396308089351038,9.795,-34.36619718309859,https://finance.naver.com/item/main.naver?code=366030
조선선재,KOSPI,83800.0,105391153800,8.42,0.48,9974.0,176087.0,0.06829,16445491210.0,3955054570.0,2852055470.0,,44.69235,철강,127000.0,76000.0,0.0094636747,1257651,120030,215.0,371.6,0.5785791173304629,31186605.0,-7.300884955752207,-16.86507936507936,1.8057050592034445,5.664245515001108,24.04947665895837,6.829000000000001,-34.01574803149606,https://finance.naver.com/item/main.naver?code=120030
나무AX,KOSDAQ,3045.0,105376073880,-37.06,3.01,-85.0,1045.0,1.32822,35482626780.0,343147090.0,209867500.0,,32.68044,IT서비스,11100.0,1308.0,0.0545988437,34606264,242040,133313.0,246574.6,0.5406599057648274,814507601.5,-56.56205420827389,-37.666325486182195,1.0365868990561071,-8.133971291866029,0.9670847993514871,132.822,-72.56756756756756,https://finance.naver.com/item/main.naver?code=242040
태경비케이,KOSPI,3820.0,105367442000,4.37,0.44,866.0,8538.0,0.52624,119529936620.0,9897161010.0,9005692300.0,,30.01711,비철금속,5210.0,3590.0,0.0372546596,27583100,014580,14064.0,59920.65,0.23471040450996442,232459512.5,-6.487148102815176,-13.866967305524236,0.5107755005995429,10.142890606699462,8.280068817792701,52.624,-26.679462571976963,https://finance.naver.com/item/main.naver?code=014580
애니플러스,KOSDAQ,2015.0,105108114540,8.06,0.87,250.0,2310.0,0.78846,32305275700.0,3278554180.0,1058938490.0,,876.91615,방송과엔터테인먼트,4325.0,1800.0,0.0221006772,52162836,310200,127324.0,479139.65,0.2657346349858543,1056340742.6,-11.233480176211453,-37.422360248447205,0.2902702792390486,10.822510822510822,10.148664912957235,78.846,-53.41040462427746,https://finance.naver.com/item/main.naver?code=310200
메타바이오메드,KOSDAQ,3855.0,104745920475,8.88,0.85,438.0,4594.0,0.49272,26990707740.0,6266505930.0,6297812240.0,,-32.03035,건강관리장비와용품,6520.0,3265.0,0.0537610348,27171445,059210,67842.0,76908.35,0.8821148808939471,307539849.45,1.0484927916120546,-19.012605042016805,1.480736487000436,9.53417501088376,23.217271626831376,49.272,-40.87423312883436,https://finance.naver.com/item/main.naver?code=059210
푸드나무,KOSDAQ,2745.0,104719754385,33.8,2.49,75.0,1019.0,2.03779,12911739880.0,-3635754330.0,-5899231480.0,,33.27747,식품,3980.0,1839.0,0.0037367422,38149273,290720,52208.0,41928.6,1.2451643985251117,118768019.35,-10.586319218241048,19.34782608695653,1.2451643985251117,7.360157016683022,-28.15851592264264,203.77900000000002,-31.030150753768847,https://finance.naver.com/item/main.naver?code=290720
진흥기업,KOSPI,7200.0,104739652800,-3.76,0.45,-1950.0,16440.0,1.21915,220255855070.0,506610490.0,697696490.0,,39.04177,건설,16450.0,6210.0,0.0,14547174,002780,201408.0,1511452.4,0.1332546099367734,1473054827.25,574.1573033707865,880.9264305177111,0.17900927611084544,-11.861313868613138,0.23000999898004662,121.91499999999999,-56.23100303951367,https://finance.naver.com/item/main.naver?code=002780
라온시큐어,KOSDAQ,9380.0,104172666640,28.12,1.77,313.0,4975.0,0.35209,12175896120.0,-673730240.0,207758790.0,,162.84747,소프트웨어,16960.0,6320.0,0.0124016868,11105828,042510,1883335.0,225290.7,8.35957720403017,2054852528.5,7.816091954022997,10.223266745005866,8.35957720403017,6.29145728643216,-5.533311333802674,35.209,-44.693396226415096,https://finance.naver.com/item/main.naver?code=042510
한국제지,KOSPI,2745.0,104392745280,-3.13,0.26,-880.0,10680.0,0.93346,220386265500.0,4681874410.0,1149308380.0,,-5.89866,종이와목재,4285.0,2525.0,0.0061096008,38030144,027970,24099.0,30197.8,0.7980382676883747,56070174.0,292.1428571428571,243.98496240601503,1.4279517050910995,-8.239700374531834,2.1243948207834213,93.34599999999999,-35.93932322053676,https://finance.naver.com/item/main.naver?code=027970
서울옥션,KOSDAQ,5860.0,104157204620,-10.81,0.96,-521.0,5836.0,1.19363,4265472250.0,386034390.0,-354091450.0,,-17.01316,판매업체,9950.0,4100.0,0.0236598224,17774267,063170,26835.0,41338.25,0.6491566527368721,242229205.0,14.901960784313717,-30.071599045346066,0.8085006017429378,-8.927347498286498,9.050214545411707,119.363,-41.10552763819095,https://finance.naver.com/item/main.naver?code=063170
박셀바이오,KOSDAQ,4475.0,104076618875,-7.84,1.72,-577.0,2638.0,0.1015,1624755010.0,-5024586500.0,-4046283680.0,,46.08491,제약,11520.0,3350.0,0.0554343585,23257345,323990,63829.0,227113.85,0.281044066665243,1088157296.9,-12.426614481409004,-46.85273159144893,4.399058005489318,-21.872630780894617,-309.25194685197494,10.15,-61.154513888888886,https://finance.naver.com/item/main.naver?code=323990
에이티넘인베스트,KOSDAQ,2160.0,103680000000,3.96,0.49,545.0,4446.0,0.01839,2218315550.0,-5074400910.0,-3415822570.0,,14.56477,창업투자,4000.0,1870.0,0.087974,48000000,021080,82069.0,168178.85,0.48798645013924163,375308174.5,-23.674911660777386,-33.333333333333336,0.9815265118057354,12.25820962663068,-228.75018434595566,1.839,-46.0,https://finance.naver.com/item/main.naver?code=021080
그리드위즈,KOSDAQ,12980.0,103096895000,50.0,0.8,270.0,16771.0,0.44665,20856501640.0,-1652130960.0,-946447140.0,,3.345,전기유틸리티,29800.0,10700.0,0.0148695351,7942750,453450,20552.0,29621.55,0.6938191958219607,426104679.5,-21.285627653123107,-31.067445565586826,1.0881604777602794,1.6099218889750164,-7.921419366090775,44.665,-56.442953020134226,https://finance.naver.com/item/main.naver?code=453450
아시아나IDT,KOSPI,9260.0,102786000000,8.19,0.59,1138.0,15701.0,0.19874,45048046670.0,2257364750.0,4957536680.0,,32.68044,IT서비스,12880.0,8610.0,0.0083744144,11100000,267850,12212.0,6267.05,1.9486042077213361,58320767.0,-3.842159916926269,-8.588351431391905,1.9486042077213361,7.247945990701229,5.011015830578298,19.874,-28.105590062111794,https://finance.naver.com/item/main.naver?code=267850
지에프아이,KOSDAQ,12820.0,103066556660,-22.93,1.79,-601.0,7719.0,0.12592,15537620040.0,2954750110.0,2283564520.0,,253.27647,전자장비와기기,23800.0,8350.0,0.0184165384,8039513,493330,198837.0,99868.9,1.9909801750094376,1342183170.25,1.7460317460317398,-13.901947615849563,2.9032261294557165,-7.785982640238373,19.016748397716643,12.592,-46.134453781512605,https://finance.naver.com/item/main.naver?code=493330
KEC,KOSPI,2575.0,103393017100,-3.95,0.32,-660.0,8115.0,0.42394,67823572940.0,-3272334040.0,-2785577740.0,,33.00285,반도체와반도체장비,10450.0,2140.0,0.0292390326,40152628,092220,136380.0,220842.8,0.6175433385195261,582636619.3,-36.341161928306555,84.19170243204579,1.4674238870363898,-8.133086876155268,-4.824773892249623,42.394,-75.35885167464114,https://finance.naver.com/item/main.naver?code=092220
SM C&C,KOSDAQ,1060.0,102517497200,-49.45,1.29,-22.0,843.0,1.21474,27230261950.0,-1557345950.0,-4366299610.0,,11.1909,광고,1900.0,777.0,0.0299660692,96714620,048550,250516.0,530854.85,0.47191054202481153,661023045.0,-17.76570985259891,-6.194690265486724,0.8625653509617554,-2.6097271648873073,-5.719173590248918,121.47399999999999,-44.21052631578948,https://finance.naver.com/item/main.naver?code=048550
다산네트웍스,KOSDAQ,2390.0,102503438520,-12.73,0.35,-185.0,6733.0,0.81751,159155497710.0,16330363610.0,9059583330.0,,-335.21939,통신장비,6050.0,1950.0,0.0641773448,42888468,039560,64321.0,113341.55,0.5674970917549654,275656882.85,-29.49852507374632,-37.10526315789474,1.1329913875361683,-2.7476607752859055,10.260634313591757,81.75099999999999,-60.49586776859503,https://finance.naver.com/item/main.naver?code=039560
삼익악기,KOSPI,1131.0,102390464865,4.9,0.31,232.0,3698.0,0.96887,53941601820.0,2907715560.0,30929836350.0,,10.42626,레저용장비와제품,1361.0,1045.0,0.0164936696,90530915,002450,86521.0,151121.1,0.5725275954185087,170455736.65,-11.433046202036024,-2.3316062176165775,1.1002897676102146,6.273661438615467,5.390487975686889,96.887,-16.899338721528288,https://finance.naver.com/item/main.naver?code=002450
태양금속,KOSPI,2780.0,102026000000,30.43,0.69,94.0,4175.0,2.59043,159273838600.0,3891627220.0,5501280470.0,,10.13834,자동차부품,3790.0,1951.0,0.036973188,36700000,004100,224625.0,272584.5,0.8240563935220088,699809555.9,-9.740259740259738,-2.284710017574687,1.916004028108715,2.251497005988024,2.44335620602039,259.043,-26.649076517150394,https://finance.naver.com/item/main.naver?code=004100
삼성공조,KOSPI,12420.0,100928819880,14.34,0.36,905.0,35993.0,0.14391,31891753500.0,2497832560.0,6312759680.0,,10.13834,자동차부품,20000.0,8790.0,0.0134912335,8126314,006660,121086.0,1008957.45,0.1200110074017492,14660006578.5,5.972696245733777,2.3064250411861664,0.5432399552627318,2.5143777956824938,7.832220827870126,14.391000000000002,-37.9,https://finance.naver.com/item/main.naver?code=006660
에이엘티,KOSDAQ,11350.0,101698939650,-11.23,1.09,-1012.0,10470.0,1.10929,16435240220.0,2131623100.0,1479437970.0,,33.00285,반도체와반도체장비,21200.0,6970.0,0.0763451146,8960259,172670,95860.0,40414.05,2.371947379686025,428383506.75,-12.826420890937019,-2.991452991452992,2.371947379686025,-9.665711556829034,12.969832332636265,110.92900000000002,-46.4622641509434,https://finance.naver.com/item/main.naver?code=172670
한울소재과학,KOSDAQ,2790.0,101528990010,-2.14,2.5,-1302.0,1116.0,3.15095,2735814090.0,-3539950570.0,-8204258680.0,,-335.21939,통신장비,3950.0,1790.0,0.0099962575,36390319,091440,203658.0,256394.55,0.7943148557564894,783178717.5,34.13461538461537,-3.125,1.1462256120498662,-116.66666666666667,-129.39295045446602,315.09499999999997,-29.367088607594937,https://finance.naver.com/item/main.naver?code=091440
크라운제과,KOSPI,8050.0,100816992500,8.41,0.46,964.0,17790.0,0.55562,110668996160.0,3527298610.0,3027623160.0,,33.27747,식품,10160.0,7560.0,0.030066553,12523850,264900,9687.0,10087.0,0.9603449985129374,82436627.5,-4.1666666666666625,-4.7337278106508895,1.3270546247645485,5.4187745924676785,3.1872509306042662,55.562,-20.767716535433067,https://finance.naver.com/item/main.naver?code=264900
KC코트렐,KOSPI,918.0,100782913662,-7.12,1.97,-129.0,467.0,2.53272,15546540630.0,-3008906350.0,-102509420.0,,15.3479,상업서비스와공급품,918.0,918.0,0.0011785092,109785309,119650,,,,,,,,-27.62312633832976,-19.354185742092,253.272,0.0,https://finance.naver.com/item/main.naver?code=119650
옵투스제약,KOSDAQ,5710.0,100762028900,7.84,0.58,731.0,9824.0,0.09815,24640171920.0,2320029010.0,3904107820.0,,46.08491,제약,20750.0,4610.0,0.0394565749,17646590,131030,11031.0,28805.35,0.3829496951087211,166702679.5,-6.085526315789469,-45.9280303030303,0.8047810562968338,7.440960912052118,9.415636455510574,9.815,-72.48192771084338,https://finance.naver.com/item/main.naver?code=131030
모비스,KOSDAQ,3130.0,100696212820,-95.3,3.0,-33.0,1048.0,0.18024,401341800.0,-693663900.0,-489322780.0,,162.84747,소프트웨어,9440.0,2130.0,0.0357266104,32171314,250060,169884.0,171899.0,0.9882780004537548,514806684.45,-6.287425149700598,-30.521642619311873,2.240722749986911,-3.1488549618320607,-172.83619598058314,18.024,-66.84322033898304,https://finance.naver.com/item/main.naver?code=250060
RF시스템즈,KOSDAQ,6980.0,100618235600,17.68,1.88,396.0,3732.0,0.5707,11583711330.0,1665586490.0,2100953030.0,,41.50419,우주항공과국방,17750.0,3885.0,0.0821202868,14415220,474610,31693.0,70644.15,0.4486287965811748,508056273.5,-28.04123711340206,-5.420054200542001,1.5970890724851246,10.610932475884244,14.378694725294055,57.07,-60.676056338028175,https://finance.naver.com/item/main.naver?code=474610
스톰테크,KOSDAQ,3720.0,99967552560,9.79,1.07,380.0,3491.0,0.45234,20768506820.0,4586653940.0,3727859410.0,,11.65576,가정용기기와용품,4200.0,3330.0,0.0162415076,26872998,352090,32060.0,23066.2,1.3899125126808924,83349463.4,1.6393442622950838,3.3333333333333437,1.3899125126808924,10.88513319965626,22.084659141614686,45.234,-11.428571428571432,https://finance.naver.com/item/main.naver?code=352090
무림P&P,KOSPI,1603.0,99976423372,-2.94,0.17,-544.0,9575.0,2.53085,207911110300.0,-5058683720.0,-62577461910.0,,-5.89866,종이와목재,4420.0,1415.0,0.0234556728,62368324,009580,65334.0,33148.65,1.9709399930313902,54489023.45,-12.880434782608695,-36.76528599605523,2.1542355420205648,-5.681462140992167,-2.433099276272779,253.085,-63.73303167420814,https://finance.naver.com/item/main.naver?code=009580
동구바이오제약,KOSDAQ,3500.0,99627472000,1.89,0.62,1859.0,5610.0,1.23457,59475096590.0,-6453596050.0,-6141466610.0,,46.08491,제약,6390.0,3315.0,0.0141959991,28464992,006620,37558.0,128076.5,0.29324661432815546,461717379.3,-16.567342073897496,-34.94423791821561,0.7478889569905486,33.13725490196078,-10.850921511719061,123.457,-45.22691705790297,https://finance.naver.com/item/main.naver?code=006620
HS애드,KOSPI,6160.0,99839087040,5.64,0.46,1072.0,13081.0,1.26877,102766285150.0,3769731060.0,2755826690.0,,11.1909,광고,9390.0,5750.0,0.2007826677,16207644,035000,647558.0,79271.05,8.168909078408825,506635686.25,-14.444444444444448,-27.52941176470588,8.168909078408825,8.195092118339577,3.6682566218070596,126.877,-34.398296059637914,https://finance.naver.com/item/main.naver?code=035000
까뮤이앤씨,KOSPI,1681.0,100441145230,4.97,0.89,336.0,1881.0,1.32834,109250618990.0,12194238760.0,8716943510.0,,39.04177,건설,2005.0,997.0,0.0175071878,59750830,013700,179104.0,820087.25,0.2183962742988627,1435873652.2,42.096365173288255,36.003236245954696,0.29882430192641085,17.862838915470494,11.161711368533457,132.834,-16.159600997506228,https://finance.naver.com/item/main.naver?code=013700
아스타,KOSDAQ,6070.0,99434491000,-25.94,9.98,-234.0,608.0,0.23348,1169452240.0,-838601480.0,-810733970.0,,-32.03035,건강관리장비와용품,11080.0,5900.0,0.0106567855,16381300,246720,,,,,,,,-38.48684210526316,-71.70891219978338,23.348,-45.21660649819494,https://finance.naver.com/item/main.naver?code=246720
동아엘텍,KOSDAQ,5670.0,99141730380,1.99,0.57,2811.0,9726.0,1.34357,55481522480.0,990686720.0,2724324730.0,,16.1175,디스플레이장비및부품,14620.0,3545.0,0.1057960412,17485314,088130,73822.0,62898.95,1.1736602916264898,341453334.25,-14.220877458396364,-44.24778761061947,1.6645746868588427,28.901912399753236,1.7856155990620535,134.357,-61.21751025991793,https://finance.naver.com/item/main.naver?code=088130
DKME,KOSPI,1859.0,99263736572,-30.83,0.7,-60.0,2640.0,0.46859,16476411270.0,-5483457530.0,-5810109450.0,,190.12516,기계,4260.0,1341.0,0.0,53396308,015590,66101.0,118163.45,0.5594030979968848,183698946.55,-17.193763919821826,-37.721943048576215,3.241729993496297,-2.272727272727273,-33.28065462886446,46.859,-56.36150234741783,https://finance.naver.com/item/main.naver?code=015590
나이스디앤비,KOSDAQ,6430.0,99022000000,7.63,0.85,839.0,7506.0,0.19357,31987861340.0,11078451980.0,8895124470.0,,15.3479,상업서비스와공급품,6590.0,5200.0,0.4464920779,15400000,130580,14772.0,14900.15,0.9913994154421264,89126512.0,15.439856373429084,10.481099656357395,6.179467991932968,11.177724487077006,34.63329999541632,19.357,-2.427921092564489,https://finance.naver.com/item/main.naver?code=130580
세이브존I&C,KOSPI,2400.0,98498148000,11.71,0.18,205.0,13059.0,0.28939,31291394570.0,2686355680.0,31438310450.0,,36.5335,백화점과일반상점,4135.0,2050.0,0.0943426794,41040895,067830,8401.0,40399.85,0.20794631663236374,96892540.95,-4.0000000000000036,-19.05564924114671,1.1093358019893638,1.5697986063251397,8.584966304363723,28.938999999999997,-41.958887545344616,https://finance.naver.com/item/main.naver?code=067830
엑스페릭스,KOSDAQ,2670.0,97839864480,-3.68,0.97,-646.0,2444.0,0.49832,5258600800.0,-807673180.0,757219710.0,,253.27647,전자장비와기기,4735.0,2010.0,0.0143207056,36644144,317770,367359.0,76900.25,4.777084599855007,193316560.6,1.1363636363636465,-20.771513353115722,4.777084599855007,-26.432078559738137,-15.359089056541428,49.832,-43.61140443505808,https://finance.naver.com/item/main.naver?code=317770
SKAI,KOSDAQ,1812.0,98178001440,-4.33,6.84,-424.0,268.0,0.90811,2738335080.0,-2420187250.0,-6883030280.0,,32.68044,IT서비스,6160.0,1413.0,0.0103701369,54182120,357880,294149.0,521921.6,0.5635884776564143,973048896.25,-55.53374233128834,-29.767441860465116,2.4243794470280595,-158.2089552238806,-88.38170564575319,90.81099999999999,-70.58441558441558,https://finance.naver.com/item/main.naver?code=357880
비투엔,KOSDAQ,1317.0,97852158345,-5.88,2.47,-223.0,531.0,0.59188,2726381960.0,-881550300.0,-2064595340.0,,32.68044,IT서비스,1692.0,521.0,0.0082366741,74299285,307870,885270.0,1403096.15,0.6309403671302213,1617680830.9,32.76209677419355,75.6,0.8514840554583519,-41.99623352165725,-32.334071782077075,59.187999999999995,-22.163120567375884,https://finance.naver.com/item/main.naver?code=307870
LB인베스트먼트,KOSDAQ,4210.0,97744576190,7.87,0.77,541.0,5521.0,0.08717,8536884630.0,3435016380.0,3153890210.0,,14.56477,창업투자,7750.0,3600.0,0.0190098831,23217239,309960,19843.0,57254.35,0.34657628634330845,252524757.6,-8.87445887445888,-33.17460317460318,4.6556986499715745,9.798949465676507,40.237352721492734,8.717,-45.67741935483871,https://finance.naver.com/item/main.naver?code=309960
위더스제약,KOSDAQ,7400.0,97677632000,21.01,1.06,376.0,7425.0,0.38575,29072007090.0,1076549230.0,1968271720.0,,46.08491,제약,11950.0,5910.0,0.0084793722,13199680,330350,217920.0,1110309.8,0.19626954567094695,9269070156.25,-9.97566909975669,-15.13761467889908,1.8915378392589166,5.063973063973064,3.7030440542590006,38.574999999999996,-38.07531380753139,https://finance.naver.com/item/main.naver?code=330350
씨씨에스,KOSDAQ,2205.0,97355245995,-9.93,3.56,-222.0,620.0,0.17237,4564175030.0,-737515980.0,-597573300.0,,876.91615,방송과엔터테인먼트,1493.0,1493.0,0.0030755318,44152039,066790,,,,,,,,-35.80645161290323,-16.158801429663843,17.237,47.68921634293368,https://finance.naver.com/item/main.naver?code=066790
한일사료,KOSDAQ,2470.0,97327101950,15.37,0.6,162.0,4159.0,0.35521,119772795030.0,-377176920.0,-229457900.0,,33.27747,식품,5340.0,2000.0,0.0263888517,39403685,005860,2800953.0,809712.6,3.4591940399593635,2063694247.9,-3.32681017612525,-39.90267639902676,11.369572364317907,3.8951671074777594,-0.31491034329250384,35.521,-53.745318352059925,https://finance.naver.com/item/main.naver?code=005860
계양전기,KOSPI,3575.0,97321613675,-2.83,5.22,-1281.0,694.0,13.58827,97434303730.0,-5111010620.0,-6110029000.0,,10.13834,자동차부품,13494.09,1253.901,4.1142e-06,27222829,012200,54069.0,292788.3,0.18466926444806708,1229955513.75,-42.524115755627015,-52.83641160949868,1.045000773596486,-184.58213256484152,-5.2455966988414175,1358.827,-73.50692043702095,https://finance.naver.com/item/main.naver?code=012200
에이럭스,KOSDAQ,7130.0,97145537000,-10.33,2.12,-697.0,3399.0,1.58408,21912577230.0,-1259660480.0,-32710640.0,,10.6218,교육서비스,15650.0,5020.0,0.0145613546,13624900,475580,15710.0,190539.85,0.08244994419802472,1584101571.0,-19.97755331088664,-24.229543039319868,0.21484744529818828,-20.506031185642836,-5.748572916723954,158.408,-54.4408945686901,https://finance.naver.com/item/main.naver?code=475580
NI스틸,KOSPI,3370.0,96382394290,5.13,0.36,673.0,9590.0,0.99082,76242949640.0,7905056990.0,4732064510.0,,7.71583,건축자재,4650.0,2800.0,0.0090535294,28600117,008260,43186.0,158753.6,0.27203162636941774,548122871.0,7.154213036565982,-3.9886039886039892,0.5949471382066296,7.017726798748697,10.368246542566476,99.08200000000001,-27.526881720430108,https://finance.naver.com/item/main.naver?code=008260
다원시스,KOSDAQ,2530.0,96553495610,-0.49,-0.19,-5162.0,-13604.0,-2.2198,-1127637730.0,-22875101590.0,-24972429840.0,,190.12516,기계,6810.0,2015.0,0.0547317318,38163437,068240,,,,,,,,37.9447221405469,2028.5860415472264,-221.98000000000002,-62.84875183553598,https://finance.naver.com/item/main.naver?code=068240
한국수출포장,KOSPI,2875.0,96312330375,-26.53,0.36,-108.0,8011.0,0.3037,77202976110.0,-9728582440.0,889700080.0,,17.48769,포장재,3785.0,2150.0,0.0248150288,33499941,002200,75472.0,53269.05,1.4168076960261164,141363695.45,12.085769980506832,-7.704654895666129,2.5946210792195465,-1.3481462988390962,-12.601304936921814,30.37,-24.04227212681638,https://finance.naver.com/item/main.naver?code=002200
풍국주정,KOSDAQ,7630.0,96138000000,9.37,0.56,812.0,13637.0,0.15117,41862904810.0,4399306250.0,3742772370.0,,-32.42902,화학,13140.0,6500.0,0.0170496032,12600000,023900,3015.0,7790.9,0.3869899498132437,58042790.75,-1.5483870967741953,-20.271682340647857,4.388581550270187,5.954388795189558,10.508841347648469,15.116999999999999,-41.93302891933028,https://finance.naver.com/item/main.naver?code=023900
아남전자,KOSPI,1245.0,96020400900,18.23,0.75,71.0,1735.0,0.80783,67459513000.0,1678007000.0,2175655000.0,,40.05009,전자제품,1938.0,1024.0,0.011165381,77124820,008700,223573.0,230400.55,0.9703666071977693,287149606.0,-3.488372093023251,2.977667493796532,1.530660408579754,4.092219020172911,2.4874282742005565,80.783,-35.758513931888544,https://finance.naver.com/item/main.naver?code=008700
HL D&I,KOSPI,2530.0,95782260530,10.71,0.21,234.0,12211.0,2.50182,445593489410.0,26516343610.0,10550828810.0,,39.04177,건설,4120.0,2110.0,0.0287666203,37858601,014790,41318.0,54305.4,0.7608451461548943,137880725.3,-9.31899641577061,-20.314960629921263,0.8923053692634618,1.916304970927852,5.950792424079103,250.182,-38.59223300970874,https://finance.naver.com/item/main.naver?code=014790
에스와이,KOSDAQ,1959.0,95809596600,-6.59,0.55,-302.0,3640.0,1.27228,152403501400.0,-1013344000.0,-5364618900.0,,7.71583,건축자재,3450.0,1479.0,0.0222117512,48907400,109610,68374.0,158957.95,0.4301389140964638,306536415.85,-15.560344827586203,-27.44444444444445,1.7525075027703867,-8.296703296703296,-0.6649086081955332,127.22800000000001,-43.21739130434783,https://finance.naver.com/item/main.naver?code=109610
모나용평,KOSPI,1987.0,95640932671,-3.03,0.26,-646.0,7586.0,1.76247,34022853450.0,-8194169140.0,-9197844250.0,,15.31862,"호텔,레스토랑,레저",4240.0,1940.0,0.020288622,48133333,070960,15163.0,88323.45,0.17167581202953464,196768903.05,-24.592030360531314,-35.17128874388254,1.1505325029762765,-8.515686791457949,-24.084308954397827,176.24699999999999,-53.136792452830186,https://finance.naver.com/item/main.naver?code=070960
대림제지,KOSDAQ,10850.0,95317250000,14.1,0.34,765.0,32201.0,0.16026,47589284810.0,6235889400.0,6083221000.0,,17.48769,포장재,10990.0,7070.0,0.0346830962,8785000,017650,15231.0,17270.85,0.8818905844240441,182931984.0,23.29545454545454,15.671641791044767,0.8818905844240441,2.37570261793112,13.103557712406817,16.026,-1.273885350318471,https://finance.naver.com/item/main.naver?code=017650
팜스코,KOSPI,2600.0,95492651800,2.19,0.43,1169.0,5917.0,4.45611,433735332760.0,20265044070.0,-3912455620.0,,33.27747,식품,4865.0,2185.0,0.0092264084,36727943,036580,20445.0,66620.9,0.3068856770172724,175267068.5,1.5625,-24.855491329479772,2.4255751573455178,19.756633429102585,4.672214260490812,445.611,-46.557040082219935,https://finance.naver.com/item/main.naver?code=036580
나노,KOSDAQ,3090.0,95298164700,14.26,2.34,229.0,1393.0,1.66415,25950413450.0,582526310.0,383360220.0,,-32.42902,화학,7560.0,1685.0,0.024794631,30840830,187790,177576.0,152190.35,1.1668019687187787,473945340.0,-35.490605427974955,-36.93877551020408,2.515901960932477,16.439339554917446,2.2447669711404923,166.415,-59.12698412698413,https://finance.naver.com/item/main.naver?code=187790
링네트,KOSDAQ,4270.0,95183184880,7.64,0.74,562.0,5843.0,0.53462,57974359780.0,621073390.0,1710662770.0,,32.68044,IT서비스,7400.0,3410.0,0.0537183287,22291144,042500,52160.0,123132.0,0.42361043433063705,536884825.55,0.3525264394829586,15.405405405405403,1.7118539453594517,9.618346739688516,1.0712897776824746,53.461999999999996,-42.2972972972973,https://finance.naver.com/item/main.naver?code=042500
영보화학,KOSPI,4740.0,94800000000,5.49,0.48,863.0,9810.0,0.09647,31828213020.0,5060227260.0,4456935400.0,,-32.42902,화학,5410.0,4260.0,0.52530355,20000000,014440,5007.0,18475.45,0.2710082839660198,86403592.85,3.60655737704918,-0.21052631578947212,0.8171925447012116,8.797145769622833,15.898559107984756,9.647,-12.384473197781887,https://finance.naver.com/item/main.naver?code=014440
청담글로벌,KOSDAQ,4580.0,94773559860,46.61,1.02,93.0,4268.0,0.82187,65904018610.0,1946827650.0,-938213020.0,,20.23581,인터넷과카탈로그소매,9730.0,3290.0,0.0,20692917,362320,1038474.0,65567.2,15.838315499213023,324804727.75,-1.505376344086018,-10.196078431372547,15.838315499213023,2.1790065604498596,2.95403480859147,82.187,-52.92908530318603,https://finance.naver.com/item/main.naver?code=362320
삼기에너지솔루션즈,KOSDAQ,1655.0,94659777200,-8.59,1.49,-194.0,1122.0,2.23662,64308136790.0,3807233130.0,4715563160.0,,10.13834,자동차부품,2465.0,865.0,0.0146929064,57196240,419050,249167.0,2987354.45,0.08340724348930205,5425872950.1,20.276162790697683,3.2439176543979986,0.18014869310201873,-17.290552584670234,5.920297679331972,223.66199999999998,-32.86004056795132,https://finance.naver.com/item/main.naver?code=419050
메드팩토,KOSDAQ,2750.0,94256582750,-7.53,2.1,-374.0,1342.0,0.0702,1049247910.0,-3632237770.0,-3193899910.0,,46.08491,제약,8650.0,2235.0,0.0444149563,34275121,235980,145510.0,100646.85,1.4457481779111814,270613748.4,-23.50486787204451,-45.97249508840865,1.4457481779111814,-27.86885245901639,-346.1753638375129,7.02,-68.20809248554913,https://finance.naver.com/item/main.naver?code=235980
이니텍,KOSDAQ,4280.0,94250158200,25.95,0.61,163.0,6900.0,0.07507,9490066600.0,-431457170.0,6451198010.0,,162.84747,소프트웨어,10050.0,2165.0,0.0193000202,22021065,053350,65727.0,113272.85,0.5802537854393175,461856143.05,65.25096525096525,44.35075885328836,1.103856749432896,2.36231884057971,-4.546408241223513,7.507,-57.41293532338309,https://finance.naver.com/item/main.naver?code=053350
황금에스티,KOSPI,5540.0,94180000000,5.27,0.25,1061.0,22693.0,0.27963,103997412140.0,12362902920.0,12101078170.0,,30.01711,비철금속,6580.0,4915.0,0.0548506471,17000000,032560,12374.0,23683.9,0.5224646278695654,134838183.75,1.279707495429605,-6.418918918918914,0.5246179894358615,4.675450579473846,11.88770245874697,27.962999999999997,-15.805471124620063,https://finance.naver.com/item/main.naver?code=032560
이지케어텍,KOSDAQ,6880.0,93975110240,40.41,2.53,171.0,2727.0,0.38992,20454883180.0,276333870.0,723497900.0,,560.23548,건강관리기술,11810.631,5780.0,0.0107108241,13659173,099750,12161.0,17218.15,0.7062895839564645,115215883.75,-1.2912482065997155,-19.15393654524089,1.7527434712788539,6.270627062706271,1.3509432812121296,38.992,-41.74739690030109,https://finance.naver.com/item/main.naver?code=099750
YTN,KOSDAQ,1971.0,93971327580,-6.38,0.41,-309.0,4834.0,0.49826,32871874490.0,-825867590.0,557869800.0,,876.91615,방송과엔터테인먼트,4900.0,1770.0,0.0062418173,47676980,040300,7417.0,14042.7,0.528174781203045,28249153.0,-18.721649484536083,-40.721804511278194,0.9525945865111409,-6.392221762515515,-2.5123836191673172,49.826,-59.77551020408163,https://finance.naver.com/item/main.naver?code=040300
아미노로직스,KOSDAQ,1066.0,93957583252,26.88,1.68,40.0,638.0,0.53537,8245846300.0,1983553520.0,989990210.0,,46.08491,제약,1940.0,855.0,0.0218575444,88140322,074430,114426.0,172087.85,0.6649278261074213,200245299.15,-13.262815296989427,-23.529411764705888,2.276901013058156,6.269592476489027,24.055184244702694,53.537,-45.051546391752574,https://finance.naver.com/item/main.naver?code=074430
미래컴퍼니,KOSDAQ,10630.0,93734106920,-3.42,0.84,-3154.0,12792.0,0.21031,23340149330.0,4486775600.0,5574473290.0,,16.1175,디스플레이장비및부품,21750.0,8000.0,0.0317942491,8817884,049950,10704.0,40460.1,0.26455693386818124,472086219.75,-10.672268907563021,-35.024449877750605,0.3773841389418217,-24.65603502188868,19.223422852025084,21.031,-51.1264367816092,https://finance.naver.com/item/main.naver?code=049950
큐브엔터,KOSDAQ,6040.0,93889299440,-16.57,0.55,-359.0,10823.0,0.6276,21549455110.0,-2038952870.0,-2667346450.0,,876.91615,방송과엔터테인먼트,16930.0,4520.0,0.0337321303,15544586,182360,23584.0,15035.4,1.5685648536121422,86698985.75,-15.049226441631502,-46.73721340388008,1.705441823962116,-3.317010071144784,-9.461737475922657,62.760000000000005,-64.32368576491434,https://finance.naver.com/item/main.naver?code=182360
오성첨단소재,KOSDAQ,9600.0,93523286400,2.62,0.31,3720.0,30910.0,0.22869,11441072440.0,-2380272080.0,132993609200.0,,16.1175,디스플레이장비및부품,20700.0,6990.0,0.0,9742009,052420,24982.0,45034.15,0.554734573651329,444507036.5,10.854503464203225,582.3027718550106,1.1972691834974125,12.034940148819153,-20.804623801507894,22.869,-53.623188405797094,https://finance.naver.com/item/main.naver?code=052420
아모그린텍,KOSDAQ,5660.0,93371831400,16.08,1.17,357.0,4917.0,1.46853,35784078180.0,1814458780.0,525645820.0,,-32.42902,화학,16750.0,4350.0,0.0740922325,16496790,125210,143779.0,90370.95,1.5909869266617205,513235643.75,-40.23231256599789,-20.056497175141242,1.5909869266617205,7.26052471018914,5.070575720500508,146.85299999999998,-66.2089552238806,https://finance.naver.com/item/main.naver?code=125210
상상인증권,KOSPI,4300.0,93169923200,-15.35,0.46,-275.0,9195.0,7.00305,58667594290.0,2179641990.0,2607396190.0,,8.19324,증권,8910.0,2935.0,0.0,21667424,001290,64202.0,2308630.05,0.027809566110429864,2752036918.5,311.08986615678776,223.30827067669173,1.3667867660303565,-2.990755845568244,3.7152401021010064,700.305,-51.73961840628507,https://finance.naver.com/item/main.naver?code=001290
벽산,KOSPI,1423.0,93007280000,3.48,0.26,407.0,5403.0,0.7922,162600105890.0,9825089090.0,7627545880.0,,7.71583,건축자재,2275.0,1296.0,0.0252451193,65360000,007210,34951.0,79037.75,0.44220641402367855,114521449.85,-14.121907060953532,-24.308510638297875,1.2296908755626268,7.532852119193041,6.042486280203738,79.22,-37.45054945054945,https://finance.naver.com/item/main.naver?code=007210
아이진,KOSDAQ,2150.0,92944035600,-3.67,1.56,-562.0,1322.0,0.30104,1339438540.0,-3948183230.0,-3840839260.0,,-69.92914,생물공학,2805.0,1182.0,0.0169964995,43229784,185490,227392.0,230566.9,0.986230026946626,464337728.85,53.02491103202846,64.3730886850153,0.986230026946626,-42.511346444780635,-294.76404568738184,30.104,-23.351158645276293,https://finance.naver.com/item/main.naver?code=185490
피에스텍,KOSDAQ,5040.0,92842192800,9.19,0.64,559.0,8061.0,0.36001,23333907470.0,1451469080.0,8774574510.0,,-80.94163,전기제품,16990.0,3715.0,0.0817326572,18421070,002230,23102.0,44044.4,0.5245161700465893,228686517.75,-11.733800350262701,-53.76146788990825,1.0600666600067206,6.934623495844187,6.220428712448305,36.001,-70.33549146556798,https://finance.naver.com/item/main.naver?code=002230
금양그린파워,KOSDAQ,7630.0,92471785000,3800.0,0.96,2.0,7927.0,0.73466,84210500820.0,1798513200.0,1170737200.0,,-42.34619,에너지장비및서비스,20200.0,6200.0,0.0117701225,12119500,282720,23058.0,20946.6,1.1007991750451147,158721346.5,-13.19681456200228,-45.226130653266324,2.0114004182062963,0.025230225810521003,2.1357350716204895,73.466,-62.227722772277225,https://finance.naver.com/item/main.naver?code=282720
에프엔에스테크,KOSDAQ,11130.0,92449976010,9.88,1.03,1125.0,10847.0,0.38185,14043472520.0,3759177220.0,3496455510.0,,16.1175,디스플레이장비및부품,24150.0,9550.0,0.1597755556,8306377,083500,37834.0,69653.3,0.5431759873545116,833103494.5,-43.502538071065985,-27.96116504854369,1.2327054138138465,10.371531298976675,26.768145945715144,38.185,-53.91304347826087,https://finance.naver.com/item/main.naver?code=083500
이스트소프트,KOSDAQ,7830.0,92026632060,-4.57,1.62,-1715.0,4825.0,2.09591,29736292420.0,-331500390.0,-1329744300.0,,162.84747,소프트웨어,23350.0,6800.0,0.0369205286,11753082,047560,70435.0,36161.05,1.9478140153563017,281742826.75,-16.613418530351442,-40.90566037735849,1.9478140153563017,-35.5440414507772,-1.1148006796470695,209.591,-66.46680942184155,https://finance.naver.com/item/main.naver?code=047560
티에이치엔,KOSPI,5130.0,92340000000,1.33,0.41,3815.0,12483.0,1.53802,287696640830.0,15499731790.0,13210056250.0,,10.13834,자동차부품,10270.0,4845.0,0.0787630556,18000000,019180,35098.0,105829.95,0.33164524787170363,587999711.0,-30.204081632653057,-31.233243967828418,1.0566479526825818,30.56156372666827,5.387526161335611,153.802,-50.04868549172347,https://finance.naver.com/item/main.naver?code=019180
아비코전자,KOSDAQ,6910.0,91854173940,9.82,0.8,716.0,8782.0,0.30731,37302215890.0,4025788430.0,4478636810.0,,-80.94163,전기제품,14260.0,4360.0,0.1981351145,13292934,036010,102895.0,155259.7,0.6627283190679873,1109195401.75,-44.852354349561054,-15.11056511056511,0.7004650917140764,8.153040309724437,10.79235732770298,30.731,-51.54277699859748,https://finance.naver.com/item/main.naver?code=036010
오상헬스케어,KOSDAQ,6410.0,91723356560,28.14,0.31,226.0,20439.0,0.22283,19136783670.0,-8083381930.0,-4270745470.0,,-33.30868,생명과학도구및서비스,16880.0,5200.0,0.0110492979,14309416,036220,3902.0,12564.55,0.31055628733221646,86180430.75,-4.470938897168408,-37.8875968992248,0.8602775268513397,1.1057292431136554,-42.24002355564069,22.283,-62.026066350710906,https://finance.naver.com/item/main.naver?code=036220
웹케시,KOSDAQ,7050.0,91328773800,7.11,0.79,984.0,8851.0,0.19185,20326789990.0,3336009470.0,2782869680.0,,162.84747,소프트웨어,14530.0,5700.0,0.0261000942,12954436,053580,2057.0,18158.4,0.11328090580667899,129451408.25,4.754829123328386,-16.46919431279621,0.832562340294299,11.117387865777879,16.411885357408565,19.185,-51.4796971782519,https://finance.naver.com/item/main.naver?code=053580
컴퍼니케이,KOSDAQ,5860.0,91474600000,12.65,1.12,464.0,5253.0,0.06709,1045860130.0,-3982193720.0,-3151751160.0,,14.56477,창업투자,11100.0,4815.0,0.0130632928,15610000,307930,12481.0,70096.05,0.1780556821675401,448794645.0,-18.15642458100558,-15.56195965417867,1.4762458084300043,8.833047782219685,-380.75777111801744,6.709,-47.207207207207205,https://finance.naver.com/item/main.naver?code=307930
웨이비스,KOSDAQ,6940.0,91254129400,49.79,1.74,143.0,4091.0,0.47586,7749337870.0,-707458950.0,43323756980.0,,41.50419,우주항공과국방,24650.0,5630.0,0.0770177375,13149010,289930,26155.0,56703.3,0.46126063209725005,388326186.25,-37.023593466424686,-59.930715935334874,0.9765392843097315,3.495477878269372,-9.129282551207178,47.586,-71.84584178498984,https://finance.naver.com/item/main.naver?code=289930
정상제이엘에스,KOSDAQ,5810.0,91086577120,13.09,1.04,444.0,5585.0,0.29033,24890996790.0,2628889080.0,2844648770.0,,10.6218,교육서비스,6850.0,5530.0,0.0454887345,15677552,040420,6701.0,12817.65,0.5227947400654567,74369064.0,0.6932409012131657,1.043478260869568,2.609682742156324,7.949865711727842,10.561606279488817,29.032999999999998,-15.182481751824817,https://finance.naver.com/item/main.naver?code=040420
스모트로닉,KOSDAQ,2355.0,91086541635,-8.62,1.17,-275.0,2034.0,2.06868,105230489990.0,3035466720.0,3063978460.0,,10.13834,자동차부품,4200.0,1777.0,0.0238818839,38677937,066590,107981.0,105653.8,1.022026656873676,272893316.45,4.434589800443467,-16.784452296819786,1.6244470146838068,-13.52015732546706,2.8845886019236997,206.868,-43.92857142857143,https://finance.naver.com/item/main.naver?code=066590
알파칩스,KOSDAQ,13580.0,90466456360,-43.54,1.64,-240.0,6356.0,0.69577,20999360860.0,-1157748980.0,-860215960.0,,33.00285,반도체와반도체장비,21300.0,6180.0,0.0076149752,6661742,117670,370766.0,24933.0,14.870492921028356,226694353.5,10.316815597075557,-20.211515863689776,14.870492921028356,-3.775959723096287,-5.5132581782777175,69.577,-36.244131455399064,https://finance.naver.com/item/main.naver?code=117670
서원인텍,KOSDAQ,4845.0,90117000000,13.84,0.43,354.0,11528.0,0.15229,43656330250.0,1245789690.0,2532681740.0,,96.79463,핸드셋,5750.0,4500.0,0.0362004301,18600000,093920,17030.0,8080.8,2.1074646074646073,39209233.5,-0.9202453987730008,-4.625984251968507,2.1074646074646073,3.070784177654407,2.8536289762926192,15.229000000000001,-15.739130434782611,https://finance.naver.com/item/main.naver?code=093920
엑셈,KOSDAQ,1333.0,90029985542,14.51,0.78,92.0,1717.0,0.10588,12644149490.0,2587951570.0,15045258190.0,,162.84747,소프트웨어,2590.0,1250.0,0.0647864755,67539374,205100,270889.0,399033.6,0.6788626321192001,554796724.3,-15.041427660930529,-26.958904109589042,0.6788626321192001,5.358182877111241,20.46758124812395,10.588000000000001,-48.53281853281853,https://finance.naver.com/item/main.naver?code=205100
위드텍,KOSDAQ,9200.0,89917120000,14.16,0.72,659.0,12943.0,0.27279,18301939470.0,2648170660.0,3383250170.0,,33.00285,반도체와반도체장비,12670.0,6700.0,0.0210938651,9773600,348350,13842.0,14090.65,0.9823535465006937,137551435.5,6.235565819861422,-3.46274921301154,0.9823535465006937,5.09155528084679,14.469344433909878,27.278999999999996,-27.387529597474348,https://finance.naver.com/item/main.naver?code=348350
야스,KOSDAQ,6870.0,89708460000,-15.11,0.62,-460.0,11182.0,0.61056,87220392860.0,28015616950.0,28398333930.0,,16.1175,디스플레이장비및부품,13450.0,3650.0,0.0549506816,13058000,255440,74124.0,183310.45,0.4043631991520396,1391405491.5,-13.693467336683419,-33.751205400192866,0.5133586219443572,-4.113754247898408,32.12048929310452,61.056,-48.921933085501855,https://finance.naver.com/item/main.naver?code=255440
미투온,KOSDAQ,2740.0,89663009240,108.4,0.59,25.0,4588.0,0.066,24851428530.0,4765416320.0,4339822010.0,,17.67293,게임엔터테인먼트,6900.0,1738.0,0.0210098019,32723726,201490,477407.0,1801005.9,0.2650779767017976,4749983129.35,16.348195329087044,-17.220543806646525,2.9636354883679172,0.5448997384481256,19.1756233016839,6.6000000000000005,-60.28985507246376,https://finance.naver.com/item/main.naver?code=201490
아진산업,KOSDAQ,2310.0,89643204420,3.86,0.26,598.0,8952.0,3.48987,222117996370.0,5899713850.0,-2584248450.0,,10.13834,자동차부품,4895.0,2250.0,0.0322374694,38806582,013310,100801.0,128085.8,0.7869802897745105,317215996.5,-26.433121019108285,-26.198083067092647,0.9726448989661617,6.680071492403932,2.6561169947582126,348.98699999999997,-52.80898876404494,https://finance.naver.com/item/main.naver?code=013310
KTcs,KOSPI,2160.0,89433612000,3.53,0.39,616.0,5605.0,0.88871,238407515950.0,9655374110.0,7601425530.0,,15.3479,상업서비스와공급품,3195.0,2040.0,0.0623316093,41404450,058850,28769.0,67982.95,0.42317963548213194,150017064.25,-10.559006211180122,-17.714285714285715,1.0225063784375348,10.990187332738627,4.049945351565583,88.871,-32.3943661971831,https://finance.naver.com/item/main.naver?code=058850
로스웰,KOSDAQ,1936.0,89113510816,,,,,1.15542,234198078000.0,5825487000.0,7325102000.0,,-335.21939,통신장비,2145.0,857.0,0.5762106541,46029706,900260,14293.0,18716.6,0.7636536550441855,34032107.45,17.90499390986602,15.858767205266311,9.77207398779693,,2.487418790857882,115.54199999999999,-9.743589743589743,https://finance.naver.com/item/main.naver?code=900260
우리넷,KOSDAQ,8300.0,89592623600,22.66,0.87,354.0,9217.0,0.39201,22420023220.0,504853200.0,711617260.0,,-335.21939,통신장비,21350.0,5290.0,0.0450068425,10794292,115440,2566641.0,201580.3,12.732598373948248,1658193417.0,-19.33916423712342,19.76911976911977,12.732598373948248,3.840729087555604,2.2517960621452024,39.201,-61.124121779859486,https://finance.naver.com/item/main.naver?code=115440
KTis,KOSPI,2555.0,88919110000,2.15,0.33,1188.0,7801.0,0.85489,155355530000.0,7127065030.0,5790447010.0,,15.3479,상업서비스와공급품,3210.0,2370.0,0.0664382219,34802000,058860,12508.0,44242.45,0.28271490389885734,112593389.45,-3.5849056603773577,-9.557522123893802,1.0529254143927382,15.228816818356622,4.587583737765884,85.489,-20.40498442367601,https://finance.naver.com/item/main.naver?code=058860
CMG제약,KOSDAQ,600.0,88874133600,-8.64,0.44,-70.0,1363.0,0.56664,28258871010.0,-2950628480.0,2131949380.0,,46.08491,제약,2205.0,526.0,0.064115771,148123556,058820,351800.0,1422873.75,0.247246110204788,879793334.45,-47.32221246707638,-66.66666666666667,0.9130374356825404,-5.135730007336757,-10.441423788501167,56.664,-72.7891156462585,https://finance.naver.com/item/main.naver?code=058820
삼아제약,KOSDAQ,13950.0,88861500000,6.56,0.37,2120.0,37375.0,0.08766,18779042200.0,1869015190.0,4351469950.0,,46.08491,제약,17480.0,11950.0,0.0281172684,6370000,009300,2331.0,2634.65,0.8847474996678876,36280187.0,0.8676789587852562,-11.315956770502222,0.8847474996678876,5.672240802675585,9.95266515775762,8.766,-20.194508009153324,https://finance.naver.com/item/main.naver?code=009300
지아이에스,KOSDAQ,1850.0,88693040400,-19.21,1.78,-95.0,1025.0,2.26002,34006796210.0,2580414850.0,-879849590.0,,33.00285,반도체와반도체장비,4140.0,1260.0,0.0202635741,47942184,306620,778636.0,374696.0,2.0780472703204733,699251805.5,-26.877470355731226,-33.92857142857143,2.0780472703204733,-9.268292682926829,7.587938699268607,226.00199999999998,-55.31400966183575,https://finance.naver.com/item/main.naver?code=306620
삼원강재,KOSPI,2230.0,88620101880,8.31,0.34,269.0,6511.0,0.20096,93327024340.0,2599678370.0,4324189060.0,,10.13834,자동차부품,2530.0,2050.0,0.0074010399,39739956,023000,5852.0,32435.55,0.1804193238591607,71913273.45,0.45045045045044585,-4.700854700854706,1.2002879556535961,4.1314698203041,2.785557975714626,20.096,-11.857707509881422,https://finance.naver.com/item/main.naver?code=023000
디앤씨미디어,KOSDAQ,7130.0,88501773830,10.72,0.9,642.0,7665.0,0.17159,15935034930.0,2249569130.0,2164972820.0,,2.29485,출판,16800.0,5780.0,0.0168897855,12412591,263720,7042.0,8783.05,0.801771594150096,63636508.25,-21.475770925110126,-38.903170522707796,0.9651544736737239,8.37573385518591,14.11712707177605,17.159,-57.5595238095238,https://finance.naver.com/item/main.naver?code=263720
제이씨케미칼,KOSDAQ,3970.0,88403221580,-22.21,0.61,-183.0,6691.0,1.79457,142806357960.0,11454819130.0,8754915130.0,,-42.34619,에너지장비및서비스,6480.0,2400.0,0.0469399466,22267814,137950,89168.0,102955.35,0.866084181152315,381489711.4,31.674958540630183,12.784090909090917,1.2505615298282216,-2.7350171872664775,8.02122489056719,179.457,-38.73456790123457,https://finance.naver.com/item/main.naver?code=137950
삼영엠텍,KOSDAQ,6790.0,88270000000,10.11,1.09,666.0,6172.0,1.29837,131393130950.0,3176195380.0,1459936440.0,,21.13778,조선,22800.0,5160.0,0.0561811538,13000000,054540,115213.0,76407.45,1.5078765225118755,505705894.25,-29.417879417879423,-42.79696714406066,1.5078765225118755,10.790667530784187,2.4173222428261196,129.837,-70.21929824561404,https://finance.naver.com/item/main.naver?code=054540
크레버스,KOSDAQ,8580.0,87843584400,12.24,1.54,702.0,5570.0,2.6762,55501418480.0,2394474400.0,2918957390.0,,10.6218,교육서비스,14310.0,7900.0,0.0282180036,10238180,096240,3733.0,10189.9,0.3663431437011158,86940494.5,-10.062893081761004,-25.0,0.9585962570780872,12.603231597845602,4.314258023626643,267.62,-40.041928721174,https://finance.naver.com/item/main.naver?code=096240
에스트래픽,KOSDAQ,3220.0,87609051600,17.78,0.85,180.0,3783.0,0.82576,18799815570.0,-2708230140.0,-2521649660.0,,32.68044,IT서비스,4170.0,2510.0,0.023892688,27207780,234300,175724.0,119271.7,1.4733084210252725,362807936.8,5.921052631578938,-5.571847507331373,1.7410249036443683,4.758128469468676,-14.405620788757556,82.57600000000001,-22.781774580335735,https://finance.naver.com/item/main.naver?code=234300
와이제이링크,KOSDAQ,3085.0,87747105410,-28.72,1.2,-109.0,2619.0,0.77603,18494846870.0,2471663490.0,3192233390.0,,253.27647,전자장비와기기,10350.0,2390.0,0.0461513646,28443146,209640,36442.0,105288.55,0.34611550828651355,353831086.6,-36.12836438923396,-16.282225237449122,0.9248299079054655,-4.161893852615503,13.364065717187525,77.603,-70.19323671497584,https://finance.naver.com/item/main.naver?code=209640
광무,KOSDAQ,1459.0,87130213588,-2.89,0.43,-516.0,3491.0,0.15516,951639250.0,-890669240.0,13443361440.0,,32.68044,IT서비스,3130.0,1171.0,0.0093456315,59719132,029480,47377.0,126226.35,0.3753336763678899,191692920.4,-5.074821080026027,-40.204918032786885,1.7158303317809633,-14.7808650816385,-93.59315938261268,15.516,-53.38658146964856,https://finance.naver.com/item/main.naver?code=029480
엑세스바이오,KOSDAQ,2475.0,87055239150,,,,,0.14797,9535889000.0,-23636652000.0,-37956505000.0,,-33.30868,생명과학도구및서비스,5280.0,1945.0,0.0494558256,35173834,950130,43756.0,176731.35,0.2475848229530301,439834359.3,-10.971223021582732,-17.774086378737543,0.6707242376635497,,-247.8704607404721,14.796999999999999,-53.125,https://finance.naver.com/item/main.naver?code=950130
동일산업,KOSPI,35850.0,86943957750,-6.03,0.19,-6009.0,189781.0,0.14376,103121421800.0,8049509870.0,10999171280.0,,44.69235,철강,42150.0,32000.0,0.039699573,2425215,004890,331.0,1189.25,0.27832667647677106,42776175.0,-1.375515818431916,-5.657894736842106,0.27832667647677106,-3.1662811345709003,7.805856173716953,14.376,-14.946619217081846,https://finance.naver.com/item/main.naver?code=004890
동방,KOSPI,1797.0,86205263502,5.02,0.49,360.0,3677.0,2.89537,242037009930.0,5284654290.0,1368195450.0,,8.54764,항공화물운송과물류,3315.0,1617.0,0.0484443287,47971766,004140,68118.0,112811.7,0.6038203484213074,206294058.7,-12.978208232445521,-33.690036900369,1.001323444288137,9.790590155017677,2.183407525786402,289.53700000000003,-45.79185520361991,https://finance.naver.com/item/main.naver?code=004140
차AI헬스케어,KOSPI,4725.0,86013772425,26.33,1.15,181.0,4147.0,0.50221,2908602220.0,-1134111230.0,10401453950.0,,42.91369,화장품,19780.0,3795.0,0.0021734816,18203973,025620,6235.0,8153.65,0.7646882071219638,40168490.3,-27.641653905053598,-50.626959247648905,1.3381737013484758,4.364600916325054,-38.9916236122518,50.221000000000004,-76.11223458038423,https://finance.naver.com/item/main.naver?code=025620
창해에탄올,KOSDAQ,9350.0,85934774750,5.34,0.5,1749.0,18768.0,0.32873,31100200620.0,4426211000.0,3463682300.0,,16.97499,음료,13460.0,8770.0,0.0196668765,9190885,004650,9247.0,15503.5,0.5964459638146226,144905838.25,0.9719222462202914,-1.6824395373291279,2.137452833231206,9.319053708439897,14.232097902138872,32.873000000000005,-30.534918276374444,https://finance.naver.com/item/main.naver?code=004650
에이치피오,KOSDAQ,2080.0,85890430080,10.12,0.56,204.0,3681.0,0.39154,78492968840.0,3896301660.0,2387171880.0,,-10.66193,건강관리업체및서비스,3295.0,1926.0,0.0104014494,41293476,357230,15584.0,28872.85,0.5397458165716236,62030130.25,-10.344827586206895,-12.78825995807128,1.2639902191851515,5.541972290138549,4.963886215008912,39.153999999999996,-36.87405159332322,https://finance.naver.com/item/main.naver?code=357230
LS티라유텍,KOSDAQ,3995.0,85876943470,-10.13,1.28,-398.0,3141.0,0.59787,16789687290.0,-2646097400.0,-6798073730.0,,32.68044,IT서비스,11660.0,3270.0,0.0274065452,21496106,322180,47854.0,75149.0,0.6367882473486007,316339366.5,-27.888086642599276,-49.17302798982188,0.9531863364781966,-12.671123845908946,-15.76025422210231,59.787,-65.73756432246998,https://finance.naver.com/item/main.naver?code=322180
한신기계,KOSPI,2645.0,85820069395,-188.57,0.98,-14.0,2703.0,0.37041,14349599290.0,1118382300.0,2147015550.0,,190.12516,기계,5910.0,1767.0,0.0634477723,32446151,011700,225999.0,290151.6,0.778899720008437,753657664.4,-9.726962457337883,-39.680729760547315,8.799903223004803,-0.5179430262671105,7.79382251307451,37.041000000000004,-55.24534686971235,https://finance.naver.com/item/main.naver?code=011700
크레오에스지,KOSDAQ,4315.0,85679485740,-9.82,1.78,-440.0,2430.0,0.92222,3181067640.0,-136726310.0,1783638390.0,,32.68044,IT서비스,12800.0,1180.0,0.0,19856196,040350,56370.0,126010.3,0.4473443837527567,684866297.65,-52.05555555555556,462.5814863102999,1.7066462027310465,-18.106995884773664,-4.298126461718368,92.22200000000001,-66.2890625,https://finance.naver.com/item/main.naver?code=040350
스톤브릿지벤처스,KOSDAQ,4685.0,85350533550,7.57,0.9,637.0,5362.0,0.20075,15995221330.0,1726190000.0,583869040.0,,14.56477,창업투자,7270.0,4000.0,0.0203033512,18217830,330730,41385.0,34027.35,1.2162275346155373,164839187.3,-10.076775431861806,-19.91452991452991,2.2247104167676883,11.879895561357703,10.79191068623994,20.075000000000003,-35.557083906464925,https://finance.naver.com/item/main.naver?code=330730
동신건설,KOSDAQ,10160.0,85344000000,566.11,0.88,18.0,11585.0,0.10986,9753076410.0,-573146780.0,234016920.0,,39.04177,건설,30200.0,8170.0,0.0086209524,8400000,025950,22992.0,36081.85,0.6372178810121987,393197160.0,-20.99533437013997,-35.89905362776026,0.9031410529116439,0.15537332757876565,-5.8765742818578,10.986,-66.35761589403974,https://finance.naver.com/item/main.naver?code=025950
로젠,KOSDAQ,1520.0,85357577520,3.8,0.2,400.0,7584.0,1.40182,190148236920.0,2880726320.0,-1811518190.0,,8.54764,항공화물운송과물류,2485.0,1390.0,0.0,56156301,033290,10893.0,25901.75,0.4205507349889486,39807170.95,-7.542579075425793,-23.115832068791097,0.4906618278687733,5.274261603375527,1.5149897609684342,140.18200000000002,-38.83299798792756,https://finance.naver.com/item/main.naver?code=033290
중앙백신,KOSDAQ,9210.0,85254953010,14.07,0.81,656.0,11383.0,0.16097,11901478580.0,1143505640.0,1288899450.0,,46.08491,제약,10350.0,8560.0,0.0252233471,9256781,072020,1920.0,6725.55,0.2854785110511408,62418221.25,-4.756980351602891,-0.21668472372697867,1.784984127692159,5.762979882280594,9.608097282312631,16.097,-11.014492753623184,https://finance.naver.com/item/main.naver?code=072020
뉴로핏,KOSDAQ,6970.0,85026096020,-3.03,4.17,-2302.0,1672.0,0.41928,782420640.0,-5232362280.0,-5659902660.0,,560.23548,건강관리기술,36700.0,5480.0,0.0660818801,12198866,380550,26886.0,40796.1,0.6590335840925972,319129647.5,-47.39622641509435,-70.836820083682,1.4062128487772116,-137.6794258373206,-668.7403185069351,41.928,-81.00817438692098,https://finance.naver.com/item/main.naver?code=380550
한일철강,KOSPI,3185.0,85031410100,-138.48,0.47,-23.0,6789.0,1.22891,61757186190.0,2856034840.0,1709279860.0,,44.69235,철강,6470.0,2330.0,0.015993469,26697460,002220,113003.0,220179.55,0.5132311334090746,695008126.35,-37.42632612966601,-20.869565217391305,0.6240815734249616,-0.33878332596847843,4.624619443012224,122.89099999999999,-50.772797527047906,https://finance.naver.com/item/main.naver?code=002220
선진뷰티사이언스,KOSDAQ,6940.0,84690763200,14.09,0.99,496.0,7045.0,0.98075,23572034610.0,1676131380.0,2310684060.0,,42.91369,화장품,11880.0,6000.0,0.0153817662,12203280,086710,8586.0,17749.0,0.4837455631303172,138184151.25,-13.249999999999995,-23.059866962305986,0.9278269198264691,7.0404542228530875,7.1106775793080335,98.075,-41.582491582491585,https://finance.naver.com/item/main.naver?code=086710
사조오양,KOSPI,8970.0,84521968830,7.94,0.34,1123.0,26231.0,0.76506,92117106930.0,475656990.0,2150486800.0,,33.27747,식품,10530.0,7550.0,0.0410528191,9422739,006090,3903.0,7935.35,0.4918497608801124,71053223.0,11.014851485148514,8.202653799758753,0.8307132010560341,4.281194007090846,0.5163611905022732,76.506,-14.814814814814813,https://finance.naver.com/item/main.naver?code=006090
로보로보,KOSDAQ,4150.0,84446084100,-62.99,2.87,-67.0,1469.0,0.08501,2218118040.0,-1207454900.0,-1318931080.0,,10.6218,교육서비스,15300.0,3135.0,0.0210093602,20348454,215100,51893.0,101799.45,0.509757174523045,431746523.3,-18.9453125,-46.382428940568474,1.1316367622811323,-4.560925799863853,-54.43600738218603,8.501,-72.87581699346406,https://finance.naver.com/item/main.naver?code=215100
빅텍,KOSDAQ,2860.0,84357996580,18.54,1.35,154.0,2116.0,1.03558,22574277310.0,624364990.0,-567383410.0,,41.50419,우주항공과국방,7050.0,2500.0,0.0273886085,29495803,065450,463813.0,305154.5,1.5199284296970879,868136762.6,-19.2090395480226,-51.36054421768708,1.5199284296970879,7.277882797731569,2.7658249317395316,103.55799999999999,-59.432624113475185,https://finance.naver.com/item/main.naver?code=065450
코아시아,KOSDAQ,3205.0,84339177580,-5.62,1.02,-565.0,3100.0,2.28908,132073290990.0,-3037150120.0,-3352006170.0,,96.79463,핸드셋,7850.0,1706.0,0.0529405497,26314876,045970,55713.0,109507.45,0.5087599062894808,349518315.4,-16.861219195849543,-36.785009861932934,0.606232726631841,-18.225806451612904,-2.2995944882072785,228.908,-59.17197452229299,https://finance.naver.com/item/main.naver?code=045970
엠엑스로보틱스,KOSDAQ,3615.0,84314159685,-8.67,1.34,-415.0,2686.0,1.29536,28732580760.0,-1474402480.0,-847738810.0,,190.12516,기계,7580.0,2475.0,0.0274753457,23323419,007820,234813.0,2282507.75,0.10287500666755676,11021260751.85,2.991452991452981,-29.39453125,0.11156369567638927,-15.45048399106478,-5.131465538426629,129.536,-52.30870712401055,https://finance.naver.com/item/main.naver?code=007820
케이엔에스,KOSDAQ,9600.0,84206937600,-78.58,1.56,-127.0,6412.0,0.80635,17233778850.0,1716276410.0,-21122340.0,,-80.94163,전기제품,20400.0,5920.0,0.0074813408,8771556,432470,63982.0,445299.7,0.1436830071971753,4464689269.0,0.9463722397476282,-38.61892583120204,1.6361452747441778,-1.9806612601372424,9.958793279977595,80.635,-52.94117647058824,https://finance.naver.com/item/main.naver?code=432470
샌즈랩,KOSDAQ,5510.0,84124685380,-117.92,1.2,-36.0,3538.0,0.07444,1547288390.0,-866481110.0,-1861279100.0,,162.84747,소프트웨어,10360.0,2965.0,0.0168090834,15267638,411080,1742826.0,155206.8,11.229056974307827,700721882.2,4.554079696394697,-9.523809523809524,11.229056974307827,-1.0175240248728095,-55.999974898021435,7.444000000000001,-46.81467181467182,https://finance.naver.com/item/main.naver?code=411080
아주스틸,KOSPI,2170.0,84099248380,-2.03,0.58,-1092.0,3813.0,7.09948,294487892270.0,1057025560.0,-8769055060.0,,44.69235,철강,4545.0,1955.0,0.147586425,38755414,139990,8255.0,25267.5,0.32670426437122785,57068731.5,-10.882956878850102,-27.058823529411768,0.9433066191748293,-28.638867033831627,0.3589368485923593,709.948,-52.255225522552266,https://finance.naver.com/item/main.naver?code=139990
에코플라스틱,KOSDAQ,2040.0,83985514800,41.4,0.24,50.0,8738.0,3.81505,633464444000.0,25880097000.0,18041575000.0,,10.13834,자동차부품,5180.0,1641.0,0.0188520009,41169370,038110,516244.0,144823.6,3.56464001723476,290592951.0,-12.06896551724138,-31.658291457286435,3.56464001723476,0.5722133211261158,4.085485340989399,381.505,-60.61776061776062,https://finance.naver.com/item/main.naver?code=038110
셀루메드,KOSDAQ,1009.0,83975227728,-24.61,6.59,-41.0,153.0,1.82949,30813927150.0,1564142100.0,2630369000.0,,39.04177,건설,2975.0,650.0,0.0170585361,83226192,049180,,,,,,,,-26.797385620915033,5.076088135036692,182.949,-66.08403361344537,https://finance.naver.com/item/main.naver?code=049180
에이치엔에스하이텍,KOSDAQ,10900.0,83771132500,8.93,0.76,1216.0,14317.0,0.16071,22825812730.0,1967339640.0,1532525250.0,,253.27647,전자장비와기기,24200.0,8500.0,0.0253665868,7685425,044990,5621.0,10269.3,0.5473596058153916,118184247.5,-24.51523545706371,-29.632020658489346,1.8556279395869242,8.493399455193128,8.618924825464473,16.070999999999998,-54.95867768595042,https://finance.naver.com/item/main.naver?code=044990
엔지켐생명과학,KOSDAQ,990.0,83793832650,-4.23,0.54,-234.0,1837.0,0.13086,23543043250.0,-4068322970.0,-2762954100.0,,46.08491,제약,1766.0,966.0,0.0282302028,84640235,183490,,,,,,,,-12.738160043549266,-17.280361450298063,13.086,-43.94110985277463,https://finance.naver.com/item/main.naver?code=183490
MDS테크,KOSDAQ,1967.0,83653893890,9.04,0.55,220.0,3618.0,0.41784,57637262850.0,4200330460.0,6597444240.0,,162.84747,소프트웨어,4554.081,1550.0,0.025880894,42528670,086960,88559.0,184449.15,0.48012690760570054,368787172.75,-21.319999999999993,61.75986842105263,0.7348529391433899,6.0807075732448865,7.287525903045203,41.784,-56.80797069705172,https://finance.naver.com/item/main.naver?code=086960
인트론바이오,KOSDAQ,2695.0,83253287810,-9.45,1.21,-283.0,2210.0,0.09971,2034765640.0,-1636052820.0,-2258879680.0,,-33.30868,생명과학도구및서비스,7010.0,2250.0,0.0230508086,30891758,048530,23989.0,78342.85,0.3062053524986645,216192688.45,-4.6017699115044275,-58.21705426356589,0.7687619227536399,-12.805429864253393,-80.40497577893049,9.971,-61.5549215406562,https://finance.naver.com/item/main.naver?code=048530
대봉엘에스,KOSDAQ,7530.0,83481939870,8.24,0.59,919.0,12898.0,0.57489,33650372440.0,3670051140.0,1808261560.0,,46.08491,제약,13890.0,6780.0,0.0513924088,11086579,078140,11592.0,14951.2,0.7753223821499278,120287847.25,-14.139110604332949,-31.545454545454543,1.2059232703729466,7.12513567995038,10.906420565014109,57.489000000000004,-45.78833693304536,https://finance.naver.com/item/main.naver?code=078140
한국파마,KOSDAQ,7620.0,83109061620,-31.69,1.22,-242.0,6307.0,0.77279,25905813720.0,2164976320.0,1323286350.0,,46.08491,제약,14950.0,6350.0,0.0182725281,10906701,032300,2944.0,9251.7,0.3182117881038079,72641095.75,-15.333333333333332,-40.188383045525896,4.0148297069727725,-3.8370065007134926,8.357106028013236,77.279,-49.03010033444816,https://finance.naver.com/item/main.naver?code=032300
제너셈,KOSDAQ,6310.0,83000231910,88.87,1.65,71.0,3826.0,0.97366,23289263740.0,4174121880.0,1102029180.0,,33.00285,반도체와반도체장비,9670.0,3965.0,0.0531966485,13153761,217190,61888.0,356013.1,0.1738362998440226,2435166132.5,5.166666666666675,1.284109149277679,6.01755665732525,1.8557239937271301,17.922944780907017,97.366,-34.74663908996898,https://finance.naver.com/item/main.naver?code=217190
KNN,KOSDAQ,6240.0,82636145280,7.29,0.36,850.0,17200.0,0.07185,14150855230.0,983652090.0,18915826880.0,,876.91615,방송과엔터테인먼트,8950.0,4415.0,0.0,13242972,058400,12215.0,14501.45,0.8423295601474335,83878524.0,919.6078431372548,743.2432432432431,1.618389885149416,4.941860465116279,6.951184744754116,7.185,-30.279329608938543,https://finance.naver.com/item/main.naver?code=058400
하이로닉,KOSDAQ,4805.0,82641416030,22.28,1.1,215.0,4348.0,0.11652,10798088920.0,1098768970.0,772283200.0,,-32.03035,건강관리장비와용품,9510.0,3770.0,0.0124780177,17199046,149980,20690.0,23402.65,0.8840879131209499,117305048.85,-10.521415270018618,-34.178082191780824,3.574851565955137,4.944802207911684,10.175587348284218,11.652,-49.47423764458465,https://finance.naver.com/item/main.naver?code=149980
파워넷,KOSDAQ,3250.0,82917224000,4.98,0.54,652.0,6040.0,0.79468,104243907940.0,6900411980.0,373905620.0,,-80.94163,전기제품,10400.0,2420.0,0.0751816957,25512992,037030,201909.0,230916.2,0.8743821351641851,783602935.8,-42.273534635879216,18.181818181818187,1.972616039931369,10.794701986754966,6.619487043762493,79.468,-68.75,https://finance.naver.com/item/main.naver?code=037030
HLB글로벌,KOSPI,1631.0,82632176655,-10.93,1.12,-150.0,1457.0,0.58548,31163761420.0,-874926340.0,-1637026760.0,,-17.01316,판매업체,3230.0,1000.0,0.0193684981,50663505,003580,29657.0,117575.85,0.2522371728547997,190662319.65,-0.6699147381242332,-16.78571428571428,1.1776312907795266,-10.29512697323267,-2.807511995129374,58.548,-49.50464396284829,https://finance.naver.com/item/main.naver?code=003580
누리플렉스,KOSDAQ,6940.0,82470455940,-12.23,1.13,-578.0,6261.0,1.10051,25251323970.0,-88624730.0,4907473460.0,,32.68044,IT서비스,19350.0,2855.0,0.2822253588,11883351,040160,24478.0,26678.9,0.9175040949964204,172285145.0,-23.903508771929825,-24.972972972972972,0.9175040949964204,-9.231752116275356,-0.3509706267492793,110.05100000000002,-64.1343669250646,https://finance.naver.com/item/main.naver?code=040160
SBI인베스트먼트,KOSDAQ,1024.0,82496485376,8.84,0.56,116.0,1824.0,0.04017,5213371780.0,2618345490.0,2547293360.0,,14.56477,창업투자,1922.0,820.0,0.0602141128,80562974,019550,88575.0,197072.25,0.44945445134969536,202956901.55,1.7892644135188762,44.83734087694484,1.349916084075764,6.359649122807018,50.22364796703604,4.0169999999999995,-46.722164412070754,https://finance.naver.com/item/main.naver?code=019550
조흥,KOSPI,137200.0,82320000000,10.19,0.54,13470.0,252447.0,2.38765,126187444570.0,5626706310.0,1160225530.0,,33.27747,식품,164400.0,132300.0,0.00036,600000,002600,15.0,25.25,0.594059405940594,3488245.0,-0.8670520231213841,-11.426726920593932,6.930693069306931,5.335773449476524,4.459006463894825,238.765,-16.545012165450125,https://finance.naver.com/item/main.naver?code=002600
중앙에너비스,KOSDAQ,13200.0,82198116000,-53.77,1.16,-252.0,11730.0,0.07911,14951404380.0,-966820860.0,-837016320.0,,-146.37102,석유와가스,38000.0,11170.0,0.0304811366,6227130,000440,280969.0,91751.85,3.062270679010832,1240209488.75,-13.725490196078427,-54.71698113207547,12.133869780282359,-2.1483375959079285,-6.466421718171735,7.911,-65.26315789473685,https://finance.naver.com/item/main.naver?code=000440
KT밀리의서재,KOSDAQ,9590.0,82145916510,5.16,0.94,1847.0,10150.0,0.29167,23845799800.0,3392419860.0,2717703690.0,,2.29485,출판,16050.0,9090.0,0.0744643605,8565789,418470,19218.0,34185.5,0.5621681707156543,328536077.75,-11.121408711770153,-23.157051282051277,0.8236240511327902,18.19704433497537,14.226488054302964,29.166999999999998,-40.24922118380062,https://finance.naver.com/item/main.naver?code=418470
남화토건,KOSDAQ,7000.0,82180000000,7.53,0.48,931.0,14580.0,0.12774,18613422450.0,49918950.0,709347630.0,,39.04177,건설,12190.0,3200.0,0.0075258944,11740000,091590,200846.0,1549761.6,0.12959799752426437,11047070543.0,98.01980198019803,92.83746556473828,0.8955267700528906,6.385459533607682,0.2681879172628997,12.774,-42.57588187038556,https://finance.naver.com/item/main.naver?code=091590
오스테오닉,KOSDAQ,3975.0,82129863975,10.72,1.19,374.0,3363.0,0.57818,13183087920.0,2421580540.0,1818099070.0,,-32.03035,건강관리장비와용품,8180.0,3710.0,0.0623636087,20661601,226400,34588.0,86370.5,0.40046080548335367,376962581.7,-11.568409343715235,-35.679611650485434,0.954689390474757,11.12102289622361,18.368841615068284,57.818000000000005,-51.40586797066015,https://finance.naver.com/item/main.naver?code=226400
아이크래프트,KOSDAQ,5620.0,82096600320,5.93,1.3,842.0,3826.0,0.89287,40029794860.0,-291419290.0,-1694874240.0,,32.68044,IT서비스,8610.0,2250.0,0.0778042839,14607936,052460,681695.0,540534.2,1.261150543295873,3240316804.5,83.66013071895424,84.56486042692939,1.261150543295873,22.007318348144274,-0.728005954112951,89.287,-34.72706155632985,https://finance.naver.com/item/main.naver?code=052460
오파스넷,KOSDAQ,6290.0,82062315170,6.49,1.27,971.0,4962.0,1.14518,47340933030.0,1936505170.0,3631120190.0,,32.68044,IT서비스,8570.0,5300.0,0.0487186844,13046473,173130,28776.0,48157.3,0.5975418057075459,279272191.0,-16.90885072655218,-13.241379310344826,2.794259644955178,19.568722289399435,4.090551339097678,114.51800000000001,-26.604434072345395,https://finance.naver.com/item/main.naver?code=173130
대성하이텍,KOSDAQ,5030.0,81730940880,-12.43,1.2,-411.0,4260.0,1.94266,23116906250.0,-2188817370.0,1932081040.0,,190.12516,기계,15350.0,3330.0,0.0933879248,16248696,129920,86018.0,138886.75,0.6193391378227224,824052659.0,-20.91194968553459,-27.936962750716333,1.1515497338659015,-9.647887323943662,-9.468470159150296,194.26600000000002,-67.23127035830618,https://finance.naver.com/item/main.naver?code=129920
주성코퍼레이션,KOSPI,1550.0,81855856500,39.74,2.83,39.0,548.0,0.51043,24250955710.0,-267142090.0,524011740.0,,10.15986,해운사,2850.0,702.0,0.006870487,52810230,109070,287907.0,290371.85,0.9915114016734061,470450808.65,-6.62650602409639,93.99249061326658,1.010690258026045,7.116788321167883,-1.1015734521746814,51.043000000000006,-45.614035087719294,https://finance.naver.com/item/main.naver?code=109070
모베이스,KOSDAQ,3520.0,81477542080,6.83,0.22,525.0,16124.0,1.24933,332794351550.0,8352598880.0,6998894050.0,,10.13834,자동차부품,9140.0,2840.0,0.0332239183,23147029,101330,30040.0,60233.65,0.4987245501476334,210903600.25,-7.973856209150332,-32.56704980842912,1.2495009019045002,3.2560158769536094,2.509837934777893,124.933,-61.48796498905909,https://finance.naver.com/item/main.naver?code=101330
머큐리,KOSDAQ,4750.0,81412838750,-33.58,0.56,-148.0,8897.0,0.38816,30144492630.0,1327221240.0,-5937312540.0,,-335.21939,통신장비,12750.0,2480.0,0.0384335757,17139545,100590,2530407.0,798591.15,3.168588832971665,3693096548.7,-6.496062992125983,36.887608069164266,12.603664591073917,-1.6634820726087445,4.402864749759101,38.816,-62.745098039215684,https://finance.naver.com/item/main.naver?code=100590
서남,KOSDAQ,3070.0,81352479530,-18.91,8.46,-165.0,369.0,0.79467,1197639390.0,-1606422440.0,-1602809200.0,,55.63885,전기장비,7150.0,2295.0,0.006988858,26499179,294630,277078.0,287762.9,0.9628690842356675,890883313.95,1.1532125205930832,-26.024096385542173,9.449981217175667,-44.71544715447154,-134.1323985678193,79.467,-57.06293706293706,https://finance.naver.com/item/main.naver?code=294630
센서뷰,KOSDAQ,1161.0,81992433411,-3.67,4.47,-319.0,262.0,2.00138,2526704040.0,-2197787310.0,-2611158470.0,,-335.21939,통신장비,4663.794,789.397,0.0331846545,70622251,321370,1395428.0,3187568.05,0.4377719873305921,4341481061.15,-50.70063694267516,-56.84014869888476,0.6213884594557911,-121.7557251908397,-86.9823800178829,200.138,-75.10610460067491,https://finance.naver.com/item/main.naver?code=321370
피스피스스튜디오,KOSDAQ,5780.0,81896305580,5.06,0.61,1139.0,9418.0,0.249,19039903490.0,205500280.0,88740980.0,,8.94358,"섬유,의류,신발,호화품",42000.0,4455.0,0.028851688,14168911,0117P0,50609.0,394387.8,0.12832293493865682,2202128339.05,-32.39766081871345,-57.90240349599418,0.6553042462266835,12.093862815884476,1.0793136641051324,24.9,-86.23809523809524,https://finance.naver.com/item/main.naver?code=0117P0
아이로보틱스,KOSDAQ,2090.0,81830764840,48.6,1.86,43.0,1126.0,0.27446,12086117180.0,-828650420.0,-1045247550.0,,-32.42902,화학,5080.0,1002.0,0.0313337697,39153476,066430,356099.0,1778224.85,0.20025532766567736,4367047090.3,-42.26519337016575,-16.232464929859724,1.2168382418005237,3.818827708703375,-6.856216993917975,27.445999999999998,-58.85826771653544,https://finance.naver.com/item/main.naver?code=066430
드림씨아이에스,KOSDAQ,3300.0,81181465200,11.51,1.07,299.0,3211.0,0.89448,20011130040.0,2267023110.0,-4447331570.0,,46.08491,제약,8640.0,2360.0,0.5016391981,24600444,223250,21659.0,74191.35,0.2919343023142186,258240167.0,-16.349809885931556,-38.888888888888886,0.8960343759750967,9.31174089068826,11.328811043996394,89.44800000000001,-61.80555555555556,https://finance.naver.com/item/main.naver?code=223250
블랙야크아이앤씨,KOSDAQ,3145.0,81236287210,-13.36,2.06,-229.0,1484.0,1.46604,24875955800.0,5868202970.0,4958059500.0,,8.94358,"섬유,의류,신발,호화품",4150.0,2010.0,0.0187415569,25830298,478560,40056.0,260048.05,0.15403307196496957,852439158.1,11.524822695035454,-1.5649452269170583,0.5340013124497569,-15.431266846361186,23.589859288944385,146.604,-24.21686746987952,https://finance.naver.com/item/main.naver?code=478560
에스와이스틸텍,KOSDAQ,1618.0,81176678000,-30.76,0.87,-54.0,1912.0,0.68765,37647005660.0,-2651224790.0,-3158607520.0,,7.71583,건축자재,4635.0,1110.0,0.0515972972,50171000,365330,259819.0,487372.15,0.5331018606623296,764309204.4,-34.493927125506076,-50.969696969696976,1.9255121573934826,-2.8242677824267783,-7.042325793301883,68.765,-65.09169363538297,https://finance.naver.com/item/main.naver?code=365330
제일엠앤에스,KOSDAQ,3935.0,81063616775,-5.16,-7.08,-762.0,-556.0,-3.57903,111617300830.0,3753011000.0,4137501040.0,,-80.94163,전기제품,3935.0,3935.0,0.0076687816,20600665,412540,,,,,,,,137.0503597122302,3.362391826439224,-357.903,0.0,https://finance.naver.com/item/main.naver?code=412540
한성크린텍,KOSDAQ,1503.0,80818118109,770.0,1.33,2.0,1161.0,1.76146,50483710910.0,1501748810.0,-664350490.0,,39.04177,건설,2745.0,1074.0,0.0116933966,53771203,066980,194493.0,531519.75,0.36591867000238465,908671540.6,-23.39449541284404,13.863636363636367,0.5464575869476158,0.17226528854435832,2.974719534142899,176.14600000000002,-45.24590163934427,https://finance.naver.com/item/main.naver?code=066980
인지컨트롤스,KOSPI,5110.0,80784996670,4.96,0.35,1043.0,14627.0,1.71649,183652612690.0,9285839570.0,16847963690.0,,10.13834,자동차부품,8460.0,4770.0,0.0311450986,15809197,023800,17500.0,35836.7,0.4883262130720742,191682781.75,-11.591695501730104,-22.692889561270803,1.6689315701501535,7.13064880016408,5.056197912999045,171.649,-39.59810874704491,https://finance.naver.com/item/main.naver?code=023800
알서포트,KOSDAQ,1520.0,80965966160,43.79,0.8,34.0,1857.0,0.13777,14166058440.0,2580213270.0,2117310630.0,,162.84747,소프트웨어,3090.0,1278.0,0.1928482549,53267083,131370,91593.0,77274.7,1.185290916690715,116247307.55,-12.29082515868436,-28.470588235294116,1.185290916690715,1.830910070005385,18.214052136862428,13.777000000000001,-50.809061488673144,https://finance.naver.com/item/main.naver?code=131370
이엠텍,KOSDAQ,4715.0,80781793240,-6.65,0.38,-715.0,12360.0,0.82477,40430175940.0,-7317923270.0,-5657396610.0,,96.79463,핸드셋,10540.0,3400.0,0.0583997979,17132936,091120,12363.0,34783.35,0.35542867492636565,156695056.65,5.9550561797752755,-26.785714285714292,1.0792519984417832,-5.784789644012945,-18.100151928253023,82.477,-55.265654648956364,https://finance.naver.com/item/main.naver?code=091120
세미티에스,KOSDAQ,2665.0,80352524265,0.0,0.0,0.0,0.0,0.08299,2493545400.0,-414342710.0,-17496827020.0,,33.00285,반도체와반도체장비,8430.0,2260.0,0.020081164,30151041,0017J0,370836.0,304175.15,1.2191528466411539,861731666.4,-53.97236614853196,-51.01102941176471,1.856627669946082,,-16.616609827918115,8.299,-68.38671411625148,https://finance.naver.com/item/main.naver?code=0017J0
대원미디어,KOSDAQ,6400.0,80505254400,14.34,0.77,454.0,8448.0,0.94729,124485053380.0,6994467330.0,3723756320.0,,876.91615,방송과엔터테인먼트,9640.0,3800.0,0.0300601497,12578946,048910,18797.0,51186.35,0.36722680949120223,305691419.75,23.314065510597292,-16.4490861618799,1.2180005020869822,5.37405303030303,5.618720593426475,94.729,-33.60995850622407,https://finance.naver.com/item/main.naver?code=048910
동인기연,KOSPI,13170.0,80705760000,6.63,0.51,1967.0,25695.0,0.92566,71294801030.0,9027580630.0,8447005070.0,,8.94358,"섬유,의류,신발,호화품",17450.0,10850.0,0.0186659595,6128000,111380,2836.0,10448.5,0.27142652055318944,142687247.75,0.8422664624808673,-9.67078189300411,1.2887974350385223,7.655185833819809,12.662326704862114,92.566,-24.527220630372494,https://finance.naver.com/item/main.naver?code=111380
쎄니트,KOSDAQ,2385.0,80691516585,-14.87,0.86,-159.0,2744.0,1.36474,36524731470.0,725961620.0,-258217770.0,,44.69235,철강,2555.0,1601.0,0.0032234284,33832921,037760,21233.0,22636.45,0.938000437347729,52925867.5,-2.6530612244897944,30.043620501635758,1.9841892169487707,-5.794460641399417,1.9875892054025825,136.47400000000002,-6.653620352250488,https://finance.naver.com/item/main.naver?code=037760
TP,KOSPI,1717.0,80522749950,2.1,0.28,819.0,6164.0,1.8896,274359189460.0,14010128720.0,4108943070.0,,8.94358,"섬유,의류,신발,호화품",2235.0,1520.0,0.074390344,46897350,007980,27885.0,166823.2,0.16715300989310838,301250839.6,-6.583242655059851,-8.621607237892492,1.2115341271477826,13.286826735885787,5.106491511210196,188.96,-23.176733780760628,https://finance.naver.com/item/main.naver?code=007980
대한뉴팜,KOSDAQ,5590.0,80244002800,5.16,0.56,1087.0,9971.0,0.88796,55966274830.0,2150354890.0,11263588620.0,,46.08491,제약,7900.0,5030.0,0.0025459564,14354920,054670,5811.0,17067.2,0.3404776413237086,98319726.5,-4.28082191780822,-14.786585365853655,0.7314615168275991,10.90161468257948,3.842233374530995,88.79599999999999,-29.240506329113924,https://finance.naver.com/item/main.naver?code=054670
리메드,KOSDAQ,2650.0,80228784450,158.24,2.08,17.0,1296.0,0.4471,7369232950.0,945356110.0,272134340.0,,-32.03035,건강관리장비와용품,4595.0,2300.0,0.0,30275013,302550,13502.0,23155.25,0.5831075026181968,64671264.25,-10.77441077441077,-16.666666666666664,0.8810960797227411,1.3117283950617282,12.828419408291333,44.71,-42.328618063112074,https://finance.naver.com/item/main.naver?code=302550
APS이노베이션,KOSDAQ,3730.0,80299790620,940.0,0.48,4.0,7818.0,0.32971,15848951550.0,534941890.0,2195103960.0,,-80.94163,전기제품,8440.0,2270.0,0.0202820092,21528094,079810,38269.0,96798.9,0.39534540165229154,360438106.15,-2.737940026075625,-15.41950113378685,2.0998482420771314,0.051163980557687394,3.3752509641560486,32.971000000000004,-55.805687203791464,https://finance.naver.com/item/main.naver?code=079810
HRS,KOSDAQ,4895.0,80056746000,5.8,0.61,846.0,8112.0,0.13408,24722696830.0,4381926350.0,6915694980.0,,-32.42902,화학,5640.0,4275.0,0.0311852178,16354800,036640,18393.0,27828.65,0.6609375589545307,136881268.4,1.9791666666666652,-2.6838966202783254,0.9054337885596319,10.428994082840237,17.72430564566366,13.408000000000001,-13.209219858156029,https://finance.naver.com/item/main.naver?code=036640
디케이락,KOSDAQ,7880.0,80127882440,11.57,0.59,682.0,13415.0,0.70928,39520297780.0,3806757080.0,3487598890.0,,190.12516,기계,11680.0,6170.0,0.0806108032,10168513,105740,13285.0,90269.65,0.14717017292079898,701457368.25,6.0565275908479155,-12.928176795580114,0.5927352105608031,5.08386134923593,9.63240991044982,70.928,-32.534246575342465,https://finance.naver.com/item/main.naver?code=105740
네오리진,KOSDAQ,1502.0,79771241028,-3.06,1.59,-490.0,943.0,0.18109,4019267380.0,-1915287410.0,-3343622890.0,,17.67293,게임엔터테인먼트,1859.0,907.0,0.6259268921,53110014,094860,53984.0,120006.4,0.4498426750573303,165036012.55,6.298655343241322,13.960546282245833,1.775130326382593,-51.961823966065744,-47.6526498219683,18.109,-19.2038730500269,https://finance.naver.com/item/main.naver?code=094860
TJ미디어,KOSDAQ,3825.0,79932604725,19.95,0.95,191.0,4010.0,0.66855,19623004700.0,768480590.0,378826180.0,,40.05009,전자제품,4481.815,2995.0,0.0061034828,20897413,032540,30201.0,10034.15,3.009821459715073,34189471.6,9.4420600858369,-40.605590062111794,3.009821459715073,4.763092269326683,3.9162228300337714,66.855,-14.655111824115895,https://finance.naver.com/item/main.naver?code=032540
새빗켐,KOSDAQ,14170.0,80061265180,-4.49,1.84,-3298.0,8056.0,0.84394,17378914490.0,867184760.0,828014340.0,,-80.94163,전기제품,42750.0,9300.0,0.0156187888,5650054,107600,11563.0,35399.05,0.32664718403459975,619245861.25,-27.183967112024664,-49.12028725314184,0.6962616228401609,-40.938430983118174,4.989867235372996,84.394,-66.85380116959064,https://finance.naver.com/item/main.naver?code=107600
화천기공,KOSPI,36200.0,79640000000,7.09,0.24,5173.0,154300.0,0.28907,74917929030.0,6483608760.0,9314433440.0,,190.12516,기계,44850.0,29450.0,0.1039177273,2200000,000850,5009.0,16679.15,0.3003150640170512,603942641.25,9.365558912386707,-1.8970189701897011,0.8585569408513023,3.3525599481529484,8.65428188411844,28.907,-19.28651059085842,https://finance.naver.com/item/main.naver?code=000850
삼익제약,KOSDAQ,7910.0,79634621080,-83.84,1.11,-99.0,7503.0,0.19171,15702065310.0,-227511310.0,-77462080.0,,46.08491,제약,25050.0,3705.0,0.0069709845,10067588,014950,1190658.0,2309726.85,0.5154973195207043,17807315731.6,12.357954545454541,-34.13821815154038,5.629538401911031,-1.319472211115554,-1.4489260202930592,19.171,-68.42315369261478,https://finance.naver.com/item/main.naver?code=014950
페이퍼코리아,KOSPI,2240.0,79736522880,-4.26,0.31,-545.0,7410.0,0.77568,80315912560.0,5452909020.0,2612119990.0,,-5.89866,종이와목재,5200.0,1701.0,0.0026673568,35596662,001020,5960.0,29967.65,0.19888112681508224,69522382.6,-3.0303030303030276,208.11554332874826,0.6146628113982912,-7.3549257759784075,6.7893258585917255,77.568,-56.92307692307692,https://finance.naver.com/item/main.naver?code=001020
이노메트리,KOSDAQ,8110.0,79504016880,-19.54,1.41,-437.0,6059.0,0.36755,14630713380.0,-2155044590.0,-2224997940.0,,-80.94163,전기제품,11540.0,4030.0,0.0037825373,9803208,302430,225975.0,920683.1,0.2454427587516269,7401286889.5,8.133333333333326,26.917057902973408,5.5326365825548445,-7.212411288991582,-14.729593383641285,36.754999999999995,-29.722703639514737,https://finance.naver.com/item/main.naver?code=302430
아이씨디,KOSDAQ,4360.0,79239839000,-37.48,0.73,-117.0,6033.0,0.96272,29017603890.0,1766358210.0,4515973500.0,,16.1175,디스플레이장비및부품,6960.0,3610.0,0.0315007339,18174275,040910,4077.0,8950.55,0.45550273446883155,40171150.05,-9.071949947862358,-15.503875968992254,0.657501494321578,-1.9393336648433617,6.087195264970584,96.272,-37.356321839080465,https://finance.naver.com/item/main.naver?code=040910
원준,KOSDAQ,5180.0,79106789580,-5.89,0.73,-866.0,6969.0,0.79167,3464106420.0,-14229240680.0,-18804976480.0,,-80.94163,전기제품,12150.0,3230.0,0.0180860777,15271581,382840,280012.0,59412.75,4.712995106269277,303835243.05,-28.254847645429358,-44.598930481283425,4.712995106269277,-12.426460037308079,-410.7622271027112,79.167,-57.36625514403293,https://finance.naver.com/item/main.naver?code=382840
제이스로보틱스,KOSDAQ,4520.0,78994204880,-3.12,0.57,-1428.0,7841.0,0.98286,4040519900.0,-4162588290.0,-6862289740.0,,253.27647,전자장비와기기,10100.0,2965.0,0.0160511253,17476594,090470,54417.0,126375.55,0.4305975325132116,664322990.1,-20.840630472854638,-42.639593908629436,0.4305975325132116,-18.21196275985206,-103.02110602152956,98.286,-55.24752475247525,https://finance.naver.com/item/main.naver?code=090470
블루콤,KOSDAQ,4630.0,79173000000,4.51,0.41,998.0,11033.0,0.15857,1942281500.0,158708700.0,572954250.0,,31.44683,부동산,5490.0,2685.0,0.0153816374,17100000,033560,13452.0,23916.8,0.5624498260636874,106493021.8,28.96935933147633,50.08103727714748,0.8988242574257426,9.045590501223602,8.171251180634732,15.857,-15.664845173041897,https://finance.naver.com/item/main.naver?code=033560
테라젠이텍스,KOSDAQ,2125.0,78948799000,7.16,0.56,296.0,3789.0,0.675,69256482440.0,2646694300.0,-7181381750.0,,46.08491,제약,3470.0,1845.0,0.0224643775,37152376,066700,23718.0,102402.6,0.23161521289498507,221259044.5,-11.82572614107884,-17.953667953667953,0.7319443061016029,7.81208762206387,3.8215834919033758,67.5,-38.76080691642652,https://finance.naver.com/item/main.naver?code=066700
가온그룹,KOSDAQ,4270.0,78674506610,10.9,0.6,395.0,7147.0,2.80329,127024697630.0,7899385850.0,3565054000.0,,40.05009,전자제품,10920.0,3200.0,0.0747259842,18424943,078890,38370.0,58078.25,0.6606604021298851,251603144.55,-30.90614886731392,-38.73744619799139,1.3064959774097877,5.526794459213656,6.218779495157299,280.329,-60.897435897435905,https://finance.naver.com/item/main.naver?code=078890
서한,KOSDAQ,3875.0,78193520375,2.62,0.14,1470.0,27140.0,1.27089,147604662550.0,22252890320.0,19460050250.0,,39.04177,건설,6190.0,3335.0,0.0410514945,20178973,011370,11532.0,123686.25,0.09323590940787678,130523359.5,320.73832790445164,270.1050620821394,0.5319588879119547,5.416359616801769,15.076007719242607,127.08900000000001,-37.399030694668824,https://finance.naver.com/item/main.naver?code=011370
DRB동일,KOSPI,4055.0,78149436020,17.5,0.19,232.0,20966.0,0.88038,218500373520.0,11181238830.0,8588487730.0,,-32.42902,화학,6470.0,3900.0,0.0142200511,19272364,004840,9014.0,26902.3,0.33506428818353823,113446846.1,-10.287610619469023,-30.32646048109966,0.6176423577166265,1.10655346751884,5.117263027917226,88.03800000000001,-37.326120556414224,https://finance.naver.com/item/main.naver?code=004840
한솔로지스틱스,KOSPI,2775.0,78132414375,4.9,0.54,563.0,5100.0,1.02997,182813293830.0,6118166710.0,3936095370.0,,8.54764,항공화물운송과물류,3750.0,2470.0,0.0463049831,28155825,009180,15680.0,36610.65,0.42829067498118717,101500516.15,-2.8021015761821366,-5.612244897959185,1.4694358062476356,11.03921568627451,3.3466749500664585,102.997,-26.0,https://finance.naver.com/item/main.naver?code=009180
폴레드,KOSDAQ,3100.0,78066869100,8.23,1.88,379.0,1660.0,0.41861,25266411060.0,2064207790.0,1667059340.0,,11.65576,가정용기기와용품,26000.0,3000.0,0.0594659995,25182861,487580,87078.0,248466.6,0.3504615912158817,844236494.8,-20.10309278350515,-84.5,0.5791724119056646,22.83132530120482,8.16977047154872,41.861,-88.07692307692308,https://finance.naver.com/item/main.naver?code=487580
데이타솔루션,KOSDAQ,4805.0,77962950900,72.23,2.16,65.0,2170.0,1.37066,30118621330.0,1247328640.0,1422716920.0,,32.68044,IT서비스,8730.0,4115.0,0.0288260737,16225380,263800,174563.0,395063.9,0.44186016489990604,2166226497.0,4.456521739130426,4.570184983677916,0.44186016489990604,2.995391705069124,4.141386905905895,137.066,-44.959908361970214,https://finance.naver.com/item/main.naver?code=263800
포커스에이아이,KOSDAQ,2135.0,78057448910,-4.62,2.83,-455.0,742.0,0.65777,10598880490.0,-1166344350.0,-2507916530.0,,253.27647,전자장비와기기,3695.0,1317.0,0.0077156269,36560866,331380,21137.0,61920.4,0.341357613968902,128037104.85,9.881626351003604,-28.595317725752512,2.2932829891279773,-61.32075471698113,-11.004410806409611,65.777,-42.2192151556157,https://finance.naver.com/item/main.naver?code=331380
일성건설,KOSPI,1443.0,77957901840,28.45,1.07,51.0,1354.0,4.46446,107353073060.0,3717741850.0,624789610.0,,39.04177,건설,2830.0,1105.0,0.650228802,54024880,013360,245077.0,415906.75,0.5892594914605257,641420809.85,-17.683970336565892,-14.055985705777251,0.7314524229289378,3.766617429837518,3.463097742830465,446.44599999999997,-49.01060070671378,https://finance.naver.com/item/main.naver?code=013360
페스카로,KOSDAQ,7900.0,77947167000,22.82,1.1,305.0,6312.0,0.504,10512889620.0,531201560.0,1378930580.0,,10.13834,자동차부품,47000.0,4450.0,0.0309291934,9866730,0015S0,774572.0,12782.15,60.59794322551371,90132741.75,-20.282542885973765,-54.4405997693195,60.59794322551371,4.832065906210393,5.05285967227724,50.4,-83.19148936170212,https://finance.naver.com/item/main.naver?code=0015S0
케이옥션,KOSDAQ,3010.0,77923752900,-15.61,0.76,-197.0,4059.0,0.88007,4026211830.0,109223950.0,18336370.0,,-17.01316,판매업체,4840.0,2535.0,0.0140782184,25888290,102370,13166.0,43077.75,0.3056334186441957,138618857.35,3.9723661485319584,-18.317503392130263,0.8904829059085027,-4.853412170485341,2.712821744403846,88.007,-37.8099173553719,https://finance.naver.com/item/main.naver?code=102370
제닉스로보틱스,KOSDAQ,5940.0,77920444800,-10.98,1.65,-561.0,3730.0,0.66947,4476681840.0,-2530427990.0,-565679950.0,,190.12516,기계,19940.0,4560.0,0.0137694086,13117920,381620,33583.0,75680.8,0.4437453092462025,482767838.25,-29.453681710213775,-45.90163934426229,1.5643729981712666,-15.040214477211796,-56.524633209135985,66.947,-70.21063189568706,https://finance.naver.com/item/main.naver?code=381620
초록뱀미디어,KOSDAQ,3185.0,77885767050,28.09,0.29,115.0,11069.0,0.28179,25172521870.0,-506542460.0,-5782589400.0,,876.91615,방송과엔터테인먼트,8000.0,2765.0,0.0,24453930,047820,7137.0,9332.45,0.7647509496434484,29322995.3,-22.881355932203384,-25.58411214953271,2.88830907210861,1.0389375734031983,-2.0122833247140206,28.179,-60.18749999999999,https://finance.naver.com/item/main.naver?code=047820
양지사,KOSDAQ,4875.0,77902500000,-40.91,0.35,-116.0,13435.0,0.13921,7537875160.0,-7696856100.0,-5059907270.0,,15.3479,상업서비스와공급품,9820.0,4000.0,0.0082566333,15980000,030960,50642.0,82844.3,0.6112913018759287,389401775.7,-11.684782608695654,-38.67924528301887,0.6112913018759287,-0.8634164495720135,-102.10909489246569,13.921,-50.35641547861507,https://finance.naver.com/item/main.naver?code=030960
엠오티,KOSDAQ,6700.0,77587206000,22.67,1.31,300.0,5203.0,1.33992,31138939870.0,1203506420.0,1086741140.0,,-80.94163,전기제품,11660.0,4835.0,0.017277538,11580180,413390,10989.0,30108.45,0.36498059514853803,219713000.0,-1.9033674963396807,-18.984280532043528,0.7268723564315,5.765904285988853,3.8649563055917873,133.992,-42.53859348198971,https://finance.naver.com/item/main.naver?code=413390
조이시티,KOSDAQ,1109.0,77522921614,-8.62,0.92,-132.0,1240.0,1.46328,38635295040.0,583126850.0,-1011167290.0,,17.67293,게임엔터테인먼트,3335.0,911.0,0.0271896467,69903446,067000,33959.0,149100.35,0.22775935804308975,171345541.95,-8.649093904448101,-55.010141987829606,1.0868183743364788,-10.64516129032258,1.5093112383282579,146.328,-66.74662668665667,https://finance.naver.com/item/main.naver?code=067000
동일고무벨트,KOSPI,5560.0,77284000000,7.25,0.33,767.0,17082.0,0.48413,103548476290.0,7509054320.0,7166812470.0,,-32.42902,화학,8700.0,5200.0,0.0355394245,13900000,163560,13203.0,91063.25,0.14498713806063368,531771414.0,-14.723926380368102,-18.355359765051393,0.20785552898672077,4.4901065449010655,7.251728455153689,48.413000000000004,-36.0919540229885,https://finance.naver.com/item/main.naver?code=163560
동국S&C,KOSDAQ,1346.0,76914478000,-45.9,0.41,-30.0,3331.0,0.34113,5034036760.0,-3059603740.0,-12811090630.0,,-42.34619,에너지장비및서비스,2795.0,1229.0,0.0242035595,57143000,100130,51308.0,217896.45,0.23546964624710498,315425635.6,-26.00329851566795,-34.97584541062801,0.3513457883320265,-0.9006304413089163,-60.77833527779006,34.113,-51.842576028622545,https://finance.naver.com/item/main.naver?code=100130
동양파일,KOSDAQ,3845.0,76900000000,-11.05,0.69,-363.0,5777.0,0.06184,20675965600.0,2344283320.0,2430098300.0,,7.71583,건축자재,7300.0,1550.0,0.00322895,20000000,228340,540258.0,2566198.5,0.21052853082097897,10098693296.95,103.0095036958817,59.21325051759834,3.5313215248157928,-6.283538168599619,11.338204780143375,6.184,-47.328767123287676,https://finance.naver.com/item/main.naver?code=228340
SY동아,KOSDAQ,5050.0,76760000000,2.73,0.4,1888.0,12809.0,0.68436,98694462230.0,2185669860.0,-645786100.0,,10.13834,자동차부품,8640.0,4015.0,0.0156059868,15200000,041930,111141.0,492974.6,0.22544974933799836,2797204292.15,-8.679927667269439,-21.461897356143076,11.947654098203031,14.739636193301584,2.214582065310272,68.43599999999999,-41.55092592592593,https://finance.naver.com/item/main.naver?code=041930
서플러스글로벌,KOSDAQ,2075.0,76750100000,-4.77,0.39,-421.0,5163.0,1.4718,38775951640.0,-359145460.0,-1702667630.0,,33.00285,반도체와반도체장비,2730.0,1213.0,0.014393506,36988000,140070,37432.0,128875.6,0.29045063611731003,244265384.45,9.614368726888545,6.958762886597936,0.7039967224206909,-8.154173929885726,-0.926206694639874,147.18,-23.992673992673996,https://finance.naver.com/item/main.naver?code=140070
태웅로직스,KOSDAQ,1980.0,76667205780,-13.97,0.32,-141.0,6137.0,1.51943,355643914000.0,5902575520.0,2299783920.0,,10.15986,해운사,3330.0,1410.0,0.0340628713,38720811,124560,8412.0,41150.05,0.20442259486926503,80061986.95,-7.476635514018692,-28.519855595667863,0.7290149100669379,-2.297539514420727,1.6596869193155939,151.943,-40.54054054054054,https://finance.naver.com/item/main.naver?code=124560
한일단조,KOSDAQ,2330.0,76650124170,52.11,0.56,45.0,4222.0,0.96785,43149338220.0,4990930900.0,2950905830.0,,10.13834,자동차부품,4800.0,1750.0,0.0525532245,32897049,024740,181015.0,177488.2,1.01987061675086,393629715.35,-2.1008403361344574,-37.365591397849464,6.436619448504182,1.065845570819517,11.566645297207991,96.785,-51.45833333333334,https://finance.naver.com/item/main.naver?code=024740
케이피에프,KOSDAQ,3845.0,76675544280,3.83,0.28,1000.0,13491.0,1.01341,213567493240.0,8918017440.0,5323249150.0,,190.12516,기계,6880.0,3310.0,0.0441331659,19941624,024880,14676.0,41118.0,0.356923974901503,157392742.2,-14.745011086474502,-36.12956810631229,0.8820954326572304,7.412348973389666,4.175737283191422,101.341,-44.11337209302325,https://finance.naver.com/item/main.naver?code=024880
포바이포,KOSDAQ,5370.0,76628476950,-5.78,1.91,-926.0,2799.0,0.9195,11130390210.0,-602620920.0,-564860060.0,,876.91615,방송과엔터테인먼트,14710.0,3980.0,0.022454026,14269735,389140,74280.0,37616.4,1.9746706223881072,191602333.15,-15.43307086614173,-43.53312302839116,1.9746706223881072,-33.0832440157199,-5.414194009645597,91.95,-63.49422161794698,https://finance.naver.com/item/main.naver?code=389140
DSR제강,KOSPI,5300.0,76320000000,3.13,0.41,1713.0,13053.0,0.41974,64084048030.0,7719792080.0,12011632540.0,,44.69235,철강,6150.0,3325.0,0.0962376389,14400000,069730,9536.0,34029.3,0.2802290966902052,192118057.25,1.3384321223709472,19.369369369369373,1.158060847563717,13.123419903470468,12.046355243329968,41.974000000000004,-13.821138211382111,https://finance.naver.com/item/main.naver?code=069730
HC보광산업,KOSDAQ,2100.0,76311326700,-30.43,0.83,-69.0,2530.0,0.95338,14968926000.0,2392566060.0,2789687350.0,,7.71583,건축자재,4555.0,1600.0,0.0057132711,36338727,225530,9598.0,16550.4,0.5799255607115236,33861564.65,-5.191873589164786,-23.357664233576646,1.0560469837587005,-2.727272727272727,15.983551926170254,95.338,-53.89681668496158,https://finance.naver.com/item/main.naver?code=225530
엠엑스온,KOSDAQ,4485.0,76304219940,42.71,0.99,105.0,4551.0,0.70315,40414004060.0,281534300.0,1396796570.0,,253.27647,전자장비와기기,7940.0,3785.0,0.0099811887,17013204,347890,14992.0,74742.05,0.20058320583928324,357994694.3,-15.85365853658537,-20.899470899470895,0.2023091419087381,2.3071852340145025,0.6966256042881191,70.31500000000001,-43.513853904282115,https://finance.naver.com/item/main.naver?code=347890
SK디앤디,KOSPI,4090.0,76145092380,16.04,0.2,259.0,20844.0,2.19733,84026049060.0,-42817140620.0,-44863405250.0,,31.44683,부동산,9396.15,2507.228,0.0069294383,18617382,210980,1294011.0,677710.3,1.9093866509037858,2910435576.0,-64.92281303602059,-68.17120622568093,2.775454349742065,1.2425638073306469,-50.95698429117596,219.733,-56.47153355363632,https://finance.naver.com/item/main.naver?code=210980
동방아그로,KOSPI,5600.0,76258431200,7.12,0.41,786.0,13754.0,0.44532,48896147090.0,2135199640.0,1816001240.0,,-32.42902,화학,6280.0,5270.0,0.3090441126,13617577,007590,383.0,4130.95,0.0927147508442368,22945113.0,-4.109589041095896,-4.599659284497449,0.7838390684951404,5.714701177839173,4.366805499152878,44.532,-10.828025477707005,https://finance.naver.com/item/main.naver?code=007590
리드코프,KOSDAQ,2925.0,76034942100,5.7,0.18,522.0,16721.0,1.752,113151600270.0,2445861440.0,4518829350.0,,-146.37102,석유와가스,4205.0,2655.0,0.0262815114,25994852,012700,48870.0,20223.0,2.416555407209613,60937286.2,-0.17064846416382506,-21.68674698795181,2.416555407209613,3.1218228574846,2.161579185944994,175.2,-30.439952437574313,https://finance.naver.com/item/main.naver?code=012700
테라사이언스,KOSDAQ,654.0,76111715580,-3.89,2.31,-168.0,283.0,1.11217,3889837360.0,-2128254550.0,-3717316290.0,,190.12516,기계,654.0,654.0,0.0057463488,116378770,073640,,,,,,,,-59.36395759717315,-54.71320142804119,111.21700000000001,0.0,https://finance.naver.com/item/main.naver?code=073640
SCL사이언스,KOSDAQ,2235.0,76028100045,-19.63,3.28,-120.0,719.0,2.44584,7590079040.0,405628350.0,-129799940.0,,-10.66193,건강관리업체및서비스,3250.0,1389.0,0.0047833076,34017047,246960,25035.0,128517.3,0.1947986769096456,274497497.45,20.876149269875597,20.161290322580648,0.5711682396066522,-16.689847009735743,5.3441913827553496,244.584,-31.23076923076923,https://finance.naver.com/item/main.naver?code=246960
엠게임,KOSDAQ,4045.0,75935061830,4.74,0.57,861.0,7129.0,0.18038,21259345960.0,2442698580.0,717449070.0,,17.67293,게임엔터테인먼트,6980.0,3770.0,0.1126196653,18772574,058630,14232.0,30596.55,0.4651504826524559,125768056.55,-8.484162895927605,-21.15009746588694,2.000356249315691,12.077430214616355,11.489998726188471,18.038,-42.04871060171919,https://finance.naver.com/item/main.naver?code=058630
비엘팜텍,KOSDAQ,2720.0,75925516960,-3.33,7.08,-629.0,296.0,1.04457,713406640.0,-483275970.0,-806609630.0,,-10.66193,건강관리업체및서비스,8150.0,376.0,0.0131718036,27913793,065170,3230899.0,893989.6,3.614023026666082,1933252321.85,56.86274509803921,-8.877721943048577,3.614023026666082,-212.5,-67.7420061579466,104.457,-66.62576687116564,https://finance.naver.com/item/main.naver?code=065170
대림바스,KOSPI,4575.0,75909498000,5.6,0.45,812.0,10213.0,0.89101,80255346120.0,6570677790.0,4312689350.0,,-9.15326,건축제품,6450.0,3845.0,0.0203845292,16592240,005750,12609.0,43111.5,0.29247416582582375,200686898.35,0.5494505494505475,-4.885654885654889,1.3875416072277698,7.9506511309115835,8.187215067486397,89.101,-29.06976744186046,https://finance.naver.com/item/main.naver?code=005750
트루엔,KOSDAQ,7250.0,75895834750,6.27,0.69,1156.0,10450.0,0.0534,16665812910.0,4454341540.0,4019418800.0,,253.27647,전자장비와기기,9080.0,5100.0,0.0405432888,10468391,417790,5549.0,18484.05,0.30020477114052385,124294114.0,12.05564142194746,-1.4945652173913082,1.033106921913758,11.062200956937799,26.727418362696596,5.34,-20.15418502202643,https://finance.naver.com/item/main.naver?code=417790
남광토건,KOSPI,7710.0,75809130120,14.45,0.61,539.0,12722.0,2.1974,80296104000.0,2256202000.0,1410098000.0,,39.04177,건설,13400.0,6420.0,0.0086380247,9832572,001260,15665.0,79031.9,0.19821110209927892,629147284.75,-11.379310344827587,-8.432304038004744,0.6436641406824334,4.23675522716554,2.8098523933365436,219.74,-42.46268656716418,https://finance.naver.com/item/main.naver?code=001260
선바이오,KOSDAQ,6190.0,75603675790,27.29,2.63,229.0,2373.0,1.14164,2236153290.0,284365640.0,631335020.0,,-69.92914,생물공학,8500.0,4840.0,0.0032273222,12213841,067370,5928.0,10326.5,0.5740570377184913,63448231.25,8.787346221441128,16.572504708097924,0.8185735728465598,9.65023177412558,12.716732849741263,114.164,-27.17647058823529,https://finance.naver.com/item/main.naver?code=067370
수젠텍,KOSDAQ,4530.0,75846696000,-2.96,0.91,-1525.0,4991.0,0.27301,3083568470.0,-4225462130.0,-3771504210.0,,-32.03035,건강관리장비와용품,8250.0,3530.0,0.0229308615,16743200,253840,259347.0,634096.9,0.40900215724126704,2910439163.65,-6.694129763130796,-10.119047619047617,0.4668292811398384,-30.55499899819675,-137.03156492581468,27.301,-45.09090909090909,https://finance.naver.com/item/main.naver?code=253840
써니전자,KOSPI,2125.0,75453305750,21.39,0.9,101.0,2388.0,0.0237,3545337180.0,244575830.0,333626450.0,,253.27647,전자장비와기기,2705.0,1418.0,0.0361894316,35507438,004770,2742607.0,3751714.5,0.7310276408292795,8399576779.1,25.73964497041421,28.787878787878785,5.268289204842213,4.2294807370184255,6.898521003297069,2.37,-21.441774491682075,https://finance.naver.com/item/main.naver?code=004770
한국가구,KOSDAQ,5030.0,75450000000,4.88,0.38,1029.0,13102.0,0.28025,37041050870.0,3669150210.0,2806124060.0,,7.90676,식품과기본식료품소매,8590.0,4375.0,0.0410767333,15000000,004590,13806.0,40752.6,0.33877593086085306,205748661.8,-16.306156405990013,9.825327510917026,0.40218292820580775,7.85376278430774,9.905632059083102,28.025,-41.44353899883586,https://finance.naver.com/item/main.naver?code=004590
이월드,KOSPI,532.0,75440894676,-4.06,0.35,-131.0,1515.0,0.89341,29177807830.0,2482286260.0,307273100.0,,8.94358,"섬유,의류,신발,호화품",2100.0,420.0,0.022214185,141806193,084680,535049.0,757191.05,0.7066235133127894,402884526.3,-58.110236220472444,-67.11990111248454,0.7118480864241593,-8.646864686468646,8.507446050994162,89.34100000000001,-74.66666666666666,https://finance.naver.com/item/main.naver?code=084680
이녹스,KOSDAQ,8010.0,75180610440,3.27,0.43,2469.0,18657.0,0.54891,26169598920.0,5267216740.0,11241248360.0,,10.42626,레저용장비와제품,17300.0,5120.0,0.0077638196,9385844,088390,3535.0,7325.5,0.482560917343526,57281912.25,-7.931034482758625,-39.31818181818182,1.0976725138215822,13.2336388486895,20.127235255312044,54.891,-53.69942196531792,https://finance.naver.com/item/main.naver?code=088390
KX하이텍,KOSDAQ,980.0,75134728200,12.43,0.47,80.0,2108.0,0.39625,40447310190.0,7272672270.0,4309266240.0,,33.00285,반도체와반도체장비,2430.0,795.0,0.0634541567,76668090,052900,219090.0,983732.75,0.22271292685945446,1092025380.75,-31.61200279134683,-19.80360065466449,0.6569202865310726,3.795066413662239,17.98060794608305,39.625,-59.67078189300412,https://finance.naver.com/item/main.naver?code=052900
씨티씨바이오,KOSDAQ,3100.0,74961162000,22.76,1.02,136.0,3042.0,0.90575,33687242570.0,3793665920.0,2602170920.0,,46.08491,제약,7680.0,2570.0,0.0178243515,24181020,060590,26080.0,42942.35,0.6073258682862024,132516952.25,-6.344410876132933,-22.403003754693362,0.7857977031997551,4.470742932281394,11.261432015746013,90.575,-59.63541666666667,https://finance.naver.com/item/main.naver?code=060590
에스넷,KOSDAQ,3770.0,75070660340,15.22,0.66,249.0,5721.0,1.81231,186051978870.0,3123358920.0,2732452040.0,,32.68044,IT서비스,6280.0,2835.0,0.0464579738,19912642,038680,69822.0,239090.8,0.29203131195345033,1000853667.25,14.242424242424235,23.809523809523814,0.6281839368139636,4.352385946512848,1.6787560868580618,181.231,-39.968152866242036,https://finance.naver.com/item/main.naver?code=038680
테이팩스,KOSPI,15640.0,74863206000,36.95,0.48,423.0,32645.0,0.30033,40696984980.0,3183429710.0,3200695950.0,,253.27647,전자장비와기기,23300.0,10150.0,0.0426091316,4786650,055490,17239.0,28908.25,0.5963349562841057,450066928.0,-8.857808857808857,4.266666666666663,1.052571497755831,1.2957573901056822,7.822274086309969,30.032999999999998,-32.8755364806867,https://finance.naver.com/item/main.naver?code=055490
삼현철강,KOSDAQ,4865.0,75129659850,11.95,0.38,411.0,12759.0,0.12569,61402095340.0,5401551250.0,4911449320.0,,44.69235,철강,6140.0,4110.0,0.0396505447,15442890,017480,7548.0,20879.85,0.36149684983369135,101110838.85,-4.043392504930965,5.417118093174422,1.0104957650557835,3.22125558429344,8.797014531979977,12.568999999999999,-20.76547231270358,https://finance.naver.com/item/main.naver?code=017480
기도산업,KOSDAQ,12760.0,74782621320,1.56,0.42,8396.0,31281.0,0.93231,71101987740.0,5908372690.0,4184843270.0,,8.94358,"섬유,의류,신발,호화품",29500.0,12740.0,0.0271501373,5860707,282620,,,,,,,,26.84057415044276,8.309715210220647,93.231,-56.7457627118644,https://finance.naver.com/item/main.naver?code=282620
드림어스컴퍼니,KOSDAQ,5040.0,74694382560,28.82,0.5,170.0,9715.0,0.46854,42753311050.0,889602620.0,1370970170.0,,876.91615,방송과엔터테인먼트,10250.0,3310.0,0.0219122213,14820314,060570,305092.0,36466.1,8.36645542023962,79666658.15,423.3644859813084,320.70116861435724,8.36645542023962,1.7498713329902211,2.080780641666817,46.854,-50.829268292682926,https://finance.naver.com/item/main.naver?code=060570
에이텍,KOSDAQ,9030.0,74587800000,148.1,0.7,63.0,13373.0,0.57947,53575930510.0,10471555740.0,9616944070.0,,19.51316,컴퓨터와주변기기,13360.0,7300.0,0.0612575061,8260000,045660,12153.0,25704.3,0.4728002707718164,240112031.0,4.513888888888884,-7.668711656441718,0.4728002707718164,0.47109848201600235,19.545261538752882,57.947,-32.41017964071856,https://finance.naver.com/item/main.naver?code=045660
삼호개발,KOSPI,3090.0,74530800000,3.7,0.29,838.0,10609.0,0.48008,95582312810.0,1151302620.0,3445794460.0,,39.04177,건설,5500.0,2700.0,0.06493466,24120000,010960,54960.0,172881.55,0.3179055254884052,543774313.3,-5.214723926380371,-20.051746442432083,0.5391610614319458,7.898953718540862,1.2045142936524011,48.008,-43.81818181818182,https://finance.naver.com/item/main.naver?code=010960
시공테크,KOSDAQ,3710.0,74377968700,2.27,0.37,1617.0,9842.0,0.32622,23778367250.0,315288990.0,8803651360.0,,15.31862,"호텔,레스토랑,레저",5990.0,3150.0,0.0034623954,20047970,020710,45668.0,105941.05,0.4310699204888001,381492980.35,-4.504504504504503,-3.25945241199479,0.584655334263725,16.42958748221906,1.3259488621953217,32.622,-38.06343906510852,https://finance.naver.com/item/main.naver?code=020710
녹십자엠에스,KOSDAQ,3105.0,74405211255,18.34,1.52,169.0,2040.0,0.72874,27112896310.0,742651780.0,-4027548010.0,,-32.03035,건강관리장비와용품,6660.0,2200.0,0.0110003196,23963031,142280,324819.0,1304635.9,0.2489729126724169,4143695589.85,-13.389121338912135,-14.580467675378262,0.30927172861025826,8.284313725490195,2.7391089889798645,72.87400000000001,-53.37837837837838,https://finance.naver.com/item/main.naver?code=142280
디와이피엔에프,KOSDAQ,7070.0,74362974070,2.68,0.46,2703.0,15819.0,0.54439,36761810910.0,1075892390.0,1523417560.0,,190.12516,기계,16600.0,7060.0,0.035461059,10518101,104460,17809.0,10253.65,1.7368449283913534,79257936.75,-34.41558441558441,-50.49019607843137,2.1502586883695076,17.08704722169543,2.9266577553374398,54.43900000000001,-57.40963855421687,https://finance.naver.com/item/main.naver?code=104460
삐아,KOSDAQ,7270.0,74342125790,14.96,1.61,486.0,4524.0,0.21959,21795737810.0,1769739650.0,1543017040.0,,42.91369,화장품,12550.0,6200.0,0.0127164643,10225877,451250,39978.0,21048.75,1.8993051843933726,162516632.25,-10.13597033374537,-14.970760233918124,1.8993051843933726,10.742705570291777,8.119659290395914,21.959,-42.071713147410364,https://finance.naver.com/item/main.naver?code=451250
웅진씽크빅,KOSPI,1308.0,74329827180,-3.18,0.28,-412.0,4654.0,1.81492,190878290190.0,3808431350.0,1117116830.0,,10.6218,교육서비스,3438.977,1055.0,0.0204072231,56827085,095720,22898.0,24596.4,0.9309492446049015,31195965.1,-3.1828275351591384,23.047977422389465,3.4448130620741244,-8.852599914052428,1.995214514028333,181.49200000000002,-61.96543332508475,https://finance.naver.com/item/main.naver?code=095720
바이오에프디엔씨,KOSDAQ,8540.0,74261278000,10.91,1.04,782.0,8184.0,0.0469,5362219500.0,2102923480.0,1969840060.0,,-69.92914,생물공학,19000.0,6330.0,0.1097916211,8695700,251120,10702.0,14384.65,0.743987514468548,128977092.75,-8.270676691729328,-39.13043478260869,2.597699631204096,9.555229716520039,39.21740764248834,4.6899999999999995,-55.05263157894738,https://finance.naver.com/item/main.naver?code=251120
정다운,KOSDAQ,2270.0,74193238420,12.26,0.57,186.0,3997.0,0.7716,42055049000.0,2880364880.0,2853722790.0,,33.27747,식품,2785.0,2050.0,0.0186034887,32684246,208140,21915.0,14803.85,1.480358150075825,33586704.05,-0.43859649122807154,-16.849816849816847,2.218544500248246,4.653490117588191,6.849034654554796,77.16,-18.49192100538599,https://finance.naver.com/item/main.naver?code=208140
젝시믹스,KOSDAQ,2500.0,74191187500,6.31,0.64,400.0,3915.0,0.44097,74377729110.0,5347854380.0,4380718640.0,,8.94358,"섬유,의류,신발,호화품",6330.0,2465.0,0.044996584,29676475,337930,32681.0,85932.55,0.380309905850577,237103875.85,-26.144756277695713,-47.03389830508474,2.3873491476745423,10.217113665389528,7.190128609722486,44.096999999999994,-60.505529225908376,https://finance.naver.com/item/main.naver?code=337930
키스트론,KOSDAQ,4155.0,74158897050,7.44,0.39,551.0,10628.0,0.14245,24847978640.0,3277432940.0,5813589960.0,,55.63885,전기장비,7820.0,3315.0,0.0275340078,17848110,475430,405411.0,173304.9,2.339293349466749,773047734.75,-9.477124183006536,-3.819444444444442,2.339293349466749,5.184418517124577,13.189937851620753,14.245,-46.86700767263427,https://finance.naver.com/item/main.naver?code=475430
휴비츠,KOSDAQ,6810.0,74078464950,-14.86,0.69,-461.0,10000.0,1.0084,32531453240.0,2134410660.0,1001544420.0,,-32.03035,건강관리장비와용품,10090.0,6270.0,0.0304723478,10877895,065510,8167.0,32893.8,0.2482838711246496,225331202.0,-6.327372764786798,-18.540669856459335,0.7032632289367601,-4.61,6.561067666585435,100.84,-32.50743310208127,https://finance.naver.com/item/main.naver?code=065510
앱튼,KOSDAQ,3200.0,74108524800,-2.36,0.63,-1300.0,4840.0,0.92334,3368075840.0,-1325409790.0,-3870730020.0,,-42.34619,에너지장비및서비스,10860.0,730.0,0.0,23158914,270520,145158.0,288802.25,0.5026207378924507,932914528.05,225.53407934893187,1445.8937198067633,0.6339943681186694,-26.859504132231404,-39.35213614429775,92.334,-70.5340699815838,https://finance.naver.com/item/main.naver?code=270520
해성옵틱스,KOSDAQ,1249.0,73985988820,-5.23,3.26,-240.0,385.0,3.06386,55887149870.0,405852010.0,-8040387370.0,,96.79463,핸드셋,2930.0,485.0,0.0059484086,59236180,076610,539185.0,1531915.25,0.35196790422968893,2179305627.9,-3.1782945736434143,15.009208103130756,0.8833093083967929,-62.33766233766234,0.7261991548040273,306.386,-57.37201365187714,https://finance.naver.com/item/main.naver?code=076610
해치텍,KOSDAQ,13450.0,73802167500,-5.49,7.67,-2482.0,1776.0,0.59262,4984041150.0,-112532020.0,31415760.0,,33.00285,반도체와반도체장비,21400.0,12090.0,0.0075691388,5487150,0155E0,,,,,,,,-139.75225225225225,-2.257846928089669,59.262,-37.149532710280376,https://finance.naver.com/item/main.naver?code=0155E0
케이앤에스아이앤씨,KOSDAQ,7170.0,73570523940,-21.3,4.98,-354.0,1513.0,1.76912,3795272770.0,-1475256190.0,-1536422310.0,,-335.21939,통신장비,24600.0,6940.0,0.0059391581,10260882,487400,178093.0,2615141.65,0.0681007088086414,43106976292.75,-53.381014304291284,-53.381014304291284,0.2752611890067217,-23.397224058162593,-38.87088700610049,176.912,-70.85365853658536,https://finance.naver.com/item/main.naver?code=487400
예스24,KOSDAQ,2940.0,73500000000,-7.14,0.43,-414.0,6912.0,1.97547,135760359260.0,-3472397770.0,-887315250.0,,20.23581,인터넷과카탈로그소매,3985.0,2715.0,0.01163748,25000000,053280,8470.0,27461.15,0.3084357355755312,82432842.75,-8.837209302325578,-16.000000000000004,9.230494717082133,-5.989583333333334,-2.557740557646783,197.547,-26.22333751568381,https://finance.naver.com/item/main.naver?code=053280
블루엠텍,KOSDAQ,2170.0,73447006990,-16.16,1.63,-134.0,1325.0,1.31135,54967444210.0,181822720.0,1975628710.0,,-10.66193,건강관리업체및서비스,6660.0,1341.0,0.034343592,33846547,439580,139523.0,171711.9,0.8125412391336885,335413768.75,-8.43881856540084,-40.38461538461539,4.138274633266535,-10.11320754716981,0.33078256159292513,131.135,-67.41741741741743,https://finance.naver.com/item/main.naver?code=439580
폴라리스AI,KOSDAQ,5100.0,73344191400,-94.73,0.79,-55.0,6604.0,0.18986,11062505600.0,499248410.0,-783448260.0,,32.68044,IT서비스,14860.027,3760.0,0.0,14381214,039980,82410.0,417246.4,0.19750919360838104,2422006177.5,-19.17591125198098,278.05782060785765,0.27362488927405965,-0.8328285887341006,4.51297769286553,18.986,-65.67973934367683,https://finance.naver.com/item/main.naver?code=039980
CG인바이츠,KOSDAQ,953.0,73280155446,-21.74,0.87,-46.0,1144.0,1.08925,4613583000.0,-5872550000.0,-7492407960.0,,-33.30868,생명과학도구및서비스,1850.0,711.0,0.0236035283,76894182,083790,296376.0,213157.25,1.3904101314874346,187699927.8,-5.456349206349209,-34.5467032967033,2.611428886420706,-4.020979020979021,-127.28827030964871,108.92500000000001,-48.48648648648649,https://finance.naver.com/item/main.naver?code=083790
대교,KOSPI,1819.0,73185373150,-1.7,0.28,-1104.0,6750.0,1.15393,158618635460.0,-3721661380.0,-1192365110.0,,10.6218,교육서비스,4660.0,1636.0,0.017872314,40233850,019680,14699.0,94181.4,0.15607115630050095,98349624.85,49.58881578947369,18.19363222871995,2.028118078516565,-16.355555555555558,-2.346295168412616,115.39299999999999,-60.9656652360515,https://finance.naver.com/item/main.naver?code=019680
현대공업,KOSDAQ,4780.0,73325200000,5.97,0.44,793.0,10837.0,0.50509,85515790490.0,6264284880.0,10599271690.0,,10.13834,자동차부품,7320.0,4050.0,0.0475611473,15340000,170030,5561.0,26628.7,0.208834828587201,132614212.85,-9.125475285171103,-20.333333333333336,0.5114406636448644,7.317523299806219,7.325296116782701,50.509,-34.699453551912576,https://finance.naver.com/item/main.naver?code=170030
센코,KOSDAQ,1935.0,73163987010,13.02,1.24,148.0,1553.0,0.23394,12637590200.0,1411387020.0,1029813800.0,,253.27647,전자장비와기기,2625.0,1212.0,0.0240926638,37810846,347000,38504.0,43497.5,0.885200298867751,80698439.35,6.788079470198682,-12.045454545454549,1.4360595436519341,9.52994204764971,11.168165747295715,23.394000000000002,-26.285714285714292,https://finance.naver.com/item/main.naver?code=347000
대창솔루션,KOSDAQ,1983.0,73082993046,-10.33,2.29,-193.0,872.0,3.20409,18885891350.0,-135882350.0,-1142729460.0,,21.13778,조선,4180.0,1348.0,0.0315968124,36854762,096350,124867.0,411392.45,0.3035228283844295,835126462.8,-2.7941176470588247,-6.241134751773048,2.397384784285662,-22.13302752293578,-0.7194913254650276,320.409,-52.559808612440186,https://finance.naver.com/item/main.naver?code=096350
디알텍,KOSDAQ,4370.0,72958946070,-3.14,1.16,-1605.0,4335.0,1.78056,37003506460.0,1865837660.0,2065530370.0,,-32.03035,건강관리장비와용품,11825.0,3405.0,0.0,16695411,214680,594857.0,883826.35,0.673047369542671,1656736353.45,174.1530740276035,128.91566265060243,9.757338644633078,-37.0242214532872,5.042326629280202,178.05599999999998,-63.04439746300212,https://finance.naver.com/item/main.naver?code=214680
선도전기,KOSPI,4050.0,72900000000,13.3,1.97,312.0,2105.0,1.29444,3013066930.0,-1026263200.0,-1334617300.0,,55.63885,전기장비,16590.0,3000.0,0.0210841111,18000000,007610,147676.0,238891.05,0.6181730123418187,1014094877.6,-31.355932203389834,-37.69230769230769,4.929556800055925,14.821852731591449,-34.06041829943685,129.44400000000002,-75.5877034358047,https://finance.naver.com/item/main.naver?code=007610
지엠비코리아,KOSPI,3815.0,72760748200,4.99,0.25,762.0,15206.0,1.27589,215775493040.0,9933152390.0,8185264620.0,,10.13834,자동차부품,7140.0,3510.0,0.5638602726,19072280,013870,19882.0,12716.1,1.5635296985711027,49557561.4,-4.981320049813198,-25.19607843137255,1.9038856253096468,5.011179797448376,4.6034664317317135,127.589,-46.568627450980394,https://finance.naver.com/item/main.naver?code=013870
피제이메탈,KOSDAQ,2930.0,72673871170,9.58,0.99,307.0,2977.0,1.10979,122814735230.0,11786193890.0,9299004000.0,,30.01711,비철금속,4140.0,2450.0,0.0220835323,24803369,128660,14318.0,88782.6,0.16127033900786863,265670095.25,2.447552447552437,-10.806697108066976,0.9133884342202188,10.312395028552233,9.596726213615597,110.979,-29.227053140096615,https://finance.naver.com/item/main.naver?code=128660
대영포장,KOSPI,671.0,72732742379,45.2,0.36,15.0,1865.0,0.42888,79986998740.0,2527444080.0,1955359270.0,,17.48769,포장재,1637.0,576.0,0.0192320557,108394549,014160,82110.0,749226.7,0.10959299768681496,543172384.3,-19.544364508393286,-34.791059280855194,0.25188504360562697,0.8042895442359249,3.159818620292941,42.888,-59.01038485033598,https://finance.naver.com/item/main.naver?code=014160
한울반도체,KOSDAQ,10520.0,72731808400,-2.85,2.03,-3557.0,4998.0,3.26558,14107507390.0,-3351533720.0,-11353912330.0,,253.27647,전자장비와기기,29050.0,7079.615,0.0,6913670,320000,1185579.0,293489.35,4.039598029707041,3188462116.75,-0.28436018957346265,495.35936615732885,4.039598029707041,-71.16846738695479,-23.757093491765307,326.558,-63.78657487091222,https://finance.naver.com/item/main.naver?code=320000
지엘팜텍,KOSDAQ,4680.0,72585868680,0.0,3.65,0.0,1285.0,1.46379,9701712920.0,231013140.0,81529000.0,,46.08491,제약,6650.0,3760.0,0.0063906042,15509801,204840,85347.0,126198.0,0.6762943945228926,615875056.35,382.4742268041237,331.33640552995394,4.590730439468137,0.0,2.381158274883277,146.379,-29.624060150375943,https://finance.naver.com/item/main.naver?code=204840
이상네트웍스,KOSDAQ,7380.0,72582823980,4.66,0.48,1579.0,15272.0,0.21512,28763080700.0,8982032880.0,8297844400.0,,4.95802,다각화된소비자서비스,8200.0,6100.0,0.0509501152,9835071,080010,1761.0,5020.35,0.3507723565090083,38441805.25,8.529411764705873,6.493506493506485,2.265379903791568,10.339182818229439,31.227645514341585,21.512,-9.999999999999998,https://finance.naver.com/item/main.naver?code=080010
폴라리스AI파마,KOSDAQ,5460.0,72527091000,11.81,0.54,464.0,10233.0,0.33008,14704831570.0,778795830.0,6749227020.0,,46.08491,제약,10200.0,4110.0,0.0170313212,13283350,041910,13313.0,121075.05,0.10995659303878048,690563805.75,2.6315789473684292,-13.607594936708855,0.6208958823473539,4.534349653083162,5.296190073940439,33.007999999999996,-46.470588235294116,https://finance.naver.com/item/main.naver?code=041910
뉴프렉스,KOSDAQ,2960.0,72522252560,8.38,0.68,360.0,4434.0,0.52931,37117508650.0,1420686160.0,1584280580.0,,253.27647,전자장비와기기,7280.0,2260.0,0.035415104,24500761,085670,19468.0,62780.85,0.3100945590892764,187161248.55,-27.980535279805352,-41.38613861386139,0.9730992810705813,8.119079837618404,3.827536415216812,52.931,-59.34065934065934,https://finance.naver.com/item/main.naver?code=085670
레이,KOSDAQ,4635.0,72491497335,22.71,0.93,201.0,4896.0,1.23356,34146708690.0,5654007300.0,2543511710.0,,-32.03035,건강관리장비와용품,11690.0,3680.0,0.0054042127,15640021,228670,13020.0,84388.0,0.15428733943214676,417639275.4,-11.206896551724132,-13.364485981308416,0.6263686780110916,4.105392156862745,16.557986162970366,123.356,-60.35072711719418,https://finance.naver.com/item/main.naver?code=228670
영화테크,KOSDAQ,6770.0,72372518600,3.72,0.76,1822.0,8856.0,0.35874,28071643600.0,3988678600.0,6404214500.0,,10.13834,자동차부품,11120.0,5930.0,0.018553102,10690180,265560,7967.0,7993.1,0.9967346836646607,55924919.0,-13.977128335451084,-22.094361334867664,1.0485293565700415,20.573622402890695,14.208924339578036,35.874,-39.118705035971225,https://finance.naver.com/item/main.naver?code=265560
신일제약,KOSDAQ,6040.0,72397946600,9.29,0.46,651.0,13180.0,0.13853,24198110810.0,2259914000.0,2242169590.0,,46.08491,제약,6820.0,4820.0,0.0312794943,11986415,012790,7073.0,15926.15,0.4441123560935945,94919185.75,11.439114391143912,-0.8210180623973717,0.8552600597131134,4.939301972685888,9.33921667581619,13.852999999999998,-11.436950146627566,https://finance.naver.com/item/main.naver?code=012790
네오이뮨텍,KOSDAQ,2115.0,72358041600,,,,,0.35061,1169571000.0,-4207783000.0,-446259000.0,,46.08491,제약,4500.0,1115.0,0.0063823226,34211840,950220,349641.0,2317118.2,0.1508947622956826,6858765887.65,24.411764705882355,288.07339449541286,0.4029764213150628,,-359.7714888621554,35.061,-53.0,https://finance.naver.com/item/main.naver?code=950220
한국컴퓨터,KOSDAQ,4495.0,72240448550,2.89,0.36,1555.0,12463.0,0.77422,77758425370.0,1204149220.0,1809838420.0,,16.1175,디스플레이장비및부품,5930.0,4415.0,0.0241926441,16071290,054040,12591.0,44030.7,0.28595956911881937,203290281.05,-10.099999999999998,-11.862745098039218,0.7980568103618612,12.47693171788494,1.5485771661016339,77.422,-24.198988195615513,https://finance.naver.com/item/main.naver?code=054040
마음AI,KOSDAQ,10160.0,72240394000,-9.24,2.82,-1106.0,3622.0,1.17,961613110.0,-3014282110.0,-1352287320.0,,32.68044,IT서비스,26500.0,7730.0,0.00551793,7110275,377480,148383.0,41922.1,3.5394934891143337,435105038.5,-21.846153846153847,-31.903485254691688,3.5394934891143337,-30.53561568194368,-313.4610040830246,117.0,-61.66037735849057,https://finance.naver.com/item/main.naver?code=377480
유니크,KOSDAQ,3735.0,72162795825,6.68,0.53,559.0,7054.0,1.15654,121438562660.0,4866785810.0,4618912920.0,,10.13834,자동차부품,5130.0,3410.0,0.0261202819,19320695,011320,6053.0,13611.4,0.44470076553477234,51449013.85,-7.3200992555831235,-2.9870129870129825,1.672495114389409,7.924581797561666,4.007611506096198,115.654,-27.192982456140346,https://finance.naver.com/item/main.naver?code=011320
티에스아이,KOSDAQ,3635.0,72130075620,59.34,0.7,61.0,5136.0,1.23969,116645573200.0,7092944340.0,5189808430.0,,253.27647,전자장비와기기,6550.0,2345.0,0.0275201414,19843212,277880,17062.0,80663.6,0.21152043796706319,292192689.15,-10.246913580246918,-32.05607476635514,0.33328539762668663,1.1876947040498442,6.080765986582678,123.969,-44.50381679389312,https://finance.naver.com/item/main.naver?code=277880
내츄럴엔도텍,KOSDAQ,2270.0,72083623000,-21.86,2.94,-102.0,759.0,0.64086,6154196120.0,-193945390.0,-254289110.0,,42.91369,화장품,4100.0,1668.0,0.012156927,31754900,168330,8649.0,14933.4,0.5791715215557074,31534310.2,4.608294930875578,-12.355212355212352,1.0617140102053115,-13.438735177865613,-3.1514333670601324,64.086,-44.634146341463406,https://finance.naver.com/item/main.naver?code=168330
라이온켐텍,KOSDAQ,2005.0,71983028800,8.32,0.51,241.0,3936.0,0.16806,42021891570.0,5189769520.0,4493944700.0,,7.71583,건축자재,3650.0,1863.0,0.0323189448,35901760,171120,27472.0,45789.6,0.5999615633244231,92473863.0,-4.523809523809518,-2.9055690072639195,0.8478344427555602,6.122967479674797,12.35015684944808,16.805999999999997,-45.06849315068493,https://finance.naver.com/item/main.naver?code=171120
CJ씨푸드,KOSPI,2005.0,72041199865,25.83,0.82,78.0,2447.0,0.93362,48254180050.0,-578078690.0,741599380.0,,33.27747,식품,3350.0,1710.0,0.0251889655,35930773,011150,31018.0,44499.15,0.6970470222464923,89606261.9,-4.976303317535546,-25.04672897196262,0.8639715590073068,3.187576624438088,-1.197986763843063,93.362,-40.14925373134328,https://finance.naver.com/item/main.naver?code=011150
파로스아이바이오,KOSDAQ,5550.0,71849922600,-6.64,5.13,-831.0,1076.0,1.70146,,-2280091590.0,-2334621520.0,,-69.92914,생물공학,12120.0,3710.0,0.0163306898,12945932,388870,47134.0,46106.9,1.0222764922386887,246769726.75,-20.71428571428572,-36.49885583524027,2.564431787866892,-77.23048327137546,,170.146,-54.207920792079214,https://finance.naver.com/item/main.naver?code=388870
유라테크,KOSDAQ,6240.0,71884800000,6.59,0.47,964.0,13417.0,0.2161,54246367850.0,1108012170.0,2524488070.0,,10.13834,자동차부품,9760.0,5130.0,0.0190975694,11520000,048430,39966.0,62460.1,0.6398644894900904,406107656.25,-2.0408163265306145,-19.691119691119695,1.3160561702590934,7.184914660505329,2.0425554998702093,21.61,-36.065573770491795,https://finance.naver.com/item/main.naver?code=048430
자이글,KOSDAQ,5310.0,71849132100,-13.28,3.71,-400.0,1431.0,1.58968,2722182640.0,721151110.0,596850740.0,,-32.03035,건강관리장비와용품,6270.0,4560.0,0.0049191074,13530910,234920,,,,,,,,-27.952480782669465,26.4916504647168,158.968,-15.311004784688997,https://finance.naver.com/item/main.naver?code=234920
빛샘전자,KOSDAQ,8900.0,71668229000,9.69,0.88,943.0,10357.0,0.3747,41224605150.0,3630055570.0,2985389630.0,,253.27647,전자장비와기기,25700.0,4600.0,0.0034236105,8052610,072950,303106.0,429375.5,0.7059229043110284,4115786194.0,-14.25818882466281,27.873563218390807,4.366953866720388,9.104953171767887,8.805555703424366,37.47,-65.36964980544747,https://finance.naver.com/item/main.naver?code=072950
레이저쎌,KOSDAQ,4900.0,71554910700,-2.74,3.43,-1837.0,1467.0,1.01687,2061285500.0,-1050574200.0,-3623551490.0,,33.00285,반도체와반도체장비,14640.0,1573.0,0.0380189252,14603043,412350,95670.0,214460.3,0.44609655027060957,1028809907.7,-20.0652528548124,15.566037735849058,1.0112221236284757,-125.22154055896387,-50.966942716086635,101.687,-66.53005464480874,https://finance.naver.com/item/main.naver?code=412350
성창기업지주,KOSPI,5120.0,71425638400,-3.46,0.11,-1480.0,48555.0,0.27104,34722061500.0,390614530.0,951378570.0,,-5.89866,종이와목재,9245.0,4395.0,0.0058104043,13950320,000180,6758.0,8326.25,0.8116499024170545,43515862.25,-2.103250478011476,224.0506329113924,2.8894160036030625,-3.0480897950777472,1.1249750536845284,27.104,-44.618712817739315,https://finance.naver.com/item/main.naver?code=000180
종근당바이오,KOSPI,13020.0,71427225240,-24.85,0.56,-526.0,23156.0,1.4509,41085659450.0,-5003107040.0,-5405120110.0,,46.08491,제약,24900.0,11770.0,0.0145854091,5485962,063160,1027.0,5331.45,0.19263052265331196,73671580.0,-19.480519480519476,-34.86743371685843,1.846777143178685,-2.271549490412852,-12.177258700419861,145.09,-47.71084337349397,https://finance.naver.com/item/main.naver?code=063160
아우토크립트,KOSDAQ,7300.0,71182234300,-4.59,2.04,-1434.0,3227.0,1.46914,7464506890.0,-792533100.0,-106279470.0,,10.13834,자동차부품,22750.0,5120.0,0.0257665093,9750991,331740,131384.0,15925.2,8.250069072915881,102488825.5,-33.816863100634635,-61.760083813514925,8.250069072915881,-44.43755810350171,-10.61735372046793,146.914,-67.91208791208791,https://finance.naver.com/item/main.naver?code=331740
일지테크,KOSDAQ,5270.0,71216145000,1.53,0.36,3457.0,14517.0,2.34774,206970740760.0,3478765030.0,1562538490.0,,10.13834,자동차부품,8240.0,3715.0,0.0801131461,13513500,019540,34701.0,70224.15,0.49414624456116596,392586859.75,-18.04043545878694,8.996897621509813,0.49414624456116596,23.813460081284013,1.680800395855915,234.774,-36.04368932038835,https://finance.naver.com/item/main.naver?code=019540
APS,KOSDAQ,3870.0,71185635270,-18.73,0.33,-205.0,11700.0,0.67811,17883247360.0,-3948936630.0,-7207038220.0,,33.00285,반도체와반도체장비,10770.0,3280.0,0.02548545,18394221,054620,16969.0,23895.0,0.7101485666457418,92443436.9,-18.354430379746834,-45.1063829787234,1.0459928855409082,-1.7521367521367521,-22.081764852353974,67.81099999999999,-64.06685236768801,https://finance.naver.com/item/main.naver?code=054620
지니너스,KOSDAQ,1805.0,71103049155,-3.49,6.66,-521.0,273.0,0.33399,3606850290.0,-4594620820.0,-7745896470.0,,-69.92914,생물공학,6480.0,1610.0,0.0386829437,39392271,389030,220023.0,374938.1,0.5868248652244198,728753384.55,-38.39590443686007,-57.27810650887575,3.980155657693897,-190.84249084249086,-127.38595867809086,33.399,-72.14506172839505,https://finance.naver.com/item/main.naver?code=389030
동국생명과학,KOSDAQ,2220.0,71004790800,8.05,0.54,275.0,4107.0,0.63952,24257952550.0,21875370.0,-887872160.0,,-32.03035,건강관리장비와용품,4395.0,2155.0,0.0234918619,31984140,303810,16492.0,55617.35,0.2965261739367302,127058918.55,-24.361158432708685,-37.46478873239436,0.6189795090920369,6.695885074263453,0.0901781383029377,63.952,-49.48805460750854,https://finance.naver.com/item/main.naver?code=303810
뉴엔AI,KOSDAQ,7900.0,70998880000,-61.03,1.38,-136.0,6023.0,0.07715,5310501310.0,226790950.0,412070580.0,,32.68044,IT서비스,30950.0,5450.0,0.0162947303,8987200,463020,174368.0,123979.8,1.4064226591751237,1180956372.75,-35.2989352989353,-37.101910828025474,1.4064226591751237,-2.258010957994355,4.270612824686413,7.715,-74.47495961227787,https://finance.naver.com/item/main.naver?code=463020
팅크웨어,KOSDAQ,6380.0,70878125120,-2.62,0.4,-2461.0,16025.0,0.74608,133793639140.0,-3550866920.0,-657021520.0,,40.05009,전자제품,10730.0,5500.0,0.0290070844,11109424,084730,12652.0,188059.75,0.06727649058344488,1378282262.5,-10.267229254571031,-22.666666666666668,0.20765208929608808,-15.357254290171607,-2.6539878448813377,74.60799999999999,-40.54054054054054,https://finance.naver.com/item/main.naver?code=084730
DSR,KOSPI,4415.0,70640000000,4.72,0.29,935.0,15284.0,0.60055,88213945280.0,4074908970.0,11034165980.0,,30.01711,비철금속,4800.0,3630.0,0.0290141875,16000000,155660,12463.0,25170.9,0.49513525539412573,113045629.7,1.4942528735632177,9.68944099378881,0.49513525539412573,6.117508505626799,4.6193478333452,60.055,-8.020833333333332,https://finance.naver.com/item/main.naver?code=155660
THE E&M,KOSDAQ,1798.0,70879594492,-2.24,2.51,-809.0,722.0,1.155,7325592240.0,-4072556460.0,954631420.0,,19.46801,양방향미디어와서비스,4500.0,860.0,0.005547983,39421354,089230,168864.0,387727.35,0.43552253922762996,832617114.85,-25.394190871369293,33.68029739776952,0.8784110793319069,-112.04986149584488,-55.593545567040735,115.5,-60.044444444444444,https://finance.naver.com/item/main.naver?code=089230
싸이토젠,KOSDAQ,3055.0,70660766085,-5.78,2.01,-535.0,1538.0,0.62235,6833976920.0,-1216357300.0,-2197751800.0,,-10.66193,건강관리업체및서비스,11200.0,2260.0,0.0200357145,23129547,217330,62126.0,56571.15,1.0981922764518663,182915468.8,-29.036004645760737,-34.15948275862068,1.2500894890770295,-34.78543563068921,-17.79867439177714,62.235,-72.72321428571429,https://finance.naver.com/item/main.naver?code=217330
세원물산,KOSDAQ,8460.0,70641000000,3.84,0.18,2230.0,47436.0,0.2823,41587303920.0,-1732014410.0,1950916080.0,,10.13834,자동차부품,14000.0,7970.0,0.0187223952,8350000,024830,1483.0,2231.9,0.6644562928446615,19050376.0,-19.274809160305338,-26.879861711322384,0.6644562928446615,4.701070916603423,-4.16476724081901,28.23,-39.57142857142857,https://finance.naver.com/item/main.naver?code=024830
아이디피,KOSDAQ,5320.0,70616222320,6.23,0.92,857.0,5785.0,0.0846,11882043630.0,2587167090.0,2426448120.0,,19.51316,컴퓨터와주변기기,5740.0,4380.0,0.0114450909,13273726,332370,1176.0,4613.2,0.25492066244689154,24840098.0,5.555555555555558,10.031023784901748,0.5694528743605307,14.81417458945549,21.773755176827272,8.459999999999999,-7.317073170731703,https://finance.naver.com/item/main.naver?code=332370
엔브이에이치코리아,KOSDAQ,1671.0,70466070000,-5.37,0.34,-314.0,4978.0,3.84637,408933387270.0,4900608130.0,849947250.0,,10.13834,자동차부품,2505.0,1591.0,0.012073512,42170000,067570,29953.0,89310.9,0.3353789962927258,152538529.5,-9.919137466307282,-27.189542483660134,1.1087672389372407,-6.3077541181197265,1.1983878750316743,384.637,-33.293413173652695,https://finance.naver.com/item/main.naver?code=067570
피제이전자,KOSDAQ,4730.0,70311450000,7.55,0.51,629.0,9377.0,0.41712,50657912840.0,1755981390.0,1841019240.0,,-32.03035,건강관리장비와용품,12250.0,3980.0,0.0308417087,14865000,006140,15606.0,30039.9,0.5195090529595637,143170270.0,-7.25490196078431,-30.44117647058824,1.1718747399292273,6.707902314172977,3.466351635027212,41.711999999999996,-61.38775510204082,https://finance.naver.com/item/main.naver?code=006140
현대에이치티,KOSDAQ,8120.0,70035000000,5.98,0.59,1367.0,13750.0,0.4525,36435347870.0,200858090.0,-1490524920.0,,-335.21939,통신장비,12450.0,5550.0,0.0342849855,8625000,039010,4977.0,53608.3,0.0928401012529776,412435132.75,-13.155080213903748,-5.2508751458576475,1.749840976117504,9.941818181818181,0.5512726013119303,45.25,-34.77911646586346,https://finance.naver.com/item/main.naver?code=039010
휴마시스,KOSDAQ,2835.0,69953627835,-4.14,0.3,-690.0,9505.0,0.40305,7738386940.0,-3311300290.0,-17103413700.0,,-33.30868,생명과학도구및서비스,7240.0,1898.0,0.0,24675001,205470,28587.0,171081.85,0.16709545752515534,542123229.55,1.2499999999999956,276.4940239043825,0.5620526081521797,-7.259337190952131,-42.79057529268496,40.305,-60.84254143646408,https://finance.naver.com/item/main.naver?code=205470
국제약품,KOSPI,3305.0,69933244760,11.88,0.72,280.0,4617.0,0.86384,48317716300.0,2133719620.0,1666952970.0,,46.08491,제약,5470.0,2810.0,0.0368142337,21159832,002720,43711.0,104316.3,0.419023680862914,356908367.95,-8.953168044077131,-33.16481294236603,0.419023680862914,6.064544076239983,4.416019181767496,86.384,-39.57952468007313,https://finance.naver.com/item/main.naver?code=002720
라파스,KOSDAQ,7850.0,70041334550,-16.26,2.34,-484.0,3370.0,1.46809,7582172960.0,-1770064330.0,-2315920030.0,,42.91369,화장품,16670.0,6240.0,0.0,8922463,214260,2204.0,18519.15,0.11901194169278827,154954485.5,-1.8750000000000044,-26.97674418604651,0.7280031750917293,-14.362017804154304,-23.345079825243133,146.809,-52.90941811637673,https://finance.naver.com/item/main.naver?code=214260
오텍,KOSDAQ,2545.0,69887850525,-5.8,0.54,-431.0,4600.0,3.8123,250977984960.0,5113284940.0,1823105810.0,,190.12516,기계,5200.0,1650.0,0.0197179293,27460845,067170,189897.0,513752.5,0.3696273984068204,1346251081.3,-13.874788494077839,41.153632834165286,0.5971474591364518,-9.369565217391305,2.037344008804174,381.23,-51.05769230769231,https://finance.naver.com/item/main.naver?code=067170
옵티팜,KOSDAQ,4760.0,69829000080,-28.18,2.77,-170.0,1731.0,0.62805,6588058670.0,-206123170.0,-216938910.0,,46.08491,제약,6250.0,4075.0,0.0081486259,14669958,153710,5806.0,4454.7,1.3033425370956517,21194167.5,-0.8333333333333304,-6.483300589390961,1.3033425370956517,-9.820912767186597,-3.1287391373519746,62.805,-23.839999999999996,https://finance.naver.com/item/main.naver?code=153710
기가레인,KOSDAQ,8220.0,69774105480,-6.74,1.73,-1250.0,4870.0,1.52791,13683829040.0,-2375667500.0,-1606950630.0,,-335.21939,통신장비,31250.0,3580.0,0.0,8488334,049080,221299.0,477421.15,0.46352994625395205,4145364749.0,487.1428571428571,1686.9565217391305,4.652841626308344,-25.667351129363446,-17.361131106326656,152.791,-73.69600000000001,https://finance.naver.com/item/main.naver?code=049080
나래나노텍,KOSDAQ,6510.0,69721767990,1.79,0.61,3613.0,10520.0,0.15485,20684329430.0,3001943930.0,2759542970.0,,16.1175,디스플레이장비및부품,7080.0,2860.0,0.0239971264,10709949,137080,6037.0,30364.95,0.19881475187675263,198280595.5,27.897838899803528,50.52023121387283,0.6079048376499879,34.344106463878326,14.51313149966593,15.485,-8.05084745762712,https://finance.naver.com/item/main.naver?code=137080
삼정펄프,KOSPI,27900.0,69749190900,2.22,0.24,12556.0,114819.0,0.11071,29636958120.0,-10366920.0,13542267620.0,,6.24714,가정용품,36450.0,24750.0,0.1737140151,2499971,009770,502.0,2010.9,0.24963946491620667,56284798.75,7.307692307692304,-17.699115044247794,0.8349495250882689,10.935472352136841,-0.03497970324088038,11.071,-23.456790123456795,https://finance.naver.com/item/main.naver?code=009770
큐에스아이,KOSDAQ,7520.0,69722589920,26.03,0.76,282.0,9645.0,0.0693,7703114580.0,-12527170.0,2045608470.0,,33.00285,반도체와반도체장비,22750.0,5360.0,0.0870319225,9271621,066310,99257.0,39084.9,2.539522935967599,286608023.75,-22.87179487179487,-11.425206124852771,4.534436572691756,2.9237947122861585,-0.16262473925189883,6.93,-66.94505494505493,https://finance.naver.com/item/main.naver?code=066310
화천기계,KOSPI,3170.0,69740000000,25.44,0.5,126.0,6446.0,0.33117,56893945310.0,905157760.0,2381181540.0,,190.12516,기계,6760.0,2450.0,0.0414759545,22000000,010660,101969.0,102217.1,0.9975728131594419,297477203.05,6.197654941373543,-45.81196581196581,1.6166375293370678,1.9547005895128762,1.59095621698941,33.117000000000004,-53.10650887573964,https://finance.naver.com/item/main.naver?code=010660
셀리드,KOSDAQ,2350.0,69331995950,-5.13,0.97,-474.0,2515.0,0.80406,2065576350.0,-2502457760.0,-19023860570.0,,-69.92914,생물공학,4760.0,973.0,0.0081642947,29502977,299660,809547.0,2663048.7,0.30399256311009254,6417353925.75,-13.123844731977819,-8.023483365949124,0.30399256311009254,-18.846918489065605,-121.1505815313968,80.406,-50.63025210084034,https://finance.naver.com/item/main.naver?code=299660
크리스에프앤씨,KOSDAQ,2960.0,69355641600,4.87,0.17,615.0,17440.0,0.95408,89809446530.0,10880128990.0,7041304960.0,,8.94358,"섬유,의류,신발,호화품",4950.0,2525.0,0.0076955874,23430960,110790,1473.0,7478.6,0.19696199823496374,22267491.65,-8.923076923076923,-25.440806045340047,0.20164201855962344,3.5263761467889907,12.114682152467775,95.408,-40.20202020202021,https://finance.naver.com/item/main.naver?code=110790
삼륭물산,KOSDAQ,4670.0,69232750000,11.25,1.19,408.0,3863.0,0.8034,29764159850.0,2261664440.0,1943305530.0,,17.48769,포장재,11950.0,3545.0,0.0161651939,14825000,014970,599061.0,62538.6,9.579059972560946,293800110.45,-11.216730038022815,-25.04012841091493,12.374901260981218,10.56173958063681,7.5986167639131255,80.34,-60.920502092050214,https://finance.naver.com/item/main.naver?code=014970
에이치엘지노믹스,KOSDAQ,8880.0,69105589680,6.45,0.65,1409.0,13925.0,0.07611,6607737350.0,2116193350.0,1787529850.0,,46.08491,제약,25550.0,8650.0,0.014300912,7782161,0156T0,72583.0,358190.05,0.20263823632175154,3544209817.75,-39.95943204868154,-39.95943204868154,0.5965185241745269,10.118491921005386,32.02599071223677,7.611,-65.24461839530333,https://finance.naver.com/item/main.naver?code=0156T0
신신제약,KOSDAQ,4560.0,69177480000,7.58,0.94,613.0,4933.0,0.79278,33999386650.0,4064750580.0,3648227140.0,,46.08491,제약,6990.0,3900.0,0.0380814739,15170500,002800,20319.0,129226.7,0.15723530818321602,607628442.2,-2.4598930481283476,-19.718309859154925,0.35225692523294333,12.42651530508818,11.955364435964023,79.278,-34.76394849785408,https://finance.naver.com/item/main.naver?code=002800
디에이테크놀로지,KOSDAQ,6090.0,69131518050,-4.14,-3.33,-1470.0,-1830.0,-8.03797,2086564900.0,-143448460.0,4879647810.0,,-80.94163,전기제품,203.0,203.0,0.0223283938,11351645,196490,,,,,,,,80.32786885245902,-6.87486212386684,-803.7969999999999,2900.0,https://finance.naver.com/item/main.naver?code=196490
아이티센씨티에스,KOSPI,5700.0,68999332200,1.28,0.3,4360.0,18920.0,1.03661,260610992970.0,6817519900.0,11517425960.0,,32.68044,IT서비스,9980.0,4570.0,0.0208218059,12105146,031820,14130.0,28334.3,0.49868886826214165,168942046.25,-4.040404040404044,623.3502538071066,1.2699096148484346,23.044397463002113,2.6159755666119553,103.661,-42.88577154308617,https://finance.naver.com/item/main.naver?code=031820
싸이닉솔루션,KOSDAQ,2925.0,69044625000,37.97,1.94,79.0,1548.0,1.20884,49996308220.0,753029910.0,1045787600.0,,33.00285,반도체와반도체장비,12700.0,1959.0,0.0442827367,23605000,234030,37557.0,40201.75,0.9342130628641788,123548987.55,-36.96120689655172,-60.312075983717776,1.3477771490047075,5.103359173126615,1.506171029041632,120.88399999999999,-76.96850393700787,https://finance.naver.com/item/main.naver?code=234030
KT지니뮤직,KOSDAQ,1188.0,69041140344,-2.49,0.48,-474.0,2474.0,0.59287,77216249500.0,1893651820.0,-464697770.0,,876.91615,방송과엔터테인먼트,2115.0,1140.0,0.0129649543,58115438,043610,12136.0,81195.35,0.14946668743961322,97091968.15,-22.302158273381288,-31.40877598152425,1.182616984839649,-19.15925626515764,2.4524006698874956,59.287,-43.82978723404255,https://finance.naver.com/item/main.naver?code=043610
인벤테라,KOSDAQ,8770.0,68982311780,-7.29,4.11,-1210.0,2145.0,0.03716,,-2493132460.0,-2256814800.0,,46.08491,제약,60200.0,6090.0,0.0370462236,7865714,0007J0,8242.0,16775.55,0.4913102700060505,137280648.75,-22.251773049645386,-75.12056737588652,1.5907675158191534,-56.41025641025641,,3.7159999999999997,-85.43189368770764,https://finance.naver.com/item/main.naver?code=0007J0
한국특강,KOSPI,2405.0,68894928700,23.13,0.32,104.0,7479.0,1.65185,255229971080.0,473482190.0,141629750.0,,44.69235,철강,3600.361,1693.0,0.0110060063,28646540,007280,11888.0,27413.0,0.4336628606865356,64240443.65,9.567198177676527,78.28020756115642,2.669135081895451,1.3905602353255784,0.18551198669829821,165.185,-33.201142885393985,https://finance.naver.com/item/main.naver?code=007280
탑머티리얼,KOSDAQ,8390.0,68731240770,-2.24,0.63,-3837.0,13681.0,0.91482,5082813710.0,-9646573000.0,-10048772820.0,,253.27647,전자장비와기기,28650.0,6520.0,0.0,8192043,360070,5801.0,21930.15,0.2645216744983504,188513578.0,-33.465503568596354,-53.41476957245974,1.1306808206966208,-28.046195453548716,-189.78804950142467,91.482,-70.7155322862129,https://finance.naver.com/item/main.naver?code=360070
원일티엔아이,KOSDAQ,8200.0,68724446000,-31.07,1.39,-261.0,5853.0,0.53567,9951562440.0,542789210.0,1010464740.0,,-42.34619,에너지장비및서비스,29150.0,5400.0,0.0105729248,8381030,136150,7327.0,12351.6,0.5932025000809612,98637404.75,-37.73728170083523,-48.42767295597484,2.833802908125263,-4.459251665812404,5.45431145383036,53.567,-71.8696397941681,https://finance.naver.com/item/main.naver?code=136150
팜젠사이언스,KOSPI,3025.0,68529454125,-0.49,0.45,-6256.0,6677.0,0.31529,47717245820.0,1797971590.0,-13583136930.0,,46.08491,제약,4630.0,2590.0,0.0165625477,22654365,004720,7266.0,18248.3,0.39817407648931685,57676354.5,-3.66242038216561,-18.46361185983828,1.601135448233534,-93.69477310169238,3.767970173262611,31.529,-34.66522678185745,https://finance.naver.com/item/main.naver?code=004720
동일금속,KOSDAQ,7560.0,68796000000,12.62,0.41,596.0,18440.0,0.19097,30302254820.0,2361857140.0,2404305070.0,,190.12516,기계,8570.0,6910.0,0.0,9100000,109860,2087.0,1872.2,1.1147313321226364,13880190.75,2.857142857142847,4.709141274238227,3.173806217284478,3.2321041214750545,7.794328026180858,19.097,-11.7852975495916,https://finance.naver.com/item/main.naver?code=109860
피앤에스로보틱스,KOSDAQ,5090.0,68487375200,24.39,1.59,212.0,3261.0,0.05403,1728956720.0,-457578940.0,217796420.0,,-32.03035,건강관리장비와용품,14800.0,3605.0,0.0176402869,13455280,460940,30795.0,63889.6,0.4820033307455361,345323498.5,-10.701754385964913,-41.224018475750576,1.3057837269289525,6.501073290401717,-26.465609850546173,5.4030000000000005,-65.60810810810811,https://finance.naver.com/item/main.naver?code=460940
넥스트칩,KOSDAQ,2080.0,68405856480,-2.53,3.73,-815.0,552.0,1.69209,13207734860.0,-590009370.0,-711416650.0,,33.00285,반도체와반도체장비,7570.0,1575.0,0.033460017,32887431,396270,81604.0,115750.45,0.7049994190087382,240824847.9,-40.143884892086334,-30.666666666666664,0.7883338682484604,-147.64492753623188,-4.467150319521178,169.209,-72.5231175693527,https://finance.naver.com/item/main.naver?code=396270
특수건설,KOSDAQ,3895.0,68342959245,-3.49,0.79,-1113.0,4922.0,1.33536,55414601130.0,1988798010.0,1663261520.0,,39.04177,건설,7690.0,3145.0,0.022112714,17546331,026150,5839.0,23146.7,0.2522605814219738,90017989.3,-17.12765957446809,-39.33021806853583,1.5334799345047025,-22.612759041040228,3.588942209174032,133.536,-49.34980494148245,https://finance.naver.com/item/main.naver?code=026150
동양고속,KOSPI,23600.0,68335428400,21.08,1.15,1136.0,20914.0,1.92742,33678029660.0,-1403800940.0,-2195818300.0,,13.80218,도로와철도운송,172800.0,7170.0,0.0417379106,2895569,084670,5949.0,11449.05,0.5196064302278355,284462352.5,-33.42736248236954,-46.72686230248308,1.2539031622711057,5.431768193554556,-4.168298900417324,192.742,-86.3425925925926,https://finance.naver.com/item/main.naver?code=084670
제일연마,KOSPI,8990.0,68324000000,4.46,0.56,2042.0,16369.0,0.10673,21596273260.0,2069757850.0,2286354480.0,,30.01711,비철금속,12900.0,8030.0,0.0643322368,7600000,001560,2400.0,5024.95,0.47761669270341,45832865.75,-11.776251226692835,-17.974452554744524,1.0300600005970209,12.474799926690695,9.583865813707526,10.673,-30.310077519379842,https://finance.naver.com/item/main.naver?code=001560
엔케이,KOSPI,9170.0,68023738580,-16.25,0.39,-560.0,23370.0,0.31718,36792105840.0,3144228500.0,3552445950.0,,21.13778,조선,17610.0,6950.0,0.0,7418074,085310,2835.0,15303.8,0.18524810831296804,143324004.25,-10.098039215686272,805.2319842053307,0.9291156444804559,-2.396234488660676,8.545932417332924,31.718000000000004,-47.92731402612153,https://finance.naver.com/item/main.naver?code=085310
오가닉티코스메틱,KOSDAQ,3315.0,68223021555,,,,,0.28273,78827846000.0,14150363000.0,14000714000.0,,42.91369,화장품,24800.0,1541.0,0.0,20580097,900300,197477.0,1167811.65,0.16910004280227897,4497913832.05,3087.5,2662.5,0.16910004280227897,,17.95097001635691,28.273,-86.63306451612904,https://finance.naver.com/item/main.naver?code=900300
금호에이치티,KOSPI,6500.0,67970038500,-2.76,0.23,-2300.0,28000.0,0.37062,93991816550.0,2538969930.0,2624837940.0,,10.13834,자동차부품,11530.0,2500.0,0.0032245605,10456929,214330,75793.0,438921.55,0.17268006093571847,3229418555.75,72.41379310344827,1254.1666666666665,2.7655397644522126,-8.214285714285714,2.7012670072711775,37.062,-43.62532523850824,https://finance.naver.com/item/main.naver?code=214330
네오뷰,KOSDAQ,12920.0,68168181000,0.0,0.0,0.0,0.0,,,,,,16.1175,디스플레이장비및부품,25600.0,12280.0,0.1619663866,5276175,0218L0,18710.0,40517.45,0.4617763457473262,598633222.75,-28.02228412256268,-28.02228412256268,1.8030749714012113,,,,-49.53125000000001,https://finance.naver.com/item/main.naver?code=0218L0
한켐,KOSDAQ,8400.0,67763925600,10.53,1.02,734.0,7581.0,0.04579,6657890720.0,413811140.0,417141980.0,,16.1175,디스플레이장비및부품,17040.0,5460.0,0.0085472734,8067134,457370,3354088.0,1068510.2,3.1390322712876304,9904558947.5,-39.30635838150289,-5.511811023622048,3.1390322712876304,9.682099986809128,6.215348935616054,4.579,-50.70422535211267,https://finance.naver.com/item/main.naver?code=457370
잉크테크,KOSDAQ,3455.0,67739687035,27.15,0.87,128.0,3991.0,0.9615,23311582300.0,2380435190.0,2139409840.0,,19.51316,컴퓨터와주변기기,4450.0,2735.0,0.0081857968,19606277,049550,10744.0,7429.4,1.4461463913640402,25919006.55,13.09328968903436,8.137715179968708,1.4461463913640402,3.2072162365321977,10.211384020895055,96.15,-22.359550561797747,https://finance.naver.com/item/main.naver?code=049550
프로티아,KOSDAQ,5250.0,67618503750,14.93,2.17,347.0,2384.0,0.05998,5347482850.0,1636714660.0,1550651190.0,,-32.03035,건강관리장비와용품,6890.0,3680.0,0.020609307,12879715,303360,16120.0,33559.55,0.4803401714266132,170194930.6,19.863013698630127,5.846774193548376,3.8157543828805807,14.555369127516778,30.60719792677783,5.998,-23.802612481857764,https://finance.naver.com/item/main.naver?code=303360
뷰노,KOSDAQ,4820.0,67488786860,-12.01,1.92,-413.0,2579.0,0.3435,6111075520.0,-4208921610.0,-5383790400.0,,560.23548,건강관리기술,28350.0,4680.0,0.0151705246,14001823,338220,142759.0,44259.75,3.2254813911059146,259586319.5,-45.78177727784028,-71.89504373177842,3.2254813911059146,-16.013958898797984,-68.87366382930905,34.35,-82.99823633156966,https://finance.naver.com/item/main.naver?code=338220
아이에스티이,KOSDAQ,6950.0,67519097100,-14.49,3.3,-497.0,2184.0,1.52129,16849737150.0,2073401490.0,1770703470.0,,33.00285,반도체와반도체장비,15580.0,5590.0,0.0733432438,9714978,212710,59516.0,71467.35,0.8327718881419277,559589899.5,-31.527093596059107,-16.965352449223413,0.9055743636779592,-22.756410256410255,12.30524530763971,152.129,-55.39152759948652,https://finance.naver.com/item/main.naver?code=212710
아이티센엔텍,KOSDAQ,5180.0,67468241260,2.91,0.67,1772.0,7642.0,1.75983,138834251410.0,8310266340.0,5156611920.0,,32.68044,IT서비스,7950.0,4050.0,0.0,13024757,010280,7018.0,57002.3,0.12311783910473788,317474513.5,-6.329113924050633,373.49177330895793,1.0130117556659994,23.187647212771527,5.985746496704506,175.983,-34.84276729559749,https://finance.naver.com/item/main.naver?code=010280
휴비스,KOSPI,1952.0,67344000000,27.46,0.26,71.0,7534.0,2.23059,238728537020.0,3341868770.0,-1594832070.0,,8.94358,"섬유,의류,신발,호화품",4070.0,1630.0,0.014034058,34500000,079980,31560.0,53532.85,0.5895445506824315,106227350.25,-5.700483091787445,-22.99802761341223,0.9059297235249011,0.9423944783647464,1.3998614542341152,223.059,-52.039312039312044,https://finance.naver.com/item/main.naver?code=079980
신일전자,KOSPI,983.0,67382213143,16.18,0.81,61.0,1221.0,0.9297,71885680270.0,6976105130.0,5242596250.0,,11.65576,가정용기기와용품,1501.0,947.0,0.0275754684,68547521,002700,172235.0,593032.0,0.29043120775944636,590802953.25,-22.598425196850393,-27.61413843888071,0.7463273482712569,4.995904995904995,9.704443365908206,92.97,-34.51032644903398,https://finance.naver.com/item/main.naver?code=002700
대륙제관,KOSDAQ,4230.0,67270531770,7.29,0.42,577.0,9988.0,0.40372,78189998380.0,2342226010.0,1904111540.0,,17.48769,포장재,4310.0,3400.0,0.0461703963,15903199,004780,24157.0,27163.4,0.8893216607641163,111428566.85,5.882352941176472,9.585492227979264,2.0394354167740416,5.776932318782539,2.9955570514490653,40.372,-1.8561484918793503,https://finance.naver.com/item/main.naver?code=004780
인지소프트,KOSDAQ,20450.0,67151951300,2.5,0.76,8108.0,26761.0,0.18896,4523907530.0,1215509640.0,47465717430.0,,162.84747,소프트웨어,23700.0,15300.0,0.0130787882,3283714,100030,9777.0,11382.15,0.858976555395949,228830732.0,9.066666666666666,2.6606425702811354,1.1218442912806457,30.297821456597283,26.86857836813477,18.895999999999997,-13.71308016877637,https://finance.naver.com/item/main.naver?code=100030
다스코,KOSPI,3315.0,67132897065,-12.31,0.42,-273.0,8046.0,1.53938,80365349580.0,-3923730800.0,-4077116070.0,,7.71583,건축자재,5800.0,2270.0,0.0062524039,20251251,058730,351918.0,2665588.2,0.1320226432574994,9944389353.1,18.817204301075275,-0.45045045045044585,0.7912876415044153,-3.392990305741984,-4.882366368722265,153.938,-42.844827586206904,https://finance.naver.com/item/main.naver?code=058730
와이즈넛,KOSDAQ,5670.0,66990375270,42.01,1.09,134.0,5170.0,0.16741,7433414910.0,-165198420.0,502887430.0,,162.84747,소프트웨어,17190.0,5010.0,0.0,11814881,096250,7575.0,17818.9,0.42511041646790765,104839171.0,-1.3913043478260834,-43.24324324324324,1.0261576191571868,2.591876208897485,-2.2223758797287423,16.741,-67.01570680628272,https://finance.naver.com/item/main.naver?code=096250
바이오스마트,KOSDAQ,2650.0,66977536300,7.56,0.47,356.0,5697.0,0.74943,167623166480.0,5118576760.0,2157547610.0,,55.63885,전기장비,6930.0,2305.0,0.0722565022,25274542,038460,60696.0,108926.25,0.5572210555306917,292356220.75,-4.67625899280576,-44.56066945606695,1.234036790948004,6.248902931367387,3.053621326626546,74.943,-61.76046176046176,https://finance.naver.com/item/main.naver?code=038460
팬젠,KOSDAQ,4955.0,66964392095,32.14,2.23,154.0,2218.0,0.08222,3955577500.0,-219711970.0,-48194340.0,,-69.92914,생물공학,8510.0,4220.0,0.0720203006,13514509,222110,2100.0,5358.1,0.39192997517776823,25967784.5,2.9075804776739433,-0.4020100502512558,1.0686623989847146,6.943192064923355,-5.5544852805942995,8.222,-41.77438307873091,https://finance.naver.com/item/main.naver?code=222110
풍원정밀,KOSDAQ,2825.0,66571153250,-2.59,5.21,-1090.0,542.0,7.48979,10201217070.0,-4544121860.0,-4007949080.0,,16.1175,디스플레이장비및부품,19970.0,2750.0,0.0063378713,23565010,371950,44019.0,108542.45,0.4055464014309609,392310374.6,-61.97846567967699,-81.25414731254146,2.8104396022017193,-201.1070110701107,-44.54489919015124,748.979,-85.8537806710065,https://finance.naver.com/item/main.naver?code=371950
화일약품,KOSDAQ,7900.0,66498913600,-268.0,0.33,-30.0,24580.0,0.04045,24463367370.0,-912073530.0,4374222210.0,,46.08491,제약,13800.0,7090.0,0.0,8417584,061250,5783.0,14530.05,0.39800275979779837,125626694.0,-3.0674846625766916,685.2882703777336,1.869298453893827,-0.12205044751830757,-3.7283237266775346,4.045,-42.7536231884058,https://finance.naver.com/item/main.naver?code=061250
예림당,KOSDAQ,2900.0,66799403300,0.53,0.26,5479.0,11107.0,0.0122,2399656490.0,-263229690.0,9767110700.0,,2.29485,출판,4035.0,2505.0,0.0180590865,23034277,036000,3690.0,52759.9,0.06993948055246503,156966650.3,-12.121212121212121,-3.4941763727121433,0.2085106302324303,49.32925182317457,-10.969473801644002,1.22,-28.12887236679058,https://finance.naver.com/item/main.naver?code=036000
위메이드플레이,KOSDAQ,6350.0,66046610350,3.49,0.25,1812.0,25565.0,0.17694,32191942200.0,2595324830.0,3628247240.0,,17.67293,게임엔터테인먼트,11630.0,4860.0,0.0348968916,10401041,123420,4894.0,20593.45,0.23764837848927692,131498553.25,-0.78125,-8.36940836940837,0.5314311103773287,7.0878153725796995,8.062032461029952,17.694,-45.399828030954424,https://finance.naver.com/item/main.naver?code=123420
한국전자인증,KOSDAQ,3475.0,66025000000,13.77,0.98,252.0,3523.0,0.35055,10542335410.0,1625637870.0,1222133080.0,,32.68044,IT서비스,4945.0,2990.0,0.0333089474,19000000,041460,33526.0,37095.15,0.9037839178437073,128972857.2,-0.5722460658083017,-11.011523687580027,0.9037839178437073,7.152994606869145,15.420092482145757,35.055,-29.726996966632967,https://finance.naver.com/item/main.naver?code=041460
다원넥스뷰,KOSDAQ,8240.0,66008761280,18.5,3.42,434.0,2351.0,0.91122,8017423440.0,1692640850.0,1425071360.0,,33.00285,반도체와반도체장비,28100.0,4960.0,0.0712950013,8010772,323350,23963.0,39182.35,0.6115763857961557,314141422.5,-40.804597701149426,-37.57575757575757,2.55140388465725,18.460229689493833,21.112030101281515,91.122,-70.67615658362989,https://finance.naver.com/item/main.naver?code=323350
한국내화,KOSPI,1607.0,65994768634,-2.6,0.37,-607.0,4239.0,0.55329,104105844320.0,1824842470.0,2023204910.0,,30.01711,비철금속,2470.0,1339.0,0.0053578705,41067062,010040,23795.0,27158.1,0.8761658584363413,44353957.5,-0.6798516687268275,-19.650000000000002,3.277401585530652,-14.319414956357631,1.752872263723071,55.32899999999999,-34.93927125506073,https://finance.naver.com/item/main.naver?code=010040
아미코젠,KOSDAQ,934.0,65992131458,-1.8,0.57,-543.0,1703.0,0.65866,13392562820.0,-1301362640.0,-20841809420.0,,-69.92914,생물공학,4400.0,923.0,0.0270406983,70655387,092040,598282.0,590432.85,1.0132938910834652,586406618.55,-29.456193353474326,-30.298507462686565,1.0132938910834652,-31.88490898414563,-9.717054588361453,65.866,-78.77272727272727,https://finance.naver.com/item/main.naver?code=092040
모델솔루션,KOSDAQ,10310.0,65949977000,9.72,0.92,1068.0,11302.0,0.17463,20042763420.0,1786417700.0,1730254160.0,,190.12516,기계,31500.0,8560.0,0.0328647584,6396700,417970,1264.0,9660.25,0.1308454750135866,104276821.75,-26.462196861626254,-45.44973544973545,1.1736756295126938,9.449654928331269,8.91303091577379,17.463,-67.26984126984127,https://finance.naver.com/item/main.naver?code=417970
팬스타엔터프라이즈,KOSDAQ,1132.0,65849509740,-35.22,0.73,-32.0,1540.0,0.6646,19881636570.0,306574210.0,1246381320.0,,10.15986,해운사,1978.0,680.0,0.0057614502,58170945,054300,216357.0,402057.0,0.5381251912042322,443525552.05,20.811099252934895,70.7390648567119,1.228119396006039,-2.0779220779220777,1.5419968518215401,66.46,-42.77047522750252,https://finance.naver.com/item/main.naver?code=054300
하이스틸,KOSPI,3265.0,65925152815,-14.71,0.47,-227.0,7121.0,0.99398,81277076220.0,3233052410.0,3296304310.0,,44.69235,철강,5680.0,2355.0,0.0217792453,20191471,071090,486024.0,540268.85,0.8995965619709521,1793148897.85,-7.244318181818176,-7.898448519040901,6.265684205187843,-3.187754528858307,3.9778158373325407,99.398,-42.517605633802816,https://finance.naver.com/item/main.naver?code=071090
디지틀조선,KOSDAQ,1773.0,65805368391,12.21,0.72,147.0,2479.0,0.15406,11215793510.0,3750191060.0,3221593470.0,,32.68044,IT서비스,3070.0,1358.0,0.0187239661,37115267,033130,14718.0,32770.35,0.44912550522042033,61337455.15,-11.216825237856787,-37.349823321554766,2.2911259721058825,5.929810407422348,33.43669849713558,15.406,-42.24755700325733,https://finance.naver.com/item/main.naver?code=033130
남화산업,KOSDAQ,3195.0,65778660000,9.74,0.34,324.0,9175.0,0.07961,5493246360.0,1093409430.0,2938370880.0,,15.31862,"호텔,레스토랑,레저",7820.0,2600.0,0.0108777443,20588000,111710,47170.0,275356.4,0.17130526110887562,932647323.5,-11.002785515320335,-18.181818181818176,0.8399732128979024,3.5313351498637604,19.904613016482298,7.961,-59.143222506393855,https://finance.naver.com/item/main.naver?code=111710
TPC로보틱스,KOSDAQ,4180.0,65617602380,-27.55,1.94,-163.0,2317.0,2.21488,24855735930.0,-593048390.0,-1038739620.0,,190.12516,기계,10690.0,1910.0,0.0107156387,15697991,048770,796309.0,1220964.4,0.6521967389057372,5287154895.7,-3.352601156069368,34.83870967741935,7.466740226004952,-7.034958998705222,-2.385961902999667,221.488,-60.898035547240404,https://finance.naver.com/item/main.naver?code=048770
삼기,KOSDAQ,1715.0,65752119020,-9.74,0.64,-175.0,2656.0,3.48203,175953991860.0,1156739650.0,1720244270.0,,10.13834,자동차부품,2345.0,836.0,0.032593131,38339428,122350,489249.0,2168460.9,0.22562039278642285,3655248282.05,66.66666666666667,10.716591349257577,0.4858828674291522,-6.588855421686747,0.6574102910494775,348.203,-26.865671641791046,https://finance.naver.com/item/main.naver?code=122350
알에프텍,KOSDAQ,7250.0,65599616750,-1.61,0.24,-4492.0,30621.0,0.63879,53866482930.0,-2290467880.0,-1068736360.0,,96.79463,핸드셋,15407.95,5400.0,0.0,9048223,061040,1141.0,7394.3,0.1543080480910972,51058135.5,6.461086637298097,301.66204986149586,1.0013118212677332,-14.66967114072042,-4.252120716655075,63.879,-52.94636859543288,https://finance.naver.com/item/main.naver?code=061040
셀바이오휴먼텍,KOSDAQ,7000.0,65362591000,6.36,0.99,1059.0,6775.0,0.44706,19363460350.0,3489486700.0,2937766110.0,,42.91369,화장품,11200.0,4960.0,0.0474795591,9337513,318160,114214.0,74209.4,1.5390772597541553,491223917.75,19.250425894378196,-0.4267425320056861,3.973081577266492,15.6309963099631,18.020987142414345,44.706,-37.5,https://finance.naver.com/item/main.naver?code=318160
삼일씨엔에스,KOSPI,5150.0,65569527050,44.02,0.24,117.0,21058.0,0.71986,79595802520.0,2470959930.0,1781582970.0,,7.71583,건축자재,11070.0,3990.0,0.0144281154,12731947,004440,9464.0,22589.95,0.41894736376131864,116502033.55,5.102040816326525,-9.807355516637472,0.7274031151020697,0.555608319878431,3.1043847185021134,71.986,-53.47786811201445,https://finance.naver.com/item/main.naver?code=004440
국순당,KOSDAQ,3670.0,65539975680,9.38,0.25,397.0,15068.0,0.07592,14701920380.0,-1426251800.0,736590790.0,,16.97499,음료,5110.0,3115.0,0.0139284223,17858304,043650,94161.0,164802.6,0.5713562771461129,658259665.7,8.100147275405,-10.159118727050187,15.859403917171209,2.6347225909211573,-9.701125860674809,7.5920000000000005,-28.180039138943247,https://finance.naver.com/item/main.naver?code=043650
동원모빌리티,KOSPI,1396.0,65269886468,3.12,0.5,453.0,2844.0,2.43576,193668847570.0,14414948490.0,13922179770.0,,10.13834,자동차부품,1967.0,1219.0,0.037788141,46754933,018500,24532.0,53102.7,0.46197274338216326,77062328.0,-15.136778115501514,-7.242524916943527,1.6769580454477833,15.928270042194093,7.443090962158918,243.57600000000002,-29.028978139298424,https://finance.naver.com/item/main.naver?code=018500
비상교육,KOSPI,5020.0,65243639820,2.85,0.3,1738.0,16305.0,0.78582,52569631060.0,-860460600.0,879855740.0,,10.6218,교육서비스,7470.0,4460.0,0.0513303297,12996741,100220,17006.0,38603.2,0.44053342728064,190626107.05,-5.283018867924527,-4.743833017077803,0.7560254072201269,10.659306961054892,-1.6368016717064628,78.582,-32.797858099062914,https://finance.naver.com/item/main.naver?code=100220
딜리셔스,KOSDAQ,2935.0,65020405100,16.46,-0.55,185.0,-5574.0,0.55887,9750985370.0,2557613420.0,2651022880.0,,32.68044,IT서비스,7360.0,2750.0,0.0222558011,22153460,483350,390694.0,2191057.55,0.178312979501611,9230218584.65,-42.8988326848249,-42.8988326848249,1.0925139780102993,-3.3189809831359884,26.229281687456783,55.887,-60.122282608695656,https://finance.naver.com/item/main.naver?code=483350
엔비알모션,KOSDAQ,5910.0,65071369440,-4.26,1.82,-1415.0,3306.0,1.33169,17247920620.0,-1128515640.0,-1748155530.0,,190.12516,기계,29700.0,4445.0,0.0535313755,11010384,0004V0,85179.0,283958.15,0.29997025970200186,1793540110.25,-47.043010752688176,-71.17073170731707,0.5750248760248649,-42.80096793708409,-6.542908359001945,133.169,-80.10101010101009,https://finance.naver.com/item/main.naver?code=0004V0
우신시스템,KOSPI,3550.0,65014891700,3.61,0.32,985.0,10957.0,1.42001,80388249940.0,-3545331610.0,173144110.0,,10.13834,자동차부품,7840.0,3320.0,0.0062688469,18314054,017370,17054.0,18808.75,0.9067056556124145,69166387.0,-24.70837751855779,-40.73455759599332,2.363155446268359,8.98968695810897,-4.410260968047142,142.001,-54.719387755102034,https://finance.naver.com/item/main.naver?code=017370
티플랙스,KOSDAQ,2670.0,64796633340,19.56,0.39,137.0,6922.0,0.68654,71478912970.0,2155529020.0,454522280.0,,30.01711,비철금속,5570.0,2275.0,0.0662340685,24268402,081150,48802.0,81108.1,0.6016908298924522,219102134.45,-8.87372013651877,-9.644670050761416,0.9679797702079076,1.9791967639410575,3.01561527789977,68.65400000000001,-52.064631956912024,https://finance.naver.com/item/main.naver?code=081150
휴니드,KOSPI,4580.0,64651348700,-6.03,0.37,-763.0,12438.0,1.1472,29260083620.0,-428228040.0,242660420.0,,41.50419,우주항공과국방,11850.0,3550.0,0.2805747939,14116015,005870,30355.0,43160.2,0.7033099939295926,194126499.95,-20.209059233449477,-49.94535519125684,1.1734885380512603,-6.134426756713298,-1.4635229535273626,114.72,-61.35021097046413,https://finance.naver.com/item/main.naver?code=005870
다이나믹솔루션,KOSDAQ,1497.0,64128318336,-3.25,1.15,-496.0,1408.0,0.74878,4171842160.0,-950024250.0,-4835040010.0,,-32.03035,건강관리장비와용품,3480.0,1200.0,0.0,42837888,290660,820622.0,1003463.9,0.8177892597830375,1950018094.45,51.671732522796354,75.70422535211267,0.8921676205790762,-35.22727272727273,-22.77229611198905,74.878,-56.98275862068966,https://finance.naver.com/item/main.naver?code=290660
화성밸브,KOSDAQ,6160.0,64128064000,-32.01,0.67,-189.0,9065.0,0.35506,25583394330.0,758951160.0,2504468190.0,,190.12516,기계,11680.0,4260.0,0.0229608853,10410400,039610,154036.0,259161.05,0.5943640064739667,1587176903.25,-12.871287128712872,-20.3104786545925,4.340000165919995,-2.084942084942085,2.966577265746269,35.506,-47.26027397260274,https://finance.naver.com/item/main.naver?code=039610
디에스엠,KOSDAQ,2390.0,64084420350,25.63,0.57,95.0,4295.0,1.53804,16443690270.0,-153736340.0,-715687110.0,,10.13834,자동차부품,6245.0,1410.0,0.0035723709,26813565,104040,12005.0,37498.0,0.32015040802176115,98125315.65,20.707070707070695,256.18479880774964,1.2987892687610005,2.211874272409779,-0.9349260261881592,153.804,-61.72938350680545,https://finance.naver.com/item/main.naver?code=104040
유니테크노,KOSDAQ,2610.0,63868542660,-20.11,0.47,-131.0,5612.0,0.79405,34212536520.0,2817988340.0,3183523760.0,,10.13834,자동차부품,4980.0,2155.0,0.0171283166,24470706,241690,22037.0,31469.15,0.7002731246315836,83275310.95,-11.22448979591837,-31.31578947368421,1.0335836843384711,-2.3342836778332146,8.23671269843631,79.405,-47.59036144578314,https://finance.naver.com/item/main.naver?code=241690
지아이텍,KOSDAQ,1619.0,63719209660,95.24,0.75,17.0,2160.0,0.32396,9586475460.0,-529751780.0,365440500.0,,-80.94163,전기제품,3265.0,1531.0,0.0363609246,39357140,382480,57396.0,79115.8,0.7254682376971477,131999351.65,-21.975903614457838,-31.54334038054968,1.1766676188574217,0.787037037037037,-5.526032817904903,32.396,-50.413476263399694,https://finance.naver.com/item/main.naver?code=382480
티이엠씨씨엔에스,KOSDAQ,6380.0,63816804920,14.59,0.54,438.0,11871.0,0.70015,55925938590.0,96735630.0,392812900.0,,33.00285,반도체와반도체장비,9800.0,4015.0,0.0344751193,10002634,241790,17260.0,47690.1,0.3619199791990371,280371751.5,4.2483660130719025,-9.887005649717517,1.2628826527937664,3.6896638867829163,0.1729709548715506,70.015,-34.897959183673464,https://finance.naver.com/item/main.naver?code=241790
케이엘넷,KOSDAQ,2760.0,63333703440,6.08,0.84,449.0,3233.0,0.10874,10652464040.0,2546632880.0,1871484270.0,,32.68044,IT서비스,3260.0,2420.0,0.1051970903,22946994,039420,18463.0,23720.4,0.778359555488103,65105042.85,2.2222222222222143,0.0,0.778359555488103,13.888029693782864,23.906514684653185,10.874,-15.337423312883436,https://finance.naver.com/item/main.naver?code=039420
스마트레이더시스템,KOSDAQ,3840.0,63302822400,-20.34,3.31,-189.0,1160.0,1.04419,1943612780.0,-1798067550.0,-5115893910.0,,10.13834,자동차부품,9990.0,2755.0,0.0352319153,16485110,424960,13695.0,17217.65,0.7954047155099563,67573913.3,-22.658610271903324,-42.4287856071964,1.110604525007768,-16.29310344827586,-92.511613861687,104.419,-61.56156156156156,https://finance.naver.com/item/main.naver?code=424960
흥국,KOSDAQ,5410.0,63329460000,4.92,0.51,1099.0,10653.0,0.1703,42690449470.0,4566678790.0,4084535530.0,,190.12516,기계,6110.0,4750.0,0.0689214933,11706000,010240,6347.0,14370.2,0.44167791680004453,78241570.75,-2.6978417266187105,5.6640625,0.8829383028767867,10.316342814230733,10.697190698845082,17.03,-11.456628477905074,https://finance.naver.com/item/main.naver?code=010240
에이프로,KOSDAQ,4195.0,63250783700,-10.98,0.85,-378.0,4901.0,3.81424,16051341070.0,-5621436450.0,-5249704720.0,,253.27647,전자장비와기기,12900.0,2105.0,0.0463299345,15077660,262260,52427.0,58133.55,0.9018372351249837,202645192.85,-22.31481481481481,-17.094861660079054,1.5872933959821822,-7.712711691491532,-35.0215999117138,381.424,-67.48062015503876,https://finance.naver.com/item/main.naver?code=262260
벡트,KOSDAQ,4605.0,63123037500,-14.43,3.67,-335.0,1316.0,1.29642,6059474740.0,-1714095200.0,-1735405180.0,,10.6218,교육서비스,5700.0,1401.0,0.0284882728,13707500,457600,119386.0,229526.5,0.5201403759478753,1071674983.9,112.21198156682028,140.84728033472805,0.8986805445122894,-25.455927051671733,-28.28785123378532,129.642,-19.21052631578948,https://finance.naver.com/item/main.naver?code=457600
비트컴퓨터,KOSDAQ,3790.0,63002280470,8.0,0.79,471.0,4774.0,0.12299,9785532840.0,1817986840.0,2388249420.0,,560.23548,건강관리기술,5920.0,3410.0,0.0466764918,16623293,032850,17996.0,33412.7,0.5385975991165036,132757922.25,-11.032863849765262,-28.083491461100575,5.115180754623243,9.865940511101803,18.578312185195223,12.299,-35.979729729729726,https://finance.naver.com/item/main.naver?code=032850
피엠티,KOSDAQ,3150.0,63000000000,-1.91,4.85,-1698.0,670.0,1.09122,18475175490.0,1256128340.0,-349647390.0,,33.00285,반도체와반도체장비,9920.0,1970.529,0.03825375,20000000,147760,72153.0,92787.8,0.7776130051580057,308415363.65,-41.988950276243095,-28.893905191873593,1.0445985355833418,-253.43283582089552,6.7990062702240674,109.12200000000001,-68.24596774193547,https://finance.naver.com/item/main.naver?code=147760
유비벨록스,KOSDAQ,4270.0,62897949730,-7.55,0.45,-546.0,9085.0,1.11405,172576458330.0,-2019809490.0,1113957610.0,,40.05009,전자제품,6680.0,3660.0,0.034801838,14730199,089850,4269.0,10704.35,0.3988098296486942,43665312.6,-3.1746031746031744,-15.779092702169628,1.4621158687823175,-6.00990643918547,-1.1703852944633553,111.405,-36.07784431137725,https://finance.naver.com/item/main.naver?code=089850
대현,KOSPI,1420.0,62880880200,5.7,0.23,249.0,6265.0,0.1284,54081777550.0,1833496510.0,2631118090.0,,8.94358,"섬유,의류,신발,호화품",1900.0,1369.0,0.0641659615,44282310,016090,51448.0,106863.75,0.48143547273982057,156260606.5,-9.090909090909093,-14.714714714714717,1.1855283012246902,3.974461292897047,3.3902297466182305,12.839999999999998,-25.263157894736842,https://finance.naver.com/item/main.naver?code=016090
아이엠티,KOSDAQ,7980.0,62839395780,66.29,2.1,124.0,3921.0,1.81983,9347002790.0,-163012400.0,-406703100.0,,33.00285,반도체와반도체장비,19500.0,6240.0,0.0341732436,7874611,451220,19678.0,33819.7,0.5818502233905092,302666908.5,-43.881856540084385,-39.682539682539684,1.2939204073365524,3.162458556490691,-1.7440071824350016,181.983,-59.07692307692307,https://finance.naver.com/item/main.naver?code=451220
유엔젤,KOSPI,4950.0,62842497300,14.08,0.97,353.0,5122.0,0.2283,15194857970.0,1233968430.0,1893110840.0,,32.68044,IT서비스,6700.0,4160.0,0.0383850786,12695454,072130,16552.0,33881.45,0.4885269077917268,165635699.2,-3.8834951456310662,5.4313099041533475,2.587374507289387,6.891839125341663,8.120960606780848,22.830000000000002,-26.119402985074625,https://finance.naver.com/item/main.naver?code=072130
푸드웰,KOSDAQ,6270.0,62700000000,5.73,0.58,1094.0,10889.0,1.09595,94180663170.0,8884546160.0,6034648690.0,,33.27747,식품,10220.0,5440.0,0.0276441,10000000,005670,1338.0,31308.5,0.04273599821134835,201568575.75,-3.3898305084745783,9.424083769633507,0.44700320999089704,10.04683625677289,9.433514121644086,109.595,-38.64970645792564,https://finance.naver.com/item/main.naver?code=005670
레뷰코퍼레이션,KOSDAQ,5800.0,62696938600,11.86,1.3,478.0,4348.0,0.40926,14793163300.0,1993099490.0,1175529060.0,,19.46801,양방향미디어와서비스,12250.0,4650.0,0.0135508307,10809817,443250,12786.0,10051.0,1.2721122276390409,60536679.5,-11.585365853658535,-48.943661971830984,1.2994726892846482,10.993560257589696,13.473112204473537,40.926,-52.6530612244898,https://finance.naver.com/item/main.naver?code=443250
홈캐스트,KOSDAQ,1800.0,62449651800,1798.0,0.73,1.0,2458.0,0.08327,867496100.0,-2010293930.0,-2355598530.0,,32.25723,전문소매,2540.0,1186.0,0.0171406784,34694251,064240,19813.0,61827.1,0.3204581809594822,105341583.65,5.571847507331373,-5.709795704557363,0.6685256141724261,0.04068348250610252,-231.73521241190596,8.327,-29.13385826771654,https://finance.naver.com/item/main.naver?code=064240
이화공영,KOSDAQ,2215.0,62588831935,16.91,4.03,131.0,550.0,2.01419,10369245490.0,-1128787170.0,-1280035370.0,,39.04177,건설,2215.0,1616.0,0.0057435714,28256809,001840,,,,,,,,23.81818181818182,-10.885914226725477,201.419,0.0,https://finance.naver.com/item/main.naver?code=001840
오비고,KOSDAQ,4925.0,62241174850,-31.5,1.8,-153.0,2676.0,0.78632,10995324100.0,-1146058290.0,242183070.0,,162.84747,소프트웨어,7300.0,3115.0,0.0074920465,12637802,352910,12440.0,22315.35,0.5574638085443429,90245025.55,13.741339491916849,13.218390804597702,0.9710804446266807,-5.7174887892376685,-10.42314241560192,78.632,-32.534246575342465,https://finance.naver.com/item/main.naver?code=352910
인디에프,KOSPI,4155.0,62418898845,-835.0,1.65,-5.0,2525.0,1.84249,28297082380.0,2283365580.0,1508940750.0,,8.94358,"섬유,의류,신발,호화품",6405.0,1406.0,0.0002354453,15022599,014990,473794.0,1578399.35,0.30017371712678415,5825904355.65,622.6086956521739,415.50868486352357,1.5199898555457463,-0.19801980198019803,8.069261520805595,184.249,-35.128805620608894,https://finance.naver.com/item/main.naver?code=014990
삼성출판사,KOSPI,6230.0,62300000000,15.65,0.39,405.0,16404.0,0.17777,10047937240.0,-213631560.0,3741097880.0,,2.29485,출판,18710.0,5500.0,0.0141542,10000000,068290,8864.0,7345.55,1.2067169919202783,46391594.75,-6.315789473684208,-33.86411889596603,2.0500847451858606,2.468910021945867,-2.12612355050896,17.777,-66.7022982362373,https://finance.naver.com/item/main.naver?code=068290
이오플로우,KOSDAQ,1490.0,62295566450,-1.21,-0.42,-1227.0,-3559.0,-1.65551,124204550.0,-2377112090.0,-5516387140.0,,-32.03035,건강관리장비와용품,1490.0,1490.0,0.2089249459,41809105,294090,,,,,,,,34.475976397864564,-1913.8687672875108,-165.55100000000002,0.0,https://finance.naver.com/item/main.naver?code=294090
인크로스,KOSDAQ,5090.0,62090985980,5.13,0.47,993.0,10770.0,1.02536,11711757110.0,2825260400.0,2648041990.0,,11.1909,광고,7990.0,4325.0,0.0587972969,12198622,216050,6306.0,14290.1,0.44128452565062526,73727947.5,-8.288288288288292,-29.403606102635226,0.7945360774242307,9.220055710306408,24.123283752082525,102.536,-36.2953692115144,https://finance.naver.com/item/main.naver?code=216050
참좋은여행,KOSDAQ,4435.0,62090000000,5.48,0.6,807.0,7354.0,0.51137,17434512150.0,250740200.0,1290767510.0,,15.31862,"호텔,레스토랑,레저",7770.0,3920.0,0.0280202143,14000000,094850,7073.0,43668.4,0.16197066986653966,189127828.6,-6.533192834562696,-14.216634429400388,0.7784347491549953,10.973619798748981,1.4381830580788577,51.137,-42.92149292149292,https://finance.naver.com/item/main.naver?code=094850
이글루,KOSDAQ,5640.0,62018111160,-1345.0,0.74,-4.0,7266.0,0.31828,45896625050.0,28470550.0,1641149490.0,,32.68044,IT서비스,8700.0,4600.0,0.0482108278,10996119,067920,202462.0,31520.45,6.423195100323758,169801222.25,7.428571428571429,-0.8787346221441172,6.423195100323758,-0.055050922102945224,0.06203190314970665,31.828,-35.17241379310345,https://finance.naver.com/item/main.naver?code=067920
포니링크,KOSDAQ,2425.0,61986538075,4.09,0.3,630.0,8570.0,0.23717,11974410330.0,-4416965980.0,-58708392820.0,,32.25723,전문소매,5020.0,1757.0,0.0328421785,25561459,064800,140360.0,134341.7,1.0447984505183423,381781441.05,-8.490566037735848,221.19205298013247,1.0447984505183423,7.351225204200699,-36.886709727442586,23.717,-51.69322709163347,https://finance.naver.com/item/main.naver?code=064800
소마젠,KOSDAQ,3220.0,61940090660,,,,,0.66226,12016047000.0,180763000.0,2765420000.0,,-33.30868,생명과학도구및서비스,4690.0,2380.0,0.0,19236053,950200,100660.0,1026414.25,0.09806956596715215,4068248114.6,13.58024691358024,-9.039548022598876,0.16039138193960187,,1.5043466457812622,66.226,-31.343283582089555,https://finance.naver.com/item/main.naver?code=950200
아모센스,KOSDAQ,5250.0,61896250500,118.86,1.36,44.0,3833.0,1.9995,27178504650.0,-1418750300.0,-1602052060.0,,96.79463,핸드셋,29900.0,4090.0,0.0669073727,11789762,357580,36883.0,63055.3,0.5849310050067164,358479916.0,-42.934782608695656,-67.41154562383613,1.6663309824868011,1.147925906600574,-5.220119054636805,199.95000000000002,-82.44147157190636,https://finance.naver.com/item/main.naver?code=357580
무림페이퍼,KOSPI,1487.0,61873043970,-4.03,0.14,-369.0,10373.0,3.33359,337689478720.0,28030884350.0,-58217253260.0,,-5.89866,종이와목재,2685.0,1256.0,0.018883274,41609310,009200,13879.0,23061.5,0.60182555341153,35135549.2,-5.647208121827408,-27.81553398058253,1.8226914988183769,-3.557312252964427,8.300787000012576,333.359,-44.61824953445065,https://finance.naver.com/item/main.naver?code=009200
3S,KOSDAQ,1166.0,61866840640,-5.96,1.25,-195.0,933.0,0.25157,5574850520.0,5675390.0,-492653100.0,,190.12516,기계,2035.0,831.0,0.0254162721,53059040,060310,75956.0,186452.2,0.4073751878497545,217056087.5,-10.376633358954646,-5.126118795768919,0.447439075537859,-20.90032154340836,0.10180344709942106,25.157,-42.7027027027027,https://finance.naver.com/item/main.naver?code=060310
프리엠스,KOSDAQ,10260.0,61560000000,62.44,0.79,168.0,13288.0,0.15923,5539357400.0,-231934330.0,645094850.0,,190.12516,기계,10750.0,6400.0,0.0083903333,6000000,053160,3223.0,9401.05,0.34283404513325644,91228411.0,8.571428571428562,35.17786561264822,2.7536285840411447,1.2642986152919928,-4.187025917482775,15.923000000000002,-4.55813953488372,https://finance.naver.com/item/main.naver?code=053160
레몬헬스케어,KOSDAQ,4575.0,61559182425,-20.66,24.45,-226.0,191.0,0.47423,2930897430.0,-2126857090.0,-2145049480.0,,-10.66193,건강관리업체및서비스,20300.0,3830.0,0.0043764811,13455559,365660,321178.0,1886190.25,0.17027868742296806,9996043830.0,-51.329787234042556,-51.329787234042556,2.914748923126922,-118.32460732984293,-72.56675270277199,47.423,-77.46305418719211,https://finance.naver.com/item/main.naver?code=365660
아고스,KOSDAQ,2455.0,61238141115,-3.32,1.53,-756.0,1641.0,0.47131,9617273460.0,-2543987180.0,-2540806980.0,,40.05009,전자제품,5560.0,1752.0,0.0158375158,24944253,175140,11801.0,33368.1,0.3536611314399082,82754252.6,2.5052192066805867,-34.79415670650731,0.8571959446297512,-46.06946983546618,-26.45227039223651,47.131,-55.84532374100719,https://finance.naver.com/item/main.naver?code=175140
컴투스엔,KOSDAQ,2540.0,60988526740,-5.77,0.86,-440.0,2970.0,0.82239,8270076800.0,-1898580550.0,-2294734780.0,,11.1909,광고,7430.0,1805.0,0.3560675835,24011231,291230,10598.0,73930.75,0.14335036503755202,164470156.85,313.68078175895766,286.60578386605783,0.8255428221680424,-14.814814814814813,-22.95722997397074,82.23899999999999,-65.814266487214,https://finance.naver.com/item/main.naver?code=291230
유유제약,KOSPI,3855.0,60706466010,7.84,0.55,492.0,7069.0,0.4221,36697112370.0,4002469930.0,3555164750.0,,46.08491,제약,5100.0,3320.0,0.025067595,15747462,000220,47031.0,226152.8,0.2079611660788635,911758696.0,-5.398773006134972,-10.969976905311773,2.4948397720479254,6.959966048946102,10.906770782520837,42.21,-24.411764705882355,https://finance.naver.com/item/main.naver?code=000220
에이비온,KOSDAQ,676.0,60908481504,-1.56,0.89,-434.0,759.0,0.22547,136978800.0,-4322222510.0,-9006759100.0,,46.08491,제약,4510.0,570.0,0.0449365417,90101304,203400,2169199.0,1470297.5,1.4753469961011292,1201001960.05,-66.61728395061728,-76.56845753899479,5.996260620724717,-57.180500658761524,-3155.3952217423425,22.547,-85.01108647450111,https://finance.naver.com/item/main.naver?code=203400
보락,KOSPI,1013.0,60678700000,25.69,1.23,39.0,814.0,0.17645,12491253450.0,683209000.0,931067450.0,,33.27747,식품,1527.0,814.0,0.0404997663,59900000,002760,37600.0,74722.3,0.5031965022489939,75351635.35,7.423117709437954,-13.418803418803416,1.153390621006045,4.791154791154791,5.469499139816109,17.645,-33.66077275703995,https://finance.naver.com/item/main.naver?code=002760
SGC E&C,KOSDAQ,11960.0,60242352560,-0.63,0.19,-18934.0,61780.0,3.21154,278670666880.0,14292820580.0,4106135170.0,,39.04177,건설,21750.0,9910.0,0.0170179151,5036986,016250,552.0,3519.8,0.15682709244843457,41517517.75,-1.6447368421052655,-34.285714285714285,0.5696346383317233,-30.64745872450631,5.128928975561936,321.154,-45.01149425287356,https://finance.naver.com/item/main.naver?code=016250
한국첨단소재,KOSDAQ,1990.0,59943621770,-2.81,2.98,-678.0,638.0,0.68091,1187772170.0,-595910620.0,1481483050.0,,-335.21939,통신장비,10104.346,1815.0,0.0,30122423,062970,4624713.0,1413402.35,3.2720428121546563,3345869127.35,-23.461538461538467,-16.386554621848738,3.2720428121546563,-106.26959247648904,-50.17044809190975,68.09100000000001,-80.30550418602054,https://finance.naver.com/item/main.naver?code=062970
원풍,KOSDAQ,4995.0,59940000000,7.83,0.57,646.0,8872.0,0.15288,23484413060.0,2358512200.0,2919428940.0,,-32.42902,화학,5740.0,4405.0,0.0128949167,12000000,008370,3907.0,3154.1,1.2387051773881614,15787993.35,-0.8928571428571397,3.2024793388429673,1.2387051773881614,7.281334535617674,10.042883311472464,15.287999999999998,-12.979094076655052,https://finance.naver.com/item/main.naver?code=008370
이엔셀,KOSDAQ,5430.0,59890277310,-3.76,1.54,-1482.0,3609.0,0.97727,868006840.0,-4678721380.0,-7230742150.0,,46.08491,제약,20950.0,4800.0,0.0393517685,11029517,456070,16759.0,48148.65,0.3480679105229326,290080405.75,-41.106290672451195,-66.46077825818406,0.687786677300402,-41.06400665004156,-539.0189528921223,97.727,-74.08114558472553,https://finance.naver.com/item/main.naver?code=456070
대주산업,KOSDAQ,1689.0,59777679150,9.08,0.55,191.0,3160.0,0.29248,25268745950.0,2558077190.0,1972592240.0,,33.27747,식품,6090.0,1355.0,0.0968619207,35392350,003310,313013.0,266837.05,1.17304924484812,451231036.9,-10.207336523126,-56.30012936610608,3.697537504630635,6.044303797468355,10.123482958203551,29.248,-72.26600985221675,https://finance.naver.com/item/main.naver?code=003310
수산아이앤티,KOSDAQ,8830.0,59611330000,11.28,0.65,774.0,13514.0,0.0737,7721222580.0,646058850.0,3871372190.0,,162.84747,소프트웨어,11150.0,6860.0,0.0142568508,6751000,050960,6035.0,3655.5,1.650936944330461,32048394.5,9.553349875930529,0.2270147559591429,1.650936944330461,5.727393813822703,8.3673128614821,7.37,-20.807174887892376,https://finance.naver.com/item/main.naver?code=050960
지에스이,KOSDAQ,1988.0,59615342836,16.01,0.64,129.0,3237.0,1.19279,36322157860.0,1961444150.0,1767543780.0,,9.70026,가스유틸리티,4345.0,1415.0,0.044183567,29987597,053050,1237152.0,298070.95,4.150528590592273,615238333.55,-2.0689655172413834,-39.01840490797546,13.084317676714218,3.985171455050973,5.400131119853021,119.279,-54.24626006904487,https://finance.naver.com/item/main.naver?code=053050
디티씨,KOSDAQ,3180.0,59440299240,13.21,0.3,240.0,10582.0,0.20268,39513730250.0,-660001460.0,-444016390.0,,96.79463,핸드셋,3700.0,2265.0,0.0108642141,18691918,066670,8824.0,19865.3,0.4441916306323086,61935197.9,18.215613382899633,15.426497277676955,1.4610904441412917,2.268002268002268,-1.6703091705698934,20.268,-14.054054054054054,https://finance.naver.com/item/main.naver?code=066670
와이어블,KOSDAQ,1243.0,59463577437,13.08,0.76,95.0,1631.0,0.85479,16387468260.0,1238146750.0,1250756800.0,,28.78881,무선통신서비스,3300.0,1003.0,0.0148995922,47838759,065530,81135.0,85521.35,0.948710468204723,104885696.15,-11.906449326718638,-3.0421216848673938,1.9054774041803595,5.824647455548743,7.555448653543266,85.479,-62.33333333333333,https://finance.naver.com/item/main.naver?code=065530
테고사이언스,KOSDAQ,7330.0,59437753220,-8.39,1.17,-876.0,6308.0,0.75194,1970339170.0,-1152582830.0,-4885030510.0,,-69.92914,생물공학,19370.0,5230.0,0.0160922027,8108834,191420,1037.0,3286.55,0.31552844167896427,25954147.5,-7.097591888466415,-43.26625386996904,0.6976921087462536,-13.88712745719721,-58.49667141317604,75.194,-62.15797625193598,https://finance.naver.com/item/main.naver?code=191420
코츠테크놀로지,KOSDAQ,11240.0,59406682080,6.96,0.95,1627.0,11871.0,1.20486,20747729940.0,2480243300.0,1908822550.0,,41.50419,우주항공과국방,26000.0,9250.0,0.0443617874,5285292,448710,13262.0,18029.15,0.7355865362482423,205926917.25,-21.178120617110796,-48.440366972477065,1.0995526688723538,13.705669278072612,11.954287563856733,120.486,-56.769230769230774,https://finance.naver.com/item/main.naver?code=448710
애드바이오텍,KOSDAQ,2190.0,59386762170,-8.29,2.43,-275.0,937.0,1.03814,2904941570.0,-1936051200.0,-284156260.0,,46.08491,제약,4385.0,1300.0,0.0110188193,27117243,179530,69050.0,189981.2,0.36345701574682127,472452639.65,-1.1286681715575675,45.03311258278146,1.3988594660945397,-29.34898612593383,-66.64682071385002,103.81400000000001,-50.0570125427594,https://finance.naver.com/item/main.naver?code=179530
FSN,KOSDAQ,1311.0,59324894796,-2.77,0.94,-475.0,1408.0,2.3407,76707658730.0,11974278000.0,4976263370.0,,19.46801,양방향미디어와서비스,2780.0,1198.0,0.0,45251636,214270,45928.0,77409.8,0.5933098909957137,102913271.5,-5.615550755939525,-37.57142857142857,0.7710651622921129,-33.73579545454545,15.610276989612926,234.07,-52.84172661870503,https://finance.naver.com/item/main.naver?code=214270
HLB제넥스,KOSDAQ,1807.0,58989419229,2.37,1.31,775.0,1403.0,1.01274,11333291540.0,959072260.0,7046106440.0,,-69.92914,생물공학,3680.0,1323.0,0.0093421196,32644947,187420,48470.0,141146.05,0.3434031628940378,269197764.25,-23.915789473684214,-29.27592954990216,0.869907446931742,55.23877405559515,8.462433500585655,101.274,-50.896739130434774,https://finance.naver.com/item/main.naver?code=187420
서울평가정보,KOSDAQ,1685.0,59219325000,8.24,1.78,205.0,951.0,0.20335,17328470780.0,7395834020.0,5810084410.0,,15.3479,상업서비스와공급품,2530.0,1400.0,0.0177925167,35145000,036120,41851.0,86451.05,0.48410054013224824,140452385.05,1.2012012012011963,-21.809744779582363,1.137695840594186,21.55625657202944,42.68024636389755,20.335,-33.399209486166,https://finance.naver.com/item/main.naver?code=036120
와이엠씨,KOSDAQ,3100.0,58820509800,41.27,0.48,75.0,6461.0,0.53671,53408493570.0,2788252960.0,2324557480.0,,16.1175,디스플레이장비및부품,5130.0,2480.0,0.0456869213,18974358,155650,7130.0,42447.9,0.167970618098893,135634807.0,-10.404624277456643,-15.875169606512895,0.29586858242692804,1.1608110199659496,5.220617122154116,53.671,-39.57115009746589,https://finance.naver.com/item/main.naver?code=155650
오픈베이스,KOSDAQ,1876.0,58948390508,6.86,0.58,266.0,3142.0,0.83706,60740382450.0,3160029930.0,4709919300.0,,19.51316,컴퓨터와주변기기,4195.0,1521.0,0.0560356609,31422383,049480,241752.0,101258.05,2.387484254338297,188760606.35,-12.94663573085847,-13.148148148148152,2.387484254338297,8.465945257797582,5.202518987431894,83.706,-55.28009535160906,https://finance.naver.com/item/main.naver?code=049480
삼화왕관,KOSPI,27300.0,58814546700,11.6,0.44,2345.0,61829.0,0.81178,48382225260.0,1077096070.0,778485550.0,,17.48769,포장재,36450.0,24100.0,0.0549582966,2154379,004450,931.0,3330.35,0.2795501974266969,89307077.5,9.4188376753507,-2.500000000000002,1.8529583977660007,3.79271862718142,2.2262226762242148,81.178,-25.10288065843621,https://finance.naver.com/item/main.naver?code=004450
희림,KOSDAQ,4220.0,58752844500,6.86,0.61,619.0,6930.0,1.3737,56744520180.0,2248119150.0,2008303420.0,,39.04177,건설,7460.0,3095.0,0.0631481112,13922475,037440,135416.0,1079892.95,0.12539761464319218,4820239907.6,-18.058252427184463,4.714640198511155,0.33048738766189745,8.932178932178932,3.9618259928336923,137.37,-43.43163538873994,https://finance.naver.com/item/main.naver?code=037440
엠투엔,KOSDAQ,1469.0,58719537864,-96.93,0.42,-15.0,3477.0,0.25073,22849230170.0,659267480.0,4278935280.0,,10.13834,자동차부품,2320.0,1100.0,0.0132556528,39972456,033310,21437.0,268959.15,0.07970355349501959,397381066.1,4.184397163120557,-18.161559888579383,0.2136978793991578,-0.4314063848144953,2.8852940562767326,25.073,-36.681034482758626,https://finance.naver.com/item/main.naver?code=033310
태양,KOSDAQ,6830.0,58738000000,4.64,0.28,1489.0,24397.0,0.16715,44167720340.0,3637476110.0,5203247310.0,,6.24714,가정용품,7470.0,5910.0,0.0116288372,8600000,053620,2999.0,8826.5,0.3397722766668555,60347566.5,0.7374631268436627,1.94029850746269,0.3892822749674276,6.103209410993156,8.23559849138458,16.715,-8.567603748326636,https://finance.naver.com/item/main.naver?code=053620
토탈소프트,KOSDAQ,6860.0,58708154400,6.87,1.6,997.0,4272.0,0.39198,9595516530.0,4176931290.0,3586134100.0,,6.5283,운송인프라,9750.0,5580.0,0.0807952522,8558040,045340,4773.0,23262.85,0.205176923721728,156053534.75,-5.117565698478566,-2.6950354609929117,1.41882873336672,23.338014981273407,43.530030686112525,39.198,-29.641025641025642,https://finance.naver.com/item/main.naver?code=045340
태경케미컬,KOSPI,5060.0,58696000000,6.64,0.34,770.0,14876.0,0.29149,12165420080.0,-1812765900.0,342647140.0,,-32.42902,화학,11640.0,4980.0,0.014432069,11600000,006890,14199.0,26361.95,0.5386172115492215,137466229.0,-22.39263803680982,-43.46368715083799,1.1264341219067633,5.176122613605808,-14.9009724948191,29.149,-56.529209621993125,https://finance.naver.com/item/main.naver?code=006890
셀바스헬스케어,KOSDAQ,2280.0,58688485920,15.76,0.86,151.0,2766.0,0.12422,8202288930.0,372482440.0,-8676624330.0,,-32.03035,건강관리장비와용품,7490.0,2130.0,0.0414816863,25740564,208370,77046.0,85198.4,0.9043127570470808,214603142.05,-32.04172876304023,-48.76404494382023,0.9043127570470808,5.459146782357195,4.541201159564615,12.422,-69.55941255006675,https://finance.naver.com/item/main.naver?code=208370
레몬,KOSDAQ,2350.0,58549822300,-4.29,5.85,-554.0,406.0,2.77241,6005991530.0,-854123920.0,-204038730.0,,-32.42902,화학,9500.0,1200.0,0.0129978072,24914818,294140,5680.0,45111.95,0.12590898863826547,111075119.6,-15.619389587073606,-41.9035846724351,0.8038224904930955,-136.45320197044336,-14.221197544712489,277.241,-75.26315789473685,https://finance.naver.com/item/main.naver?code=294140
오리콤,KOSDAQ,4880.0,58438244000,7.29,0.43,666.0,11173.0,0.82636,57274295550.0,3038457570.0,2070967810.0,,11.1909,광고,6910.0,4255.0,0.0407468027,11975050,010470,1708.0,3691.25,0.46271588215374193,17662074.65,-2.982107355864816,-14.385964912280702,1.8551981036234337,5.9607983531728275,5.305098108709956,82.636,-29.377713458755427,https://finance.naver.com/item/main.naver?code=010470
옵트론텍,KOSDAQ,1667.0,58283871110,-2.48,0.9,-670.0,1841.0,3.39205,60742904800.0,2645528580.0,-2734233140.0,,253.27647,전자장비와기기,2540.0,1241.0,0.096768071,34963330,082210,87755.0,54599.3,1.6072550380682535,93404402.05,16.005567153792622,-20.23923444976077,3.242825457469235,-36.39326453014666,4.355288224543387,339.205,-34.37007874015748,https://finance.naver.com/item/main.naver?code=082210
해성에어로보틱스,KOSDAQ,5220.0,58282860780,413.85,1.52,13.0,3551.0,0.5063,3315335680.0,-735940470.0,1278457200.0,,190.12516,기계,21400.0,4605.0,0.0433497571,11165299,059270,56723.0,46655.4,1.2157863827123976,261882543.0,-33.587786259541986,-53.05755395683454,2.7714905455745744,0.36609405801182765,-22.198068039975972,50.629999999999995,-75.60747663551402,https://finance.naver.com/item/main.naver?code=059270
웨이브일렉트로,KOSDAQ,4055.0,58280106330,35.34,0.96,116.0,4249.0,1.02523,22024362200.0,2030503320.0,1889349560.0,,41.50419,우주항공과국방,12150.0,3215.0,0.055896765,14372406,095270,33100.0,40187.55,0.8236381665466046,165277077.35,-3.452380952380951,-32.30383973288815,1.30020367004209,2.73005413038362,9.219351287275869,102.52300000000001,-66.62551440329219,https://finance.naver.com/item/main.naver?code=095270
제이씨현시스템,KOSDAQ,3045.0,58203445440,6.65,0.5,462.0,6135.0,0.28479,75982095260.0,498508460.0,2249878430.0,,19.51316,컴퓨터와주변기기,5840.0,2435.0,0.0387962352,19114432,033320,40678.0,285244.9,0.14260728237384787,932832242.0,-7.587253414264039,-32.78145695364238,0.15020426307359044,7.530562347188265,0.6560867508248811,28.479,-47.859589041095894,https://finance.naver.com/item/main.naver?code=033320
DGI,KOSDAQ,1284.0,58141862016,-17.59,2.52,-73.0,509.0,0.19617,9041478750.0,995482250.0,1442183310.0,,-335.21939,통신장비,1284.0,1284.0,0.0092907256,45281824,099520,,,,,,,,-14.341846758349705,11.01017076437856,19.617,0.0,https://finance.naver.com/item/main.naver?code=099520
호전실업,KOSPI,6410.0,58113060000,4.5,0.3,1416.0,21402.0,1.77098,110981607410.0,4354117400.0,303299070.0,,8.94358,"섬유,의류,신발,호화품",8840.0,6100.0,0.0202605339,9066000,111110,10878.0,8636.85,1.2594869657340348,56065380.5,-3.8980509745127456,-15.989515072083883,1.2594869657340348,6.616204093075413,3.9232783716265334,177.098,-27.48868778280543,https://finance.naver.com/item/main.naver?code=111110
삼천리자전거,KOSDAQ,4685.0,58094000000,8.29,0.53,526.0,8210.0,0.60376,49883042820.0,3280204460.0,3452951270.0,,10.42626,레저용장비와제품,7450.0,2795.0,0.0237900806,12400000,024950,110048.0,126524.8,0.86977414704469,588445126.1,27.137042062415205,-18.521739130434778,1.2463801563013732,6.406820950060902,6.575790638587191,60.376,-37.11409395973154,https://finance.naver.com/item/main.naver?code=024950
제이엔케이글로벌,KOSDAQ,2505.0,58036148115,20.24,0.37,126.0,6844.0,0.64042,71445167030.0,-222775850.0,-676553060.0,,-146.37102,석유와가스,5520.0,2255.0,0.022748239,23168123,126880,35488.0,58048.45,0.6113513797526032,154297627.5,-23.97572078907435,-31.74386920980926,0.9687597170983894,1.8410286382232612,-0.3118137436874574,64.042,-54.61956521739131,https://finance.naver.com/item/main.naver?code=126880
MSDI,KOSDAQ,2865.0,57918172455,-13.59,1.68,-202.0,1631.0,0.85495,8493556490.0,511543620.0,-203613940.0,,96.79463,핸드셋,6274.035,1304.839,0.0,20215767,123010,172076.0,113120.5,1.5211743229564934,254430521.5,12.13307240704502,262.1997471554994,2.5872145190305913,-12.385039852851012,6.022725822831373,85.495,-54.33560698976018,https://finance.naver.com/item/main.naver?code=123010
LK삼양,KOSDAQ,821.0,57854589240,-2.35,1.74,-350.0,472.0,0.44462,5781963660.0,-1944208010.0,-2570763540.0,,253.27647,전자장비와기기,3155.0,489.0,0.0109155531,70468440,225190,7937456.0,6519920.4,1.2174160899264965,7382406047.05,-39.364844903988185,-60.62350119904076,3.107841469966412,-74.15254237288136,-33.625393107365184,44.462,-73.97781299524564,https://finance.naver.com/item/main.naver?code=225190
기신정기,KOSPI,1980.0,57816000000,18.32,0.23,107.0,8561.0,0.05878,26719178470.0,-869289670.0,-306514590.0,,190.12516,기계,2645.0,1801.0,0.6328017123,29200000,092440,9462.0,80830.7,0.11705948358730038,160580731.85,-1.4925373134328401,-11.80400890868597,1.3159480246985367,1.2498539890199742,-3.2534296328610135,5.878,-25.141776937618143,https://finance.naver.com/item/main.naver?code=092440
씨케이솔루션,KOSPI,1782.0,57881869056,-1.28,0.71,-1265.0,2264.0,1.93074,84959558610.0,607653310.0,-1171134720.0,,190.12516,기계,4171.205,1039.0,0.0132346172,32481408,480370,416792.0,169439.1,2.459833651146636,268874088.05,1.3651877133105783,-38.55172413793103,2.459833651146636,-55.87455830388692,0.7152265382985139,193.07399999999998,-57.27853222270303,https://finance.naver.com/item/main.naver?code=480370
엔시스,KOSDAQ,5230.0,57519069300,-7.92,1.04,-654.0,4968.0,0.8181,25496462500.0,2913808690.0,2121615870.0,,253.27647,전자장비와기기,8450.0,4630.0,0.0128067969,10997910,333620,3082.0,6867.75,0.4487641512868115,36873003.5,-6.607142857142856,-12.248322147651002,2.1315569145644497,-13.16425120772947,11.428286139694869,81.81,-38.10650887573964,https://finance.naver.com/item/main.naver?code=333620
시선AI,KOSDAQ,4135.0,57681108070,-2.99,3.45,-1299.0,1126.0,1.11785,2501569990.0,-2793061700.0,-3383731800.0,,162.84747,소프트웨어,4630.0,2105.0,0.0411771563,13949482,340810,357426.0,185382.25,1.9280486670110002,697840636.3,50.36363636363637,57.82442748091603,2.7658203522721294,-115.36412078152753,-111.65235077032565,111.785,-10.691144708423328,https://finance.naver.com/item/main.naver?code=340810
우리산업,KOSDAQ,6270.0,57258662010,4.11,0.48,1536.0,13224.0,1.97493,127149336640.0,4746554010.0,5579275830.0,,10.13834,자동차부품,10400.0,5610.0,0.0312355353,9132163,215360,5529.0,11930.9,0.4634185183012179,78481748.0,-13.873626373626369,-27.262180974477957,1.1883428743850004,11.61524500907441,3.7330544817854583,197.493,-39.71153846153847,https://finance.naver.com/item/main.naver?code=215360
덕우전자,KOSDAQ,3580.0,57030509800,8.32,0.54,434.0,6629.0,1.00788,42813267360.0,-555404250.0,-1977645890.0,,96.79463,핸드셋,6880.0,2810.0,0.0264302452,15930310,263600,9157.0,21071.9,0.434559769171266,76865329.3,-16.25730994152047,-34.67153284671532,0.8585367242631181,6.546990496304119,-1.2972713465894186,100.78800000000001,-47.96511627906976,https://finance.naver.com/item/main.naver?code=263600
인터지스,KOSPI,1913.0,56907682962,5.49,0.18,348.0,10387.0,0.77966,224365533150.0,7944932010.0,5475295860.0,,10.15986,해운사,2820.0,1795.0,0.0576588767,29747874,129260,3443.0,23869.1,0.14424506998588132,45950790.7,-10.815850815850814,-25.127201565557733,0.9227411171766008,3.35034177337056,3.541066178238884,77.96600000000001,-32.16312056737589,https://finance.naver.com/item/main.naver?code=129260
마이크로투나노,KOSDAQ,9510.0,56288643900,-11.54,2.21,-836.0,4366.0,0.88981,11178622900.0,1132613110.0,921428820.0,,33.00285,반도체와반도체장비,16340.0,4840.0,0.0425253722,5918890,424980,43718.0,28064.35,1.5577770374157962,239293649.5,-0.6269592476489061,-24.703087885985752,7.694138649211545,-19.147961520842877,10.131955609666376,88.981,-41.799265605875156,https://finance.naver.com/item/main.naver?code=424980
알트,KOSDAQ,2250.0,56746712250,11.19,1.29,223.0,1928.0,0.33026,8291059080.0,-448065890.0,818043820.0,,96.79463,핸드셋,6250.0,992.0,0.018918422,25220761,459550,1434110.0,9635089.55,0.1488424152736598,24451482192.95,35.95166163141994,-30.76923076923077,2.281788548607729,11.566390041493776,-5.404205731458857,33.025999999999996,-64.0,https://finance.naver.com/item/main.naver?code=459550
알체라,KOSDAQ,1345.0,56696655215,-19.59,2.34,-69.0,578.0,0.77693,2739481440.0,-3201038700.0,-3277691360.0,,162.84747,소프트웨어,3280.0,1198.0,0.0583142427,42153647,347860,57391.0,156475.3,0.36677354189447153,207728239.4,-21.299005266237568,-13.33762886597938,0.7666577408702844,-11.937716262975778,-116.84834411581193,77.693,-58.993902439024396,https://finance.naver.com/item/main.naver?code=347860
와이엠텍,KOSDAQ,5170.0,56694220000,16.88,0.94,311.0,5590.0,0.74279,17652206900.0,1844152960.0,1340143130.0,,-80.94163,전기제품,13990.0,3905.0,0.0233482583,10966000,273640,6136.0,13336.6,0.46008727861673887,68701802.2,-26.142857142857146,-28.194444444444443,1.1013301741073436,5.56350626118068,10.447152418092267,74.279,-63.04503216583274,https://finance.naver.com/item/main.naver?code=273640
윈팩,KOSDAQ,2055.0,56081042475,-3.66,0.89,-560.0,2305.0,1.14329,30184870610.0,794949160.0,126508220.0,,33.00285,반도체와반도체장비,3765.0,1324.0,0.0067790288,27290045,097800,56935.0,199919.4,0.2847897702774218,445291443.2,-30.338983050847457,365.98639455782313,0.3744408996825721,-24.295010845986983,2.633601350395187,114.329,-45.418326693227094,https://finance.naver.com/item/main.naver?code=097800
새론오토모티브,KOSPI,2960.0,56832000000,-109.44,0.23,-27.0,12758.0,0.12656,37578822450.0,-639241970.0,2464040350.0,,10.13834,자동차부품,3495.0,2615.0,0.6597266146,19200000,075180,25624.0,23243.1,1.1024347010510647,68427185.25,2.2452504317789224,-7.210031347962387,3.295128446721823,-0.21163191722840569,-1.7010697204536807,12.656,-15.307582260371955,https://finance.naver.com/item/main.naver?code=075180
화승알앤에이,KOSPI,2975.0,56506028425,3.05,0.33,960.0,8788.0,1.78255,201186387160.0,10561053510.0,8226684060.0,,10.13834,자동차부품,4500.0,2375.0,0.0317583433,18993623,378850,20462.0,50335.9,0.4065090720539416,151417116.75,-4.952076677316297,-16.89944134078212,0.523642171889248,10.923987255348203,5.2493877240317355,178.255,-33.88888888888889,https://finance.naver.com/item/main.naver?code=378850
부방,KOSDAQ,983.0,56079796120,23.33,0.31,43.0,3207.0,0.44459,76009178790.0,-630546140.0,-1750049060.0,,11.65576,가정용기기와용품,1582.0,750.0,0.0134127928,57049640,014470,34144.0,89259.1,0.3825268235955773,89321445.65,-18.219633943427617,-27.507374631268434,1.097635983333912,1.3408169628936701,-0.829565784077326,44.458999999999996,-37.86346396965866,https://finance.naver.com/item/main.naver?code=014470
경창산업,KOSDAQ,1561.0,55913466805,-2.67,0.51,-587.0,3093.0,2.86618,186526380930.0,8404767720.0,6024363560.0,,10.13834,자동차부품,3035.0,1000.0,0.032687396,35819005,024910,19789.0,117490.0,0.16843135586007318,190239552.15,-7.687758722649319,-18.570683359415753,0.6636394586773342,-18.978338182993856,4.5059404884685765,286.618,-48.5667215815486,https://finance.naver.com/item/main.naver?code=024910
엔젯,KOSDAQ,5140.0,55881139380,-7.13,1.49,-720.0,3449.0,0.52334,4073587980.0,106851950.0,-1203650930.0,,16.1175,디스플레이장비및부품,12800.0,3000.0,0.0,10871817,419080,6973.0,56805.95,0.1227512258839083,325908957.8,22.38095238095239,-10.45296167247387,0.6562692816509539,-20.87561612061467,2.6230426475286293,52.334,-59.84374999999999,https://finance.naver.com/item/main.naver?code=419080
진양제약,KOSDAQ,3955.0,55902291585,2.17,0.35,1828.0,11310.0,0.69228,32646047190.0,4215318740.0,2200726730.0,,46.08491,제약,6040.0,3350.0,0.030356529,14134587,007370,5989.0,11666.85,0.5133347904532929,46597063.0,-3.5365853658536617,-15.851063829787238,1.141696344771725,16.162687886825818,12.912187241128596,69.228,-34.519867549668874,https://finance.naver.com/item/main.naver?code=007370
성원에너텍,KOSDAQ,806.0,55513882710,-1.45,1.1,-557.0,730.0,2.01064,488624170.0,-7956108540.0,-1654181870.0,,253.27647,전자장비와기기,2373.981,732.0,0.0180882149,68875785,340930,,,,,,,,-76.3013698630137,-1628.2674964687071,201.064,-66.04859095333957,https://finance.naver.com/item/main.naver?code=340930
디알젬,KOSDAQ,4920.0,55722001200,7.96,0.59,622.0,8454.0,0.34231,29886762390.0,3496277360.0,3576039670.0,,-32.03035,건강관리장비와용품,6320.0,4605.0,0.1552564498,11325610,263690,3369.0,9822.85,0.3429758165909079,49652978.9,-8.03738317757009,-4.466019417475731,1.2240846597474255,7.357463922403595,11.698414550148268,34.231,-22.151898734177212,https://finance.naver.com/item/main.naver?code=263690
일진디스플,KOSPI,902.0,55503470462,-7.39,1.63,-122.0,555.0,0.86903,10679988710.0,-676091960.0,-771238590.0,,19.99532,디스플레이패널,902.0,902.0,0.0088297841,61533781,020760,,,,,,,,-21.98198198198198,-6.330455755697143,86.90299999999999,0.0,https://finance.naver.com/item/main.naver?code=020760
브이원텍,KOSDAQ,3490.0,55640672140,-5.68,0.52,-614.0,6767.0,0.52187,13037445670.0,-2389117430.0,-2410004010.0,,190.12516,기계,11000.0,3120.0,0.0150593813,15942886,251630,9341.0,14485.45,0.644853974160278,51751657.85,-13.184079601990051,-43.70967741935484,1.157920534053136,-9.073444657898627,-18.32504227033914,52.187,-68.27272727272728,https://finance.naver.com/item/main.naver?code=251630
조비,KOSPI,10670.0,55401190130,28.53,1.03,380.0,10535.0,1.42492,46413477250.0,3843660400.0,3203811360.0,,-32.42902,화학,20950.0,8640.0,0.0190927267,5192239,001550,65098.0,357171.65,0.18225970622248433,4302022894.5,-6.403508771929822,-26.867717614804665,0.3003177883799008,3.6070242050308496,8.28134547923793,142.492,-49.069212410501194,https://finance.naver.com/item/main.naver?code=001550
앤디포스,KOSDAQ,1815.0,55340148600,7.89,0.43,230.0,4190.0,0.40138,10690864930.0,-1484482440.0,-1383127470.0,,96.79463,핸드셋,4150.0,1537.0,0.010647075,30490440,238090,4878.0,19358.75,0.2519790792277394,35212828.85,-30.192307692307697,-37.19723183391004,0.9149867630916252,5.4892601431980905,-13.885522356889416,40.138,-56.26506024096385,https://finance.naver.com/item/main.naver?code=238090
위지트,KOSDAQ,1298.0,55230567172,6.56,0.35,198.0,3681.0,0.70939,114696622160.0,7811591010.0,-1778760810.0,,16.1175,디스플레이장비및부품,2250.0,503.0,0.0091759644,42550514,036090,163221.0,748878.1,0.21795403016859488,1070704229.65,-5.873821609862217,98.16793893129771,0.7817547341817046,5.378973105134474,6.810654806471068,70.939,-42.31111111111111,https://finance.naver.com/item/main.naver?code=036090
유신,KOSDAQ,18420.0,55260000000,5.33,0.36,3507.0,51711.0,1.21356,111986494440.0,6790496460.0,5121378030.0,,39.04177,건설,29150.0,14300.0,0.0347336667,3000000,054930,8822.0,17245.2,0.5115626377194813,321781400.25,-8.129675810473813,-16.651583710407238,0.5353373692389766,6.781922608342519,6.063674458207284,121.356,-36.80960548885077,https://finance.naver.com/item/main.naver?code=054930
케이사인,KOSDAQ,7800.0,55123575000,18.98,0.54,371.0,13139.0,0.63125,9940269910.0,936297170.0,119567580.0,,162.84747,소프트웨어,16000.0,6330.0,0.039197269,7067125,192250,230515.0,12374.85,18.627700537784296,93476608.5,-8.343125734430078,-22.15568862275449,18.627700537784296,2.823654768247203,9.419232862661776,63.125,-51.24999999999999,https://finance.naver.com/item/main.naver?code=192250
고바이오랩,KOSDAQ,2840.0,55149644760,-8.91,1.76,-326.0,1653.0,1.02628,21810201910.0,-2013797400.0,-3874123840.0,,-10.66193,건강관리업체및서비스,8730.0,2310.0,0.0280339931,19418889,348150,5918.0,22995.05,0.2573597361171209,68477900.2,-31.23486682808717,-39.18629550321199,1.4775353826149542,-19.72171808832426,-9.233281783955755,102.62800000000001,-67.46849942726232,https://finance.naver.com/item/main.naver?code=348150
평화산업,KOSPI,1004.0,55121868036,3.52,0.89,286.0,1132.0,2.42802,172187312680.0,8257102610.0,7376019050.0,,10.13834,자동차부품,1085.0,787.0,0.036787357,54902259,090080,39708.0,197331.75,0.20122458752836278,203475641.5,12.682379349046013,10.087719298245613,1.4647870907747993,25.265017667844525,4.7954187108694475,242.80200000000002,-7.465437788018436,https://finance.naver.com/item/main.naver?code=090080
위닉스,KOSDAQ,3080.0,55050149000,-2.72,0.34,-1160.0,9240.0,6.54454,137862097320.0,-39537243640.0,-48149209010.0,,11.65576,가정용기기와용품,6600.0,3060.0,0.0134158394,17873425,044340,57208.0,211084.0,0.2710200678402911,832330724.5,-25.513905683192263,-36.62551440329218,0.47106838983532623,-12.554112554112553,-28.678835161072392,654.454,-53.333333333333336,https://finance.naver.com/item/main.naver?code=044340
대양금속,KOSPI,1250.0,54982843750,6.11,0.7,206.0,1789.0,0.5791,52910960070.0,1935401350.0,-1232199590.0,,44.69235,철강,2545.0,1094.0,0.026972891,43986275,009190,460123.0,336359.5,1.3679500653318846,488973106.9,-30.86283185840708,7.851596203623812,2.435088053109842,11.514812744550028,3.657845836551648,57.91,-50.884086444007856,https://finance.naver.com/item/main.naver?code=009190
에스엠씨지,KOSDAQ,2735.0,54900486440,37.95,1.3,73.0,2138.0,0.77902,17323112320.0,1659713500.0,1417867250.0,,17.48769,포장재,6730.0,1790.0,0.0206351182,20073304,460870,21129.0,52131.7,0.40530042181628456,148109529.1,11.405295315682284,-12.759170653907493,0.9858109365318991,3.4144059869036485,9.58091981014183,77.902,-59.36106983655275,https://finance.naver.com/item/main.naver?code=460870
구영테크,KOSDAQ,1999.0,54793399595,2.36,0.36,860.0,5617.0,3.25099,141300022990.0,9173024770.0,6901310990.0,,10.13834,자동차부품,3005.0,1653.0,0.0201138947,27410405,053270,16036.0,42047.4,0.3813791102422504,84363371.3,-0.29925187032419087,-11.938325991189425,0.4961067747351798,15.310664055545665,6.491877761866456,325.099,-33.477537437603985,https://finance.naver.com/item/main.naver?code=053270
코스리거글로벌,KOSDAQ,3165.0,54794068830,-6.32,1.56,-510.0,2065.0,7.45637,42378316180.0,-600054600.0,-6278311050.0,,-10.66193,건강관리업체및서비스,5630.0,2555.0,0.002870469,17312502,043710,1104.0,10825.8,0.10197860666186333,36130041.95,-20.676691729323306,252.4498886414254,0.8486208871399805,-24.69733656174334,-1.4159472439898153,745.637,-43.783303730017764,https://finance.naver.com/item/main.naver?code=043710
에스디생명공학,KOSDAQ,499.0,54756837359,-7.34,1.86,-68.0,268.0,0.15942,6295966040.0,-1389669710.0,-874528650.0,,42.91369,화장품,499.0,499.0,0.0167177024,109733141,217480,,,,,,,,-25.37313432835821,-22.07238255687923,15.942,0.0,https://finance.naver.com/item/main.naver?code=217480
쿼드메디슨,KOSDAQ,4770.0,54769679010,-6.68,1.77,-722.0,2716.0,0.98595,1525000000.0,-2369831700.0,-2348684950.0,,-69.92914,생물공학,27150.0,4700.0,0.0415479276,11482113,464490,19025.0,28675.05,0.6634687646577774,151368944.0,-40.89219330855018,-70.59186189889026,4.444909424743811,-26.583210603829162,-155.3988,98.595,-82.43093922651934,https://finance.naver.com/item/main.naver?code=464490
피엔케이피부임상연구센타,KOSDAQ,1820.0,54619248320,11.23,0.65,162.0,2792.0,0.07528,6594624020.0,1509589400.0,1506542120.0,,-33.30868,생명과학도구및서비스,3100.0,1292.0,0.0160774322,30010576,347740,51332.0,26767.3,1.9177130304513343,50045786.5,-5.109489051094895,-14.553990610328638,1.9177130304513343,5.802292263610315,22.89121253041504,7.528,-41.29032258064517,https://finance.naver.com/item/main.naver?code=347740
에너토크,KOSDAQ,5600.0,54634092800,-12.8,1.4,-432.0,3958.0,0.1963,7376986770.0,353587370.0,68488200.0,,190.12516,기계,11860.0,3865.0,0.1179622406,9756088,019990,101362.0,118346.55,0.8564846208022118,656904294.65,-14.37308868501529,-32.93413173652695,10.384273981793301,-10.914603335017686,4.793113787839964,19.63,-52.782462057335586,https://finance.naver.com/item/main.naver?code=019990
디와이덕양,KOSPI,1675.0,54546341500,45.11,0.47,38.0,3682.0,4.25173,414823220950.0,-7918872290.0,-2655559530.0,,10.13834,자동차부품,2600.0,1650.0,0.0178599219,32564980,024900,139311.0,46271.3,3.0107431604471886,80094097.25,-14.540816326530614,-18.092909535452318,3.0107431604471886,1.0320478001086366,-1.9089751706437108,425.173,-35.57692307692307,https://finance.naver.com/item/main.naver?code=024900
삼양케이씨아이,KOSDAQ,5060.0,54446612000,5.55,0.43,905.0,11666.0,0.16924,35512546130.0,3818874510.0,3034181160.0,,-32.42902,화학,7440.0,4710.0,0.0313315738,10760200,036670,5895.0,8380.15,0.7034480289732284,42631557.75,-4.708097928436916,-16.08623548922057,2.8148660823493614,7.757586147779873,10.753592536058466,16.924,-31.989247311827963,https://finance.naver.com/item/main.naver?code=036670
한국선재,KOSDAQ,2135.0,54472398540,165.0,0.42,13.0,5127.0,1.04021,71721118510.0,9225964950.0,3967466360.0,,44.69235,철강,4855.0,1801.0,0.0457389597,25514004,025550,30818.0,51265.15,0.6011491237224508,111324302.4,-22.22222222222222,-32.861635220125784,1.4308550740610335,0.25355958650282817,12.863665739838726,104.02100000000002,-56.024716786817706,https://finance.naver.com/item/main.naver?code=025550
이지스,KOSDAQ,5300.0,54472340000,-9.83,1.16,-591.0,5008.0,0.31695,5586409070.0,-2423008280.0,-2929954750.0,,32.68044,IT서비스,33300.0,3290.0,0.0210365059,10277800,261520,86550.0,145810.55,0.5935784481987072,739880843.35,7.287449392712553,-41.75824175824175,1.195462193922182,-11.80111821086262,-43.37326983467754,31.695,-84.08408408408408,https://finance.naver.com/item/main.naver?code=261520
오리엔트바이오,KOSPI,913.0,54133141326,-4.11,0.75,-222.0,1212.0,0.1543,6591323780.0,50062910.0,4847082300.0,,-69.92914,생물공학,1632.0,745.0,0.0041899765,59291502,002630,756545.0,410630.35,1.8423991309945795,425743213.5,89.02691511387164,57.14285714285714,1.8423991309945795,-18.316831683168317,0.7595273980001631,15.43,-44.056372549019606,https://finance.naver.com/item/main.naver?code=002630
비트플래닛,KOSDAQ,2300.0,54153267700,-3.92,0.9,-605.0,2625.0,0.26416,7946015630.0,-766712540.0,-3721999040.0,,162.84747,소프트웨어,18250.0,1002.0,0.2361177255,23544899,049470,41647.0,326643.95,0.127499682758551,814096433.0,33.95457192778102,249.54407294832825,0.24684981919916166,-23.047619047619047,-9.649018774960552,26.416,-87.3972602739726,https://finance.naver.com/item/main.naver?code=049470
에르코스,KOSDAQ,7100.0,54080579300,-8.4,1.01,-855.0,7124.0,1.02505,10269496390.0,-478081830.0,-2578659290.0,,33.27747,식품,17000.0,5830.0,0.007874115,7616983,435570,260.0,3508.15,0.0741131365534541,24439094.75,3.498542274052485,-40.13490725126475,1.837720736000456,-12.00168444693992,-4.655358080319652,102.505,-58.23529411764705,https://finance.naver.com/item/main.naver?code=435570
파이오링크,KOSDAQ,8430.0,53929534050,7.0,0.6,1160.0,13588.0,0.16425,15846660540.0,-132049800.0,1187033610.0,,-335.21939,통신장비,14420.0,7070.0,0.0417319087,6397335,170790,50604.0,10051.5,5.034472466796001,83816113.25,-3.103448275862064,4.981320049813198,5.034472466796001,8.536944362672946,-0.8332973352125582,16.425,-41.53952843273232,https://finance.naver.com/item/main.naver?code=170790
한패스,KOSDAQ,5100.0,53917200000,5.78,1.16,898.0,4459.0,1.46617,14416381330.0,-3211382030.0,-4877649910.0,,32.68044,IT서비스,47750.0,4420.0,0.0469041809,10572000,408470,30513.0,61315.2,0.4976416940660717,335760509.25,-39.7874852420307,-81.25,0.5933112833359429,20.139044628840548,-22.275923177179166,146.617,-89.31937172774869,https://finance.naver.com/item/main.naver?code=408470
SG&G,KOSDAQ,3155.0,53772551690,1.96,0.13,1612.0,24694.0,0.17173,12824607280.0,1444308430.0,68406281790.0,,10.13834,자동차부품,5010.0,2685.0,0.0301966756,17043598,040610,7866.0,33855.8,0.23233832903077167,107221770.9,-2.6234567901234573,64.2373763664758,1.1294372013067184,6.527901514537944,11.262009030501869,17.173,-37.025948103792416,https://finance.naver.com/item/main.naver?code=040610
부산산업,KOSPI,50900.0,53750400000,-15.87,0.43,-3270.0,119423.0,0.97559,24756360520.0,1359934640.0,505414100.0,,7.71583,건축자재,94600.0,33600.0,0.0152168561,1056000,011390,6740.0,30509.0,0.22091841751614277,1600025075.0,-3.2319391634980987,-35.894206549118394,0.4569471303549772,-2.738166014921749,5.493273693850698,97.559,-46.19450317124736,https://finance.naver.com/item/main.naver?code=011390
TS인베스트먼트,KOSDAQ,2260.0,53738673240,6.38,0.53,344.0,4152.0,0.18987,7093597470.0,5416260180.0,4355719840.0,,14.56477,창업투자,4641.762,1300.0,0.0025000658,23778174,246690,97921.0,113433.3,0.8632473885534494,231322449.7,74.65224111282845,20.469083155650324,1.200599823861247,8.285163776493256,76.35420818429947,18.987000000000002,-51.31159245131482,https://finance.naver.com/item/main.naver?code=246690
코렌텍,KOSDAQ,3995.0,53562602950,8.17,0.68,489.0,5844.0,0.7547,25794979320.0,1454890370.0,1135726760.0,,-32.03035,건강관리장비와용품,7440.0,3385.0,0.0347040927,13407410,104540,8872.0,10937.45,0.8111579938651148,44236382.95,-3.8507821901323736,-34.07590759075908,0.8111579938651148,8.367556468172484,5.640207545628689,75.47,-46.303763440860216,https://finance.naver.com/item/main.naver?code=104540
HLB파나진,KOSDAQ,1174.0,53449825040,-16.4,0.72,-70.0,1591.0,0.10989,3708157720.0,-158046200.0,1550223930.0,,-33.30868,생명과학도구및서비스,2940.0,980.0,0.0153785937,45527960,046210,22023.0,89690.2,0.24554522121703376,103362725.35,-26.16352201257862,-42.591687041564796,1.984564645858745,-4.3997485857950975,-4.262121838765801,10.989,-60.06802721088435,https://finance.naver.com/item/main.naver?code=046210
동우팜투테이블,KOSDAQ,2080.0,53501269120,1.89,0.22,1100.0,9312.0,0.15061,91204830040.0,957374940.0,10777546710.0,,33.27747,식품,2730.0,1978.0,0.0620566692,25721764,088910,12564.0,44830.1,0.2802581301402406,93692138.05,-12.970711297071125,-11.677282377919319,0.9157686465120534,11.812714776632301,1.0496976306848231,15.061,-23.809523809523814,https://finance.naver.com/item/main.naver?code=088910
SJM,KOSPI,3430.0,53524800140,4.42,0.23,777.0,14855.0,0.21652,52531286470.0,4690425730.0,6467583300.0,,10.13834,자동차부품,4200.0,2945.0,0.0757865255,15604898,123700,4791.0,8794.55,0.5447692036545361,29774398.3,1.179941002949847,-4.456824512534818,1.1166006219761102,5.230562100302929,8.928823269307609,21.651999999999997,-18.333333333333336,https://finance.naver.com/item/main.naver?code=123700
에이에스텍,KOSDAQ,8290.0,53424266670,21.34,0.78,382.0,10500.0,0.70179,4256179710.0,-4893353010.0,-5154528140.0,,42.91369,화장품,22900.0,7920.0,0.1305680896,6444423,453860,3637.0,9413.65,0.3863538584927207,81076343.5,-27.024647887323937,-42.390548992355804,1.701359196485954,3.638095238095238,-114.97054502898327,70.179,-63.79912663755458,https://finance.naver.com/item/main.naver?code=453860
우성,KOSPI,17270.0,53364300000,3.42,0.21,5039.0,82793.0,1.43322,163998314240.0,334067840.0,-3000998000.0,,33.27747,식품,25450.0,14500.0,0.0101440129,3090000,006980,1766.0,10116.15,0.17457234224482635,189975951.5,-3.5734226689000503,-19.299065420560744,14.016893778759707,6.086263331441064,0.20370199629681268,143.322,-32.141453831041254,https://finance.naver.com/item/main.naver?code=006980
퀀텀레일,KOSDAQ,1499.0,53251568771,94.81,1.11,16.0,1365.0,0.5177,2329588600.0,-1548330970.0,-1309473340.0,,96.79463,핸드셋,3580.0,1160.0,0.0469513223,35524729,070300,460026.0,552461.95,0.8326835902454459,1025606899.6,5.489092188599587,-1.8336607727570398,0.8326835902454459,1.1721611721611722,-66.46370822728099,51.77,-58.12849162011173,https://finance.naver.com/item/main.naver?code=070300
모나리자,KOSPI,1459.0,53357461045,35.98,0.62,41.0,2391.0,0.19475,34526229300.0,1116872280.0,590664150.0,,6.24714,가정용품,2695.0,1275.0,0.0251360802,36571255,012690,48290.0,427319.9,0.11300667251864469,656928191.8,-15.810732833237163,-28.3046683046683,0.3554339500687892,1.7147636971978253,3.234851597304314,19.475,-45.862708719851575,https://finance.naver.com/item/main.naver?code=012690
위츠,KOSDAQ,3960.0,53325756000,26.94,1.21,152.0,3373.0,3.0659,42713103870.0,-1242192580.0,-2107440980.0,,96.79463,핸드셋,9290.0,3050.0,0.0472272596,13466100,459100,15624.0,11869.2,1.316348195329087,50619478.5,-25.423728813559322,-32.30769230769231,1.316348195329087,4.506374147643047,-2.90822363034232,306.59000000000003,-57.37351991388591,https://finance.naver.com/item/main.naver?code=459100
노랑풍선,KOSDAQ,3150.0,52953238800,-18.32,1.33,-173.0,2380.0,1.52652,19299277440.0,773021660.0,585503030.0,,15.31862,"호텔,레스토랑,레저",7580.0,2660.0,0.0271844137,16810552,104620,16956.0,62955.0,0.2693352394567548,205069381.3,-23.636363636363633,-31.96544276457883,0.3980462234929712,-7.268907563025211,4.005443532294233,152.65200000000002,-58.44327176781003,https://finance.naver.com/item/main.naver?code=104620
범양건영,KOSPI,1935.0,53173451700,-0.61,-0.76,-3184.0,-2532.0,-2.46534,1003503790.0,-461367540.0,854182470.0,,39.04177,건설,1935.0,1935.0,0.0113706349,27479820,002410,,,,,,,,125.75039494470775,-45.97566492499246,-246.534,0.0,https://finance.naver.com/item/main.naver?code=002410
코리아나,KOSDAQ,1330.0,53200000000,-5.28,0.51,-249.0,2600.0,0.19512,18933611530.0,-1057751760.0,-1137225650.0,,42.91369,화장품,3055.0,1150.0,0.034628275,40000000,027050,2661514.0,104853.55,25.383155839740283,149367623.55,-11.569148936170215,-30.65693430656934,25.383155839740283,-9.576923076923077,-5.586634955111493,19.512,-56.46481178396072,https://finance.naver.com/item/main.naver?code=027050
코위버,KOSDAQ,5400.0,52902720000,13.85,0.3,379.0,17332.0,0.17899,11970936370.0,-1273427520.0,-421997280.0,,-335.21939,통신장비,14550.0,4075.0,0.0362921566,9796800,056360,214750.0,53147.95,4.040607398780198,290160099.0,-22.857142857142854,7.784431137724557,4.091879366937013,2.1867066697438267,-10.6376600847307,17.899,-62.88659793814433,https://finance.naver.com/item/main.naver?code=056360
서원,KOSPI,1114.0,52886693260,-9.57,0.37,-119.0,3073.0,2.24797,586857574700.0,27617272520.0,10007040550.0,,30.01711,비철금속,1990.0,885.0,0.0608037057,47474590,021050,111060.0,235526.15,0.47153999672647817,263675470.6,-8.388157894736848,-14.439324116743467,1.0119088687179747,-3.8724373576309796,4.7059582615284254,224.797,-44.02010050251256,https://finance.naver.com/item/main.naver?code=021050
에피소드컴퍼니,KOSDAQ,3015.0,52747069230,-4.72,1.97,-635.0,1525.0,1.35996,19429399420.0,-3100277850.0,-2893052170.0,,19.46801,양방향미디어와서비스,6020.0,1960.0,0.0029453757,17494882,317530,13548.0,3549.85,3.8164992887023397,10309397.85,0.16611295681063787,-31.164383561643838,3.8164992887023397,-41.63934426229508,-15.956632436145574,135.996,-49.91694352159468,https://finance.naver.com/item/main.naver?code=317530
삼진식품,KOSDAQ,5290.0,52469690240,7.04,1.24,743.0,4222.0,0.78863,21495262170.0,-523956140.0,-224029470.0,,33.27747,식품,25600.0,3965.0,0.0240652564,9918656,0013V0,36835.0,69692.6,0.5285353107790497,374602691.55,-9.880749574105618,-39.81797497155859,3.097043301584386,17.59829464708669,-2.4375424493833937,78.863,-79.3359375,https://finance.naver.com/item/main.naver?code=0013V0
이닉스,KOSDAQ,5790.0,52523568120,215.71,0.44,28.0,13584.0,0.15893,29360530050.0,98190890.0,476896970.0,,-80.94163,전기제품,14400.0,4700.0,0.0150652135,9071428,452400,13256.0,9002.95,1.4724062668347595,54240487.0,-17.755681818181824,-36.37362637362638,1.913372838902804,0.2061248527679623,0.3344315985875739,15.892999999999999,-59.791666666666664,https://finance.naver.com/item/main.naver?code=452400
우원개발,KOSDAQ,2895.0,52325243250,1.09,0.33,2654.0,8672.0,0.59265,67376910050.0,4034908050.0,3438013130.0,,39.04177,건설,6610.0,2470.0,0.0613625386,18074350,046940,39858.0,103415.7,0.38541536729916254,310193287.6,-17.872340425531917,-37.20173535791758,0.9502425647169628,30.604243542435423,5.9885620266731125,59.265,-56.202723146747346,https://finance.naver.com/item/main.naver?code=046940
한컴라이프케어,KOSPI,1888.0,52249278528,-6.72,0.41,-279.0,4590.0,0.44609,55074218230.0,7608901630.0,6819492290.0,,-32.03035,건강관리장비와용품,3780.0,1524.0,0.0409251783,27674406,372910,70301.0,132330.95,0.5312513814795404,248667648.7,-7.2235872235872245,-27.523992322456813,0.5312513814795404,-6.078431372549019,13.815723353936384,44.609,-50.05291005291006,https://finance.naver.com/item/main.naver?code=372910
덕성,KOSPI,3335.0,52292800000,9.3,0.52,359.0,6371.0,0.55062,32843263060.0,809386850.0,819573030.0,,8.94358,"섬유,의류,신발,호화품",5950.0,2720.0,0.0372949617,15680000,004830,26307.0,146942.75,0.17902890751670295,522067913.7,-10.228802153432037,-27.891891891891895,0.9120014427387537,5.6349081776801135,2.4643923124245135,55.062,-43.94957983193277,https://finance.naver.com/item/main.naver?code=004830
전방,KOSPI,31100.0,52248000000,1.22,0.16,26160.0,199651.0,0.03546,6906421860.0,-140967480.0,874999000.0,,8.94358,"섬유,의류,신발,호화품",45500.0,22750.0,0.0094553571,1680000,000950,826.0,2346.55,0.3520061366687264,78707035.0,15.61338289962826,-17.397078353253647,0.5863927894142464,13.102864498549971,-2.0411072890934,3.546,-31.648351648351646,https://finance.naver.com/item/main.naver?code=000950
경남스틸,KOSDAQ,1927.0,51989696908,11.1,0.45,172.0,4224.0,0.48791,98311297930.0,2246976780.0,2232219030.0,,44.69235,철강,3430.0,1548.0,0.0313784072,26979604,039240,10286.0,37069.6,0.2774780413060837,71217823.0,-15.667396061269145,-22.919999999999995,2.0458273086302525,4.071969696969697,2.2855733036907937,48.791000000000004,-43.819241982507286,https://finance.naver.com/item/main.naver?code=039240
케이피항공산업,KOSDAQ,7030.0,51974631860,0.0,0.0,0.0,0.0,1.89844,14324928260.0,-584105430.0,-13795176050.0,,41.50419,우주항공과국방,46500.0,5740.0,0.0129470591,7393262,288180,11489.0,25995.35,0.44196365888514677,210628858.0,-41.4654454621149,-83.96807297605473,0.8621926613798238,,-4.077545237214332,189.844,-84.88172043010753,https://finance.naver.com/item/main.naver?code=288180
인성정보,KOSDAQ,1029.0,51980326020,-15.18,0.59,-67.0,1738.0,1.58869,99991272200.0,869336360.0,3024158250.0,,32.68044,IT서비스,2430.0,801.0,0.0565633674,50515380,033230,307223.0,274326.55,1.119917120672425,309202993.1,-19.734789391575656,-33.0078125,1.119917120672425,-3.855005753739931,0.8694122405615318,158.869,-57.65432098765433,https://finance.naver.com/item/main.naver?code=033230
푸른로보틱스,KOSDAQ,6200.0,51840593200,-83.42,1.36,-76.0,4670.0,0.31668,6013335310.0,-60325890.0,-152747430.0,,19.51316,컴퓨터와주변기기,15700.0,4715.0,0.0201750045,8361386,094940,34956.0,497489.2,0.07026484193023688,3642800589.5,-12.798874824191275,-34.73684210526316,0.19019709372585375,-1.6274089935760172,-1.0032018320960718,31.668000000000003,-60.509554140127385,https://finance.naver.com/item/main.naver?code=094940
알피바이오,KOSDAQ,5980.0,51824838780,11.22,0.49,541.0,12393.0,0.46043,39770421880.0,4091203200.0,2970188910.0,,46.08491,제약,9130.0,4810.0,0.0204869149,8666361,314140,4104.0,38795.2,0.10578628283911412,230045585.5,11.567164179104484,-11.275964391691396,1.923150286633398,4.365367546195433,10.287050040214458,46.043,-34.50164293537787,https://finance.naver.com/item/main.naver?code=314140
대모,KOSDAQ,6180.0,51444915600,27.31,1.07,227.0,5781.0,0.36519,11589523340.0,973689210.0,1045245580.0,,190.12516,기계,10910.0,4800.0,0.0309801764,8324420,317850,22174.0,66556.2,0.3331620495160481,403561262.75,-18.68421052631579,-24.078624078624077,7.562481031068481,3.9266562878394744,8.401460365841068,36.519,-43.35472043996334,https://finance.naver.com/item/main.naver?code=317850
고려산업,KOSPI,2070.0,51624609750,5.29,0.43,391.0,4843.0,1.45832,79477910890.0,3997292210.0,2742488530.0,,33.27747,식품,3320.0,1648.0,0.0169757723,24939425,002140,509020.0,707412.55,0.719551837184681,1507694829.75,3.2418952618453956,-24.590163934426236,3.1782062673329725,8.07350815610159,5.029437947271138,145.832,-37.65060240963856,https://finance.naver.com/item/main.naver?code=002140
퓨런티어,KOSDAQ,6010.0,51426548300,-8.53,1.27,-719.0,4810.0,0.11109,8628302520.0,-494123250.0,-134531390.0,,253.27647,전자장비와기기,18930.0,4415.0,0.0745113553,8556830,370090,8701.0,24542.15,0.3545329158203336,159816466.0,-34.245076586433264,-52.22575516693164,1.1182801832765263,-14.94802494802495,-5.726772431247578,11.109,-68.2514527205494,https://finance.naver.com/item/main.naver?code=370090
인팩,KOSPI,5140.0,51400000000,4.3,0.39,1196.0,13223.0,3.3356,192102095290.0,8545096720.0,5052799530.0,,10.13834,자동차부품,13560.0,4430.0,0.0,10000000,023810,8646.0,12671.85,0.682299743131429,66145286.75,-6.032906764168189,-34.68869123252859,2.448498048824757,9.044846101489828,4.44820589129973,333.56,-62.09439528023599,https://finance.naver.com/item/main.naver?code=023810
유티아이,KOSDAQ,2375.0,51227132625,-1.22,0.75,-2041.0,3344.0,1.94628,5494477120.0,-15888678330.0,13892078970.0,,96.79463,핸드셋,29300.0,1680.0,0.1046005671,21569319,179900,350257.0,648097.2,0.5404389958790132,1709243613.05,-85.57984213721919,-88.63636363636364,1.401323752054476,-61.03468899521531,-289.17543895423483,194.62800000000001,-91.89419795221842,https://finance.naver.com/item/main.naver?code=179900
코콤,KOSDAQ,2920.0,51189060000,8.53,0.38,343.0,7612.0,0.15744,19700017070.0,-538383660.0,1228848550.0,,-335.21939,통신장비,4540.0,2335.0,0.018551553,17530500,015710,5839.0,98876.6,0.05905340596258366,315382724.2,-3.31125827814569,-19.999999999999996,0.1300206520046199,4.506043089858118,-2.7329096116361895,15.744,-35.68281938325991,https://finance.naver.com/item/main.naver?code=015710
쎄크,KOSDAQ,5800.0,51188103000,-12.53,1.41,-451.0,4016.0,2.35052,7554600890.0,-3964333500.0,-3768555270.0,,253.27647,전자장비와기기,19530.0,4015.0,0.0628766415,8825535,081180,41405.0,47587.85,0.870075029655679,254017530.3,-24.083769633507856,-55.108359133126925,2.0184143641706864,-11.2300796812749,-52.47575031061634,235.052,-70.30209933435741,https://finance.naver.com/item/main.naver?code=081180
포스뱅크,KOSDAQ,5020.0,51158252740,12.88,0.63,392.0,8078.0,0.35999,36611393510.0,6319737320.0,6659774220.0,,15.3479,상업서비스와공급품,6900.0,3230.0,0.0366686433,10190887,105760,6183.0,44447.65,0.1391074668739517,221102974.3,17.28971962616823,1.2096774193548487,1.4322466992068197,4.852686308492201,17.261668333585373,35.998999999999995,-27.24637681159421,https://finance.naver.com/item/main.naver?code=105760
진양산업,KOSPI,3935.0,51155000000,7.36,0.76,534.0,5164.0,0.67568,23691833000.0,1632307510.0,1159046510.0,,-32.42902,화학,8090.0,3660.0,0.0405215385,13000000,003780,42632.0,85746.4,0.4971870539171324,336711744.05,-26.033834586466163,-33.30508474576271,0.4971870539171324,10.340821068938807,6.88974766114551,67.568,-51.359703337453645,https://finance.naver.com/item/main.naver?code=003780
더코디,KOSDAQ,9890.0,51039540580,2.09,0.43,4732.0,23122.0,14.80267,5987002910.0,-1065347030.0,-1744415400.0,,-80.94163,전기제품,12750.0,2400.0,0.0,5160722,224060,2861306.0,126518.1,22.615783828558918,849918726.0,106.25651720542231,221.6260162601626,22.615783828558918,20.465357668021795,-17.79432958384849,1480.267,-22.431372549019613,https://finance.naver.com/item/main.naver?code=224060
인바이오젠,KOSPI,5070.0,50924175120,-37.04,0.33,-142.0,15788.0,0.038,1509728070.0,-924447290.0,-1475472250.0,,253.27647,전자장비와기기,14300.0,4755.0,0.0079887768,10044216,101140,24575.0,3131.95,7.846549274413705,16734988.25,-27.05035971223022,-44.285714285714285,7.846549274413705,-0.899417278946035,-61.2327019924853,3.8,-64.54545454545455,https://finance.naver.com/item/main.naver?code=101140
서전기전,KOSDAQ,5220.0,50627631600,7.57,1.37,715.0,3959.0,0.56631,12043324820.0,-947961990.0,-915382470.0,,55.63885,전기장비,11500.0,2820.0,0.0137305929,9698780,189860,1760319.0,575134.3,3.0607094725527584,3036072477.6,0.9671179883945946,17.83295711060948,9.22442984186476,18.060116190957313,-7.871264822366553,56.631,-54.608695652173914,https://finance.naver.com/item/main.naver?code=189860
딥노이드,KOSDAQ,1727.0,50725844664,-3.68,1.79,-472.0,970.0,0.52466,1311026880.0,-3296739500.0,-3234230620.0,,32.68044,IT서비스,5145.607,1120.0,0.0285628276,29372232,315640,44090.0,67130.45,0.6567809392012119,114722640.75,-21.678004535147387,-49.428989751098094,1.1205496164557216,-48.65979381443299,-251.46238801755155,52.466,-66.43739018545334,https://finance.naver.com/item/main.naver?code=315640
삼화전자,KOSPI,2640.0,50597672400,-5.27,2.35,-476.0,1069.0,2.72431,7598171710.0,-1459773640.0,-1498797280.0,,253.27647,전자장비와기기,4820.0,2010.0,0.0310526284,19165785,011230,3983827.0,350101.85,11.379051553140894,1012730881.05,-8.333333333333337,7.099391480730222,11.379051553140894,-44.52759588400374,-19.212169660219487,272.431,-45.22821576763485,https://finance.naver.com/item/main.naver?code=011230
에이테크솔루션,KOSDAQ,5040.0,50400000000,109.35,0.57,46.0,8845.0,2.66614,72995045000.0,-328455000.0,-774681000.0,,190.12516,기계,14250.0,3995.0,0.0182384,10000000,071670,5298.0,13491.65,0.39268732882931295,68098989.05,-20.253164556962023,-44.67618002195389,1.008179133019312,0.5200678349349915,-0.44996889857386896,266.614,-64.63157894736841,https://finance.naver.com/item/main.naver?code=071670
에이프로젠,KOSPI,2030.0,50396684590,-0.56,0.26,-3540.0,7695.0,0.62814,35526127030.0,-22444831320.0,-42306328920.0,,46.08491,제약,7800.0,280.0,0.0,24825953,007460,144577.0,669856.25,0.21583287459063044,1774239415.6,-34.51612903225807,502.37388724035605,0.49796504847122053,-46.00389863547758,-63.17837939679292,62.814,-73.97435897435898,https://finance.naver.com/item/main.naver?code=007460
대진첨단소재,KOSDAQ,2825.0,50428566500,-1.06,0.8,-2671.0,3532.0,1.51557,27002246620.0,-560473710.0,-929746630.0,,-80.94163,전기제품,8370.0,2340.0,0.0388198413,17850820,393970,,,,,,,,-75.62287655719139,-2.075655844076577,151.55700000000002,-66.24850657108722,https://finance.naver.com/item/main.naver?code=393970
CJ 바이오사이언스,KOSDAQ,3855.0,50367356010,-2.1,0.94,-1837.0,4105.0,0.4466,898152060.0,-6399328470.0,-6207905930.0,,-33.30868,생명과학도구및서비스,10430.0,3060.0,0.0276608665,13065462,311690,3353.0,5070.9,0.6612238458656254,20075035.3,-23.66336633663366,-51.99252801992529,0.6612238458656254,-44.750304506699145,-712.4994480333319,44.66,-63.03930968360498,https://finance.naver.com/item/main.naver?code=311690
모티브링크,KOSDAQ,4040.0,50057046320,-448.89,1.36,-9.0,2963.0,0.9339,20222748750.0,-1119443390.0,-1117378440.0,,10.13834,자동차부품,11860.0,2590.0,0.0192703068,12390358,463480,9820.0,12411.45,0.7912048954795773,50787580.15,-30.3448275862069,-44.35261707988981,0.9803850476777491,-0.3037462031724603,-5.535564941437547,93.39,-65.93591905564924,https://finance.naver.com/item/main.naver?code=463480
윙입푸드,KOSDAQ,1406.0,50029321192,,,,,0.25105,47060461000.0,5889881000.0,2968911000.0,,33.27747,식품,4807.237,905.0,0.1145671445,35582732,900340,149036.0,591847.35,0.251814931671148,972861405.1,-18.398142774230998,121.06918238993711,4.3852016909427745,,12.51556163038862,25.105,-70.75243013814381,https://finance.naver.com/item/main.naver?code=900340
