name,market,tradePrice,marketCap,per,pbr,eps,bps,debtRatio,sales,operatingProfit,netIncome,sectorName,sectorPer,wicsSectorName,high52wPrice,low52wPrice,foreignRatio,listedShareCount,code,vol_today,vol_avg20,vol_mult,amt_avg20,ret_60d,ret_6m,vol_mult_max5,roe,op_margin,debt_pct,off_high_pct,naver_url
효성,KOSPI,164900.0,2760493114300,8.26,1.12,19734.0,146168.0,0.81722,733636709690.0,231638674800.0,226319284640.0,,31.62059,복합기업,318000.0,83800.0,0.2162948607,16740407,004800,18308.0,23415.35,0.7818802623065639,3800793687.5,-1.2574850299401197,23.15160567587753,1.0846303813524034,13.500903070439493,31.57402999883682,81.722,-48.14465408805031,https://finance.naver.com/item/main.naver?code=004800
금호석유화학,KOSPI,117500.0,2955985687500,10.57,0.49,11300.0,244373.0,0.34403,2268152062130.0,338998286910.0,300416958500.0,,-30.98927,화학,162300.0,102800.0,0.2857482264,25157325,011780,73715.0,91746.3,0.8034656438461278,11544347207.5,3.160667251975413,-4.393816110659077,1.2288342963149468,4.624078764838996,14.94601233180327,34.403,-27.603203943314846,https://finance.naver.com/item/main.naver?code=011780
iM금융지주,KOSPI,18060.0,2860043148480,7.2,0.47,2511.0,38725.0,15.36345,4171962000000.0,182738000000.0,144782000000.0,,9.52841,은행,22000.0,13050.0,0.4496896215,158363408,139130,208263.0,376970.5,0.5524649806815122,6926472343.0,14.087176247631072,8.92641737032569,2.3014028949214858,6.484183344092963,4.380145360863786,1536.345,-17.909090909090907,https://finance.naver.com/item/main.naver?code=139130
서울보증보험,KOSPI,41350.0,2887123077300,10.78,0.56,3844.0,74331.0,0.85306,687320060000.0,87020827390.0,65997537180.0,,8.93574,손해보험,64800.0,39650.0,0.0695241177,69821598,031210,37995.0,41844.55,0.9080035512390502,1797818883.75,3.11720698254363,-27.07231040564374,2.163627043426205,5.171462781342912,12.660888638984288,85.306,-36.18827160493827,https://finance.naver.com/item/main.naver?code=031210
DN오토모티브,KOSPI,49450.0,2893362274250,9.04,1.27,5440.0,38780.0,1.22313,1249319637000.0,205436080000.0,157872007000.0,,9.52744,자동차부품,67500.0,21550.0,0.0569290678,58510865,007340,161405.0,116863.5,1.381141245983562,5443132783.75,34.55782312925171,38.12849162011174,1.4467733723532155,14.027849406910779,16.443836622412746,122.313,-26.740740740740744,https://finance.naver.com/item/main.naver?code=007340
넷마블,KOSPI,34800.0,2893913190000,12.58,0.52,2746.0,66269.0,0.35791,749215129330.0,80154994470.0,203858726520.0,,17.25132,게임엔터테인먼트,66700.0,33800.0,0.1379072175,83158425,251270,96768.0,125772.25,0.7693907042292716,4514654953.75,-0.9957325746799417,-36.496350364963504,1.2732538377901326,4.143717273536646,10.698528544355497,35.791000000000004,-47.82608695652174,https://finance.naver.com/item/main.naver?code=251270
SK바이오사이언스,KOSPI,35750.0,2804821769750,-48.64,1.56,-733.0,22806.0,0.48578,155705084520.0,-15737656290.0,-14086496010.0,,45.13103,제약,61300.0,31800.0,0.0597118255,78456553,302440,51840.0,68303.95,0.7589604993561866,2553398060.0,2.2889842632331847,-18.19221967963387,1.4994008399221421,-3.2140664737349818,-10.107348991534398,48.577999999999996,-41.68026101141925,https://finance.naver.com/item/main.naver?code=302440
현대엘리베이터,KOSPI,74300.0,2904564205500,10.2,1.98,7258.0,37450.0,1.91184,692843740390.0,84478649450.0,166912467860.0,,183.01813,기계,113400.0,61800.0,0.2191979333,39092385,017800,100757.0,82112.4,1.2270619297450813,6110736395.0,7.52532561505066,-14.695752009184847,1.2270619297450813,19.380507343124165,12.193030625122942,191.184,-34.479717813051145,https://finance.naver.com/item/main.naver?code=017800
대한광통신,KOSDAQ,17850.0,2775419031000,-74.77,36.61,-237.0,484.0,1.55218,49053665500.0,956781920.0,444593210.0,,-362.11639,통신장비,31500.0,1218.908,0.0621741902,155485660,010170,10750787.0,14924859.15,0.7203275348833024,231771514894.0,36.46788990825689,147.2299168975069,3.717102214663111,-48.96694214876033,1.950479969738449,155.218,-43.333333333333336,https://finance.naver.com/item/main.naver?code=010170
보로노이,KOSDAQ,150000.0,2780416200000,-65.12,27.23,-2374.0,5678.0,0.93301,,-29297618720.0,-29015219820.0,,45.13103,제약,375500.0,97500.0,0.0602919987,18536108,310210,102351.0,78671.2,1.3009970611863046,12071202290.0,-12.177985948477755,-56.77233429394812,1.869718524695187,-41.81049665375132,,93.301,-60.053262316910796,https://finance.naver.com/item/main.naver?code=310210
미래에셋생명,KOSPI,19960.0,2698192800000,19.31,1.03,1002.0,18762.0,13.18226,3779261302000.0,23649548580.0,17970234600.0,,21.41056,생명보험,37300.0,7650.0,0.006393431,135180000,085620,128364.0,269425.9,0.47643526476110865,6306077731.5,-3.5748792270531404,14.057142857142857,0.5528013453791932,5.340582027502398,0.6257717233652134,1318.2259999999999,-46.48793565683646,https://finance.naver.com/item/main.naver?code=085620
롯데케미칼,KOSPI,62900.0,2690573855100,-1.32,0.21,-48311.0,298452.0,0.76761,5686369979630.0,110138582640.0,194490759400.0,,-30.98927,화학,119500.0,52500.0,0.1983387468,42775419,011170,153366.0,204047.7,0.7516183715866437,12754129655.0,0.0,-10.3988603988604,1.6954761068122797,-16.187192580381435,1.936887382188355,76.761,-47.36401673640167,https://finance.naver.com/item/main.naver?code=011170
F&F,KOSPI,68200.0,2612542515000,6.45,1.36,10611.0,50123.0,0.26669,399621629200.0,86499071630.0,72987676490.0,,8.86094,"섬유,의류,신발,호화품",89000.0,58000.0,0.1283126942,38307075,383220,35342.0,60999.0,0.5793865473204479,4020585860.0,-7.210884353741498,9.646302250803851,0.8276856997655699,21.169921991899926,21.645242727017038,26.668999999999997,-23.370786516853936,https://finance.naver.com/item/main.naver?code=383220
CJ제일제당,KOSPI,174500.0,2626955457000,-4.9,0.4,-35668.0,440524.0,1.60396,7362113166000.0,257574531000.0,-3876905000.0,,32.42418,식품,252000.0,172600.0,0.1151304361,15054186,097950,56873.0,55320.2,1.0280693128369023,10104687795.0,-1.6901408450704203,-14.039408866995073,1.73558663923847,-8.096721177506787,3.4986494392607383,160.39600000000002,-30.753968253968257,https://finance.naver.com/item/main.naver?code=097950
제주반도체,KOSDAQ,76300.0,2627988157900,64.11,11.15,1173.0,6742.0,0.63576,289938012130.0,121871077130.0,145019513740.0,,33.4343,반도체와반도체장비,138000.0,17480.0,0.002736999,34442833,080220,1443528.0,1052425.75,1.3716198031072502,79175804190.0,-23.084677419354836,78.27102803738318,1.3716198031072502,17.398398101453573,42.033494068158426,63.576,-44.710144927536234,https://finance.naver.com/item/main.naver?code=080220
실리콘투,KOSDAQ,39950.0,2619771267400,14.89,5.88,2756.0,6976.0,0.4,402597050820.0,82969819440.0,72331311450.0,,19.25197,인터넷과카탈로그소매,56100.0,29850.0,0.1216229162,65576252,257720,859515.0,1135625.3,0.7568649624132184,54537238520.0,31.41447368421053,5.13157894736842,0.7568649624132184,39.50688073394495,20.608650577794613,40.0,-28.787878787878785,https://finance.naver.com/item/main.naver?code=257720
코리안리,KOSPI,14670.0,2592497524770,9.43,0.72,1587.0,20843.0,2.66389,2055728596140.0,175045476920.0,132572450660.0,,8.93574,손해보험,15660.0,10010.0,0.2637347787,176721031,003690,192376.0,222410.75,0.8649581910946301,3295760092.75,16.152019002375305,11.558935361216726,1.296560530459971,7.614067072878185,8.515009094521492,266.389,-6.3218390804597675,https://finance.naver.com/item/main.naver?code=003690
동서,KOSPI,25400.0,2532380000000,17.3,1.46,1468.0,17452.0,0.04047,135733871060.0,9836682560.0,41216142630.0,,32.42418,식품,30950.0,22350.0,0.0371754764,99700000,026960,31570.0,53709.4,0.5877928258368181,1379244882.5,10.675381263616558,-0.39215686274509665,0.9577466886615751,8.411643364657346,7.247036044269141,4.047,-17.932148626817444,https://finance.naver.com/item/main.naver?code=026960
롯데지주,KOSPI,24450.0,2436779323200,-2.7,0.31,-9028.0,79142.0,1.39049,4093073648310.0,128978572270.0,64351963340.0,,31.62059,복합기업,39600.0,21150.0,0.0979452856,99663776,004990,81339.0,128943.45,0.6308114138407186,3165795286.25,6.5359477124183,-19.83606557377049,3.368910945069331,-11.407343761845796,3.1511422308087296,139.049,-38.25757575757576,https://finance.naver.com/item/main.naver?code=004990
한솔케미칼,KOSPI,224500.0,2423261082000,16.05,2.17,13428.0,99420.0,0.38389,247539416450.0,49753611310.0,53664875080.0,,-30.98927,화학,346500.0,175000.0,0.4312442538,10794036,014680,72631.0,40363.45,1.799424974822519,8261581825.0,-13.65384615384615,-21.366024518388794,2.7715916255919653,13.506336753168377,20.09926823918551,38.389,-35.20923520923521,https://finance.naver.com/item/main.naver?code=014680
한화비전,KOSPI,47800.0,2413345042000,51.83,2.72,902.0,17188.0,1.36841,542288924730.0,65578457510.0,75294760130.0,,-362.11639,통신장비,97900.0,30950.0,0.2405122049,50488390,489790,204610.0,144185.8,1.4190717809936901,6939666612.5,-9.297912713472488,-37.841352405721715,2.3326846332995346,5.247847335350244,12.092900024216949,136.84099999999998,-51.174668028600614,https://finance.naver.com/item/main.naver?code=489790
한올바이오파마,KOSPI,46100.0,2408293411800,-429.36,14.7,-109.0,3184.0,0.48809,44275731480.0,5597740050.0,-19228508520.0,,45.13103,제약,73000.0,30400.0,0.0450696257,52240638,009420,157939.0,278348.6,0.567414386133072,15329547285.0,-20.242214532871973,-17.971530249110323,0.8099052770518695,-3.4233668341708547,12.642908118928723,48.809000000000005,-36.84931506849315,https://finance.naver.com/item/main.naver?code=009420
에코프로머티,KOSPI,35300.0,2499729611000,99.28,2.26,345.0,15125.0,0.95852,178788095610.0,-10583518570.0,-12449410450.0,,-77.6154,전기제품,88800.0,27100.0,0.1387181918,70813870,450080,219372.0,250712.95,0.8749926958300319,9144837815.0,-16.74528301886793,-42.972536348949916,0.8749926958300319,2.28099173553719,-5.919587953487906,95.852,-60.24774774774775,https://finance.naver.com/item/main.naver?code=450080
메지온,KOSDAQ,78800.0,2412987911200,-68.36,140.11,-1160.0,566.0,2.20785,2200899870.0,-4540625130.0,7685387190.0,,32.42418,식품,179900.0,45850.0,0.2359401383,30621674,140410,101796.0,79776.0,1.276022864019254,5597595940.0,41.726618705035975,-11.659192825112108,1.8698856799037304,-204.94699646643107,-206.30766496433117,220.785,-56.19788771539744,https://finance.naver.com/item/main.naver?code=140410
농심,KOSPI,390500.0,2375271701000,13.44,0.81,29342.0,485193.0,0.36912,956063105300.0,59252095210.0,54665696240.0,,32.42418,식품,480500.0,319000.0,0.2519822801,6082642,004370,13325.0,29828.3,0.44672341367090984,12627690150.0,18.51289833080425,4.832214765100673,2.0870783785867784,6.047490380116778,6.197508813124577,36.912,-18.730489073881373,https://finance.naver.com/item/main.naver?code=004370
휴젤,KOSDAQ,190300.0,2381637421900,15.77,2.34,13061.0,87960.0,0.09574,137903428650.0,56030447570.0,44738790810.0,,-65.60732,생물공학,312000.0,188200.0,0.5741542686,12515173,145020,204510.0,37569.55,5.443504114369216,8759594425.0,-24.633663366336634,-23.880000000000003,5.443504114369216,14.848794906775808,40.63020631068262,9.574,-39.00641025641025,https://finance.naver.com/item/main.naver?code=145020
현대무벡스,KOSDAQ,21350.0,2377878432650,208.74,14.78,103.0,1455.0,1.05841,100360141290.0,3196477710.0,11343328740.0,,183.01813,기계,50400.0,8090.0,0.0467832493,111376039,319400,841896.0,824244.4,1.0214154927834511,18490661120.0,-6.768558951965065,-29.885057471264364,3.902267337212118,7.079037800687285,3.1850071840408027,105.84100000000001,-57.638888888888886,https://finance.naver.com/item/main.naver?code=319400
한국앤컴퍼니,KOSPI,24550.0,2330660142000,6.68,0.49,3666.0,50477.0,0.09719,339568170580.0,100149796830.0,95691702420.0,,9.52744,자동차부품,36450.0,21550.0,0.0877389471,94935240,000240,87821.0,64095.55,1.370157522636127,1566912751.25,8.388520971302427,-6.118546845124284,1.370157522636127,7.2627137111951985,29.4932816167484,9.719,-32.64746227709191,https://finance.naver.com/item/main.naver?code=000240
우리기술,KOSDAQ,13430.0,2320497339160,2680.0,17.75,5.0,755.0,1.23865,19793567450.0,-1134042430.0,20080369670.0,,41.91298,우주항공과국방,30200.0,3540.0,0.0502017738,172784612,032820,5637831.0,7041120.05,0.8007008771282064,92837934316.0,20.23276633840645,-44.273858921161825,0.8855449070208653,0.6622516556291391,-5.729348349481084,123.86500000000001,-55.52980132450331,https://finance.naver.com/item/main.naver?code=032820
신영증권,KOSPI,139100.0,2286804000000,7.52,0.58,18605.0,243467.0,5.5207,1663107293490.0,121069203110.0,94323853830.0,,8.00084,증권,272000.0,119300.0,0.061783455,16440000,001720,6962.0,6102.35,1.140871959163273,905704930.0,-11.738578680203048,-30.31062124248497,1.3793046940932592,7.641692714002309,7.279698885568502,552.0699999999999,-48.860294117647065,https://finance.naver.com/item/main.naver?code=001720
에스엘,KOSPI,49200.0,2285267184000,7.3,0.89,6749.0,55423.0,0.5689,1367309815930.0,125755180030.0,112151887900.0,,9.52744,자동차부품,79500.0,33200.0,0.1585357294,46448520,005850,58410.0,66126.25,0.8833103343982155,3397881035.0,-10.21897810218978,-25.114155251141558,0.8833103343982155,12.17725493026361,9.197270330752755,56.88999999999999,-38.113207547169814,https://finance.naver.com/item/main.naver?code=005850
BGF리테일,KOSPI,134400.0,2322956966400,12.27,1.82,11303.0,76009.0,1.70106,2426816474390.0,84851552000.0,56829553160.0,,35.16844,백화점과일반상점,156600.0,101200.0,0.4010829497,17283906,282330,33487.0,50532.55,0.6626817763995682,7350592567.5,16.162489196197072,10.435497124075589,2.569334023317644,14.870607428067729,3.4964140426534778,170.106,-14.176245210727966,https://finance.naver.com/item/main.naver?code=282330
달바글로벌,KOSPI,178500.0,2236098952500,27.77,11.43,6594.0,16022.0,0.34999,186860908470.0,47240874550.0,38059528100.0,,44.06295,화장품,283000.0,116200.0,0.4288270331,12527165,483650,141383.0,156697.3,0.90226825861071,29659611892.5,-24.842105263157897,16.286644951140072,2.0128872673619775,41.15591062289352,25.281304119092617,34.999,-36.925795053003526,https://finance.naver.com/item/main.naver?code=483650
SK가스,KOSPI,239500.0,2219983938000,9.32,0.75,26176.0,325701.0,1.47946,2312994733070.0,-43939497660.0,-33032313460.0,,9.40121,가스유틸리티,302000.0,196100.0,0.0560371482,9269244,018670,15048.0,10572.95,1.4232546261923114,2544473575.0,17.98029556650247,4.130434782608705,1.4232546261923114,8.036819045689144,-1.8996799703767515,147.946,-20.695364238410598,https://finance.naver.com/item/main.naver?code=018670
풍산,KOSPI,78900.0,2211115534200,14.48,0.93,5388.0,84137.0,1.04746,1470322219180.0,125210909270.0,82479885720.0,,28.1014,비철금속,159200.0,55200.0,0.1283829685,28024278,103140,64901.0,139069.05,0.4666818389857413,11318605827.5,24.841772151898734,-23.024390243902438,0.7900032393979826,6.4038413539821955,8.515882276459799,104.74600000000001,-50.439698492462306,https://finance.naver.com/item/main.naver?code=103140
에스피지,KOSDAQ,99100.0,2197776376000,242.23,8.58,412.0,11633.0,0.67887,88770106740.0,3996957640.0,2435275070.0,,-77.6154,전기제품,165700.0,26000.0,0.0515550994,22177360,058610,200750.0,399531.3,0.5024637619130216,38546152692.5,36.87845303867403,-20.720000000000006,0.9298145101522709,3.5416487578440647,4.502594157858506,67.887,-40.19312009656005,https://finance.naver.com/item/main.naver?code=058610
동진쎄미켐,KOSDAQ,43150.0,2199360936900,22.08,2.02,1927.0,21091.0,0.81591,346873555790.0,59290515850.0,84971814670.0,,33.4343,반도체와반도체장비,72200.0,31500.0,0.1291095101,50970126,005290,328452.0,248869.3,1.3197770878127597,10324784922.5,-21.545454545454547,-12.385786802030452,1.3197770878127597,9.136598549144184,17.092832491934022,81.59100000000001,-40.23545706371191,https://finance.naver.com/item/main.naver?code=005290
케이뱅크,KOSPI,5360.0,2174526009360,18.3,0.93,294.0,5781.0,11.91825,326565000000.0,26970000000.0,26870000000.0,,9.52841,은행,9880.0,5210.0,0.0160135461,405695151,279570,517700.0,597877.8,0.8658960075119029,3374338878.5,-4.456327985739749,-23.863636363636363,1.2027909382151336,5.08562532433835,8.258692756419089,1191.825,-45.74898785425101,https://finance.naver.com/item/main.naver?code=279570
HL만도,KOSPI,46050.0,2162375376000,22.21,0.82,2130.0,57793.0,1.4258,2495284875900.0,107018120000.0,58782922200.0,,9.52744,자동차부품,79100.0,32150.0,0.1904637891,46957120,204320,385065.0,287331.95,1.3401398626223084,14148478830.0,0.7658643326039494,-12.285714285714288,1.3401398626223084,3.6855674562663294,4.288813715564268,142.57999999999998,-41.78255372945638,https://finance.naver.com/item/main.naver?code=204320
펄어비스,KOSDAQ,33950.0,2133550744500,-253.65,2.67,-137.0,13011.0,0.2241,192610521760.0,67625499270.0,99542325760.0,,17.25132,게임엔터테인먼트,77400.0,29450.0,0.0498178423,62843910,263750,218976.0,319699.9,0.6849423474952604,10777310578.75,-0.5856515373352855,-46.61949685534591,0.8491275724515397,-1.0529551917608178,35.10997148653381,22.41,-56.13695090439277,https://finance.naver.com/item/main.naver?code=263750
현대백화점,KOSPI,99000.0,2134926288000,10.44,0.47,9572.0,210969.0,0.87599,1068052590000.0,79318730000.0,60829593000.0,,35.16844,백화점과일반상점,222000.0,74100.0,0.2517579947,21564912,069960,78908.0,139712.7,0.5647875962600393,13534908225.0,-50.62344139650873,13.662456946039025,1.0373001165964153,4.5371594878868455,7.426481686636797,87.599,-55.4054054054054,https://finance.naver.com/item/main.naver?code=069960
씨에스윈드,KOSPI,50200.0,2117004430600,60.22,1.81,837.0,27826.0,1.61711,686396223210.0,86031237020.0,61062432230.0,,-39.76501,에너지장비및서비스,79400.0,34500.0,0.1669658228,42171403,112610,215068.0,319193.45,0.673785755942047,16006382118.75,30.38961038961039,-13.597246127366613,1.3005561360986573,3.0079781499317186,12.533757341738621,161.711,-36.77581863979849,https://finance.naver.com/item/main.naver?code=112610
케어젠,KOSDAQ,39050.0,2097570750000,98.05,9.27,411.0,4348.0,0.10339,18794592270.0,5236513810.0,4304583650.0,,-10.44112,건강관리업체및서비스,153800.0,38800.0,0.0466714326,53715000,214370,55029.0,62415.35,0.8816581177546869,2830588792.5,-39.55108359133127,-64.04235727440147,1.0276318245431613,9.452621895124196,27.861811178306557,10.339,-74.60988296488947,https://finance.naver.com/item/main.naver?code=214370
한전KPS,KOSPI,46800.0,2106000000000,16.71,1.54,2761.0,29906.0,0.25075,437938590100.0,43579646760.0,38273641990.0,,3.12241,전기유틸리티,69000.0,41500.0,0.0835802889,45000000,051600,133649.0,145946.8,0.9157377893862696,6894734516.25,6.484641638225264,-21.07925801011804,2.258939558798138,9.23226108473216,9.95108623564069,25.074999999999996,-32.173913043478265,https://finance.naver.com/item/main.naver?code=051600
성호전자,KOSDAQ,27050.0,2040972488400,19.99,7.59,1343.0,3536.0,2.23131,85242926090.0,6892730830.0,-45996985800.0,,-77.6154,전기제품,59600.0,1030.0,0.0193840978,75451848,043260,5471409.0,3405768.5,1.6065123040512002,73227118929.75,-6.401384083044981,-36.05200945626478,5.879653593601562,37.980769230769226,8.085985718888407,223.131,-54.614093959731534,https://finance.naver.com/item/main.naver?code=043260
롯데에너지머티리얼즈,KOSPI,40350.0,2112946432050,-13.51,1.31,-3065.0,31623.0,0.31536,194197979590.0,-16896328510.0,-18781791970.0,,255.50195,전자장비와기기,83100.0,21600.0,0.0782111866,52365463,020150,282064.0,304437.7,0.9265081164389298,11894478565.0,-4.156769596199528,9.646739130434788,1.3061588627164111,-9.692312557315878,-8.700568639113719,31.535999999999998,-51.44404332129964,https://finance.naver.com/item/main.naver?code=020150
제일기획,KOSPI,17620.0,2027026384500,8.51,1.12,2049.0,15525.0,1.12533,1074518428890.0,92693736590.0,63536831990.0,,10.53233,광고,23300.0,17100.0,0.1745575293,115041225,030000,224522.0,375593.1,0.5977798846677429,6867426873.25,-2.0022246941045596,-15.28846153846154,3.844362423058358,13.198067632850242,8.626537628187036,112.53299999999999,-24.377682403433475,https://finance.naver.com/item/main.naver?code=030000
서진시스템,KOSDAQ,31800.0,2026406950200,-18.05,2.48,-1801.0,13127.0,2.06156,410183847980.0,-19357186930.0,-40186454790.0,,56.61715,전기장비,83300.0,20850.0,0.1368605853,63723489,178320,996735.0,890287.95,1.1195647430699247,32475463968.75,-34.90276356192425,-30.339539978094198,1.2617895142801832,-13.719814123562124,-4.7191489926594645,206.156,-61.82472989195678,https://finance.naver.com/item/main.naver?code=178320
이마트,KOSPI,72700.0,2006216041300,14.38,0.18,5084.0,410591.0,1.33722,6915029941460.0,-43037624220.0,-136781502140.0,,35.16844,백화점과일반상점,136400.0,70300.0,0.231802506,27595819,139480,89482.0,95576.6,0.9362333458189557,7076355220.0,-8.553459119496853,-23.63445378151261,1.0767070600962996,1.238215158150081,-0.6223779880107545,133.722,-46.7008797653959,https://finance.naver.com/item/main.naver?code=139480
비에이치아이,KOSDAQ,64200.0,1986628875000,29.19,10.72,2107.0,5739.0,4.44608,296273189760.0,45483095560.0,20318448640.0,,-39.76501,에너지장비및서비스,114200.0,33150.0,0.0781612167,30944375,083650,609611.0,459703.6,1.3260957712752304,29786401360.0,31.0204081632653,-38.91531874405329,1.3260957712752304,36.713713190451294,15.35174195034123,444.608,-43.78283712784589,https://finance.naver.com/item/main.naver?code=083650
고영,KOSDAQ,28900.0,1971101755700,127.23,5.61,224.0,5079.0,0.26163,88759068560.0,14552561110.0,15724243440.0,,255.50195,전자장비와기기,45000.0,14440.0,0.2903728103,68204213,098460,1220544.0,941136.8,1.296882663604271,26400197522.5,-2.1996615905245376,-0.8576329331046351,1.6555839703643507,4.410316991533766,16.39557663920578,26.162999999999997,-35.77777777777777,https://finance.naver.com/item/main.naver?code=098460
디앤디파마텍,KOSDAQ,43000.0,1977836127000,-81.54,24.42,-547.0,1826.0,1.38587,662064380.0,-9879995350.0,-7766714990.0,,-65.60732,생물공학,116600.0,39990.151,0.1048673837,45996189,347850,637211.0,519787.8,1.225906033192776,26125238000.0,-44.658944658944655,-48.50299401197605,1.3882107275315043,-29.956188389923327,-1492.3013000639,138.587,-63.12178387650086,https://finance.naver.com/item/main.naver?code=347850
GS리테일,KOSPI,23200.0,1939692028000,44.81,0.59,520.0,39303.0,1.20561,3175142890360.0,109407193000.0,64648505320.0,,35.16844,백화점과일반상점,29950.0,15950.0,0.141626876,83607415,007070,134792.0,184600.55,0.7301820064999807,4600934198.75,8.158508158508159,18.609406952965244,3.1284955543198545,1.3230542197796604,3.445740767515358,120.561,-22.537562604340565,https://finance.naver.com/item/main.naver?code=007070
이수스페셜티케미컬,KOSPI,64400.0,1946095356800,2457.69,14.53,26.0,4398.0,2.01069,108029149000.0,7737005000.0,3627145000.0,,-30.98927,화학,131800.0,44400.0,0.0497476544,30218872,457190,85170.0,123576.35,0.6892095453539451,8175596445.0,1.098901098901095,-29.30845225027442,0.7470846970314303,0.5911778080945885,7.161960518637428,201.069,-51.138088012139605,https://finance.naver.com/item/main.naver?code=457190
금호타이어,KOSPI,6690.0,1921771320030,5.61,0.96,1209.0,7065.0,1.38845,1332767136120.0,182237600550.0,137774059840.0,,9.52744,자동차부품,8850.0,4220.0,0.1208453085,287260287,073240,884715.0,2012518.8,0.43960583125981234,14653281338.5,34.06813627254508,15.544041450777213,0.6494031260726608,17.112526539278132,13.673626518173062,138.845,-24.40677966101695,https://finance.naver.com/item/main.naver?code=073240
NHN,KOSPI,57000.0,1842751005000,55.03,1.19,1023.0,47466.0,0.94431,757918045230.0,57905020200.0,29074839380.0,,31.01234,IT서비스,78200.0,25350.0,0.1411384806,32328965,181710,170517.0,213604.55,0.7982835571620549,13224958785.0,76.47058823529412,44.303797468354425,1.4492575181567997,2.155226899254203,7.640010759003367,94.431,-27.10997442455243,https://finance.naver.com/item/main.naver?code=181710
시프트업,KOSPI,30900.0,1815124401000,9.35,1.94,3293.0,15882.0,0.12987,55723749280.0,28117514580.0,41735620720.0,,17.25132,게임엔터테인먼트,41050.0,27500.0,0.3678921294,58741890,462870,39905.0,34812.8,1.1462737843551796,1114005768.75,-0.3225806451612856,2.487562189054726,1.2005354352422097,20.73416446291399,50.458762992984305,12.987000000000002,-24.72594397076736,https://finance.naver.com/item/main.naver?code=462870
LS에코에너지,KOSPI,60200.0,1843617715800,43.19,8.68,1387.0,6898.0,1.14827,350271469180.0,25256211370.0,19138089260.0,,56.61715,전기장비,109800.0,32000.0,0.0555628644,30624879,229640,250400.0,187815.2,1.3332254258441276,10257507747.5,25.94142259414225,35.58558558558558,5.5298719166499835,20.107277471730935,7.210467763510923,114.82699999999998,-45.173041894353375,https://finance.naver.com/item/main.naver?code=229640
롯데렌탈,KOSPI,49650.0,1802761114200,14.0,1.14,3514.0,43125.0,4.12629,765763505340.0,84637726230.0,18291248620.0,,13.80868,도로와철도운송,53100.0,26650.0,0.0609333873,36309388,089860,59314.0,110138.2,0.5385415777632102,5402194785.0,81.86813186813187,54.192546583850934,0.759545734359196,8.148405797101448,11.052723933666798,412.629,-6.4971751412429395,https://finance.naver.com/item/main.naver?code=089860
테크윙,KOSDAQ,47850.0,1773016913250,182.51,7.98,263.0,6018.0,2.13888,56776728490.0,12507979530.0,5080287550.0,,33.4343,반도체와반도체장비,74000.0,31625.0,0.2020447921,37053645,089030,680101.0,517345.2,1.314598067209283,24626752958.75,-7.625482625482627,-21.42857142857143,1.8345970930048254,4.370222665337321,22.030116673952097,213.88799999999998,-35.33783783783784,https://finance.naver.com/item/main.naver?code=089030
대한조선,KOSPI,46050.0,1753986016500,6.34,1.64,7314.0,28354.0,0.47028,354435070880.0,95248495370.0,78723703940.0,,20.40427,조선,109700.0,42100.0,0.0228562097,38088730,439260,24192.0,38048.65,0.6358175651435728,1791278322.5,-7.530120481927716,-52.623456790123456,1.054045281501446,25.79530225012344,26.873326935033464,47.028,-58.021877848678216,https://finance.naver.com/item/main.naver?code=439260
SFA반도체,KOSDAQ,10630.0,1748213020890,-90.95,3.66,-116.0,2884.0,0.2041,126288286340.0,-6151051760.0,-5350472390.0,,33.4343,반도체와반도체장비,11640.0,3735.0,0.0960508202,164460303,036540,15059656.0,5471692.55,2.7522847569350364,45068670322.0,84.86956521739131,52.94964028776978,5.06262344729146,-4.0221914008321775,-4.870643143766963,20.41,-8.676975945017185,https://finance.naver.com/item/main.naver?code=036540
LS마린솔루션,KOSDAQ,33050.0,1726494124700,151.63,2.64,215.0,12341.0,0.24123,95440343610.0,6121569380.0,6975962360.0,,38.14669,건설,51600.0,21650.0,0.0265651119,52238854,060370,113072.0,106203.0,1.06467802227809,3453673583.75,43.38394793926248,7.131280388978922,4.695724226245963,1.7421602787456445,6.414026970622304,24.123,-35.94961240310077,https://finance.naver.com/item/main.naver?code=060370
SK이터닉스,KOSPI,51000.0,1737417204000,55.1,6.2,911.0,8095.0,3.63268,240891560120.0,4682586130.0,-2892906060.0,,-39.76501,에너지장비및서비스,87700.0,17210.0,0.0401678997,34067004,475150,764638.0,1110391.9,0.6886199367988907,58462021242.5,18.055555555555557,25.461254612546135,1.38319993148365,11.25386040765905,1.9438564504573645,363.26800000000003,-41.84720638540479,https://finance.naver.com/item/main.naver?code=475150
아시아나항공,KOSPI,8330.0,1715902622630,-5.33,2.13,-1446.0,3623.0,54.96466,1844111928500.0,-356276433490.0,-407179826670.0,,136.91619,항공사,9410.0,6500.0,0.0381969505,205990711,020560,607129.0,161055.9,3.769678726454604,1250054923.5,10.918774966711053,18.49217638691323,3.769678726454604,-39.91167540712117,-19.319675122962582,5496.466,-11.477151965993626,https://finance.naver.com/item/main.naver?code=020560
셀트리온제약,KOSDAQ,39050.0,1733911064600,45.14,4.01,875.0,9844.0,0.7346,153290879060.0,19305676050.0,13721037610.0,,45.13103,제약,78300.0,37000.0,0.047386858,44402332,068760,37004.0,70861.05,0.5222050759902654,2859410885.0,-0.7623888182973326,-36.192810457516345,4.302038990390348,8.888663145062981,12.594145306221066,73.46000000000001,-50.127713920817364,https://finance.naver.com/item/main.naver?code=068760
다우기술,KOSPI,39450.0,1707684458400,3.37,0.49,11707.0,79869.0,12.12393,16184969595240.0,817754206190.0,678203792310.0,,8.00084,증권,62300.0,32300.0,0.2743941689,43287312,023590,29445.0,40568.75,0.7258049607148359,1600687805.0,16.71597633136095,-19.48979591836735,1.2283346171622247,14.657752069013007,5.0525532431676705,1212.393,-36.67736757624398,https://finance.naver.com/item/main.naver?code=023590
삼현,KOSDAQ,53700.0,1702696347900,181.43,13.36,307.0,4168.0,0.63933,20996133950.0,-5388519000.0,-7017751230.0,,9.52744,자동차부품,76900.0,21375.0,0.0168584048,31707567,437730,465347.0,478625.7,0.9722566088699374,22390231650.0,64.97695852534562,-1.8281535648994485,6.898722738875075,7.365642994241843,-25.66433902942403,63.93299999999999,-30.169050715214563,https://finance.naver.com/item/main.naver?code=437730
HD현대마린엔진,KOSPI,50200.0,1702859049000,10.5,3.55,4867.0,14413.0,0.89106,128119406960.0,31285526010.0,31873394370.0,,20.40427,조선,118200.0,46500.0,0.128906111,33921495,071970,190253.0,156099.55,1.2187927511642411,8029775683.75,-9.386281588447654,-37.406483790523694,1.9141502970380122,33.76812599736349,24.419037484124175,89.106,-57.52961082910322,https://finance.naver.com/item/main.naver?code=071970
코오롱인더,KOSPI,55500.0,1662004776000,253.78,0.44,225.0,129709.0,0.86542,1356513249420.0,98748108610.0,65997917010.0,,-30.98927,화학,104900.0,33750.0,0.1741130511,29946032,120110,136393.0,214536.8,0.6357557304853992,12097623627.5,-2.1164021164021163,-20.827389443651924,0.9916200856915923,0.17346521829634026,7.279553565158424,86.542,-47.092469018112496,https://finance.naver.com/item/main.naver?code=120110
세아베스틸지주,KOSPI,45550.0,1633519520450,27.95,0.81,1567.0,54192.0,1.1523,1135709521550.0,59839774820.0,35167437390.0,,42.88131,철강,92500.0,23050.0,0.0666838175,35862119,001430,139290.0,123517.35,1.1276958257281264,5293118836.25,41.24031007751938,-33.21114369501467,2.2570108571791736,2.8915707115441394,5.268933092885542,115.23,-50.75675675675675,https://finance.naver.com/item/main.naver?code=001430
CJ대한통운,KOSPI,71100.0,1621957658400,6.23,0.34,11347.0,207860.0,1.42205,3379978742010.0,101566441440.0,36766682560.0,,8.50712,항공화물운송과물류,154000.0,69400.0,0.1534842277,22812344,000120,26888.0,41872.35,0.6421421295914846,3027492687.5,-0.974930362116988,-37.849650349650354,3.7557720070643277,5.458962763398442,3.0049432020865505,142.205,-53.83116883116883,https://finance.naver.com/item/main.naver?code=000120
LX인터내셔널,KOSPI,41400.0,1604664000000,10.56,0.54,3943.0,77069.0,1.65418,4776320982020.0,117835472890.0,78763061820.0,,17.13115,무역회사와판매업체,57700.0,29000.0,0.256678741,38760000,001120,87419.0,88645.5,0.9861639902758741,3587752363.75,21.76470588235293,-7.9999999999999964,2.594198239053308,5.116194578883857,2.4670760891820356,165.418,-28.249566724436736,https://finance.naver.com/item/main.naver?code=001120
케이씨텍,KOSPI,80600.0,1595772076600,28.7,2.87,2686.0,26877.0,0.14101,112688832960.0,23521741080.0,21110597040.0,,33.4343,반도체와반도체장비,124800.0,35100.0,0.1428505695,19798661,281820,286866.0,175279.25,1.6366227034860088,12079028695.0,-2.539298669891177,71.30712008501594,1.6366227034860088,9.993674889310562,20.873178346206913,14.100999999999999,-35.416666666666664,https://finance.naver.com/item/main.naver?code=281820
네이처셀,KOSDAQ,24850.0,1601211141600,-568.18,25.56,-44.0,978.0,0.40692,6195914450.0,-701540410.0,-637062630.0,,-65.60732,생물공학,36950.0,16550.0,0.0742729393,64435056,007390,115821.0,248887.85,0.4653541745810412,6198195628.75,4.4117647058823595,36.91460055096418,0.5886787964940836,-4.4989775051124745,-11.322629059218208,40.692,-32.74695534506089,https://finance.naver.com/item/main.naver?code=007390
코미코,KOSDAQ,30950.0,1589693361250,31.53,5.8,1007.0,5472.0,2.22354,175961637380.0,27050200980.0,8967917810.0,,33.4343,반도체와반도체장비,55782.353,16307.686,0.2654699686,51363275,183300,697736.0,525645.9,1.3273878860274568,14489279853.75,-68.67408906882591,-73.54700854700855,2.728041824353619,18.40277777777778,15.372783171813426,222.35399999999998,-44.51650327479015,https://finance.naver.com/item/main.naver?code=183300
호텔신라,KOSPI,40450.0,1587586494450,-8.78,1.37,-4566.0,29223.0,2.07043,971829934660.0,61141705060.0,21449047790.0,,35.16844,백화점과일반상점,70300.0,39700.0,0.192183315,39248121,008770,78881.0,193560.75,0.40752580262269084,8129136141.25,-11.969532100108815,-5.600933488914817,2.3562731597185897,-15.624679191048147,6.291399645082013,207.043,-42.46088193456614,https://finance.naver.com/item/main.naver?code=008770
코리아써키트,KOSPI,66400.0,1592445968000,30.3,3.25,1726.0,16070.0,0.8162,407179666180.0,19290297930.0,17621761470.0,,255.50195,전자장비와기기,148300.0,16300.0,0.0687367769,23982620,007810,2974520.0,228874.5,12.99629272811082,12575028581.25,-27.192982456140346,26.476190476190474,12.99629272811082,10.74051026757934,4.737539600386731,81.62,-55.22589345920432,https://finance.naver.com/item/main.naver?code=007810
RFHIC,KOSDAQ,58700.0,1559978445400,52.79,4.46,1131.0,13376.0,0.33585,51501149690.0,11186415360.0,12062643210.0,,-362.11639,통신장비,126900.0,25600.0,0.1922096347,26575442,218410,582476.0,559893.25,1.0403340279597941,29224937440.0,-3.1353135313531344,-24.646983311938385,3.2859210215518764,8.455442583732058,21.72070997896979,33.585,-53.743104806934596,https://finance.naver.com/item/main.naver?code=218410
IPARK현대산업개발,KOSPI,23600.0,1555412988000,9.49,0.46,2476.0,50647.0,1.28476,914639719530.0,122718510000.0,83711676990.0,,38.14669,건설,25050.0,16900.0,0.1774038335,65907330,294870,155188.0,137792.3,1.1262458061880092,3242664066.25,33.25804630152456,13.18944844124701,1.5110205722671006,4.8887397081762,13.417142004620198,128.476,-5.788423153692612,https://finance.naver.com/item/main.naver?code=294870
삼화콘덴서,KOSPI,147600.0,1534302000000,119.57,5.47,1221.0,26701.0,0.23026,82846780040.0,8637921250.0,8319746740.0,,-77.6154,전기제품,196800.0,27750.0,0.0581763348,10395000,001820,1425459.0,1038007.25,1.3732649747870258,132356700812.5,13.016845329249627,173.84044526901673,1.6258229410247376,4.572862439609003,10.426381382389813,23.026,-25.0,https://finance.naver.com/item/main.naver?code=001820
동원산업,KOSPI,35050.0,1547135705950,4.04,0.44,8793.0,79927.0,0.99631,2571953804710.0,151458058090.0,104623125670.0,,32.42418,식품,51500.0,29850.0,0.0482178185,44140819,006040,27037.0,36654.4,0.7376194945218036,1379303830.0,13.247172859450718,-12.593516209476308,0.8832500327382251,11.001288675916774,5.8888327547966055,99.631,-31.941747572815537,https://finance.naver.com/item/main.naver?code=006040
HDC,KOSPI,25800.0,1541336401800,4.28,0.44,6057.0,59006.0,1.20503,1519714183590.0,228381795440.0,256782004990.0,,38.14669,건설,30650.0,15850.0,0.2507204304,59741721,012630,65668.0,105027.45,0.6252460666235351,2676821548.75,34.866701515943554,5.521472392638027,1.06375999798148,10.265057790733145,15.027943932226574,120.503,-15.823817292006526,https://finance.naver.com/item/main.naver?code=012630
기가비스,KOSDAQ,118900.0,1507147626200,90.16,6.6,1219.0,16646.0,0.17724,22307133450.0,6610590500.0,5996928870.0,,33.4343,반도체와반도체장비,206000.0,29800.0,0.0697926704,12675758,420770,376010.0,137358.4,2.7374372444641173,14142825777.5,-28.6742651469706,68.89204545454545,2.7374372444641173,7.323080619968761,29.634423960466332,17.724,-42.28155339805825,https://finance.naver.com/item/main.naver?code=420770
브이엠,KOSDAQ,57200.0,1505890958000,48.11,8.0,1135.0,6824.0,0.21035,72292819990.0,20054641810.0,17905820030.0,,33.4343,반도체와반도체장비,122100.0,16540.0,0.1402783821,26326765,089970,671758.0,574993.4,1.1682881925253403,30355753597.5,-46.840148698884754,39.342265529841654,2.10713201229788,16.63247362250879,27.740848693928505,21.035,-53.153153153153156,https://finance.naver.com/item/main.naver?code=089970
후성,KOSPI,13580.0,1456527381400,278.0,4.46,50.0,3118.0,1.10709,188221516550.0,23399254120.0,24958712300.0,,-30.98927,화학,23550.0,5780.0,0.0977100066,107255330,093370,2928642.0,3159852.35,0.926828748817963,43398291073.75,-17.24558196221816,89.40027894002789,1.6087716883353742,1.603592046183451,12.431763673407719,110.70899999999999,-42.33545647558387,https://finance.naver.com/item/main.naver?code=093370
오스코텍,KOSDAQ,36100.0,1381120153600,26.21,7.56,1368.0,4739.0,0.19215,52648538750.0,38672297970.0,40754788820.0,,45.13103,제약,66000.0,27300.0,0.1239285689,38258176,039200,68511.0,117222.05,0.5844548871138152,4197440583.75,2.7027027027026973,-34.244080145719494,1.9097942750532002,28.86684954631779,73.453696699227,19.215,-45.3030303030303,https://finance.naver.com/item/main.naver?code=039200
현대위아,KOSPI,53500.0,1454936940500,14.42,0.39,3716.0,135750.0,0.73505,2353743000000.0,50386000000.0,50579000000.0,,9.52744,자동차부품,112600.0,46950.0,0.1919986786,27195083,011210,57491.0,56727.6,1.0134572941566362,3248802555.0,-9.475465313028764,-38.006952491309384,1.6669134601146531,2.7373848987108653,2.1406755113026357,73.505,-52.48667850799289,https://finance.naver.com/item/main.naver?code=011210
제이앤티씨,KOSDAQ,25250.0,1460673766500,-15.71,5.82,-1604.0,4333.0,1.74879,38831737880.0,-25005727650.0,-24671954450.0,,104.30752,핸드셋,30100.0,11140.0,0.0301094933,57848466,204270,1954572.0,911804.55,2.143630452381489,19903751115.25,44.4508009153318,41.45658263305323,3.2043511956592012,-37.01823217170552,-64.39507736499998,174.87900000000002,-16.11295681063123,https://finance.naver.com/item/main.naver?code=204270
태성,KOSDAQ,46550.0,1421542969000,-535.29,10.84,-85.0,4199.0,0.59834,30518470360.0,3118058690.0,3466455910.0,,255.50195,전자장비와기기,94000.0,23000.0,0.0598842818,30537980,323280,392947.0,252808.65,1.554325771685423,11898036195.0,16.959798994974882,-33.404864091559375,1.554325771685423,-2.0242914979757085,10.216956004737323,59.833999999999996,-50.47872340425532,https://finance.naver.com/item/main.naver?code=323280
녹십자,KOSPI,123400.0,1442118789200,-306.59,1.18,-410.0,106673.0,1.12439,421179665230.0,1729683180.0,1050149570.0,,45.13103,제약,183800.0,105900.0,0.2359982914,11686538,006280,18851.0,20690.25,0.9111054723843356,2607823732.5,4.664970313825267,-16.790289952798375,4.323534031729921,-0.3843521790893666,0.41067585232431525,112.439,-32.86180631120783,https://finance.naver.com/item/main.naver?code=006280
에임드바이오,KOSDAQ,21100.0,1371345147100,200.46,7.21,108.0,3002.0,0.03681,20197147790.0,8520436920.0,10882978530.0,,-65.60732,생물공학,80200.0,17400.0,0.0285557011,64992661,0009K0,133600.0,88358.8,1.5120169128598395,2059391057.5,-6.013363028953234,-64.83333333333333,2.8070888242031353,3.597601598934044,42.186337440272794,3.681,-73.69077306733168,https://finance.naver.com/item/main.naver?code=0009K0
대주전자재료,KOSDAQ,87200.0,1369400833600,64.56,5.3,1377.0,16760.0,1.38368,100581579530.0,6783880800.0,4258311880.0,,255.50195,전자장비와기기,183300.0,58900.0,0.1319183517,15704138,078600,108366.0,111935.7,0.9681093699329169,9840284845.0,-0.7963594994311762,-23.03618711385702,1.070811188923641,8.21599045346062,6.744655265606167,138.368,-52.427714129841796,https://finance.naver.com/item/main.naver?code=078600
HJ중공업,KOSPI,15160.0,1368877415040,26.67,2.05,570.0,7416.0,2.51213,729908000000.0,64853000000.0,62543000000.0,,38.14669,건설,33800.0,12910.0,0.0587758545,90295344,097230,355338.0,197923.25,1.7953322815788444,3161906807.25,-26.585956416464896,-42.02676864244742,1.7953322815788444,7.686084142394822,8.885092367805257,251.213,-55.14792899408284,https://finance.naver.com/item/main.naver?code=097230
코오롱티슈진,KOSDAQ,15380.0,1306841060800,,,,,1.51415,819268000.0,-7121222000.0,49649171000.0,,-65.60732,생물공학,149000.0,11470.0,0.0394361503,84970160,950160,512735.0,883398.15,0.5804121278723529,15740656027.5,-83.86149003147953,-84.92156862745098,1.0575412683397627,,-869.2176430667375,151.41500000000002,-89.6778523489933,https://finance.naver.com/item/main.naver?code=950160
코스모신소재,KOSPI,40450.0,1343529396950,-2543.75,2.66,-16.0,15288.0,0.58299,137684386640.0,4653102070.0,1236335260.0,,-30.98927,화학,66400.0,26600.0,0.061763405,33214571,005070,91400.0,88499.7,1.0327718625034887,3561970395.0,16.73881673881674,-16.769547325102884,1.5572934145539477,-0.10465724751439037,3.379542287657025,58.299,-39.081325301204814,https://finance.naver.com/item/main.naver?code=005070
HD현대에너지솔루션,KOSPI,117700.0,1318240000000,31.87,3.18,3721.0,37302.0,0.36392,165037257500.0,36114687940.0,30744622940.0,,-39.76501,에너지장비및서비스,256000.0,44200.0,0.0502135714,11200000,322000,222947.0,249968.3,0.8919010930585999,33255527582.5,0.0,-6.587301587301586,1.700983684731224,9.975336443086162,21.882748469690245,36.392,-54.02343750000001,https://finance.naver.com/item/main.naver?code=322000
SK아이이테크놀로지,KOSPI,16300.0,1333129730000,-5.79,0.51,-2800.0,31808.0,1.51834,39526333000.0,-63448326000.0,-1327762742000.0,,-77.6154,전기제품,35100.0,11840.0,0.0635299577,81787100,361610,234294.0,940564.85,0.2490992513700677,16277785655.5,13.273106323836004,-26.24434389140271,0.6015374697449092,-8.80281690140845,-160.52166033211327,151.834,-53.561253561253565,https://finance.naver.com/item/main.naver?code=361610
효성티앤씨,KOSPI,314000.0,1358892148000,126.14,0.87,2517.0,364612.0,1.88178,2416150883810.0,188761842590.0,123915819310.0,,17.13115,무역회사와판매업체,557000.0,199000.0,0.2119977854,4327682,298020,22251.0,13705.05,1.6235621176135804,4641427875.0,19.165085388994306,-9.77011494252874,1.6235621176135804,0.6903228637565412,7.8125022677533975,188.178,-43.62657091561939,https://finance.naver.com/item/main.naver?code=298020
KB발해인프라,KOSPI,10340.0,1267120966320,0.0,0.0,0.0,0.0,,,,,,6.50765,운송인프라,11380.0,8680.0,0.0213349978,122545548,415640,224129.0,263046.05,0.8520523307610968,2747996023.5,2.8855721393034717,3.607214428857719,8.514448325682899,,,,-9.13884007029877,https://finance.naver.com/item/main.naver?code=415640
엘앤씨바이오,KOSDAQ,46750.0,1260833662000,-8.14,5.82,-5628.0,7872.0,0.42435,38785377750.0,8579727950.0,-28122597850.0,,-31.45283,건강관리장비와용품,121064.815,40823.056,0.2374944864,26969704,290650,124256.0,152272.2,0.8160123778339052,7563546680.0,-47.0554926387316,-41.19496855345912,1.033136711756972,-71.4939024390244,22.121037482998346,42.435,-61.384321282777336,https://finance.naver.com/item/main.naver?code=290650
대신증권,KOSPI,26450.0,1260769032700,10.94,0.5,2413.0,53208.0,8.34681,2550413757000.0,359932819000.0,257807571000.0,,8.00084,증권,51400.0,22750.0,0.0964437723,47666126,003540,56675.0,60483.2,0.937037061531136,1628293377.5,1.5355086372360827,-33.37531486146096,1.5404277551452306,4.53503232596602,14.1127226126392,834.6809999999999,-48.54085603112841,https://finance.naver.com/item/main.naver?code=003540
대웅제약,KOSPI,108600.0,1258302045000,6.36,1.24,17022.0,87439.0,1.12976,448464138490.0,68068583250.0,19916270470.0,,45.13103,제약,199400.0,105000.0,0.1472435124,11586575,069620,15299.0,21050.1,0.7267898964850523,2487968685.0,1.2115563839701693,-34.18181818181818,0.8001862223932429,19.46728576493327,15.17815526547789,112.97600000000001,-45.53660982948846,https://finance.naver.com/item/main.naver?code=069620
SK네트웍스,KOSPI,6170.0,1237664295130,23.7,0.58,257.0,10430.0,1.47889,1444497000000.0,24791000000.0,49655000000.0,,31.62059,복합기업,16240.0,4275.0,0.1737453826,200593889,001740,688408.0,779107.55,0.8835853278536449,5034202419.75,-36.4572605561277,14.684014869888484,1.2148117419732358,2.464046021093001,1.7162375553566398,147.889,-62.00738916256158,https://finance.naver.com/item/main.naver?code=001740
한일시멘트,KOSPI,16120.0,1185548769080,15.33,0.64,1061.0,25406.0,0.62143,370950768340.0,61562117840.0,48363667340.0,,7.31423,건축자재,20750.0,12710.0,0.0446986016,73545209,300720,35456.0,79790.05,0.44436618350283025,1322566427.5,23.430321592649307,-3.703703703703709,0.814199264193969,4.176178855388491,16.595765016336184,62.143,-22.313253012048197,https://finance.naver.com/item/main.naver?code=300720
오뚜기,KOSPI,313000.0,1254450790000,15.48,0.52,20279.0,603102.0,0.69831,943801725700.0,45258374730.0,33205179090.0,,32.42418,식품,420000.0,290500.0,0.1102965944,4007830,007310,4099.0,3904.4,1.0498412047945906,1293850525.0,6.10169491525423,-15.405405405405403,1.6786189939555374,3.3624494695756275,4.7953265498039555,69.831,-25.476190476190474,https://finance.naver.com/item/main.naver?code=007310
더블유게임즈,KOSPI,58600.0,1240765224800,8.77,0.95,6651.0,61507.0,0.10546,210628862680.0,70071579600.0,65033071470.0,,17.25132,게임엔터테인먼트,76500.0,47000.0,0.2122839773,21173468,192080,30630.0,43929.75,0.6972495859867174,2527065697.5,-2.3333333333333317,16.039603960396033,1.3691405027344794,10.813403352463947,33.26779564226055,10.546,-23.39869281045751,https://finance.naver.com/item/main.naver?code=192080
제이에스링크,KOSDAQ,32450.0,1206870340500,-57.15,16.0,-601.0,2147.0,0.81346,6311115440.0,-4163592330.0,8012904070.0,,-34.55045,생명과학도구및서비스,49900.0,13860.0,0.0389669305,37191690,127120,135842.0,195469.4,0.69495276498521,6358016205.0,-7.153075822603716,-18.976279650436958,4.3233263109213,-27.992547741034002,-65.97236842810786,81.34599999999999,-34.969939879759515,https://finance.naver.com/item/main.naver?code=127120
와이씨,KOSDAQ,14300.0,1173248505000,59.62,3.17,239.0,4490.0,0.26807,104991544810.0,15052094720.0,17852715000.0,,33.4343,반도체와반도체장비,24150.0,6820.0,0.0635817752,82045350,232140,7894739.0,2772155.3,2.84787039167683,34588298607.0,14.035087719298245,-29.032258064516125,4.056016270084148,5.32293986636971,14.336482758911032,26.807,-40.78674948240165,https://finance.naver.com/item/main.naver?code=232140
스피어,KOSDAQ,22600.0,1165060781200,4660.0,15.7,5.0,1484.0,2.58283,77061765160.0,1665260910.0,-24290420230.0,,41.91298,우주항공과국방,57300.0,7050.0,0.0801646327,51551362,347700,954036.0,969857.9,0.9836863730243368,21194863479.75,30.635838150289008,-55.158730158730165,6.056471777979021,0.3369272237196766,2.1609431169173074,258.283,-60.55846422338569,https://finance.naver.com/item/main.naver?code=347700
인제니아테라퓨틱스(Reg.S),KOSDAQ,22850.0,1129809269950,,,,,0.66886,7419250000.0,530611000.0,691450000.0,,-65.60732,생물공학,24100.0,9900.0,0.0120036347,49444607,950260,5182510.0,4375310.5,1.184489649363171,79049234979.5,27.01500833796553,27.01500833796553,1.6265666173863547,,7.151814536509756,66.886,-5.186721991701249,https://finance.naver.com/item/main.naver?code=950260
교보증권,KOSPI,10020.0,1141908869220,7.9,0.53,1266.0,18773.0,8.66776,2714652037000.0,115971660000.0,90110538000.0,,8.00084,증권,18220.0,8120.0,0.0101024402,113962961,030610,22816.0,43782.1,0.5211262136809336,446498904.0,8.207343412527003,-21.10236220472441,0.7925156627936988,6.7437276940286575,4.272063543295291,866.776,-45.00548847420417,https://finance.naver.com/item/main.naver?code=030610
DL,KOSPI,51700.0,1083419202800,-13.32,0.29,-3895.0,177828.0,1.44393,1667870966620.0,256506513550.0,152719006560.0,,-30.98927,화학,77700.0,33900.0,0.208811091,20955884,000210,30194.0,66169.2,0.4563150226993828,3520375911.25,25.333333333333343,15.273132664437018,1.382622126306499,-2.1903187349573745,15.37927805469386,144.393,-33.46203346203346,https://finance.naver.com/item/main.naver?code=000210
롯데정밀화학,KOSPI,43800.0,1130040000000,10.68,0.47,4165.0,95632.0,0.11084,586274822120.0,61908017610.0,94165203670.0,,-30.98927,화학,71800.0,41350.0,0.2349876744,25800000,004000,73391.0,49695.05,1.4768271689031403,2284236443.75,3.180212014134276,-14.28571428571429,1.4768271689031403,4.355236740839887,10.559555906927304,11.084,-38.99721448467967,https://finance.naver.com/item/main.naver?code=004000
롯데웰푸드,KOSPI,124500.0,1145969463000,15.58,0.51,8176.0,247808.0,0.99536,1155747701060.0,64708988700.0,36082295690.0,,32.42418,식품,155000.0,90000.0,0.1396417694,9204574,280360,9592.0,37276.5,0.2573202956286132,5263505267.5,35.47334058759522,10.666666666666668,0.8216973160033801,3.2993285123966944,5.5988853484762995,99.536,-19.67741935483871,https://finance.naver.com/item/main.naver?code=280360
하나머티리얼즈,KOSDAQ,57000.0,1127327418000,28.93,2.39,1984.0,24038.0,0.40674,90087346640.0,26015940780.0,19753577010.0,,33.4343,반도체와반도체장비,87900.0,36200.0,0.2396598811,19777674,166090,89872.0,163474.7,0.5497609110155883,8579919168.75,-2.8960817717206155,-4.201680672268903,0.7390195547078539,8.253598469090607,28.878573684673903,40.674,-35.153583617747444,https://finance.naver.com/item/main.naver?code=166090
대원전선,KOSPI,13750.0,1078198220000,119.82,8.87,113.0,1527.0,1.52177,278067660460.0,3727364420.0,3514215600.0,,56.61715,전기장비,20300.0,2885.0,0.0333797041,78414416,006340,7437015.0,2569258.25,2.8946155957658206,34838644205.25,52.10176991150441,142.50440917107582,4.7898084982309586,7.400130975769483,1.3404523251045877,152.17700000000002,-32.26600985221675,https://finance.naver.com/item/main.naver?code=006340
한국카본,KOSPI,20600.0,1064535611600,10.06,1.78,2043.0,11519.0,0.68861,243377663940.0,50399828670.0,36561668930.0,,20.40427,조선,54100.0,18530.0,0.1309910662,51676486,017960,103349.0,195466.7,0.5287294459874751,4440411913.75,-19.373776908023487,-57.65673175745118,0.787678924338519,17.73591457591805,20.70848567369974,68.861,-61.922365988909434,https://finance.naver.com/item/main.naver?code=017960
티엘비,KOSDAQ,44600.0,1057076196000,40.79,6.16,934.0,6185.0,0.90367,88243337680.0,12772973580.0,10758976870.0,,33.4343,반도체와반도체장비,67608.254,19600.0,0.0461707521,23701260,356860,2484134.0,602480.45,4.123177772822339,23183027471.25,-41.77545691906005,-24.534686971235196,4.123177772822339,15.101050929668553,14.474717203375844,90.36699999999999,-34.03172340466003,https://finance.naver.com/item/main.naver?code=356860
하이트진로,KOSPI,15060.0,1056212181660,25.29,0.94,596.0,16066.0,1.72646,618592498750.0,64937902200.0,40549320740.0,,16.57596,음료,19300.0,13830.0,0.076046947,70133611,000080,56590.0,82144.45,0.6889083802983647,1259396393.0,5.610098176718092,-10.357142857142854,1.3144649455927941,3.709697497821486,10.497686656598825,172.64600000000002,-21.968911917098445,https://finance.naver.com/item/main.naver?code=000080
태광산업,KOSPI,901000.0,1003173400000,9.3,0.19,96033.0,4669556.0,0.13422,557672402730.0,-1081792480.0,58666537920.0,,-30.98927,화학,1634000.0,708000.0,0.0342733968,1113400,003240,1214.0,1176.85,1.0315673195394486,1075741300.0,13.33333333333333,-18.535262206148285,1.0570590984407529,2.05657668523517,-0.19398350621337013,13.422,-44.85924112607099,https://finance.naver.com/item/main.naver?code=003240
샘씨엔에스,KOSDAQ,17350.0,1044780374150,68.52,6.32,264.0,2862.0,0.40181,31265241800.0,9529353440.0,11265118030.0,,33.4343,반도체와반도체장비,18390.0,6140.0,0.0876917157,60217889,252990,697375.0,689654.95,1.0111940761100897,10267306683.0,45.920941968040374,72.29394240317775,1.2193300432339391,9.224318658280922,30.479065221878436,40.181,-5.655247417074493,https://finance.naver.com/item/main.naver?code=252990
해성디에스,KOSPI,60100.0,1021700000000,40.19,1.7,1401.0,33198.0,0.60685,211085611180.0,24866714290.0,19079524110.0,,33.4343,반도체와반도체장비,108500.0,28000.0,0.2094942941,17000000,195870,329818.0,126557.55,2.6060713090605816,6745909347.5,-12.26277372262774,13.610586011342152,4.604039822199466,4.220133742996566,11.780392870452593,60.685,-44.60829493087558,https://finance.naver.com/item/main.naver?code=195870
SK디스커버리,KOSPI,57200.0,996066557200,8.15,0.36,6961.0,158509.0,1.35009,3055582491150.0,-30354711970.0,-58554917200.0,,-138.54638,석유와가스,68300.0,42750.0,0.1367490554,17413751,006120,21495.0,21987.45,0.9776031326961516,1193838718.75,11.937377690802343,-2.555366269165249,1.0517818118972413,4.391548744866222,-0.993418179935168,135.00900000000001,-16.25183016105417,https://finance.naver.com/item/main.naver?code=006120
한화투자증권,KOSPI,4660.0,999792631500,9.97,0.49,467.0,9484.0,8.55567,3234649000000.0,55604000000.0,27026000000.0,,8.00084,증권,10300.0,3515.0,0.0634698729,214547775,003530,2462454.0,1873948.6,1.314045646716244,9228411420.55,-0.42735042735042583,-37.1967654986523,1.314045646716244,4.924082665541966,1.7190118618743488,855.5669999999999,-54.75728155339805,https://finance.naver.com/item/main.naver?code=003530
디아이,KOSPI,34850.0,986255000000,180.61,5.63,196.0,6287.0,0.93874,168631873360.0,39589999870.0,31839433080.0,,33.4343,반도체와반도체장비,41700.0,15010.0,0.1672149117,28300000,003160,710590.0,595595.15,1.1930755312564247,18350150906.25,46.428571428571416,-2.244039270687237,3.230535037096927,3.1175441386989027,23.477174914307078,93.874,-16.426858513189448,https://finance.naver.com/item/main.naver?code=003160
씨어스,KOSDAQ,25450.0,975889462900,58.08,23.8,427.0,1042.0,0.25646,28375516330.0,12949759750.0,12939614540.0,,-59.4544,건강관리기술,64235.101,19443.958,0.0470413606,38345362,458870,214971.0,146196.95,1.4704205525491467,3268979091.0,-20.962732919254655,-84.70552884615384,1.4704205525491467,40.978886756238005,45.637089381555576,25.646,-60.379917515814284,https://finance.naver.com/item/main.naver?code=458870
대웅,KOSPI,16030.0,932015939400,3.71,0.56,4280.0,28372.0,0.85232,570821463430.0,76642287620.0,36337460580.0,,45.13103,제약,30600.0,15410.0,0.0491077703,58141980,003090,64232.0,60888.5,1.0549118470647167,1019112031.25,1.1356466876971671,-33.6231884057971,1.2288855859480854,15.085295361624137,13.426665346370365,85.232,-47.61437908496732,https://finance.naver.com/item/main.naver?code=003090
한샘,KOSPI,39350.0,926060066800,13.98,1.63,2808.0,24081.0,1.41573,417232957620.0,11284642520.0,4769177800.0,,28.02909,가구,54800.0,28300.0,0.1264461249,23533928,009240,19328.0,38987.4,0.49574990894494114,1517970906.25,24.72266244057053,-5.7485029940119725,0.6482094215054094,11.660645322038121,2.7046383354686054,141.57299999999998,-28.193430656934304,https://finance.naver.com/item/main.naver?code=009240
미래에셋벤처투자,KOSDAQ,17180.0,912611530040,28.87,2.36,582.0,7122.0,1.77531,86096545310.0,22352587040.0,16370905610.0,,14.65734,창업투자,70700.0,7290.0,0.038944211,53120578,100790,648270.0,568412.85,1.1404914579253442,9208578688.25,-5.082872928176796,-24.814004376367617,3.679415410823313,8.171861836562764,25.962234558328763,177.531,-75.70014144271569,https://finance.naver.com/item/main.naver?code=100790
STX엔진,KOSPI,23050.0,925412852150,12.86,2.7,1793.0,8545.0,2.17317,212989808010.0,24960663730.0,22156309090.0,,20.40427,조선,67700.0,18830.0,0.0382546725,40148063,077970,131339.0,142774.25,0.9199067759067199,3460650006.25,-14.31226765799256,-32.60233918128655,1.7799708280729893,20.983031012287885,11.71918222905205,217.31699999999998,-65.95273264401773,https://finance.naver.com/item/main.naver?code=077970
롯데관광개발,KOSPI,11560.0,921626294480,32.84,2.5,356.0,4677.0,4.84441,203273425100.0,51929106410.0,14631454540.0,,14.87228,"호텔,레스토랑,레저",27700.0,10150.0,0.2036324207,79725458,032350,247026.0,260232.9,0.9492496913341857,3299549524.75,-18.419195483415663,-46.48148148148148,0.9492496913341857,7.611716912550781,25.546431553683703,484.441,-58.26714801444044,https://finance.naver.com/item/main.naver?code=032350
한화손해보험,KOSPI,7770.0,907061369550,4.34,0.46,1858.0,17378.0,5.27988,2086782024000.0,140773617000.0,121174130000.0,,8.93574,손해보험,10800.0,5050.0,0.1413122437,116738915,000370,701305.0,892989.75,0.7853449605664566,7426444422.25,38.74999999999999,11.477761836441891,0.8318113393798753,10.691679134537921,6.745966535122884,527.988,-28.055555555555557,https://finance.naver.com/item/main.naver?code=000370
GST,KOSDAQ,48950.0,902148500000,19.07,2.87,2533.0,16838.0,0.2973,99243908460.0,15459264220.0,12190073400.0,,33.4343,반도체와반도체장비,70800.0,21600.0,0.2289512208,18430000,083450,159425.0,102399.0,1.5568999697262669,4580718666.25,3.7076271186440746,64.81481481481481,1.5568999697262669,15.043354317614918,15.577040908491444,29.73,-30.86158192090396,https://finance.naver.com/item/main.naver?code=083450
LS머트리얼즈,KOSDAQ,13500.0,913310896500,2291.67,5.03,6.0,2736.0,0.47748,51297766950.0,532787050.0,-286651690.0,,-77.6154,전기제품,32725.0,8700.0,0.075399372,67652659,417200,1173627.0,883360.0,1.3285942311175511,10959841939.0,0.5212211466865124,-38.63636363636363,4.807609581597537,0.21929824561403508,1.0386164577481671,47.748000000000005,-58.747135217723454,https://finance.naver.com/item/main.naver?code=417200
지엔씨에너지,KOSDAQ,54600.0,898110431400,20.39,3.86,2565.0,13535.0,0.65809,66495947820.0,10160166380.0,14089767580.0,,56.61715,전기장비,58000.0,18350.0,0.0757027107,16448909,119850,776165.0,678987.85,1.1431206022316895,33097180720.0,185.71428571428572,54.45544554455446,2.1895443342616514,18.950868119689694,15.2793767336062,65.809,-5.862068965517242,https://finance.naver.com/item/main.naver?code=119850
SNT다이내믹스,KOSPI,27300.0,907798628100,10.18,0.75,2696.0,36682.0,0.31815,196312938240.0,17187511330.0,13114150090.0,,9.52744,자동차부품,76400.0,27000.0,0.1347282598,33252697,003570,25469.0,34494.5,0.7383495919639362,995240731.25,-19.823788546255507,-45.34534534534534,1.7158677470321355,7.349653781146066,8.755159738370182,31.814999999999998,-64.26701570680629,https://finance.naver.com/item/main.naver?code=003570
지역난방공사,KOSPI,77800.0,900826283200,2.78,0.39,28102.0,198762.0,2.19079,653113000000.0,33094000000.0,10408000000.0,,2.66503,복합유틸리티,116700.0,60400.0,0.0298589381,11578744,071320,15336.0,10173.9,1.5073865479314719,766824630.0,20.061728395061728,-11.990950226244346,2.7507642103814662,14.138517422847425,5.06711702262855,219.07899999999998,-33.333333333333336,https://finance.naver.com/item/main.naver?code=071320
NICE평가정보,KOSPI,15490.0,902582798090,11.67,1.94,1317.0,7931.0,0.32195,163184691900.0,32869855410.0,25834210650.0,,15.37804,상업서비스와공급품,18500.0,13010.0,0.3261572616,58268741,030190,27685.0,126041.35,0.21965013862514166,2018347110.75,18.24427480916031,-8.505611340815122,0.529183478279152,16.605724372714665,20.142732156606165,32.195,-16.27027027027027,https://finance.naver.com/item/main.naver?code=030190
종근당,KOSPI,64500.0,890279310000,10.98,0.85,5882.0,76180.0,0.83259,478465317190.0,18611682320.0,20423787600.0,,45.13103,제약,98100.0,63000.0,0.1534624184,13802780,185750,21011.0,19729.35,1.0649615927539429,1335173040.0,0.6240249609984483,-27.118644067796616,1.824135108353798,7.721186663166185,3.889870728625717,83.259,-34.25076452599388,https://finance.naver.com/item/main.naver?code=185750
경동나비엔,KOSPI,61300.0,893054689600,9.72,1.13,6206.0,53311.0,0.86668,388199645860.0,84261176700.0,68456389090.0,,11.82308,가정용기기와용품,80100.0,53000.0,0.0888873818,14568592,009450,29024.0,30646.95,0.9470436699247397,1869171132.5,3.5472972972973027,-2.6984126984127,1.5163335992651796,11.641124720976908,21.70562946118397,86.668,-23.470661672908864,https://finance.naver.com/item/main.naver?code=009450
하이젠알앤엠,KOSDAQ,29300.0,905018400000,-118.92,8.16,-251.0,3657.0,0.50818,20799513680.0,-1464487810.0,-888725670.0,,183.01813,기계,91200.0,11000.0,0.0044300376,30888000,160190,292516.0,376603.4,0.7767216121787535,8946134931.75,49.18533604887985,-45.64007421150278,2.368969584448786,-6.8635493573967725,-7.040971402173668,50.818,-67.87280701754386,https://finance.naver.com/item/main.naver?code=160190
파라다이스,KOSPI,9560.0,885536891920,8.78,0.48,1087.0,19694.0,0.8746,318088896490.0,35550352990.0,21023431100.0,,14.87228,"호텔,레스토랑,레저",24000.0,9160.0,0.071493449,92629382,034230,170778.0,360535.85,0.4736782763766766,3573554304.0,-22.965350523771157,-47.09463198671832,0.9176729581815513,5.519447547476389,11.176231984921744,87.46000000000001,-60.16666666666667,https://finance.naver.com/item/main.naver?code=034230
롯데칠성,KOSPI,94700.0,878710314800,20.12,0.62,4697.0,151359.0,1.66726,1112889927260.0,55845209060.0,28202210050.0,,16.57596,음료,154800.0,93800.0,0.158987223,9278884,005300,13092.0,13853.65,0.9450217090802785,1347264110.0,-1.2513034410844615,-21.083333333333332,1.0347453559170328,3.1032181766528586,5.018035269444317,166.726,-38.82428940568475,https://finance.naver.com/item/main.naver?code=005300
RF머트리얼즈,KOSDAQ,47750.0,858967062250,115.92,15.92,424.0,3087.0,0.33402,25059802340.0,5290262130.0,5234561980.0,,41.91298,우주항공과국방,63420.571,6219.491,0.0893340032,17988839,327260,792611.0,976069.4,0.8120436927947952,40479210133.75,-8.173076923076927,-15.186500888099463,1.7120227311705498,13.735017816650469,21.11055010819371,33.402,-24.708971794025636,https://finance.naver.com/item/main.naver?code=327260
SK케미칼,KOSPI,49800.0,861478546800,22.25,0.44,2306.0,116581.0,0.89056,745120400310.0,32349394490.0,6806283630.0,,-30.98927,화학,81800.0,35850.0,0.1005924353,17298766,285130,85782.0,90650.5,0.9462937325221593,4839251740.0,33.51206434316354,-13.84083044982699,0.9462937325221593,1.9780238632367195,4.341498968024679,89.056,-39.119804400978,https://finance.naver.com/item/main.naver?code=285130
CJ CGV,KOSPI,5270.0,872621340190,-5.48,1.53,-964.0,3444.0,4.12308,593957859690.0,11469683500.0,22608767780.0,,862.44938,방송과엔터테인먼트,6660.0,4150.0,0.0549940765,165582797,079160,220488.0,521108.6,0.4231133395227022,2815747115.0,22.2737819025522,5.400000000000005,0.7527452051261484,-27.990708478513355,1.9310601438940949,412.308,-20.870870870870874,https://finance.naver.com/item/main.naver?code=079160
유안타증권,KOSPI,4465.0,860316655430,10.24,0.49,443.0,9275.0,11.89739,1807167813000.0,86473094000.0,61860691000.0,,8.00084,증권,8400.0,3535.0,0.6857696806,192680102,003470,377934.0,242149.85,1.5607443077086358,1136491077.35,6.436233611442188,-11.05577689243028,1.641628107554062,4.776280323450135,4.785006316400125,1189.739,-46.845238095238095,https://finance.naver.com/item/main.naver?code=003470
신성델타테크,KOSDAQ,31000.0,852002388000,38.39,3.38,797.0,9059.0,1.86099,299159226420.0,13940746670.0,12717818550.0,,11.82308,가정용기기와용품,83000.0,22600.0,0.0346116941,27483948,065350,74501.0,119732.2,0.6222302772353636,3658455831.25,10.320284697508896,-52.52679938744258,1.249989560034811,8.797880560768297,4.659975504291518,186.099,-62.65060240963856,https://finance.naver.com/item/main.naver?code=065350
쎄트렉아이,KOSDAQ,78500.0,859675323000,53.72,3.3,1396.0,22735.0,0.74194,51141250850.0,1367100770.0,-215161170.0,,41.91298,우주항공과국방,224000.0,45650.0,0.1067736569,10951278,099320,67536.0,37077.0,1.821506594384659,2692613187.5,-1.6290726817042578,-58.133333333333326,1.9860021037300752,6.140312293820101,2.6731860235679004,74.194,-64.95535714285714,https://finance.naver.com/item/main.naver?code=099320
큐리언트,KOSDAQ,22050.0,827628029550,-25.23,24.56,-880.0,904.0,1.08969,1909021080.0,-12844947440.0,-13237234110.0,,45.13103,제약,62900.0,13790.0,0.0314507713,37534151,115180,90826.0,223618.85,0.40616432827554566,4944412558.5,11.985779583544943,-51.53846153846153,0.5313684423294369,-97.34513274336283,-672.855191310931,108.96900000000001,-64.94435612082671,https://finance.naver.com/item/main.naver?code=115180
에스에이엠티,KOSDAQ,8280.0,827959154760,10.67,1.66,777.0,4983.0,1.78915,2580464421810.0,147642182850.0,105128279690.0,,255.50195,전자장비와기기,19950.0,3240.0,0.0766799126,99995067,031330,575541.0,349784.05,1.6454180800982778,2809470412.25,-31.000000000000007,62.99212598425197,1.6454180800982778,15.59301625526791,5.72153530202289,178.915,-58.49624060150376,https://finance.naver.com/item/main.naver?code=031330
삼아알미늄,KOSPI,55100.0,833302370500,-33.39,3.81,-1692.0,14814.0,1.39911,96924845540.0,1744641020.0,261235530.0,,28.1014,비철금속,104600.0,19000.0,0.3869943078,15123455,006110,116881.0,174434.85,0.6700553243804205,11341130332.5,45.38258575197889,56.312056737588655,0.7360513108475742,-11.421628189550425,1.7999936035802115,139.911,-47.32313575525813,https://finance.naver.com/item/main.naver?code=006110
케이엠더블유,KOSDAQ,19340.0,815987497340,-28.45,5.96,-673.0,3211.0,0.62953,24322069200.0,-6264120700.0,-14945111640.0,,-362.11639,통신장비,40000.0,11500.0,0.052047155,42191701,032500,234799.0,302037.5,0.7773836030294251,4962553547.5,7.028223574986159,-32.7304347826087,2.855877167570252,-20.959202740579258,-25.754883963573295,62.953,-51.65,https://finance.naver.com/item/main.naver?code=032500
세방전지,KOSPI,59000.0,817740000000,5.54,0.48,10646.0,121686.0,0.43443,530187002750.0,35322669570.0,36266527870.0,,9.52744,자동차부품,77700.0,46900.0,0.2336976912,13860000,004490,62597.0,115152.6,0.5436004050277631,7415954570.0,19.796954314720814,-2.960526315789469,0.589391815729736,8.74874677448515,6.6623039393245485,43.443,-24.066924066924066,https://finance.naver.com/item/main.naver?code=004490
씨엠티엑스,KOSDAQ,86500.0,835108887000,-21.94,4.27,-3737.0,19207.0,0.43555,47897115680.0,15575157710.0,10087479220.0,,33.4343,반도체와반도체장비,170300.0,56500.0,0.0787742383,9654438,388210,99327.0,37207.9,2.669513732298786,2746064787.5,-3.2438478747203625,-36.49045521292217,2.669513732298786,-19.456448169938042,32.51794495112696,43.555,-49.207281268349966,https://finance.naver.com/item/main.naver?code=388210
큐리옥스바이오시스템즈,KOSDAQ,47450.0,817311967550,-29.33,15.65,-1645.0,3084.0,0.08874,1175624880.0,-4457198940.0,-4840960880.0,,-34.55045,생명과학도구및서비스,149200.0,31650.0,0.0684826481,17224699,445680,28415.0,90572.1,0.3137279581681334,4555174015.0,22.451612903225815,-56.50779101741521,1.1863697540412554,-53.33981841763943,-379.13445145869997,8.874,-68.1970509383378,https://finance.naver.com/item/main.naver?code=445680
영풍,KOSPI,43700.0,804546847100,-97.23,0.22,-451.0,195772.0,0.42849,853191924780.0,1511094000.0,386236712730.0,,104.30752,핸드셋,71797.387,31000.0,0.1520896319,18410683,000670,189579.0,101178.45,1.873709273071489,4760217560.0,13.654096228868662,-15.79961464354528,1.873709273071489,-0.23037002227080483,0.1771106776930224,42.849,-39.134275179123165,https://finance.naver.com/item/main.naver?code=000670
유일로보틱스,KOSDAQ,68700.0,809378401500,-32.46,9.05,-2138.0,7669.0,0.23086,9959811150.0,-1456691140.0,-1282753190.0,,183.01813,기계,155000.0,53800.0,0.1554657809,11781345,388720,16246.0,31301.2,0.5190216349532926,2174429165.0,2.3845007451564815,-34.6336822074215,0.6421798525296155,-27.878471769461466,-14.625690367633126,23.086000000000002,-55.67741935483871,https://finance.naver.com/item/main.naver?code=388720
태웅,KOSDAQ,40250.0,805297085250,139.85,1.24,271.0,30459.0,0.35025,105494491890.0,3195829370.0,4283695790.0,,-39.76501,에너지장비및서비스,61300.0,19980.0,0.0328366316,20007381,044490,572135.0,355046.85,1.611435223267014,12829933522.5,52.75142314990513,-5.957943925233645,1.611435223267014,0.8897206080304673,3.0293803143128253,35.025,-34.33931484502447,https://finance.naver.com/item/main.naver?code=044490
SNT에너지,KOSPI,38900.0,804482458700,8.61,1.99,4270.0,18458.0,0.46079,108055984080.0,21269561320.0,18130221350.0,,-39.76501,에너지장비및서비스,67400.0,21200.0,0.0089042567,20680783,100840,589489.0,352182.75,1.6738156539467082,12243185683.75,47.34848484848484,-7.928994082840235,1.6738156539467082,23.133600606782966,19.68383472798039,46.079,-42.28486646884273,https://finance.naver.com/item/main.naver?code=100840
티에프이,KOSDAQ,64500.0,796393174500,36.7,6.18,1586.0,9411.0,0.3179,33608936550.0,6082266000.0,5946518100.0,,33.4343,반도체와반도체장비,77700.0,23500.0,0.0306085251,12347181,425420,538332.0,123613.3,4.354968276067381,6435995407.5,54.861944777911155,15.384615384615374,4.354968276067381,16.85261927531612,18.09716886147652,31.790000000000003,-16.988416988416986,https://finance.naver.com/item/main.naver?code=425420
안랩,KOSDAQ,71800.0,798883130800,12.09,1.66,5714.0,41556.0,0.37293,71308784760.0,5381783020.0,6412906570.0,,216.01575,소프트웨어,75000.0,50800.0,0.2764381739,11126506,053800,119503.0,59012.7,2.02503867811505,3716794967.5,39.41747572815535,15.24879614767256,3.383830938086209,13.750120319568776,7.5471529042503915,37.293,-4.266666666666663,https://finance.naver.com/item/main.naver?code=053800
로보스타,KOSDAQ,78700.0,767325000000,-145.22,8.69,-533.0,8904.0,0.2935,26369469060.0,499640800.0,1098222270.0,,183.01813,기계,171600.0,42050.0,0.0517533333,9750000,090360,120561.0,109027.15,1.1057887874717445,8523941512.5,-4.8367593712212775,20.890937019969268,1.1057887874717445,-5.98607367475292,1.894770042063183,29.349999999999998,-54.13752913752914,https://finance.naver.com/item/main.naver?code=090360
휴림로봇,KOSDAQ,6430.0,768764556470,-43.99,6.1,-148.0,1068.0,0.29516,25443658470.0,-5301195910.0,-7590786860.0,,183.01813,기계,26600.0,3080.0,0.0811038454,119559029,090710,1216122.0,1004937.45,1.210146959892877,6362321552.75,-13.342318059299195,-52.157738095238095,2.090474387236738,-13.857677902621724,-20.83503799679795,29.516,-75.82706766917293,https://finance.naver.com/item/main.naver?code=090710
다우데이타,KOSDAQ,19830.0,759489000000,3.49,0.47,5713.0,42047.0,11.8618,16370867719470.0,831560581240.0,684798148870.0,,8.00084,증권,31450.0,15940.0,0.1386451175,38300000,032190,36025.0,48184.1,0.7476532715148774,964650592.25,18.176400476758037,-16.15221987315011,0.8325360440477253,13.587176255143055,5.0795143879332585,1186.18,-36.94753577106519,https://finance.naver.com/item/main.naver?code=032190
SGC에너지,KOSPI,52700.0,759371849100,-12.58,1.1,-4260.0,48667.0,3.36963,576959944060.0,44880845870.0,7694153020.0,,-39.76501,에너지장비및서비스,70700.0,20150.0,0.0562733195,14409333,005090,87529.0,154157.65,0.5677888836525466,8780270382.5,34.43877551020409,-3.4798534798534786,1.0628794613825523,-8.753364702981486,7.778849525355038,336.96299999999997,-25.459688826025463,https://finance.naver.com/item/main.naver?code=005090
파미셀,KOSPI,12650.0,759050777100,18.44,5.99,671.0,2064.0,0.28447,38980267330.0,13228721470.0,10378281870.0,,-30.98927,화학,21150.0,8140.0,0.0829635997,60004014,005690,2133529.0,1374650.25,1.5520522401970973,16563622721.5,6.841216216216206,-21.42857142857143,7.5154352898128085,32.509689922480625,33.936969590300656,28.447,-40.189125295508276,https://finance.naver.com/item/main.naver?code=005690
미코,KOSDAQ,22200.0,741852471600,21.32,5.46,937.0,3658.0,2.59694,349190198260.0,19502426670.0,16339179160.0,,33.4343,반도체와반도체장비,29250.0,11300.0,0.2303700554,33416778,059090,1556357.0,255448.7,6.092640126960912,4998515103.0,27.806563039723663,54.91974877878576,6.092640126960912,25.615090213231273,5.585044129869558,259.694,-24.102564102564106,https://finance.naver.com/item/main.naver?code=059090
원익QnC,KOSDAQ,28750.0,755780000000,33.59,1.55,856.0,18524.0,1.61183,271857366890.0,30873452910.0,26732383080.0,,33.4343,반도체와반도체장비,45400.0,18550.0,0.1287709601,26288000,074600,188518.0,171796.05,1.097336056329584,4551399336.25,-11.809815950920244,-13.92215568862275,1.186412609603073,4.621032174476355,11.356489347037684,161.18300000000002,-36.67400881057269,https://finance.naver.com/item/main.naver?code=074600
필옵틱스,KOSDAQ,32250.0,756012465750,-43.75,6.48,-736.0,4970.0,1.21,8196676120.0,-15176871030.0,-3368230280.0,,255.50195,전자장비와기기,64900.0,19380.0,0.0087126034,23442247,161580,169895.0,305807.25,0.5555623681256739,10008452670.0,-7.060518731988474,-30.119176598049833,1.0099270046736957,-14.808853118712273,-185.15884741338297,121.0,-50.30816640986133,https://finance.naver.com/item/main.naver?code=161580
빙그레,KOSPI,84400.0,746248004400,13.45,1.0,6284.0,84119.0,0.44906,442070092910.0,69725485930.0,56411830110.0,,32.42418,식품,96000.0,61500.0,0.2436110019,8841801,005180,36720.0,77163.0,0.47587574355584933,6926826860.0,33.54430379746836,7.928388746803061,0.532275831680987,7.470369357695645,15.772495594764255,44.906,-12.083333333333336,https://finance.naver.com/item/main.naver?code=005180
에스디바이오센서,KOSPI,6110.0,737777013220,-1.44,0.32,-4279.0,19476.0,0.20615,186477165600.0,-7300169520.0,16309680440.0,,-31.45283,건강관리장비와용품,10900.0,5800.0,0.0609179189,120749102,137310,58528.0,182106.95,0.32139355472155234,1119574173.5,0.3284072249589487,-22.658227848101266,1.0339253938413662,-21.970630519613884,-3.9147793224501903,20.615,-43.94495412844037,https://finance.naver.com/item/main.naver?code=137310
코미팜,KOSDAQ,9850.0,734989279850,-95.29,10.05,-102.0,967.0,0.87594,16701768500.0,1638211200.0,517899710.0,,45.13103,제약,10790.0,5650.0,0.0441593466,74618201,041960,119420.0,264386.25,0.45168763504153486,2501260876.25,31.333333333333325,21.007371007371,1.1230765593899077,-10.548086866597725,9.808609190098641,87.59400000000001,-8.711770157553289,https://finance.naver.com/item/main.naver?code=041960
인텔리안테크,KOSDAQ,68700.0,737666043900,94.2,2.61,724.0,26101.0,0.89625,97246184450.0,7136001850.0,4745480380.0,,-362.11639,통신장비,180200.0,39000.0,0.2166423888,10737497,189300,61132.0,60315.9,1.0135304289582017,3882996232.5,-2.275960170697011,-46.8266253869969,2.2158336359069497,2.77384008275545,7.338079010872699,89.625,-61.8756936736959,https://finance.naver.com/item/main.naver?code=189300
인바디,KOSDAQ,55100.0,742796598200,23.65,2.4,2423.0,23830.0,0.12091,73253798830.0,17743448300.0,14529649050.0,,-31.45283,건강관리장비와용품,73500.0,26200.0,0.3324876666,13480882,041830,146623.0,65715.55,2.2311766393190045,3906221672.5,22.037652270210415,88.37606837606837,2.2311766393190045,10.167855644146034,24.221881436042924,12.091000000000001,-25.034013605442173,https://finance.naver.com/item/main.naver?code=041830
리브스메드,KOSDAQ,29200.0,737453913200,-28.83,4.05,-1030.0,7328.0,0.14613,12507068190.0,-12189597350.0,-11028339070.0,,-31.45283,건강관리장비와용품,95900.0,27100.0,0.0320526753,25255271,491000,121840.0,177152.15,0.687770371401081,5693850745.0,-11.649016641452349,-65.15513126491646,2.755145788521336,-14.055676855895197,-97.46166859269358,14.613000000000001,-69.55161626694473,https://finance.naver.com/item/main.naver?code=491000
차바이오텍,KOSDAQ,7810.0,726117927260,-4.91,2.15,-1637.0,3732.0,1.78436,316429568470.0,-28194836530.0,30678723030.0,,-10.44112,건강관리업체및서비스,23950.0,7600.0,0.0748674618,92972846,085660,203059.0,298303.85,0.6807119653333338,2402744195.75,-25.47709923664122,-59.32291666666667,1.245837088592722,-43.863879957127544,-8.910304010566286,178.436,-67.39039665970772,https://finance.naver.com/item/main.naver?code=085660
이노션,KOSPI,18100.0,724000000000,7.9,0.68,2294.0,26618.0,1.53594,499051454740.0,44586457500.0,36476935430.0,,10.53233,광고,22650.0,16730.0,0.195763275,40000000,214320,81249.0,54389.2,1.493844366160929,1011828059.5,1.2870733072188,-7.98169801728521,2.1827495164481183,8.61822826658652,8.93424056307561,153.594,-20.088300220750554,https://finance.naver.com/item/main.naver?code=214320
에이치브이엠,KOSDAQ,58300.0,723185731400,56.23,7.87,1060.0,7571.0,1.09639,29152193590.0,2011205120.0,-8998967850.0,,28.1014,비철금속,144000.0,21950.0,0.0345186826,12404558,295310,194005.0,120391.55,1.6114503052747473,6380664118.75,13.645224171539972,-43.34305150631681,5.347792266151569,14.000792497688549,6.89898382360461,109.639,-59.513888888888886,https://finance.naver.com/item/main.naver?code=295310
SK오션플랜트,KOSPI,11560.0,722247171240,18.51,0.89,625.0,13037.0,0.4433,170484462290.0,19344277350.0,13789266670.0,,-39.76501,에너지장비및서비스,31600.0,11010.0,0.0364126941,62478129,100090,343190.0,1214689.0,0.28253322455377466,16045098249.0,-19.610570236439496,-38.738738738738746,0.44363865977217215,4.794047710362814,11.346651237398229,44.330000000000005,-63.41772151898735,https://finance.naver.com/item/main.naver?code=100090
GS피앤엘,KOSPI,36500.0,723825696500,38.76,0.88,979.0,43209.0,0.93131,158960998740.0,29360307070.0,19221773190.0,,14.87228,"호텔,레스토랑,레저",67000.0,32250.0,0.1054859953,19830841,499790,147413.0,40689.1,3.6229112956541187,1692111325.0,8.308605341246288,-27.579365079365083,3.6229112956541187,2.2657316762711472,18.470132487040008,93.131,-45.52238805970149,https://finance.naver.com/item/main.naver?code=499790
맵스리얼티,KOSPI,7760.0,720394408560,,,,,,,,,,32.34138,부동산,8190.0,4895.0,0.0373351751,92834331,094800,56644.0,141821.85,0.3994024898138051,1069048668.5,37.34513274336284,13.78299120234605,5.35561339807653,,,,-5.250305250305254,https://finance.naver.com/item/main.naver?code=094800
인텍플러스,KOSDAQ,56100.0,726920125800,-188.15,13.49,-270.0,3765.0,1.83294,8960989870.0,-5117444750.0,-6094354380.0,,33.4343,반도체와반도체장비,58100.0,10960.0,0.024323913,12957578,064290,695520.0,367118.65,1.8945373655083988,15646212141.25,31.844888366627487,248.44720496894408,1.8945373655083988,-7.171314741035857,-57.10802962887402,183.294,-3.4423407917383853,https://finance.naver.com/item/main.naver?code=064290
넥슨게임즈,KOSDAQ,10830.0,713265684420,-11.09,2.67,-974.0,4052.0,0.68208,41454225430.0,10653536180.0,8654096880.0,,17.25132,게임엔터테인먼트,15420.0,7860.0,0.0258412011,65860174,225570,119405.0,218978.15,0.5452827142799407,2432270091.5,36.91529709228825,-2.607913669064743,0.8273930526858502,-24.03751233958539,25.699518129918175,68.208,-29.76653696498055,https://finance.naver.com/item/main.naver?code=225570
HS효성첨단소재,KOSPI,159500.0,714551706000,-33.26,0.89,-4843.0,180761.0,3.47837,952698172430.0,77593421080.0,45193271410.0,,-30.98927,화학,282000.0,135000.0,0.0781654162,4479948,298050,11491.0,13515.55,0.8502058739747921,2346816435.0,1.2055837563451854,-27.168949771689498,1.0573746536396966,-2.6792283733770006,8.144596402666156,347.837,-43.439716312056746,https://finance.naver.com/item/main.naver?code=298050
덕산네오룩스,KOSDAQ,28800.0,715137955200,13.6,1.6,2165.0,18395.0,0.534,94584555040.0,18499176470.0,19940655100.0,,15.86239,디스플레이장비및부품,57300.0,24500.0,0.1201912322,24831179,213420,94678.0,206754.9,0.45792385089785054,6576661642.5,-5.107084019769359,-38.19742489270386,0.7942883094910931,11.76950258222343,19.558348043374167,53.400000000000006,-49.73821989528796,https://finance.naver.com/item/main.naver?code=213420
클로봇,KOSDAQ,22950.0,710388310050,-285.37,10.23,-82.0,2287.0,0.2414,8859369110.0,-2839891890.0,-2633137160.0,,183.01813,기계,77953.663,20050.0,0.0612089544,30953739,466100,161822.0,287902.4,0.5620724245438732,7025240906.25,-19.895287958115183,-59.94764397905759,0.7270762591767209,-3.585483165719283,-32.05523841189184,24.14,-70.55943349320223,https://finance.naver.com/item/main.naver?code=466100
보령,KOSPI,8290.0,711175946030,10.73,0.82,766.0,10008.0,0.71037,279622584600.0,23798692280.0,24054889960.0,,45.13103,제약,10800.0,7410.0,0.0492287854,85787207,003850,324360.0,121713.2,2.6649533493491258,1078880519.25,2.0935960591133007,-11.902231668437835,2.6649533493491258,7.653876898481215,8.511005044189838,71.03699999999999,-23.24074074074074,https://finance.naver.com/item/main.naver?code=003850
선익시스템,KOSDAQ,69700.0,705895532200,6.38,4.29,10959.0,16300.0,1.96832,20242142080.0,-10142570890.0,-7953600180.0,,15.86239,디스플레이장비및부품,144000.0,41100.0,0.0210048238,10127626,171090,24880.0,45649.45,0.545022995895898,3126664742.5,27.18978102189782,-35.58225508317929,1.0719734848941225,67.23312883435582,-50.10621331435689,196.832,-51.59722222222223,https://finance.naver.com/item/main.naver?code=171090
알지노믹스,KOSDAQ,25400.0,712608074400,-3.74,12.57,-7092.0,2113.0,0.10619,807823290.0,-6851726570.0,-6366999350.0,,-65.60732,생물공학,122625.0,19990.0,0.0951600253,28055436,476830,200236.0,235905.5,0.8487975057809165,6759173387.5,-68.83435582822086,-86.32938643702907,1.2933568738329544,-335.6365357311879,-848.1714571512292,10.619,-79.28644240570846,https://finance.naver.com/item/main.naver?code=476830
레이크머티리얼즈,KOSDAQ,10590.0,696086503320,91.2,5.21,117.0,2049.0,1.65619,37205660670.0,6079887510.0,2630386340.0,,-30.98927,화학,28700.0,9200.0,0.0926386465,65730548,281740,250498.0,345838.2,0.7243213734052514,3950819283.5,-21.787296898079767,-46.27092846270928,0.7819350204806756,5.710102489019034,16.34129699758937,165.619,-63.10104529616724,https://finance.naver.com/item/main.naver?code=281740
루닛,KOSDAQ,9590.0,714053946200,-13.71,4.75,-762.0,2202.0,0.64416,21813709920.0,-15368887350.0,-23557162140.0,,-59.4544,건강관리기술,24550.0,8180.0,0.0955535577,74458180,328130,854372.0,517550.0,1.6508008888030141,4698054178.75,-2.9352226720647745,-75.0909090909091,4.443800598975944,-34.60490463215259,-70.45517432093918,64.416,-60.93686354378819,https://finance.naver.com/item/main.naver?code=328130
케이아이엔엑스,KOSDAQ,140000.0,683200000000,38.93,3.26,3535.0,42214.0,0.36784,42506109550.0,8818013550.0,6772364780.0,,31.01234,IT서비스,163700.0,80000.0,0.4377989754,4880000,093320,10380.0,9427.4,1.1010458875193585,1325499892.5,39.165009940357855,38.06706114398422,1.132125506502323,8.373999147202351,20.745284956336356,36.784,-14.477703115455098,https://finance.naver.com/item/main.naver?code=093320
아이티센글로벌,KOSDAQ,29100.0,675251735700,15.05,5.6,2010.0,5404.0,1.45518,2292427258510.0,8294110930.0,37059152190.0,,31.01234,IT서비스,75500.0,16030.0,0.0260970198,23204527,124500,184214.0,500726.0,0.3678938181760084,17490707515.0,35.34883720930233,-58.48787446504993,0.7138814441431042,37.19467061435973,0.36180475952771957,145.518,-61.45695364238411,https://finance.naver.com/item/main.naver?code=124500
예스티,KOSDAQ,31600.0,684181870000,-1160.71,5.09,-28.0,6379.0,0.68439,41945739920.0,4565708670.0,1931655300.0,,33.4343,반도체와반도체장비,44000.0,15200.0,0.0515818316,21651325,122640,381643.0,394912.45,0.966399008185232,11654603171.25,-4.2424242424242475,28.716904276985744,2.276182986887347,-0.4389402727700266,10.884797070472086,68.43900000000001,-28.181818181818187,https://finance.naver.com/item/main.naver?code=122640
비에이치,KOSPI,20100.0,677601913800,19.65,0.84,991.0,23055.0,0.71322,414237053660.0,7891040600.0,7612387660.0,,255.50195,전자장비와기기,43400.0,12440.0,0.0999024429,33711538,090460,923784.0,1395708.45,0.6618746200182424,28158607168.75,0.6006006006006093,8.766233766233755,0.7737891104693104,4.298416829321188,1.9049576879418557,71.322,-53.68663594470047,https://finance.naver.com/item/main.naver?code=090460
SNT모티브,KOSPI,25500.0,676776936000,8.75,0.6,2921.0,42534.0,0.2689,258025087410.0,25841587050.0,23814373280.0,,9.52744,자동차부품,40800.0,24100.0,0.1219841304,26540272,064960,72732.0,68213.4,1.066242116651567,1788070526.25,-1.7341040462427793,-22.9607250755287,1.066242116651567,6.867447218695631,10.015145158710054,26.889999999999997,-37.5,https://finance.naver.com/item/main.naver?code=064960
온코닉테라퓨틱스,KOSDAQ,14710.0,667949326400,41.92,9.3,359.0,1619.0,0.084,24399301130.0,2789195800.0,3768045440.0,,45.13103,제약,28900.0,8790.0,0.0036779992,45407840,476060,163335.0,733723.65,0.22261106071747858,12463301205.75,17.211155378486055,-41.39442231075697,0.3152699248552231,22.174181593576282,11.431457750117943,8.4,-49.10034602076124,https://finance.naver.com/item/main.naver?code=476060
미원에스씨,KOSPI,131700.0,658500000000,10.31,1.4,12662.0,92934.0,0.26608,162829067100.0,37109592760.0,32974900490.0,,-30.98927,화학,149200.0,89600.0,0.0052966,5000000,268280,1080.0,1447.1,0.746320226660217,191459922.5,34.93852459016394,4.60683081810962,1.337157072766222,13.624722921643318,22.790521017484842,26.607999999999997,-11.72922252010724,https://finance.naver.com/item/main.naver?code=268280
한국쉘석유,KOSPI,503000.0,653900000000,13.69,4.7,37098.0,107971.0,0.51145,95483718880.0,15564070340.0,12754026000.0,,-30.98927,화학,620000.0,401000.0,0.5860076923,1300000,002960,816.0,1096.05,0.7444915834131655,550038925.0,6.680805938494161,-6.156716417910446,0.7444915834131655,34.35922608848672,16.30023476521718,51.144999999999996,-18.870967741935484,https://finance.naver.com/item/main.naver?code=002960
TKG휴켐스,KOSPI,16190.0,661824339720,10.39,0.69,1561.0,23511.0,0.36185,397199442610.0,32818441450.0,22288367510.0,,-30.98927,화학,21550.0,14300.0,0.079308072,40878588,069260,31074.0,40985.95,0.7581622482826432,669190610.75,8.294314381270906,-14.834297738032609,1.212732655946733,6.639445365998895,8.262459089657785,36.185,-24.87238979118329,https://finance.naver.com/item/main.naver?code=069260
현대바이오,KOSDAQ,6790.0,655272833880,-30.17,6.15,-235.0,1153.0,0.27103,520398890.0,-5538393300.0,-11559025750.0,,44.06295,화장품,21500.0,4565.0,0.0609430303,96505572,048410,1014749.0,1502026.85,0.6755864583912065,10249155019.5,-10.303830911492739,-56.30630630630631,1.087312786718826,-20.38161318300087,-1064.2592454415112,27.102999999999998,-68.41860465116278,https://finance.naver.com/item/main.naver?code=048410
프로텍,KOSDAQ,72900.0,656100000000,12.92,1.77,5293.0,38739.0,0.23721,77314344470.0,23097012500.0,34943233830.0,,33.4343,반도체와반도체장비,101900.0,29000.0,0.0671324444,9000000,053610,97497.0,20422.2,4.774069395070071,1265006545.0,-2.0161290322580627,30.879712746858168,4.774069395070071,13.663233434007074,29.87416197903902,23.721,-28.45927379784102,https://finance.naver.com/item/main.naver?code=053610
OCI,KOSPI,73600.0,658903632000,-10.62,0.59,-6994.0,125846.0,0.97496,535009757000.0,43260886000.0,29786694000.0,,-30.98927,화학,163200.0,53700.0,0.1029227048,8952495,456040,21890.0,29262.55,0.7480551079793114,2303552152.5,-10.024449877750607,-14.814814814814813,1.3952304225024819,-5.557586256217917,8.085999448417535,97.49600000000001,-54.90196078431373,https://finance.naver.com/item/main.naver?code=456040
대한해운,KOSPI,2045.0,660018310300,3.63,0.3,560.0,6684.0,0.6381,312832991250.0,62926691080.0,57477832570.0,,10.19046,해운사,3385.0,1639.0,0.1223505483,322747340,005880,975249.0,1566798.6,0.6224469437233349,3270122099.0,14.11830357142858,-13.71308016877637,0.6358309230043989,8.378216636744465,20.11510705074972,63.81,-39.5864106351551,https://finance.naver.com/item/main.naver?code=005880
에프에스티,KOSDAQ,30250.0,654906117250,-49.67,2.57,-608.0,11763.0,1.11633,89302520310.0,9622218030.0,6999938380.0,,33.4343,반도체와반도체장비,51000.0,15000.0,0.0761674398,21649789,036810,159836.0,148123.3,1.0790739876845845,3943290183.75,24.742268041237114,-30.05780346820809,2.3298562751437486,-5.168749468672957,10.77485606968084,111.63300000000001,-40.68627450980392,https://finance.naver.com/item/main.naver?code=036810
네패스,KOSDAQ,27500.0,634128055000,38.32,5.14,719.0,5360.0,1.77757,153704779820.0,14594820420.0,18272718840.0,,33.4343,반도체와반도체장비,41150.0,11400.0,0.1087605287,23059202,033640,324428.0,198672.2,1.6329813632707544,4742847718.0,10.441767068273089,58.41013824884793,2.9488473978744887,13.414179104477611,9.495358854221479,177.757,-33.17132442284325,https://finance.naver.com/item/main.naver?code=033640
E1,KOSPI,92200.0,632492000000,5.21,0.27,18124.0,349725.0,6.43643,4402807537000.0,117898702210.0,99298166770.0,,9.40121,가스유틸리티,114500.0,71000.0,0.0761217201,6860000,017940,9401.0,8838.45,1.0636480378346882,857434415.0,20.99737532808399,-6.395939086294411,1.209827515005459,5.182357566659518,2.6778073131566913,643.6429999999999,-19.47598253275109,https://finance.naver.com/item/main.naver?code=017940
금양,KOSPI,9900.0,633275240400,-9.24,1.38,-1071.0,7186.0,1.73047,17364980930.0,-7939945900.0,-19439242690.0,,-30.98927,화학,9900.0,9900.0,0.0424066579,63967196,001570,,,,,,,,-14.903979961035347,-45.72389645578493,173.047,0.0,https://finance.naver.com/item/main.naver?code=001570
롯데손해보험,KOSPI,2035.0,631534411200,13.13,1.05,158.0,1985.0,12.72626,802034000000.0,3057000000.0,1313000000.0,,8.93574,손해보험,3280.0,1576.0,0.0081041304,310336320,000400,209232.0,372614.85,0.5615235141594599,778778936.1,17.698091382301918,-0.9732360097323589,0.5645883410175413,7.959697732997481,0.3811559110960383,1272.626,-37.95731707317073,https://finance.naver.com/item/main.naver?code=000400
솔루엠,KOSPI,13060.0,624480042160,45.41,1.28,281.0,9997.0,1.51509,491846718660.0,21825989790.0,5393351980.0,,255.50195,전자장비와기기,24350.0,11520.0,0.188532071,47816236,248070,177883.0,72859.25,2.44146076167405,930209489.5,-14.640522875816997,-27.039106145251402,2.44146076167405,2.810843252975893,4.437559296819809,151.50900000000001,-46.365503080082135,https://finance.naver.com/item/main.naver?code=248070
대한유화,KOSPI,95900.0,623350000000,18.84,0.33,5134.0,297102.0,0.35582,956254316740.0,-3876526720.0,-1466147000.0,,-30.98927,화학,202500.0,79300.0,0.1014887692,6500000,006650,47784.0,56624.55,0.843874255954352,5582654242.5,-12.659380692167577,-27.513227513227513,1.2027115447275076,1.728026065122416,-0.4053865851519084,35.582,-52.641975308641975,https://finance.naver.com/item/main.naver?code=006650
LF,KOSPI,21500.0,628660000000,5.92,0.35,3646.0,61158.0,0.71262,465388608270.0,44077822710.0,35247387720.0,,8.86094,"섬유,의류,신발,호화품",26450.0,17010.0,0.1303430575,29240000,093050,14159.0,20095.15,0.7045978756068006,451833325.0,3.864734299516903,0.7025761124121788,1.4849851829919158,5.961607639229537,9.471186429305076,71.262,-18.714555765595463,https://finance.naver.com/item/main.naver?code=093050
이엔에프테크놀로지,KOSDAQ,43650.0,623664041400,11.83,1.37,3635.0,31327.0,0.60771,179010795050.0,27254732720.0,15387720440.0,,33.4343,반도체와반도체장비,65000.0,33300.0,0.2331392942,14287836,102710,54939.0,62128.7,0.8842773146709975,2650238878.75,0.5760368663594528,-22.879858657243812,1.1558104386539554,11.60340919973186,15.225189471052516,60.771,-32.84615384615385,https://finance.naver.com/item/main.naver?code=102710
피노,KOSDAQ,7520.0,626580590240,-57.41,5.36,-135.0,1447.0,0.18342,104407384320.0,2323925300.0,-1740380860.0,,-77.6154,전기제품,19150.0,3445.0,0.3866366229,83321887,033790,1003642.0,2724232.4,0.36841276830860686,22321206048.25,18.23899371069182,54.73251028806585,0.7521682070883527,-9.32964754664824,2.225824653242304,18.342,-60.73107049608355,https://finance.naver.com/item/main.naver?code=033790
나노신소재,KOSDAQ,51400.0,630276617400,382.35,2.52,136.0,20643.0,0.47852,36547748440.0,5339739830.0,6048713930.0,,-30.98927,화학,95300.0,33200.0,0.0641389455,12262191,121600,47721.0,59247.95,0.8054455892566748,2924415093.75,11.49674620390455,-16.422764227642272,1.6708932545345452,0.6588189701109335,14.610311326746125,47.852,-46.065057712486876,https://finance.naver.com/item/main.naver?code=121600
JW중외제약,KOSPI,26650.0,620570034500,10.73,1.78,2534.0,15290.0,0.60975,222020100170.0,33339146160.0,27891601210.0,,45.13103,제약,39250.0,20700.0,0.0760584181,23285930,001060,28879.0,65373.45,0.44175425956561876,1815355945.0,10.580912863070546,-15.664556962025312,1.1924259772124617,16.5729234793983,15.016273812358582,60.975,-32.10191082802548,https://finance.naver.com/item/main.naver?code=001060
대상,KOSPI,17760.0,615348924000,-2.1,0.6,-8447.0,29733.0,2.03409,1165775349440.0,46450513750.0,19596078820.0,,32.42418,식품,24150.0,15880.0,0.1630350359,34648025,001680,41127.0,141917.35,0.28979543375070066,2615572691.75,11.138923654568211,-13.365853658536587,0.5547665595503298,-28.409511317391452,3.984516722910061,203.409,-26.459627329192546,https://finance.naver.com/item/main.naver?code=001680
명인제약,KOSPI,42200.0,616120000000,6.29,0.78,6718.0,54409.0,0.06377,76106145640.0,27612131000.0,24322263200.0,,45.13103,제약,134500.0,39100.0,0.0087743836,14600000,317450,4384.0,11667.5,0.3757445896721663,517410435.0,6.030150753768848,-29.431438127090303,1.2419970002142704,12.347221966953995,36.2810792319084,6.376999999999999,-68.62453531598514,https://finance.naver.com/item/main.naver?code=317450
미원상사,KOSPI,136900.0,616050000000,14.41,1.49,9449.0,91715.0,0.20439,130051444920.0,20307360800.0,18692204910.0,,-30.98927,화학,161900.0,109100.0,0.0291326667,4500000,002840,1276.0,2677.25,0.4766084601736857,357362920.0,21.797153024911033,-0.5809731299927345,0.9621813427957793,10.302567737011394,15.614867495314561,20.439,-15.44163063619518,https://finance.naver.com/item/main.naver?code=002840
전진건설로봇,KOSPI,43000.0,627479435000,18.85,3.83,2172.0,10701.0,0.42007,47254266110.0,9608408670.0,9528508440.0,,183.01813,기계,74350.0,25600.0,0.0015435279,14592545,079900,104705.0,202511.05,0.5170335149612824,8362383707.5,17.006802721088434,-20.07434944237918,0.5170335149612824,20.297168488926268,20.33342057970647,42.007,-42.16543375924681,https://finance.naver.com/item/main.naver?code=079900
광전자,KOSPI,10200.0,591026382600,130.12,2.31,85.0,4784.0,0.08436,36825118540.0,1302341750.0,2606483150.0,,255.50195,전자장비와기기,22450.0,1760.0,0.1788675685,57943763,017900,4136583.0,8086851.45,0.5115195976550305,80540106085.75,59.375,390.3846153846154,2.541818917670362,1.7767558528428091,3.536558201667095,8.436,-54.565701559020056,https://finance.naver.com/item/main.naver?code=017900
현대그린푸드,KOSPI,18870.0,612738846690,7.21,0.85,2654.0,22431.0,0.36388,594973411000.0,38127340000.0,30574126000.0,,32.42418,식품,19950.0,14650.0,0.1573721666,32471587,453340,23185.0,34789.4,0.6664386278579107,654267636.25,15.483476132190944,18.530150753768847,2.8162313808228943,11.831839864473274,6.408242670192197,36.388,-5.41353383458647,https://finance.naver.com/item/main.naver?code=453340
동원시스템즈,KOSPI,21050.0,610266486100,11.48,0.71,1834.0,29468.0,0.71912,402189492880.0,31383311600.0,19869773830.0,,17.42997,포장재,30700.0,17520.0,0.1371973478,28991282,014820,25647.0,38064.75,0.6737729789372057,830779130.0,17.204899777282854,-16.302186878727632,1.0983652854675257,6.223700285054975,7.803115734145679,71.91199999999999,-31.43322475570033,https://finance.naver.com/item/main.naver?code=014820
덕산하이메탈,KOSDAQ,12930.0,587500435860,-5.29,2.72,-2333.0,4544.0,0.99162,90753036170.0,10078195950.0,12438888740.0,,33.4343,반도체와반도체장비,21100.0,5200.0,0.0457622622,45437002,077360,1038476.0,842628.25,1.232424856394264,8790206985.5,26.146341463414636,5.293159609120512,1.5487517775484028,-51.342429577464785,11.105078546486716,99.16199999999999,-38.72037914691943,https://finance.naver.com/item/main.naver?code=077360
비나텍,KOSDAQ,83000.0,595974362000,-89.5,7.05,-933.0,11841.0,1.94717,35384414520.0,497894840.0,-38637148640.0,,56.61715,전기장비,204500.0,43142.21,0.0804510715,7180414,126340,138954.0,129164.5,1.0757909487513984,9170349587.5,3.4912718204488824,-36.59281894576012,4.169102191391597,-7.879402077527235,1.4071021006114983,194.717,-59.41320293398533,https://finance.naver.com/item/main.naver?code=126340
LX세미콘,KOSPI,36050.0,586328015000,7.08,0.52,5081.0,69207.0,0.27208,401152905700.0,22006367300.0,17887139690.0,,15.86239,디스플레이장비및부품,67300.0,29500.0,0.3143450379,16264300,108320,51484.0,123655.5,0.41635026343349063,4489981238.75,-5.628272251308896,-28.613861386138616,0.47191592771854063,7.341742887280188,5.485780356395409,27.208,-46.43387815750371,https://finance.naver.com/item/main.naver?code=108320
네오셈,KOSDAQ,13240.0,580827731360,103.33,4.64,126.0,2805.0,0.35658,36000174210.0,11417108680.0,8799651570.0,,33.4343,반도체와반도체장비,21400.0,6700.0,0.0,43869164,253590,1253635.0,476279.3,2.6321425264545404,5569661312.5,20.58287795992715,-30.861618798955615,3.0907515821073894,4.491978609625669,31.71403730826557,35.658,-38.13084112149533,https://finance.naver.com/item/main.naver?code=253590
세진중공업,KOSPI,10090.0,573611011040,11.4,2.53,891.0,4019.0,1.04641,93498436620.0,20367628830.0,20623415280.0,,20.40427,조선,25350.0,8500.0,0.0242937241,56849456,075580,83866.0,112578.55,0.7449554111329378,1162572670.0,-22.97709923664122,-41.47331786542924,1.0720159390931931,22.16969395371983,21.78392448718572,104.641,-60.19723865877712,https://finance.naver.com/item/main.naver?code=075580
쏠리드,KOSDAQ,9470.0,575364376980,15.23,1.58,610.0,5886.0,0.59985,70130784810.0,3536137930.0,-187511460.0,,-362.11639,통신장비,20900.0,6220.0,0.1413995242,60756534,050890,1352252.0,1175309.35,1.1505498531088856,10755514688.25,-11.495327102803742,-25.138339920948617,4.593005237301992,10.36357458375807,5.042204988266122,59.985,-54.68899521531101,https://finance.naver.com/item/main.naver?code=050890
동운아나텍,KOSDAQ,27500.0,575023240000,533.65,8.1,52.0,3424.0,0.5289,26113542080.0,-5069646830.0,19334900320.0,,33.4343,반도체와반도체장비,56400.0,16280.0,0.0300637936,20909936,094170,53181.0,101418.7,0.5243707521393983,3006126055.0,-8.180300500834726,4.562737642585546,0.5885009372038884,1.5186915887850467,-19.413861261980127,52.89,-51.24113475177305,https://finance.naver.com/item/main.naver?code=094170
자화전자,KOSPI,26750.0,577947178500,12.13,1.28,2284.0,21665.0,0.67795,235193567600.0,22449691440.0,17462465570.0,,-362.11639,통신장비,60000.0,16600.0,0.1250965611,21605502,033240,99844.0,81222.85,1.2292599927237224,2331168845.0,-1.291512915129156,-31.760204081632647,1.2292599927237224,10.542349411493191,9.545197884910182,67.795,-55.41666666666667,https://finance.naver.com/item/main.naver?code=033240
한국단자,KOSPI,56600.0,572509000000,5.39,0.49,10428.0,114828.0,0.38091,395077399000.0,17838281000.0,25210175000.0,,9.52744,자동차부품,94000.0,53900.0,0.2771743945,10115000,025540,15709.0,20214.05,0.7771327368835044,1129983527.5,-14.759036144578308,-25.819134993446923,0.8756780556098358,9.081408715644269,4.515135779761474,38.091,-39.78723404255319,https://finance.naver.com/item/main.naver?code=025540
지아이이노베이션,KOSDAQ,8840.0,570321493040,-15.55,5.15,-604.0,1824.0,0.09202,,-14384745240.0,-14253166320.0,,-65.60732,생물공학,21000.0,6470.0,0.0888224389,64516006,358570,339280.0,384715.5,0.8818984418355902,3237937538.25,-8.865979381443301,-38.61111111111111,0.9862560775430156,-33.114035087719294,,9.202,-57.904761904761905,https://finance.naver.com/item/main.naver?code=358570
드림텍,KOSPI,8540.0,562673519660,8200.0,1.45,1.0,5644.0,0.84621,257336437900.0,104648000.0,-4986530520.0,,104.30752,핸드셋,9120.0,3565.0,0.5812039459,65886829,192650,2411792.0,1224040.75,1.9703527027184349,8391341273.0,103.33333333333331,23.232323232323225,4.227851891368813,0.01771793054571226,0.04066583063556115,84.621,-6.359649122807021,https://finance.naver.com/item/main.naver?code=192650
KG스틸,KOSPI,5620.0,562050001140,4.05,0.27,1394.0,21234.0,0.63214,896376295810.0,43109837880.0,93398852820.0,,42.88131,철강,7900.0,4825.0,0.0614766204,100008897,016380,130012.0,171868.7,0.7564611822862453,964749040.75,11.287128712871297,-0.5309734513274322,1.7595699507821958,6.564943015917867,4.8093460393265195,63.214000000000006,-28.860759493670884,https://finance.naver.com/item/main.naver?code=016380
한양이엔지,KOSDAQ,31450.0,550375000000,12.53,0.83,2541.0,38303.0,0.40489,354702606140.0,28525210470.0,21874531130.0,,33.4343,반도체와반도체장비,39400.0,19060.0,0.2007139429,17500000,045100,43312.0,64121.35,0.6754692469824793,1938951718.75,16.05166051660516,11.524822695035454,2.4733883488104977,6.633945121792027,8.042007579369516,40.489000000000004,-20.17766497461929,https://finance.naver.com/item/main.naver?code=045100
가비아,KOSDAQ,41050.0,550919078200,33.73,3.06,1232.0,13565.0,0.68073,88761097960.0,12477291590.0,8716451850.0,,31.01234,IT서비스,47900.0,24900.0,0.3466141517,13420684,079940,13126.0,29350.2,0.44722012115760706,1213885060.0,39.15254237288135,49.817518248175176,3.5927182778992988,9.082196830077404,14.057162289298025,68.073,-14.300626304801668,https://finance.naver.com/item/main.naver?code=079940
솔루스첨단소재,KOSPI,7760.0,544847432480,-10.86,1.05,-736.0,7584.0,1.16121,101870141990.0,-21675841070.0,59273096010.0,,255.50195,전자장비와기기,16900.0,5330.0,0.0244244819,70212298,336370,166603.0,199667.45,0.8344024025949146,1632099723.75,-5.36585365853659,-7.3985680190930765,1.2625042289066144,-9.70464135021097,-21.27791386815559,116.12100000000001,-54.082840236686394,https://finance.naver.com/item/main.naver?code=336370
GKL,KOSPI,8910.0,551134019700,11.75,1.25,761.0,7137.0,0.40095,120451186020.0,20834975560.0,18014742930.0,,14.87228,"호텔,레스토랑,레저",17690.0,8880.0,0.1174466464,61855670,114090,65504.0,92373.9,0.7091180517440533,860389976.75,-13.996138996138995,-27.027027027027028,1.4143172476208108,10.662743449628694,17.297443261821027,40.095,-49.63256076879593,https://finance.naver.com/item/main.naver?code=114090
오름테라퓨틱,KOSDAQ,25600.0,556874649600,-13.53,4.43,-2017.0,6165.0,0.56982,24105270.0,-15352897690.0,63384312380.0,,45.13103,제약,146600.0,24450.0,0.0742983607,21752916,475830,1443201.0,326696.05,4.417564889443873,11358642020.0,-48.073022312373226,-78.93004115226337,14.939029718908447,-32.7169505271695,-63691.042207782775,56.982,-82.537517053206,https://finance.naver.com/item/main.naver?code=475830
넥센타이어,KOSPI,5580.0,544986753660,3.72,0.27,1469.0,19967.0,1.31441,891293882270.0,34334021880.0,216140460.0,,9.52744,자동차부품,10110.0,5460.0,0.1046251164,97667877,002350,102797.0,135321.1,0.7596524119298468,794722853.25,-12.125984251968502,-23.03448275862069,1.0368966849959096,7.3571392798116895,3.8521550033032965,131.441,-44.80712166172107,https://finance.naver.com/item/main.naver?code=002350
SK증권,KOSPI,2340.0,541230498900,17.25,0.82,138.0,2887.0,11.9167,1010726000000.0,22548000000.0,33501000000.0,,8.00084,증권,6190.0,1273.366,0.0227805619,231295085,001510,3489062.0,3920218.0,0.8900173408723698,9983915773.45,-2.2964509394572064,35.260115606936424,0.8900173408723698,4.780048493245584,2.230871670462618,1191.67,-62.19709208400646,https://finance.naver.com/item/main.naver?code=001510
가온칩스,KOSDAQ,46750.0,554400957000,-35.43,9.31,-1239.0,4714.0,1.32786,21310472300.0,328112080.0,729241980.0,,33.4343,반도체와반도체장비,83200.0,34950.0,0.0117940669,11858844,399720,334149.0,88238.55,3.786882264044457,3777767990.0,26.1808367071525,-25.79365079365079,3.786882264044457,-26.2834111158252,1.5396753079001446,132.786,-43.81009615384615,https://finance.naver.com/item/main.naver?code=399720
뉴파워프라즈마,KOSDAQ,12080.0,527806897920,56.87,1.7,211.0,7057.0,1.15405,208752572460.0,27290312720.0,28741958130.0,,33.4343,반도체와반도체장비,13280.0,4710.0,0.08665426,43692624,144960,1289225.0,869062.3,1.483466720395074,8418571259.5,70.86280056577085,113.42756183745584,3.616152720006379,2.989939067592461,13.073042596986065,115.405,-9.036144578313255,https://finance.naver.com/item/main.naver?code=144960
쿠쿠홈시스,KOSPI,23800.0,534008454000,4.48,0.49,5330.0,48373.0,0.23288,318271750680.0,54024014770.0,42770892680.0,,11.82308,가정용기기와용품,27600.0,20150.0,0.0949295215,22437330,284740,9149.0,12864.1,0.7112040484759913,301521775.0,16.09756097560975,-3.2520325203251987,1.5610886109405244,11.018543402311206,16.974178404013422,23.288,-13.768115942028981,https://finance.naver.com/item/main.naver?code=284740
아난티,KOSDAQ,5520.0,537101464800,-11.73,0.68,-444.0,7660.0,1.15971,55123302630.0,-5364779880.0,-9198407320.0,,14.87228,"호텔,레스토랑,레저",10480.0,3150.0,0.0490400663,97300990,025980,2882225.0,3043222.45,0.9470963911954579,16264820525.5,40.816326530612244,-26.984126984126988,0.9470963911954579,-5.796344647519582,-9.732326664114463,115.971,-47.32824427480916,https://finance.naver.com/item/main.naver?code=025980
PI첨단소재,KOSPI,18250.0,535935376500,18.02,1.54,1035.0,12094.0,0.2924,77501049490.0,22983465580.0,17471381660.0,,-30.98927,화학,32150.0,14880.0,0.1453070289,29366322,178920,41218.0,26519.0,1.554281835664995,502813411.25,-1.8289402904787533,-24.27385892116183,1.554281835664995,8.557962626095584,29.655683027835085,29.24,-43.2348367029549,https://finance.naver.com/item/main.naver?code=178920
세미파이브,KOSDAQ,15740.0,535560425600,-7.88,2.39,-1979.0,6513.0,0.56543,46801507510.0,-11038068320.0,-12232124310.0,,33.4343,반도체와반도체장비,51300.0,12630.0,0.0515044038,34025440,490470,362167.0,469436.35,0.7714933025531576,7414794740.25,-24.144578313253007,-38.03149606299212,0.8668203900273168,-30.38538307999386,-23.58485635882886,56.543,-69.317738791423,https://finance.naver.com/item/main.naver?code=490470
지투지바이오,KOSDAQ,31900.0,530478689400,-37.24,9.03,-862.0,3553.0,0.69077,1602828350.0,-2701811410.0,-5709782720.0,,45.13103,제약,124000.0,22400.0,0.0584999747,16629426,456160,97411.0,162315.2,0.6001347994519305,5905342522.5,-11.388888888888893,-65.88235294117646,1.1772711366526363,-24.26118772867999,-168.5652371946129,69.077,-74.27419354838709,https://finance.naver.com/item/main.naver?code=456160
부국증권,KOSPI,51100.0,529901174600,10.1,0.55,5109.0,93587.0,7.70459,583134951810.0,24450365170.0,24392309200.0,,8.00084,증권,104600.0,44800.0,0.01208075,10369886,001270,1033.0,6441.55,0.1603651295107544,324709955.0,-6.921675774134794,-34.149484536082475,0.4904099168678346,5.459091540491735,4.192917110200341,770.459,-51.14722753346081,https://finance.naver.com/item/main.naver?code=001270
한화갤러리아,KOSPI,2680.0,519543754800,160.0,0.65,17.0,4193.0,1.40484,150903680820.0,15135023480.0,5085497810.0,,35.16844,백화점과일반상점,4120.0,999.0,0.0112915114,193859610,452260,1070127.0,2270310.55,0.4713571013445716,5512400594.6,32.345679012345684,1.132075471698113,1.0077779887866003,0.4054376341521584,10.029591987257929,140.484,-34.95145631067961,https://finance.naver.com/item/main.naver?code=452260
NHN KCP,KOSDAQ,13120.0,526907216320,11.07,1.69,1195.0,7810.0,1.18032,383375286300.0,15440751570.0,12973130870.0,,31.01234,IT서비스,25500.0,10900.0,0.1040556878,40160611,060250,200697.0,452256.1,0.44376847542797104,6755681450.25,9.333333333333327,-35.20987654320987,1.7158220751472453,15.30089628681178,4.027581360035101,118.03200000000001,-48.549019607843135,https://finance.naver.com/item/main.naver?code=060250
DI동일,KOSPI,25400.0,526176773400,-54.05,1.01,-469.0,25027.0,1.11321,180226705070.0,3346400680.0,6149202150.0,,8.86094,"섬유,의류,신발,호화품",34953.221,14981.313,0.0474670298,20715621,001530,30941.0,46528.1,0.6649959916695503,1275171376.25,24.20537897310513,11.648351648351651,0.7739838936040802,-1.8739761058057298,1.85677293423317,111.321,-27.331446792843494,https://finance.naver.com/item/main.naver?code=001530
에스티큐브,KOSDAQ,7700.0,523471340700,-24.02,7.26,-321.0,1062.0,0.30703,1502008590.0,-6057902320.0,-5525384660.0,,-17.12923,판매업체,22500.0,6010.0,0.0560126605,67983291,052020,215419.0,130076.2,1.65609850226252,1010429344.25,-12.5,-52.527743526510484,1.65609850226252,-30.225988700564972,-403.3200848738155,30.703000000000003,-65.77777777777779,https://finance.naver.com/item/main.naver?code=052020
한솔테크닉스,KOSPI,9760.0,518449413920,-23.71,1.08,-412.0,9050.0,1.16071,335110968130.0,14233351620.0,10675506830.0,,255.50195,전자장비와기기,16430.0,4229.091,0.046268307,53119817,004710,676909.0,927936.15,0.7294779926399031,7938518112.0,-5.334626576139668,95.19999999999999,1.7772418932056908,-4.552486187845304,4.24735474921204,116.071,-40.596469872185025,https://finance.naver.com/item/main.naver?code=004710
태영건설,KOSPI,1641.0,524222597817,8.58,0.8,191.0,2037.0,5.10139,320064703530.0,37170590680.0,-11465821050.0,,38.14669,건설,2275.0,1510.0,0.0044394368,319453137,009410,134726.0,288139.7,0.4675718063147841,484209421.0,3.0778894472361706,-8.477412158393749,0.7805068166587249,9.37653411880216,11.61346136266974,510.139,-27.868131868131872,https://finance.naver.com/item/main.naver?code=009410
KG모빌리티,KOSPI,2525.0,510996652800,11.08,0.35,232.0,7336.0,1.54015,1233964507110.0,5222308100.0,14897226260.0,,7.07227,자동차,4670.0,2510.0,0.1764130872,202374912,003620,601004.0,456483.65,1.3165948002737884,1213484123.2,-4.536862003780717,-27.753934191702434,1.3165948002737884,3.162486368593239,0.4232138015242333,154.015,-45.93147751605996,https://finance.naver.com/item/main.naver?code=003620
아이쓰리시스템,KOSDAQ,69000.0,504197835000,24.84,3.45,2657.0,19122.0,0.39699,39475966070.0,4759291460.0,3830778130.0,,41.91298,우주항공과국방,137900.0,49250.0,0.0432785952,7307215,214430,38359.0,14555.75,2.6353159404359103,869497700.0,24.77396021699818,-31.88548864758144,2.6353159404359103,13.894990063800858,12.056174766085972,39.699,-49.963741841914434,https://finance.naver.com/item/main.naver?code=214430
위메이드,KOSDAQ,15020.0,509906214660,-27.59,1.26,-551.0,12033.0,1.08178,108274192350.0,-20961901130.0,3457086680.0,,17.25132,게임엔터테인먼트,34850.0,12570.0,0.0664937223,33948483,112040,84444.0,228890.2,0.3689279838105782,3567320614.0,2.385821404226318,-33.83259911894273,0.9059452960415081,-4.579074212582066,-19.360016154394337,108.178,-56.90100430416069,https://finance.naver.com/item/main.naver?code=112040
월덱스,KOSDAQ,30650.0,506061935450,12.59,1.49,2482.0,20992.0,0.22079,75412635610.0,16531239360.0,15049602870.0,,33.4343,반도체와반도체장비,35400.0,20700.0,0.2061912327,16510993,101160,43034.0,44015.95,0.9776910415428953,1314047621.25,12.477064220183486,-3.312302839116721,1.3886329841795986,11.823551829268293,21.92104708485735,22.078999999999997,-13.418079096045199,https://finance.naver.com/item/main.naver?code=101160
삼지전자,KOSDAQ,30550.0,498530847100,6.07,0.94,5030.0,32565.0,1.52143,2690378225730.0,158401255460.0,113401741930.0,,-362.11639,통신장비,64500.0,11360.0,0.0585994859,16318522,037460,67032.0,51215.65,1.3088186911617836,1556766050.0,-7.424242424242422,35.77777777777777,1.3088186911617836,15.446031014893292,5.887694672261921,152.143,-52.63565891472868,https://finance.naver.com/item/main.naver?code=037460
인카금융서비스,KOSDAQ,10010.0,493129206570,6.9,2.33,1480.0,4391.0,3.57111,338806116000.0,32329191000.0,21998071000.0,,8.93574,손해보험,17330.0,8100.0,0.0238607946,49263657,211050,75265.0,73751.9,1.0205160816195922,787519684.0,6.944444444444442,-20.806962025316455,1.507134053495571,33.705306308358004,9.542091914302988,357.111,-42.238892094633584,https://finance.naver.com/item/main.naver?code=211050
엑시콘,KOSDAQ,38000.0,495930286000,53.36,2.52,715.0,15111.0,0.23597,31468619660.0,4134899030.0,7586545460.0,,33.4343,반도체와반도체장비,41700.0,10110.0,0.0502622943,13050797,092870,281318.0,343412.65,0.8191835682232439,10029931753.0,103.75335120643432,24.386252045826517,1.1269852755860914,4.7316524386208725,13.139753426350318,23.597,-8.872901678657074,https://finance.naver.com/item/main.naver?code=092870
금호건설,KOSPI,13270.0,494439854980,7.34,1.89,1765.0,6840.0,4.05512,511651231360.0,16540377110.0,13582221570.0,,38.14669,건설,19380.0,3200.0,0.0,37259974,002990,1893645.0,6750633.15,0.2805136878160828,110924126243.5,160.19607843137257,175.5970924195223,0.4877918747517779,25.804093567251464,3.232744513491089,405.51199999999994,-31.527347781217752,https://finance.naver.com/item/main.naver?code=002990
동국제강,KOSPI,9940.0,493103688980,60.6,0.26,166.0,38029.0,1.26785,995514578460.0,45563446840.0,11645015990.0,,42.88131,철강,17710.0,7760.0,0.2649985788,49608017,460860,105499.0,178544.6,0.590883174288105,1850328470.5,18.333333333333336,8.043478260869573,1.601566219308789,0.4365089799889558,4.576873892744379,126.785,-43.873517786561266,https://finance.naver.com/item/main.naver?code=460860
메디톡스,KOSDAQ,67700.0,494108246900,28.72,1.05,2371.0,64588.0,0.50751,68702321980.0,4764632330.0,3127722620.0,,-65.60732,생물공학,141100.0,65600.0,0.1357772703,7298497,086900,18765.0,31362.5,0.598326026305301,2165879710.0,-8.513513513513516,-41.334488734835354,0.8856755679553607,3.6709605499473588,6.935183837581263,50.751000000000005,-52.0198440822112,https://finance.naver.com/item/main.naver?code=086900
에이프릴바이오,KOSDAQ,17830.0,491373083060,-42.89,4.43,-429.0,4150.0,0.01506,,-2915112840.0,-1985455620.0,,45.13103,제약,76700.0,16450.0,0.094059527,27558782,397030,113331.0,203429.5,0.5571020918794963,3669309146.5,-53.62808842652795,-72.0094191522763,0.9205400396697627,-10.337349397590362,,1.506,-76.7535853976532,https://finance.naver.com/item/main.naver?code=397030
로킷헬스케어,KOSDAQ,28300.0,493701707000,-132.66,39.8,-222.0,740.0,15.09902,8215797440.0,-13452986170.0,-9342591750.0,,-31.45283,건강관리장비와용품,153800.0,17370.0,0.0623710469,17445290,376900,94368.0,131605.85,0.7170501919177604,3671651536.25,-36.40449438202247,-71.41414141414143,1.0942978598595732,-30.0,-163.74534874121727,1509.902,-81.59947984395318,https://finance.naver.com/item/main.naver?code=376900
엠앤씨솔루션,KOSPI,17900.0,491564430000,10.93,2.56,1660.0,7090.0,0.94423,93508776250.0,12509247200.0,9896897460.0,,41.91298,우주항공과국방,76666.667,13010.0,0.0697801666,27461700,484870,88225.0,184390.65,0.4784678615754107,3322719521.5,-17.701149425287355,-86.02654176424669,0.9440934233921298,23.413258110014105,13.377618338792024,94.423,-76.65217401455577,https://finance.naver.com/item/main.naver?code=484870
현대차증권,KOSPI,7910.0,489099378040,7.82,0.34,1009.0,23342.0,7.94166,1042300000000.0,19120000000.0,32724000000.0,,8.00084,증권,14880.0,6560.0,0.0300863888,61833044,001500,48643.0,81845.4,0.5943278424932862,654291761.5,0.3807106598984866,-29.05829596412556,0.5943278424932862,4.322680147373833,1.8344046819533726,794.1659999999999,-46.84139784946236,https://finance.naver.com/item/main.naver?code=001500
애경케미칼,KOSPI,10010.0,486973577090,-160.82,0.66,-61.0,14790.0,1.11819,503302782000.0,42845427000.0,16155636000.0,,-30.98927,화학,19960.0,7000.0,0.0023961992,48648709,161000,119843.0,290810.8,0.41209955063567105,3100103004.25,8.804347826086968,2.9835390946502116,0.6304201907219402,-0.4124408384043272,8.512853203342715,111.819,-49.8496993987976,https://finance.naver.com/item/main.naver?code=161000
동성화인텍,KOSDAQ,16290.0,488528857260,8.8,1.9,1869.0,8649.0,0.74618,224533797660.0,35940409070.0,26571928310.0,,-30.98927,화학,32650.0,14050.0,0.1572379314,29989494,033500,108242.0,77117.5,1.4035984050312835,1317148411.0,0.5555555555555536,-40.97826086956522,1.4035984050312835,21.609434616718694,16.00668115203873,74.618,-50.10719754977029,https://finance.naver.com/item/main.naver?code=033500
신풍제약,KOSPI,9270.0,485919698940,54.36,1.78,172.0,5267.0,0.31819,63887734790.0,-8028496490.0,-7979206790.0,,45.13103,제약,15900.0,6310.0,0.0432936282,52418522,019170,141108.0,862314.5,0.16363867243331753,8849232058.75,15.874999999999995,-15.573770491803273,0.5491244783660718,3.2656161002468194,-12.566569336649353,31.818999999999996,-41.69811320754717,https://finance.naver.com/item/main.naver?code=019170
타이거일렉,KOSDAQ,76900.0,485568901000,90.66,8.21,835.0,9226.0,0.97438,33502698090.0,6884665920.0,4641601940.0,,33.4343,반도체와반도체장비,87900.0,15300.0,0.0543281984,6314290,219130,17496.0,42415.2,0.41249363435749453,2779814917.5,32.586206896551715,132.3262839879154,3.5149899092778063,9.0505094298721,20.549586488543017,97.438,-12.51422070534699,https://finance.naver.com/item/main.naver?code=219130
오킨스전자,KOSDAQ,23050.0,486146512750,54.36,9.2,424.0,2506.0,0.795,35083034140.0,8394249820.0,8810271020.0,,33.4343,반도체와반도체장비,27500.0,7530.0,0.0672047804,21090955,080580,389290.0,348698.45,1.1164087480170903,7180093454.75,68.86446886446886,24.124932687129785,1.7032281043979403,16.919393455706306,23.926806861979127,79.5,-16.181818181818187,https://finance.naver.com/item/main.naver?code=080580
노타,KOSDAQ,22550.0,482399296500,-17.37,13.47,-999.0,1288.0,0.87818,3823408190.0,-6191205310.0,-6195547260.0,,31.01234,IT서비스,65300.0,15130.0,0.0068910358,21392430,486990,2447792.0,95094.85,25.740531690201937,1706250458.5,16.53746770025839,-50.055370985603545,25.740531690201937,-77.56211180124224,-161.92896500543407,87.818,-65.46707503828483,https://finance.naver.com/item/main.naver?code=486990
아주IB투자,KOSDAQ,3950.0,478524353700,57.14,1.8,70.0,2227.0,0.21582,58377531800.0,38141675400.0,30142331300.0,,14.65734,창업투자,19950.0,1913.0,0.0627621158,121145406,027360,3113534.0,3302843.1,0.9426829872723896,12156166998.35,-9.195402298850574,-47.19251336898396,8.227701763974196,3.1432420296362817,65.33622478365898,21.582,-80.20050125313283,https://finance.naver.com/item/main.naver?code=027360
케이씨,KOSPI,43500.0,479393272500,11.3,0.58,3947.0,77202.0,0.22074,250415628920.0,22174308420.0,25460061230.0,,33.4343,반도체와반도체장비,45000.0,23600.0,0.1446703812,11020535,029460,33589.0,36015.95,0.9326145777079322,1424838491.25,50.259067357512954,38.095238095238095,2.7011365797653544,5.112561850729256,8.855001788679893,22.073999999999998,-3.3333333333333326,https://finance.naver.com/item/main.naver?code=029460
서희건설,KOSDAQ,2300.0,477453632800,3.44,0.39,664.0,5846.0,0.47296,200542329430.0,36427105910.0,150188955090.0,,38.14669,건설,4000.0,1623.0,0.0395131068,207588536,035890,308676.0,274354.55,1.12509889119754,639018415.0,17.827868852459016,-31.343283582089555,1.3520351676325397,11.358193636674649,18.164297788669604,47.296,-42.50000000000001,https://finance.naver.com/item/main.naver?code=035890
우리기술투자,KOSDAQ,6020.0,480396000000,4.13,0.59,1420.0,9971.0,0.21217,85401278590.0,75773788100.0,60451358120.0,,14.65734,창업투자,13140.0,3725.0,0.0,79800000,041190,11531454.0,6552444.55,1.7598705203846403,41770835485.25,33.62930077691455,-15.211267605633804,2.135751610442854,14.241299769331059,88.72676071254122,21.217,-54.18569254185692,https://finance.naver.com/item/main.naver?code=041190
젬백스,KOSDAQ,10420.0,473907716540,-38.51,7.84,-275.0,1351.0,1.20665,22705381330.0,997171660.0,-9865224650.0,,33.4343,반도체와반도체장비,61000.0,8980.0,0.0683586384,45480587,082270,88292.0,162869.35,0.5421032256836538,1747902873.25,-8.676599474145485,-72.79373368146213,0.8615064774311434,-20.355292376017765,4.391785566192911,120.665,-82.91803278688525,https://finance.naver.com/item/main.naver?code=082270
아이센스,KOSDAQ,15970.0,472290599610,-85.4,1.4,-187.0,11419.0,0.64609,88674090940.0,6607677160.0,3969941330.0,,-31.45283,건강관리장비와용품,27600.0,14000.0,0.2447434813,29573613,099190,25085.0,38836.45,0.645913825800247,658182947.0,8.713410483321994,-23.95238095238095,1.1462170203507274,-1.6376215080129608,7.451643529642707,64.60900000000001,-42.137681159420296,https://finance.naver.com/item/main.naver?code=099190
바이오노트,KOSPI,4640.0,472751262720,-5.38,0.31,-865.0,15047.0,0.04095,36367636560.0,8457087990.0,9072183450.0,,-31.45283,건강관리장비와용품,6260.0,4050.0,0.0052506404,101886048,377740,44620.0,48371.75,0.9224392336436039,228900189.05,6.300114547537228,-13.594040968342647,1.5358344488260194,-5.7486542167874,23.254433859201544,4.095,-25.87859424920128,https://finance.naver.com/item/main.naver?code=377740
삼천리,KOSPI,130600.0,473657076200,4.03,0.27,32566.0,491062.0,1.19641,1157298325450.0,28065612760.0,32194708110.0,,9.40121,가스유틸리티,161900.0,107600.0,0.1187597142,3626777,004690,2958.0,6426.8,0.46026016057758135,857692935.0,18.835304822565966,-8.222066057624733,1.775844899483413,6.631749147765455,2.42509750017024,119.64099999999999,-19.332921556516368,https://finance.naver.com/item/main.naver?code=004690
마이크로컨텍솔,KOSDAQ,56900.0,472996385400,28.36,5.89,2031.0,9781.0,0.26706,41896605610.0,13904493270.0,11471038720.0,,33.4343,반도체와반도체장비,59200.0,15500.0,0.1685588166,8312766,098120,123684.0,146356.4,0.8450877447108566,7090363452.5,150.1098901098901,105.7866184448463,1.4246387585373788,20.76474798077906,33.18763672511273,26.706000000000003,-3.8851351351351315,https://finance.naver.com/item/main.naver?code=098120
한국기업평가,KOSDAQ,103900.0,471759404600,18.3,3.49,5656.0,29647.0,0.37152,42983101350.0,20867118650.0,16628608770.0,,15.37804,상업서비스와공급품,115000.0,92400.0,0.8082089385,4540514,034950,574.0,794.9,0.722103409233866,82340430.0,4.632426988922456,3.486055776892427,0.9913196628506731,19.07781563058657,48.547261585627766,37.152,-9.652173913043482,https://finance.naver.com/item/main.naver?code=034950
삼양사,KOSPI,45500.0,469261929500,-1.47,0.29,-31276.0,160164.0,1.27212,705531575520.0,43080556720.0,36713288840.0,,32.42418,식품,54000.0,40750.0,0.0516984182,10313449,145990,7668.0,9962.05,0.7697210915424034,468909853.75,6.557377049180335,-3.4994697773064742,7.002775533148299,-19.527484328563222,6.106113208079768,127.21199999999999,-15.740740740740744,https://finance.naver.com/item/main.naver?code=145990
엑스게이트,KOSDAQ,16740.0,477818056080,131.18,10.54,136.0,1692.0,0.40595,12091873230.0,373332340.0,581291010.0,,216.01575,소프트웨어,30550.0,6100.0,0.0076870763,28543492,356680,2542705.0,3938963.4,0.6455264346959914,63574337258.0,1.7629179331307032,139.48497854077254,2.3889102396838724,8.037825059101655,3.0874648857032385,40.595,-45.20458265139117,https://finance.naver.com/item/main.naver?code=356680
하나투어,KOSPI,30550.0,473217422600,14.77,3.1,2062.0,9807.0,2.5637,115435401980.0,5440143060.0,6947813450.0,,14.87228,"호텔,레스토랑,레저",51600.0,28600.0,0.1116031368,15489932,039130,21967.0,33611.5,0.6535560745578151,1098431902.5,-2.083333333333337,-27.863046044864227,2.2807669993900896,21.02579789945957,4.712716347574675,256.37,-40.79457364341085,https://finance.naver.com/item/main.naver?code=039130
와이지-원,KOSDAQ,12670.0,471244533760,17.23,1.1,736.0,11486.0,1.97651,213294648260.0,47746853000.0,30386443870.0,,183.01813,기계,28500.0,4900.0,0.2183870625,37193728,019210,485010.0,473995.5,1.0232375623819214,6427360245.25,-28.174603174603174,1.4411529223378627,1.4741996495747323,6.4078008009750995,22.385396628328888,197.651,-55.54385964912281,https://finance.naver.com/item/main.naver?code=019210
유진로봇,KOSDAQ,12310.0,470678832660,-68.76,16.7,-186.0,766.0,0.53985,8203314920.0,-2954307100.0,-2899773090.0,,183.01813,기계,49450.0,9250.0,0.2111751371,38235486,056080,375861.0,284832.45,1.3195863041588134,3462978183.25,-9.948792977322608,-57.03315881326352,2.3070440183342873,-24.281984334203656,-36.013576570092226,53.98500000000001,-75.1061678463094,https://finance.naver.com/item/main.naver?code=056080
성우하이텍,KOSDAQ,5810.0,464800000000,2.78,0.28,2110.0,21208.0,1.47204,1126339978030.0,65055337050.0,16133391190.0,,9.52744,자동차부품,11990.0,4880.0,0.0629943375,80000000,015750,208412.0,178015.25,1.1707536292536735,1069154846.25,1.043478260869568,-39.479166666666664,1.1707536292536735,9.949075820445115,5.77581709953895,147.204,-51.54295246038365,https://finance.naver.com/item/main.naver?code=015750
현대힘스,KOSDAQ,13120.0,465900003520,21.64,1.84,604.0,7122.0,0.26852,72768240800.0,12183282680.0,8714265380.0,,20.40427,조선,27250.0,10380.0,0.0132929057,35510671,460930,61976.0,144788.85,0.4280440102949916,1956206613.75,13.790112749349515,-26.084507042253524,1.2001338500858318,8.480763830384722,16.74258240416333,26.851999999999997,-51.8532110091743,https://finance.naver.com/item/main.naver?code=460930
에코프로에이치엔,KOSDAQ,21850.0,458302264200,34.71,1.51,631.0,14535.0,0.46928,51527505750.0,5762214320.0,5072378450.0,,15.37804,상업서비스와공급품,46900.0,20000.0,0.0744644607,20974932,383310,99135.0,135562.25,0.7312876556711031,3237229558.75,-22.380106571936054,-29.402261712439415,0.7312876556711031,4.34124527003784,11.182793027003834,46.928,-53.41151385927505,https://finance.naver.com/item/main.naver?code=383310
뉴로메카,KOSDAQ,19800.0,463486795200,-16.0,25.89,-1244.0,769.0,1.48097,2822194670.0,-5266954960.0,-4579129890.0,,183.01813,기계,88302.605,14700.0,0.0477269636,23408424,348340,364505.0,356406.5,1.0227226495588604,6534087553.5,-41.50664697193501,-71.22093023255813,1.3165051703602488,-161.76853055916774,-186.6262103032035,148.09699999999998,-77.57710545458994,https://finance.naver.com/item/main.naver?code=348340
대덕,KOSPI,14520.0,454288662960,138.25,0.8,103.0,17702.0,0.32226,481519040900.0,67413498950.0,58252050800.0,,255.50195,전자장비와기기,24350.0,8350.0,0.1532448615,31287098,008060,103284.0,66385.9,1.5558123035162588,990932841.5,-10.370370370370374,12.38390092879258,1.5558123035162588,0.5818551576093097,14.00017304071682,32.226,-40.369609856262834,https://finance.naver.com/item/main.naver?code=008060
아이에스동서,KOSPI,15390.0,457462640520,-8.36,0.36,-1810.0,41857.0,1.14339,113793757500.0,5098559700.0,6167495380.0,,38.14669,건설,34450.0,14320.0,0.0682438236,29724668,010780,56729.0,84150.6,0.674136607463286,1319382142.5,-26.363636363636367,-52.93577981651376,1.5271073527699148,-4.324246840432902,4.480526710790792,114.33899999999998,-55.326560232220615,https://finance.naver.com/item/main.naver?code=010780
HLB이노베이션,KOSDAQ,14270.0,453123072880,-12.67,2.01,-1155.0,7280.0,0.20642,10589385980.0,-9233286200.0,-8408744730.0,,33.4343,반도체와반도체장비,29100.0,7460.0,0.0,31753544,024850,73775.0,219736.75,0.33574265570051437,3334795311.0,26.17152961980549,246.35922330097085,1.4424305447313661,-15.865384615384615,-87.19378269371573,20.642,-50.96219931271477,https://finance.naver.com/item/main.naver?code=024850
한라캐스트,KOSDAQ,12410.0,452994188320,98.44,4.36,128.0,2892.0,1.23708,49036916050.0,3256343740.0,1972104940.0,,9.52744,자동차부품,25350.0,6060.0,0.0157120012,36502352,125490,3008479.0,1690399.15,1.7797447425361046,19555645781.75,48.80095923261392,-23.958333333333336,5.070757992276558,4.426002766251729,6.640596518508018,123.708,-51.045364891518744,https://finance.naver.com/item/main.naver?code=125490
코세스,KOSDAQ,27050.0,448623222100,33.19,5.92,827.0,4635.0,0.69988,18555106000.0,5730276920.0,6214325490.0,,33.4343,반도체와반도체장비,51400.0,14910.0,0.0214259761,16584962,089890,138448.0,143947.0,0.961798439703502,3691247811.25,-3.046594982078854,-3.392857142857142,1.8753846901984759,17.84250269687163,30.88248011086544,69.988,-47.37354085603113,https://finance.naver.com/item/main.naver?code=089890
스카이랩스,KOSDAQ,24200.0,454039843400,-2.36,16.55,-10684.0,1526.0,0.25444,2817634980.0,-4758595530.0,-4740682760.0,,-59.4544,건강관리기술,39350.0,8200.0,0.0175943079,18761977,386380,,,,,,,,-700.1310615989514,-168.8861603357863,25.444,-38.500635324015256,https://finance.naver.com/item/main.naver?code=386380
고려제강,KOSPI,16860.0,455220000000,47.64,0.25,356.0,67342.0,0.38861,483129826870.0,5338049300.0,26734280270.0,,42.88131,철강,28300.0,15300.0,0.0646646667,27000000,002240,15744.0,24712.0,0.6370993849142117,420737534.5,-1.6909620991253593,-20.845070422535215,9.112536419553253,0.5286448278934395,1.104889204333136,38.861000000000004,-40.42402826855124,https://finance.naver.com/item/main.naver?code=002240
성일하이텍,KOSDAQ,34600.0,447070579000,-5.49,3.37,-6364.0,10382.0,3.0814,76814493290.0,6330532520.0,9298405090.0,,-77.6154,전기제품,85500.0,23800.0,0.0279064926,12921115,365340,26089.0,35720.7,0.7303608271954357,1309089565.0,-10.362694300518138,-41.65261382799326,3.725346927691787,-61.29840107879021,8.24132562601195,308.14,-59.53216374269006,https://finance.naver.com/item/main.naver?code=365340
세아제강지주,KOSPI,107500.0,445228127500,6.83,0.21,15656.0,510476.0,1.44088,1166898744310.0,-50795879560.0,-74622910590.0,,42.88131,철강,260000.0,94200.0,0.0865170631,4141657,003030,12736.0,15622.15,0.8152527020928617,1626067617.5,-3.932082216264521,-37.5,1.6215437695835722,3.066941442888598,-4.353066605623623,144.088,-58.65384615384615,https://finance.naver.com/item/main.naver?code=003030
하이록코리아,KOSDAQ,37700.0,443659028800,8.76,0.96,4211.0,38609.0,0.07898,59250816360.0,16990737920.0,14848728080.0,,183.01813,기계,48100.0,27550.0,0.2975244864,11768144,013030,35414.0,33599.65,1.0539990743951202,1160685427.5,27.150084317032032,6.647807637906644,2.033384276324307,10.906783392473256,28.675955815978227,7.898,-21.62162162162162,https://finance.naver.com/item/main.naver?code=013030
티앤엘,KOSDAQ,27900.0,448356348000,11.82,2.22,2391.0,12698.0,0.12938,56017242490.0,24958923590.0,19948377450.0,,-31.45283,건강관리장비와용품,35800.0,21812.805,0.1306960371,16070120,340570,73905.0,70566.65,1.0473077579848271,2091474160.0,-45.29411764705882,-42.82786885245902,1.1814362733670936,18.82973696645141,44.55578761210101,12.937999999999999,-22.06703910614525,https://finance.naver.com/item/main.naver?code=340570
프로티나,KOSDAQ,39950.0,443650662600,-43.54,15.21,-906.0,2594.0,0.16613,349276450.0,-3955963410.0,-3111949030.0,,-65.60732,생물공학,120100.0,15500.0,0.0271142717,11105148,468530,96386.0,91254.3,1.0562351582336393,3085908900.0,51.90114068441065,-53.49243306169965,1.8547180790384672,-34.926754047802625,-1132.6167023284852,16.613,-66.73605328892589,https://finance.naver.com/item/main.naver?code=468530
빛과전자,KOSDAQ,3930.0,442879155210,-10.82,4.34,-380.0,947.0,0.24435,4329240330.0,-2077767050.0,1035464940.0,,-362.11639,통신장비,8100.0,592.0,0.007835692,112691897,069540,5120284.0,23162187.45,0.22106219505619276,91197817844.9,87.14285714285714,155.02920181700196,3.1691071993288786,-40.12671594508976,-47.99380241382904,24.435000000000002,-51.48148148148148,https://finance.naver.com/item/main.naver?code=069540
일동제약,KOSPI,13990.0,442619145480,15.01,1.81,942.0,7821.0,1.24604,147860721010.0,1980086310.0,5102288430.0,,45.13103,제약,45050.0,11250.0,0.0465394548,31638252,249420,135587.0,531228.15,0.25523308582197685,8387638621.75,-12.780548628428923,-57.2824427480916,0.32490936333099063,12.044495588799386,1.3391564010201764,124.604,-68.94561598224196,https://finance.naver.com/item/main.naver?code=249420
엔켐,KOSDAQ,20300.0,444793178200,-6.4,0.94,-3154.0,21543.0,1.37562,102320994520.0,-11950418670.0,-27757910630.0,,-77.6154,전기제품,105000.0,14020.0,0.0420933893,21910994,348370,105769.0,238919.8,0.44269667059825096,5021935591.25,-15.416666666666668,-63.620071684587806,0.6957648549848109,-14.64048646892262,-11.67934178714822,137.562,-80.66666666666666,https://finance.naver.com/item/main.naver?code=348370
파이버프로,KOSDAQ,13460.0,442217868500,46.95,9.57,285.0,1398.0,0.43538,13339235270.0,2698929120.0,2361164790.0,,255.50195,전자장비와기기,29950.0,5280.0,0.0281319069,32854225,368770,196073.0,154036.5,1.2728996049637586,1945632307.25,1.2030075187969835,-23.08571428571429,2.390186741454136,20.386266094420602,20.23301235318867,43.538,-55.058430717863104,https://finance.naver.com/item/main.naver?code=368770
원텍,KOSDAQ,4920.0,439260778320,12.51,2.81,393.0,1749.0,0.61117,47493484530.0,11088331790.0,15446428880.0,,-31.45283,건강관리장비와용품,10480.0,4130.0,0.0318344807,89280646,336570,291026.0,386818.1,0.7523587960335879,1911436740.05,-7.518796992481203,-29.208633093525183,1.1560472480475965,22.46998284734134,23.34705886445515,61.117,-53.05343511450382,https://finance.naver.com/item/main.naver?code=336570
DB증권,KOSPI,10250.0,435075487250,5.08,0.38,2029.0,27483.0,10.06084,1266119918000.0,47540149000.0,40408052000.0,,8.00084,증권,19350.0,7550.0,0.0896408879,42446389,016610,23314.0,61558.5,0.3787291763119634,617259278.0,15.558060879368663,-26.628489620615603,1.2737152464728674,7.382745697340173,3.7547903894518777,1006.0840000000001,-47.02842377260982,https://finance.naver.com/item/main.naver?code=016610
조광피혁,KOSPI,66200.0,440172935600,21.0,0.42,3248.0,162644.0,0.15358,21301429930.0,-1445886840.0,587452110.0,,8.86094,"섬유,의류,신발,호화품",84300.0,57600.0,0.0061101153,6649138,004700,363.0,670.6,0.5413062928720549,43892462.5,11.44781144781144,-6.760563380281692,1.1049806143751864,1.9969995819089548,-6.787745445969692,15.357999999999999,-21.470937129300115,https://finance.naver.com/item/main.naver?code=004700
아세아,KOSPI,213000.0,438535476000,11.56,0.3,18725.0,722172.0,0.61333,508745051000.0,36403767000.0,25661370000.0,,7.31423,건축자재,402000.0,157800.0,0.0523422762,2058852,002030,1491.0,2659.85,0.5605579261988458,553980087.5,28.004807692307686,-25.913043478260867,0.5605579261988458,2.5928726120647156,7.155601205052312,61.333000000000006,-47.01492537313433,https://finance.naver.com/item/main.naver?code=002030
명신산업,KOSPI,8340.0,437600909220,6.68,0.6,1302.0,14406.0,0.91115,497054350040.0,44136149520.0,30217492180.0,,9.52744,자동차부품,14940.0,5390.0,0.056971973,52470133,009900,336397.0,295342.2,1.1390075647841724,2501214489.0,20.69464544138928,-20.872865275142317,5.117213185247485,9.037900874635568,8.87954194877244,91.115,-44.17670682730924,https://finance.naver.com/item/main.naver?code=009900
NICE,KOSPI,11910.0,437777739870,11.15,0.55,1079.0,21761.0,1.70692,802368727420.0,74856224570.0,-14552091320.0,,31.01234,IT서비스,15430.0,10660.0,0.0888647074,36757157,034310,31007.0,41206.45,0.7524792841897325,522768095.0,10.175763182238672,-17.862068965517242,6.511723286038958,4.9584118376912825,9.329404550785354,170.692,-22.81270252754375,https://finance.naver.com/item/main.naver?code=034310
한양디지텍,KOSDAQ,28700.0,437513763400,27.51,2.42,1025.0,11658.0,0.86445,258011869430.0,15383354250.0,11142168570.0,,33.4343,반도체와반도체장비,44300.0,13720.0,0.0487821678,15244382,078350,597525.0,360907.3,1.655619046774615,8186664868.5,36.66666666666667,13.888888888888884,6.645243806373548,8.792245668210672,5.962266109689029,86.44500000000001,-35.214446952595935,https://finance.naver.com/item/main.naver?code=078350
흥아해운,KOSPI,1798.0,432283968402,14.09,1.69,127.0,1062.0,0.70802,49963892320.0,3141141300.0,2171035810.0,,10.19046,해운사,4795.0,1524.0,0.0244776811,240424899,003280,2459525.0,11061894.7,0.22234210925909467,20988736600.4,10.98765432098765,-46.88330871491876,0.3900851632586957,11.958568738229754,6.2868226516104215,70.80199999999999,-62.502606882168934,https://finance.naver.com/item/main.naver?code=003280
원익머트리얼즈,KOSDAQ,34700.0,437497600000,9.1,0.84,3863.0,41679.0,0.22896,92296563340.0,14582865140.0,13190022950.0,,-30.98927,화학,56100.0,25500.0,0.1650080901,12608000,104830,48266.0,41812.1,1.1543548398669286,1348853056.25,-7.835325365205847,-19.582850521436846,1.84941679561658,9.268456536865088,15.800008811032292,22.896,-38.146167557932266,https://finance.naver.com/item/main.naver?code=104830
디케이티,KOSDAQ,21450.0,429026383500,18.72,2.14,1159.0,10140.0,0.75265,147976022850.0,10049203340.0,10492094370.0,,104.30752,핸드셋,34950.0,6660.0,0.0521517427,20001230,290550,291053.0,414335.75,0.7024568843021631,7075036820.25,14.035087719298245,19.166666666666664,2.116138904258201,11.429980276134122,6.7911024681252945,75.265,-38.62660944206009,https://finance.naver.com/item/main.naver?code=290550
한섬,KOSPI,19960.0,428680800240,8.62,0.28,2153.0,66913.0,0.18125,363202589000.0,4606386000.0,3300630000.0,,8.86094,"섬유,의류,신발,호화품",28750.0,14180.0,0.2243180307,21476994,020000,353276.0,119805.2,2.948753476476814,1988180380.5,0.6048387096774244,-19.999999999999996,5.484928867862163,3.217610927622435,1.2682690430931922,18.125,-30.573913043478264,https://finance.naver.com/item/main.naver?code=020000
한전산업,KOSPI,13040.0,425104000000,103.12,4.07,125.0,3167.0,1.17041,124664357570.0,15923944470.0,11783967530.0,,3.12241,전기유틸리티,27800.0,8810.0,0.0230841718,32600000,130660,726879.0,1139292.9,0.6380088913044223,15330781714.75,19.523373052245653,-36.390243902439025,0.6380088913044223,3.9469529523208084,12.77345408133883,117.041,-53.093525179856115,https://finance.naver.com/item/main.naver?code=130660
페니트리움바이오,KOSDAQ,6630.0,424096257390,-20.58,16.75,-311.0,382.0,0.48833,2115649290.0,-1858687390.0,-1510311800.0,,45.13103,제약,20884.542,2234.16,0.0077866215,63966253,187660,1188209.0,2906169.7,0.4088574043009257,19168272289.35,26.52671755725191,-60.227954409118176,0.6822860344321944,-81.41361256544502,-87.85422984732976,48.833,-68.25403209704096,https://finance.naver.com/item/main.naver?code=187660
천보,KOSDAQ,34450.0,422116711250,-6.18,0.98,-5752.0,36443.0,0.88198,51002936720.0,-3812961740.0,-2807709910.0,,-77.6154,전기제품,80600.0,25900.0,0.0428907964,12253025,278280,65001.0,33600.95,1.934498875775834,1321922482.5,-8.86243386243386,-27.549947423764454,1.934498875775834,-15.78355239689378,-7.475965082035771,88.198,-57.258064516129025,https://finance.naver.com/item/main.naver?code=278280
메카로,KOSDAQ,40650.0,414330816000,31.3,1.94,1278.0,20599.0,0.08695,25345823740.0,4485384720.0,4691396000.0,,33.4343,반도체와반도체장비,48000.0,17200.0,0.0334388343,10192640,241770,22820.0,15078.1,1.513453286554672,602187417.5,-4.127358490566035,36.63865546218488,1.7163303068689026,6.204184669158697,17.696740757023825,8.695,-15.312499999999996,https://finance.naver.com/item/main.naver?code=241770
글로벌텍스프리,KOSDAQ,5850.0,411157480500,11.59,2.93,504.0,1993.0,0.24304,46904130950.0,9038744530.0,11935460190.0,,29.49478,기타금융,7230.0,3955.0,0.1987592648,70283330,204620,706909.0,932925.15,0.7577338867968132,5297084321.5,27.450980392156854,33.40935005701253,0.9717371216758386,25.288509784244855,19.270679036000775,24.304000000000002,-19.08713692946058,https://finance.naver.com/item/main.naver?code=204620
일진하이솔루스,KOSPI,11240.0,408160255600,-202.73,1.29,-55.0,8677.0,0.08217,25881611990.0,-646390460.0,966208040.0,,9.52744,자동차부품,21200.0,8000.0,0.033872155,36313190,271940,42530.0,53508.05,0.7948336745592485,607785717.0,18.565400843881854,-31.961259079903147,1.0342555933172672,-0.633859628903999,-2.4974891836325686,8.217,-46.9811320754717,https://finance.naver.com/item/main.naver?code=271940
유진투자증권,KOSPI,4180.0,404901627240,5.94,0.34,703.0,12331.0,11.37046,1501779433860.0,87588776890.0,67516856640.0,,8.00084,증권,6920.0,3325.0,0.114970949,96866418,001200,350289.0,423330.8,0.8274592824335012,1823032780.25,3.3374536464771287,-14.693877551020407,1.0663977201753334,5.701078582434515,5.832332958833505,1137.046,-39.59537572254336,https://finance.naver.com/item/main.naver?code=001200
유니드,KOSPI,60000.0,406056000000,6.13,0.37,9830.0,162961.0,0.42625,399849385220.0,24243282160.0,43059042210.0,,-30.98927,화학,101600.0,55800.0,0.1204079733,6767600,014830,8255.0,12353.05,0.6682560177446056,787921550.0,-3.3816425120772986,-26.470588235294112,0.6897082097133906,6.032118114150011,6.0631035225079,42.625,-40.944881889763785,https://finance.naver.com/item/main.naver?code=014830
PS일렉트로닉스,KOSDAQ,8880.0,407952554640,19.29,3.4,482.0,2734.0,1.41643,74419754160.0,4170900910.0,5997877750.0,,104.30752,핸드셋,14990.0,4065.0,0.0049607098,45940603,332570,2714315.0,2926487.95,0.927499120575569,24151967133.5,64.74953617810762,70.76923076923076,2.149295711263735,17.62984637893197,5.604561526812762,141.643,-40.760507004669776,https://finance.naver.com/item/main.naver?code=332570
쏘카,KOSPI,10770.0,408613175340,-19.39,2.16,-560.0,5020.0,2.09698,120992525210.0,6811456130.0,6464833190.0,,13.80868,도로와철도운송,21000.0,9000.0,0.0027853495,37939942,403550,12342.0,15156.4,0.8143094666279591,166483611.5,-3.408071748878927,-1.1019283746556474,1.4743606661212425,-11.155378486055776,5.6296503591256855,209.69799999999998,-48.71428571428571,https://finance.naver.com/item/main.naver?code=403550
한컴,KOSDAQ,16530.0,399691168320,11.68,1.09,1427.0,15357.0,0.45194,119951671880.0,14337143760.0,24144238030.0,,216.01575,소프트웨어,27800.0,14800.0,0.0468473529,24179744,030520,105882.0,127470.15,0.8306415266633013,2230189247.25,-0.12084592145015227,-20.719424460431657,1.1070121122474557,9.29217946213453,11.952433455319339,45.194,-40.53956834532374,https://finance.naver.com/item/main.naver?code=030520
세아제강,KOSPI,142500.0,404172750000,13.55,0.36,10714.0,400720.0,0.81422,495160536290.0,34934804580.0,32517667270.0,,42.88131,철강,189000.0,112000.0,0.0480686105,2836300,306200,4919.0,8859.55,0.555220073254285,1282750485.0,19.147157190635443,2.6657060518731956,1.6032416996348575,2.673687362747055,7.055248150781504,81.42200000000001,-24.603174603174605,https://finance.naver.com/item/main.naver?code=306200
디어유,KOSDAQ,16700.0,396431380200,21.91,1.95,785.0,8842.0,0.26447,23352262000.0,9405775550.0,4532356890.0,,18.54451,양방향미디어와서비스,46300.0,16680.0,0.030432414,23738406,376300,47571.0,57828.85,0.8226170847250118,1048482779.5,-14.490527393753204,-54.92577597840756,1.0321837629487705,8.878081881927166,40.27779214707338,26.447,-63.93088552915766,https://finance.naver.com/item/main.naver?code=376300
브이티,KOSDAQ,11370.0,397288698060,6.59,1.63,1728.0,6998.0,0.36806,131668235840.0,10678686240.0,3222848790.0,,44.06295,화장품,31450.0,10290.0,0.0597426787,34941838,018290,118279.0,185545.35,0.6374667972007921,2293144410.5,6.063432835820892,-24.098798397863817,0.7378357905493185,24.692769362675048,8.110297955975105,36.806,-63.847376788553255,https://finance.naver.com/item/main.naver?code=018290
삼영무역,KOSPI,21300.0,393345992400,6.39,0.62,3325.0,34228.0,0.15574,123412537990.0,9033245960.0,23070316130.0,,-30.98927,화학,24550.0,14510.0,0.203437731,18466948,002810,5442.0,14678.15,0.37075517009977416,322212158.75,12.579281183932345,6.499999999999995,2.4612093485895703,9.714269019516186,7.319552864824767,15.573999999999998,-13.238289205702646,https://finance.naver.com/item/main.naver?code=002810
신대양제지,KOSPI,9790.0,394515657800,12.6,0.48,770.0,20359.0,0.29568,174536333480.0,14766524150.0,14530743950.0,,17.42997,포장재,18150.0,8200.0,0.0190653738,40297820,016590,10930.0,8253.25,1.3243267803592524,83735085.0,13.441483198145999,-23.99068322981367,1.3243267803592524,3.7821111056535193,8.46042990337716,29.568,-46.060606060606055,https://finance.naver.com/item/main.naver?code=016590
국일제지,KOSDAQ,3410.0,384445401670,-171.75,3.24,-20.0,1060.0,0.09826,15252420660.0,-199968620.0,-208086610.0,,-5.79675,종이와목재,5970.0,2610.0,0.0,112740587,078130,66856.0,56553.85,1.1821653167733055,197166826.35,-12.339331619537274,968.9655172413793,2.7828874603585785,-1.8867924528301887,-1.3110615321830494,9.826,-42.88107202680067,https://finance.naver.com/item/main.naver?code=078130
자이에스앤디,KOSPI,10050.0,389764326000,10.94,0.83,895.0,11817.0,0.79968,303336739840.0,9035841110.0,9852411010.0,,38.14669,건설,11920.0,3050.0,0.0555467257,38782520,317400,749807.0,1182077.65,0.6343128135448632,12569388903.25,199.10714285714283,131.0344827586207,0.9005685878588433,7.573834306507574,2.978815264766841,79.96799999999999,-15.687919463087251,https://finance.naver.com/item/main.naver?code=317400
INVENI,KOSPI,14510.0,395397500000,3.6,0.5,4003.0,29078.0,1.02636,193743999000.0,11239000000.0,8851765000.0,,9.40121,가스유틸리티,18190.0,11840.0,0.0495555229,27250000,015360,5218.0,14608.7,0.35718441750463764,209329760.5,5.8351568198395265,-81.08213820078227,1.8284310034431537,13.766421349473829,5.800953865931094,102.636,-20.230896096756457,https://finance.naver.com/item/main.naver?code=015360
마키나락스,KOSDAQ,22300.0,395930612800,-19.72,21.3,-1052.0,974.0,0.11983,3992151500.0,-1802194750.0,-1546819520.0,,216.01575,소프트웨어,83600.0,13420.0,0.0,17754736,477850,705604.0,625021.25,1.128928016447441,14831915260.0,21.19565217391304,-62.83333333333334,1.128928016447441,-108.00821355236138,-45.143445833656365,11.983,-73.32535885167464,https://finance.naver.com/item/main.naver?code=477850
위메이드맥스,KOSDAQ,4625.0,387590197750,-11.75,0.9,-428.0,5563.0,0.24586,33703193750.0,-15429327600.0,-14377202490.0,,17.25132,게임엔터테인먼트,8160.0,2600.0,0.0923163204,83803286,101730,352832.0,590456.75,0.5975577381408546,2833293808.4,73.54596622889306,-12.239089184060726,2.150337006055058,-7.6936904547905804,-45.78001632263708,24.586,-43.32107843137255,https://finance.naver.com/item/main.naver?code=101730
코스모화학,KOSPI,10150.0,389843514200,-13.01,1.8,-791.0,5730.0,1.07269,206139203620.0,7636150170.0,1549079930.0,,-30.98927,화학,21650.0,7160.0,0.0474256714,38408228,005420,75212.0,92239.55,0.8153986007086982,990003623.75,3.0456852791878264,-30.144528561596694,0.8153986007086982,-13.804537521815007,3.7043658051947217,107.26899999999999,-53.117782909930725,https://finance.naver.com/item/main.naver?code=005420
부광약품,KOSPI,3970.0,391698743870,26.45,1.16,152.0,3452.0,0.39671,56987922650.0,1409953890.0,1388990360.0,,45.13103,제약,9890.0,3460.0,0.0715281055,98664671,003000,178264.0,574373.55,0.3103624810021283,2453906004.45,3.520208604954367,-34.59637561779242,0.433818723024415,4.40324449594438,2.4741275421802027,39.671,-59.85844287158746,https://finance.naver.com/item/main.naver?code=003000
엠케이전자,KOSDAQ,15810.0,388357756980,233.81,0.84,63.0,17572.0,1.52081,488955111700.0,25237604030.0,33224848160.0,,33.4343,반도체와반도체장비,37000.0,7830.0,0.1418803847,24564058,033160,2186802.0,707616.9,3.0903755973041345,9808618778.25,-25.248226950354614,14.981818181818184,3.0903755973041345,0.35852492601866603,5.161538027949816,152.081,-57.270270270270274,https://finance.naver.com/item/main.naver?code=033160
앱클론,KOSDAQ,19440.0,387869387760,-19.94,6.59,-976.0,2954.0,0.21537,1684169880.0,-6254858540.0,-6058717130.0,,-65.60732,생물공학,95800.0,14550.0,0.0773668314,19952129,174900,133366.0,141837.25,0.9402748572747991,3327226232.5,-23.00990099009901,-76.57831325301206,0.9402748572747991,-33.03994583615437,-371.3911888746045,21.537,-79.70772442588728,https://finance.naver.com/item/main.naver?code=174900
켐트로닉스,KOSDAQ,23050.0,386549122350,34.71,1.65,667.0,14012.0,2.13358,175294692610.0,10020719400.0,5693083360.0,,255.50195,전자장비와기기,48900.0,16250.0,0.0735330957,16770027,089010,90333.0,60566.7,1.4914631307302528,1364592011.25,-1.9148936170212738,-21.864406779661017,1.4914631307302528,4.760205538110191,5.716499028464225,213.35799999999998,-52.86298568507157,https://finance.naver.com/item/main.naver?code=089010
제이에스코퍼레이션,KOSPI,12940.0,375476848520,4.74,0.7,2692.0,18174.0,2.26251,453516257270.0,56475627040.0,28353430820.0,,8.86094,"섬유,의류,신발,호화품",16090.0,9500.0,0.031587402,29016758,194370,29843.0,55801.1,0.5348102456761605,728910823.75,14.513274336283178,7.207953603976791,0.9609129569130358,14.812369318807086,12.452834079193185,226.25099999999998,-19.577377252952143,https://finance.naver.com/item/main.naver?code=194370
네오위즈,KOSDAQ,17800.0,385128970200,7.02,0.66,2522.0,26889.0,0.16354,102073078790.0,7942472240.0,18405602210.0,,17.25132,게임엔터테인먼트,31550.0,16100.0,0.2104995092,21636459,095660,35999.0,39532.0,0.9106293635535768,706862834.75,8.868501529051986,-33.9517625231911,1.371167661641202,9.379300085536837,7.7811626083508685,16.354,-43.581616481774965,https://finance.naver.com/item/main.naver?code=095660
한솔아이원스,KOSDAQ,13510.0,380214280740,13.48,1.82,1029.0,7607.0,0.21287,53737600590.0,6560670110.0,5164961520.0,,33.4343,반도체와반도체장비,19900.0,7050.0,0.0550279794,28143174,114810,105857.0,193377.65,0.5474107271445279,2537970448.5,4.566563467492268,-10.292164674634796,1.7889864728421305,13.527014591823322,12.208714267046883,21.287,-32.1105527638191,https://finance.naver.com/item/main.naver?code=114810
신도리코,KOSPI,39150.0,380370790350,16.55,0.31,2330.0,124856.0,0.06689,71264703500.0,-8790840250.0,-2157716070.0,,18.66286,사무용전자제품,73200.0,37000.0,0.1117923318,9715729,029530,3145.0,4120.65,0.7632291022047493,164221432.5,0.12787723785165905,-28.558394160583944,1.136228507638358,1.8661498045748701,-12.335475794128575,6.689,-46.51639344262295,https://finance.naver.com/item/main.naver?code=029530
아세아시멘트,KOSPI,10510.0,378131638720,22.74,0.35,463.0,30144.0,0.93557,277710635000.0,23561341000.0,12754116000.0,,7.31423,건축자재,14170.0,8310.0,0.043585056,35978272,183190,14012.0,52897.85,0.26488789241906807,569673895.25,21.362586605080836,-11.754827875734675,0.6363396621979911,1.5359607218683653,8.48413349384333,93.557,-25.82921665490473,https://finance.naver.com/item/main.naver?code=183190
네오팜,KOSDAQ,23400.0,375054942600,13.24,1.89,1779.0,12490.0,0.12539,43571648900.0,9789095200.0,8405205330.0,,44.06295,화장품,26000.0,15590.0,0.2676300814,16027989,092730,53367.0,67146.2,0.7947880892738532,1554080470.0,38.95486935866983,32.27812323346524,1.2216774739300214,14.243394715772617,22.466662261202604,12.539,-9.999999999999998,https://finance.naver.com/item/main.naver?code=092730
네오사피엔스,KOSDAQ,29800.0,364032181000,-26.06,-8.7,-1316.0,-3943.0,0.64052,2799991910.0,-2648375180.0,-2621763500.0,,216.01575,소프트웨어,40500.0,25000.0,0.0,12215845,0161M0,,,,,,,,33.37560233324879,-94.58510114052436,64.05199999999999,-26.41975308641975,https://finance.naver.com/item/main.naver?code=0161M0
KCC글라스,KOSPI,23500.0,375307032000,-4.54,0.28,-5246.0,86505.0,0.78101,577146098540.0,4810796100.0,-11814926190.0,,7.31423,건축자재,31450.0,21000.0,0.0483240612,15970512,344820,14989.0,11484.95,1.3050992821039709,281811422.5,10.588235294117654,-8.737864077669899,1.6650486070901482,-6.064389341656551,0.8335490982560251,78.101,-25.27821939586645,https://finance.naver.com/item/main.naver?code=344820
메가스터디교육,KOSDAQ,36200.0,375220819200,4.48,0.75,8072.0,48011.0,0.81182,204742632020.0,28412084840.0,21415876120.0,,10.54071,교육서비스,50800.0,33650.0,0.2610819688,10365216,215200,29525.0,30051.3,0.9824866145557763,1058459696.25,-3.9787798408488118,-16.30057803468208,1.132230552422025,16.812813730186832,13.876975478768195,81.182,-28.740157480314966,https://finance.naver.com/item/main.naver?code=215200
엘티씨,KOSDAQ,35400.0,373970060400,69.26,2.77,501.0,12514.0,0.55374,140878399400.0,23201268460.0,21567320600.0,,33.4343,반도체와반도체장비,60700.0,15300.0,0.040672934,10564126,170920,180104.0,200497.8,0.8982841706991299,6858468347.5,-13.55311355311355,28.493647912885667,1.1970904418901356,4.003516062010548,16.469003451781123,55.374,-41.680395387149915,https://finance.naver.com/item/main.naver?code=170920
코스모로보틱스,KOSDAQ,11510.0,373506705260,-12.8,22.04,-902.0,524.0,0.14521,1243441650.0,-3317212760.0,-7220870940.0,,183.01813,기계,68500.0,10000.0,0.0,32450626,439960,544904.0,785918.05,0.6933343750025845,9846732201.5,-21.753908905506457,-52.04166666666667,0.7942189392392756,-172.13740458015266,-266.776712843743,14.521,-83.1970802919708,https://finance.naver.com/item/main.naver?code=439960
보성파워텍,KOSDAQ,7620.0,374369258880,17.86,3.29,415.0,2253.0,0.14493,24391145190.0,4726421090.0,4161270850.0,,56.61715,전기장비,18200.0,4450.0,0.0368790045,49129824,006910,1334452.0,1346178.65,0.9912889347933129,9988219587.0,15.454545454545453,-39.81042654028436,1.5403928743038675,18.41988459831336,19.377610412231736,14.493,-58.131868131868124,https://finance.naver.com/item/main.naver?code=006910
넥스틸,KOSPI,14130.0,367408260000,10.06,0.78,1386.0,17845.0,0.79293,167465318820.0,5492244230.0,449133500.0,,42.88131,철강,23000.0,9030.0,0.0135474963,26002000,092790,1088356.0,1122485.15,0.9695950097869892,16070086848.25,13.676588897827834,18.143812709030094,0.9695950097869892,7.7668814794059955,3.279630832640241,79.293,-38.56521739130435,https://finance.naver.com/item/main.naver?code=092790
제주항공,KOSPI,4625.0,372964555625,-2.9,1.27,-1490.0,3415.0,10.09029,461809076650.0,-44963476490.0,-43455647420.0,,136.91619,항공사,6790.0,3985.0,0.0255102539,80640985,089590,459979.0,229974.4,2.000131318964198,1062439873.4,1.8722466960352513,-11.057692307692314,3.2780126831508203,-43.63103953147877,-9.73637781573473,1009.029,-31.885125184094253,https://finance.naver.com/item/main.naver?code=089590
토모큐브,KOSDAQ,27500.0,370594785000,-75.62,9.48,-365.0,2912.0,0.09527,4963787180.0,-586621980.0,-202919240.0,,-34.55045,생명과학도구및서비스,67800.0,26000.0,0.0183863016,13476174,475960,14562.0,25360.2,0.574206828021861,723102318.75,-14.196567862714504,-48.405253283302066,1.2560626493481912,-12.534340659340659,-11.818032456419697,9.527,-59.43952802359882,https://finance.naver.com/item/main.naver?code=475960
신세계인터내셔날,KOSPI,10490.0,367003140000,85.28,0.43,123.0,24118.0,0.57306,291576304400.0,6964738250.0,6808584570.0,,8.86094,"섬유,의류,신발,호화품",17130.0,9550.0,0.065018293,34986000,031430,24204.0,58002.85,0.4172898400682036,609233677.75,-14.086814086814092,-17.725490196078432,1.5303558359632328,0.509992536694585,2.388650293216351,57.306000000000004,-38.76240513718622,https://finance.naver.com/item/main.naver?code=031430
서울바이오시스,KOSDAQ,8000.0,366947064000,-24.69,4.89,-341.0,1721.0,2.80288,214143532510.0,10195901750.0,8161538060.0,,15.86239,디스플레이장비및부품,19270.0,2135.0,0.0245315384,45868383,092190,255245.0,175621.45,1.4533816911316926,1476072257.5,17.47430249632893,100.25031289111391,2.4266853507928556,-19.814061592097616,4.761246641676594,280.288,-58.48469122989102,https://finance.naver.com/item/main.naver?code=092190
LS증권,KOSDAQ,6580.0,365066230200,17.76,0.46,370.0,14185.0,14.66132,2299403169950.0,58075048890.0,43573079880.0,,8.00084,증권,9190.0,4660.0,0.0244133733,55481190,078020,59677.0,48457.5,1.231532786462364,321208450.75,12.478632478632479,-17.02395964691047,1.3038435742661094,2.608389143461403,2.5256575118691704,1466.132,-28.40043525571273,https://finance.naver.com/item/main.naver?code=078020
현대퓨처넷,KOSPI,3360.0,366915494400,48.77,0.5,69.0,6666.0,0.05719,71566798000.0,6601167000.0,8919362000.0,,44.06295,화장품,3750.0,2770.0,0.0068922787,109201040,126560,37690.0,79992.2,0.47117093916656877,267129864.6,14.091680814940588,3.5439137134052334,0.9905340770725146,1.035103510351035,9.223784191099343,5.718999999999999,-10.399999999999999,https://finance.naver.com/item/main.naver?code=126560
제주은행,KOSPI,9620.0,363622118340,42.79,0.56,226.0,17124.0,12.85435,98100000000.0,4998000000.0,4763000000.0,,9.52841,은행,18840.0,8000.0,0.0073478996,37798557,006220,66521.0,465718.15,0.14283531788486234,4728074924.75,-2.2357723577235755,-29.056047197640122,0.6277616622843666,1.3197850969399672,5.09480122324159,1285.435,-48.938428874734605,https://finance.naver.com/item/main.naver?code=006220
유니슨,KOSDAQ,1234.0,360219503018,-10.96,2.87,-113.0,431.0,1.71334,5763640730.0,-4942929730.0,-10262047820.0,,-39.76501,에너지장비및서비스,1794.0,681.0,0.0187624372,291912077,018000,1453377.0,3341156.95,0.43499213648134666,4027066725.25,33.26133909287257,-0.5640612409347323,0.5282457622950038,-26.218097447795824,-85.76054548771293,171.334,-31.215161649944257,https://finance.naver.com/item/main.naver?code=018000
저스템,KOSDAQ,16040.0,366824871240,91.72,5.97,163.0,2503.0,0.65303,29324457320.0,9275628920.0,6789924500.0,,33.4343,반도체와반도체장비,22250.0,3009.455,0.0538070969,22869381,417840,1406619.0,850891.4,1.6531122538081828,12443169273.75,19.345238095238095,144.51219512195124,1.6531122538081828,6.512185377546944,31.631033504834182,65.303,-27.910112359550567,https://finance.naver.com/item/main.naver?code=417840
카페24,KOSDAQ,15080.0,364606788520,9.42,1.38,1615.0,10998.0,0.56917,83427216580.0,8233172650.0,8832864770.0,,31.01234,IT서비스,43950.0,14870.0,0.183797003,24178169,042000,60738.0,46375.65,1.3096959287902163,737859083.25,-9.26594464500602,-47.27272727272728,1.588527600152235,14.684488088743407,9.868689125095106,56.916999999999994,-65.68828213879408,https://finance.naver.com/item/main.naver?code=042000
아모텍,KOSDAQ,19370.0,361847096000,34.92,1.77,484.0,9535.0,1.28965,62299515040.0,-575237190.0,-2409255440.0,,104.30752,핸드셋,32339.232,7351.042,0.0693683889,18680800,052710,2836243.0,884230.9,3.2075818657773665,13177278060.75,-5.512195121951224,49.922600619195045,3.2075818657773665,5.0760356581017305,-0.9233413608928792,128.965,-40.10371056430777,https://finance.naver.com/item/main.naver?code=052710
에이스침대,KOSDAQ,32600.0,361534000000,6.16,0.46,5302.0,70896.0,0.09387,84791570730.0,16622531820.0,22394602760.0,,28.02909,가구,39850.0,26400.0,0.0179146078,11090000,003800,1700.0,1692.1,1.0046687548017257,55264296.25,6.1889250814332275,-4.956268221574344,1.0046687548017257,7.478560144436922,19.603990911939555,9.386999999999999,-18.193224592220826,https://finance.naver.com/item/main.naver?code=003800
율촌화학,KOSPI,14620.0,362576000000,89.82,1.28,168.0,11783.0,1.40649,156111443010.0,9539955220.0,5789586580.0,,17.42997,포장재,39200.0,11150.0,0.0564494355,24800000,008730,54672.0,56639.6,0.9652610541034895,892979091.5,4.205274411974336,-41.40280561122245,4.46110142020777,1.425782907578715,6.110990351545787,140.649,-62.704081632653065,https://finance.naver.com/item/main.naver?code=008730
슈프리마,KOSDAQ,51800.0,361269309800,10.98,1.32,4662.0,38917.0,0.09494,40339162620.0,10159018420.0,18868062160.0,,255.50195,전자장비와기기,65000.0,30200.0,0.30130833,6974311,236200,29818.0,22539.05,1.322948394009508,1179907132.5,31.139240506329124,2.1696252465483346,1.4511703022088331,11.979340648045842,25.1840091865546,9.494,-20.307692307692303,https://finance.naver.com/item/main.naver?code=236200
BGF,KOSPI,3715.0,355587878565,6.0,0.2,618.0,18674.0,0.21301,123573334570.0,13646457780.0,14491484250.0,,-30.98927,화학,5420.0,3605.0,0.0541063793,95716791,027410,39941.0,48801.8,0.8184329266543446,186921645.2,1.5027322404371546,-14.203233256351044,1.1179095853021814,3.3094141587233588,11.043205904806069,21.301000000000002,-31.45756457564576,https://finance.naver.com/item/main.naver?code=027410
파인엠텍,KOSDAQ,8340.0,352719658500,-21.56,1.92,-397.0,4459.0,1.13955,95213286430.0,7330620600.0,-4850414920.0,,104.30752,핸드셋,12420.0,5340.0,0.0238482805,42292525,441270,435543.0,1606120.15,0.271177097180432,14230746009.25,47.872340425531924,-20.947867298578203,1.0115245736752634,-8.903341556402781,7.699157202592109,113.95500000000001,-32.850241545893724,https://finance.naver.com/item/main.naver?code=441270
에이디테크놀로지,KOSDAQ,26400.0,355396984800,94.6,2.52,278.0,10456.0,1.33294,45945836760.0,-1173866600.0,-6540691260.0,,33.4343,반도체와반도체장비,62000.0,20750.0,0.0214878807,13462007,200710,133186.0,75107.95,1.7732610196390663,1846079765.0,-2.2222222222222254,-45.28497409326425,1.7732610196390663,2.65876052027544,-2.5548922008575907,133.294,-57.41935483870968,https://finance.naver.com/item/main.naver?code=200710
프레스티지바이오파마,KOSPI,5890.0,353966352950,,,,,0.38182,509200000.0,-26351567000.0,-29376796000.0,,45.13103,제약,15110.0,4945.0,0.6352291091,60096155,950210,23746.0,37838.7,0.6275585577728622,237019925.25,-0.33840947546531774,-40.56508577194753,0.9735006752346144,,-5175.091712490181,38.182,-61.01919258769028,https://finance.naver.com/item/main.naver?code=950210
티엠씨,KOSPI,14650.0,352980396250,-627.39,3.11,-23.0,4647.0,1.03116,106351589330.0,1341527850.0,1772507620.0,,20.40427,조선,38700.0,8820.0,0.0404414336,24094225,217590,1094986.0,1686066.5,0.6494322732822223,22085010043.25,23.31649831649831,-18.384401114206128,3.2518592831302917,-0.49494297396169573,1.2614083705297081,103.11600000000001,-62.14470284237726,https://finance.naver.com/item/main.naver?code=217590
메디포스트,KOSDAQ,8960.0,351273242880,-3.73,1.41,-2408.0,6371.0,1.04207,18783950500.0,-24338992640.0,32159849580.0,,-65.60732,생물공학,29100.0,7250.0,0.0234276572,39204603,078160,58543.0,38286.95,1.5290588568689856,335526810.75,11.166253101736977,-59.63963963963964,1.5290588568689856,-37.79626432271229,-129.5733431580327,104.20700000000001,-69.20962199312714,https://finance.naver.com/item/main.naver?code=078160
한중엔시에스,KOSDAQ,38900.0,352626399400,90.11,3.93,450.0,10316.0,2.03417,42577655450.0,-6946439820.0,-2199544440.0,,56.61715,전기장비,73000.0,23200.0,0.0095424727,9064946,107640,101211.0,130441.3,0.7759122302522283,5332541263.75,24.082934609250394,-28.360957642725605,1.6017779644943742,4.362155874369911,-16.31475417465712,203.417,-46.71232876712329,https://finance.naver.com/item/main.naver?code=107640
오이솔루션,KOSDAQ,28550.0,353384990900,-10.31,4.72,-2642.0,5774.0,0.52626,19651552520.0,-870134580.0,-2423475520.0,,-362.11639,통신장비,57900.0,9960.0,0.0208321248,12377758,138080,577408.0,379247.3,1.5225105096331601,9351034796.25,17.731958762886602,-13.221884498480241,2.694458207085456,-45.75684101143055,-4.427815965758618,52.626,-50.69084628670121,https://finance.naver.com/item/main.naver?code=138080
삼양바이오팜,KOSPI,46950.0,349114096500,156.31,1.49,301.0,31593.0,0.16096,35859168670.0,746349830.0,1330448180.0,,-31.45283,건강관리장비와용품,150900.0,23250.0,0.03234524,7435870,0120G0,22503.0,61390.95,0.3665523990099518,3243165048.75,10.082063305978895,-45.21586931155193,0.8512981147872773,0.9527426961668725,2.081336120389207,16.096,-68.88667992047715,https://finance.naver.com/item/main.naver?code=0120G0
한국철강,KOSPI,9460.0,344817000000,-35.09,0.4,-271.0,23878.0,0.14835,173809519340.0,-6284385120.0,-1795105040.0,,42.88131,철강,11720.0,7610.0,0.0535026337,36450000,104700,13317.0,29542.4,0.45077583405545923,288987594.25,7.377979568671966,0.7454739084131967,1.3181732019064125,-1.1349359242817656,-3.6156737236622294,14.835,-19.283276450511945,https://finance.naver.com/item/main.naver?code=104700
시노펙스,KOSDAQ,3785.0,349055550105,47.69,2.04,80.0,1867.0,0.53497,53806934130.0,-1898878410.0,-2022096610.0,,104.30752,핸드셋,8330.0,2990.0,0.0062431609,92220753,025320,350476.0,296637.25,1.181496929330352,1152555812.1,-15.324384787472034,-37.64415156507413,1.181496929330352,4.284949116229245,-3.5290589228002163,53.49699999999999,-54.56182472989195,https://finance.naver.com/item/main.naver?code=025320
국도화학,KOSPI,37500.0,347281200000,14.89,0.38,2538.0,100377.0,1.2519,534253619370.0,47954010280.0,43892831830.0,,-30.98927,화학,44450.0,29050.0,0.1976035199,9260832,007690,5802.0,21225.65,0.2733485193621868,826183362.5,17.004680187207487,4.022191400832176,0.575011837093328,2.528467676858244,8.975888705545524,125.19,-15.635545556805397,https://finance.naver.com/item/main.naver?code=007690
제우스,KOSDAQ,11320.0,351112326800,-59.22,1.05,-192.0,10867.0,0.6616,82392309250.0,-9635418610.0,-7864716710.0,,33.4343,반도체와반도체장비,20950.0,6580.0,0.0730367776,31016990,079370,225071.0,179203.8,1.2559499296331886,1862972352.0,20.425531914893625,-33.60703812316716,1.7339364455441235,-1.7668169688046378,-11.694560691051393,66.16,-45.966587112171844,https://finance.naver.com/item/main.naver?code=079370
넥스틴,KOSDAQ,33300.0,348884266500,-137.5,2.24,-240.0,14724.0,0.7613,20832585960.0,-786341950.0,1296585760.0,,33.4343,반도체와반도체장비,100400.0,24800.0,0.1669251852,10477005,348210,60434.0,87889.05,0.6876169443178644,2788668477.5,-23.972602739726025,-58.11320754716981,0.7011453645249323,-1.6299918500407498,-3.77457676886504,76.13,-66.83266932270917,https://finance.naver.com/item/main.naver?code=348210
한세실업,KOSPI,8700.0,348000000000,5.96,0.46,1454.0,18656.0,1.33173,561596038210.0,36093623010.0,13141328650.0,,8.86094,"섬유,의류,신발,호화품",15540.0,7800.0,0.056565575,40000000,105630,39042.0,57742.4,0.6761409293690598,516760562.75,10.126582278481022,-28.746928746928745,6.1194027265925905,7.793739279588337,6.4269725130260555,133.173,-44.01544401544402,https://finance.naver.com/item/main.naver?code=105630
현대코퍼레이션,KOSPI,26150.0,345937460900,3.62,0.45,7226.0,57671.0,3.19572,2816432723330.0,62936540860.0,40296711110.0,,17.13115,무역회사와판매업체,32850.0,20050.0,0.1043446631,13228966,011760,25361.0,27320.25,0.9282857953349621,717831277.5,21.911421911421904,2.7504911591355707,7.988287076435977,12.52969430042829,2.234619003630493,319.572,-20.395738203957382,https://finance.naver.com/item/main.naver?code=011760
에이팩트,KOSDAQ,7950.0,348397270200,65.45,4.86,123.0,1657.0,2.12357,45223916450.0,1109690790.0,4390179670.0,,33.4343,반도체와반도체장비,13100.0,3790.0,0.0376643329,43823556,200470,955507.0,904314.5,1.0566091774487747,6013206565.75,-2.573529411764708,3.9215686274509887,3.772593494851625,7.423053711526856,2.4537697685402478,212.357,-39.31297709923665,https://finance.naver.com/item/main.naver?code=200470
동화기업,KOSDAQ,6750.0,341261673750,-6.72,0.38,-1001.0,17795.0,1.65221,233505042650.0,-864710220.0,-8090164280.0,,7.31423,건축자재,12980.0,4500.0,0.5052091108,50557285,025900,38328.0,90777.55,0.4222189296803009,663110752.75,12.687813021702832,-33.69351669941061,0.5615265007702895,-5.625175611126721,-0.37031757866407683,165.221,-47.996918335901384,https://finance.naver.com/item/main.naver?code=025900
한국화장품제조,KOSPI,14890.0,337407400000,10.11,2.64,1510.0,5776.0,0.96112,71182564340.0,13952906540.0,10837864320.0,,44.06295,화장품,17910.0,6750.0,0.0146843778,22660000,003350,857292.0,2523554.45,0.3397160699266861,37294652668.0,104.25240054869684,-67.8401727861771,1.671055681005813,26.142659279778393,19.601578939127048,96.112,-16.862088218872138,https://finance.naver.com/item/main.naver?code=003350
사피엔반도체,KOSDAQ,40900.0,337646718900,-64.96,24.27,-585.0,1566.0,0.93915,7214957820.0,311641700.0,103805630.0,,33.4343,반도체와반도체장비,56000.0,19000.0,0.0366275687,8255421,452430,166139.0,41481.0,4.00518309587522,1426227140.0,37.018425460636514,13.453536754507622,4.00518309587522,-37.35632183908046,4.319383533138937,93.915,-26.96428571428572,https://finance.naver.com/item/main.naver?code=452430
매커스,KOSDAQ,28350.0,337417078950,10.6,1.91,2604.0,14459.0,1.33,66835794640.0,13035437850.0,14185810910.0,,33.4343,반도체와반도체장비,33850.0,16000.0,0.32740198,11901837,093520,58076.0,13327.95,4.357459324202146,352524271.25,72.23572296476306,11.39489194499017,4.357459324202146,18.009544228508194,19.503677513244572,133.0,-16.248153618906947,https://finance.naver.com/item/main.naver?code=093520
삼립,KOSPI,39100.0,337394251900,22.89,0.67,1732.0,59413.0,1.53625,847831492830.0,110210380.0,-3052252960.0,,32.42418,식품,56300.0,34650.0,0.0198383152,8629009,005610,1824.0,2686.65,0.6789124002009937,109504848.75,6.830601092896171,-25.523809523809526,1.077550108871643,2.915186911955296,0.012999090141382428,153.625,-30.550621669627,https://finance.naver.com/item/main.naver?code=005610
신성이엔지,KOSPI,16530.0,335661188460,-49.29,1.46,-340.0,11470.0,1.93973,201805601950.0,3063706090.0,-2136406990.0,,33.4343,반도체와반도체장비,49700.0,11300.0,0.0,20306182,011930,143738.0,118944.65,1.208444431926951,1964908909.75,-4.561200923787534,468.0412371134021,2.1889256893857776,-2.964254577157803,1.518147197300833,193.97299999999998,-66.74044265593562,https://finance.naver.com/item/main.naver?code=011930
나이스정보통신,KOSDAQ,7540.0,343070000000,7.84,0.85,982.0,9066.0,1.7915,316161218510.0,21282587050.0,19485062500.0,,15.37804,상업서비스와공급품,8320.0,4190.0,0.2847453626,45500000,036800,123755.0,166941.3,0.7413084719000033,1280148554.75,-73.72822299651568,-71.27619047619046,0.8306332824771342,10.831678799911758,6.7315615590995845,179.15,-9.375,https://finance.naver.com/item/main.naver?code=036800
동아에스티,KOSPI,35100.0,341448623100,-11.95,0.53,-2975.0,66929.0,1.00974,224659014800.0,6293596660.0,1447418120.0,,45.13103,제약,56460.988,31600.0,0.1922576972,9727881,170900,7422.0,7432.45,0.9985940033232649,269253943.75,9.687500000000004,-19.954389965792473,6.169163600158764,-4.44500889001778,2.8013995635130864,100.974,-37.83318138180649,https://finance.naver.com/item/main.naver?code=170900
한국피아이엠,KOSDAQ,55800.0,338954700600,-5660.0,5.97,-10.0,9488.0,0.65829,10502526840.0,179762940.0,760923620.0,,9.52744,자동차부품,178400.0,14030.0,0.0178888418,6074457,448900,55659.0,76608.05,0.7265424456046068,3904919940.0,6.2857142857142945,-49.72972972972973,1.5390680222248183,-0.10539629005059022,1.7116160971410572,65.82900000000001,-68.72197309417041,https://finance.naver.com/item/main.naver?code=448900
DB,KOSPI,1692.0,340386294636,6.31,0.69,259.0,2351.0,1.13013,229964349370.0,12908986250.0,25156357830.0,,31.01234,IT서비스,2545.0,1257.0,0.0510420155,201173933,012030,871180.0,584354.25,1.4908422416710412,918874354.1,-7.943416757344945,-2.8144744399770216,1.4908422416710412,11.016588685665674,5.613472821054602,113.013,-33.51669941060904,https://finance.naver.com/item/main.naver?code=012030
네패스아크,KOSDAQ,28050.0,341762462250,99.11,2.0,280.0,13841.0,0.66153,30932193330.0,5102398120.0,9351322520.0,,33.4343,반도체와반도체장비,63500.0,14880.0,0.0966547645,12184045,330860,206116.0,176438.8,1.1682010986245657,4468096632.5,-23.880597014925375,53.194975423265966,2.9446981049519723,2.0229752185535728,16.495429423853274,66.15299999999999,-55.826771653543304,https://finance.naver.com/item/main.naver?code=330860
더블유씨피,KOSDAQ,9980.0,337754577120,-2.13,0.39,-4789.0,26430.0,1.16619,36236878610.0,-15498673110.0,809747260.0,,-77.6154,전기제품,21350.0,5520.0,0.0206135104,33843144,393890,135533.0,312838.45,0.4332363876627058,3168610053.0,6.510138740661686,-20.287539936102238,1.5295977844155666,-18.119561104805147,-42.770441893753386,116.619,-53.25526932084309,https://finance.naver.com/item/main.naver?code=393890
인벤티지랩,KOSDAQ,25100.0,334023470800,-33.49,4.97,-766.0,5163.0,0.7477,175764220.0,-10284860020.0,-4222805980.0,,45.13103,제약,101700.0,22650.0,0.1078593699,13307708,389470,75412.0,69419.7,1.0863198774987504,1851886551.25,-29.39521800281294,-71.14942528735632,5.316632022322194,-14.836335463877589,-5851.509493797998,74.77000000000001,-75.31956735496559,https://finance.naver.com/item/main.naver?code=389470
다날,KOSDAQ,4385.0,331705328945,-4.7,1.09,-938.0,4033.0,1.34834,60530648810.0,1797242990.0,-8195072770.0,,31.01234,IT서비스,11140.0,3805.0,0.0297886494,75645457,064260,1703913.0,1941889.9,0.8774508791667335,9965207711.2,7.212713936430326,-40.823211875843455,1.326531952197702,-23.25812050582693,2.96914542522314,134.834,-60.637342908438065,https://finance.naver.com/item/main.naver?code=064260
아세아제지,KOSPI,8290.0,327036437900,11.0,0.38,758.0,22004.0,0.23394,229485570750.0,12443111010.0,11361912020.0,,17.42997,포장재,11380.0,6800.0,0.0493929075,39449510,002310,50257.0,80346.65,0.6255021211214158,682774598.0,13.096862210095495,-10.086767895878523,0.6827789335336322,3.444828213052172,5.4221757687569125,23.394000000000002,-27.152899824253073,https://finance.naver.com/item/main.naver?code=002310
감성코퍼레이션,KOSDAQ,3675.0,330246319200,9.69,2.53,387.0,1485.0,0.28475,58549423710.0,9099136650.0,7229233980.0,,8.86094,"섬유,의류,신발,호화품",7700.0,3540.0,0.1480276898,89862944,036620,158795.0,272855.05,0.5819756680332653,1029537954.75,2.367688022284131,-34.840425531914896,0.6946948572144808,26.060606060606062,15.54094997598739,28.475,-52.27272727272727,https://finance.naver.com/item/main.naver?code=036620
풀무원,KOSPI,8840.0,336985591280,104.88,1.05,84.0,8405.0,2.74249,893550879140.0,24638411320.0,10306279890.0,,32.42418,식품,15150.0,8100.0,0.008977758,38120542,017810,15189.0,28276.15,0.5371664812925381,267135991.0,-1.8867924528301883,-26.578073089700993,0.8612558640408966,0.9994051160023795,2.7573596417602197,274.249,-41.65016501650165,https://finance.naver.com/item/main.naver?code=017810
GRT,KOSDAQ,3550.0,329268481750,,,,,0.835,277436640000.0,41673993000.0,28322192000.0,,-30.98927,화학,7490.0,2120.0,0.6092543656,92751685,900290,241939.0,281630.9,0.8590641154788057,1098607610.75,48.84696016771488,-42.8341384863124,0.9631684591427999,,15.02108481417595,83.5,-52.603471295060075,https://finance.naver.com/item/main.naver?code=900290
엔젤로보틱스,KOSDAQ,21350.0,328640144350,-33.96,10.17,-642.0,2144.0,0.17056,788302490.0,-3485917720.0,-1138909920.0,,-31.45283,건강관리장비와용품,43950.0,14860.0,0.02096488,15392981,455900,21478.0,46983.55,0.4571387219569402,986258122.5,17.114646187602855,-22.92418772563177,1.0852096105977518,-29.94402985074627,-442.20559546881555,17.055999999999997,-51.42207053469852,https://finance.naver.com/item/main.naver?code=455900
아스플로,KOSDAQ,24250.0,323367420750,-29.19,6.26,-769.0,3589.0,1.43655,31714304450.0,4419623410.0,8819092120.0,,183.01813,기계,26700.0,3700.0,0.0436354247,13334739,159010,207282.0,156279.25,1.3263565060620652,3583613736.0,26.96335078534031,388.9112903225806,1.3263565060620652,-21.426581220395654,13.935741258232134,143.655,-9.176029962546817,https://finance.naver.com/item/main.naver?code=159010
큐렉소,KOSDAQ,7970.0,328840526300,118.81,3.4,67.0,2342.0,0.10478,23617960750.0,2436183150.0,2484812140.0,,-31.45283,건강관리장비와용품,22550.0,6970.0,0.0493862911,41259790,060280,198778.0,142454.9,1.3953749572671772,1174331430.75,-7.109557109557107,-47.46209624258405,3.2203034083067696,2.860802732707088,10.314959770605936,10.478,-64.65631929046563,https://finance.naver.com/item/main.naver?code=060280
우리로,KOSDAQ,7710.0,337890742290,-434.44,8.66,-18.0,903.0,0.42176,14727621030.0,2554875340.0,1272413110.0,,19.90894,컴퓨터와주변기기,16200.0,1206.0,0.0232322196,43824999,046970,1939435.0,5220381.35,0.3715121310055251,37805385805.65,46.85714285714286,371.5596330275229,3.7968553772417413,-1.9933554817275747,17.347508703515302,42.176,-52.40740740740741,https://finance.naver.com/item/main.naver?code=046970
디아이티,KOSDAQ,17110.0,323379000000,10.68,1.37,1644.0,12787.0,0.15321,41600866280.0,14097114500.0,13678428590.0,,33.4343,반도체와반도체장비,29000.0,11950.0,0.0685685185,18900000,110990,92051.0,59104.15,1.5574371681176364,949428763.0,-4.413407821229054,-24.62555066079295,1.5967406688024444,12.856807695315556,33.88658881552502,15.321000000000002,-41.0,https://finance.naver.com/item/main.naver?code=110990
덴티움,KOSPI,37400.0,322533523400,19.65,0.57,1903.0,65218.0,0.65957,89345998980.0,14688440420.0,13890294420.0,,-31.45283,건강관리장비와용품,60600.0,35000.0,0.1317964246,8623891,145720,7608.0,11090.15,0.6860141657236377,414610201.25,-2.3498694516971286,-29.43396226415095,1.4840196029810238,2.917906099543071,16.439953201808162,65.957,-38.28382838283828,https://finance.naver.com/item/main.naver?code=145720
아이씨티케이,KOSDAQ,22650.0,328478227500,-42.48,6.71,-499.0,3161.0,0.47558,1723536120.0,-1939948300.0,-12812875010.0,,-362.11639,통신장비,39950.0,11000.0,0.0115266836,14502350,456010,925776.0,711871.85,1.3004812593727368,13542004591.75,36.61037394451145,52.11551376762928,2.9940543371675674,-15.78614362543499,-112.55628921777398,47.558,-43.30413016270338,https://finance.naver.com/item/main.naver?code=456010
에스티아이,KOSDAQ,20850.0,323321929950,20.48,1.14,1045.0,18772.0,0.18532,72460474670.0,2896079740.0,4328589420.0,,33.4343,반도체와반도체장비,43200.0,17320.0,0.0342915063,15507047,039440,95634.0,57795.75,1.6546891423677346,1142806477.25,-16.432865731462933,-35.44891640866873,2.190576296700017,5.566801619433198,3.9967716926908725,18.532,-51.736111111111114,https://finance.naver.com/item/main.naver?code=039440
펨트론,KOSDAQ,14290.0,319989639530,-78.83,11.67,-180.0,1216.0,1.37005,24004276740.0,1393395010.0,-2224344850.0,,255.50195,전자장비와기기,34700.0,8670.0,0.0324924036,22392557,168360,159460.0,67689.3,2.3557637617762333,894934604.0,-21.223814773980155,-33.84259259259259,2.3557637617762333,-14.802631578947366,5.804778144713224,137.005,-58.81844380403458,https://finance.naver.com/item/main.naver?code=168360
HLB생명과학,KOSDAQ,2625.0,320032277250,-3.27,1.1,-819.0,2440.0,0.65828,14656102030.0,-7559347460.0,-8696739140.0,,-31.45283,건강관리장비와용품,5330.0,1608.0,0.0526052638,121917058,067630,194750.0,189449.1,1.0279806027054232,502601736.2,-12.353923205342232,-32.692307692307686,5.993673234657752,-33.5655737704918,-51.57815798857399,65.828,-50.750469043151966,https://finance.naver.com/item/main.naver?code=067630
광동제약,KOSPI,6430.0,320212765440,12.28,0.48,521.0,13201.0,0.85871,439815610350.0,2822601170.0,3163818430.0,,45.13103,제약,12800.0,5150.0,0.160460217,49799808,009290,188018.0,103462.9,1.8172504346968819,655677491.5,22.011385199240998,-29.106945975744214,1.8172504346968819,3.9466707067646394,0.6417692104547649,85.871,-49.765625,https://finance.naver.com/item/main.naver?code=009290
엠씨넥스,KOSPI,18420.0,320535630000,5.79,0.76,3145.0,23796.0,0.5877,294668492130.0,2187694730.0,792768020.0,,104.30752,핸드셋,32500.0,15600.0,0.1241638939,17401500,097520,42738.0,28175.9,1.516828211343737,546610784.0,-0.1626016260162566,-23.250000000000004,1.516828211343737,13.216506975962346,0.7424257388994432,58.77,-43.32307692307692,https://finance.naver.com/item/main.naver?code=097520
삼미금속,KOSDAQ,13330.0,307277548070,129.3,2.66,86.0,4178.0,1.22631,22258663140.0,2606524970.0,1279299170.0,,183.01813,기계,20850.0,4020.0,0.0062230878,23051579,012210,23203165.0,3712967.95,6.249223077726809,41446741161.5,94.0320232896652,-12.47537754432042,6.249223077726809,2.0584011488750598,11.710159561721099,122.631,-36.06714628297362,https://finance.naver.com/item/main.naver?code=012210
케이카,KOSPI,6360.0,310500593280,6.05,1.38,1050.0,4587.0,1.79833,439157235900.0,-33635105620.0,-27103154680.0,,7.07227,자동차,16970.0,5990.0,0.0769670777,48820848,381970,27057.0,77175.25,0.35059167284848447,491912205.0,-23.281061519903503,-55.61758548499651,0.9548916265253433,22.890778286461742,-7.659012050904476,179.833,-62.52209781968179,https://finance.naver.com/item/main.naver?code=381970
큐로셀,KOSDAQ,20950.0,319008834400,-6.51,60.49,-3232.0,348.0,1.26981,,-9739048920.0,-17646524510.0,,-65.60732,생물공학,66000.0,20650.0,0.0153883668,15227152,372320,17546.0,20152.7,0.8706525676460226,469537826.25,-24.91039426523297,-55.09110396570204,0.8706525676460226,-928.735632183908,,126.98100000000001,-68.25757575757576,https://finance.naver.com/item/main.naver?code=372320
진에어,KOSPI,6030.0,314766000000,-30.53,1.32,-189.0,4355.0,6.35724,360297536790.0,-73103330430.0,-67543910600.0,,136.91619,항공사,8380.0,4710.0,0.0125408046,52200000,272450,153940.0,111151.6,1.3849553222805608,669192707.75,6.537102473498235,-7.0878274268104775,1.3849553222805608,-4.339839265212399,-20.289711409436695,635.724,-28.042959427207638,https://finance.naver.com/item/main.naver?code=272450
TCC스틸,KOSPI,11850.0,310632309450,-40.39,1.23,-284.0,9346.0,1.30313,182686709690.0,1170027180.0,-6051561930.0,,42.88131,철강,22950.0,6310.0,0.032038289,26213697,002710,198527.0,272238.85,0.7292383140760402,3279686185.25,23.4375,-15.897799858055361,0.7292383140760402,-3.038733147870747,0.6404555547502127,130.313,-48.366013071895416,https://finance.naver.com/item/main.naver?code=002710
대원강업,KOSPI,5050.0,313100000000,8.59,0.56,587.0,9057.0,0.94883,472011656000.0,38487335000.0,30865344000.0,,9.52744,자동차부품,6200.0,3140.0,0.0276831935,62000000,000430,104021.0,136651.25,0.7612151370733894,626975537.4,33.5978835978836,27.0440251572327,1.3508475041391865,6.481174781936623,8.153895038558115,94.883,-18.54838709677419,https://finance.naver.com/item/main.naver?code=000430
수산인더스트리,KOSPI,21600.0,308577600000,6.19,0.55,3475.0,39100.0,0.23014,92617220410.0,5862779530.0,18373341290.0,,-39.76501,에너지장비및서비스,36400.0,19430.0,0.0283577628,14286000,126720,17400.0,26395.5,0.6592032732852191,577585165.0,6.666666666666665,-20.441988950276247,0.6592032732852191,8.887468030690538,6.330118204850583,23.014000000000003,-40.65934065934066,https://finance.naver.com/item/main.naver?code=126720
신라젠,KOSDAQ,2240.0,310359983360,-12.66,2.78,-175.0,797.0,0.06613,2244329080.0,-6183107000.0,-5487443200.0,,45.13103,제약,5400.0,1780.0,0.0247495041,138553564,215600,545466.0,3010023.45,0.18121652839614918,8296210997.85,2.2831050228310446,-34.97822931785196,0.24192037440771433,-21.9573400250941,-275.4991260016111,6.6129999999999995,-58.518518518518526,https://finance.naver.com/item/main.naver?code=215600
퍼스텍,KOSPI,6330.0,308726367540,21.22,3.8,303.0,1691.0,4.06274,92241612170.0,3412773070.0,2685184330.0,,41.91298,우주항공과국방,18730.0,3700.0,0.1157109443,48771938,010820,430330.0,339209.85,1.2686247171183267,2057490636.5,7.653061224489788,-16.158940397350996,2.0960918440310623,17.9183914843288,3.699819408739634,406.274,-66.20395088093967,https://finance.naver.com/item/main.naver?code=010820
SIMPAC,KOSPI,4790.0,313126936720,12.39,0.39,381.0,12180.0,1.05468,461111549990.0,26833708000.0,17082685000.0,,28.1014,비철금속,6900.0,3725.0,0.0123579323,65370968,009160,44553.0,66313.2,0.6718571868044372,327210507.2,23.77260981912144,-3.232323232323231,1.1948752284613018,3.12807881773399,5.819352822669901,105.468,-30.579710144927542,https://finance.naver.com/item/main.naver?code=009160
코오롱,KOSPI,23950.0,309138936000,-2.12,0.18,-11476.0,132503.0,1.9159,1706697417660.0,99841066440.0,55380453280.0,,31.62059,복합기업,88200.0,20200.0,0.1378900778,12907680,002020,19946.0,23524.4,0.8478855996327217,592441177.5,-46.30044843049327,-57.98245614035088,1.870058322422676,-8.660935978808027,5.849957081255153,191.59,-72.84580498866214,https://finance.naver.com/item/main.naver?code=002020
남해화학,KOSPI,6190.0,307512038170,10.0,0.53,608.0,11459.0,1.01992,504927562930.0,12919837130.0,8337343030.0,,-30.98927,화학,12820.0,5250.0,0.0204191752,49678843,025860,255158.0,392955.35,0.6493307700225993,2466864892.75,10.142348754448394,-30.449438202247194,0.6678468686073368,5.305873112837071,2.558750616628771,101.99199999999999,-51.71606864274572,https://finance.naver.com/item/main.naver?code=025860
툴젠,KOSDAQ,34000.0,305919386000,-7.8,5.32,-4181.0,6133.0,0.10352,487200050.0,-6891483130.0,-6781643680.0,,-65.60732,생물공학,139815.385,30150.0,0.0234090559,8997629,199800,43410.0,21286.9,2.039282375545523,707919243.75,-18.26923076923077,-30.04115226337448,2.256364242797213,-68.17218327082993,-1414.5078864421298,10.352,-75.68221837675446,https://finance.naver.com/item/main.naver?code=199800
비츠로넥스텍,KOSDAQ,10640.0,308309353520,-40.76,5.29,-264.0,2035.0,1.21622,6670405540.0,-3119672680.0,-2436899340.0,,41.91298,우주항공과국방,31100.0,6540.0,0.0040214046,28976443,488900,75768.0,111206.85,0.6813249363685779,1206926043.0,40.9271523178808,-38.920780711825486,8.249977406967286,-12.972972972972974,-46.76886077304379,121.62200000000001,-65.7877813504823,https://finance.naver.com/item/main.naver?code=488900
유바이오로직스,KOSDAQ,8370.0,307616809590,7.43,1.75,1127.0,4782.0,0.31719,33219694670.0,8576674710.0,7502444750.0,,-65.60732,생물공학,17700.0,6950.0,0.0614243073,36752307,206650,81062.0,116742.05,0.6943684816225173,1032035288.0,1.7010935601458055,-42.82786885245902,0.6943684816225173,23.567544960267668,25.818041963357995,31.719,-52.71186440677966,https://finance.naver.com/item/main.naver?code=206650
LB세미콘,KOSDAQ,4330.0,303459415980,-1.67,0.99,-2600.0,4381.0,1.3202,144854953990.0,13108569880.0,8970908830.0,,33.4343,반도체와반도체장비,6812.108,2885.0,0.2671155972,70083006,061970,438390.0,457342.65,0.9585591897016383,1887205603.25,5.2247873633049835,-4.520396912899671,1.2513374818639809,-59.34718100890207,9.049445337509786,132.02,-36.43670945909842,https://finance.naver.com/item/main.naver?code=061970
스틱인베스트먼트,KOSPI,7900.0,306289612300,17.89,1.06,417.0,7052.0,0.31904,20298531270.0,3056316850.0,1710080960.0,,14.65734,창업투자,13390.0,5990.0,0.4842969988,38770837,026890,40921.0,36848.05,1.1105336646036899,300903323.0,23.4375,-22.16748768472906,2.923953913436396,5.913216108905275,15.056837410286189,31.904,-41.000746825989545,https://finance.naver.com/item/main.naver?code=026890
에스엠벡셀,KOSPI,2695.0,299823493200,189.67,4.51,15.0,631.0,0.43802,36149595950.0,764903420.0,-948212880.0,,9.52744,자동차부품,3495.0,1321.0,0.0044282446,111251760,010580,1893856.0,4933526.2,0.38387472230308617,12302782417.75,68.85964912280701,35.42713567839195,2.903753911350466,2.3771790808240887,2.1159390579578523,43.802,-22.889842632331902,https://finance.naver.com/item/main.naver?code=010580
삼양엔씨켐,KOSDAQ,13700.0,299869436000,19.99,2.53,691.0,5448.0,0.19275,38008074720.0,5587144970.0,7127750610.0,,33.4343,반도체와반도체장비,25000.0,8230.0,0.0319554574,21888280,482630,117443.0,95204.95,1.2335808169638238,1222426142.5,-19.789227166276348,-27.2823779193206,1.5381763238150958,12.683553597650512,14.699889460751933,19.275000000000002,-45.199999999999996,https://finance.naver.com/item/main.naver?code=482630
씨앤씨인터내셔널,KOSDAQ,22100.0,301220812100,16.63,0.85,1329.0,26036.0,0.2004,73321341720.0,1600640910.0,-6233460270.0,,44.06295,화장품,45550.0,16550.0,0.0050646736,13629901,352480,10431.0,17053.4,0.611666881677554,378155672.25,7.281553398058249,-17.843866171003718,0.7892854210890496,5.104470732831464,2.1830491265592733,20.04,-51.48188803512623,https://finance.naver.com/item/main.naver?code=352480
헥토파이낸셜,KOSDAQ,21300.0,297574972800,30.1,1.67,701.0,12613.0,1.87539,50136973070.0,4609083920.0,4219677250.0,,31.01234,IT서비스,45000.0,14180.0,0.0302945688,13970656,234340,602455.0,896852.85,0.6717434192242351,20545165188.5,15.760869565217384,-43.94736842105264,1.1748906189014174,5.557757868865456,9.192984015139707,187.539,-52.666666666666664,https://finance.naver.com/item/main.naver?code=234340
한국알콜,KOSDAQ,14450.0,298732161700,9.39,0.54,1507.0,26443.0,0.18057,128648249610.0,17230920990.0,17843089220.0,,-30.98927,화학,16265.0,8840.0,0.2438732453,20673506,017890,65113.0,40862.0,1.5934853898487593,586486322.5,30.063006300630057,27.08883025505717,1.5934853898487593,5.699050788488447,13.393824667056037,18.057000000000002,-11.158930218260066,https://finance.naver.com/item/main.naver?code=017890
한국자산신탁,KOSPI,2435.0,297980509810,6.04,0.28,404.0,8853.0,0.55607,78793804650.0,31034236630.0,23352535160.0,,32.34138,부동산,3470.0,2040.0,0.0569127773,122373926,123890,157128.0,183721.0,0.8552533461063243,470058438.1,17.9176755447942,-14.411247803163441,0.894835103227176,4.563424827742009,39.38664564790755,55.60699999999999,-29.827089337175792,https://finance.naver.com/item/main.naver?code=123890
서연이화,KOSPI,10890.0,294339678930,4.94,0.25,2220.0,43348.0,1.51921,1254454868840.0,51061941590.0,34111193460.0,,9.52744,자동차부품,18310.0,9390.0,0.0712028594,27028437,200880,26187.0,29734.0,0.8807089527140647,346876665.5,5.217391304347818,-22.103004291845497,0.9037129212349498,5.121343545261603,4.070448675225535,151.921,-40.52430365920262,https://finance.naver.com/item/main.naver?code=200880
티로보틱스,KOSDAQ,13230.0,298442908890,-5.97,5.78,-2230.0,2304.0,0.60575,10837745650.0,-1412108040.0,-966213990.0,,183.01813,기계,30900.0,9800.0,0.0186382303,22558043,117730,54266.0,67627.1,0.8024297951560838,884499473.75,8.176614881439082,-35.46341463414634,3.5734638924336544,-96.78819444444444,-13.029536636154587,60.575,-57.18446601941747,https://finance.naver.com/item/main.naver?code=117730
한국정보통신,KOSDAQ,7940.0,297307511740,7.71,0.84,1038.0,9544.0,0.82891,237610744000.0,11941965000.0,10182505000.0,,31.01234,IT서비스,16500.0,6915.0,0.6330372142,37444271,025770,14672.0,21017.6,0.6980816077953715,168938204.0,11.516853932584258,-0.2512562814070307,0.9414966504263095,10.875943000838223,5.025852282167847,82.891,-51.87878787878788,https://finance.naver.com/item/main.naver?code=025770
LX하우시스,KOSPI,33150.0,297278260500,-7.5,0.39,-4396.0,83591.0,1.60847,939692000000.0,54903000000.0,47092000000.0,,7.31423,건축자재,43000.0,27000.0,0.1472297709,8967670,108670,12423.0,20684.95,0.6005815822614993,718475303.75,10.869565217391308,15.30434782608696,0.7094530081049265,-5.258939359500425,5.842659084040303,160.847,-22.906976744186046,https://finance.naver.com/item/main.naver?code=108670
우진,KOSPI,14570.0,294280051900,32.99,1.48,441.0,9841.0,0.26127,30892672790.0,814200890.0,327947250.0,,183.01813,기계,31700.0,10330.0,0.0613746041,20197670,105840,491635.0,445357.65,1.1039105312325947,6484637090.5,-3.1893687707641227,-44.81060606060606,1.2532983322504956,4.481251905294177,2.635579302363109,26.127,-54.037854889589894,https://finance.naver.com/item/main.naver?code=105840
애경산업,KOSPI,11120.0,293678477200,18.25,0.7,604.0,15841.0,0.29289,194164692920.0,4526677820.0,4611370980.0,,44.06295,화장품,19100.0,10120.0,0.0154394928,26409935,018250,7841.0,52634.6,0.14897044909622187,635409316.5,7.961165048543695,-23.098201936376206,0.6435310613170804,3.8128906003408876,2.3313599150928477,29.288999999999998,-41.78010471204189,https://finance.naver.com/item/main.naver?code=018250
인피니트헬스케어,KOSDAQ,11990.0,292513531420,11.12,1.53,1083.0,7866.0,0.27189,25485285630.0,4926911040.0,25367573390.0,,-59.4544,건강관리기술,14080.0,5250.0,0.1317426899,24396458,071200,53913.0,191821.9,0.28105758518709284,2334219542.75,93.38709677419355,80.57228915662651,0.9207759906454894,13.768115942028986,19.33237520477419,27.189000000000004,-14.84375,https://finance.naver.com/item/main.naver?code=071200
인화정공,KOSDAQ,6380.0,291532000980,11.61,0.87,553.0,7394.0,0.21733,31829877540.0,5133675670.0,9386222410.0,,20.40427,조선,17000.0,5480.0,0.0096165262,45694671,101930,9346.0,11811.95,0.7912326076558062,77035290.0,-8.595988538681954,-87.5390625,1.3052036285287356,7.4790370570733025,16.12848074438429,21.733,-62.47058823529412,https://finance.naver.com/item/main.naver?code=101930
에스비비테크,KOSDAQ,43700.0,291193726400,-27.28,21.48,-1554.0,1974.0,0.4137,2703873670.0,-2951877100.0,-3227679050.0,,183.01813,기계,115000.0,22800.0,0.0268925869,6663472,389500,182927.0,112226.1,1.6299862509701397,4445921806.25,12.919896640826867,-14.313725490196083,1.6299862509701397,-78.72340425531915,-109.17215300225176,41.370000000000005,-62.0,https://finance.naver.com/item/main.naver?code=389500
한국토지신탁,KOSPI,1155.0,291625060650,11.96,0.24,97.0,4754.0,0.91416,55219853660.0,4404196640.0,19151147690.0,,32.34138,부동산,1878.0,1039.0,0.0419809193,252489230,034830,193701.0,252574.4,0.7669067015501175,295339324.95,8.34896810506567,-23.357664233576646,0.9791847471477712,2.0403870424905346,7.975748481909324,91.416,-38.49840255591054,https://finance.naver.com/item/main.naver?code=034830
일성아이에스,KOSPI,21850.0,290605000000,128.82,0.41,170.0,53943.0,0.03758,17090884670.0,-1563119470.0,216945170.0,,45.13103,제약,29300.0,17120.0,0.0030833835,13300000,003120,385.0,3426.05,0.11237430860612074,72606762.5,16.72008547008548,-7.610993657505283,2.00931101414165,0.3151474704780972,-9.145924861009549,3.758,-25.426621160409557,https://finance.naver.com/item/main.naver?code=003120
한텍,KOSDAQ,26050.0,289705723050,8.45,1.67,2881.0,14605.0,0.36215,46339420660.0,10597133380.0,8975739320.0,,-39.76501,에너지장비및서비스,62200.0,20800.0,0.0396668831,11121141,098070,330338.0,80687.25,4.0940545129496915,2024350540.0,6.326530612244907,-34.05063291139241,4.0940545129496915,19.726121191372815,22.868506401391855,36.215,-58.11897106109325,https://finance.naver.com/item/main.naver?code=098070
한양증권,KOSPI,19320.0,291915269520,4.36,0.43,4383.0,44072.0,9.62336,813033256780.0,25478083540.0,19700533490.0,,8.00084,증권,31500.0,17200.0,0.100948702,15109486,001750,9180.0,6888.9,1.3325784958411357,133920930.75,4.488912925905897,-25.26112185686654,1.3325784958411357,9.945089852967872,3.133707425561579,962.336,-38.66666666666667,https://finance.naver.com/item/main.naver?code=001750
에이플러스에셋,KOSPI,12530.0,283274393290,13.33,1.74,979.0,7506.0,0.98019,198958559150.0,10117889620.0,9059878900.0,,8.93574,손해보험,14990.0,5600.0,0.1221544365,22607693,244920,52987.0,29347.6,1.8054968719759028,398403067.25,15.697137580794095,4.678362573099415,1.8054968719759028,13.042899014122037,5.085425660110386,98.019,-16.410940627084724,https://finance.naver.com/item/main.naver?code=244920
이뮨온시아,KOSDAQ,3155.0,288374158695,-8.85,9.02,-375.0,368.0,0.04849,,-4273817150.0,-3901969400.0,,45.13103,제약,15499.001,2300.0,0.0116062545,91402269,424870,853385.0,662904.75,1.2873418089099526,2312191358.95,-1.0971786833855801,-63.27124563445867,9.028844641707575,-101.90217391304348,,4.849,-79.6438493035777,https://finance.naver.com/item/main.naver?code=424870
현대약품,KOSPI,8910.0,285120000000,96.56,2.95,96.0,3141.0,0.75472,55585357880.0,976252400.0,1211880920.0,,45.13103,제약,15960.0,3500.0,0.0119863125,32000000,004310,1964489.0,9923764.55,0.19795804204161613,93254469413.0,47.272727272727266,-5.614406779661019,1.7183460887330302,3.0563514804202483,1.7563121606729144,75.472,-44.17293233082707,https://finance.naver.com/item/main.naver?code=004310
비츠로테크,KOSDAQ,11080.0,290296277000,43.29,1.1,252.0,9877.0,0.40381,123206867640.0,11817356980.0,11637323480.0,,-77.6154,전기제품,23800.0,6520.0,0.050882356,26200025,042370,1654587.0,984902.95,1.6799492782512226,10587228377.25,27.210103329506307,2.402957486136792,9.063669674255722,2.551381998582565,9.591475870102723,40.381,-53.445378151260506,https://finance.naver.com/item/main.naver?code=042370
퍼시스,KOSPI,24850.0,285775000000,6.38,0.38,3976.0,66786.0,0.12806,87598314290.0,-5417281160.0,31702740020.0,,28.02909,가구,50800.0,23500.0,0.200920087,11500000,016800,682.0,746.8,0.9132297803963578,20224656.25,3.3264033264033266,-35.286458333333336,2.941885377611141,5.953343515107957,-6.184229918016154,12.806000000000001,-51.082677165354326,https://finance.naver.com/item/main.naver?code=016800
싸이맥스,KOSDAQ,26350.0,287853803050,18.42,1.48,1425.0,17779.0,0.26224,62515652940.0,11289841680.0,9006494590.0,,33.4343,반도체와반도체장비,47850.0,13610.0,0.0738849365,10924243,160980,109494.0,147734.0,0.7411564027238144,3521569946.25,-14.448051948051944,24.0,1.8013795064101696,8.015073963664998,18.059223808852376,26.223999999999997,-44.932079414838036,https://finance.naver.com/item/main.naver?code=160980
인탑스,KOSDAQ,18100.0,284935630000,17.73,0.43,1023.0,42138.0,0.1535,155007375290.0,1867198440.0,4402051820.0,,104.30752,핸드셋,24950.0,13000.0,0.0704632106,15742300,049070,76355.0,79127.6,0.9649603930866094,1488319722.75,7.930828861061423,0.8918617614269708,0.9649603930866094,2.427737434144952,1.2045868375660822,15.35,-27.454909819639283,https://finance.naver.com/item/main.naver?code=049070
스맥,KOSDAQ,4185.0,285598603890,-9.95,2.94,-424.0,1435.0,2.21517,47760971380.0,1608784220.0,2864123590.0,,183.01813,기계,8340.0,2415.0,0.0347058501,68243394,099440,120770.0,331889.95,0.36388567957541346,1386558512.95,61.27167630057804,-22.356215213358066,0.6672512982089395,-29.54703832752613,3.3684076632362663,221.517,-49.82014388489209,https://finance.naver.com/item/main.naver?code=099440
유니셈,KOSDAQ,9300.0,285177273900,31.08,1.15,305.0,8275.0,0.17474,80144122690.0,5347885540.0,5258194440.0,,33.4343,반도체와반도체장비,14390.0,6000.0,0.1642260428,30664223,036200,232904.0,188963.6,1.2325336731518663,1723326274.0,5.3227633069082625,-3.82626680455016,2.597547887529662,3.6858006042296076,6.6728355873153555,17.474,-35.37178596247394,https://finance.naver.com/item/main.naver?code=036200
AP시스템,KOSDAQ,18880.0,284159500480,11.84,0.76,1605.0,24853.0,0.82639,162843598280.0,9594698000.0,9494953930.0,,15.86239,디스플레이장비및부품,31100.0,15600.0,0.1566132505,15050821,265520,60418.0,36485.55,1.655943243283985,685007936.75,-5.600000000000005,-15.902004454342988,1.655943243283985,6.45797288053756,5.891971254223013,82.639,-39.29260450160772,https://finance.naver.com/item/main.naver?code=265520
넥센,KOSPI,5550.0,291619072350,3.15,0.21,1757.0,26875.0,1.14897,1008641751940.0,49074520690.0,22868368410.0,,9.52744,자동차부품,8090.0,4965.0,0.0252066188,52543977,005720,22383.0,15668.6,1.4285258414919009,91952278.0,-1.0695187165775444,-18.621700879765392,1.4285258414919009,6.537674418604651,4.8654064335142895,114.897,-31.396786155747836,https://finance.naver.com/item/main.naver?code=005720
폰드그룹,KOSDAQ,4930.0,283828244360,8.26,1.22,600.0,4078.0,0.78616,149183477720.0,21710800440.0,16282404700.0,,8.86094,"섬유,의류,신발,호화품",7250.0,3560.0,0.0092026541,57571652,472850,17444.0,59193.9,0.29469252743948277,310371609.55,26.086956521739136,-8.53432282003711,0.8552739386997646,14.713094654242276,14.553086422042421,78.616,-31.999999999999996,https://finance.naver.com/item/main.naver?code=472850
상신이디피,KOSDAQ,20950.0,279226188050,141.39,1.78,151.0,12012.0,1.20281,86036945970.0,6399286250.0,5366212570.0,,-77.6154,전기제품,31550.0,10710.0,0.0280556615,13328219,091580,166160.0,349536.85,0.47537191000033335,7602725252.25,45.789839944328456,17.36694677871149,1.7867958700205717,1.257076257076257,7.437835197255084,120.28099999999999,-33.597464342313785,https://finance.naver.com/item/main.naver?code=091580
하림,KOSDAQ,2640.0,280393613280,7.27,0.86,363.0,3065.0,1.69477,425793631000.0,17304976000.0,8920902000.0,,32.42418,식품,3565.0,2550.0,0.0485686326,106209702,136480,134304.0,163551.75,0.8211712806497026,435056153.7,2.127659574468077,-16.05723370429253,1.4426198435663329,11.843393148450245,4.064169762088339,169.477,-25.94670406732118,https://finance.naver.com/item/main.naver?code=136480
유나이티드제약,KOSPI,17670.0,281143394250,6.86,0.63,2614.0,28664.0,0.14814,77221337750.0,13297698400.0,37705892560.0,,45.13103,제약,21800.0,16100.0,0.0891899358,15910775,033270,37303.0,32767.2,1.13842501037623,591428313.0,6.445783132530125,-11.870324189526183,6.533728850802022,9.119452972369523,17.22023832719733,14.814,-18.944954128440372,https://finance.naver.com/item/main.naver?code=033270
KBI메탈,KOSDAQ,6440.0,279923403480,-6310.0,1.81,-1.0,3484.0,1.4752,279852511250.0,12865536880.0,11310437550.0,,56.61715,전기장비,11760.0,1620.0,0.0486204656,43466367,024840,8525439.0,3700491.0,2.3038669733286743,22220765778.3,90.25110782865585,202.3474178403756,4.132962896004882,-0.02870264064293915,4.597256184171547,147.52,-45.238095238095234,https://finance.naver.com/item/main.naver?code=024840
KG케미칼,KOSPI,4240.0,281551416640,4.16,0.29,1023.0,14858.0,1.27037,2581225451600.0,90911935490.0,135006841140.0,,7.07227,자동차,7400.0,3570.0,0.1181805316,66403636,001390,83665.0,94278.75,0.8874216087930737,418039319.7,8.997429305912586,-18.618042226487518,1.503583787438845,6.8851797011710865,3.5220455242934037,127.037,-42.7027027027027,https://finance.naver.com/item/main.naver?code=001390
아이마켓코리아,KOSPI,8340.0,278796525600,12.52,0.71,666.0,11758.0,2.40448,1007697787270.0,17725447890.0,19077545550.0,,15.37804,상업서비스와공급품,10330.0,6890.0,0.0389536699,33428840,122900,12809.0,64922.75,0.19729601718966003,535026089.5,17.29957805907174,8.87728459530026,1.6025661266659221,5.664228610307875,1.7590043477242139,240.448,-19.26427879961278,https://finance.naver.com/item/main.naver?code=122900
키다리스튜디오,KOSPI,7510.0,278348882660,46.87,1.53,179.0,5485.0,0.68512,64427044210.0,5515919170.0,2025425790.0,,18.54451,양방향미디어와서비스,9450.0,2800.0,0.0699742978,37063766,020120,824592.0,952419.6,0.8657864663851941,6333089534.25,143.8311688311688,120.55800293685755,0.8657864663851941,3.263445761166819,8.56149655418128,68.512,-20.529100529100532,https://finance.naver.com/item/main.naver?code=020120
이수화학,KOSPI,10600.0,278718191400,-8.29,2.9,-1279.0,3655.0,1.51095,743435315000.0,96559250000.0,77841970000.0,,-30.98927,화학,17990.0,5060.0,0.0591438353,26294169,005950,249963.0,382864.5,0.6528758868999346,4474265991.75,-6.277630415561452,32.66583229036295,0.6874076860090188,-34.99316005471956,12.988251708220236,151.095,-41.07837687604224,https://finance.naver.com/item/main.naver?code=005950
제이브이엠,KOSDAQ,23200.0,280485494400,9.35,1.13,2461.0,20312.0,0.36942,49306359680.0,13523560610.0,11578547350.0,,-31.45283,건강관리장비와용품,33150.0,19930.0,0.1975769511,12089892,054950,8615.0,9720.7,0.8862530476200273,229181116.25,15.999999999999993,-8.481262327416172,1.4000020574649972,12.11599054745963,27.4276192721758,36.942,-30.01508295625943,https://finance.naver.com/item/main.naver?code=054950
포스코스틸리온,KOSPI,4625.0,277500000000,16.26,0.72,285.0,6401.0,0.33444,298198950560.0,9587102740.0,7047150790.0,,28.1014,비철금속,10500.0,3560.0,0.0337923,60000000,058430,157187.0,218575.65,0.7191423198329732,1034421392.65,-7.4074074074074066,-89.76769911504425,0.7191423198329732,4.452429307920638,3.2150021728768623,33.444,-55.952380952380956,https://finance.naver.com/item/main.naver?code=058430
TYM,KOSPI,6680.0,276552000000,6.76,0.63,984.0,10601.0,0.92038,262526157410.0,27598651920.0,26475872200.0,,183.01813,기계,9900.0,5380.0,0.2052595652,41400000,002900,154766.0,181482.8,0.8527860491462552,1269892945.25,15.570934256055358,-0.7429420505200568,1.6608901780223801,9.2821431940383,10.512724595628704,92.038,-32.525252525252526,https://finance.naver.com/item/main.naver?code=002900
메가터치,KOSDAQ,9470.0,275379181170,-66.23,3.63,-138.0,2519.0,0.15059,25216164730.0,4771813600.0,4080083150.0,,255.50195,전자장비와기기,10990.0,3245.0,0.3676624433,29079111,446540,560519.0,680202.05,0.8240477957983219,5860787726.5,79.69639468690701,137.04630788485605,1.0158011138014065,-5.478364430329496,18.923629549115812,15.059000000000001,-13.830755232029112,https://finance.naver.com/item/main.naver?code=446540
대한제강,KOSPI,8040.0,276347631840,13.63,0.26,598.0,30821.0,0.40836,387727240070.0,16292618910.0,8866776050.0,,42.88131,철강,15503.954,6800.0,0.0324492351,34371596,084010,12446.0,24886.0,0.5001205497066624,209682942.75,5.789473684210522,-32.8881469115192,2.1727879128827454,1.940235553680932,4.202082605044346,40.836,-48.14226100000039,https://finance.naver.com/item/main.naver?code=084010
KG이니시스,KOSDAQ,9970.0,274717706980,5.55,0.53,1798.0,18729.0,1.60002,371847338760.0,28611433550.0,19681696830.0,,31.01234,IT서비스,12280.0,8920.0,0.0809589847,27554434,035600,41721.0,43973.35,0.9487792037677366,450367193.75,9.922822491730976,-4.593301435406694,0.9543962422694655,9.600085429013829,7.694403204662052,160.002,-18.811074918566774,https://finance.naver.com/item/main.naver?code=035600
에코아이,KOSDAQ,9150.0,271124830350,152.17,2.16,60.0,4227.0,0.15494,17756462210.0,6163158360.0,5808554340.0,,15.37804,상업서비스와공급품,15240.0,5840.0,0.0042706439,29631129,448280,10248.0,9755.95,1.0504358878428035,90493823.75,40.33742331288344,-30.995475113122172,2.3564081406731274,1.4194464158977997,34.70938234829831,15.494,-39.96062992125984,https://finance.naver.com/item/main.naver?code=448280
한라IMS,KOSDAQ,16060.0,274781460800,10.78,1.4,1511.0,11613.0,0.46431,42836209120.0,9193629960.0,8363809400.0,,20.40427,조선,22150.0,13100.0,0.0075633209,17109680,092460,27328.0,14463.75,1.8894131881427707,247208610.0,16.715116279069765,1.5170670037926604,1.8894131881427707,13.011280461551708,21.462286576865978,46.431,-27.494356659142216,https://finance.naver.com/item/main.naver?code=092460
드림시큐리티,KOSDAQ,2710.0,275619151640,30.86,2.16,87.0,1244.0,2.92383,108304341200.0,8161426430.0,4783122850.0,,15.37804,상업서비스와공급품,4810.0,1400.0,0.0128152167,101704484,203650,3782653.0,7305327.85,0.5177937359785981,19608752368.7,26.34032634032635,74.61340206185567,0.9534530335965689,6.993569131832797,7.535641082871016,292.38300000000004,-43.65904365904366,https://finance.naver.com/item/main.naver?code=203650
티이엠씨,KOSDAQ,12520.0,274474682960,16.89,1.36,759.0,9438.0,0.55838,86461337820.0,5858763870.0,5292344620.0,,33.4343,반도체와반도체장비,30300.0,6300.0,0.0282808413,21922898,425040,2258628.0,585553.75,3.8572513624923417,6771967733.5,8.398268398268405,21.908471275559883,14.811388365286705,8.041958041958042,6.7761661081362154,55.838,-58.67986798679867,https://finance.naver.com/item/main.naver?code=425040
휴메딕스,KOSDAQ,24250.0,272325802500,4.91,0.91,5017.0,26994.0,0.08597,50421305090.0,11685116180.0,2447365520.0,,45.13103,제약,65100.0,21050.0,0.0657626539,11229930,200670,26951.0,31661.45,0.8512244385522457,807545947.5,-4.150197628458496,-33.19559228650137,5.11388455045489,18.58561161739646,23.174957806313298,8.597000000000001,-62.74961597542244,https://finance.naver.com/item/main.naver?code=200670
휴온스글로벌,KOSDAQ,21500.0,272185958000,9.25,0.49,2367.0,44802.0,0.41409,214141005640.0,19504181320.0,-343623370.0,,45.13103,제약,76700.0,20100.0,0.0691086092,12659812,084110,40873.0,57044.3,0.7165133063250841,1431889788.75,-4.6563192904656265,-70.13888888888889,2.636635036278822,5.283246283648051,9.108102047857741,41.409,-71.96870925684485,https://finance.naver.com/item/main.naver?code=084110
송원산업,KOSPI,11360.0,272640000000,117.42,0.36,97.0,31671.0,0.60917,328509000000.0,39811000000.0,29619000000.0,,-30.98927,화학,16730.0,8470.0,0.1555253333,24000000,004430,72749.0,144548.4,0.5032847129404407,1699095257.0,20.466595970307534,28.652321630804067,0.8412268831754623,0.30627387831138897,12.1186938561805,60.917,-32.09802749551704,https://finance.naver.com/item/main.naver?code=004430
지노믹트리,KOSDAQ,10830.0,269225157660,-30.13,2.35,-374.0,4790.0,0.02032,842315520.0,-2644007220.0,-2476249320.0,,-31.45283,건강관리장비와용품,33300.0,9930.0,0.0220206988,24859202,228760,159534.0,110867.3,1.4389635176467723,1228159303.25,5.350194552529186,-46.2531017369727,4.9241931570445026,-7.807933194154488,-313.8974834513319,2.032,-67.47747747747748,https://finance.naver.com/item/main.naver?code=228760
서울가스,KOSPI,54600.0,270270000000,6.94,0.19,7866.0,284280.0,0.42706,275500139500.0,-2348497860.0,2575041530.0,,9.40121,가스유틸리티,84200.0,51800.0,0.0267749495,4950000,017390,4502.0,5110.7,0.8808969417105289,285765722.5,4.198473282442738,-19.823788546255507,1.0407576261568865,2.766990291262136,-0.8524488823353209,42.706,-35.154394299287404,https://finance.naver.com/item/main.naver?code=017390
롯데이노베이트,KOSPI,17850.0,270059200950,27.12,0.63,657.0,28166.0,0.87228,274495717300.0,12378062000.0,8673338500.0,,31.01234,IT서비스,25400.0,15260.0,0.0159879789,15129367,286940,8116.0,9618.85,0.843759908928822,176381262.5,7.530120481927716,-21.19205298013245,0.843759908928822,2.332599588155933,4.509382558589012,87.22800000000001,-29.7244094488189,https://finance.naver.com/item/main.naver?code=286940
아이티켐,KOSDAQ,21000.0,268443021000,-16.6,4.02,-1265.0,5224.0,2.0607,15090540510.0,-2772663280.0,-1458214830.0,,45.13103,제약,55200.0,20150.0,0.0,12783001,309710,,,,,,,,-24.215160796324657,-18.373518683195265,206.07000000000002,-61.95652173913043,https://finance.naver.com/item/main.naver?code=309710
삼양컴텍,KOSDAQ,6470.0,266631611500,10.02,1.71,649.0,3797.0,0.68551,46789798590.0,11483135120.0,9291731560.0,,41.91298,우주항공과국방,20400.0,4710.0,0.0457457999,41210450,484590,64405.0,150412.25,0.42818985820636285,1009755594.75,-0.7668711656441674,-49.844961240310084,1.0625663800654535,17.092441401106136,24.5419631330796,68.551,-68.2843137254902,https://finance.naver.com/item/main.naver?code=484590
에이블씨엔씨,KOSPI,10700.0,267108658200,19.36,3.08,548.0,3450.0,1.10789,65238290820.0,10407609700.0,9240011220.0,,44.06295,화장품,16790.0,8710.0,0.1032604259,24963426,078520,71049.0,114440.55,0.6208376314164865,1289983326.75,16.30434782608696,-11.203319502074693,2.2939334003550313,15.884057971014492,15.95322251577038,110.789,-36.27159023228111,https://finance.naver.com/item/main.naver?code=078520
트리니티항공,KOSPI,2620.0,267517958420,-0.37,3.45,-6830.0,740.0,23.11601,469700730250.0,-181982906080.0,-211381152430.0,,136.91619,항공사,9212.249,2465.0,0.0040713242,102106091,091810,75732.0,184512.25,0.41044429299409657,265409788.85,228.32080200501252,134.55684870188006,0.5898253368001312,-922.972972972973,-38.74443754497442,2311.601,-71.55960504324187,https://finance.naver.com/item/main.naver?code=091810
엔케이젠바이오텍코리아,KOSDAQ,3670.0,265496721770,-22.8,37.07,-161.0,99.0,0.92638,2138035750.0,-129894050.0,-190677320.0,,-34.55045,생명과학도구및서비스,3685.0,3670.0,0.0,72342431,182400,,,,,,,,-162.62626262626264,-6.075391863770285,92.638,-0.4070556309362261,https://finance.naver.com/item/main.naver?code=182400
제테마,KOSDAQ,7210.0,268839983790,-39.89,4.04,-184.0,1818.0,2.01879,20082245180.0,2305643430.0,1351121990.0,,-31.45283,건강관리장비와용품,11280.0,3800.0,0.0251921181,37287099,216080,136041.0,303650.7,0.4480180681289389,1888210238.3,69.44770857814335,-17.1264367816092,0.9594807454749816,-10.121012101210122,11.481004286792599,201.87900000000002,-36.08156028368794,https://finance.naver.com/item/main.naver?code=216080
진성티이씨,KOSDAQ,12050.0,265493107150,7.38,0.81,1633.0,14795.0,0.71953,152844599740.0,11492081690.0,33983526640.0,,183.01813,기계,21100.0,11210.0,0.1476224143,22032623,036890,38727.0,58160.5,0.6658642893372649,742631232.75,-7.23633564280216,-26.613885505481115,1.2862853654972017,11.037512673200405,7.518801259284845,71.953,-42.89099526066351,https://finance.naver.com/item/main.naver?code=036890
디지털대성,KOSDAQ,9540.0,264022762680,10.91,1.64,801.0,5322.0,0.86306,69024696300.0,15111354870.0,20130395550.0,,10.54071,교육서비스,10000.0,6760.0,0.0345079024,27675342,068930,411694.0,28166.25,14.61657125105401,245930234.75,35.70412517780939,7.796610169491536,14.61657125105401,15.050732807215333,21.89267853395829,86.30600000000001,-4.600000000000004,https://finance.naver.com/item/main.naver?code=068930
광주신세계,KOSPI,34400.0,262374716800,5.93,0.31,5830.0,113441.0,0.3894,48351900170.0,13896916240.0,12103885870.0,,35.16844,백화점과일반상점,59600.0,29450.0,0.0394210331,7627172,037710,16827.0,24452.3,0.6881561243727584,879205625.0,-34.97164461247637,-10.765239948119321,0.6881561243727584,5.139235373454042,28.74119981043136,38.940000000000005,-42.28187919463087,https://finance.naver.com/item/main.naver?code=037710
쿠콘,KOSDAQ,26400.0,266421724800,12.58,1.58,2127.0,16970.0,0.92563,17958595020.0,4957780910.0,13198391680.0,,31.01234,IT서비스,47400.0,13000.0,0.0242979104,10091732,294570,179611.0,268886.4,0.6679809763528389,7790950622.5,47.40368509212731,-15.52,1.4753479536339509,12.533883323512079,27.60673039554962,92.56299999999999,-44.30379746835443,https://finance.naver.com/item/main.naver?code=294570
화신,KOSPI,7540.0,263299891400,3.94,0.46,1920.0,16443.0,1.99374,498388345910.0,5800422000.0,7030664460.0,,9.52744,자동차부품,16720.0,6410.0,0.0119055303,34920410,010690,168370.0,167006.0,1.0081673712321713,1317404711.5,-24.97512437810945,-40.86274509803921,1.0081673712321713,11.676701331873746,1.1638358014590198,199.374,-54.9043062200957,https://finance.naver.com/item/main.naver?code=010690
바텍,KOSDAQ,17650.0,262177618400,6.52,0.53,2701.0,33371.0,0.38247,121362551530.0,24473090870.0,22189947960.0,,-31.45283,건강관리장비와용품,27350.0,16030.0,0.2179949639,14854256,043150,14129.0,29251.45,0.4830187905214955,538293226.75,3.0356100408639897,-24.411134903640253,0.9661401400614328,8.093853945042103,20.165273852165523,38.247,-35.46617915904936,https://finance.naver.com/item/main.naver?code=043150
KG에코솔루션,KOSDAQ,5500.0,261816511000,2.79,0.16,1964.0,34152.0,1.18977,2150308765160.0,51655482290.0,112760760890.0,,7.07227,자동차,7600.0,4745.0,0.0278844389,47603002,151860,45361.0,83384.9,0.5439953756615407,464760686.5,12.244897959183664,-10.27732463295269,7.576119897007732,5.750761302412743,2.4022355824865187,118.977,-27.631578947368418,https://finance.naver.com/item/main.naver?code=151860
KH바텍,KOSDAQ,11020.0,260925410840,11.89,0.88,925.0,12563.0,0.78792,103888068900.0,4974995270.0,3093857800.0,,104.30752,핸드셋,19960.0,8250.0,0.0791239611,23677442,060720,243007.0,105482.95,2.303756199461619,1134398809.0,11.538461538461542,-27.356624917600524,2.303756199461619,7.362891029212768,4.788803298277498,78.792,-44.78957915831663,https://finance.naver.com/item/main.naver?code=060720
한국공항,KOSPI,81400.0,257741297000,6.09,0.61,13258.0,132482.0,0.34892,173873700020.0,12924050320.0,10333016570.0,,6.50765,운송인프라,95900.0,54200.0,0.1307282348,3166355,005430,4372.0,5113.8,0.8549415307599045,410479387.5,5.3040103492884905,38.43537414965987,0.8549415307599045,10.00739723132199,7.43301046593786,34.892,-15.119916579770598,https://finance.naver.com/item/main.naver?code=005430
CJ프레시웨이,KOSDAQ,21850.0,259394154100,5.49,0.57,3961.0,38342.0,3.19376,923161888240.0,23533221970.0,10139289660.0,,7.62155,식품과기본식료품소매,36400.0,19800.0,0.1842457276,11871586,051500,7649.0,6128.55,1.2480929420499138,142027382.5,9.250000000000004,-30.4140127388535,1.7185141672989532,10.330707839966616,2.549197737665046,319.37600000000003,-39.972527472527474,https://finance.naver.com/item/main.naver?code=051500
필에너지,KOSDAQ,11970.0,259077267540,-17.18,2.09,-716.0,5893.0,0.78448,2390732760.0,-7143555190.0,-3797379860.0,,-77.6154,전기제품,22850.0,7330.0,0.0184411004,21643882,378340,35605.0,53358.1,0.6672838800482026,624423800.25,14.655172413793105,-17.67537826685007,1.1468736705392433,-12.150008484642797,-298.8019116783258,78.448,-47.6148796498906,https://finance.naver.com/item/main.naver?code=378340
채비,KOSDAQ,5560.0,261039725960,-6.14,3.03,-899.0,1822.0,0.6346,28953504370.0,-10035636350.0,-11377239200.0,,-77.6154,전기제품,30750.0,3555.0,0.0233840163,46949591,0011T0,206064.0,252354.75,0.8165647763713582,1336836634.2,-6.2394603709949426,-75.34368070953437,1.883994654350671,-49.34138309549945,-34.66121482827607,63.46000000000001,-81.91869918699187,https://finance.naver.com/item/main.naver?code=0011T0
유니테스트,KOSDAQ,12450.0,263119868700,-12.58,2.69,-1022.0,4773.0,0.94726,50527384900.0,7880932740.0,6969281360.0,,33.4343,반도체와반도체장비,23700.0,6030.0,0.0900769684,21134126,086390,239364.0,163114.3,1.4674617737378024,1854556965.0,8.355091383812008,-34.12698412698413,1.7043447447587368,-21.41210978420281,15.597349349461384,94.726,-47.46835443037975,https://finance.naver.com/item/main.naver?code=086390
한선엔지니어링,KOSDAQ,13440.0,258688684800,25.97,3.4,518.0,3957.0,0.64325,23644816780.0,5603074580.0,2031145250.0,,183.01813,기계,37300.0,7840.0,0.0,19247670,452280,894349.0,895099.5,0.9991615457275979,11023564003.5,12.562814070351758,-20.19002375296912,8.490708574856761,13.090725296942127,23.69684075851824,64.325,-63.96782841823057,https://finance.naver.com/item/main.naver?code=452280
매일유업,KOSDAQ,33850.0,259414146300,4.4,0.39,7724.0,86122.0,0.53666,480004585600.0,20405358500.0,16279052570.0,,32.42418,식품,41650.0,31100.0,0.1403063401,7663638,267980,2518.0,1594.05,1.579624227596374,54509523.75,6.951026856240117,-7.38714090287278,1.579624227596374,8.96867234852883,4.251075742223076,53.666000000000004,-18.727490996398554,https://finance.naver.com/item/main.naver?code=267980
덕산테코피아,KOSDAQ,12760.0,261281211840,-3.38,2.25,-3752.0,5642.0,7.02264,42181814090.0,-10561938960.0,-18128395900.0,,33.4343,반도체와반도체장비,33000.0,7850.0,0.0127689267,20476584,317330,29771.0,181866.75,0.16369677249964604,2340087943.5,15.370705244122963,-21.42857142857143,0.6782493226496872,-66.50124069478908,-25.039081859933347,702.264,-61.33333333333333,https://finance.naver.com/item/main.naver?code=317330
파트론,KOSDAQ,5230.0,261500000000,7.74,0.51,674.0,10321.0,0.4069,355039030210.0,4476500290.0,3936222200.0,,104.30752,핸드셋,8730.0,4950.0,0.2486044,50000000,091700,68954.0,80191.15,0.8598704470505786,430329420.0,-5.081669691470059,-37.51493428912783,3.075813228766516,6.530374963666312,1.2608473742597315,40.69,-40.09163802978236,https://finance.naver.com/item/main.naver?code=091700
세방,KOSPI,13400.0,256149080200,4.47,0.25,3011.0,54806.0,0.24661,307315327730.0,8457630130.0,22427741420.0,,8.50712,항공화물운송과물류,17110.0,11700.0,0.1279567796,19115603,004360,7005.0,17392.0,0.4027713891444342,234539665.25,13.463166807790007,-9.090909090909093,0.6899149034038639,5.493924022917199,2.7521016255429585,24.661,-21.68322618351841,https://finance.naver.com/item/main.naver?code=004360
인투셀,KOSDAQ,17300.0,259879908000,-23.25,10.48,-744.0,1650.0,0.85723,760301100.0,-2206673700.0,-2071193310.0,,45.13103,제약,74900.0,13050.0,0.0497622814,15021960,287840,72000.0,32180.45,2.237383255983058,573525298.5,-17.814726840855112,-64.72986748216105,2.237383255983058,-45.09090909090909,-290.2368153880088,85.723,-76.90253671562083,https://finance.naver.com/item/main.naver?code=287840
오픈엣지테크놀로지,KOSDAQ,9640.0,253980549200,-7.61,13.46,-1208.0,683.0,1.28199,2942294270.0,-6254481180.0,-6106602540.0,,33.4343,반도체와반도체장비,22700.0,7600.0,0.029994652,26346530,394280,251458.0,68259.25,3.6838670216857055,595119123.25,-9.227871939736342,-35.47523427041499,3.6838670216857055,-176.86676427525623,-212.5715719114662,128.19899999999998,-57.5330396475771,https://finance.naver.com/item/main.naver?code=394280
비덴트,KOSDAQ,3320.0,256309348520,29.12,0.4,114.0,8348.0,0.09303,3112694570.0,-2120518270.0,-2221502940.0,,19.06214,디스플레이패널,3320.0,3320.0,0.015392114,77201611,121800,,,,,,,,1.3655965500718734,-68.12484239338652,9.303,0.0,https://finance.naver.com/item/main.naver?code=121800
일신방직,KOSPI,11020.0,253019200000,7.38,0.27,1555.0,42582.0,0.19401,138516423590.0,12489780750.0,30041092150.0,,8.86094,"섬유,의류,신발,호화품",17800.0,9300.0,0.1013993902,22960000,003200,70511.0,108756.05,0.6483409428716839,1271921243.25,2.5116279069767433,-11.485943775100404,4.610143527647427,3.6517777464656427,9.016823006468153,19.401,-38.08988764044944,https://finance.naver.com/item/main.naver?code=003200
마녀공장,KOSDAQ,15550.0,254915193000,28.04,2.09,557.0,7488.0,0.13542,25810066400.0,2524227810.0,2806846810.0,,44.06295,화장품,21250.0,11060.0,0.0258799043,16393260,439090,55684.0,157817.95,0.3528369238099975,2643036351.75,15.441722345953979,27.25040916530279,0.8508664572059135,7.438568376068376,9.78001284801034,13.542000000000002,-26.823529411764703,https://finance.naver.com/item/main.naver?code=439090
삼영전자,KOSPI,12660.0,253200000000,47.14,0.45,269.0,28401.0,0.0864,41685108790.0,3112098050.0,5487252360.0,,-77.6154,전기제품,17990.0,10070.0,0.4008693,20000000,005680,24581.0,21594.75,1.1382859259773788,267125904.0,-11.899791231732781,-6.222222222222218,4.957686474721865,0.9471497482483011,7.465730905676738,8.64,-29.627570872707054,https://finance.naver.com/item/main.naver?code=005680
큐에이드,KOSDAQ,4080.0,253187202960,19.81,4.46,206.0,915.0,1.87686,23530444080.0,-699583090.0,-1975495220.0,,15.37804,상업서비스와공급품,4080.0,4080.0,0.0002250559,62055687,377460,,,,,,,,22.51366120218579,-2.9730976925956933,187.686,0.0,https://finance.naver.com/item/main.naver?code=377460
아스트,KOSDAQ,6000.0,252694542000,-19.13,0.78,-310.0,7610.0,0.73126,56996960540.0,3822532340.0,1754157800.0,,41.91298,우주항공과국방,10390.0,3990.0,0.0,42115757,067390,90491.0,241839.25,0.3741783023227206,580655400.35,1036.3636363636363,689.4736842105262,0.3741783023227206,-4.07358738501971,6.706554707101228,73.126,-42.25216554379211,https://finance.naver.com/item/main.naver?code=067390
에스바이오메딕스,KOSDAQ,20150.0,251494729200,-30.26,29.15,-684.0,710.0,0.92258,4816104620.0,-3686242210.0,-6405353060.0,,-65.60732,생물공학,42600.0,13910.0,0.0214403698,12481128,304360,18621.0,23517.35,0.7917983956525715,475554949.75,3.1746031746031855,-42.26361031518625,0.8977201938143541,-96.3380281690141,-76.53991141911696,92.258,-52.69953051643193,https://finance.naver.com/item/main.naver?code=304360
리파인,KOSDAQ,14620.0,253364600000,25.77,1.14,567.0,12867.0,0.04644,14114004530.0,4860802370.0,4838631290.0,,15.37804,상업서비스와공급품,17240.0,8420.0,0.0151103866,17330000,377450,15180.0,183746.8,0.0826136836124493,3055192205.5,69.80255516840883,21.32780082987551,0.4263366763393975,4.406621590114246,34.43956929210366,4.644,-15.197215777262185,https://finance.naver.com/item/main.naver?code=377450
유진기업,KOSDAQ,3245.0,250873750435,-21.85,0.25,-149.0,12870.0,1.80627,368273504130.0,14248462460.0,-11408064010.0,,7.31423,건축자재,5200.0,2950.0,0.0441192333,77310863,023410,182029.0,271602.75,0.6702030815225546,889021722.3,-6.349206349206349,-23.64705882352941,3.434166259362249,-1.1577311577311578,3.868989297413673,180.627,-37.59615384615385,https://finance.naver.com/item/main.naver?code=023410
상아프론테크,KOSDAQ,15490.0,247670183130,36.63,1.22,433.0,13041.0,0.92511,55832322730.0,3579752210.0,4967601250.0,,255.50195,전자장비와기기,30050.0,10600.0,0.0391687129,15989037,089980,42218.0,37899.55,1.1139446246723246,621998364.5,2.0421607378129147,-40.53742802303263,11.228814062436097,3.3202975231960736,6.411612548006204,92.511,-48.45257903494177,https://finance.naver.com/item/main.naver?code=089980
도우인시스,KOSDAQ,22700.0,248733479400,478.57,1.52,49.0,15451.0,0.32066,58892453300.0,8199988240.0,9822089810.0,,15.86239,디스플레이장비및부품,32250.0,11670.0,0.0140599678,10957422,484120,65429.0,57907.5,1.1298881837413115,1207396351.0,63.309352517985616,0.6651884700665134,3.5648750161896126,0.3171315772441913,13.923665564124155,32.066,-29.612403100775197,https://finance.naver.com/item/main.naver?code=484120
에어부산,KOSPI,1537.0,250400158264,-6.59,1.09,-229.0,1383.0,16.46658,235319319020.0,-35515179760.0,-61757044860.0,,136.91619,항공사,2240.0,1400.0,0.0079964461,162914872,298690,65061.0,68606.9,0.9483156941940243,105428303.45,2.603471295060089,-17.498658078368223,1.4712368581002786,-16.55820679681851,-15.092334920866202,1646.6580000000001,-31.383928571428577,https://finance.naver.com/item/main.naver?code=298690
아이스크림미디어,KOSDAQ,18900.0,252011333700,4.77,1.15,3893.0,16098.0,0.28016,77184300230.0,32329056830.0,41805699690.0,,10.54071,교육서비스,27550.0,14130.0,0.0713553158,13333933,461300,14385.0,27825.4,0.5169737002882259,532538264.0,14.061557030778516,8.000000000000007,1.3742839276344634,24.18312833892409,41.885534666587986,28.016000000000002,-31.397459165154263,https://finance.naver.com/item/main.naver?code=461300
칩스앤미디어,KOSDAQ,11670.0,249216047580,41.13,2.91,291.0,4120.0,0.23069,7091905740.0,1126870850.0,2177371120.0,,33.4343,반도체와반도체장비,21150.0,7740.0,0.0223253984,21355274,094360,142792.0,65347.4,2.1851213667261438,713586803.75,4.010695187165769,-29.528985507246375,5.414997383216471,7.063106796116505,15.889535074390315,23.069,-44.82269503546099,https://finance.naver.com/item/main.naver?code=094360
사조산업,KOSPI,49450.0,247250000000,-8.38,0.46,-5823.0,106906.0,1.1148,186669459570.0,16382254270.0,-44108186000.0,,32.42418,식품,72800.0,39150.0,0.0105772,5000000,007160,649.0,2339.75,0.277380061972433,117857240.0,20.60975609756097,-7.2232645403377145,1.040282081418955,-5.446841150169308,8.776076337145417,111.48,-32.074175824175825,https://finance.naver.com/item/main.naver?code=007160
한스바이오메드,KOSDAQ,17350.0,247434717450,-7.34,7.11,-2413.0,2492.0,0.9429,36345572940.0,4095164850.0,1786216180.0,,-31.45283,건강관리장비와용품,57800.0,12710.0,0.0612404126,14261367,042520,94081.0,112946.9,0.832966641846744,2195821433.75,-29.327902240325866,-60.52332195676906,1.5629556897975951,-96.8298555377207,11.267300303011814,94.28999999999999,-69.98269896193771,https://finance.naver.com/item/main.naver?code=042520
삼진제약,KOSPI,18500.0,246420000000,9.41,0.81,1963.0,22942.0,0.59612,79630293310.0,7150958150.0,6098509140.0,,45.13103,제약,25900.0,16580.0,0.0379116366,13320000,005500,16834.0,24866.75,0.6769682407230538,460049241.75,2.777777777777768,0.9825327510917026,0.93421938934521,8.556359515299452,8.980198179305185,59.611999999999995,-28.57142857142857,https://finance.naver.com/item/main.naver?code=005500
HEM파마,KOSDAQ,33750.0,243646211250,-10.02,48.64,-3389.0,698.0,2.50117,4574549690.0,-2859222390.0,1404750930.0,,-10.44112,건강관리업체및서비스,97500.0,23950.0,0.0066855544,7219147,376270,2634.0,9495.15,0.27740478033522376,352164756.25,-19.16167664670658,-52.6647966339411,0.8146264145379484,-485.5300859598854,-62.50281631545683,250.11700000000002,-65.38461538461539,https://finance.naver.com/item/main.naver?code=376270
선진,KOSPI,10230.0,243265348920,2.02,0.43,5002.0,23678.0,1.40279,541130013760.0,43398691730.0,23759256750.0,,32.42418,식품,13950.0,8370.0,0.0764838641,23779604,136490,57996.0,80526.15,0.7202132474978625,853795492.0,18.95348837209303,-1.0638297872340385,2.356936225064777,21.125095024917645,8.020011942868878,140.279,-26.66666666666667,https://finance.naver.com/item/main.naver?code=136490
대한제당,KOSPI,2835.0,244495829025,-3.98,0.54,-708.0,5203.0,1.48195,336628472000.0,13379268000.0,12432993000.0,,32.42418,식품,3260.0,2150.0,0.0,86241915,001790,78803.0,155350.0,0.5072610234953331,446781656.1,22.72727272727273,4.419889502762442,1.3072738976504668,-13.607534114933692,3.974490904025492,148.19500000000002,-13.036809815950923,https://finance.naver.com/item/main.naver?code=001790
한미글로벌,KOSPI,22300.0,244353365000,12.08,1.03,1826.0,21462.0,0.8424,119662587870.0,6248267710.0,5839211550.0,,38.14669,건설,34750.0,13740.0,0.0332532364,10957550,053690,239072.0,502584.05,0.47568560920307756,11209293430.0,38.16604708798017,10.945273631840791,0.8188481110771423,8.508060758549995,5.221571604976522,84.24000000000001,-35.8273381294964,https://finance.naver.com/item/main.naver?code=053690
HLB제약,KOSDAQ,7370.0,241731253720,58.85,2.18,130.0,3516.0,0.36152,62277890620.0,-30962000.0,-56665320.0,,45.13103,제약,20503.321,5528.986,0.0,32799356,047920,341751.0,297752.95,1.147766965868852,2179052872.5,-34.25512934879572,-52.57400257400258,6.653700660228555,3.6973833902161544,-0.04971587780472582,36.152,-64.05460364201487,https://finance.naver.com/item/main.naver?code=047920
사조대림,KOSPI,26650.0,244233045550,-3.01,0.37,-8909.0,72933.0,2.16947,879223955830.0,20441773570.0,-112386073460.0,,32.42418,식품,42200.0,23200.0,0.0150494295,9164467,003960,3147.0,3612.65,0.8711056980332996,107032980.0,3.2945736434108586,-19.849624060150372,1.7881610452161156,-12.215320910973086,2.3249791403491358,216.947,-36.84834123222749,https://finance.naver.com/item/main.naver?code=003960
세보엠이씨,KOSDAQ,24100.0,243045415200,6.82,0.89,3612.0,27833.0,0.70051,289840009640.0,18059542460.0,15131096890.0,,38.14669,건설,29300.0,12470.0,0.1257845414,10084872,011560,47952.0,59527.35,0.8055456861425883,1474428861.25,12.880562060889922,31.406761177753538,0.8055456861425883,12.977400926957209,6.230865946503079,70.051,-17.74744027303754,https://finance.naver.com/item/main.naver?code=011560
LIG아큐버,KOSDAQ,32300.0,245604225800,-200.95,1.44,-158.0,21991.0,0.46219,63669079000.0,5643627050.0,4582919620.0,,-362.11639,통신장비,62500.0,19990.0,0.0705390404,7603846,073490,42301.0,41157.25,1.0277897575761257,1249807146.25,22.81368821292775,-21.02689486552567,2.78461267455916,-0.7184757400754854,8.863999823210888,46.219,-48.31999999999999,https://finance.naver.com/item/main.naver?code=073490
코스맥스비티아이,KOSPI,24900.0,239137632900,8.23,0.87,3056.0,28837.0,2.04411,238977044740.0,16260419820.0,46549998450.0,,-10.44112,건강관리업체및서비스,29150.0,11810.0,0.0531619325,9603921,044820,12851.0,31575.85,0.4069882520977266,772776492.5,51.183970856102,70.89910775566233,2.492854507479609,10.597496272150362,6.804176458743499,204.411,-14.57975986277873,https://finance.naver.com/item/main.naver?code=044820
케이프,KOSDAQ,7850.0,242252687750,3.95,0.81,2008.0,9768.0,13.48029,161093349960.0,2793384940.0,-680924110.0,,8.00084,증권,17500.0,6880.0,0.0256423359,30860215,064820,31053.0,42120.5,0.7372419605655204,325627412.75,-6.100478468899517,-27.716390423572747,1.450600064101803,20.55692055692056,1.7340162959511403,1348.029,-55.14285714285714,https://finance.naver.com/item/main.naver?code=064820
에이직랜드,KOSDAQ,21900.0,239271910200,-8.78,4.22,-2443.0,5085.0,1.70494,59739940880.0,7980160420.0,9028299180.0,,33.4343,반도체와반도체장비,34800.0,13910.0,0.012507622,10925658,445090,30553.0,18220.25,1.6768705149490264,377180746.75,5.288461538461542,-22.202486678507995,1.6768705149490264,-48.0432645034415,13.3581659145425,170.494,-37.06896551724138,https://finance.naver.com/item/main.naver?code=445090
케이티알파,KOSDAQ,4920.0,241174173720,5.45,0.78,890.0,6183.0,0.54574,96365650140.0,12721918040.0,13321504320.0,,19.25197,인터넷과카탈로그소매,6100.0,4220.0,0.0117442286,49019141,036030,40026.0,25857.25,1.547960436628025,124126155.7,14.41860465116278,4.237288135593231,2.9257558325034565,14.394306970726184,13.201714533672112,54.574,-19.344262295081972,https://finance.naver.com/item/main.naver?code=036030
남양유업,KOSPI,42550.0,241405169850,47.86,0.35,888.0,120319.0,0.16962,258038155820.0,1278332550.0,1518194680.0,,32.42418,식품,58100.0,39500.0,0.066554072,5673447,003920,9779.0,2573.95,3.7992190990500982,111314988.75,4.802955665024622,-24.28825622775801,3.7992190990500982,0.7380380488534646,0.4954044668075089,16.962,-26.764199655765918,https://finance.naver.com/item/main.naver?code=003920
베뉴지,KOSDAQ,4950.0,238590000000,2.1,0.5,2331.0,9718.0,0.49008,14064019250.0,5867699120.0,219445783120.0,,14.87228,"호텔,레스토랑,레저",7300.0,2310.0,0.0064926141,48200000,019010,257908.0,252318.0,1.022154582709121,1178532934.9,-16.10169491525424,5.207226354941552,1.0770258166282232,23.986416958221856,41.72135301933692,49.008,-32.1917808219178,https://finance.naver.com/item/main.naver?code=019010
알멕,KOSDAQ,37200.0,237759373200,-170.0,1.48,-205.0,23535.0,1.24311,55217090660.0,2601088840.0,3506548200.0,,9.52744,자동차부품,104000.0,18900.0,0.0391902783,6391381,354320,128113.0,133110.7,0.9624545584990537,4868318895.0,29.84293193717278,-27.76699029126214,1.8010422903643357,-0.8710431272572764,4.710658980597585,124.31099999999999,-64.23076923076923,https://finance.naver.com/item/main.naver?code=354320
셀바스AI,KOSDAQ,8910.0,239810778900,-39.19,2.14,-223.0,4090.0,0.19775,33344024530.0,1780045870.0,-297610430.0,,-31.45283,건강관리장비와용품,17580.0,6100.0,0.015458601,26914790,108860,308347.0,219364.15,1.4056398914772537,2001231163.75,26.5625,-22.52173913043478,1.4056398914772537,-5.452322738386308,5.338425385329453,19.775000000000002,-49.31740614334471,https://finance.naver.com/item/main.naver?code=108860
우주일렉트로,KOSDAQ,25300.0,233783916300,8.23,0.68,2684.0,32705.0,0.30274,44983936610.0,447277900.0,3535839820.0,,104.30752,핸드셋,51700.0,18800.0,0.103459986,9240471,065680,147692.0,14222.5,10.38439092986465,341110992.5,-12.456747404844293,-18.25525040387722,10.38439092986465,8.206696223818987,0.9943058204927521,30.274,-51.06382978723405,https://finance.naver.com/item/main.naver?code=065680
케이엔제이,KOSDAQ,29950.0,240360580250,9.14,2.42,3271.0,12376.0,1.53727,34351360320.0,6261519370.0,360116910.0,,33.4343,반도체와반도체장비,44600.0,19320.0,0.0596774364,8025395,272110,94407.0,66021.55,1.4299421931172474,1712697398.75,6.583629893238441,-23.00771208226221,3.77566112882839,26.430187459599225,18.22786437471714,153.727,-32.847533632286996,https://finance.naver.com/item/main.naver?code=272110
피에이치에이,KOSDAQ,11140.0,233940000000,4.71,0.26,2369.0,43257.0,0.37439,316817781260.0,11381660300.0,14374783300.0,,9.52744,자동차부품,15600.0,9730.0,0.1492520476,21000000,043370,23987.0,14458.25,1.659052789929625,159821355.25,4.404873477038418,-11.446740858505567,1.7110646170871302,5.476570266084102,3.592494163280411,37.439,-28.589743589743588,https://finance.naver.com/item/main.naver?code=043370
서흥,KOSPI,20200.0,233696082600,5.11,0.46,3911.0,43882.0,0.91757,212900400980.0,22491978470.0,16566368520.0,,45.13103,제약,30800.0,16000.0,0.0592262345,11569113,008490,11462.0,15128.75,0.7576303395852269,323438018.0,24.691358024691358,0.0,1.0183921341816078,8.912538170548288,10.564554301667526,91.757,-34.41558441558441,https://finance.naver.com/item/main.naver?code=008490
아이엠바이오로직스,KOSDAQ,15910.0,236049494590,108.59,2.41,128.0,5770.0,0.01953,,-2677728840.0,-2122500000.0,,45.13103,제약,104000.0,13190.0,0.0331416693,14836549,493280,478215.0,121067.55,3.9499849464204075,1836200977.0,-21.432098765432094,-84.70192307692308,5.677161221152985,2.218370883882149,,1.9529999999999998,-84.70192307692308,https://finance.naver.com/item/main.naver?code=493280
다올투자증권,KOSPI,3895.0,237248757870,5.99,0.42,641.0,9169.0,11.59949,1060502871630.0,17114292400.0,17113433550.0,,8.00084,증권,5740.0,3005.0,0.0479862736,60911106,030210,32762.0,63936.5,0.5124146614218795,250982011.2,22.10031347962382,-4.5343137254901915,2.3244469121706692,6.990947758752318,1.6137902930611796,1159.9489999999998,-32.14285714285714,https://finance.naver.com/item/main.naver?code=030210
넥스트바이오메디컬,KOSDAQ,28450.0,235488786700,-753.95,4.89,-38.0,5864.0,0.29323,4935531420.0,-1033899060.0,-633068600.0,,-31.45283,건강관리장비와용품,101000.0,28300.0,0.0214460392,8277286,389650,25180.0,21780.2,1.1560959036188831,678403038.75,-24.63576158940397,-59.70254957507082,1.1560959036188831,-0.6480218281036835,-20.948079791577946,29.323,-71.83168316831683,https://finance.naver.com/item/main.naver?code=389650
KPX케미칼,KOSPI,56600.0,234705201000,5.26,0.35,10650.0,158214.0,0.38459,244962263730.0,23038622510.0,61185868770.0,,-30.98927,화학,57000.0,45000.0,0.3143540641,4146735,025000,4187.0,4511.4,0.9280932748149134,249063902.5,18.65828092243187,14.343434343434346,0.9280932748149134,6.731389131176761,9.40496799759877,38.458999999999996,-0.7017543859649145,https://finance.naver.com/item/main.naver?code=025000
코오롱글로벌,KOSPI,9220.0,234408901980,-0.99,0.35,-9556.0,26910.0,3.2187,750494505250.0,52208362990.0,32238057510.0,,38.14669,건설,13570.0,7900.0,0.0086618689,25423959,003070,6651.0,11418.15,0.582493661407496,108764521.0,5.612829324169533,-6.8686868686868685,2.2233023738521567,-35.510962467484205,6.956528345615093,321.87,-32.05600589535741,https://finance.naver.com/item/main.naver?code=003070
미래반도체,KOSDAQ,16270.0,234906260000,16.58,2.13,979.0,7635.0,1.24661,340148059390.0,28153149400.0,18997225470.0,,33.4343,반도체와반도체장비,47850.0,10520.0,0.0333715196,14438000,254490,126711.0,50401.05,2.5140547667161695,790705767.5,-11.576086956521737,-12.994652406417117,6.736566004081264,12.822527832351016,8.276733799536611,124.661,-65.99791013584118,https://finance.naver.com/item/main.naver?code=254490
DXVX,KOSDAQ,2370.0,233277753840,-3.95,2.43,-587.0,954.0,0.28143,6404418470.0,-6035537520.0,-5917036360.0,,-10.44112,건강관리업체및서비스,5360.0,1319.0,0.0491301321,98429432,180400,31766.0,49379.45,0.6433040465213768,118980043.4,18.204488778054873,-47.391786903440625,1.1480484290529767,-61.530398322851156,-94.24021163314146,28.143,-55.78358208955223,https://finance.naver.com/item/main.naver?code=180400
서호전기,KOSDAQ,44700.0,230205000000,9.85,2.49,4588.0,18120.0,0.32486,23953326780.0,4198541320.0,5217573130.0,,6.50765,운송인프라,59900.0,37700.0,0.0216236893,5150000,065710,11065.0,9060.25,1.221268728787837,411016008.75,-4.893617021276597,-2.7203482045701888,1.221268728787837,25.32008830022075,17.52800919288423,32.486,-25.375626043405674,https://finance.naver.com/item/main.naver?code=065710
잇츠한불,KOSPI,10450.0,229161341750,11.28,0.48,949.0,22121.0,0.05857,49663192940.0,7333928060.0,14508253000.0,,44.06295,화장품,14200.0,8200.0,0.0131349292,21929315,226320,13668.0,32510.15,0.42042254495903586,349006939.0,18.21266968325792,2.450980392156854,0.9693588002516137,4.290041137380769,14.767330946402094,5.856999999999999,-26.408450704225352,https://finance.naver.com/item/main.naver?code=226320
LS네트웍스,KOSPI,2950.0,232468897200,-7.26,0.26,-405.0,11323.0,10.8324,2379092704890.0,63054037910.0,35834276490.0,,8.00084,증권,4965.0,2560.0,0.0089221458,78803016,000680,32094.0,64266.0,0.49939314723181777,193216975.0,11.742424242424242,-8.950617283950614,1.210998039398749,-3.5767906031970322,2.650339676986878,1083.24,-40.5840886203424,https://finance.naver.com/item/main.naver?code=000680
대명에너지,KOSDAQ,12780.0,228970633500,16.15,1.42,807.0,9190.0,1.27054,25345510560.0,3397394790.0,16526211150.0,,-39.76501,에너지장비및서비스,27600.0,10590.0,0.0108564675,17916325,389260,72342.0,81016.25,0.8929319735238301,1070985777.75,-16.525146962769433,-36.88888888888889,0.8929319735238301,8.781284004352557,13.404325716609279,127.054,-53.69565217391305,https://finance.naver.com/item/main.naver?code=389260
대아티아이,KOSDAQ,3295.0,232209777215,11.48,1.52,290.0,2189.0,0.83468,30464709510.0,1798023880.0,1938808990.0,,13.80868,도로와철도운송,5140.0,2065.0,0.054987233,70473377,045390,1995870.0,1659928.3,1.2023832595660908,5846946933.4,24.33962264150944,-20.983213429256597,1.3130416536666072,13.24805847418913,5.901989248936712,83.468,-35.89494163424124,https://finance.naver.com/item/main.naver?code=045390
삼부토건,KOSPI,5820.0,227794235460,-1.04,-0.56,-5602.0,-10365.0,1.81696,21981751620.0,-6946231990.0,176408096330.0,,38.14669,건설,347.0,347.0,0.0,39139903,001470,,,,,,,,54.047274481427884,-31.59999307643892,181.696,1577.2334293948127,https://finance.naver.com/item/main.naver?code=001470
KSS해운,KOSPI,11540.0,260544638500,6.2,0.42,1619.0,24109.0,2.29983,159897316520.0,32012343410.0,17011433210.0,,10.19046,해운사,14400.0,8540.0,0.0767303325,22577525,044450,658877.0,36621.45,17.99155959144163,369801844.5,27.37306843267109,10.114503816793885,17.99155959144163,6.7153345223775345,20.020563263171393,229.983,-19.861111111111107,https://finance.naver.com/item/main.naver?code=044450
휴온스,KOSDAQ,19000.0,227613635000,5.34,0.61,3651.0,32090.0,0.60447,146980812510.0,2927452840.0,-1077068150.0,,45.13103,제약,41500.0,18850.0,0.1582299672,11979665,243070,63190.0,51154.35,1.2352810660285978,1106370054.75,-24.603174603174605,-27.756653992395442,2.18964760572659,11.3773761296354,1.9917244911139866,60.446999999999996,-54.216867469879524,https://finance.naver.com/item/main.naver?code=243070
뷰웍스,KOSDAQ,25400.0,227873839400,10.44,0.91,2434.0,27823.0,0.41988,63877066590.0,10696407740.0,16243346440.0,,-31.45283,건강관리장비와용품,34900.0,18010.0,0.3010939974,8971411,100120,24511.0,12560.25,1.9514738958221374,329855392.5,15.981735159817356,-5.75139146567718,1.9514738958221374,8.74815799877799,16.74530204816032,41.988,-27.22063037249284,https://finance.naver.com/item/main.naver?code=100120
휴스틸,KOSPI,4025.0,226157001875,-15.02,0.21,-268.0,18820.0,0.34882,242023351920.0,-805730600.0,-14250732950.0,,42.88131,철강,7300.0,3110.0,0.0191209968,56188075,005010,503683.0,415029.15,1.2136087308566157,1635850351.45,3.7371134020618646,-18.02443991853361,1.2136087308566157,-1.4240170031880977,-0.332914404171351,34.882000000000005,-44.86301369863014,https://finance.naver.com/item/main.naver?code=005010
BYC,KOSPI,35650.0,222675247500,15.12,0.52,2367.0,68791.0,0.38004,43426502660.0,2992635670.0,3698689540.0,,8.86094,"섬유,의류,신발,호화품",71500.0,29150.0,0.0497975553,6246150,001460,3323.0,2425.1,1.3702527730815224,90115858.75,12.283464566929126,-20.77777777777777,4.916498288730362,3.4408570888633685,6.891265671173899,38.004,-50.13986013986014,https://finance.naver.com/item/main.naver?code=001460
신세계 I&C,KOSPI,15930.0,222715737000,7.08,0.46,2156.0,32954.0,0.30628,174955496530.0,15236657210.0,12842179200.0,,31.01234,IT서비스,29300.0,10310.0,0.0297496585,13980900,035510,184668.0,197387.0,0.9355631323238106,3093211005.0,25.63091482649842,-29.51327433628319,4.851834214005988,6.542453116465376,8.708875978290477,30.628,-45.63139931740614,https://finance.naver.com/item/main.naver?code=035510
에이유브랜즈,KOSDAQ,15490.0,221975572500,26.34,3.35,615.0,4838.0,0.46304,30272543120.0,6274259070.0,4732567310.0,,8.86094,"섬유,의류,신발,호화품",28700.0,10450.0,0.0209087071,14330250,481070,14680.0,20136.85,0.7290117371882892,348385076.5,32.39316239316239,-17.824933687002652,1.3377961299806078,12.711864406779661,20.725906789954553,46.304,-46.02787456445993,https://finance.naver.com/item/main.naver?code=481070
골프존,KOSDAQ,35750.0,224346086250,8.35,0.49,4269.0,73255.0,0.41119,101208044200.0,6623879860.0,8242673600.0,,14.87228,"호텔,레스토랑,레저",62100.0,34100.0,0.1601825537,6275415,215000,29613.0,19692.15,1.5037971983760026,704683763.75,-3.378378378378377,-27.115188583078485,5.195065038606754,5.827588560507816,6.544815594806247,41.119,-42.43156199677939,https://finance.naver.com/item/main.naver?code=215000
흥국화재,KOSPI,3440.0,220994698800,1.75,0.27,1992.0,12842.0,9.40558,949301000000.0,35505000000.0,26831000000.0,,8.93574,손해보험,7480.0,2870.0,0.0135909722,64242645,000540,31769.0,94427.1,0.3364394331711977,350619504.7,14.666666666666671,-27.655099894847524,0.8085284838780392,15.511602554119296,3.740120362245484,940.558,-54.010695187165766,https://finance.naver.com/item/main.naver?code=000540
나무가,KOSDAQ,15640.0,220294357880,9.18,1.31,1741.0,12226.0,0.38801,93206654780.0,2152255990.0,2283054250.0,,104.30752,핸드셋,28600.0,11050.0,0.042829778,14085317,190510,72996.0,210046.75,0.3475226348420054,3418373058.0,31.318219983207385,-16.36363636363637,2.5320648855552395,14.240143955504662,2.309122664127438,38.801,-45.31468531468531,https://finance.naver.com/item/main.naver?code=190510
신성에스티,KOSDAQ,24350.0,220118594300,384.68,2.04,62.0,11704.0,1.61894,59873653620.0,1671690670.0,1229126390.0,,-77.6154,전기제품,51900.0,13800.0,0.0135275446,9039778,416180,9721.0,16285.45,0.5969131955211554,402129960.0,36.79775280898876,-31.01983002832861,0.614290670506495,0.5297334244702666,2.792030499106862,161.894,-53.08285163776494,https://finance.naver.com/item/main.naver?code=416180
한국캐피탈,KOSDAQ,1404.0,221557922352,2.44,0.29,578.0,4820.0,5.7209,157053902000.0,38681025000.0,25976723000.0,,29.49478,기타금융,2500.0,1224.0,0.0073530595,157804788,023760,62856.0,110110.7,0.5708437054709488,132100308.25,80.46272493573265,41.96157735085946,0.7103850942733086,11.991701244813278,24.629139745919844,572.09,-43.84,https://finance.naver.com/item/main.naver?code=023760
지놈앤컴퍼니,KOSDAQ,4215.0,220442076375,-19.46,1.66,-205.0,2402.0,0.51277,6253653470.0,-7973730580.0,-42647856380.0,,45.13103,제약,10180.0,2470.0,0.031588244,52299425,314130,807800.0,420856.15,1.919420685666587,1490535876.7,17.902097902097914,-51.045296167247386,5.041620515703524,-8.534554537885096,-127.50515547833834,51.276999999999994,-58.59528487229863,https://finance.naver.com/item/main.naver?code=314130
대동,KOSPI,7670.0,221102054550,-10.97,0.43,-703.0,17840.0,2.37606,467080858520.0,41232575820.0,21418694530.0,,183.01813,기계,13640.0,5470.0,0.0365681804,28826865,000490,106280.0,254232.95,0.4180417998532448,2053424490.0,10.838150289017335,-23.299999999999997,0.7030559964788199,-3.9405829596412554,8.827716886247536,237.606,-43.768328445747805,https://finance.naver.com/item/main.naver?code=000490
모토닉,KOSPI,10110.0,219721580340,8.13,0.45,1248.0,22319.0,0.10298,73661865890.0,5812353760.0,7031852190.0,,9.52744,자동차부품,11980.0,9290.0,0.1120536266,21733094,009680,12268.0,10451.55,1.1737971879769031,107328544.0,6.871035940803383,-8.257713248638844,1.5747903421023677,5.591648371342802,7.89058719837432,10.298,-15.609348914858101,https://finance.naver.com/item/main.naver?code=009680
미원화학,KOSPI,10030.0,220586580400,8.23,1.14,1235.0,8899.0,0.31198,105425225120.0,24349042190.0,19658859070.0,,-30.98927,화학,15400.0,8320.0,0.0051046985,21992680,134380,10894.0,6993.25,1.5577878668716263,71898087.0,-0.3972194637537285,-90.91485507246378,1.5577878668716263,13.87796381615912,23.09603053945084,31.197999999999997,-34.87012987012987,https://finance.naver.com/item/main.naver?code=134380
이노스페이스,KOSDAQ,6500.0,220230218000,-1.68,3.72,-3938.0,1776.0,0.17664,2471751400.0,-15819040030.0,-15966669140.0,,41.91298,우주항공과국방,20809.196,4810.0,0.0273593858,33881572,462350,202996.0,176071.95,1.152915044105549,1082475385.75,-16.773367477592828,-63.64653243847875,4.023116686104743,-221.73423423423424,-639.9931655748228,17.663999999999998,-68.7638100001557,https://finance.naver.com/item/main.naver?code=462350
지씨셀,KOSDAQ,13970.0,220730805680,-0.78,1.15,-18158.0,12404.0,0.77035,41603971180.0,-1009284590.0,2174866170.0,,-10.44112,건강관리업체및서비스,28450.0,11610.0,0.0301895326,15800344,144510,56306.0,49302.05,1.1420620440732179,707134760.75,6.155015197568381,-46.67938931297711,6.093154341452332,-146.3882618510158,-2.4259332976492076,77.035,-50.89630931458699,https://finance.naver.com/item/main.naver?code=144510
대원산업,KOSDAQ,10960.0,219612096000,2.85,0.37,3836.0,29170.0,0.30498,258546932200.0,13127008760.0,20031399020.0,,9.52744,자동차부품,18930.0,9510.0,0.1550116281,20037600,005710,10691.0,10055.1,1.0632415391194519,108888340.5,8.83813306852035,-17.84107946026986,3.702897037324343,13.150497086047308,5.077224722142729,30.497999999999998,-42.10248283148441,https://finance.naver.com/item/main.naver?code=005710
SBS,KOSPI,11890.0,220574219820,27.41,0.17,433.0,69877.0,0.69627,285351328160.0,7793303540.0,6609529880.0,,862.44938,방송과엔터테인먼트,20800.0,10500.0,0.0,18551238,034120,3204.0,5232.6,0.6123151014791881,63170283.75,11.121495327102803,-29.057279236276845,1.350571417650881,0.6196602601714442,2.7311257285020236,69.627,-42.83653846153847,https://finance.naver.com/item/main.naver?code=034120
강원에너지,KOSDAQ,8480.0,221523362240,-36.28,6.43,-234.0,1321.0,1.50366,47481157920.0,-94530510.0,-761624640.0,,255.50195,전자장비와기기,20250.0,6040.0,0.0111325107,26123038,114190,47676.0,106195.45,0.44894578816700714,955273761.75,13.520749665327969,-35.75757575757576,0.5563891861656973,-17.713853141559426,-0.1990905743269203,150.36599999999999,-58.12345679012345,https://finance.naver.com/item/main.naver?code=114190
네오티스,KOSDAQ,16150.0,222786310700,42.76,3.4,330.0,4154.0,0.75249,22575611640.0,4494698700.0,4157010150.0,,9.52744,자동차부품,36300.0,3260.0,0.1278413387,13794818,085910,781527.0,152789.75,5.115048620735357,2211914056.0,-18.144956918398382,-3.811792733770103,5.115048620735357,7.944150216658643,19.909532338145766,75.249,-55.509641873278234,https://finance.naver.com/item/main.naver?code=085910
한진,KOSPI,14250.0,221140278000,-137.45,0.15,-106.0,94858.0,1.8592,864122121550.0,29830881270.0,2967477400.0,,8.50712,항공화물운송과물류,23650.0,13700.0,0.0502474576,15518616,002320,25771.0,26162.15,0.9850490116446851,381898022.5,-4.104979811574694,-25.742574257425744,7.931649348390709,-0.11174597819899217,3.4521603516516293,185.92,-39.74630021141648,https://finance.naver.com/item/main.naver?code=002320
에스엔시스,KOSDAQ,23550.0,222231082200,10.77,1.28,2169.0,18298.0,0.36237,41075547290.0,6071907970.0,5481901550.0,,20.40427,조선,49900.0,19000.0,0.0827623275,9436564,0008Z0,11195.0,17439.65,0.641928020344445,420002935.0,2.614379084967311,-22.405271828665573,1.5416593796320452,11.853754508689475,14.782293531310364,36.237,-52.805611222444895,https://finance.naver.com/item/main.naver?code=0008Z0
미창석유,KOSPI,126700.0,220416442400,2.8,0.4,45517.0,316865.0,0.14551,135946149450.0,8156045310.0,79400019670.0,,-30.98927,화학,169000.0,104000.0,0.3034876689,1739672,003650,1518.0,2621.55,0.5790467471534015,357400690.0,0.3961965134706924,11.042944785276077,1.084472926322214,14.364792577280545,5.99946768849068,14.551,-25.029585798816566,https://finance.naver.com/item/main.naver?code=003650
경방,KOSPI,8040.0,220418770800,4.23,0.26,1888.0,31241.0,0.54323,117107557440.0,11166155600.0,-2197989990.0,,8.86094,"섬유,의류,신발,호화품",15210.0,6200.0,0.025402522,27415270,000050,30272.0,19342.85,1.5650227344987941,157222690.0,6.208718626155885,-14.102564102564108,2.477091018128146,6.043340482058833,9.534957302581411,54.323,-47.14003944773175,https://finance.naver.com/item/main.naver?code=000050
삼영,KOSPI,6420.0,218280000000,16.25,2.5,400.0,2595.0,1.17978,54043032230.0,7175900400.0,6405369840.0,,-30.98927,화학,13980.0,4365.0,0.0439954412,34000000,003720,96947.0,141669.6,0.6843175953062619,889358077.75,-0.92592592592593,-10.833333333333329,1.4983454460237058,15.414258188824661,13.278123199046856,117.97800000000001,-54.077253218884124,https://finance.naver.com/item/main.naver?code=003720
클리오,KOSDAQ,12030.0,217398376590,16.13,0.88,755.0,13864.0,0.29667,86805271280.0,11617333900.0,13721492710.0,,44.06295,화장품,15330.0,8800.0,0.0271592835,18071353,237880,45406.0,84617.8,0.5366010461155927,1074715095.0,33.07522123893805,1.8628281117696766,0.6156742434806861,5.4457587997691865,13.383212480872277,29.666999999999998,-21.52641878669276,https://finance.naver.com/item/main.naver?code=237880
PKC,KOSPI,4830.0,217485669870,21.57,0.98,229.0,5057.0,1.77804,71575091710.0,5448094140.0,3954831400.0,,-30.98927,화학,8200.0,4075.0,0.0152914329,45028089,001340,96341.0,63575.1,1.5153888865294747,318641353.55,-19.633943427620636,-28.125,1.5153888865294747,4.528376507810955,7.611718001108517,177.804,-41.09756097560976,https://finance.naver.com/item/main.naver?code=001340
갤럭시아머니트리,KOSDAQ,5540.0,217333302520,26.79,1.87,212.0,3035.0,2.4011,35926429590.0,5601261750.0,3612290940.0,,31.01234,IT서비스,12250.0,4055.0,0.0187862616,39229838,094480,517545.0,915946.5,0.565038460215744,5558317853.5,16.264428121720886,-36.757990867579906,1.0744677773210554,6.985172981878089,15.590922376430893,240.11,-54.775510204081634,https://finance.naver.com/item/main.naver?code=094480
삼목에스폼,KOSDAQ,14520.0,213444000000,20.56,0.32,715.0,45432.0,0.2051,82875525020.0,-3059226800.0,2362295790.0,,-9.00117,건축제품,22950.0,12570.0,0.0172865986,14700000,018310,12103.0,14297.5,0.8465116279069768,205647225.75,8.358208955223878,-21.893491124260358,1.3794719356530862,1.573780595175207,-3.691351335948375,20.51,-36.732026143790854,https://finance.naver.com/item/main.naver?code=018310
슈어소프트테크,KOSDAQ,4040.0,215972335960,24.94,2.03,164.0,2019.0,0.3842,26447518870.0,2755203840.0,2753063030.0,,216.01575,소프트웨어,10880.0,3000.0,0.0452170758,53458499,298830,122736.0,151400.2,0.8106726411193643,651688699.4,-0.6150061500615034,-44.80874316939891,0.9915838948693594,8.122833085685983,10.417626899305432,38.42,-62.86764705882353,https://finance.naver.com/item/main.naver?code=298830
디아이씨,KOSPI,5640.0,219331529160,-20.83,1.58,-278.0,3657.0,3.01322,196618790360.0,8729606730.0,5428742960.0,,9.52744,자동차부품,15150.0,3790.0,0.0167298519,38888569,092200,194553.0,274257.05,0.7093819466081183,1613188368.25,12.350597609561742,-40.06376195536663,1.7953412683466115,-7.6018594476346735,4.439863918406013,301.322,-62.772277227722775,https://finance.naver.com/item/main.naver?code=092200
더본코리아,KOSPI,14660.0,217378040200,-12.45,0.88,-1179.0,16648.0,0.29641,83216576480.0,-5562003640.0,-4405558260.0,,14.87228,"호텔,레스토랑,레저",27000.0,12130.0,0.004017003,14827970,475560,14677.0,55148.2,0.26613742606286334,892968938.75,3.6775106082036713,-32.12962962962963,1.4409536485324999,-7.081931763575204,-6.68376887787105,29.641000000000002,-45.7037037037037,https://finance.naver.com/item/main.naver?code=475560
덕양에너젠,KOSDAQ,8440.0,214958039280,33.88,3.56,250.0,2381.0,0.6209,35315791420.0,3189414260.0,462223360.0,,-138.54638,석유와가스,42800.0,5900.0,0.0144184518,25468962,0001A0,66637.0,131360.85,0.5072820402730341,1266506430.25,6.565656565656575,-53.95526459356247,0.5558048688022345,10.499790004199916,9.031127809283,62.09,-80.28037383177569,https://finance.naver.com/item/main.naver?code=0001A0
티씨머티리얼즈,KOSDAQ,6200.0,217239010000,122.94,2.82,51.0,2222.0,0.80715,123830504790.0,3811388910.0,2641318930.0,,56.61715,전기장비,10410.0,2990.0,0.0121121165,35038550,125020,925926.0,897351.6,1.0318430367762201,5528661528.25,29.979035639413,5.802047781569963,3.7638189980382273,2.295229522952295,3.077907916521544,80.715,-40.4418828049952,https://finance.naver.com/item/main.naver?code=125020
DSC인베스트먼트,KOSDAQ,8170.0,217322000000,12.06,1.66,669.0,4874.0,0.47042,16987618510.0,12165651570.0,9495631470.0,,14.65734,창업투자,19700.0,6120.0,0.0740557519,26600000,241520,132230.0,110235.85,1.1995190312407442,893482163.5,-3.655660377358494,-44.346049046321525,1.2028573281740922,13.725892490767336,71.61481500681522,47.042,-58.527918781725894,https://finance.naver.com/item/main.naver?code=241520
동아지질,KOSPI,19030.0,213556886510,13.37,1.05,1453.0,18566.0,1.01488,111943502470.0,5035723760.0,5524581210.0,,38.14669,건설,22500.0,13200.0,0.0697447728,11222117,028100,45608.0,118639.25,0.38442589615156875,2344857907.5,19.3103448275862,15.965874466788543,7.383770548111186,7.826133792954863,4.498451137304316,101.488,-15.422222222222226,https://finance.naver.com/item/main.naver?code=028100
씨메스로보틱스,KOSDAQ,18110.0,213822850340,-12.87,3.67,-1439.0,5040.0,0.23036,3744361940.0,-4770689860.0,-4301313780.0,,183.01813,기계,46950.0,13420.0,0.0192832255,11806894,475400,33016.0,90458.0,0.3649870658206018,1776898109.25,-1.7895878524945785,-51.57754010695187,0.65967631386942,-28.5515873015873,-127.40995492545788,23.036,-61.42705005324813,https://finance.naver.com/item/main.naver?code=475400
DS단석,KOSPI,12100.0,213608971400,-17.15,0.76,-678.0,15304.0,2.57033,310076582520.0,6289708730.0,2518116230.0,,-30.98927,화학,26450.0,9560.0,0.0228448715,17653634,017860,60706.0,64156.1,0.9462233521052558,776438641.5,11.62361623616237,-38.98134140191629,0.9505253592409764,-4.430214323052796,2.0284371940903703,257.03299999999996,-54.25330812854443,https://finance.naver.com/item/main.naver?code=017860
바이오니아,KOSDAQ,8240.0,212676797840,-78.26,1.05,-109.0,8124.0,0.69739,96153096480.0,1176049270.0,-1100049010.0,,-65.60732,생물공학,15640.0,5470.0,0.0401346502,25810291,064550,318987.0,971516.7,0.32833918346437074,9718920669.75,32.475884244373,-31.900826446280995,0.6927220087930552,-1.3417035942885278,1.2231007768373015,69.73899999999999,-47.314578005115095,https://finance.naver.com/item/main.naver?code=064550
더즌,KOSDAQ,3005.0,215663149515,17.92,3.03,173.0,1022.0,1.80378,15006965450.0,3640110900.0,2731243730.0,,31.01234,IT서비스,5530.0,1588.0,0.0163057675,71768103,462860,3245485.0,5338210.25,0.6079724941519491,16930790540.15,51.997976732422856,-19.759679572763687,3.684574994025385,16.927592954990214,24.256142336890633,180.378,-45.66003616636528,https://finance.naver.com/item/main.naver?code=462860
무학,KOSPI,7530.0,214605000000,3.93,0.33,1898.0,22743.0,0.25766,37902358510.0,2410797600.0,25544836490.0,,16.57596,음료,10490.0,7080.0,0.0214988772,28500000,033920,13128.0,15859.65,0.8277610161636606,121795058.75,2.170963364993206,-18.063112078346034,2.26619124633898,8.34542496592358,6.3605477199102145,25.766,-28.217349857006667,https://finance.naver.com/item/main.naver?code=033920
에프앤가이드,KOSDAQ,18680.0,213145001760,21.94,3.14,866.0,6042.0,0.16594,14920954800.0,7862713710.0,6163555030.0,,31.01234,IT서비스,37000.0,8140.0,0.0992440886,11410332,064850,38971.0,24435.3,1.5948648062434265,421573527.25,-27.315175097276267,-8.878048780487802,2.2352498230019684,14.333002317113538,52.69578130482642,16.594,-49.513513513513516,https://finance.naver.com/item/main.naver?code=064850
아이엘,KOSDAQ,5770.0,213003450520,-14.59,8.91,-394.0,645.0,2.88187,24870125990.0,2762638400.0,-596457000.0,,15.86239,디스플레이장비및부품,10400.0,2400.0,0.0132017087,36915676,307180,283165.0,306610.7,0.9235326751479971,1746723865.5,26.535087719298247,16.80161943319838,2.1200988745663474,-61.08527131782946,11.10826057379374,288.187,-44.51923076923077,https://finance.naver.com/item/main.naver?code=307180
신흥에스이씨,KOSDAQ,5510.0,212455874850,-36.56,0.71,-151.0,7821.0,1.46984,131556472230.0,5196061820.0,-194996620.0,,-77.6154,전기제품,12290.0,3425.0,0.0638178848,38558235,243840,92088.0,244143.0,0.37718877870756073,1420429858.5,19.652551574375686,-10.114192495921692,0.5706655525655047,-1.9306993990538295,3.949681632474708,146.984,-55.166802278275014,https://finance.naver.com/item/main.naver?code=243840
GS글로벌,KOSPI,2560.0,211286435840,10.64,0.39,241.0,6576.0,1.87525,1134888565000.0,11717467000.0,7858181000.0,,17.13115,무역회사와판매업체,5690.0,2200.0,0.0501348151,82533764,001250,198258.0,274227.3,0.7229695949309205,722820771.45,3.2258064516129004,2.400000000000002,1.2874684613822185,3.6648418491484183,1.032477316396258,187.525,-55.008787346221446,https://finance.naver.com/item/main.naver?code=001250
와이씨켐,KOSDAQ,10300.0,208277227000,44.72,4.21,229.0,2432.0,2.39348,27064804070.0,2120718390.0,-465534750.0,,33.4343,반도체와반도체장비,17700.0,7400.0,0.0293977723,20221090,112290,121739.0,83302.8,1.4614034582270943,823174114.75,2.182539682539675,-62.8158844765343,1.4614034582270943,9.416118421052632,7.83570568076165,239.34799999999998,-41.80790960451978,https://finance.naver.com/item/main.naver?code=112290
피델릭스,KOSDAQ,6350.0,210388606400,-73.6,4.84,-89.0,1353.0,0.405,33434395550.0,9612339470.0,9528789880.0,,33.4343,반도체와반도체장비,9790.0,850.0,0.3748869977,33132064,032580,1043111.0,787615.4,1.3243913209416678,3819029233.75,41.741071428571416,512.9343629343629,1.764792816392366,-6.577974870657798,28.7498526947349,40.5,-35.13789581205311,https://finance.naver.com/item/main.naver?code=032580
금화피에스시,KOSDAQ,34650.0,207900000000,6.56,0.52,5180.0,65215.0,0.26843,137037842320.0,16823880350.0,14228602070.0,,38.14669,건설,42500.0,28350.0,0.2323253333,6000000,036190,3276.0,10325.35,0.3172773804277821,363278486.25,10.702875399361012,-1.5625,0.31873011568615106,7.942957908456644,12.276813517476578,26.843,-18.470588235294116,https://finance.naver.com/item/main.naver?code=036190
코메론,KOSDAQ,22900.0,207199200000,9.14,0.82,2510.0,28066.0,0.05213,23711527520.0,9875061780.0,14357992170.0,,183.01813,기계,23650.0,10180.0,0.2255113837,9048000,049430,26135.0,30761.7,0.8495954384835689,680967122.75,18.899273104880578,22.459893048128343,1.3599378447875117,8.943205301788641,41.64667068231123,5.213,-3.1712473572938715,https://finance.naver.com/item/main.naver?code=049430
이지바이오,KOSDAQ,6250.0,206762000000,7.46,1.94,840.0,3240.0,1.92182,148130264730.0,15060340610.0,10857210180.0,,32.42418,식품,8560.0,5500.0,0.053921961,33081920,353810,58977.0,78833.4,0.7481219889031807,495026566.0,5.042016806722693,-11.09530583214794,1.3262018383071137,25.925925925925924,10.166957196391152,192.18200000000002,-26.985981308411212,https://finance.naver.com/item/main.naver?code=353810
범한퓨얼셀,KOSDAQ,23450.0,205445450000,131.08,1.29,185.0,18795.0,1.14293,17824990760.0,-3233268860.0,-3988110250.0,,-77.6154,전기제품,44200.0,11810.0,0.0254060039,8761000,382900,105453.0,238764.1,0.44166187462855594,5642285337.0,8.314087759815237,-23.739837398373986,1.1855676795632173,0.9843043362596435,-18.13896513907646,114.293,-46.94570135746606,https://finance.naver.com/item/main.naver?code=382900
오리엔탈정공,KOSDAQ,4545.0,207132289245,10.81,1.65,420.0,2752.0,0.66903,59676885480.0,8819279030.0,6784191750.0,,20.40427,조선,12900.0,3530.0,0.0445397617,45573661,014940,60791.0,125494.85,0.4844103164392802,587775879.8,0.0,-37.73972602739726,4.056979230621814,15.261627906976743,14.778383555146618,66.903,-64.76744186046511,https://finance.naver.com/item/main.naver?code=014940
옵티코어,KOSDAQ,8450.0,206658126350,-8.19,8.95,-1032.0,944.0,4.03899,3387568940.0,-1873164040.0,-9701268010.0,,-362.11639,통신장비,11100.0,2494.0,0.002225086,24456583,380540,,,,,,,,-109.32203389830508,-55.295230095007305,403.899,-23.873873873873876,https://finance.naver.com/item/main.naver?code=380540
백산,KOSPI,10350.0,204630667650,6.7,0.84,1581.0,12658.0,0.67397,126464943050.0,16339089740.0,9115931640.0,,8.86094,"섬유,의류,신발,호화품",14500.0,9050.0,0.0591632353,19771079,035150,27480.0,10749.4,2.5564217537723035,115337225.5,12.5,-24.397370343316293,2.5564217537723035,12.4901248222468,12.919856954776844,67.39699999999999,-28.620689655172416,https://finance.naver.com/item/main.naver?code=035150
천일고속,KOSPI,144500.0,206522290000,-37.27,21.87,-3941.0,6716.0,7.07281,12363550850.0,-1078313560.0,-1251599340.0,,13.80868,도로와철도운송,518000.0,36800.0,0.0064048922,1429220,000650,1118.0,1266.65,0.8826431926735877,186225840.0,-17.23940435280642,-37.98283261802575,0.9939604468479848,-58.68076235854676,-8.721714118238127,707.281,-72.1042471042471,https://finance.naver.com/item/main.naver?code=000650
대화제약,KOSDAQ,11090.0,206458648500,115.64,2.63,94.0,4138.0,1.57031,41291264990.0,3328677030.0,1983280770.0,,45.13103,제약,24900.0,7460.0,0.0028817215,18616650,067080,34554.0,78180.9,0.4419749580779961,865698959.0,26.45381984036488,-26.89518787079763,1.109068839064273,2.2716288061865635,8.061455687555577,157.031,-55.46184738955824,https://finance.naver.com/item/main.naver?code=067080
JTC,KOSDAQ,4280.0,208748932200,,,,,0.98736,46377564000.0,1971840000.0,1001795000.0,,35.16844,백화점과일반상점,7420.0,3350.0,0.1721963832,48773115,950170,23299.0,7882.25,2.9558818865171745,34121429.5,-9.225874867444329,-17.53371868978806,2.9558818865171745,,4.251711021303318,98.736,-42.31805929919138,https://finance.naver.com/item/main.naver?code=950170
계룡건설,KOSPI,22900.0,204517770300,2.04,0.22,11283.0,106029.0,2.32476,840067986790.0,69009628490.0,38800079610.0,,38.14669,건설,33300.0,16300.0,0.0992845408,8930907,013580,43955.0,73406.75,0.5987868963004084,1642831016.25,23.052122514776997,-8.21643286573146,1.9975002298834916,10.641428288487113,8.214767087327541,232.476,-31.231231231231227,https://finance.naver.com/item/main.naver?code=013580
큐라클,KOSDAQ,9360.0,207389445120,-8.14,5.17,-1120.0,1765.0,0.27297,7184603330.0,2358590980.0,3227579410.0,,45.13103,제약,20750.0,4400.0,0.0182812721,22156992,365270,84514.0,55644.85,1.5188108153764455,557018125.5,-10.086455331412104,-50.73684210526316,1.5188108153764455,-63.45609065155807,32.82840919207713,27.297,-54.89156626506024,https://finance.naver.com/item/main.naver?code=365270
엠로,KOSDAQ,16470.0,203615217180,69.03,2.13,238.0,7728.0,0.17311,17766244380.0,-1111164460.0,-1053201640.0,,216.01575,소프트웨어,48600.0,11900.0,0.0235418466,12362794,058970,27862.0,39935.35,0.6976776214556778,664318910.75,4.637865311308764,-47.79714738510301,0.6976776214556778,3.0797101449275366,-6.254357624681058,17.311,-66.11111111111111,https://finance.naver.com/item/main.naver?code=058970
세나테크놀로지,KOSDAQ,37200.0,203392860000,11.46,1.19,3280.0,31550.0,0.21128,75459826780.0,18002385630.0,14771768140.0,,-362.11639,통신장비,176400.0,27000.0,0.0194072299,5467550,061090,6002.0,12348.25,0.4860607778430142,483905715.0,34.538878842676304,-2.872062663185382,1.0934342923086267,10.396196513470683,23.856913536901178,21.128,-78.91156462585033,https://finance.naver.com/item/main.naver?code=061090
바디텍메드,KOSDAQ,9390.0,205715378190,8.66,0.88,1091.0,10787.0,0.16133,50417300180.0,8239188530.0,7649799090.0,,-34.55045,생명과학도구및서비스,15000.0,9250.0,0.033543621,21907921,206640,36289.0,29855.15,1.2155021830404469,291429705.5,-5.722891566265065,-24.274193548387103,1.2155021830404469,10.11402614257903,16.34198677950708,16.133,-37.4,https://finance.naver.com/item/main.naver?code=206640
바이오플러스,KOSDAQ,3290.0,202797975380,13.1,1.17,253.0,2841.0,0.48058,25401735860.0,6247133160.0,3743710740.0,,-31.45283,건강관리장비와용품,7060.0,3065.0,0.0310599704,61640722,099430,96536.0,127384.3,0.7578327941512415,424744278.95,-16.17834394904458,-33.333333333333336,0.935664756174819,8.905315029919041,24.593331709418067,48.058,-53.399433427762034,https://finance.naver.com/item/main.naver?code=099430
케이엔알시스템,KOSDAQ,18270.0,204569975610,-24.04,8.99,-778.0,2081.0,1.50759,4507080280.0,-1933299190.0,-2091253740.0,,183.01813,기계,45300.0,8510.0,0.0122184938,11197043,199430,78852.0,293235.0,0.2689037802445138,5169147366.25,69.01017576318225,-26.03238866396761,0.8427097720258496,-37.385872176838056,-42.89471387006224,150.759,-59.668874172185426,https://finance.naver.com/item/main.naver?code=199430
한농화성,KOSPI,13070.0,204376138940,51.58,1.17,253.0,11152.0,0.46942,72385860390.0,7779235310.0,5905198100.0,,-30.98927,화학,29450.0,9250.0,0.0409266024,15637042,011500,27256.0,53016.55,0.5141036148146192,720314833.0,1.5540015540015606,-39.76958525345622,0.6971596605211013,2.268651362984218,10.746899004981213,46.942,-55.61969439728354,https://finance.naver.com/item/main.naver?code=011500
나우로보틱스,KOSDAQ,15610.0,202592543020,-22.47,12.62,-701.0,1248.0,2.32187,6164866600.0,-4154889080.0,-8273984100.0,,183.01813,기계,38250.0,10700.0,0.0077575155,12978382,459510,24636.0,113344.65,0.21735476707546408,1826533635.5,18.797564687975644,-32.71551724137931,0.7802397378261788,-56.169871794871796,-67.39625282402704,232.187,-59.18954248366013,https://finance.naver.com/item/main.naver?code=459510
코칩,KOSDAQ,23200.0,203466923200,65.55,3.34,357.0,7001.0,0.17815,17996033150.0,4410030760.0,3490983980.0,,-77.6154,전기제품,36500.0,9310.0,0.0028321144,8770126,126730,587660.0,841947.25,0.6979772188815867,18618068747.75,58.904109589041084,21.46596858638743,3.1419533705941793,5.099271532638195,24.505571440337118,17.815,-36.438356164383556,https://finance.naver.com/item/main.naver?code=126730
지투파워,KOSDAQ,10880.0,203558674560,34.65,4.57,297.0,2252.0,0.96203,10416736730.0,412619330.0,349207910.0,,56.61715,전기장비,18460.0,5350.0,0.0100125407,18709437,388050,2726047.0,2395466.95,1.1380023422990662,25494177082.25,51.11111111111111,-6.125970664365832,1.1380023422990662,13.188277087033748,3.9611189251972196,96.203,-41.06175514626219,https://finance.naver.com/item/main.naver?code=388050
한국정보인증,KOSDAQ,5060.0,200199638760,7.8,1.0,654.0,5107.0,0.70435,36910570760.0,8538656170.0,6046410210.0,,31.01234,IT서비스,7750.0,3780.0,0.0122910705,39565146,053300,134493.0,504478.55,0.2665980545654518,2817246786.45,22.074788902291907,-16.91297208538588,2.0120934775125723,12.805952614059136,23.13336259555581,70.435,-34.70967741935483,https://finance.naver.com/item/main.naver?code=053300
미래나노텍,KOSDAQ,6520.0,202185193480,13.43,0.62,487.0,10551.0,0.94572,106692096700.0,2600443780.0,-9834903200.0,,15.86239,디스플레이장비및부품,14160.0,5220.0,0.0266993237,31009999,095500,56456.0,61944.1,0.911402377304699,425499462.5,-1.9548872180451093,-31.005291005291003,0.911402377304699,4.615676239219031,2.437334967098833,94.572,-53.954802259887,https://finance.naver.com/item/main.naver?code=095500
바이오다인,KOSDAQ,6670.0,198526567010,235.17,4.56,29.0,1495.0,0.00861,587322130.0,-680661050.0,-323040920.0,,-31.45283,건강관리장비와용품,16860.0,6550.0,0.0416450313,29764103,314930,30594.0,27283.45,1.1213391268333,190977474.75,-23.33333333333333,-46.079223928860145,1.1213391268333,1.939799331103679,-115.89228725299353,0.861,-60.43890865954923,https://finance.naver.com/item/main.naver?code=314930
동국산업,KOSDAQ,3540.0,192025466280,-16.7,0.45,-194.0,7195.0,0.94694,163391223980.0,-855131390.0,-10567984910.0,,42.88131,철강,3980.0,2125.0,0.0165062504,54244482,005160,12345341.0,1715647.75,7.195731757873958,6076950647.85,64.2691415313225,19.594594594594604,8.633544385786651,-2.6963168867268936,-0.5233643332671728,94.694,-11.05527638190955,https://finance.naver.com/item/main.naver?code=005160
성신양회,KOSPI,8120.0,199070512760,7.88,0.35,1044.0,23623.0,1.22651,503228825770.0,18935122740.0,19365922770.0,,7.31423,건축자재,15310.0,6780.0,0.0431653552,24516073,004980,44135.0,72822.65,0.6060614383025063,608676242.0,6.842105263157894,-13.983050847457623,1.258331027503119,4.419421749989417,3.7627261735308997,122.651,-46.96276943174396,https://finance.naver.com/item/main.naver?code=004980
니어스랩,KOSDAQ,33750.0,194992515000,-22.08,-1.91,-1565.0,-18059.0,1.89947,16921667690.0,680466850.0,-155950700.0,,41.91298,우주항공과국방,42000.0,25150.0,0.1149280076,5777556,417030,281746.0,809538.35,0.34803292518507617,24845230595.0,17.801047120418858,17.801047120418858,0.9872145031794973,8.666039094080514,4.021275340385792,189.947,-19.64285714285714,https://finance.naver.com/item/main.naver?code=417030
동부건설,KOSPI,8660.0,198718101580,3.81,0.35,2251.0,24189.0,2.05007,596121494460.0,18034855480.0,23100809810.0,,38.14669,건설,10610.0,5230.0,0.0812190862,22946663,005960,33082.0,59070.95,0.5600383945069446,474123984.0,40.81300813008131,11.741935483870968,2.9041347735223493,9.305882839307122,3.025365742991196,205.00699999999998,-18.37888784165881,https://finance.naver.com/item/main.naver?code=005960
효성화학,KOSPI,52200.0,197932534200,0.64,0.53,80426.0,98013.0,1.93079,871289334300.0,170770733910.0,155951871660.0,,-30.98927,화학,87500.0,38900.0,0.0222133962,3791811,298000,10065.0,26787.7,0.37573214572359703,1531387005.0,10.828025477707005,-5.09090909090909,0.8897367075187492,82.0564618979115,19.599773254104896,193.079,-40.34285714285715,https://finance.naver.com/item/main.naver?code=298000
오르비텍,KOSDAQ,5880.0,199069946040,192.07,2.44,29.0,2282.0,0.6127,16568819690.0,-1394960590.0,-5075790200.0,,-39.76501,에너지장비및서비스,16410.0,3240.0,0.0236550807,33855433,046120,1381139.0,1372317.2,1.006428397166486,7980583157.9,16.666666666666675,-37.51328374070139,1.006428397166486,1.2708150744960562,-8.419191083610615,61.27,-64.16819012797075,https://finance.naver.com/item/main.naver?code=046120
YG PLUS,KOSPI,3095.0,197037325450,8.77,1.04,353.0,2963.0,0.48857,62117127350.0,3773000490.0,2749235090.0,,862.44938,방송과엔터테인먼트,8850.0,2715.0,0.0489828882,63663110,037270,91770.0,106447.65,0.8621139123315545,336442905.0,-0.4823151125401881,-50.480000000000004,0.9879034436175905,11.9136010799865,6.074009940512807,48.857,-65.02824858757062,https://finance.naver.com/item/main.naver?code=037270
바이넥스,KOSDAQ,6010.0,196431969880,-60.79,1.04,-101.0,5881.0,0.93672,37809540710.0,-9154005880.0,-15018771870.0,,45.13103,제약,18350.0,5500.0,0.0674427035,32684188,053030,88561.0,57871.7,1.5302989198520176,386198863.75,-11.617647058823533,-50.81833060556464,2.435318126130734,-1.7173950008501957,-24.21083596389447,93.672,-67.24795640326975,https://finance.naver.com/item/main.naver?code=053030
우양피앤엘,KOSPI,6400.0,199474457600,-22.38,1.49,-273.0,4112.0,1.03838,9125576850.0,-167045910.0,-305270080.0,,-138.54638,석유와가스,8460.0,4375.0,0.0021228262,31167884,002420,25408.0,13385.65,1.898152125597188,77544397.75,24.031007751937985,5.785123966942152,3.635385655534098,-6.639105058365759,-1.8305243903567587,103.83800000000001,-24.34988179669031,https://finance.naver.com/item/main.naver?code=002420
아스테라시스,KOSDAQ,5200.0,195663478400,20.6,4.13,250.0,1247.0,0.12901,11222466670.0,79277640.0,1298373210.0,,-31.45283,건강관리장비와용품,17480.0,4050.0,0.0109976211,37627592,450950,23522.0,14454.25,1.6273414393690437,74626045.35,-15.171288743882549,-55.66922421142371,1.6273414393690437,20.04811547714515,0.7064190282865862,12.901000000000002,-70.2517162471396,https://finance.naver.com/item/main.naver?code=450950
HDC랩스,KOSPI,7490.0,194422431490,14.06,0.65,534.0,11616.0,0.55591,153732976510.0,5705679460.0,6914560140.0,,38.14669,건설,8700.0,7210.0,0.0424728387,25957601,039570,4489.0,5698.65,0.7877304273819239,43053196.5,1.7663043478260976,-12.19226260257913,2.2761531239855053,4.597107438016529,3.7114219665348496,55.591,-13.908045977011497,https://finance.naver.com/item/main.naver?code=039570
강스템바이오텍,KOSDAQ,2065.0,194221817685,-14.04,2.9,-151.0,730.0,0.20977,641994660.0,-6062121030.0,-6249329260.0,,-65.60732,생물공학,4690.0,1372.0,0.0225174543,94054149,217730,292723.0,226370.3,1.2931157488416105,512302018.45,1.225490196078427,-19.49317738791423,1.2931157488416105,-20.684931506849317,-944.2634663035982,20.977,-55.970149253731336,https://finance.naver.com/item/main.naver?code=217730
제닉,KOSDAQ,24200.0,192842056000,10.0,4.6,2414.0,5246.0,0.62969,49209965810.0,9987427080.0,11214382210.0,,44.06295,화장품,38900.0,15570.0,0.031748922,7968680,123330,236665.0,333002.05,0.7107013305173346,10006560918.75,5.217391304347818,-8.679245283018865,0.7476170191745066,46.016012199771254,20.29553753107962,62.968999999999994,-37.7892030848329,https://finance.naver.com/item/main.naver?code=123330
흥구석유,KOSDAQ,12490.0,187350000000,1168.18,2.38,11.0,5394.0,0.21738,27392682980.0,-691412610.0,-542112330.0,,-138.54638,석유와가스,36200.0,8920.0,0.0215430667,15000000,024060,1512926.0,4428065.9,0.3416674535037972,61046587721.0,35.760869565217405,-45.0989010989011,0.6618977825059017,0.2039302929180571,-2.5240777272705106,21.738,-65.49723756906077,https://finance.naver.com/item/main.naver?code=024060
한국유니온제약,KOSDAQ,2410.0,192441519730,-0.64,-0.86,-3770.0,-2802.0,1.30415,5944304300.0,-1252491540.0,2136249520.0,,45.13103,제약,2725.0,2725.0,0.0005947559,79851253,080720,,,,,,,,134.5467523197716,-21.070447890764946,130.415,-11.559633027522931,https://finance.naver.com/item/main.naver?code=080720
대성에너지,KOSPI,7050.0,193875000000,7.83,0.56,905.0,12713.0,0.84526,161046909120.0,2733815670.0,3075582200.0,,9.40121,가스유틸리티,16150.0,6400.0,0.0101736364,27500000,117580,133274.0,395206.3,0.33722640555072125,3068231325.0,8.294930875576046,-31.619786614936952,0.33722640555072125,7.118697396365925,1.6975275619620658,84.526,-56.346749226006196,https://finance.naver.com/item/main.naver?code=117580
SP삼화,KOSPI,7070.0,192328525830,23.12,0.57,308.0,12503.0,0.98353,177546898930.0,13751021060.0,9556792060.0,,7.31423,건축자재,14300.0,5180.0,0.20459126,27203469,000390,92473.0,86028.95,1.0749055986385978,572359924.75,18.624161073825498,-35.72727272727273,1.365877416846306,2.463408781892346,7.745007737601492,98.35300000000001,-50.55944055944056,https://finance.naver.com/item/main.naver?code=000390
HB테크놀러지,KOSDAQ,2035.0,193165858930,6.45,0.64,320.0,3208.0,0.30438,28535978680.0,516788200.0,10604293450.0,,15.86239,디스플레이장비및부품,6140.0,1575.0,0.0130856666,94921798,078150,1293638.0,1072958.6,1.2056737324254634,2160701542.65,-7.499999999999996,-5.348837209302326,1.2588053257600058,9.975062344139651,1.8110056984385159,30.438,-66.85667752442997,https://finance.naver.com/item/main.naver?code=078150
솔트룩스,KOSDAQ,15270.0,192308165850,-16.85,2.66,-885.0,5600.0,0.61851,11526290870.0,-3519948240.0,-3279174940.0,,31.01234,IT서비스,36000.0,9960.0,0.0185771553,12593855,304100,128995.0,93095.65,1.385617910181625,1464851911.5,29.73661852166525,-38.052738336714,1.385617910181625,-15.803571428571427,-30.538429748996954,61.851,-57.58333333333333,https://finance.naver.com/item/main.naver?code=304100
동원개발,KOSDAQ,2100.0,190697010000,7.21,0.18,290.0,11867.0,0.37071,69813246060.0,1951097660.0,5885914570.0,,38.14669,건설,3630.0,1919.0,0.0267915087,90808100,013120,32838.0,54506.75,0.6024574937966398,117275204.5,-2.5522041763341052,-26.573426573426573,1.5982424195168488,2.4437515800117975,2.7947384917801372,37.071,-42.14876033057852,https://finance.naver.com/item/main.naver?code=013120
교촌에프앤비,KOSPI,3805.0,190117129400,10.84,1.01,351.0,3776.0,0.90069,132272708200.0,7847786370.0,5193492460.0,,32.42418,식품,5050.0,3495.0,0.0182931559,49965080,339770,22117.0,34596.6,0.6392824728441523,131975440.2,4.389574759945125,-10.680751173708924,1.5153512194839955,9.295550847457628,5.93303522457099,90.069,-24.653465346534652,https://finance.naver.com/item/main.naver?code=339770
스카이라이프,KOSPI,4000.0,190091820000,27.21,0.35,147.0,11465.0,0.85278,249926108840.0,11100581290.0,10427966750.0,,862.44938,방송과엔터테인먼트,5510.0,3895.0,0.0609372881,47522955,053210,22358.0,23102.15,0.9677887123059974,93697696.1,-1.4778325123152691,-22.027290448343084,1.5498990353711666,1.2821631051024858,4.441545279731648,85.27799999999999,-27.404718693284934,https://finance.naver.com/item/main.naver?code=053210
피아이이,KOSDAQ,5280.0,190230480000,-8.29,3.31,-626.0,1566.0,2.02212,11008389060.0,-2980091980.0,-10564623880.0,,31.01234,IT서비스,9850.0,1815.0,0.0111553631,36028500,452450,247346.0,693985.15,0.3564139664948162,3474818816.55,53.7117903930131,-6.382978723404253,0.9025178708795137,-39.97445721583653,-27.071099720016615,202.21200000000002,-46.39593908629441,https://finance.naver.com/item/main.naver?code=452450
AJ네트웍스,KOSPI,4185.0,189382796415,6.54,0.41,635.0,10216.0,2.76176,327848505000.0,21486266000.0,28331292000.0,,13.80868,도로와철도운송,5570.0,3825.0,0.059741374,45252759,095570,99988.0,67529.55,1.4806555056267958,287499303.2,6.6242038216560495,-15.794768611670019,1.4806555056267958,6.215740015661707,6.553717852091472,276.17600000000004,-24.8653500897666,https://finance.naver.com/item/main.naver?code=095570
엘오티베큠,KOSDAQ,10460.0,186292945180,-20.62,0.67,-500.0,15352.0,0.35504,81458228770.0,8738173640.0,7962423900.0,,33.4343,반도체와반도체장비,17940.0,6070.0,0.0812196698,17810033,083310,117855.0,52264.95,2.254952889077671,504653290.0,13.203463203463194,-20.817562452687355,2.254952889077671,-3.2569046378322044,10.727183455796126,35.504000000000005,-41.69453734671126,https://finance.naver.com/item/main.naver?code=083310
현대비앤지스틸,KOSPI,12530.0,188937501830,13.02,0.37,976.0,34303.0,0.41561,202786746880.0,9531629210.0,5300223690.0,,28.1014,비철금속,25500.0,9250.0,0.0406007476,15078811,004560,41024.0,41043.8,0.999517588527378,504866350.0,14.42922374429223,-26.72514619883041,1.9713574279184674,2.8452321954348014,4.700321572612625,41.561,-50.862745098039206,https://finance.naver.com/item/main.naver?code=004560
KZ정밀,KOSDAQ,12090.0,190417500000,20.41,0.33,591.0,36900.0,0.25597,34270020660.0,6978754620.0,6856153460.0,,183.01813,기계,19130.0,11110.0,0.0419421587,15750000,036560,9266.0,5412.85,1.7118523513491044,66370211.0,8.723021582733814,-9.166040570999245,1.7118523513491044,1.6016260162601628,20.364022214161103,25.596999999999998,-36.800836382645066,https://finance.naver.com/item/main.naver?code=036560
BGF에코머티리얼즈,KOSDAQ,2980.0,187045359020,13.56,0.46,226.0,6634.0,0.67439,102653009360.0,1201814520.0,927978380.0,,-30.98927,화학,6520.0,2460.0,0.0085864685,62766899,126600,46966.0,53101.8,0.8844521277998109,160489999.15,6.238859180035661,-17.79310344827586,0.8844521277998109,3.406692794694001,1.1707542988684185,67.43900000000001,-54.29447852760736,https://finance.naver.com/item/main.naver?code=126600
코텍,KOSDAQ,10570.0,187739995730,4.77,0.38,2221.0,27942.0,0.22142,129613502290.0,16038491670.0,16180359510.0,,19.06214,디스플레이패널,14500.0,8430.0,0.1220432474,17761589,052330,10256.0,14496.35,0.7074884367444219,164622200.5,-1.6744186046511622,4.861111111111116,1.7384376067078955,7.948607830506048,12.374090188624901,22.142,-27.103448275862075,https://finance.naver.com/item/main.naver?code=052330
사람인,KOSDAQ,17150.0,184066336650,1.98,0.68,8746.0,25433.0,0.1523,35192356250.0,6443132240.0,6749210020.0,,15.37804,상업서비스와공급품,18400.0,12570.0,0.231265649,10732731,143240,5375.0,11304.5,0.47547436861426867,193992034.25,15.100671140939603,24.09551374819103,1.3890928391348578,34.38839303267409,18.30832864451922,15.229999999999999,-6.793478260869568,https://finance.naver.com/item/main.naver?code=143240
현대사료,KOSDAQ,994.0,187340898626,43.22,2.45,23.0,406.0,0.48044,29524987020.0,296016000.0,-619654860.0,,32.42418,식품,994.0,994.0,0.0238011824,188471729,016790,,,,,,,,5.665024630541872,1.0025948522838672,48.044,0.0,https://finance.naver.com/item/main.naver?code=016790
HLB테라퓨틱스,KOSDAQ,1990.0,188419755060,-19.14,1.18,-105.0,1705.0,0.30543,12558348050.0,-4731982440.0,-9042240740.0,,45.13103,제약,4160.0,1342.0,0.0342725085,94683294,115450,198084.0,200366.9,0.9886064015563449,409382893.3,-3.864734299516903,-33.666666666666664,2.5467080640564883,-6.158357771260997,-37.67997527349945,30.543,-52.16346153846154,https://finance.naver.com/item/main.naver?code=115450
해성산업,KOSDAQ,5980.0,188849308960,-7.72,0.26,-775.0,23076.0,1.14593,659043299310.0,27316269660.0,14588426040.0,,-5.79675,종이와목재,9090.0,5350.0,0.0147663634,31580152,034810,12023.0,16182.65,0.7429561907351392,97750660.25,-5.529225908372826,-19.298245614035093,0.9618325799544574,-3.3584676720402147,4.1448368701418214,114.59299999999999,-34.21342134213421,https://finance.naver.com/item/main.naver?code=034810
환인제약,KOSPI,10000.0,186000700000,11.6,0.44,857.0,22777.0,0.13433,71418439120.0,7894213000.0,7699034960.0,,45.13103,제약,12140.0,9160.0,0.1259762463,18600070,016580,41076.0,29527.9,1.3910911375343318,301092824.75,8.342361863488623,-2.9126213592232997,1.3910911375343318,3.7625675023049565,11.05346615981881,13.433,-17.627677100494232,https://finance.naver.com/item/main.naver?code=016580
국보디자인,KOSDAQ,25000.0,187500000000,4.08,0.51,6006.0,47874.0,0.36786,105617551520.0,7083761310.0,74730394460.0,,38.14669,건설,27400.0,19660.0,0.1369245333,7500000,066620,2836.0,5218.35,0.5434668046413138,134616546.25,4.166666666666674,15.740740740740744,0.8793967441815899,12.54543175836571,6.706992548164309,36.786,-8.75912408759124,https://finance.naver.com/item/main.naver?code=066620
슈피겐코리아,KOSDAQ,30250.0,188044980750,5.98,0.32,4967.0,91806.0,0.07943,110317441460.0,12575472880.0,15231954040.0,,104.30752,핸드셋,34950.0,21000.0,0.1200743908,6216363,192440,4692.0,4401.9,1.065903359912765,131806885.0,9.009009009009006,26.041666666666675,1.8639678320725144,5.410321765461952,11.399351465706118,7.943,-13.447782546494992,https://finance.naver.com/item/main.naver?code=192440
티엑스알로보틱스,KOSDAQ,12120.0,187265089800,-11.9,3.43,-1032.0,3578.0,0.65791,10143464550.0,-1560723570.0,-1442557110.0,,183.01813,기계,26500.0,7540.0,0.0115778256,15450915,484810,89265.0,438244.0,0.20368789989138472,6234267602.25,33.18681318681318,-25.59852670349908,0.23600094924288753,-28.84292901062046,-15.386494055426061,65.791,-54.26415094339623,https://finance.naver.com/item/main.naver?code=484810
영진약품,KOSPI,1028.0,188013727468,-1033.0,2.07,-1.0,500.0,1.63933,61578186350.0,-1497358690.0,-2431269460.0,,45.13103,제약,2320.0,998.0,0.0256150311,182892731,003520,584880.0,404106.95,1.4473396213551881,437144148.05,-6.968325791855201,-43.1730237700387,4.717944098709513,-0.2,-2.4316381802628393,163.933,-55.6896551724138,https://finance.naver.com/item/main.naver?code=003520
이연제약,KOSPI,10010.0,186053978110,-6.24,0.84,-1616.0,12010.0,1.28034,35845295000.0,-7031997860.0,-6804366510.0,,45.13103,제약,13200.0,9100.0,0.0115617467,18586811,102460,10961.0,24224.0,0.4524851387054161,240499772.5,2.2471910112359605,-2.5316455696202556,0.9273447820343461,-13.455453788509574,-19.617631435311107,128.034,-24.16666666666667,https://finance.naver.com/item/main.naver?code=102460
비엠티,KOSDAQ,18820.0,186805155700,8.97,1.23,2063.0,15049.0,0.7982,48647105460.0,6295774410.0,4882986640.0,,183.01813,기계,22200.0,10610.0,0.0362492614,9925885,086670,117359.0,46238.1,2.538144949727606,796712451.5,27.248140635564578,43.11787072243345,3.13550946081262,13.708552063260019,12.941724590739915,79.82000000000001,-15.225225225225225,https://finance.naver.com/item/main.naver?code=086670
한국비엔씨,KOSDAQ,2700.0,184666192200,69.29,0.85,42.0,3417.0,0.17611,24606572850.0,-366262890.0,-1737934320.0,,-31.45283,건강관리장비와용품,6180.0,2050.0,0.0365351146,68394886,256840,1578175.0,2475726.1,0.6374594507849636,7024169131.3,11.340206185567014,-33.168316831683164,0.7224918782412966,1.2291483757682178,-1.4884758321799372,17.610999999999997,-56.310679611650485,https://finance.naver.com/item/main.naver?code=256840
대창단조,KOSPI,6830.0,185390924600,5.94,0.53,1142.0,12806.0,0.27176,102055392610.0,15725020380.0,12462235920.0,,183.01813,기계,7490.0,5170.0,0.0875129773,27143620,015230,42890.0,72772.6,0.5893701750384073,479130761.0,26.014760147601468,7.559055118110236,0.6946707964261274,8.91769483054818,15.408318931359604,27.176000000000002,-8.811748998664882,https://finance.naver.com/item/main.naver?code=015230
유니퀘스트,KOSPI,8420.0,181872858840,8.69,0.73,955.0,11427.0,1.8253,216298440440.0,16573774540.0,12929732430.0,,33.4343,반도체와반도체장비,9520.0,4075.0,0.6043258962,21600102,077500,493597.0,187772.95,2.6286906607155074,1436268979.25,43.93162393162393,37.35725938009789,4.189075156991462,8.357399142382077,7.66245679177584,182.53,-11.5546218487395,https://finance.naver.com/item/main.naver?code=077500
노바렉스,KOSDAQ,10090.0,184191416320,5.12,0.72,2000.0,14257.0,0.40109,101784947810.0,10966592940.0,7670886300.0,,-10.44112,건강관리업체및서비스,21500.0,9970.0,0.0638008051,18254848,194700,49580.0,70488.55,0.7033766476966826,766500778.75,-13.01724137931034,-25.480059084194973,0.8237082476515689,14.028196675317389,10.774277706042673,40.109,-53.06976744186047,https://finance.naver.com/item/main.naver?code=194700
대한제분,KOSPI,11030.0,186407000000,-7.18,0.18,-1519.0,61093.0,0.53184,351123357970.0,7028056060.0,12224109470.0,,32.42418,식품,16400.0,10500.0,0.0727715385,16900000,001130,18190.0,12929.95,1.4068113179091952,148018591.25,3.277153558052426,-92.5422582826234,2.529785498010433,-2.486373234249423,2.001591719967681,53.184,-32.74390243902439,https://finance.naver.com/item/main.naver?code=001130
일진파워,KOSDAQ,12240.0,184563398160,9.64,1.23,1250.0,9773.0,1.1392,86381019170.0,5603242490.0,3896060560.0,,38.14669,건설,24500.0,9010.0,0.0370380515,15078709,094820,98904.0,110177.8,0.89767630139647,1330414223.0,9.090909090909083,-30.494037478705284,1.740332444467034,12.790340734677171,6.486659388647266,113.92,-50.04081632653061,https://finance.naver.com/item/main.naver?code=094820
아이티엠반도체,KOSDAQ,8060.0,182824448040,-1.79,1.85,-4522.0,4375.0,12.8251,66981834860.0,-8262237880.0,-65926254090.0,,255.50195,전자장비와기기,19620.0,6610.0,0.0254104694,22682934,084850,26350.0,16147.6,1.6318214471500407,135924525.75,-10.84070796460177,-25.370370370370367,1.6318214471500407,-103.36000000000001,-12.33504262352481,1282.51,-58.91946992864424,https://finance.naver.com/item/main.naver?code=084850
셀비온,KOSDAQ,14100.0,181964039100,-22.89,7.62,-591.0,1776.0,1.30607,472050830.0,-2641657880.0,14401888780.0,,45.13103,제약,42200.0,9930.0,0.0333766465,12905251,308430,19188.0,14953.95,1.2831392374589992,196116469.0,-5.369127516778526,-48.91304347826087,4.750651165745505,-33.27702702702703,-559.6130145560808,130.607,-66.58767772511848,https://finance.naver.com/item/main.naver?code=308430
에치에프알,KOSDAQ,13720.0,182599480000,-544.17,1.19,-24.0,10988.0,0.79553,24143777030.0,-7672896900.0,-4757762540.0,,-362.11639,통신장비,39700.0,11150.0,0.0880459839,13309000,230240,172780.0,191589.8,0.901822539613278,2401712655.0,-24.945295404814004,-46.19607843137254,2.8807274708778863,-0.2184200946487077,-31.78001888629933,79.553,-65.44080604534005,https://finance.naver.com/item/main.naver?code=230240
대성산업,KOSPI,4030.0,182298976340,-2.48,0.24,-1626.0,16698.0,1.69976,365855736190.0,3012632130.0,-2584066430.0,,-138.54638,석유와가스,13140.0,3585.0,0.0291054734,45235478,128820,61739.0,124814.75,0.4946450639848255,531822310.95,-4.61538461538461,-49.37185929648241,0.7898265229069481,-9.737693136902623,0.8234481059046314,169.976,-69.33028919330289,https://finance.naver.com/item/main.naver?code=128820
방림,KOSPI,5690.0,182710326820,27.26,0.99,208.0,5755.0,0.37123,31527782270.0,1582071060.0,5462288420.0,,8.86094,"섬유,의류,신발,호화품",6280.0,4460.0,0.0,32110778,003610,73816.0,62567.2,1.179787492488077,351442609.0,12.450592885375489,3.642987249544616,1.179787492488077,3.614248479582971,5.01802203038368,37.123,-9.39490445859873,https://finance.naver.com/item/main.naver?code=003610
대양전기공업,KOSDAQ,18940.0,181205287020,7.12,0.66,2680.0,29042.0,0.24645,70834320840.0,7559162520.0,7664418020.0,,20.40427,조선,36650.0,14000.0,0.0759142595,9567333,108380,23098.0,36783.8,0.6279394733551182,675572595.25,18.969849246231153,-32.83687943262411,0.985080388649351,9.228014599545487,10.671610075961024,24.645,-48.32196452933152,https://finance.naver.com/item/main.naver?code=108380
SJG세종,KOSPI,6680.0,180709357320,2.65,0.35,2541.0,19312.0,1.40996,524581498840.0,34025396460.0,33485949530.0,,9.52744,자동차부품,12640.0,5240.0,0.071954513,27052299,033530,22073.0,35085.15,0.6291265677929266,238715256.25,23.703703703703695,-22.14452214452215,0.9920436423957144,13.157622203811101,6.486198338149535,140.996,-47.15189873417721,https://finance.naver.com/item/main.naver?code=033530
헥토이노베이션,KOSDAQ,13960.0,181387403320,5.75,0.79,2427.0,17664.0,1.14987,102828587180.0,12880295230.0,8921575140.0,,31.01234,IT서비스,25700.0,12210.0,0.150478625,12993367,214180,30066.0,53537.7,0.5615855742775652,770543765.75,8.385093167701863,-34.460093896713616,2.0485564377999057,13.739809782608695,12.525986773943732,114.987,-45.68093385214008,https://finance.naver.com/item/main.naver?code=214180
동성케미컬,KOSPI,3600.0,182410527600,5.34,0.39,670.0,9170.0,0.73224,352378978740.0,46133195770.0,31340729120.0,,-30.98927,화학,4773.456,3150.0,0.0391071244,50669591,102260,72730.0,68331.3,1.0643731350054806,253066804.9,6.038291605301915,-11.33004926108374,1.2950434134869377,7.306434023991276,13.091926179864153,73.224,-24.582943678542346,https://finance.naver.com/item/main.naver?code=102260
코오롱생명과학,KOSDAQ,13740.0,179864885220,6.93,0.31,2001.0,45249.0,0.55551,50590987740.0,-785008530.0,-2185648850.0,,45.13103,제약,72700.0,13210.0,0.0241638983,13090603,102940,25596.0,59010.2,0.4337555202320955,873510181.0,-66.89156626506025,-77.47540983606558,0.8828643183720781,4.422197175628191,-1.5516766227897332,55.550999999999995,-81.10041265474553,https://finance.naver.com/item/main.naver?code=102940
듀켐바이오,KOSDAQ,6360.0,181188259200,26.24,3.46,229.0,1737.0,0.50469,11196128400.0,1931234680.0,1204698030.0,,45.13103,제약,12770.0,5100.0,0.0077891881,28488720,176750,161997.0,33993.45,4.765535713497748,212716931.0,0.4739336492890933,-33.88773388773389,4.765535713497748,13.18364997121474,17.24912944013754,50.468999999999994,-50.195771339075954,https://finance.naver.com/item/main.naver?code=176750
HS효성,KOSPI,47650.0,177540421550,9.07,0.34,5292.0,139520.0,0.83416,430921091740.0,35762681620.0,27112020950.0,,31.62059,복합기업,75400.0,37400.0,0.0501918046,3725927,487570,1012.0,2425.4,0.4172507627607817,115754750.0,7.9275198187995555,-18.267581475128647,1.1857837882411149,3.7930045871559632,8.29912536320634,83.416,-36.80371352785146,https://finance.naver.com/item/main.naver?code=487570
JW신약,KOSDAQ,3220.0,180439471660,13.22,4.44,245.0,729.0,0.51981,21543453050.0,3583998170.0,3571783220.0,,45.13103,제약,4335.0,1246.0,0.0126691596,56037103,067290,3949502.0,24640944.9,0.1602820839877776,84708190922.3,33.60995850622406,60.19900497512438,0.43941245126521106,33.6076817558299,16.636136099825464,51.981,-25.720876585928487,https://finance.naver.com/item/main.naver?code=067290
지어소프트,KOSDAQ,11530.0,178420177900,13.01,1.11,915.0,10737.0,0.37547,145103021570.0,9900705620.0,7606603530.0,,-17.12923,판매업체,12900.0,6270.0,0.2117976559,15474430,051160,173279.0,352540.1,0.49151571693546353,4130228816.25,74.96206373292868,49.54604409857328,11.978492659416618,8.521933500977926,6.82322498379108,37.547000000000004,-10.620155038759693,https://finance.naver.com/item/main.naver?code=051160
한솔제지,KOSPI,7480.0,178028308480,46.01,0.26,163.0,29322.0,1.92434,592742934640.0,50803654220.0,29963959460.0,,-5.79675,종이와목재,9810.0,5930.0,0.0545574191,23800576,213500,24658.0,25660.1,0.9609471514140632,193256316.0,23.84105960264902,-10.311750599520387,1.1601279807950866,0.5558965964122502,8.570942182694322,192.434,-23.751274209989802,https://finance.naver.com/item/main.naver?code=213500
그래피,KOSDAQ,16050.0,179554190850,-13.5,8.48,-1190.0,1893.0,1.07106,6278652830.0,-3691905270.0,-3563149750.0,,-31.45283,건강관리장비와용품,69000.0,8210.0,0.0320191591,11187177,318060,42615.0,51635.3,0.8253074931297,905311537.75,3.1491002570694038,-62.23529411764706,1.248080286160824,-62.86318013734813,-58.80091430377748,107.106,-76.73913043478261,https://finance.naver.com/item/main.naver?code=318060
더핑크퐁컴퍼니,KOSDAQ,12340.0,177091463400,8.98,1.01,1443.0,12838.0,0.10457,21704662490.0,2656650680.0,21541578060.0,,862.44938,방송과엔터테인먼트,61500.0,9500.0,0.0345993766,14351010,403850,96743.0,126302.15,0.7659647915732235,1633021709.0,21.09911678115799,-33.44120819848975,1.56913401711689,11.24006854650257,12.239999959566292,10.456999999999999,-79.9349593495935,https://finance.naver.com/item/main.naver?code=403850
아바코,KOSDAQ,12040.0,176714077960,5.95,0.76,1987.0,15532.0,1.0308,16487860500.0,-11028132010.0,-7580390450.0,,-77.6154,전기제품,17500.0,9110.0,0.0512065306,14677249,083930,49078.0,28073.95,1.7481686759433568,324271001.0,11.481481481481492,-18.0952380952381,1.7481686759433568,12.792943600309039,-66.88637382636759,103.08,-31.200000000000006,https://finance.naver.com/item/main.naver?code=083930
SAMG엔터,KOSDAQ,17320.0,176791076840,4.88,1.97,3560.0,8830.0,0.45055,37458325950.0,2069946400.0,-350312380.0,,862.44938,방송과엔터테인먼트,66100.0,16740.0,0.0465023345,10207337,419530,29016.0,58846.9,0.49307610086512627,1102773865.25,-15.512195121951223,-49.577874818049494,1.3753145875143804,40.31710079275198,5.525998152621661,45.055,-73.79727685325264,https://finance.naver.com/item/main.naver?code=419530
압타바이오,KOSDAQ,6320.0,177550319600,-10.4,3.76,-607.0,1680.0,0.28897,1602804790.0,-3574709530.0,1115500140.0,,-10.44112,건강관리업체및서비스,10890.0,3870.0,0.0157540889,28093405,293780,41199.0,38150.5,1.079907209604068,238964456.25,58.00000000000001,-8.272859216255446,2.275540294360493,-36.13095238095238,-223.02837827181685,28.897000000000002,-41.96510560146923,https://finance.naver.com/item/main.naver?code=293780
미래산업,KOSPI,6410.0,178061325980,12.88,1.12,479.0,5490.0,0.36263,30798429920.0,10360254660.0,10723734180.0,,33.4343,반도체와반도체장비,13400.0,2046.0,0.0965731343,27778678,025560,404256.0,352262.65,1.1475982480685931,2242671945.5,-82.81501340482573,-52.65878877400295,1.1475982480685931,8.72495446265938,33.6389052523493,36.263,-52.16417910447761,https://finance.naver.com/item/main.naver?code=025560
대원제약,KOSPI,7830.0,175607974890,-121.08,0.63,-65.0,12407.0,1.0793,152831677190.0,-8919930.0,3777595600.0,,45.13103,제약,13670.0,7060.0,0.1307459658,22427583,003220,32153.0,43068.8,0.7465497065160859,350073388.25,7.260273972602738,-26.132075471698112,0.7465497065160859,-0.5238977996292415,-0.005836440562587534,107.92999999999999,-42.721287490855886,https://finance.naver.com/item/main.naver?code=003220
경농,KOSPI,8970.0,175117497750,8.6,0.61,1044.0,14751.0,0.75991,121952525580.0,13536273720.0,9905856650.0,,-30.98927,화학,11900.0,8550.0,0.0089190079,19522575,002100,16391.0,23232.0,0.7055354683195593,213481665.0,-2.500000000000002,-7.716049382716051,0.9131800964187328,7.077486272117145,11.099625576118388,75.991,-24.6218487394958,https://finance.naver.com/item/main.naver?code=002100
DH오토넥스,KOSPI,4200.0,174035631000,41.58,4.81,101.0,874.0,0.66541,7815513600.0,-1910947440.0,-4737127330.0,,9.52744,자동차부품,1984.0,1984.0,0.0208810206,41437055,000300,,,,,,,,11.556064073226544,-24.45069560111827,66.541,111.69354838709675,https://finance.naver.com/item/main.naver?code=000300
에스오에스랩,KOSDAQ,9750.0,175632297750,-9.9,6.66,-1000.0,1486.0,3.91849,455980250.0,-5177308500.0,-6243283870.0,,255.50195,전자장비와기기,28700.0,6550.0,0.0248619804,18013569,464080,100231.0,91778.65,1.0920949480080608,910775793.5,11.047835990888387,-45.50027948574623,1.1387942620642166,-67.29475100942126,-1135.4238478530594,391.849,-66.02787456445994,https://finance.naver.com/item/main.naver?code=464080
삼화전기,KOSPI,26500.0,175266230000,18.92,1.9,1427.0,14219.0,0.45258,53621967270.0,1367992950.0,1014507480.0,,-77.6154,전기제품,59500.0,17800.0,0.2595822082,6613820,009470,104106.0,59128.65,1.7606693202026429,1472450590.0,-2.573529411764708,-33.249370277078086,2.2989532147275473,10.035867501230749,2.551180084669057,45.257999999999996,-55.46218487394958,https://finance.naver.com/item/main.naver?code=009470
JW생명과학,KOSPI,10970.0,173705057380,5.92,0.77,1847.0,14245.0,0.34847,63245757500.0,9346122010.0,8014213790.0,,45.13103,제약,15580.0,10550.0,0.1437592748,15834554,234080,9248.0,13053.35,0.7084771342222494,145262827.25,-0.09107468123861207,-16.131498470948014,0.799564862659777,12.965952965952965,14.777468686338368,34.847,-29.589216944801024,https://finance.naver.com/item/main.naver?code=234080
나이벡,KOSDAQ,15300.0,173927232900,35.7,3.68,416.0,4032.0,0.34617,6060942840.0,102547480.0,381340000.0,,-31.45283,건강관리장비와용품,54300.0,11230.0,0.0270162379,11367793,138610,90160.0,67052.65,1.3446150152156553,1058964554.25,-2.9187817258883197,-47.15025906735752,1.4012421582144778,10.317460317460316,1.691939401296185,34.617,-71.82320441988949,https://finance.naver.com/item/main.naver?code=138610
이랜텍,KOSDAQ,6780.0,171474403800,6.47,0.63,1056.0,10776.0,1.28684,213541859660.0,7108932600.0,3228852910.0,,104.30752,핸드셋,14490.0,5700.0,0.0670694285,25291210,054210,149918.0,71010.4,2.111211878823384,486899971.5,-3.0042918454935674,-33.853658536585364,2.111211878823384,9.799554565701559,3.3290581112849713,128.684,-53.209109730848866,https://finance.naver.com/item/main.naver?code=054210
지씨지놈,KOSDAQ,7280.0,172177773040,36.59,2.05,185.0,3310.0,0.09967,8288372330.0,432631990.0,780805070.0,,-34.55045,생명과학도구및서비스,9520.0,4100.0,0.0285351954,23650793,340450,807946.0,130373.7,6.197154794256817,811868009.25,64.89241223103058,-6.5468549422336375,6.197154794256817,5.589123867069486,5.21974608252185,9.966999999999999,-23.529411764705888,https://finance.naver.com/item/main.naver?code=340450
큐알티,KOSDAQ,14020.0,172296000020,56.48,1.83,247.0,7641.0,0.66803,18495957190.0,1226107620.0,1105317380.0,,33.4343,반도체와반도체장비,24200.0,8060.0,0.0434605679,12289301,405100,30285.0,62704.7,0.4829781499632404,820746604.25,14.636140637775963,-19.471568064330846,0.4829781499632404,3.232561183091218,6.629057406463429,66.803,-42.06611570247934,https://finance.naver.com/item/main.naver?code=405100
데브시스터즈,KOSDAQ,14130.0,171950089500,14.93,0.94,953.0,15161.0,1.0024,52668441030.0,-15974564350.0,-14972710280.0,,17.25132,게임엔터테인먼트,58200.0,13100.0,0.0252333154,12169150,194480,88615.0,88982.05,0.9958750107465494,1420047333.25,7.452471482889744,-65.66221142162819,1.0442330784691969,6.285865048479651,-30.33042945186259,100.24,-75.72164948453607,https://finance.naver.com/item/main.naver?code=194480
비보존 제약,KOSDAQ,2810.0,170622261460,-4.62,2.06,-622.0,1394.0,0.71591,13282472890.0,-1937664490.0,-2840010670.0,,45.13103,제약,6832.829,2070.0,0.0144499313,60719666,082800,185172.0,281089.1,0.6587662061602532,864802341.0,12.851405622489963,-16.986706056129986,0.6587662061602532,-44.61979913916787,-14.588130584168654,71.59100000000001,-58.87501355587854,https://finance.naver.com/item/main.naver?code=082800
켄코아에어로스페이스,KOSDAQ,12280.0,169147261960,-10.36,1.0,-1183.0,12229.0,0.3893,28473502330.0,1183958760.0,333635220.0,,41.91298,우주항공과국방,39600.0,7300.0,0.053630964,13774207,274090,2832550.0,521905.0,5.427328728408427,6540893685.25,9.642857142857153,-41.800947867298575,11.0917944836704,-9.673726388093876,4.158107233449002,38.93,-68.98989898989899,https://finance.naver.com/item/main.naver?code=274090
서연,KOSPI,7300.0,171402861200,2.84,0.18,2575.0,40447.0,1.23318,1356856518230.0,66974388820.0,46812070110.0,,9.52744,자동차부품,11990.0,6550.0,0.0639655016,23479844,007860,32580.0,21744.4,1.4983168080057394,166742199.75,-4.823989569752285,-24.742268041237114,2.093826456466952,6.366355972012758,4.935996394620054,123.318,-39.11592994161801,https://finance.naver.com/item/main.naver?code=007860
삼일제약,KOSPI,8040.0,174402160440,-5.03,1.31,-1633.0,6277.0,1.98471,50602012210.0,-6330463200.0,-7690298150.0,,45.13103,제약,12860.0,5500.0,0.0335276755,21691811,000520,101264.0,87959.1,1.1512623480685908,617961938.25,34.673366834170864,-24.007561436672965,2.7274380933865854,-26.015612553767724,-12.510299340920222,198.471,-37.48055987558321,https://finance.naver.com/item/main.naver?code=000520
이크레더블,KOSDAQ,14230.0,171380428000,13.35,4.02,1069.0,3547.0,0.36012,23016513280.0,12258218740.0,9733842520.0,,15.37804,상업서비스와공급품,18490.0,13320.0,0.0976867382,12043600,092130,3337.0,2821.3,1.1827880764186722,40266100.0,4.786450662739328,-6.5045992115637326,2.978059759685251,30.138144911192555,53.2583653782681,36.012,-23.039480800432667,https://finance.naver.com/item/main.naver?code=092130
DMS,KOSDAQ,7800.0,173036167200,1.23,0.38,5910.0,19235.0,0.34816,28806665820.0,-5631978580.0,-2577711380.0,,15.86239,디스플레이장비및부품,9190.0,4230.0,0.0430253635,22184124,068790,192367.0,32137.95,5.9856649226226315,226444744.75,67.02355460385438,-3.4653465346534684,5.9856649226226315,30.725240447101637,-19.550956071041757,34.816,-15.125136017410224,https://finance.naver.com/item/main.naver?code=068790
이랜시스,KOSDAQ,5740.0,173891072880,41.29,3.25,140.0,1780.0,0.2648,20733808020.0,1368218240.0,184357710.0,,255.50195,전자장비와기기,9530.0,3525.0,0.0112197179,30294612,264850,210731.0,540385.7,0.38996405715399207,3191634540.0,40.85889570552148,-13.423831070889891,1.418618220282291,7.865168539325842,6.598972261536354,26.479999999999997,-39.769150052465896,https://finance.naver.com/item/main.naver?code=264850
아이디스,KOSDAQ,15940.0,170819256600,9.12,0.65,1745.0,24487.0,0.31574,83750597990.0,8555358550.0,6076610240.0,,255.50195,전자장비와기기,20750.0,13670.0,0.020344351,10716390,143160,2714.0,3651.9,0.7431747857279772,58593188.0,13.21022727272727,-11.09871723368656,1.8324707686409814,7.126230244619594,10.215280553604558,31.574,-23.180722891566262,https://finance.naver.com/item/main.naver?code=143160
제일일렉트릭,KOSDAQ,7600.0,168872000000,25.91,1.09,298.0,7066.0,0.49529,49896972970.0,3009747390.0,2693764980.0,,56.61715,전기장비,22300.0,5410.0,0.0382414491,22220000,199820,197382.0,165281.9,1.1942142485051297,1251278369.0,2.564102564102555,-29.104477611940293,2.872540792427967,4.217378998018681,6.03192380389403,49.529,-65.91928251121077,https://finance.naver.com/item/main.naver?code=199820
아바텍,KOSDAQ,12600.0,172213057800,24.39,1.11,506.0,11122.0,0.05716,16906770690.0,335757730.0,1309743500.0,,15.86239,디스플레이장비및부품,19490.0,6750.0,0.0235809192,13667703,149950,401906.0,154392.2,2.603149640979272,1599413049.75,23.408423114593546,24.13793103448276,2.603149640979272,4.549541449379608,1.9859364993847919,5.716,-35.351462288353,https://finance.naver.com/item/main.naver?code=149950
오로라,KOSDAQ,15780.0,169838404200,7.2,0.91,2279.0,18082.0,2.17803,91165080960.0,12176952580.0,10487551590.0,,10.58054,레저용장비와제품,26400.0,9040.0,0.0658365922,10762890,039830,65685.0,55218.55,1.189545904410746,867859504.5,-6.4056939501779375,46.24652455977758,2.3923663334151293,12.603694281606018,13.357035886736956,217.80300000000003,-40.22727272727272,https://finance.naver.com/item/main.naver?code=039830
에브리봇,KOSDAQ,13370.0,169673094710,-13.21,2.74,-1017.0,4906.0,0.42895,9837802680.0,-1226926360.0,7609482820.0,,11.82308,가정용기기와용품,31900.0,9470.0,0.0,12690583,270660,20601.0,50130.25,0.410949476613422,722829473.25,28.43419788664745,-28.002154011847068,0.410949476613422,-20.72971871178149,-12.471548778817345,42.895,-58.087774294670844,https://finance.naver.com/item/main.naver?code=270660
원익,KOSDAQ,9280.0,168832719680,14.95,0.61,632.0,15605.0,0.39977,54031094690.0,3921639990.0,11242703460.0,,44.06295,화장품,17800.0,4215.0,0.0084126575,18193181,032940,343405.0,3814030.1,0.09003730725669941,35675154682.5,54.409317803660564,-11.45038167938931,1.1854114627988908,4.049983979493752,7.258116853823085,39.977000000000004,-47.86516853932584,https://finance.naver.com/item/main.naver?code=032940
유화증권,KOSPI,2975.0,168689684625,13.01,0.34,229.0,8871.0,0.81785,5454662920.0,-2431772970.0,705841510.0,,8.00084,증권,4940.0,2630.0,0.0166995533,56702415,003460,89700.0,30870.55,2.905681952540528,93793184.45,2.941176470588225,-19.594594594594593,2.905681952540528,2.5814451583812423,-44.581544371581444,81.785,-39.77732793522267,https://finance.naver.com/item/main.naver?code=003460
도화엔지니어링,KOSPI,5050.0,170286000000,23.05,0.66,220.0,7625.0,2.02685,169612698910.0,4491439240.0,3419723840.0,,38.14669,건설,7650.0,4465.0,0.008863968,33720000,002150,22705.0,40442.8,0.5614101892054951,212497904.5,7.7908217716115225,-20.34700315457413,1.4656255254334516,2.8852459016393444,2.648055993957888,202.685,-33.98692810457516,https://finance.naver.com/item/main.naver?code=002150
스트라드비젼,KOSDAQ,3115.0,167665878030,-1.12,5.82,-2836.0,548.0,0.49288,6419628710.0,-11148801250.0,-11307539730.0,,216.01575,소프트웨어,11080.0,2410.0,0.0030258806,53825322,475040,695236.0,2101349.2,0.33085219724546494,7367793121.65,-56.73611111111111,-56.73611111111111,0.7892514961340076,-517.5182481751824,-173.66738410639329,49.288,-71.88628158844766,https://finance.naver.com/item/main.naver?code=475040
모트렉스,KOSDAQ,6820.0,167344870220,22.66,0.66,301.0,10261.0,1.78384,186411461810.0,18313198280.0,18661850960.0,,9.52744,자동차부품,11570.0,4240.0,0.0237002163,24537371,118990,86208.0,121956.45,0.70687528211915,785380187.0,30.401529636711278,-19.85898942420682,1.045036978363998,2.9334372868141507,9.824073102686002,178.38400000000001,-41.054451166810715,https://finance.naver.com/item/main.naver?code=118990
바이오솔루션,KOSDAQ,6480.0,167988070800,577.27,4.8,11.0,1324.0,0.6042,4703519580.0,-482470150.0,-736043900.0,,-65.60732,생물공학,13450.0,5240.0,0.0194813433,25924085,086820,80595.0,56728.95,1.4207031859394543,374104419.25,9.830508474576272,-46.08985024958403,1.4207031859394543,0.8308157099697886,-10.257640938745705,60.419999999999995,-51.82156133828997,https://finance.naver.com/item/main.naver?code=086820
EDGC,KOSDAQ,741.0,167118555474,2.04,-2.55,364.0,-291.0,0.69186,1223555640.0,-716261990.0,-730475010.0,,-34.55045,생명과학도구및서비스,415.0,415.0,0.0046554242,225531114,245620,,,,,,,,-125.08591065292096,-58.53938853160776,69.186,78.55421686746989,https://finance.naver.com/item/main.naver?code=245620
와이솔,KOSDAQ,6590.0,169020840610,-4.28,0.59,-1522.0,11034.0,0.2558,81310276850.0,-1843555530.0,1573762430.0,,104.30752,핸드셋,9340.0,5270.0,0.0979118163,25648079,122990,38096.0,67957.55,0.560585247702426,443539202.25,7.154471544715446,-13.403416557161629,2.0574755858620564,-13.793728475620808,-2.267309375174019,25.580000000000002,-29.443254817987153,https://finance.naver.com/item/main.naver?code=122990
모베이스전자,KOSDAQ,2260.0,165507612820,8.28,0.68,274.0,3346.0,2.15031,262792833090.0,2843078150.0,2056819420.0,,9.52744,자동차부품,7070.0,1262.0,0.0390917911,73233457,012860,307705.0,300411.65,1.0242778534054853,680732281.7,-7.186858316221767,-41.145833333333336,3.039742300273641,8.188882247459652,1.0818705048270159,215.031,-68.03394625176804,https://finance.naver.com/item/main.naver?code=012860
바이오비쥬,KOSDAQ,11310.0,166859675970,38.12,2.76,298.0,4118.0,0.05487,9875617430.0,2701051940.0,2529350540.0,,44.06295,화장품,18450.0,5230.0,0.0054772201,14753287,489460,21505.0,95325.3,0.22559593308387174,1110000747.75,92.67461669505963,25.110619469026553,0.8980511994192517,7.236522583778533,27.3507146175467,5.487,-38.699186991869915,https://finance.naver.com/item/main.naver?code=489460
아이텍,KOSDAQ,6220.0,165069693920,-29.06,0.83,-213.0,7422.0,0.36563,14245360460.0,1083265460.0,2768341020.0,,33.4343,반도체와반도체장비,9730.0,4300.0,0.021294091,26538536,119830,96682.0,173819.3,0.5562213171955014,1128511328.0,-6.184012066365008,-9.197080291970805,0.6051859603622843,-2.869846402586904,7.604338711131497,36.563,-36.07399794450154,https://finance.naver.com/item/main.naver?code=119830
레드캡투어,KOSDAQ,10010.0,167375428220,7.03,0.83,1416.0,12037.0,2.51291,98226670040.0,15737165330.0,9128823160.0,,13.80868,도로와철도운송,13330.0,9000.0,0.0694241587,16720822,038390,5466.0,9726.45,0.5619727649861974,97362810.25,6.7164179104477695,-4.026845637583898,1.511959656400845,11.763728503780012,16.021275406762225,251.29100000000003,-24.906226556639155,https://finance.naver.com/item/main.naver?code=038390
인터플렉스,KOSDAQ,7180.0,167491248960,4.44,0.47,1410.0,13306.0,0.22978,90881456040.0,-5165293500.0,-3979379670.0,,255.50195,전자장비와기기,14670.0,5500.0,0.0689113677,23327472,051370,2328281.0,66077.15,35.23579633806846,418551211.0,2.57142857142858,-43.95003903200625,35.23579633806846,10.596723282729597,-5.683550555931432,22.978,-51.05657805044308,https://finance.naver.com/item/main.naver?code=051370
그린광학,KOSDAQ,14200.0,166176082200,67.92,2.57,212.0,5602.0,0.58292,15353192950.0,214771970.0,377811700.0,,41.91298,우주항공과국방,55000.0,11000.0,0.0614051256,11702541,0015G0,55606.0,37466.0,1.4841723162333849,538209111.75,-0.21082220660576523,-61.30790190735696,2.8893663588320075,3.7843627275972866,1.398874948679649,58.292,-74.18181818181819,https://finance.naver.com/item/main.naver?code=0015G0
아크릴,KOSDAQ,20450.0,164220125800,-32.58,3.5,-585.0,5448.0,0.24241,5473699580.0,-1495145460.0,-1531092020.0,,31.01234,IT서비스,77000.0,11500.0,0.035308538,8030324,0007C0,1509347.0,232841.45,6.482295141178686,4226655821.5,32.53402462734931,-54.30167597765363,6.482295141178686,-10.737885462555067,-27.3150807447127,24.241,-73.44155844155844,https://finance.naver.com/item/main.naver?code=0007C0
티쓰리,KOSDAQ,2980.0,166064135600,9.64,1.62,308.0,1835.0,0.12823,25802746480.0,5173827280.0,5593544860.0,,17.25132,게임엔터테인먼트,3795.0,1660.0,0.0356289373,55726220,204610,63078.0,116170.9,0.5429759087688913,375407258.7,18.72509960159363,10.780669144981413,1.357241787745468,16.78474114441417,20.051459576252054,12.823,-21.475625823451917,https://finance.naver.com/item/main.naver?code=204610
인터로조,KOSDAQ,14380.0,164129681860,13.8,1.13,1007.0,12297.0,0.60163,29448340190.0,5983531050.0,4777134780.0,,-31.45283,건강관리장비와용품,23100.0,12420.0,0.042762206,11413747,119610,39310.0,27268.65,1.4415821832030555,384027568.25,-9.102402022756007,-19.933184855233854,1.4415821832030555,8.188989184353908,20.318737869076482,60.163,-37.748917748917755,https://finance.naver.com/item/main.naver?code=119610
석경에이티,KOSDAQ,30150.0,164468250000,44.06,3.8,699.0,8109.0,0.22955,5168301790.0,1275560010.0,1132870500.0,,-30.98927,화학,75300.0,28650.0,0.0131055912,5455000,357550,2007.0,2617.3,0.7668207694952813,85351352.5,-14.346590909090907,-43.64485981308411,1.051465250448936,8.620051794302627,24.680447501499327,22.955000000000002,-59.9601593625498,https://finance.naver.com/item/main.naver?code=357550
지누스,KOSPI,7490.0,164224339370,-8.61,0.25,-844.0,29617.0,0.66482,147542224520.0,-26700835150.0,-22055421060.0,,28.02909,가구,16790.0,7100.0,0.0763368273,21925813,013890,15786.0,18336.5,0.8609058435361165,137128743.75,-9.975961538461542,-36.57917019475021,5.893600196329725,-2.849714690886991,-18.097080504829034,66.482,-55.39011316259679,https://finance.naver.com/item/main.naver?code=013890
사조씨푸드,KOSPI,9600.0,165298012800,-6.04,0.82,-1637.0,11978.0,1.06059,83890211920.0,10484028730.0,4625103380.0,,32.42418,식품,11240.0,6480.0,0.0441133724,17218543,014710,9647.0,5682.8,1.6975786584078272,58460257.5,29.554655870445345,28.514056224899598,1.6975786584078272,-13.666722324261146,12.497320593250922,106.059,-14.590747330960852,https://finance.naver.com/item/main.naver?code=014710
에이스테크,KOSDAQ,2200.0,166114154800,-5.81,2.54,-399.0,914.0,3.32945,28725227710.0,-8129919970.0,-9530825060.0,,-362.11639,통신장비,7890.0,1330.0,0.0,75506434,088800,330556.0,421659.1,0.7839413402912448,962947715.25,22.9050279329609,-36.23188405797102,7.700253593483456,-43.65426695842451,-28.302369095475484,332.945,-72.11660329531053,https://finance.naver.com/item/main.naver?code=088800
재영솔루텍,KOSDAQ,7130.0,166593441070,16.41,1.65,440.0,4370.0,0.87871,48976872050.0,7968557170.0,6528826800.0,,104.30752,핸드셋,40500.0,4045.0,0.0,23365139,049630,203048.0,286077.65,0.7097653381870271,2038975972.75,4.087591240875921,129.99999999999997,1.1260369343777816,10.068649885583524,16.270041014185185,87.871,-82.39506172839506,https://finance.naver.com/item/main.naver?code=049630
지앤비에스 에코,KOSDAQ,5170.0,164566481970,26.88,1.45,199.0,3701.0,0.24794,36663511990.0,5079369770.0,5116378020.0,,33.4343,반도체와반도체장비,10150.0,2550.0,0.0619378738,31831041,382800,690487.0,667664.0,1.0341833616909104,3419756425.95,13.876651982378863,20.232558139534884,1.5800896858299984,5.3769251553634145,13.85401859861489,24.794,-49.064039408866996,https://finance.naver.com/item/main.naver?code=382800
티케이케미칼,KOSDAQ,1819.0,165338794446,1.43,0.14,1282.0,13505.0,0.20355,129538053690.0,21468721270.0,41079029990.0,,-30.98927,화학,2915.0,1358.0,0.0424905502,90895434,104480,154064.0,185410.35,0.8309352741095629,324959079.25,22.9054054054054,-2.623126338329762,2.69216901861196,9.492780451684562,16.573293065972113,20.355,-37.59862778730704,https://finance.naver.com/item/main.naver?code=104480
화승엔터프라이즈,KOSPI,2705.0,163893991580,-5.81,0.36,-477.0,7621.0,2.01272,397514062000.0,7290491770.0,-1579103870.0,,8.86094,"섬유,의류,신발,호화품",6530.0,2650.0,0.0553402718,60589276,241590,61237.0,32043.4,1.911064368949612,90736599.95,-8.614864864864868,-43.46917450365726,3.122140596815569,-6.2590211258365045,1.8340210993592474,201.272,-58.575803981623274,https://finance.naver.com/item/main.naver?code=241590
코리아에프티,KOSDAQ,5870.0,163427045680,3.68,0.62,1577.0,9358.0,0.98264,216993397410.0,14405116580.0,11422977770.0,,9.52744,자동차부품,9550.0,4600.0,0.4385124074,27841064,123410,76443.0,66309.6,1.152819501248688,383456873.75,18.585858585858595,-20.460704607046065,1.152819501248688,16.85189142979269,6.63850455909593,98.264,-38.53403141361257,https://finance.naver.com/item/main.naver?code=123410
잉글우드랩,KOSDAQ,8220.0,163313858520,,,,,0.3116,51302029000.0,8633679000.0,6616895000.0,,44.06295,화장품,16910.0,7000.0,0.1137795071,19867866,950140,6842.0,21987.5,0.3111768050028425,186732021.0,3.656998738965944,-35.478806907378335,0.5922455940875497,,16.829118006229344,31.16,-51.389710230632765,https://finance.naver.com/item/main.naver?code=950140
코난테크놀로지,KOSDAQ,13080.0,163728743040,-15.53,5.46,-830.0,2361.0,0.76461,4171608450.0,-2820698750.0,-2677645300.0,,216.01575,소프트웨어,29750.0,10010.0,0.0073982895,12517488,402030,18114.0,23412.6,0.7736859639681197,321371102.75,16.890080428954413,-31.803962460896763,0.8919983256878775,-35.15459551037696,-67.61657484896503,76.461,-56.03361344537815,https://finance.naver.com/item/main.naver?code=402030
에스앤디,KOSDAQ,56200.0,162572774800,7.87,1.88,7124.0,29812.0,0.39047,49922511690.0,8303293740.0,6577474140.0,,32.42418,식품,115000.0,42100.0,0.0476774036,2892754,260970,7090.0,17215.4,0.41184056135785396,966131015.0,27.149321266968318,1.9963702359346636,0.5503212240203538,23.896417549979873,16.632363755173873,39.047,-51.1304347826087,https://finance.naver.com/item/main.naver?code=260970
아나패스,KOSDAQ,13350.0,161847590250,59.6,2.15,224.0,6221.0,0.94997,18148800490.0,-4190473020.0,-2869100950.0,,15.86239,디스플레이장비및부품,22900.0,10750.0,0.0411586174,12123415,123860,10503.0,11690.1,0.8984525367618754,156947097.0,-12.745098039215685,-14.25818882466281,2.5377028425761967,3.600707281787494,-23.089531577081104,94.997,-41.70305676855895,https://finance.naver.com/item/main.naver?code=123860
지니언스,KOSDAQ,17930.0,162797228000,19.61,2.37,867.0,7171.0,0.30767,13184435290.0,2569533910.0,2688450300.0,,216.01575,소프트웨어,29300.0,11000.0,0.2621217895,9079600,263860,237008.0,427895.4,0.5538923765013599,8019396351.5,55.37261698440208,25.122121423586876,3.3840116065748775,12.090363965974062,19.48914650860257,30.767,-38.805460750853236,https://finance.naver.com/item/main.naver?code=263860
GC메디아이,KOSDAQ,3050.0,159201273950,4.22,1.1,729.0,2787.0,0.43712,51525002630.0,3959770140.0,155068740.0,,-59.4544,건강관리기술,4390.0,2645.0,0.0208160834,52197139,032620,27718.0,34376.55,0.8063054611355706,105703027.9,13.805970149253731,-22.97979797979798,1.500994136991641,26.157158234660926,7.685143013839377,43.712,-30.523917995444194,https://finance.naver.com/item/main.naver?code=032620
해태제과식품,KOSPI,5530.0,161016025660,6.3,0.48,878.0,11639.0,1.27424,160091672560.0,9290178030.0,4502125680.0,,32.42418,식품,7380.0,5350.0,0.0095527252,29116822,101530,25162.0,23537.5,1.0690175252257037,131791276.25,1.645338208409508,-16.26506024096386,1.0690175252257037,7.5436034023541545,5.803036398734718,127.424,-25.067750677506773,https://finance.naver.com/item/main.naver?code=101530
라이콤,KOSDAQ,5210.0,159499773600,675.0,7.62,8.0,709.0,0.4257,4530334520.0,128132380.0,112584380.0,,-362.11639,통신장비,9330.0,2110.0,0.0042961819,30614160,388790,1198497.0,884314.5,1.3552836688757224,4339011218.5,7.644628099173545,1.5594541910331383,5.1856437952787156,1.1283497884344147,2.828320501153632,42.57,-44.158628081457664,https://finance.naver.com/item/main.naver?code=388790
SV인베스트먼트,KOSDAQ,2665.0,160268390945,-149.44,2.09,-18.0,1287.0,0.18542,9148729350.0,1570657980.0,776140510.0,,14.65734,창업투자,5030.0,1439.0,0.0058574052,60138233,289080,1321771.0,3304065.35,0.40004384295849355,8607724851.3,41.229464758876524,-25.245441795231415,3.6584355088497267,-1.3986013986013985,17.168045090327215,18.542,-47.01789264413519,https://finance.naver.com/item/main.naver?code=289080
녹십자웰빙,KOSDAQ,8890.0,159693648100,16.08,1.43,564.0,6351.0,1.13391,52082475760.0,4628645090.0,3965020990.0,,45.13103,제약,15890.0,6680.0,0.0152092963,17963290,234690,116114.0,821554.0,0.14133459273523105,8696693664.25,22.451790633608827,-2.3076923076923106,0.4522891982754633,8.880491261218705,8.887144903266787,113.39099999999999,-44.052863436123346,https://finance.naver.com/item/main.naver?code=234690
강남제비스코,KOSPI,12330.0,160290000000,-59.95,0.26,-207.0,47663.0,0.43952,178519987200.0,12368816920.0,6891422540.0,,7.31423,건축자재,18880.0,11110.0,0.0493452308,13000000,000860,3349.0,8378.95,0.39969208552384244,105232244.5,1.900826446281001,-19.778789850357835,1.0786554401207789,-0.43429914189203367,6.9285333894534356,43.952000000000005,-34.692796610169495,https://finance.naver.com/item/main.naver?code=000860
SYTS,KOSPI,53400.0,160200000000,5.86,0.31,9071.0,171777.0,0.05801,35341736030.0,1613039040.0,6482148350.0,,8.86094,"섬유,의류,신발,호화품",62700.0,49050.0,0.0383993333,3000000,002170,773.0,2822.5,0.2738706820194863,159100415.0,0.945179584120992,-9.33786078098472,0.4942426926483614,5.280683677092975,4.564119427044456,5.801,-14.832535885167463,https://finance.naver.com/item/main.naver?code=002170
탑코미디어,KOSDAQ,3275.0,161438337975,-62.64,5.21,-55.0,661.0,0.74495,15488193740.0,3666965400.0,3175459120.0,,18.54451,양방향미디어와서비스,4400.0,850.0,0.0280652172,49294149,134580,556661.0,1157651.75,0.48085359003690015,4030358984.3,211.31178707224336,78.76637554585153,0.5049040007066028,-8.32072617246596,23.675875066888207,74.495,-25.568181818181824,https://finance.naver.com/item/main.naver?code=134580
코스텍시스,KOSDAQ,20600.0,160625410000,-276.32,6.92,-76.0,3033.0,0.94567,5343257960.0,1186105760.0,902598640.0,,33.4343,반도체와반도체장비,64100.0,10890.0,0.156868295,7797350,355150,130765.0,103121.15,1.2680715837633696,2144108885.25,-17.26907630522089,-5.0691244239631335,3.760974349102973,-2.50576986482031,22.198175137327638,94.56700000000001,-67.86271450858035,https://finance.naver.com/item/main.naver?code=355150
동국씨엠,KOSPI,5320.0,159060849920,-2.98,0.16,-1773.0,32899.0,1.66143,773358200170.0,22032184790.0,5623430670.0,,42.88131,철강,7790.0,4230.0,0.2137561635,29898656,460850,29167.0,63473.3,0.4595160484802271,339547879.5,17.960088691796017,-6.338028169014088,1.5927169376730057,-5.389221556886228,2.8488978050736224,166.143,-31.707317073170728,https://finance.naver.com/item/main.naver?code=460850
링크솔루션,KOSDAQ,27750.0,159653575500,-20.83,4.12,-1344.0,6788.0,0.96706,4269317270.0,-4636180450.0,56723470.0,,183.01813,기계,93300.0,16020.0,0.0544437071,5753282,474650,28370.0,38493.05,0.7370161626579343,1005186850.0,-2.631578947368418,-58.33333333333333,2.123448258841531,-19.79964643488509,-108.59301749668279,96.706,-70.2572347266881,https://finance.naver.com/item/main.naver?code=474650
버킷스튜디오,KOSDAQ,1153.0,159637252154,-4.18,1.21,-276.0,950.0,0.09556,5241145890.0,-1092759710.0,-1821896950.0,,31.01234,IT서비스,1153.0,1153.0,0.0050308183,138453818,066410,,,,,,,,-29.05263157894737,-20.849633514017675,9.556000000000001,0.0,https://finance.naver.com/item/main.naver?code=066410
윤성에프앤씨,KOSDAQ,20000.0,159580960000,-8.41,0.91,-2401.0,22214.0,0.52536,59821694080.0,17074073000.0,15990023820.0,,255.50195,전자장비와기기,43900.0,11230.0,0.0127472601,7979048,372170,5212.0,12726.75,0.409531105741843,271438420.75,21.506682867557725,-33.333333333333336,0.5836525428722965,-10.808499144683532,28.541607292442627,52.536,-54.441913439635535,https://finance.naver.com/item/main.naver?code=372170
메디아나,KOSDAQ,8560.0,159200788880,30.07,1.17,286.0,7340.0,0.10277,21144137050.0,2950303180.0,3108957230.0,,-31.45283,건강관리장비와용품,29600.0,4850.0,0.0479021033,18598223,041920,81635.0,44910.1,1.8177425567968009,379222258.75,-19.92516370439663,-56.52615540883698,1.8177425567968009,3.896457765667575,13.953291983604505,10.277,-71.0810810810811,https://finance.naver.com/item/main.naver?code=041920
에이치엠넥스,KOSDAQ,2595.0,159243799470,15.83,1.28,181.0,2239.0,0.21217,13363135990.0,1382505430.0,1254706860.0,,15.86239,디스플레이장비및부품,10240.0,801.0,0.033364053,61365626,036170,464173.0,278960.7,1.6639368914689416,690584724.05,-14.918032786885249,-52.03327171903882,2.958897077617026,8.083966056275123,10.34566609989277,21.217,-74.658203125,https://finance.naver.com/item/main.naver?code=036170
빅솔론,KOSDAQ,8200.0,157759021000,6.5,0.6,1261.0,13716.0,0.19531,42691334840.0,10295216650.0,7887753050.0,,19.90894,컴퓨터와주변기기,9870.0,5290.0,0.0949001515,19238905,093190,11242.0,15091.05,0.744944851418556,126299435.75,5.670103092783507,1.990049751243772,0.904973477657287,9.193642461358998,24.115471414948146,19.531000000000002,-16.919959473150957,https://finance.naver.com/item/main.naver?code=093190
나노엔텍,KOSDAQ,4185.0,159419426805,89.15,1.74,47.0,2404.0,0.08655,12508087350.0,687368310.0,2117623270.0,,-34.55045,생명과학도구및서비스,9390.0,3015.0,0.0121048318,38093053,039860,133924.0,296087.3,0.45231254430703377,1245950376.55,18.555240793201122,-31.951219512195117,0.665682047152985,1.9550748752079867,5.4953910279496085,8.655,-55.431309904153345,https://finance.naver.com/item/main.naver?code=039860
카나프테라퓨틱스,KOSDAQ,11910.0,158409907800,-2.11,10.33,-5564.0,1135.0,0.04364,74959410.0,-4696394940.0,-4343195800.0,,45.13103,제약,70000.0,9170.0,0.0420677143,13300580,0082N0,48521.0,74286.2,0.6531630370109118,1011155136.5,-15.23131672597865,-73.93873085339169,5.143970212502457,-490.22026431718064,-6265.250673664587,4.364,-82.98571428571428,https://finance.naver.com/item/main.naver?code=0082N0
하이비젼시스템,KOSDAQ,10590.0,158236966080,-7.92,0.55,-1350.0,19368.0,0.4544,50339337650.0,-5722134830.0,768797630.0,,104.30752,핸드셋,21500.0,8000.0,0.1120337607,14942112,126700,33268.0,41819.45,0.7955150055775483,485744607.25,7.731434384537139,-41.78119846069269,0.7955150055775483,-6.970260223048327,-11.367123798459435,45.440000000000005,-50.74418604651163,https://finance.naver.com/item/main.naver?code=126700
모두투어,KOSDAQ,8470.0,160083000000,10.42,1.71,836.0,5081.0,1.11876,42245111230.0,-856131380.0,-215737110.0,,14.87228,"호텔,레스토랑,레저",17500.0,7690.0,0.0922833862,18900000,080160,129851.0,112532.9,1.1538936613203783,1091821256.0,4.697156983930784,-27.73037542662116,4.482786811679073,16.453454044479432,-2.0265809583003906,111.876,-51.6,https://finance.naver.com/item/main.naver?code=080160
아가방컴퍼니,KOSDAQ,4800.0,157860172800,11.37,0.73,417.0,6452.0,0.32142,50400206580.0,7192273810.0,11873166530.0,,8.86094,"섬유,의류,신발,호화품",5670.0,3115.0,0.0392728723,32887536,013990,49138.0,42325.5,1.1609549798584777,196637270.5,48.14814814814814,-3.128153380423815,1.1609549798584777,6.463112213267204,14.270326052302462,32.141999999999996,-15.343915343915349,https://finance.naver.com/item/main.naver?code=013990
유성티엔에스,KOSDAQ,4500.0,158514165000,2.73,0.29,1687.0,15883.0,0.14965,13582595540.0,859734750.0,59381313020.0,,13.80868,도로와철도운송,5980.0,2110.0,0.0130656399,35225370,024800,37960.0,29890.15,1.2699835899117267,137534290.95,15.236875800256078,23.456790123456784,1.2699835899117267,10.621419127368885,6.329679386153613,14.965,-24.749163879598658,https://finance.naver.com/item/main.naver?code=024800
메가스터디,KOSDAQ,13200.0,157356658800,5.47,0.45,2393.0,29432.0,0.5306,33685006540.0,7366926110.0,10500226220.0,,10.54071,교육서비스,13710.0,10680.0,0.1869352122,11920959,072870,18990.0,18136.7,1.047048250232953,240524504.25,6.024096385542177,2.0092735703245657,1.2635705503206205,8.130606142973635,21.870045063675384,53.059999999999995,-3.7199124726477018,https://finance.naver.com/item/main.naver?code=072870
에스투더블유,KOSDAQ,15980.0,172991266280,-24.71,6.39,-561.0,2170.0,0.6975,2085113560.0,-3162840390.0,-3069040390.0,,31.01234,IT서비스,40000.0,8010.0,0.0130552106,10825486,488280,1051049.0,532732.6,1.9729391443286932,7485588633.5,46.203110704483066,-4.710793082886111,1.9729391443286932,-25.852534562211982,-151.6867210819923,69.75,-60.050000000000004,https://finance.naver.com/item/main.naver?code=488280
삼익THK,KOSPI,7680.0,158976000000,-3.45,0.99,-2174.0,7604.0,1.59445,77684488160.0,1691586140.0,-18341280.0,,183.01813,기계,14650.0,6760.0,0.3751905797,20700000,004380,24086.0,18720.4,1.2866178073118095,147919430.5,0.39215686274509665,-36.15960099750624,2.0202025597743636,-28.590215675960025,2.177508251732298,159.445,-47.57679180887372,https://finance.naver.com/item/main.naver?code=004380
엠디바이스,KOSDAQ,14540.0,155822039360,14.2,3.3,1035.0,4452.0,1.1765,28105925910.0,4834672440.0,13497755510.0,,33.4343,반도체와반도체장비,38000.0,8010.0,0.0254024902,10716784,226590,100588.0,60411.5,1.665047217831042,807545980.75,20.76411960132891,-47.791741472172355,5.770507270966621,23.247978436657682,17.201612412561857,117.65,-61.73684210526316,https://finance.naver.com/item/main.naver?code=226590
유비쿼스,KOSDAQ,10690.0,156774120170,6.48,0.79,1627.0,13350.0,0.16404,35697994090.0,9005649770.0,10013099210.0,,-362.11639,통신장비,19000.0,8600.0,0.0595703124,14665493,264450,105470.0,31137.9,3.387190529868745,322606075.75,11.93717277486912,-24.92977528089888,3.387190529868745,12.187265917602996,25.227327191817572,16.404,-43.736842105263165,https://finance.naver.com/item/main.naver?code=264450
디바이스,KOSDAQ,11220.0,155540301840,8.03,0.86,1304.0,12226.0,0.37641,23335819600.0,7746892910.0,8048479930.0,,15.86239,디스플레이장비및부품,29700.0,5679.734,0.0729314455,13862772,187870,182476.0,58704.8,3.1083659257846037,610652913.25,-17.500000000000004,-39.1869918699187,3.1083659257846037,10.665794209062653,33.197432285600975,37.641000000000005,-62.22222222222222,https://finance.naver.com/item/main.naver?code=187870
경동제약,KOSDAQ,5040.0,155074580640,15.92,0.64,316.0,7812.0,0.3293,52261526410.0,3703349340.0,5757026640.0,,45.13103,제약,6270.0,4700.0,0.0188597424,30768766,011040,21123.0,170609.75,0.12380886789881586,923712607.5,6.779661016949157,-7.861060329067637,0.1463515420425855,4.0450588837685615,7.08618671208842,32.93,-19.61722488038278,https://finance.naver.com/item/main.naver?code=011040
제이오,KOSDAQ,4805.0,153844918765,-19.1,0.84,-250.0,5708.0,0.21184,8934848500.0,-1551627560.0,-2476476750.0,,38.14669,건설,15840.0,3205.0,0.0197334141,32017673,418550,29969.0,57567.4,0.5205897782425469,270625795.2,12.397660818713451,-42.66109785202864,1.4263628373002775,-4.379817799579538,-17.3660198043649,21.184,-69.66540404040404,https://finance.naver.com/item/main.naver?code=418550
핑거,KOSDAQ,11930.0,152295003810,338.75,2.19,32.0,4960.0,0.84823,22551758660.0,369689800.0,6732534660.0,,31.01234,IT서비스,25650.0,6200.0,0.0347158722,12765717,163730,406260.0,107822.35,3.7678644548185045,1060064898.25,12.441093308199802,18.70646766169155,3.7678644548185045,0.6451612903225806,1.6392947688630506,84.82300000000001,-53.489278752436654,https://finance.naver.com/item/main.naver?code=163730
이엘씨,KOSDAQ,12440.0,151627801200,17.76,0.85,706.0,14791.0,0.07724,18303231270.0,4679483660.0,4486534720.0,,33.4343,반도체와반도체장비,13620.0,6130.0,0.0281105579,12188730,041520,33460.0,16245.15,2.059691661819066,185332105.5,54.34243176178659,57.07070707070707,2.059691661819066,4.773172875397201,25.566434641898066,7.724,-8.66372980910426,https://finance.naver.com/item/main.naver?code=041520
코스맥스엔비티,KOSDAQ,7360.0,151822080000,-10.16,3.45,-731.0,2152.0,2.62063,102264020040.0,8473334190.0,30310832410.0,,-10.44112,건강관리업체및서비스,11200.0,2860.0,0.0357043339,20628000,222040,95085.0,254386.7,0.3737813336939392,2085249306.5,30.265486725663713,119.37406855439643,0.9670670675786116,-33.968401486988846,8.285743301197922,262.063,-34.285714285714285,https://finance.naver.com/item/main.naver?code=222040
케이알엠,KOSDAQ,4790.0,157321399640,-11.0,2.2,-431.0,2159.0,0.38024,1592811800.0,-2367129340.0,-1752348300.0,,33.4343,반도체와반도체장비,6230.0,2960.0,0.0,32843716,093640,11529.0,28370.9,0.4063670874029375,130134640.85,45.59270516717324,-14.768683274021354,1.7009329982482049,-19.96294580824456,-148.61324734033238,38.024,-23.11396468699839,https://finance.naver.com/item/main.naver?code=093640
대한약품,KOSDAQ,26250.0,157500000000,5.58,0.51,4701.0,51057.0,0.16617,56607645480.0,8079815830.0,6752967660.0,,45.13103,제약,31700.0,24000.0,0.2020031667,6000000,023910,1117.0,4367.8,0.2557351527084573,116392101.25,7.802874743326482,-9.79381443298969,0.851916296533724,9.207356483929725,14.27336495183265,16.617,-17.192429022082024,https://finance.naver.com/item/main.naver?code=023910
씨피시스템,KOSDAQ,4245.0,154673388225,81.11,3.67,54.0,1194.0,0.08336,6847425420.0,1872657830.0,1788210660.0,,183.01813,기계,6190.0,1938.0,0.0028999409,36436605,413630,1057201.0,4632227.35,0.22822735589607882,20435620669.55,57.22222222222222,8.152866242038215,5.965584137402065,4.522613065326634,27.34834941802112,8.336,-31.421647819063004,https://finance.naver.com/item/main.naver?code=413630
노루페인트,KOSPI,7790.0,155800000000,9.68,0.38,804.0,20328.0,0.78684,229927647730.0,24348212490.0,18556302420.0,,7.31423,건축자재,10570.0,7000.0,0.05462785,20000000,090350,20802.0,24535.8,0.8478223656860587,196522205.75,10.028248587570632,-8.352941176470585,1.5071446620856055,3.9551357733175916,10.589510539677107,78.684,-26.300851466414375,https://finance.naver.com/item/main.naver?code=090350
넥써쓰,KOSDAQ,1806.0,150912605382,-32.77,3.64,-56.0,504.0,1.65005,5792798870.0,-5152122250.0,8591323050.0,,17.25132,게임엔터테인먼트,3350.0,1360.0,0.0160868608,83561797,205500,113927.0,148407.1,0.7676654284060533,270309725.45,11.070110701107016,15.76923076923078,2.1798687529100698,-11.11111111111111,-88.94011971798358,165.005,-46.08955223880598,https://finance.naver.com/item/main.naver?code=205500
텔레칩스,KOSDAQ,10080.0,152653868640,-2.38,1.03,-4175.0,9686.0,1.75889,59173535680.0,3179899770.0,-4097427360.0,,33.4343,반도체와반도체장비,19530.0,7050.0,0.0195566193,15144233,054450,143584.0,39587.1,3.627040121655792,377344525.75,1.921132457027297,-23.053435114503817,3.627040121655792,-43.103448275862064,5.373854601483228,175.889,-48.38709677419355,https://finance.naver.com/item/main.naver?code=054450
한국주철관,KOSPI,6580.0,150027290000,8.35,0.39,789.0,16819.0,0.20702,111848769020.0,7234873030.0,5964228390.0,,42.88131,철강,7880.0,6130.0,0.0243856933,22800500,000970,7484.0,12739.05,0.5874849380448307,84468344.0,6.991869918699178,-1.4970059880239472,2.462585514618437,4.691123134550211,6.4684422487531466,20.702,-16.49746192893401,https://finance.naver.com/item/main.naver?code=000970
퀄리타스반도체,KOSDAQ,10830.0,153651404760,-6.51,4.17,-1644.0,2568.0,1.65964,6343237350.0,-865044580.0,-1800431740.0,,33.4343,반도체와반도체장비,32150.0,5720.0,0.0209304312,14187572,432720,281580.0,178228.8,1.579879346098947,1744236440.5,6.594488188976388,-20.948905109489047,1.579879346098947,-64.01869158878505,-13.637272772080648,165.964,-66.31415241057543,https://finance.naver.com/item/main.naver?code=432720
멀티캠퍼스,KOSDAQ,25300.0,149947508700,5.24,0.6,4417.0,38888.0,0.35251,87637655690.0,8808922170.0,6864178900.0,,10.54071,교육서비스,33500.0,21500.0,0.0410367925,5926779,067280,56027.0,4035.8,13.882501610585262,93802460.0,13.707865168539325,-9.642857142857142,13.882501610585262,11.358259617362682,10.051526482131987,35.251,-24.477611940298505,https://finance.naver.com/item/main.naver?code=067280
폴라리스오피스,KOSDAQ,3045.0,151287149685,30.77,1.68,98.0,1798.0,0.2665,84115661730.0,3593299510.0,7845018570.0,,9.52744,자동차부품,6090.0,2355.0,0.0311776317,49683793,041020,203288.0,136482.5,1.4894803363068525,407150114.6,12.361623616236162,-40.17681728880157,1.4894803363068525,5.450500556173527,4.2718554857643625,26.650000000000002,-50.0,https://finance.naver.com/item/main.naver?code=041020
쓰리빌리언,KOSDAQ,4730.0,150520675690,-27.51,6.33,-171.0,743.0,0.98079,3794622270.0,-1666940060.0,6717678280.0,,-59.4544,건강관리기술,20100.0,4020.0,0.111486184,31822553,394800,386633.0,232418.35,1.6635218346572032,1100196838.15,-16.13475177304965,-68.38235294117648,4.810291442134409,-23.014804845222073,-43.92901167472461,98.07900000000001,-76.46766169154229,https://finance.naver.com/item/main.naver?code=394800
조선내화,KOSPI,12720.0,150797736960,67.29,0.68,188.0,18686.0,1.23708,126215849000.0,1005183000.0,-4560412000.0,,28.1014,비철금속,18800.0,12000.0,0.003889443,11855168,462520,13461.0,5747.9,2.341898780424155,74035018.25,-17.988394584139268,-9.207708779443259,2.341898780424155,1.0061008241464198,0.7963999830163959,123.708,-32.340425531914896,https://finance.naver.com/item/main.naver?code=462520
일양약품,KOSPI,7810.0,149059035840,21.04,0.61,375.0,12934.0,0.7581,65144070800.0,-6766557060.0,-2344396020.0,,45.13103,제약,16240.0,7290.0,0.0528512919,19085664,007570,9464.0,15626.3,0.6056456102852243,128120678.5,6.693989071038242,-42.699926632428465,2.3156473381414666,2.8993350858203186,-10.387065126424368,75.81,-51.908866995073886,https://finance.naver.com/item/main.naver?code=007570
알루코,KOSPI,1538.0,148924743016,9.68,0.46,160.0,3371.0,1.50881,142402975630.0,5924445650.0,-2153245150.0,,28.1014,비철금속,3495.0,1380.0,0.0403658543,96830132,001780,669816.0,228247.05,2.9346096696540003,367426826.05,-5.061728395061726,-28.298368298368302,2.9346096696540003,4.746366063482646,4.160338380423491,150.881,-55.99427753934192,https://finance.naver.com/item/main.naver?code=001780
나라스페이스테크놀로지,KOSDAQ,12820.0,148845520300,-15.33,3.36,-905.0,4128.0,0.38384,1947464110.0,-3666505160.0,-3508679510.0,,41.91298,우주항공과국방,64600.0,7520.0,0.027905807,11610415,478340,1162360.0,423633.55,2.7437864635603106,5891913930.5,3.3870967741935543,-69.79976442873969,10.53411610105007,-21.9234496124031,-188.2707435363212,38.384,-80.15479876160991,https://finance.naver.com/item/main.naver?code=478340
앤로보틱스,KOSDAQ,1687.0,148412026658,12.64,1.55,136.0,1110.0,0.39271,7712154670.0,-8314980.0,-201853070.0,,183.01813,기계,4980.0,728.0,0.0490670339,87973934,138360,371719.0,404974.9,0.9178815773520779,694666451.7,-14.49569183983781,-23.66515837104073,1.361469562681539,12.252252252252251,-0.10781656172359935,39.271,-66.12449799196787,https://finance.naver.com/item/main.naver?code=138360
대한화섬,KOSPI,111700.0,148337600000,12.59,0.17,8883.0,657488.0,0.17754,27708307850.0,-1144857490.0,2045358000.0,,-30.98927,화학,148800.0,101200.0,0.0045926205,1328000,003830,22.0,152.75,0.14402618657937807,17335552.5,4.197761194029859,-9.481361426256074,1.8592471358428806,1.3510512739396003,-4.131820305295186,17.754,-24.932795698924725,https://finance.naver.com/item/main.naver?code=003830
푸른저축은행,KOSDAQ,10010.0,150978828000,5.91,0.37,1696.0,27355.0,3.84928,24847414400.0,1312363210.0,4868584450.0,,29.49478,기타금융,14050.0,9410.0,0.0158353224,15082800,007330,12719.0,8970.65,1.4178459754867263,90320314.75,-0.1994017946161497,-3.0038759689922534,1.4178459754867263,6.199963443611771,5.281689228799597,384.928,-28.754448398576514,https://finance.naver.com/item/main.naver?code=007330
디엔에프,KOSDAQ,12790.0,148004063820,115.32,0.94,109.0,13305.0,0.07995,21694844470.0,704554810.0,657131030.0,,33.4343,반도체와반도체장비,26000.0,9600.0,0.0498938027,11571858,092070,22557.0,22872.7,0.9861975193134173,278391975.75,-5.259259259259263,-36.050000000000004,1.6410830378573582,0.8192408868846299,3.2475679232191337,7.994999999999999,-50.80769230769231,https://finance.naver.com/item/main.naver?code=092070
KG파이낸셜,KOSDAQ,4060.0,147176567160,6.3,0.41,644.0,9858.0,0.7215,62245653800.0,8813477070.0,6717952130.0,,31.01234,IT서비스,6380.0,3640.0,0.0467557228,36250386,046440,52805.0,46812.6,1.1280082712773911,194045779.45,4.909560723514206,-18.473895582329313,1.2900372976506325,6.532765266788395,14.159184669050742,72.15,-36.36363636363637,https://finance.naver.com/item/main.naver?code=046440
한국석유,KOSPI,11410.0,144839909200,28.33,0.72,412.0,16160.0,1.08645,231630791280.0,13790541370.0,12035890830.0,,-30.98927,화학,33575.0,9690.0,0.0331626769,12694120,004090,153794.0,692431.95,0.22210702437979646,9015932367.5,7.43879472693032,-39.11419423692636,0.427454279081143,2.5495049504950495,5.953673643211672,108.645,-66.01638123603873,https://finance.naver.com/item/main.naver?code=004090
엠아이텍,KOSDAQ,4525.0,146454692950,7.17,1.16,628.0,3891.0,0.1464,19752327280.0,5801680650.0,5827677230.0,,-31.45283,건강관리장비와용품,7860.0,4000.0,0.0630563957,32365678,179290,30579.0,42247.0,0.723814708736715,206474704.55,7.86650774731823,-31.852409638554214,4.301039127038607,16.139809817527627,29.372137104443524,14.64,-42.43002544529262,https://finance.naver.com/item/main.naver?code=179290
웅진,KOSPI,1843.0,147305608440,1.19,0.81,1554.0,2289.0,15.04081,342316262750.0,53551439320.0,12364721710.0,,2.31491,출판,4715.0,1690.0,0.0603100351,79927080,016880,69714.0,94485.7,0.7378259355648527,182924987.75,3.133743704532743,-25.233265720081132,0.7378259355648527,67.88990825688074,15.643849021309752,1504.0810000000001,-60.911983032873806,https://finance.naver.com/item/main.naver?code=016880
삼양패키징,KOSPI,9680.0,145862170080,8.43,0.38,1156.0,25622.0,0.81249,131481150710.0,17046516240.0,13565674690.0,,17.42997,포장재,17540.0,7900.0,0.0254460226,15068406,272550,8839.0,16222.85,0.5448487781123539,159497223.5,22.531645569620263,-15.826086956521735,1.5523782812514446,4.51174771680587,12.964988629889973,81.24900000000001,-44.811858608893964,https://finance.naver.com/item/main.naver?code=272550
제일약품,KOSPI,9940.0,146166427680,6.19,0.69,1605.0,14485.0,1.07735,146604024530.0,-7044294000.0,-6675327720.0,,45.13103,제약,19290.0,8810.0,0.0152226419,14704872,271980,8060.0,113108.8,0.0712588233629921,1276118533.75,1.0162601626016343,-31.63686382393398,0.20941783486342352,11.080428028995511,-4.804979960532056,107.735,-48.47071021254536,https://finance.naver.com/item/main.naver?code=271980
삼보판지,KOSDAQ,9250.0,148076775000,5.31,0.24,1703.0,37462.0,0.28379,153516901410.0,16503318820.0,14683209030.0,,17.42997,포장재,11150.0,7710.0,0.0401997089,16008300,023600,4912.0,18315.6,0.26818668239096727,171413152.5,11.31167268351383,-3.5453597497393075,0.5104391884513748,4.545939885750895,10.750164098169442,28.378999999999998,-17.040358744394624,https://finance.naver.com/item/main.naver?code=023600
하나제약,KOSPI,8160.0,145027239360,16.25,0.46,507.0,17808.0,0.34646,60903578030.0,7285591660.0,8449874810.0,,45.13103,제약,12390.0,8100.0,0.0,17772946,293480,13760.0,16948.15,0.8118880231765708,141583537.75,-1.0909090909090868,-12.727272727272732,2.350640040358387,2.8470350404312668,11.962501868792092,34.646,-34.14043583535109,https://finance.naver.com/item/main.naver?code=293480
이노테크,KOSDAQ,16210.0,144964409000,14.18,2.26,1110.0,6961.0,0.55581,19558861110.0,893662870.0,3206184870.0,,15.86239,디스플레이장비및부품,85000.0,8760.0,0.0081886189,8942900,469610,174213.0,85291.2,2.042567111261185,1346694063.25,10.27210884353742,-21.119221411192214,2.042567111261185,15.945984772302829,4.5690946163684885,55.581,-80.92941176470589,https://finance.naver.com/item/main.naver?code=469610
안트로젠,KOSDAQ,14300.0,143087230000,-105.58,1.67,-138.0,8739.0,0.02747,2199724180.0,-477805720.0,-149867790.0,,45.13103,제약,61800.0,13500.0,0.0409395269,10006100,065660,19511.0,18539.45,1.0524044672306891,278302625.25,-24.298570672313392,-69.18103448275862,1.3525751842692204,-1.579128046687264,-21.721165059884918,2.7470000000000003,-76.86084142394822,https://finance.naver.com/item/main.naver?code=065660
엘케이켐,KOSDAQ,22550.0,144122416900,31.92,2.38,708.0,9491.0,0.10108,7643902930.0,1899628840.0,1856878480.0,,33.4343,반도체와반도체장비,59500.0,14550.0,0.0237091781,6391238,489500,18450.0,13470.9,1.369618956417166,282221822.0,8.674698795180724,-36.65730337078652,1.369618956417166,7.4596986618902115,24.851556297824416,10.108,-62.10084033613445,https://finance.naver.com/item/main.naver?code=489500
이구산업,KOSPI,4325.0,144636650000,13.12,0.99,327.0,4355.0,1.76169,190753069480.0,20339975520.0,8689989260.0,,28.1014,비철금속,7170.0,3305.0,0.0427093774,33442000,025820,90158.0,200662.7,0.44930124034013297,894232639.4,10.897435897435903,-14.525691699604748,0.5371850373786459,7.508610792192883,10.662987272208795,176.169,-39.67921896792189,https://finance.naver.com/item/main.naver?code=025820
새로닉스,KOSDAQ,11620.0,144361929880,-4.49,1.59,-2579.0,7276.0,1.15832,42727319950.0,-4490058700.0,14285577910.0,,11.82308,가정용기기와용품,23200.0,6560.0,0.0455038945,12423574,042600,5306.0,18137.9,0.2925366222109505,227434508.75,17.61133603238867,-3.966942148760333,0.4984038946074242,-35.44529961517317,-10.508636406997486,115.83200000000001,-49.91379310344828,https://finance.naver.com/item/main.naver?code=042600
이수앱지스,KOSDAQ,3560.0,145158964400,-12.59,1.25,-280.0,2822.0,0.29992,14928552480.0,479283630.0,3169613490.0,,45.13103,제약,6350.0,2890.0,0.0152375758,40774990,086890,31857.0,45547.75,0.6994198396188616,158772188.9,12.302839116719234,-28.514056224899598,0.8971244463228151,-9.922041105598867,3.2105164291186523,29.992,-43.93700787401574,https://finance.naver.com/item/main.naver?code=086890
아로마티카,KOSDAQ,11500.0,144634603000,27.94,3.65,442.0,3380.0,0.19181,17742639520.0,2245683870.0,1754882240.0,,44.06295,화장품,31500.0,4500.0,0.0297520331,12576922,0015N0,791826.0,1223867.8,0.6469865454422447,13907612659.25,143.12896405919662,13.748763600395652,0.8178857226246168,13.076923076923078,12.65698864855256,19.181,-63.49206349206349,https://finance.naver.com/item/main.naver?code=0015N0
신라교역,KOSPI,9040.0,144640000000,30.88,0.24,294.0,38108.0,0.17488,128967003910.0,505625880.0,20300207730.0,,32.42418,식품,10530.0,8580.0,0.040963875,16000000,004970,7398.0,14969.85,0.49419332859046683,138559592.5,2.0316027088036037,-5.042016806722693,0.8580580299735802,0.7714915503306392,0.39205832861935175,17.488,-14.150047483380812,https://finance.naver.com/item/main.naver?code=004970
롯데하이마트,KOSPI,6170.0,145659583040,-56.6,0.15,-106.0,40757.0,1.06518,591095945180.0,917831190.0,-4469675410.0,,30.75367,전문소매,10120.0,5830.0,0.0262388409,23607712,071840,7438.0,12939.35,0.5748356756714982,80883049.75,4.5762711864406835,-21.898734177215186,1.8807745365880049,-0.26007802340702213,0.15527617766359453,106.518,-39.03162055335968,https://finance.naver.com/item/main.naver?code=071840
우양에이치씨,KOSDAQ,9700.0,143463087300,-32.94,0.79,-299.0,12468.0,0.35393,19836790350.0,2014872620.0,2619648450.0,,-39.76501,에너지장비및서비스,18800.0,7970.0,0.0028031761,14790009,101970,5817.0,16061.45,0.36217153494858806,178142242.5,-8.056872037914697,-19.50207468879668,1.0454846853802116,-2.3981392364453,10.157251170424352,35.393,-48.40425531914894,https://finance.naver.com/item/main.naver?code=101970
코데즈컴바인,KOSDAQ,3830.0,144937165660,31.79,2.01,117.0,1855.0,0.2787,12262379810.0,1617459220.0,5978998450.0,,8.86094,"섬유,의류,신발,호화품",5960.0,1878.0,0.0179793926,37842602,047770,1139702.0,3394456.2,0.33575392724171843,13014497546.25,41.85185185185185,-14.125560538116588,0.8108506452373726,6.307277628032345,13.190418540787313,27.87,-35.738255033557046,https://finance.naver.com/item/main.naver?code=047770
쎌바이오텍,KOSDAQ,15420.0,144948000000,10.42,0.8,1479.0,19234.0,0.05985,15814220700.0,1639720770.0,3606098050.0,,-65.60732,생물공학,18500.0,11350.0,0.0418188298,9400000,049960,9406.0,7038.0,1.3364592213697073,109446779.75,2.8000000000000025,9.594882729211097,1.3364592213697073,7.689508162628679,10.368647315008067,5.985,-16.648648648648646,https://finance.naver.com/item/main.naver?code=049960
에스텍,KOSDAQ,13300.0,145103000000,2.63,0.47,4949.0,27942.0,0.4467,127105592710.0,12542767610.0,12601623830.0,,255.50195,전자장비와기기,16670.0,11220.0,0.5793547204,10910000,069510,9442.0,4835.45,1.9526621100414647,62296178.75,17.387466902030013,-10.618279569892476,1.9526621100414647,17.711688497602175,9.867990339824914,44.67,-20.215956808638268,https://finance.naver.com/item/main.naver?code=069510
제룡산업,KOSDAQ,7150.0,143000000000,11.67,1.55,600.0,4503.0,0.1224,16282469860.0,5835144490.0,9443123520.0,,56.61715,전기장비,15410.0,5040.0,0.0452999,20000000,147830,148107.0,94398.3,1.5689583392921271,658530380.25,16.260162601626014,-6.4136125654450264,2.2991727605264076,13.324450366422386,35.83697399824329,12.24,-53.601557430240106,https://finance.naver.com/item/main.naver?code=147830
솔본,KOSDAQ,5180.0,141652264460,6.4,0.67,814.0,7775.0,0.20291,34988322100.0,16043798170.0,37302322140.0,,-59.4544,건강관리기술,5600.0,3155.0,0.0111757856,27345997,035610,20984.0,64723.0,0.3242124128980424,336111233.25,56.495468277945626,37.21854304635761,1.2776447321663087,10.469453376205788,45.85472296769556,20.291,-7.499999999999996,https://finance.naver.com/item/main.naver?code=035610
KT나스미디어,KOSDAQ,12400.0,141441344000,21.06,0.7,596.0,17839.0,0.94095,32263750890.0,7819522440.0,6818261110.0,,10.53233,광고,14660.0,9040.0,0.0519406377,11406560,089600,8505.0,32812.0,0.25920394977447275,429782900.5,34.19913419913421,3.5058430717863187,0.7691698159210045,3.3409944503615674,24.23624725674294,94.095,-15.416098226466579,https://finance.naver.com/item/main.naver?code=089600
플리토,KOSDAQ,8610.0,142111933110,22.53,8.45,391.0,1043.0,0.28976,8106229090.0,1398160020.0,1555847090.0,,18.54451,양방향미디어와서비스,20200.0,5510.0,0.0999920572,16505451,300080,59901.0,77578.3,0.7721360225733227,717109448.25,53.20284697508897,-32.204724409448815,0.7721360225733227,37.488015340364335,17.24797072074853,28.976000000000003,-57.376237623762385,https://finance.naver.com/item/main.naver?code=300080
매드업,KOSDAQ,7460.0,140303204000,12.35,3.7,616.0,2059.0,1.27927,18262357060.0,3789871370.0,4238792010.0,,10.53233,광고,22500.0,4560.0,0.0141339047,18807400,0039P0,684999.0,2623214.95,0.26112957308359347,23729598322.25,-25.992063492063487,-25.992063492063487,0.613884119560999,29.917435648372997,20.752367055077173,127.92699999999999,-66.84444444444443,https://finance.naver.com/item/main.naver?code=0039P0
인포바인,KOSDAQ,9500.0,140899715500,10.64,0.73,893.0,12978.0,0.09725,6660043940.0,2161449410.0,2019961040.0,,31.01234,IT서비스,20160.0,6050.0,0.0858260321,14831549,115310,3963.0,6086.05,0.6511612622308394,56137858.0,43.721633888048416,-87.51642575558476,2.963991423008355,6.880875327477269,32.45398122703677,9.725,-52.87698412698413,https://finance.naver.com/item/main.naver?code=115310
세경하이테크,KOSDAQ,3980.0,141460415640,2.86,0.82,1409.0,4921.0,0.39862,86291471790.0,3325287490.0,20791799320.0,,104.30752,핸드셋,6390.0,2580.0,0.015739523,35542818,148150,64882.0,104741.5,0.6194488335568996,413823916.3,38.19444444444444,-12.623490669593851,0.7798246158399488,28.632391790286526,3.8535528726320267,39.861999999999995,-37.715179968701094,https://finance.naver.com/item/main.naver?code=148150
동화약품,KOSPI,5020.0,140215979400,16.01,0.37,313.0,13692.0,0.57335,136932529610.0,10289858450.0,6460857060.0,,45.13103,제약,7560.0,4450.0,0.0306161831,27931470,000020,72441.0,58399.0,1.240449322762376,300555392.9,5.907172995780585,-16.749585406301826,1.240449322762376,2.2860064271107214,7.514546382299904,57.335,-33.597883597883595,https://finance.naver.com/item/main.naver?code=000020
네오오토,KOSDAQ,10340.0,139448838320,8.28,0.9,1260.0,11647.0,0.44623,63398708940.0,4109514860.0,2336624060.0,,9.52744,자동차부품,16100.0,4995.0,0.015772691,13486348,212560,93785.0,336690.6,0.27854950509458837,3778162447.25,20.092915214866423,26.097560975609756,0.489461244240261,10.818236455739676,6.48201663521131,44.623000000000005,-35.77639751552795,https://finance.naver.com/item/main.naver?code=212560
효성ITX,KOSPI,12010.0,138813982000,9.22,1.9,1299.0,6308.0,1.82173,133994248020.0,3471087550.0,3055053550.0,,15.37804,상업서비스와공급품,13430.0,11410.0,0.0112755446,11558200,094280,3261.0,4526.0,0.7205037560760053,54378655.5,2.64957264957264,-3.68885324779471,1.5499337163057887,20.59289790741915,2.5904750400046312,182.173,-10.573343261355173,https://finance.naver.com/item/main.naver?code=094280
태경산업,KOSPI,4750.0,138836562500,5.96,0.45,801.0,10506.0,0.67704,240703335870.0,22084681630.0,18078248620.0,,28.1014,비철금속,5340.0,4300.0,0.0243629988,29228750,015890,13166.0,18625.05,0.7068974311478359,89101606.4,8.323831242873435,0.10537407797681642,1.0110039973047054,7.624214734437464,9.175062551658021,67.704,-11.048689138576783,https://finance.naver.com/item/main.naver?code=015890
아이패밀리에스씨,KOSDAQ,8400.0,140123634000,6.55,1.36,1273.0,6134.0,0.37877,58660342220.0,6814957280.0,6180534420.0,,44.06295,화장품,23350.0,6160.0,0.0441668363,16681385,114840,8794.0,42845.7,0.2052481345852676,396534669.25,16.666666666666675,-27.146574154379877,0.6565186238058895,20.75317900228236,11.617656873601511,37.877,-64.02569593147751,https://finance.naver.com/item/main.naver?code=114840
어보브반도체,KOSDAQ,7740.0,137623028220,12.64,1.08,613.0,7205.0,0.79028,68856734950.0,3521730990.0,3223115560.0,,33.4343,반도체와반도체장비,16850.0,5410.0,0.048606153,17780753,102120,252384.0,77676.45,3.249170115266596,556409882.25,-4.679802955665025,-34.183673469387756,4.033963962050274,8.507980569049272,5.114577379478258,79.02799999999999,-54.0652818991098,https://finance.naver.com/item/main.naver?code=102120
화신정공,KOSDAQ,3910.0,137068608100,13.27,1.15,294.0,3381.0,0.54184,101535378320.0,10272730480.0,8105920710.0,,9.52744,자동차부품,7880.0,1230.0,0.0124559026,35055910,126640,1027641.0,1242707.4,0.8269372178841135,5436589683.65,11.237553342816508,152.58397932816536,1.302984918251875,8.695652173913043,10.117390263346783,54.184,-50.380710659898476,https://finance.naver.com/item/main.naver?code=126640
남선알미늄,KOSPI,1063.0,137211072670,38.11,0.49,28.0,2196.0,0.54686,82818261980.0,-930088110.0,-782532690.0,,28.1014,비철금속,3485.0,881.0,0.0625065144,129079090,008350,687742.0,937105.85,0.733900017804819,985403239.35,4.832347140039439,-36.499402628434886,1.2622789624032333,1.2750455373406193,-1.1230471248293155,54.686,-69.49784791965567,https://finance.naver.com/item/main.naver?code=008350
헬릭스미스,KOSDAQ,3000.0,138278391000,-333.33,0.97,-9.0,3083.0,0.01133,809963840.0,-2184091730.0,-2069898580.0,,-65.60732,생물공학,9960.0,2725.0,0.0407245193,46092797,084990,56252.0,77767.3,0.7233374438870837,232859167.4,-18.478260869565222,-48.630136986301366,2.176506063602568,-0.2919234511839118,-269.6529921632057,1.133,-69.87951807228916,https://finance.naver.com/item/main.naver?code=084990
금강철강,KOSDAQ,7280.0,136281600000,-1812.5,0.89,-4.0,8115.0,0.23059,51955191950.0,1175051350.0,1467669540.0,,42.88131,철강,9170.0,3720.0,0.0021708868,18720000,053260,2706323.0,3311158.35,0.8173342117570427,25291513743.0,46.33165829145729,71.29411764705881,0.8173342117570427,-0.04929143561306223,2.261662994394923,23.058999999999997,-20.610687022900763,https://finance.naver.com/item/main.naver?code=053260
퓨릿,KOSDAQ,8010.0,137685395880,9.0,1.29,893.0,6252.0,0.13646,44879954950.0,6489149530.0,5257741180.0,,33.4343,반도체와반도체장비,13400.0,5990.0,0.0735024249,17189188,445180,21080.0,22232.3,0.9481700049027766,175473994.5,2.0382165605095537,-15.861344537815125,3.01444295012212,14.28342930262316,14.45890384076689,13.645999999999999,-40.223880597014926,https://finance.naver.com/item/main.naver?code=445180
케이에스피,KOSDAQ,3455.0,138860768750,21.37,1.69,164.0,2074.0,0.71895,31358494370.0,4296757010.0,2953443750.0,,20.40427,조선,7080.0,2050.0,0.023055068,40191250,073010,346756.0,646924.75,0.5360066993881437,2188897210.95,19.965277777777768,-6.621621621621621,1.9121853043959132,7.907425265188042,13.702051378176547,71.895,-51.200564971751405,https://finance.naver.com/item/main.naver?code=073010
신흥,KOSPI,14540.0,135222000000,47.27,1.2,311.0,12292.0,0.33961,26282382230.0,3643861210.0,3951864420.0,,-31.45283,건강관리장비와용품,16470.0,13150.0,0.0214091398,9300000,004080,5012.0,3978.35,1.2598187690876872,57434432.25,4.755043227665712,5.28602461984069,6.831475360388101,2.530100878620241,13.864272949507287,33.961000000000006,-11.718275652701882,https://finance.naver.com/item/main.naver?code=004080
선광,KOSDAQ,20400.0,134640000000,3.24,0.3,6290.0,68798.0,0.61306,51645812970.0,12346022220.0,13379014090.0,,6.50765,운송인프라,30450.0,17280.0,0.0794819697,6600000,003100,5839.0,6869.7,0.8499643361427719,141901852.5,15.580736543909346,-4.225352112676061,0.9651076466221232,9.14270763684991,23.905175482805454,61.306000000000004,-33.00492610837439,https://finance.naver.com/item/main.naver?code=003100
샘표,KOSPI,46650.0,134156070000,9.78,0.44,4834.0,107294.0,0.34185,100345032300.0,4401133670.0,1568660750.0,,32.42418,식품,73100.0,39750.0,0.0413443216,2875800,007540,24176.0,70631.6,0.3422830574417116,4344709448.75,17.06398996235885,-18.444055944055947,0.753203948374382,4.505377747124722,4.386000551419425,34.185,-36.18331053351574,https://finance.naver.com/item/main.naver?code=007540
우진엔텍,KOSDAQ,14420.0,134379374360,24.84,2.59,572.0,5483.0,0.11292,11378032760.0,1043635770.0,984312300.0,,-39.76501,에너지장비및서비스,34900.0,10750.0,0.0292229024,9318958,457550,77291.0,105706.6,0.7311842401515137,1495447339.0,-5.13157894736842,-48.95575221238938,0.7311842401515137,10.43224512128397,9.172374451838017,11.292,-58.68194842406878,https://finance.naver.com/item/main.naver?code=457550
와이엠티,KOSDAQ,7500.0,135099097500,-72.62,0.68,-103.0,10941.0,0.64176,41213202210.0,1577651540.0,-2115927480.0,,-30.98927,화학,23500.0,6200.0,0.0547404286,18013213,251370,48203.0,75619.3,0.6374430866194212,553112173.5,-25.0,-43.39622641509434,0.6374430866194212,-0.9414130335435518,3.828024650841612,64.176,-68.08510638297872,https://finance.naver.com/item/main.naver?code=251370
컨텍,KOSDAQ,8150.0,134538358100,-16.22,1.43,-497.0,5646.0,0.33516,17981050730.0,-7913424170.0,4906063100.0,,41.91298,우주항공과국방,26350.0,5760.0,0.0412549263,16507774,451760,85306.0,78548.05,1.0860358723100063,612834536.0,-8.42696629213483,-53.21469575200919,6.0641479960355475,-8.802692171448813,-44.00979836399138,33.516,-69.07020872865274,https://finance.naver.com/item/main.naver?code=451760
엔에프씨,KOSDAQ,7420.0,132547912000,14.01,2.16,563.0,3660.0,0.32325,26883918000.0,4997970450.0,3539831160.0,,44.06295,화장품,9850.0,4020.0,0.0433190398,17863600,265740,573899.0,663260.7,0.8652691166535271,4860078339.25,62.00873362445414,-14.120370370370372,4.454991830512497,15.382513661202186,18.590930272886563,32.324999999999996,-24.670050761421326,https://finance.naver.com/item/main.naver?code=265740
티움바이오,KOSDAQ,4490.0,134872752750,-7.29,3.58,-640.0,1302.0,1.79903,4477378400.0,-4244922430.0,-4501849720.0,,45.13103,제약,13700.0,3415.0,0.0337944586,30038475,321550,49293.0,135555.7,0.3636364977643876,630496468.05,21.845318860244234,-42.43589743589744,0.8673408790629976,-49.155145929339476,-94.80821254687788,179.903,-67.22627737226277,https://finance.naver.com/item/main.naver?code=321550
퓨쳐켐,KOSDAQ,6020.0,135013068400,-15.02,3.14,-410.0,1962.0,0.24137,4271637850.0,-3219119590.0,2318297080.0,,45.13103,제약,28273.667,5341.667,0.0427064281,22427420,220100,172762.0,97792.85,1.766611771719507,716466835.0,-33.70044052863436,-72.51141552511416,8.4635737684299,-20.897043832823652,-75.36031150206237,24.137,-78.70810319722588,https://finance.naver.com/item/main.naver?code=220100
라온로보틱스,KOSDAQ,10150.0,134563625000,31.77,3.29,310.0,2998.0,0.56818,18216404460.0,449949290.0,318060190.0,,33.4343,반도체와반도체장비,23950.0,7020.0,0.0384291156,13257500,232680,181386.0,81955.6,2.213222769401969,771179850.75,2.4217961654894093,-35.88123815540114,2.213222769401969,10.340226817878586,2.470022506296503,56.818000000000005,-57.62004175365345,https://finance.naver.com/item/main.naver?code=232680
알에스오토메이션,KOSDAQ,10500.0,134818320000,-24.32,2.28,-428.0,4565.0,0.56616,18315715600.0,-1449325890.0,-888841510.0,,183.01813,기계,28800.0,7355.0,0.0552078531,12839840,140670,47655.0,70934.45,0.6718174314455106,723619433.25,6.924643584521384,-43.970117395944506,0.9899703176665218,-9.375684556407448,-7.91301809687414,56.616,-63.54166666666667,https://finance.naver.com/item/main.naver?code=140670
한컴위드,KOSDAQ,4800.0,135441988800,15.83,0.86,314.0,5802.0,0.70937,99815476480.0,-712663640.0,6601192190.0,,28.1014,비철금속,8980.0,2795.0,0.0084615769,28217081,054920,1282189.0,1917276.45,0.6687554108329031,9578042901.1,57.377049180327866,6.548279689234193,6.659925854719595,5.41192692175112,-0.7139811030635076,70.937,-46.5478841870824,https://finance.naver.com/item/main.naver?code=054920
비씨엔씨,KOSDAQ,10530.0,134762129190,116.67,1.7,90.0,6182.0,1.46017,26766057170.0,1838067680.0,460659910.0,,33.4343,반도체와반도체장비,19050.0,7120.0,0.0348547964,12797923,146320,35659.0,17782.75,2.005257904429855,168549788.0,-10.611205432937176,-30.905511811023622,2.4649168435703137,1.455839534131349,6.86715891072723,146.017,-44.7244094488189,https://finance.naver.com/item/main.naver?code=146320
아진엑스텍,KOSDAQ,7310.0,133846582460,155.22,3.17,46.0,2254.0,0.10183,8872557400.0,1810935640.0,1742822260.0,,33.4343,반도체와반도체장비,14500.0,3502.062,0.0163392639,18310066,059120,601649.0,835369.5,0.7202190168542184,5998037540.75,45.03968253968254,-4.444444444444439,0.7202190168542184,2.0408163265306123,20.41052605644456,10.183,-49.58620689655172,https://finance.naver.com/item/main.naver?code=059120
그래디언트,KOSDAQ,11790.0,131742980910,-4.03,0.31,-2961.0,38707.0,1.56097,1008380083080.0,7838132330.0,13972261920.0,,19.25197,인터넷과카탈로그소매,15300.0,7220.0,0.0282650218,11174129,035080,29259.0,32922.7,0.888718118501824,397644174.75,53.515625,-13.308823529411761,1.5207744200809776,-7.649779109721757,0.7772993994545369,156.097,-22.941176470588232,https://finance.naver.com/item/main.naver?code=035080
AP위성,KOSDAQ,8920.0,134534151680,-46.41,1.24,-195.0,7297.0,0.26804,6760100200.0,-2317459810.0,-1500798930.0,,-362.11639,통신장비,22400.0,5720.0,0.0187738558,15082304,211270,111502.0,74301.35,1.5006725988154992,658505975.75,8.64799025578562,-46.58682634730539,4.804582958452302,-2.672331094970536,-34.281441715908294,26.804,-60.17857142857144,https://finance.naver.com/item/main.naver?code=211270
경인양행,KOSPI,3215.0,133796613475,22.97,0.54,138.0,5881.0,1.04284,118964470060.0,13343569410.0,10374871510.0,,-30.98927,화학,6430.0,2565.0,0.0590449694,41616365,012610,109773.0,95575.7,1.1485450799732568,301645361.3,-3.8863976083707064,-21.68087697929354,1.7397309148664357,2.34653970413195,11.216432438416394,104.28399999999999,-50.0,https://finance.naver.com/item/main.naver?code=012610
만호제강,KOSPI,3860.0,135543745600,-34.45,0.68,-110.0,5544.0,0.28087,39139440650.0,3268535010.0,-1588374340.0,,42.88131,철강,6240.0,3390.0,0.0051304914,35114960,001080,10804.0,43393.9,0.24897508636006443,169977853.7,1.0471204188481575,-21.4649033570702,2.463341621748679,-1.984126984126984,8.351000820958335,28.087,-38.141025641025635,https://finance.naver.com/item/main.naver?code=001080
윈스테크넷,KOSDAQ,10830.0,132989649180,6.36,0.63,1694.0,17202.0,0.08873,20568753660.0,3164896270.0,4462559580.0,,216.01575,소프트웨어,14580.0,9870.0,0.0838045836,12279746,136540,10208.0,12433.85,0.8209846507718848,133362785.5,6.385068762278978,-5.826086956521737,1.0834134238389557,9.84769212882223,15.386913190344465,8.873000000000001,-25.720164609053498,https://finance.naver.com/item/main.naver?code=136540
아톤,KOSDAQ,5420.0,132692938640,84.24,1.36,66.0,4089.0,0.60178,17438099160.0,3150541960.0,3684104440.0,,216.01575,소프트웨어,11370.0,3300.0,0.0110459515,24482092,158430,917920.0,1645151.7,0.5579546250962754,9327666695.5,36.86868686868687,-19.345238095238095,5.811867683691419,1.6140865737344092,18.0670033533632,60.178,-52.33069481090589,https://finance.naver.com/item/main.naver?code=158430
한신공영,KOSPI,11200.0,129591862400,2.16,0.15,5174.0,72296.0,1.62762,258893384710.0,20476931680.0,18897417180.0,,38.14669,건설,19510.0,7280.0,0.0470540163,11570702,004960,13915.0,31966.9,0.43529400723873757,380722215.0,21.081081081081088,-13.178294573643413,0.6992545414162774,7.15668916675888,7.9094070723117476,162.762,-42.593541773449516,https://finance.naver.com/item/main.naver?code=004960
디씨엠,KOSPI,11500.0,131100000000,8.39,0.38,1369.0,30605.0,0.12197,50175411210.0,3257475180.0,3276116340.0,,28.1014,비철금속,13230.0,10310.0,0.0532688596,11400000,024090,1928.0,5787.95,0.3331058492212269,66868766.75,9.004739336492884,-6.122448979591832,1.318774350158519,4.473125306322497,6.492174356810816,12.197,-13.076341647770217,https://finance.naver.com/item/main.naver?code=024090
레이언스,KOSDAQ,8010.0,132894022140,-25.09,0.56,-336.0,15058.0,0.12337,36458028610.0,2511659980.0,2566964340.0,,-31.45283,건강관리장비와용품,8530.0,4835.0,0.0382401582,16591014,228850,97034.0,68008.25,1.4267974841287638,523658818.5,45.63636363636363,30.243902439024396,6.19829211897086,-2.23137202815779,6.889182097221466,12.337,-6.096131301289565,https://finance.naver.com/item/main.naver?code=228850
안국약품,KOSDAQ,10030.0,130815472600,15.2,0.69,658.0,14551.0,0.84175,91850924880.0,8640460430.0,8574459990.0,,45.13103,제약,13650.0,7280.0,0.0413051412,13042420,001540,14407.0,34765.5,0.414405085501431,365489154.5,6.8157614483493,26.96202531645571,2.045619939307647,4.522025977596042,9.40704782373009,84.175,-26.520146520146515,https://finance.naver.com/item/main.naver?code=001540
제이아이테크,KOSDAQ,4000.0,131138976000,18.74,1.68,215.0,2405.0,0.62665,21881928370.0,6341394480.0,3916891480.0,,33.4343,반도체와반도체장비,6160.0,2480.0,0.0599825943,32784744,417500,164730.0,230314.75,0.715238602825047,893125110.25,24.61059190031152,-25.233644859813086,1.0214760452815115,8.93970893970894,28.9800531871497,62.665000000000006,-35.064935064935064,https://finance.naver.com/item/main.naver?code=417500
금강공업,KOSPI,4450.0,130515638650,-2.49,0.35,-1769.0,12448.0,1.46985,229092311770.0,17990210710.0,10968265040.0,,-9.00117,건축제품,8470.0,3420.0,0.0292206542,29329357,014280,1124536.0,292419.55,3.845625232649459,1406842791.85,17.259552042160742,-10.821643286573146,3.845625232649459,-14.21111825192802,7.852821673064912,146.985,-47.4616292798111,https://finance.naver.com/item/main.naver?code=014280
에코앤드림,KOSDAQ,7320.0,130194354480,-15.12,0.61,-490.0,12165.0,1.27745,20211721540.0,-5279990600.0,-5369536100.0,,-30.98927,화학,26900.0,4855.0,0.0197802623,17786114,101360,39835.0,87781.45,0.45379747087795885,757536685.0,-2.008032128514059,-58.80697805289814,0.5146531528016455,-4.027949034114262,-26.12340858521446,127.745,-72.78810408921933,https://finance.naver.com/item/main.naver?code=101360
고려신용정보,KOSDAQ,9120.0,130416000000,9.58,2.07,951.0,4407.0,0.79979,43322733880.0,3847433580.0,3349781180.0,,15.37804,상업서비스와공급품,11940.0,8820.0,0.0367855245,14300000,049720,33212.0,22365.5,1.4849656837539962,203887249.0,-4.0000000000000036,-12.643678160919535,1.4849656837539962,21.57930565010211,8.880865161134656,79.979,-23.61809045226131,https://finance.naver.com/item/main.naver?code=049720
일진다이아,KOSPI,9270.0,131661578250,19.46,0.32,483.0,29014.0,0.12117,55098104960.0,5732399970.0,8236200160.0,,28.1014,비철금속,17190.0,7440.0,0.042623042,14202975,081000,25927.0,24365.1,1.0641039847979283,231709983.75,6.429391504018378,-31.536189069423926,4.779951652158211,1.664713586544427,10.40398753126191,12.117,-46.07329842931938,https://finance.naver.com/item/main.naver?code=081000
디오,KOSDAQ,9640.0,129328581920,-99.9,0.7,-100.0,14316.0,0.76231,44949617770.0,4407797260.0,5034095310.0,,-31.45283,건강관리장비와용품,19400.0,9480.0,0.1472904244,13415828,039840,58826.0,35554.3,1.6545396759323063,373485931.75,-19.33054393305439,-39.141414141414145,5.326528718045355,-0.6985191394244202,9.806083963948243,76.23100000000001,-50.30927835051546,https://finance.naver.com/item/main.naver?code=039840
조일알미늄,KOSPI,5100.0,129164354400,16.25,0.62,315.0,8275.0,1.07218,154139388820.0,10020716520.0,7455858200.0,,28.1014,비철금속,11175.0,4260.0,0.0,25326344,018470,58289.0,527814.0,0.11043473647913848,780482954.55,320.0988467874794,279.18215613382904,0.24682558628607806,3.8066465256797586,6.50107451230518,107.21799999999999,-54.36241610738255,https://finance.naver.com/item/main.naver?code=018470
고스트스튜디오,KOSDAQ,9900.0,128868884100,,,,,0.08889,21816371000.0,4798388000.0,4680609000.0,,17.25132,게임엔터테인먼트,12460.0,6920.0,0.3017814546,13017059,950190,39065.0,135520.3,0.28825939730062583,1447163375.5,8.196721311475418,22.222222222222232,7.5461093282703775,,21.994437113303583,8.889,-20.54574638844302,https://finance.naver.com/item/main.naver?code=950190
오로스테크놀로지,KOSDAQ,13960.0,130756926320,-19.67,1.99,-695.0,6873.0,1.0508,11366242000.0,-2294089350.0,-3570652520.0,,33.4343,반도체와반도체장비,52000.0,10910.0,0.0906785023,9366542,322310,104933.0,97137.75,1.0802494395845075,1243637696.0,-28.70275791624106,-54.96774193548387,1.0802494395845075,-10.112032591299288,-20.18335831667142,105.08,-73.15384615384615,https://finance.naver.com/item/main.naver?code=322310
동방메디컬,KOSDAQ,6170.0,129162409800,11.15,1.08,572.0,5905.0,0.50252,33940580990.0,6357463130.0,3994914040.0,,-31.45283,건강관리장비와용품,11370.0,4500.0,0.0059646201,20933940,240550,372926.0,439962.95,0.8476304652471305,2941033216.75,27.216494845360817,-11.731044349070096,16.05649066586175,9.68670618120237,18.731155874653755,50.251999999999995,-45.73438874230431,https://finance.naver.com/item/main.naver?code=240550
시너지이노베이션,KOSDAQ,1473.0,129781556499,42.6,0.62,35.0,2401.0,0.22124,31407849780.0,5378199710.0,7708060020.0,,-31.45283,건강관리장비와용품,2810.0,1385.0,0.1415599469,88106963,048870,170777.0,190452.3,0.8966917175586748,302564223.15,-9.186189889025897,-29.689737470167067,0.9658428908445842,1.4577259475218658,17.123743738180856,22.124,-47.580071174377224,https://finance.naver.com/item/main.naver?code=048870
씨앤지하이테크,KOSDAQ,13360.0,129874857920,6.44,0.88,2078.0,15198.0,0.2305,72301012700.0,9327500860.0,5688758350.0,,33.4343,반도체와반도체장비,26100.0,9850.0,0.031391071,9721172,264660,24836.0,20757.5,1.1964831988437914,275975602.5,6.879999999999997,-24.56239412761152,1.1964831988437914,13.672851691011974,12.900926987983945,23.05,-48.81226053639847,https://finance.naver.com/item/main.naver?code=264660
메쥬,KOSDAQ,13050.0,128956837500,28.91,10.18,422.0,1199.0,0.09428,5668414580.0,874700940.0,1097834700.0,,-31.45283,건강관리장비와용품,73500.0,10370.0,0.0405735826,9881750,0088M0,185931.0,57855.35,3.21372180792269,733065480.5,4.066985645933019,-66.53846153846155,3.21372180792269,35.19599666388657,15.431139124619216,9.428,-82.24489795918367,https://finance.naver.com/item/main.naver?code=0088M0
노바텍,KOSDAQ,12250.0,129553929750,6.49,0.72,1885.0,16898.0,0.09522,9525688370.0,-151210360.0,23205334990.0,,104.30752,핸드셋,31900.0,9510.0,0.0466091979,10575831,285490,28771.0,16177.0,1.7785127032206218,191922912.5,5.512489233419471,-47.42489270386267,1.7785127032206218,11.155166291868861,-1.5873956204175093,9.522,-61.59874608150471,https://finance.naver.com/item/main.naver?code=285490
신원,KOSPI,1122.0,128772380946,-36.13,0.44,-31.0,2556.0,1.97538,309913109250.0,7558109000.0,-1044732210.0,,8.86094,"섬유,의류,신발,호화품",1890.0,898.0,0.0254204061,114770393,009270,273837.0,551286.25,0.4967237982082811,625494487.65,12.650602409638555,-18.28113619810634,0.8042192236791685,-1.2128325508607198,2.4387832506636697,197.53799999999998,-40.63492063492063,https://finance.naver.com/item/main.naver?code=009270
엘앤케이바이오,KOSDAQ,5750.0,128519129750,-7.11,2.73,-802.0,2087.0,0.93953,11735121310.0,1274542510.0,7978711340.0,,-31.45283,건강관리장비와용품,16400.0,2730.0,0.0595185403,22351153,156100,274851.0,205318.75,1.3386551398739763,1071266172.55,37.889688249400486,-41.919191919191924,1.459223767921829,-38.428366075706755,10.860923175237291,93.953,-64.9390243902439,https://finance.naver.com/item/main.naver?code=156100
마크로젠,KOSDAQ,11900.0,129012660000,63.69,0.82,187.0,14505.0,1.16377,51004029210.0,697800000.0,4299202490.0,,-34.55045,생명과학도구및서비스,20900.0,10440.0,0.0410834394,10841400,038290,13273.0,14289.15,0.9288866027720334,175402578.5,1.7964071856287456,-27.48324192565509,0.9288866027720334,1.2892106170286108,1.3681272064348737,116.377,-43.0622009569378,https://finance.naver.com/item/main.naver?code=038290
유니트론텍,KOSDAQ,6220.0,129073726660,9.61,0.92,640.0,6717.0,2.39771,340100315050.0,38540229360.0,17783063020.0,,33.4343,반도체와반도체장비,9060.0,4470.0,0.0319470929,20751403,142210,154654.0,123211.8,1.2551882206087404,733860070.75,17.13747645951036,11.270125223613592,1.2551882206087404,9.528063123418193,11.332018129513932,239.77100000000002,-31.34657836644592,https://finance.naver.com/item/main.naver?code=142210
코윈로보틱스,KOSDAQ,10920.0,127699375440,74.26,0.73,148.0,15009.0,0.77023,58382472470.0,-7405178120.0,-7745283310.0,,183.01813,기계,21150.0,7340.0,0.0214382796,11694082,282880,29109.0,60799.75,0.4787684159885526,637098448.75,9.63855421686748,-26.365475387727578,1.7797935024403884,0.9860750216536744,-12.683906327888344,77.023,-48.36879432624114,https://finance.naver.com/item/main.naver?code=282880
액트로,KOSDAQ,12840.0,129234741240,16.41,1.65,802.0,7978.0,0.6619,52552861580.0,-404486980.0,1666900040.0,,104.30752,핸드셋,32700.0,4550.0,0.1178723997,10065011,290740,48156.0,90778.1,0.5304803691639283,1060054263.75,42.66666666666667,-43.560439560439555,0.8762135360841435,10.052644773126097,-0.7696764131183587,66.19,-60.73394495412844,https://finance.naver.com/item/main.naver?code=290740
경보제약,KOSPI,5420.0,129575181200,668.75,0.88,8.0,6096.0,1.50062,75221833770.0,930325040.0,2973734610.0,,45.13103,제약,9300.0,4700.0,0.0221156605,23906860,214390,17320.0,34848.55,0.4970077664637409,191193866.5,11.637487126673541,-1.2750455373406244,0.733832541095684,0.13123359580052493,1.2367752730471622,150.062,-41.72043010752689,https://finance.naver.com/item/main.naver?code=214390
파세코,KOSDAQ,6380.0,127600000000,34.59,1.49,185.0,4285.0,0.61411,46702021360.0,2351568590.0,2419792910.0,,11.82308,가정용기기와용품,9980.0,4990.0,0.009262,20000000,037070,37720.0,106830.35,0.35308318282211,637859984.5,22.222222222222232,-22.572815533980584,0.6967214841100866,4.3173862310385065,5.035260833515237,61.411,-36.07214428857716,https://finance.naver.com/item/main.naver?code=037070
나노팀,KOSDAQ,6360.0,128298550080,129.4,2.67,50.0,2423.0,1.71274,14178441940.0,1414404600.0,726620730.0,,255.50195,전자장비와기기,15930.0,3330.0,0.0053943621,20172728,417010,157531.0,1033975.85,0.15235462220901969,6829497280.25,28.61476238624874,-40.72693383038211,1.2750104366557498,2.063557573256294,9.975740677187552,171.274,-60.075329566855,https://finance.naver.com/item/main.naver?code=417010
금호전기,KOSPI,10230.0,128144724180,-36.32,5.18,-285.0,2000.0,1.22805,7881579810.0,-1027629400.0,-787109700.0,,15.86239,디스플레이장비및부품,14350.0,2325.0,0.1243909048,12526366,001210,1665602.0,7256207.0,0.22954168755108556,84132735874.25,1975.050709939148,1170.807453416149,1.4664117217163182,-14.249999999999998,-13.03836825576724,122.805,-28.710801393728225,https://finance.naver.com/item/main.naver?code=001210
혜인,KOSPI,9890.0,125729067830,7.37,0.78,1382.0,13026.0,0.92614,64151484330.0,7104310530.0,9648485650.0,,183.01813,기계,13290.0,3925.0,0.0739465672,12712747,003010,469161.0,641002.35,0.7319177534996557,6377180016.25,142.4019607843137,84.85981308411215,1.1513779941680402,10.609550130508214,11.074273033894116,92.61399999999999,-25.583145221971403,https://finance.naver.com/item/main.naver?code=003010
모다이노칩,KOSDAQ,1613.0,128590976286,-27.03,0.35,-59.0,4518.0,1.67357,93684764250.0,6395361750.0,2594808730.0,,30.75367,전문소매,2380.0,1269.0,0.0007269044,79721622,080420,714.0,1353.2,0.5276381909547738,2238950.65,11.241379310344835,-24.801864801864802,3.0749334909843333,-1.3058875608676406,6.826469385068661,167.357,-32.22689075630252,https://finance.naver.com/item/main.naver?code=080420
경동도시가스,KOSPI,21500.0,126751229000,3.86,0.27,5576.0,80675.0,0.87967,447475292560.0,7090256930.0,7231969190.0,,9.40121,가스유틸리티,24300.0,18370.0,0.0822257195,5895406,267290,7030.0,6635.75,1.059413027916965,144639182.5,15.965480043149949,-2.2727272727272707,1.2096597973100252,6.911682677409359,1.5845024402211656,87.967,-11.52263374485597,https://finance.naver.com/item/main.naver?code=267290
동양이엔피,KOSDAQ,16840.0,127169920720,2.57,0.29,6525.0,58388.0,0.15003,105678454260.0,2721164730.0,9198494560.0,,-77.6154,전기제품,38050.0,16640.0,0.0760885888,7551658,079960,41884.0,27707.7,1.5116375592344367,493685013.75,-5.126760563380284,-44.23841059602649,1.5116375592344367,11.175241487976981,2.57494751324157,15.003,-55.74244415243101,https://finance.naver.com/item/main.naver?code=079960
케이엔더블유,KOSDAQ,7900.0,126554208000,-22.12,1.04,-363.0,7691.0,1.68972,18412542530.0,-1836768960.0,-7586667520.0,,33.4343,반도체와반도체장비,11400.0,4785.0,0.012875854,16019520,105330,29460.0,40025.4,0.7360326192867529,282882584.5,-10.73446327683616,2.4643320363164634,1.8682636525806113,-4.719802366402289,-9.975640012819023,168.972,-30.701754385964907,https://finance.naver.com/item/main.naver?code=105330
KCC건설,KOSDAQ,5980.0,127972000000,2.57,0.21,2276.0,27706.0,1.52975,379868908170.0,16294439590.0,8950355870.0,,38.14669,건설,7840.0,4450.0,0.0287586449,21400000,021320,9190.0,23850.0,0.3853249475890985,140599884.75,18.886679920477146,-4.6251993620414655,1.0959329140461216,8.214827113260666,4.289490200316123,152.975,-23.72448979591837,https://finance.naver.com/item/main.naver?code=021320
라온텍,KOSDAQ,4185.0,128791525230,-18.53,7.32,-217.0,549.0,2.53614,1461728850.0,-2971913740.0,-3271634490.0,,33.4343,반도체와반도체장비,12500.0,2635.0,0.0300906353,30774558,418420,399023.0,243278.95,1.640187118532039,1051252879.7,2.825552825552835,-34.40438871473355,1.640187118532039,-39.526411657559194,-203.31498143448425,253.614,-66.52,https://finance.naver.com/item/main.naver?code=418420
코맥스,KOSDAQ,2885.0,125692107675,-3.04,4.56,-950.0,633.0,1.91633,18264739230.0,2237285030.0,1696559520.0,,-362.11639,통신장비,2885.0,2885.0,0.0021235576,43567455,036690,,,,,,,,-150.07898894154818,12.24920324252557,191.633,0.0,https://finance.naver.com/item/main.naver?code=036690
인선이엔티,KOSDAQ,2770.0,126211205240,-11.2,0.4,-249.0,7036.0,0.49029,50259843160.0,2317409170.0,1238689770.0,,15.37804,상업서비스와공급품,4745.0,2680.0,0.0361983813,45563612,060150,82798.0,29842.45,2.774504104053119,88437579.65,-5.460750853242324,-32.92978208232446,4.052783869957057,-3.538942581011938,4.610856350312574,49.029,-41.622760800843,https://finance.naver.com/item/main.naver?code=060150
져스텍,KOSDAQ,10400.0,125323172000,-68.91,10.08,-147.0,1005.0,0.39875,5036610460.0,1099152730.0,1161530820.0,,183.01813,기계,42500.0,5180.0,0.0190015108,12050305,153890,306039.0,335065.85,0.9133697152365722,4081380915.75,-40.67313177410155,-40.67313177410155,0.9133697152365722,-14.626865671641792,21.82326266304105,39.875,-75.52941176470588,https://finance.naver.com/item/main.naver?code=153890
루미르,KOSDAQ,7110.0,126683818560,2356.67,2.05,3.0,3445.0,0.15049,4235109550.0,-1056255100.0,-879919270.0,,41.91298,우주항공과국방,22650.0,4040.0,0.0399931057,17817696,474170,49674.0,50108.95,0.9913199139075954,338486117.5,-2.066115702479343,-54.77099236641221,4.281829892663886,0.08708272859216255,-24.94044339419744,15.049000000000001,-68.6092715231788,https://finance.naver.com/item/main.naver?code=474170
팜스토리,KOSDAQ,1123.0,125120841800,4.13,0.44,272.0,2550.0,1.88763,362985033940.0,17636031170.0,13336520860.0,,32.42418,식품,1656.0,925.0,0.0188468325,111416600,027710,137101.0,368820.0,0.371728756575023,413623403.25,19.468085106382983,-15.43674698795181,0.6371536250745621,10.666666666666668,4.858611105414106,188.763,-32.18599033816425,https://finance.naver.com/item/main.naver?code=027710
제노코,KOSDAQ,12840.0,125015132040,-49.31,2.18,-260.0,5883.0,0.38631,10856051800.0,-695873470.0,193180040.0,,41.91298,우주항공과국방,36900.0,9710.0,0.2065566251,9736381,361390,16195.0,21235.1,0.7626524009776268,266666647.0,4.645476772616131,-55.41666666666667,5.089874782788874,-4.419513853476118,-6.410005062798245,38.631,-65.20325203252033,https://finance.naver.com/item/main.naver?code=361390
나인테크,KOSDAQ,2180.0,125165343100,-6.52,1.38,-338.0,1599.0,0.85431,12723389290.0,-469678000.0,580797050.0,,-77.6154,전기제품,4720.0,1274.0,0.0220219194,57415295,267320,189674.0,226586.9,0.8370916412202117,499034699.9,8.728179551122196,-31.44654088050315,0.8370916412202117,-21.138211382113823,-3.6914535057820275,85.431,-53.813559322033896,https://finance.naver.com/item/main.naver?code=267320
동성제약,KOSPI,1310.0,126571554170,-1.17,1.38,-1126.0,957.0,0.82611,22084859670.0,-2034695910.0,-5894240580.0,,45.13103,제약,2525.0,973.0,0.0073615466,96619507,002210,102410.0,105511.35,0.9706064797768201,149286815.85,-27.222222222222225,-27.222222222222225,4.5479372598303405,-117.65935214211076,-9.213080546596926,82.611,-48.118811881188115,https://finance.naver.com/item/main.naver?code=002210
동양,KOSPI,1162.0,124475801184,5.75,0.16,210.0,7624.0,0.95332,146110177710.0,-3603405280.0,-16792743040.0,,7.31423,건축자재,2660.0,970.0,0.0212332231,107122032,001520,2873738.0,900371.1,3.191726167132641,1160694705.6,101.38648180242633,39.328537170263786,12.10241088369007,2.7544596012591813,-2.4662246918568886,95.332,-56.315789473684205,https://finance.naver.com/item/main.naver?code=001520
메쎄이상,KOSDAQ,2920.0,126238768600,7.99,1.55,365.0,1878.0,0.29216,19382589560.0,6650626450.0,5431701940.0,,18.54451,양방향미디어와서비스,4385.0,2600.0,0.0310744787,43232455,408920,8486.0,15452.9,0.5491525862459474,46598779.8,4.472271914132375,-12.835820895522387,1.9520607782358004,19.435569755058573,34.31237311925002,29.215999999999998,-33.409350057012546,https://finance.naver.com/item/main.naver?code=408920
제넥신,KOSDAQ,2740.0,124780953560,-5.0,0.55,-598.0,5426.0,0.65777,972206380.0,-10495861220.0,-26267788560.0,,-65.60732,생물공학,7490.0,2140.0,0.0383431282,45540494,095700,439418.0,455127.95,0.9654823440309478,1396118960.1,19.130434782608695,-43.09449636552441,0.9654823440309478,-11.021009952082565,-1079.5918887098849,65.777,-63.417890520694264,https://finance.naver.com/item/main.naver?code=095700
씨에스베어링,KOSDAQ,4550.0,124078500000,11.07,1.23,412.0,3703.0,0.52027,37804488030.0,3417104500.0,3165402600.0,,183.01813,기계,9600.0,3050.0,0.0257338834,27270000,297090,105664.0,103234.5,1.0235337992628433,452548158.5,21.333333333333336,-43.47826086956522,1.237774193704624,11.126113961652715,9.038885799189595,52.027,-52.60416666666667,https://finance.naver.com/item/main.naver?code=297090
켐트로스,KOSDAQ,3845.0,123317051475,-8.71,1.89,-446.0,2061.0,0.27218,23955659980.0,3583872870.0,3770049490.0,,-30.98927,화학,9570.0,2630.0,0.0287762976,32072055,220260,69117.0,50689.95,1.3635247223562068,193850049.8,6.068965517241387,-29.83576642335767,1.3635247223562068,-21.63998059194566,14.96044305601302,27.217999999999996,-59.82236154649947,https://finance.naver.com/item/main.naver?code=220260
국전,KOSDAQ,2265.0,122278942320,-26.8,1.2,-86.0,1920.0,0.6596,40483784420.0,1495899900.0,6132526260.0,,45.13103,제약,6000.0,1700.0,0.0122875831,53986288,307750,66122.0,403801.05,0.16374895508567897,962037873.05,14.858012170385404,-59.115523465703966,0.6234481064375638,-4.479166666666667,3.6950594452355303,65.96,-62.25000000000001,https://finance.naver.com/item/main.naver?code=307750
KCTC,KOSPI,4160.0,124800000000,5.93,0.4,707.0,10550.0,1.30727,290934509200.0,15626815960.0,10631723470.0,,8.50712,항공화물운송과물류,8390.0,3370.0,0.0652559,30000000,009070,103997.0,106205.1,0.9792090963616624,432351544.1,7.772020725388606,-36.48854961832061,3.7924544113229963,6.701421800947867,5.37124867138312,130.727,-50.41716328963051,https://finance.naver.com/item/main.naver?code=009070
제이엘케이,KOSDAQ,4790.0,123227022680,-9.07,3.0,-540.0,1631.0,1.00277,520149440.0,-3347223280.0,-3741861400.0,,-59.4544,건강관리기술,9210.0,3765.0,0.0119904492,25725892,322510,73307.0,129628.8,0.5655147621516207,667257545.7,7.278835386338178,-40.644361833952914,1.1184243007726677,-33.108522378908646,-643.511849210104,100.27699999999999,-47.99131378935939,https://finance.naver.com/item/main.naver?code=322510
SG,KOSDAQ,1128.0,123587404656,-49.95,1.04,-22.0,1058.0,0.91001,23027309090.0,686823430.0,1244551550.0,,7.31423,건축자재,3397.241,1035.0,0.0177344965,109563302,255220,1418726.0,1935408.85,0.7330368464523658,2319887070.9,-20.619282195636877,-59.92895204262878,0.7330368464523658,-2.0793950850661624,2.9826473745395843,91.001,-66.7965858177268,https://finance.naver.com/item/main.naver?code=255220
와이바이오로직스,KOSDAQ,8010.0,123384942630,-2.91,4.68,-2822.0,1752.0,1.91841,1547361600.0,-3789058440.0,-7826675900.0,,-65.60732,생물공학,38000.0,7230.0,0.0665283118,15403863,338840,36056.0,28272.45,1.2753051115131515,244240554.75,-26.58111824014665,-76.3716814159292,1.3810971458080215,-161.0730593607306,-244.8722031101198,191.841,-78.92105263157895,https://finance.naver.com/item/main.naver?code=338840
삼성제약,KOSPI,1314.0,123728971806,10.78,1.03,123.0,1286.0,0.67548,9901023840.0,-4989648880.0,-56645723410.0,,45.13103,제약,2320.0,1140.0,0.0286506843,94162079,001360,187567.0,282360.9,0.6642810672440836,377075246.95,3.383162863886713,-28.509249183895534,2.1672618269739186,9.564541213063764,-50.39528194894236,67.548,-43.36206896551724,https://finance.naver.com/item/main.naver?code=001360
디와이파워,KOSPI,11220.0,123887963760,4.9,0.39,2278.0,28321.0,0.25595,115860516580.0,10531062960.0,10303130440.0,,183.01813,기계,16390.0,9910.0,0.131297984,11041708,210540,8219.0,26942.05,0.3050621611941185,307507880.5,3.7927844588344195,-17.500000000000004,1.5704447137467268,8.0435012887963,9.089432078207984,25.595000000000002,-31.543624161073826,https://finance.naver.com/item/main.naver?code=210540
와이투솔루션,KOSPI,3350.0,122940852700,-12.79,1.24,-262.0,2706.0,1.20951,87367181260.0,665400880.0,448483520.0,,255.50195,전자장비와기기,9900.0,2400.0,0.0527838786,36698762,011690,81540.0,99778.5,0.817210120416723,326341438.65,-0.887573964497046,-49.925261584454404,1.0617517801931278,-9.682187730968218,0.7616142244761257,120.95100000000001,-66.16161616161615,https://finance.naver.com/item/main.naver?code=011690
시지메드텍,KOSDAQ,1190.0,122878252840,18.89,1.31,63.0,910.0,0.39374,15316112380.0,332758090.0,1096136520.0,,-31.45283,건강관리장비와용품,3555.0,850.0,0.0238095967,103259036,056090,2291891.0,503281.65,4.553893431242725,574618723.2,-5.405405405405405,-57.57575757575757,4.553893431242725,6.923076923076923,2.172601517566039,39.373999999999995,-66.52601969057666,https://finance.naver.com/item/main.naver?code=056090
텔코웨어,KOSPI,13350.0,123355027950,11.27,0.62,1195.0,21758.0,0.16537,10303557600.0,3144129060.0,3075578380.0,,216.01575,소프트웨어,27450.0,11630.0,0.0142714179,9240077,078000,2367.0,2388.55,0.9909777898725167,31727648.5,7.14285714285714,-25.50223214285714,0.9909777898725167,5.4922327419799615,30.514985037789277,16.537,-51.36612021857923,https://finance.naver.com/item/main.naver?code=078000
HT로보틱스,KOSDAQ,4600.0,121851700000,84.72,1.63,54.0,2803.0,1.06255,37448791370.0,2040595960.0,3193916530.0,,255.50195,전자장비와기기,7340.0,2270.0,0.02335767,26489500,396300,2697515.0,1299602.25,2.075646606490563,6842516885.1,45.11041009463723,19.791666666666675,2.075646606490563,1.9265073135925792,5.449030223268324,106.25500000000001,-37.32970027247956,https://finance.naver.com/item/main.naver?code=396300
톱텍,KOSDAQ,3225.0,122624965125,-8.04,0.31,-405.0,10549.0,0.39362,40843433210.0,-6506930800.0,-2880135850.0,,183.01813,기계,5260.0,2550.0,0.0226270272,38023245,108230,181898.0,1532473.05,0.1186957251874674,5228051639.2,14.56483126110124,-26.20137299771167,1.229758657093513,-3.839226466963693,-15.931400199743395,39.362,-38.68821292775665,https://finance.naver.com/item/main.naver?code=108230
화승코퍼레이션,KOSPI,2445.0,122375311140,1.47,0.41,1681.0,6040.0,1.91329,449059034970.0,21866407330.0,15403614940.0,,9.52744,자동차부품,4000.0,1951.0,0.0699098196,50051252,013520,135978.0,54183.95,2.5095623334954356,138754311.15,4.487179487179493,-17.67676767676768,2.5095623334954356,27.831125827814567,4.869383672786099,191.329,-38.87500000000001,https://finance.naver.com/item/main.naver?code=013520
신영와코루,KOSPI,13850.0,124650000000,19.43,0.31,697.0,43200.0,0.10785,59372205960.0,-45059200.0,206414920.0,,8.86094,"섬유,의류,신발,호화품",22450.0,11400.0,0.2589145556,9000000,005800,9579.0,2511.3,3.8143590968820926,33926289.75,17.472434266327387,-14.40049443757726,3.8143590968820926,1.6134259259259258,-0.07589275027166265,10.785,-38.30734966592427,https://finance.naver.com/item/main.naver?code=005800
셀레믹스,KOSDAQ,10830.0,121096240650,-21.98,3.85,-494.0,2819.0,0.60477,1376271730.0,-924430010.0,-5232091790.0,,-65.60732,생물공학,19840.0,2535.0,0.0103619756,11181555,331920,14284.0,107620.95,0.13272508744812234,1253661851.0,-0.8241758241758212,58.102189781021906,1.4033791747796316,-17.523944661227386,-67.1691490749432,60.477000000000004,-45.4133064516129,https://finance.naver.com/item/main.naver?code=331920
아이앤씨,KOSDAQ,6840.0,122209281360,24.88,3.27,281.0,2140.0,0.4506,8979582930.0,348649690.0,553966320.0,,33.4343,반도체와반도체장비,7350.0,2135.0,0.0237342288,17866854,052860,35774.0,99218.45,0.36055794058463925,650764441.25,74.04580152671755,79.5275590551181,0.7549301566392138,13.130841121495326,3.8826935807362712,45.06,-6.938775510204087,https://finance.naver.com/item/main.naver?code=052860
큐리오시스,KOSDAQ,8010.0,122230709640,-13.39,4.35,-602.0,1852.0,0.29209,3473285420.0,-1869245490.0,-2081849420.0,,-34.55045,생명과학도구및서비스,48218.865,7450.0,0.063401898,15259764,494120,57596.0,87470.5,0.65846199575857,739767396.75,-67.37270875763748,-88.63829787234042,1.2789340406194087,-32.50539956803456,-53.81779105271458,29.209000000000003,-83.38824441429719,https://finance.naver.com/item/main.naver?code=494120
화승인더,KOSPI,2240.0,123916800000,5.63,0.32,395.0,6972.0,2.0174,458189180480.0,21685893610.0,8127876610.0,,8.86094,"섬유,의류,신발,호화품",4130.0,2195.0,0.050226898,55320000,006060,87867.0,61812.9,1.4214993957571962,148948727.75,-3.655913978494618,-32.3262839879154,3.7689058432786684,5.665519219736087,4.732956283970261,201.73999999999998,-45.76271186440678,https://finance.naver.com/item/main.naver?code=006060
센서뷰,KOSDAQ,1713.0,120975915963,-5.31,6.46,-319.0,262.0,2.00138,2526704040.0,-2197787310.0,-2611158470.0,,-362.11639,통신장비,4663.794,789.397,0.0368601816,70622251,321370,11903721.0,6831279.15,1.7425317775222229,10832040662.15,-8.150134048257375,-61.06818181818181,6.569217713786443,-121.7557251908397,-86.9823800178829,200.138,-63.27024735655134,https://finance.naver.com/item/main.naver?code=321370
그린리소스,KOSDAQ,7320.0,123965788440,12.23,1.79,619.0,4219.0,1.05554,14419018410.0,331120840.0,-3779735760.0,,33.4343,반도체와반도체장비,24850.0,4825.0,0.0683050592,16935217,402490,240967.0,114712.95,2.1006085189161294,797895223.25,-14.883720930232558,-48.775367389783064,8.346965185709198,14.671723157146243,2.296417346761679,105.55399999999999,-70.54325955734406,https://finance.naver.com/item/main.naver?code=402490
미투온,KOSDAQ,3750.0,122713972500,162.2,0.88,25.0,4588.0,0.066,24851428530.0,4765416320.0,4339822010.0,,17.25132,게임엔터테인먼트,6300.0,1738.0,0.0095961261,32723726,201490,4258114.0,7317524.75,0.5819063338323522,29370522698.5,104.35967302452318,12.27544910179641,10.37776045786521,0.5448997384481256,19.1756233016839,6.6000000000000005,-40.476190476190474,https://finance.naver.com/item/main.naver?code=201490
KBI동양철관,KOSPI,1169.0,121303514283,-30.21,0.84,-38.0,1363.0,0.75155,60304860130.0,-82673200.0,-2305687160.0,,42.88131,철강,2970.0,890.0,0.0163707202,103766907,008970,1388566.0,1525040.3,0.9105110205940131,1802060163.85,-1.8471872376154441,-33.57954545454545,0.9105110205940131,-2.7879677182685256,-0.13709210140240813,75.155,-60.63973063973064,https://finance.naver.com/item/main.naver?code=008970
LG헬로비전,KOSPI,1556.0,120507321940,68.61,0.27,23.0,5845.0,1.71932,243276212060.0,2967704150.0,1144229990.0,,862.44938,방송과엔터테인먼트,3660.0,1435.0,0.0463993733,77446865,037560,100823.0,84495.5,1.193235142699907,136245873.65,-2.749999999999997,-32.2004357298475,1.193235142699907,0.39349871685201027,1.2198908084231703,171.932,-57.486338797814206,https://finance.naver.com/item/main.naver?code=037560
현대에버다임,KOSDAQ,6840.0,122037310080,25.92,0.63,260.0,10745.0,0.84063,79716688880.0,3202238740.0,2961075660.0,,183.01813,기계,11320.0,5020.0,0.031517379,17841712,041440,57140.0,113792.75,0.5021409536196286,764380632.25,12.315270935960587,-16.88942891859052,1.2287338165217028,2.419730107026524,4.01702427056451,84.063,-39.57597173144877,https://finance.naver.com/item/main.naver?code=041440
HDC현대EP,KOSPI,3820.0,121858000000,2.96,0.27,1279.0,13772.0,1.00969,301411989750.0,12833261170.0,8053857610.0,,9.52744,자동차부품,6600.0,3400.0,0.0306532915,31900000,089470,32647.0,37805.7,0.8635470312677719,147284693.9,4.087193460490468,-26.959847036328878,1.5258545669039325,9.286959047342433,4.2577142271759945,100.969,-42.121212121212125,https://finance.naver.com/item/main.naver?code=089470
신화프리텍,KOSDAQ,1884.0,122950710408,-17.14,1.1,-107.0,1661.0,0.84713,25091615810.0,1528348210.0,212651200.0,,183.01813,기계,2965.0,1555.0,0.0106851374,65260462,095190,41146.0,105721.45,0.38919254323507674,201884936.3,10.8235294117647,-19.141630901287556,3.617402144976256,-6.441902468392535,6.09107130275322,84.71300000000001,-36.458684654300164,https://finance.naver.com/item/main.naver?code=095190
토니모리,KOSPI,5020.0,120755090980,10.75,1.01,466.0,4938.0,0.82598,53962074930.0,2260503900.0,1930571100.0,,44.06295,화장품,11180.0,4190.0,0.0213416458,24054799,214420,27238.0,71174.95,0.3826908202956237,381365254.0,10.208562019758505,-29.691876750700285,0.8812089084713091,9.437019036046983,4.189060377927169,82.598,-55.098389982110916,https://finance.naver.com/item/main.naver?code=214420
KEC,KOSPI,3025.0,121461699700,-4.79,0.39,-660.0,8115.0,0.42394,67823572940.0,-3272334040.0,-2785577740.0,,33.4343,반도체와반도체장비,10450.0,2140.0,0.0153344882,40152628,092220,812307.0,527346.5,1.540366722828349,1508299552.1,-13.940256045519206,113.62994350282487,4.2899023696943095,-8.133086876155268,-4.824773892249623,42.394,-71.05263157894737,https://finance.naver.com/item/main.naver?code=092220
대동기어,KOSDAQ,6310.0,121037889960,-18.21,1.09,-341.0,5700.0,2.77493,67034193540.0,1645701860.0,572364030.0,,183.01813,기계,18803.303,5453.846,0.0464745023,19181916,008830,210365.0,349303.75,0.6022408863346014,2196634189.5,-36.83683683683684,-69.14425427872861,0.6022408863346014,-5.982456140350878,2.455018510841027,277.493,-66.44206605616046,https://finance.naver.com/item/main.naver?code=008830
에스피소프트,KOSDAQ,5070.0,121733559480,33.16,1.85,155.0,2772.0,0.2736,13102284830.0,851505050.0,622307090.0,,31.01234,IT서비스,7290.0,2520.0,0.0148633743,24010564,443670,517698.0,3955100.3,0.13089377278245004,18392629757.25,88.12615955473098,7.643312101910826,1.476836630413646,5.591630591630592,6.498905046319314,27.36,-30.452674897119337,https://finance.naver.com/item/main.naver?code=443670
킵스파마,KOSDAQ,5980.0,120067319060,-11.82,1.91,-499.0,3088.0,1.93652,74884347020.0,-2396693500.0,-9046561580.0,,28.1014,비철금속,12880.0,5110.0,0.0264048769,20078147,256940,23780.0,34129.65,0.6967548744273674,197876264.5,9.124087591240881,-26.625766871165645,0.9305398678275341,-16.159326424870464,-3.200526672630122,193.65200000000002,-53.57142857142857,https://finance.naver.com/item/main.naver?code=256940
세명전기,KOSDAQ,7890.0,120290940000,9.35,1.32,837.0,5911.0,0.1596,12646054580.0,5588161830.0,4777026530.0,,56.61715,전기장비,17970.0,5090.0,0.0515029516,15246000,017510,283347.0,160887.2,1.7611531557513587,1228780703.25,13.199426111908185,-16.684266103484692,5.253892167928834,14.16004060226696,44.1889744714355,15.959999999999999,-56.093489148580964,https://finance.naver.com/item/main.naver?code=017510
라온시큐어,KOSDAQ,10790.0,119831884120,35.88,2.26,313.0,4975.0,0.35209,12175896120.0,-673730240.0,207758790.0,,216.01575,소프트웨어,16960.0,6320.0,0.011487302,11105828,042510,446326.0,1331600.9,0.3351800077635875,15670015980.0,60.56547619047619,19.35840707964602,1.4321851239361585,6.29145728643216,-5.533311333802674,35.209,-36.37971698113207,https://finance.naver.com/item/main.naver?code=042510
엠에스씨,KOSDAQ,6750.0,118800000000,5.19,0.63,1307.0,10750.0,0.46518,56261884280.0,11663119110.0,9692333810.0,,32.42418,식품,12400.0,5740.0,0.019846875,17600000,009780,7914.0,10756.8,0.7357206604194556,76054546.0,12.5,-5.196629213483151,0.7357206604194556,12.15813953488372,20.730054208557693,46.518,-45.56451612903226,https://finance.naver.com/item/main.naver?code=009780
슈프리마에이치큐,KOSDAQ,12100.0,118653918900,8.22,0.48,1429.0,24654.0,0.02575,4241492010.0,136209580.0,4824398670.0,,255.50195,전자장비와기기,15600.0,5860.0,0.1450797661,9806109,094840,9795.0,16872.8,0.5805201270684178,207910467.0,3.7735849056603765,66.66666666666667,0.8268929875302262,5.79621968037641,3.2113600515776994,2.5749999999999997,-22.435897435897434,https://finance.naver.com/item/main.naver?code=094840
레메디,KOSDAQ,15430.0,117665955130,21.98,9.88,777.0,1729.0,1.03018,6184057520.0,2832625820.0,1858930380.0,,-31.45283,건강관리장비와용품,34650.0,6980.0,0.0109710586,7625791,387690,543962.0,2092558.0,0.259950739716653,34075922919.75,-29.86363636363636,-29.86363636363636,0.6713104248484391,44.93927125506073,45.80529548502647,103.01800000000001,-55.468975468975465,https://finance.naver.com/item/main.naver?code=387690
테라뷰,KOSDAQ,3345.0,119406237540,,,,,0.31481,2014872000.0,-3198265000.0,-2809467000.0,,33.4343,반도체와반도체장비,20800.0,1700.0,0.0,35696932,950250,541602.0,1362617.15,0.3974718797572745,4540543834.3,40.546218487394945,-61.55172413793104,2.3701697868693348,,-158.73291206587814,31.480999999999998,-83.91826923076923,https://finance.naver.com/item/main.naver?code=950250
에이엘티,KOSDAQ,13310.0,119261047290,-13.24,1.28,-1012.0,10470.0,1.10929,16435240220.0,2131623100.0,1479437970.0,,33.4343,반도체와반도체장비,21200.0,6970.0,0.0751580953,8960259,172670,78980.0,51855.8,1.5230697434038236,590220892.25,41.89765458422174,18.52181656277827,2.4026820529236845,-9.665711556829034,12.969832332636265,110.92900000000002,-37.21698113207547,https://finance.naver.com/item/main.naver?code=172670
나우IB,KOSDAQ,1218.0,115624679100,19.75,1.09,61.0,1101.0,0.60321,8829063830.0,5056829340.0,3927728200.0,,14.65734,창업투자,3350.0,985.0,0.0233127901,94929950,293580,288830.0,523859.8,0.5513498077157285,618460412.0,-9.30752047654505,-34.162162162162154,1.1667549218321391,5.540417801998183,57.27480780938017,60.321000000000005,-63.64179104477612,https://finance.naver.com/item/main.naver?code=293580
성도이엔지,KOSDAQ,7650.0,116356500000,3.85,0.4,1982.0,19295.0,1.24222,174639903980.0,10238285530.0,5672440060.0,,38.14669,건설,14450.0,4690.0,0.0468341223,15210000,037350,199861.0,95807.55,2.0860673297668084,703623679.0,-13.166855845629966,-29.880843263061408,2.0860673297668084,10.272091215340762,5.862512115886472,124.22200000000001,-47.05882352941176,https://finance.naver.com/item/main.naver?code=037350
서산,KOSDAQ,5850.0,117000000000,-122.65,1.72,-49.0,3495.0,0.05607,12976014920.0,-325586170.0,420480890.0,,7.31423,건축자재,10300.0,952.0,0.0065831,20000000,079650,614602.0,5697180.9,0.10787826660024083,40272513888.75,5.0269299820466795,272.61146496815286,0.27863605313989587,-1.402002861230329,-2.5091383757440995,5.607,-43.20388349514563,https://finance.naver.com/item/main.naver?code=079650
탑런토탈솔루션,KOSDAQ,2970.0,116262307260,17.6,0.64,169.0,4656.0,2.04378,178757459180.0,299280670.0,-822960850.0,,9.52744,자동차부품,5280.0,1721.0,0.0079830258,39145558,336680,8567.0,23302.2,0.36764768991769015,65488047.1,13.575525812619492,-18.40659340659341,0.6011878706731553,3.6297250859106533,0.16742275895667047,204.378,-43.75,https://finance.naver.com/item/main.naver?code=336680
현대바이오랜드,KOSDAQ,3920.0,117600000000,484.38,0.85,8.0,4538.0,0.14241,40273303100.0,7044462840.0,5962956500.0,,44.06295,화장품,5320.0,3125.0,0.0279586,30000000,052260,31130.0,39284.9,0.7924164246313469,158656327.3,19.694656488549622,-3.4482758620689613,1.521984273855858,0.17628911414720141,17.491644086178766,14.241000000000001,-26.315789473684216,https://finance.naver.com/item/main.naver?code=052260
플래스크,KOSDAQ,2370.0,116064014460,395.0,2.8,6.0,845.0,0.12079,2525636750.0,-863185970.0,200136980.0,,38.14669,건설,2370.0,2370.0,0.0154579261,48972158,041590,,,,,,,,0.7100591715976331,-34.17696428435325,12.078999999999999,0.0,https://finance.naver.com/item/main.naver?code=041590
일승,KOSDAQ,3770.0,115839836190,15.7,2.55,243.0,1494.0,0.39174,16228790690.0,5932655530.0,6752450410.0,,20.40427,조선,9400.0,2850.0,0.0082279455,30726747,333430,61901.0,262062.3,0.23620719195397433,1023216876.7,16.358024691358032,-34.434782608695656,1.4629231293474874,16.265060240963855,36.55636235209834,39.174,-59.893617021276604,https://finance.naver.com/item/main.naver?code=333430
유아이엘,KOSDAQ,3810.0,117510401250,5.33,0.59,715.0,6445.0,0.40368,89763249160.0,6845777690.0,4132527150.0,,104.30752,핸드셋,4345.0,2905.0,0.0614222363,30842625,049520,40191.0,68145.95,0.589778262684723,262397460.1,8.547008547008538,-4.987531172069826,0.5947382052785235,11.093871217998448,7.626481610305381,40.367999999999995,-12.313003452243954,https://finance.naver.com/item/main.naver?code=049520
KX,KOSDAQ,2585.0,115859270890,5.69,0.31,461.0,8467.0,0.8568,112037439830.0,25156255250.0,17399916060.0,,31.62059,복합기업,4320.0,2250.0,0.0220472927,44819834,122450,30631.0,31164.1,0.9828937784181158,83604912.25,0.9765625,-21.189024390243905,1.5991798255043463,5.4446675327743,22.453436358569814,85.68,-40.16203703703704,https://finance.naver.com/item/main.naver?code=122450
케이씨에스,KOSDAQ,9870.0,118440000000,47.44,6.1,211.0,1640.0,0.58425,5984119100.0,263137200.0,441238480.0,,31.01234,IT서비스,27500.0,6120.0,0.00971975,12000000,115500,136486.0,329180.35,0.41462377690527397,3331971134.75,9.788654060066747,10.15625,1.6179975505828341,12.865853658536587,4.397258737714629,58.425000000000004,-64.10909090909091,https://finance.naver.com/item/main.naver?code=115500
푸드나무,KOSDAQ,3095.0,118071999935,38.47,2.83,75.0,1019.0,2.03779,12911739880.0,-3635754330.0,-5899231480.0,,32.42418,식품,3980.0,1839.0,0.0040052402,38149273,290720,113696.0,41902.1,2.7133723608124654,115221034.6,41.324200913242,7.465277777777768,2.7133723608124654,7.360157016683022,-28.15851592264264,203.77900000000002,-22.23618090452262,https://finance.naver.com/item/main.naver?code=290720
HB솔루션,KOSDAQ,1578.0,115416362292,4.43,0.48,362.0,3367.0,0.32972,10170713890.0,-502801840.0,16954343080.0,,15.86239,디스플레이장비및부품,3070.0,1360.0,0.0161459289,73140914,297890,450251.0,200053.4,2.2506540753618784,330670127.55,-2.892307692307694,-22.45700245700246,4.334397715809879,10.751410751410752,-4.943623873780998,32.972,-48.59934853420196,https://finance.naver.com/item/main.naver?code=297890
인천도시가스,KOSPI,26350.0,115274767900,5.68,0.46,4650.0,57765.0,1.0096,196532483810.0,3300107110.0,4171226400.0,,9.40121,가스유틸리티,28300.0,24600.0,0.0236488726,4374754,034590,802.0,923.4,0.8685293480615118,24474076.25,1.934235976789167,-2.0446096654275103,0.8685293480615118,8.049857179953259,1.6791662355371317,100.96000000000001,-6.890459363957602,https://finance.naver.com/item/main.naver?code=034590
수산세보틱스,KOSPI,1839.0,114752000070,7.09,0.56,254.0,3199.0,0.41563,73026974750.0,6439581950.0,5308106900.0,,183.01813,기계,4045.0,1330.0,0.0234430031,62399130,017550,202885.0,387703.0,0.5233000518438082,739183780.45,7.230320699708459,-2.749867794817562,0.9509753600049522,7.939981244138794,8.818086702954925,41.563,-54.53646477132261,https://finance.naver.com/item/main.naver?code=017550
한독,KOSPI,8350.0,114925500550,-51.48,0.39,-162.0,21292.0,2.05665,140725980750.0,2774300540.0,-12733786640.0,,45.13103,제약,12150.0,6460.0,0.0202474902,13763533,002390,2823.0,8981.9,0.31429875638784666,82723011.0,24.626865671641784,-22.828096118299445,2.2343824803215355,-0.7608491452188616,1.9714202915583519,205.665,-31.275720164609055,https://finance.naver.com/item/main.naver?code=002390
파워로직스,KOSDAQ,3170.0,116056093350,-9.32,0.58,-337.0,5394.0,0.76962,200535182230.0,4625806290.0,3641735140.0,,104.30752,핸드셋,6850.0,2400.0,0.0554033371,36610755,047310,69110.0,85686.75,0.8065424350906062,260040252.0,3.0894308943089532,-39.272030651341,3.4094536203088577,-6.247682610307749,2.3067305390305624,76.962,-53.72262773722627,https://finance.naver.com/item/main.naver?code=047310
중앙첨단소재,KOSDAQ,1035.0,114979918815,-19.53,1.11,-53.0,936.0,0.24033,4899947040.0,-1045496910.0,-2110957360.0,,-362.11639,통신장비,4355.0,805.0,0.0420191483,111091709,051980,9660233.0,1149653.3,8.402735850886524,1236670672.25,-24.94561276287165,-38.57566765578635,8.402735850886524,-5.662393162393163,-21.336902245376105,24.032999999999998,-76.23421354764639,https://finance.naver.com/item/main.naver?code=051980
우림피티에스,KOSDAQ,8450.0,114075000000,48.23,1.39,181.0,6273.0,0.14676,14204534960.0,959530170.0,1838953200.0,,183.01813,기계,24000.0,4940.0,0.0341525926,13500000,101170,32985.0,68620.2,0.4806893596929184,576083134.25,19.01408450704225,-40.02838892831796,1.2720306848420728,2.8853817949944207,6.755097387574032,14.676,-64.79166666666667,https://finance.naver.com/item/main.naver?code=101170
바이젠셀,KOSDAQ,5580.0,114385870800,-6.89,2.61,-807.0,2133.0,0.28031,571215460.0,-2536253730.0,-2342350490.0,,45.13103,제약,17360.0,3070.0,0.0214756045,20499260,308080,93145.0,256171.8,0.3636036441169559,1763701398.25,-7.462686567164178,-4.288164665523153,0.47315122117266617,-37.83403656821378,-444.00999405723365,28.031,-67.85714285714286,https://finance.naver.com/item/main.naver?code=308080
두올,KOSPI,4050.0,116129797200,4.02,0.41,994.0,9739.0,0.97335,209247332940.0,8265793530.0,7743318720.0,,9.52744,자동차부품,5420.0,3040.0,0.032792328,28674024,016740,21224.0,88349.2,0.24022854762691684,353765019.6,7.14285714285714,-15.36050156739812,0.5824387770347667,10.20638669267892,3.950250363463486,97.33500000000001,-25.276752767527675,https://finance.naver.com/item/main.naver?code=016740
성우,KOSDAQ,7610.0,114497548700,24.18,0.52,316.0,14759.0,0.11066,24714838790.0,763648390.0,1939243760.0,,-77.6154,전기제품,15440.0,6420.0,0.0118838842,15045670,458650,5249.0,9246.55,0.567671185469175,72546284.25,-9.404761904761905,-38.87550200803213,1.0124857379238743,2.141066467917881,3.089837633531252,11.065999999999999,-50.712435233160626,https://finance.naver.com/item/main.naver?code=458650
극동유화,KOSPI,3300.0,115069086000,97.79,0.56,34.0,5888.0,1.31558,257785199020.0,13125227210.0,8417737730.0,,-138.54638,석유와가스,6470.0,2950.0,0.0377089438,34869420,014530,111540.0,483354.95,0.23076209315741983,1729674681.7,10.552763819095468,-14.507772020725385,0.2774317300360739,0.577445652173913,5.091536387619249,131.558,-48.99536321483772,https://finance.naver.com/item/main.naver?code=014530
토비스,KOSDAQ,11840.0,114157349120,3.72,0.57,3180.0,20712.0,0.82934,188093380450.0,15813622460.0,14010119140.0,,15.86239,디스플레이장비및부품,20950.0,8210.0,0.1579091916,9641668,051360,14581.0,15949.15,0.9142179990783208,183978175.0,-35.58215451577802,-26.23052959501557,1.768244702695755,15.353418308227115,8.407325351996459,82.934,-43.48448687350835,https://finance.naver.com/item/main.naver?code=051360
현대리바트,KOSPI,5800.0,116662371600,15.35,0.27,368.0,20785.0,0.95628,373133396360.0,5558530630.0,3754439390.0,,28.02909,가구,9300.0,5100.0,0.0347068703,20114202,079430,10959.0,16468.15,0.6654663699322632,97876654.5,3.2028469750889688,-17.14285714285714,0.7255824121106499,1.7705075775799854,1.4896899297207684,95.628,-37.634408602150536,https://finance.naver.com/item/main.naver?code=079430
무림P&P,KOSPI,1775.0,110703775100,-3.0,0.17,-544.0,9575.0,2.53085,207911110300.0,-5058683720.0,-62577461910.0,,-5.79675,종이와목재,4420.0,1415.0,0.0205389999,62368324,009580,11861408.0,308013.9,38.509327014137995,541866049.05,20.58423913043479,-26.041666666666664,38.509327014137995,-5.681462140992167,-2.433099276272779,253.085,-59.841628959276015,https://finance.naver.com/item/main.naver?code=009580
액스비스,KOSDAQ,12130.0,113218266200,17.68,3.22,734.0,4036.0,0.80097,12045816090.0,-331289180.0,-268121290.0,,255.50195,전자장비와기기,50600.0,6890.0,0.0118956603,9333740,0011A0,373383.0,1264865.3,0.2951958599860396,15984292947.25,26.88284518828452,-62.84839203675345,1.4996766849402856,18.18632309217047,-2.750242719337416,80.097,-76.02766798418972,https://finance.naver.com/item/main.naver?code=0011A0
한빛레이저,KOSDAQ,4680.0,111948206760,46.25,3.67,104.0,1311.0,0.35852,4450792480.0,509483950.0,472032540.0,,-77.6154,전기제품,10590.0,2615.0,0.0045605125,23920557,452190,474814.0,2438048.45,0.19475166705567315,11655214019.05,24.8,10.24734982332156,0.8968119563005402,7.9328756674294425,11.447038977651907,35.852000000000004,-55.80736543909348,https://finance.naver.com/item/main.naver?code=452190
DKME,KOSPI,2125.0,113467154500,-36.92,0.84,-60.0,2640.0,0.46859,16476411270.0,-5483457530.0,-5810109450.0,,183.01813,기계,4260.0,1341.0,0.0,53396308,015590,120721.0,148582.35,0.8124854668135212,255792663.75,6.25,-28.810720268006694,0.8741751627969271,-2.272727272727273,-33.28065462886446,46.859,-50.117370892018776,https://finance.naver.com/item/main.naver?code=015590
엔알비,KOSDAQ,10290.0,112147448070,-176.72,1.26,-58.0,8135.0,1.27407,19852947430.0,1874722070.0,5974765410.0,,38.14669,건설,29650.0,5600.0,0.0567702538,10898683,475230,86352.0,98937.75,0.8727912247852817,1031888637.75,30.25316455696203,-53.648648648648646,0.9152421598429316,-0.7129686539643515,9.443041526252609,127.40700000000001,-65.29510961214166,https://finance.naver.com/item/main.naver?code=475230
케이엔솔,KOSDAQ,8760.0,113878309320,-2.1,0.92,-4188.0,9562.0,2.25728,136973158300.0,-5548440340.0,-6618433010.0,,183.01813,기계,18430.0,6490.0,0.0131827342,12999807,053080,47554.0,31168.85,1.5256899115623452,276955062.0,6.439854191980565,-25.762711864406786,1.5256899115623452,-43.798368542145994,-4.050750095027925,225.728,-52.468800868149756,https://finance.naver.com/item/main.naver?code=053080
NH농우바이오,KOSDAQ,7020.0,112534538220,9.22,0.41,767.0,17324.0,0.26286,46099500120.0,2499820670.0,3196744540.0,,-65.60732,생물공학,8980.0,6400.0,0.0227114946,16030561,054050,15420.0,14202.85,1.0856975888642069,98659946.25,7.339449541284404,-14.28571428571429,1.4141527932774056,4.42738397598707,5.422663290258688,26.285999999999998,-21.826280623608017,https://finance.naver.com/item/main.naver?code=054050
비아트론,KOSDAQ,9360.0,113393685600,8.98,0.51,1028.0,17991.0,0.13256,25666161020.0,3489696070.0,4875016060.0,,15.86239,디스플레이장비및부품,12890.0,6500.0,0.0425061764,12114710,141000,35338.0,32303.3,1.0939439623815523,287957577.25,17.29323308270676,3.31125827814569,1.0939439623815523,5.71396809515869,13.596486312388919,13.256,-27.385570209464703,https://finance.naver.com/item/main.naver?code=141000
동남합성,KOSPI,32000.0,112000000000,15.79,1.99,2046.0,16202.0,0.96675,62020077070.0,5353449990.0,4105401960.0,,-30.98927,화학,34400.0,26100.0,0.0021831429,3500000,023450,378.0,1148.05,0.3292539523539916,36103066.25,11.304347826086957,3.8961038961038863,1.5452288663385743,12.628070608566844,8.631801576056958,96.675,-6.976744186046513,https://finance.naver.com/item/main.naver?code=023450
태양금속,KOSPI,3055.0,112118500000,31.06,0.7,94.0,4175.0,2.59043,159273838600.0,3891627220.0,5501280470.0,,9.52744,자동차부품,3790.0,1951.0,0.0351729428,36700000,004100,658595.0,325539.9,2.023085342226867,906761872.75,25.204918032786882,2.003338898163598,2.023085342226867,2.251497005988024,2.44335620602039,259.043,-19.393139841688654,https://finance.naver.com/item/main.naver?code=004100
HS화성,KOSPI,10830.0,109924500000,3.8,0.24,2916.0,45678.0,0.71038,81598558570.0,-5442584810.0,1040017390.0,,38.14669,건설,15780.0,9580.0,0.0190461084,10150000,002460,5238.0,6636.85,0.7892298304165379,72002766.5,0.0,-14.522494080505133,1.673384210883175,6.383817154866675,-6.6699521479059385,71.038,-31.36882129277566,https://finance.naver.com/item/main.naver?code=002460
쇼박스,KOSDAQ,1804.0,112638152000,-7.55,1.06,-241.0,1721.0,0.7382,67583339120.0,12496545780.0,9827492120.0,,862.44938,방송과엔터테인먼트,3200.0,1688.0,0.0196288158,62438000,086980,131909.0,77186.5,1.7089646505541771,149722268.45,-5.648535564853551,-34.160583941605836,1.7089646505541771,-14.00348634514817,18.490571704087177,73.82,-43.625,https://finance.naver.com/item/main.naver?code=086980
사조동아원,KOSPI,7480.0,105576160800,-0.78,0.84,-9740.0,9010.0,3.20354,168495606040.0,4786125360.0,-13060687000.0,,32.42418,식품,13060.0,6240.0,0.0,14114460,008040,17898.0,188330.25,0.09503518420434316,521746159.65,741.3948256467942,566.0730186999109,0.09503518420434316,-108.10210876803552,2.8405045523049415,320.354,-42.725880551301685,https://finance.naver.com/item/main.naver?code=008040
로체시스템즈,KOSDAQ,7270.0,111206303810,8.82,0.8,821.0,9007.0,0.23442,46912671660.0,7513771360.0,6501389660.0,,33.4343,반도체와반도체장비,13940.0,5150.0,0.4747665217,15296603,071280,204268.0,116236.2,1.7573527007937286,806859470.75,20.563847429519065,-15.563298490127764,1.7573527007937286,9.115132674586434,16.01650704196965,23.442,-47.84791965566715,https://finance.naver.com/item/main.naver?code=071280
자람테크놀로지,KOSDAQ,16260.0,112276633320,-14.66,2.81,-1104.0,5756.0,0.23158,6095369340.0,-313619440.0,-239950500.0,,-362.11639,통신장비,64900.0,14450.0,0.031311576,6905082,389020,108662.0,89767.5,1.2104826356977747,1591584879.0,-26.75675675675676,-69.66417910447763,3.694221182499234,-19.17998610145935,-5.145208149109468,23.158,-74.94607087827427,https://finance.naver.com/item/main.naver?code=389020
그린케미칼,KOSPI,4680.0,112320000000,11.35,0.88,414.0,5344.0,0.76754,91921547950.0,7523029800.0,9622212920.0,,-30.98927,화학,7540.0,4095.0,0.0189526667,24000000,083420,24341.0,21923.05,1.1102925915873931,105259197.15,12.5,-16.725978647686834,1.1102925915873931,7.747005988023951,8.18418528383801,76.754,-37.93103448275862,https://finance.naver.com/item/main.naver?code=083420
RF시스템즈,KOSDAQ,7660.0,110420585200,19.65,2.08,396.0,3732.0,0.5707,11583711330.0,1665586490.0,2100953030.0,,41.91298,우주항공과국방,17750.0,3885.0,0.0819440841,14415220,474610,113529.0,74819.0,1.5173819484355577,540677577.25,18.20987654320987,-24.975514201762984,3.7942233924537883,10.610932475884244,14.378694725294055,57.07,-56.845070422535215,https://finance.naver.com/item/main.naver?code=474610
노머스,KOSDAQ,10180.0,110786415360,7.78,1.12,1359.0,9419.0,0.13821,16146752440.0,3548362730.0,4594269450.0,,862.44938,방송과엔터테인먼트,36000.0,8740.0,0.0176536229,10882752,473980,26949.0,28511.3,0.945204182201443,325877467.5,7.610993657505283,-44.97297297297297,0.945204182201443,14.428283257245992,21.975705289255057,13.821,-71.72222222222221,https://finance.naver.com/item/main.naver?code=473980
진로발효,KOSDAQ,16740.0,110837548800,9.11,1.21,1835.0,13837.0,0.20052,28770533360.0,4694746100.0,3426537480.0,,16.57596,음료,19320.0,16000.0,0.0054203821,6621120,018120,241.0,1067.95,0.22566599559904488,17658766.75,2.2602321319486807,-6.480446927374306,0.5833606442249168,13.261545132615451,16.317897347454664,20.052,-13.354037267080743,https://finance.naver.com/item/main.naver?code=018120
도이치모터스,KOSDAQ,3800.0,110889890000,31.58,0.29,120.0,13187.0,3.52921,710940942050.0,12906535450.0,2979815580.0,,7.07227,자동차,5820.0,3500.0,0.0371855847,29181550,067990,26611.0,40530.75,0.6565632266859113,151410820.5,2.7027027027026973,-12.442396313364057,0.6565632266859113,0.9099871085159627,1.8154159771392504,352.921,-34.707903780068726,https://finance.naver.com/item/main.naver?code=067990
NICE인프라,KOSDAQ,3200.0,109272729600,13.93,0.54,234.0,6019.0,2.53329,110468183590.0,9647416970.0,4984736140.0,,15.37804,상업서비스와공급품,4845.0,2840.0,0.0253218018,34147728,063570,16101.0,13773.1,1.1690178681633039,46617468.95,11.304347826086957,-23.076923076923073,1.1690178681633039,3.8876889848812093,8.733208654725559,253.329,-33.952528379772964,https://finance.naver.com/item/main.naver?code=063570
현대이지웰,KOSDAQ,4910.0,110366503730,4.8,1.02,1035.0,4862.0,1.25407,30068122000.0,3483010000.0,2846986000.0,,15.37804,상업서비스와공급품,6690.0,4765.0,0.1649413204,22477903,090850,41713.0,60549.65,0.6889057162180128,303158093.35,-1.008064516129037,-23.520249221183796,0.7469902798777532,21.287535993418345,11.58372977201569,125.407,-26.60687593423019,https://finance.naver.com/item/main.naver?code=090850
세종텔레콤,KOSDAQ,7870.0,110180000000,24.97,0.46,316.0,17031.0,1.18806,69478150250.0,1378155720.0,-166143620.0,,7.75835,다각화된통신서비스,15450.0,5210.0,0.0033350714,14000000,036630,4100.0,12032.2,0.3407523146224298,109642214.5,38.55633802816902,-1.6249999999999987,0.6416116753378435,1.855440079854383,1.9835814785526762,118.80599999999998,-49.06148867313915,https://finance.naver.com/item/main.naver?code=036630
엠플러스,KOSDAQ,9050.0,110612683800,5.24,1.05,1735.0,8620.0,1.04731,32030174830.0,4037155970.0,3634106650.0,,-77.6154,전기제품,20100.0,6990.0,0.0611178856,12222396,259630,56161.0,54913.25,1.0227222027470602,511775532.25,-6.120331950207469,-28.174603174603174,1.398678825237989,20.127610208816705,12.604227080954713,104.731,-54.975124378109456,https://finance.naver.com/item/main.naver?code=259630
아이큐어,KOSDAQ,1780.0,109890644260,-1.9,2.41,-897.0,705.0,2.51734,37653685940.0,2396373110.0,2262695780.0,,44.06295,화장품,3300.0,1583.0,0.0156620292,61736317,175250,,,,,,,,-127.23404255319149,6.364245757556239,251.73399999999998,-46.060606060606055,https://finance.naver.com/item/main.naver?code=175250
코아스템켐온,KOSDAQ,2090.0,110499085840,-2.29,1.8,-903.0,1147.0,1.3426,5397604610.0,-4281847180.0,-3677628840.0,,-65.60732,생물공학,6100.0,1014.0,0.0123043574,52870376,166480,74305.0,88180.45,0.8426470946791494,190655164.6,5.130784708249503,-23.44322344322345,0.95954375374587,-78.72711421098518,-79.32865575346393,134.26,-65.73770491803279,https://finance.naver.com/item/main.naver?code=166480
STX,KOSPI,3530.0,109493282310,-0.66,-0.96,-5382.0,-3692.0,-3.54316,42377000000.0,-18939000000.0,-57471000000.0,,17.13115,무역회사와판매업체,3530.0,3530.0,0.0220261657,31017927,011810,,,,,,,,145.77464788732394,-44.69169596715199,-354.316,0.0,https://finance.naver.com/item/main.naver?code=011810
디와이,KOSPI,4160.0,109489673280,7.23,0.26,570.0,15901.0,0.76386,370529148220.0,23953781820.0,20170716290.0,,9.52744,자동차부품,5640.0,3615.0,0.0384832494,26319633,013570,26487.0,40852.25,0.6483608613968631,175147746.4,9.617918313570485,-15.361139369277721,1.9072144129148334,3.5846802087918994,6.464749651970039,76.386,-26.241134751773053,https://finance.naver.com/item/main.naver?code=013570
넵튠,KOSDAQ,2385.0,108885641445,-2.68,0.34,-895.0,7036.0,0.13685,26601422610.0,-945995070.0,-6280591800.0,,17.25132,게임엔터테인먼트,6320.0,2025.0,0.0191498262,45654357,217270,25904.0,46399.7,0.558279471634515,114921319.6,9.6551724137931,-45.54794520547946,2.8832082966053663,-12.720295622512792,-3.556182253367088,13.685,-62.2626582278481,https://finance.naver.com/item/main.naver?code=217270
인벤테라,KOSDAQ,13900.0,109333424600,-9.6,5.41,-1210.0,2145.0,0.03716,,-2493132460.0,-2256814800.0,,45.13103,제약,60200.0,6090.0,0.0094709775,7865714,0007J0,2769662.0,250177.6,11.070783315532646,2897084800.25,72.67080745341615,-60.56737588652482,11.070783315532646,-56.41025641025641,,3.7159999999999997,-76.91029900332225,https://finance.naver.com/item/main.naver?code=0007J0
넥사다이내믹스,KOSDAQ,3650.0,108400043300,-7.63,5.23,-490.0,715.0,3.3217,864712240.0,-2610886820.0,-3012317400.0,,15.86239,디스플레이장비및부품,5690.0,771.0,0.0379523414,29698642,351320,262281.0,1592416.35,0.16470629681741208,4693419443.75,295.87852494577004,192.2337870296237,0.33521949206311524,-68.53146853146853,-301.9370721524654,332.16999999999996,-35.852372583479784,https://finance.naver.com/item/main.naver?code=351320
한울소재과학,KOSDAQ,2955.0,108815942430,-2.17,2.54,-1302.0,1116.0,3.15095,2735814090.0,-3539950570.0,-8204258680.0,,-362.11639,통신장비,3950.0,1790.0,0.0190225782,36824346,091440,418450.0,182992.75,2.286702615267545,504773491.15,38.40749414519906,1.025641025641022,2.415909919928522,-116.66666666666667,-129.39295045446602,315.09499999999997,-25.18987341772152,https://finance.naver.com/item/main.naver?code=091440
워트,KOSDAQ,6740.0,108648800000,30.68,1.65,221.0,4097.0,0.05844,7705145480.0,2077020370.0,1918373540.0,,33.4343,반도체와반도체장비,10960.0,4125.0,0.0254766129,16120000,396470,60658.0,110972.5,0.5466038883507175,731859805.0,26.691729323308277,-0.8823529411764675,0.7162314987947465,5.394190871369295,26.956277144815182,5.844,-38.503649635036496,https://finance.naver.com/item/main.naver?code=396470
티앤알바이오팹,KOSDAQ,2275.0,108436746600,-2.04,4.6,-1093.0,485.0,3.3744,9535077990.0,-928004890.0,-3782538300.0,,-65.60732,생물공학,4925.0,1127.0,0.0262135949,47664504,246710,105672.0,114339.45,0.924195454849573,262013948.95,25.899280575539564,-26.96629213483146,0.924195454849573,-225.36082474226805,-9.732535916048652,337.44,-53.807106598984774,https://finance.naver.com/item/main.naver?code=246710
한국경제TV,KOSDAQ,4880.0,107360000000,29.14,0.55,169.0,9011.0,0.15864,29304954930.0,3137552840.0,4826795720.0,,862.44938,방송과엔터테인먼트,6200.0,4270.0,0.0122550455,22000000,039340,3148.0,10579.45,0.2975580015974365,52062627.4,6.202393906420012,-2.302302302302306,0.717523122657605,1.8754855177005882,10.706560878508746,15.864,-21.29032258064516,https://finance.naver.com/item/main.naver?code=039340
와이엔텍,KOSDAQ,5930.0,107923977870,3.55,0.31,1681.0,19155.0,0.44863,34132042830.0,6368918660.0,6533515520.0,,10.19046,해운사,8190.0,5360.0,0.0373277323,18199659,067900,24884.0,18651.95,1.3341232418058164,112510445.5,-4.045307443365697,-16.47887323943662,1.7316688067467476,8.775776559645001,18.659646865326522,44.863,-27.594627594627596,https://finance.naver.com/item/main.naver?code=067900
원익피앤이,KOSDAQ,2235.0,106060939365,50.67,0.99,45.0,2304.0,2.5945,43185675820.0,-938063230.0,-1410871710.0,,-77.6154,전기제품,4625.0,1515.0,0.0265756131,47454559,217820,254154.0,1030166.9,0.24671147946997715,2804685180.7,25.70303712035995,-31.44171779141104,0.6297047594909135,1.953125,-2.1721629039913446,259.45,-51.67567567567568,https://finance.naver.com/item/main.naver?code=217820
프레스티지바이오로직스,KOSDAQ,1365.0,106132349505,-3.55,0.76,-373.0,1739.0,1.94683,14323770460.0,-9636533820.0,-15357260230.0,,45.13103,제약,3850.0,1230.0,0.4152607068,77752637,334970,296347.0,207088.7,1.4310148260141669,327347609.9,-29.820051413881743,-46.047430830039524,3.229659561337726,-21.449108683151234,-67.27651666096303,194.683,-64.54545454545455,https://finance.naver.com/item/main.naver?code=334970
다산네트웍스,KOSDAQ,2500.0,107221170000,-13.57,0.37,-185.0,6733.0,0.81751,159155497710.0,16330363610.0,9059583330.0,,-362.11639,통신장비,6050.0,1950.0,0.0618313995,42888468,039560,139309.0,167327.15,0.8325546691018164,418723261.55,1.2145748987854255,-42.19653179190751,6.118863555615452,-2.7476607752859055,10.260634313591757,81.75099999999999,-58.67768595041323,https://finance.naver.com/item/main.naver?code=039560
대창,KOSPI,1170.0,106634383830,41.75,0.31,28.0,3725.0,1.99686,496772128420.0,22379185010.0,8804360100.0,,28.1014,비철금속,2095.0,950.0,0.049177589,91140499,012800,362892.0,294478.05,1.232322748673458,351000249.05,9.345794392523366,-11.897590361445786,1.232322748673458,0.7516778523489933,4.504919605932348,199.686,-44.152744630071595,https://finance.naver.com/item/main.naver?code=012800
아이비김영,KOSDAQ,2370.0,106523572350,4.96,1.39,478.0,1702.0,1.00975,28318970010.0,3059124000.0,2070839280.0,,10.54071,교육서비스,3150.0,1790.0,0.019013317,44946655,339950,39172.0,51706.0,0.7575909952423316,128992373.05,0.21141649048626032,3.9473684210526327,1.5680578656248791,28.08460634547591,10.802384404940439,100.975,-24.761904761904763,https://finance.naver.com/item/main.naver?code=339950
YTN,KOSDAQ,2240.0,106796435200,-7.33,0.47,-309.0,4834.0,0.49826,32871874490.0,-825867590.0,557869800.0,,862.44938,방송과엔터테인먼트,4900.0,1770.0,0.0016264034,47676980,040300,188218.0,622192.0,0.302507907526937,1528190519.9,13.763331640426602,-30.864197530864203,7.103546815131021,-6.392221762515515,-2.5123836191673172,49.826,-54.28571428571429,https://finance.naver.com/item/main.naver?code=040300
대정화금,KOSDAQ,14800.0,106417786800,7.74,0.57,1889.0,25600.0,0.16828,32308597560.0,5262253230.0,4819958390.0,,-30.98927,화학,15230.0,12030.0,0.0287498969,7190391,120240,16438.0,7682.7,2.139612375857446,113781205.5,12.462006079027365,9.064112011790716,2.139612375857446,7.37890625,16.287470294021638,16.828000000000003,-2.8233749179251477,https://finance.naver.com/item/main.naver?code=120240
씨이랩,KOSDAQ,11290.0,105925986360,-25.93,4.12,-425.0,2678.0,0.13377,2013914270.0,-2720024460.0,-2570658410.0,,31.01234,IT서비스,19100.0,3400.0,0.018607516,9382284,189330,132894.0,357278.2,0.371962241189079,4391369597.0,45.86563307493541,138.68921775898522,0.8932590905350508,-15.87005227781927,-135.06158134526748,13.377,-40.890052356020945,https://finance.naver.com/item/main.naver?code=189330
블루엠텍,KOSDAQ,2950.0,99847313650,-20.45,2.07,-134.0,1325.0,1.31135,54967444210.0,181822720.0,1975628710.0,,-10.44112,건강관리업체및서비스,6660.0,1341.0,0.0293922154,33846547,439580,8968177.0,269742.05,33.24723379243244,639188601.5,53.88628064684402,-19.398907103825135,33.24723379243244,-10.11320754716981,0.33078256159292513,131.135,-55.7057057057057,https://finance.naver.com/item/main.naver?code=439580
우리손에프앤지,KOSDAQ,1528.0,105795118504,4.46,0.32,344.0,4805.0,0.61803,77006804060.0,17017743660.0,12469440280.0,,32.42418,식품,2150.0,1360.0,0.039282302,69237643,073560,58544.0,60276.25,0.9712614835859895,91934711.4,4.0163376446562316,-9.585798816568047,1.328002322639514,7.159209157127992,22.099013025836772,61.803,-28.930232558139537,https://finance.naver.com/item/main.naver?code=073560
하나기술,KOSDAQ,13350.0,106732048500,-18.28,1.06,-726.0,12570.0,2.41823,5292954430.0,-6370321630.0,1225596120.0,,255.50195,전자장비와기기,35850.0,9250.0,0.0095684629,7994910,299030,19410.0,35729.5,0.5432485761065786,506808575.25,5.367008681925811,-50.18656716417911,0.7129402874375516,-5.7756563245823385,-120.35474165229117,241.82299999999998,-62.76150627615063,https://finance.naver.com/item/main.naver?code=299030
조선선재,KOSPI,83000.0,104385033000,8.41,0.48,9974.0,176087.0,0.06829,16445491210.0,3955054570.0,2852055470.0,,42.88131,철강,114100.0,76000.0,0.0090748546,1257651,120030,483.0,265.95,1.8161308516638466,22249930.0,-2.4676850763807323,-18.065153010858836,1.8161308516638466,5.664245515001108,24.04947665895837,6.829000000000001,-27.256792287467135,https://finance.naver.com/item/main.naver?code=120030
와이제이링크,KOSDAQ,3625.0,103106404250,-34.22,1.42,-109.0,2619.0,0.77603,18494846870.0,2471663490.0,3192233390.0,,255.50195,전자장비와기기,10350.0,2390.0,0.0303425648,28443146,209640,860903.0,517253.65,1.664372982191619,1910840049.3,-9.488139825218479,-30.28846153846154,13.021155094797301,-4.161893852615503,13.364065717187525,77.603,-64.97584541062803,https://finance.naver.com/item/main.naver?code=209640
태경비케이,KOSPI,3800.0,104815780000,4.39,0.45,866.0,8538.0,0.52624,119529936620.0,9897161010.0,9005692300.0,,28.1014,비철금속,5210.0,3590.0,0.0347939137,27583100,014580,26708.0,45186.8,0.5910575654837253,172148676.35,0.7957559681697646,-14.798206278026903,0.8773579895013588,10.142890606699462,8.280068817792701,52.624,-27.063339731285986,https://finance.naver.com/item/main.naver?code=014580
웨이비스,KOSDAQ,8060.0,105981020600,54.06,1.89,143.0,4091.0,0.47586,7749337870.0,-707458950.0,43323756980.0,,41.91298,우주항공과국방,24650.0,5630.0,0.0722167677,13149010,289930,75467.0,95012.85,0.7942820365876826,717032186.5,-1.225490196078427,-58.129870129870135,1.5491799267151758,3.495477878269372,-9.129282551207178,47.586,-67.3022312373225,https://finance.naver.com/item/main.naver?code=289930
리센스메디컬,KOSDAQ,9660.0,106257111660,-3.43,13.2,-2890.0,751.0,0.49895,1686868060.0,-2789695430.0,-2816018780.0,,-31.45283,건강관리장비와용품,39900.0,8060.0,0.0409373855,10999701,394420,126543.0,73609.2,1.7191193492117833,759508698.75,-39.39774153074027,-47.642276422764226,1.7191193492117833,-384.8202396804261,-165.37721569047906,49.895,-75.78947368421053,https://finance.naver.com/item/main.naver?code=394420
나무AX,KOSDAQ,3045.0,105376073880,-35.41,2.88,-85.0,1045.0,1.32822,35482626780.0,343147090.0,209867500.0,,31.01234,IT서비스,11100.0,1308.0,0.0552656883,34606264,242040,230401.0,199896.4,1.152602047860792,618792027.95,-33.66013071895425,-55.869565217391305,1.152602047860792,-8.133971291866029,0.9670847993514871,132.822,-72.56756756756756,https://finance.naver.com/item/main.naver?code=242040
빛샘전자,KOSDAQ,12800.0,103073408000,14.52,1.32,943.0,10357.0,0.3747,41224605150.0,3630055570.0,2985389630.0,,255.50195,전자장비와기기,25700.0,4600.0,0.0044042863,8052610,072950,960728.0,2574456.1,0.3731770761210494,33361988080.5,70.2127659574468,76.55172413793103,5.805279025732853,9.104953171767887,8.805555703424366,37.47,-50.19455252918288,https://finance.naver.com/item/main.naver?code=072950
하이텍팜,KOSDAQ,9900.0,105268412700,9.33,0.82,1079.0,12290.0,0.10316,23379278700.0,6292944830.0,5245361130.0,,45.13103,제약,25000.0,9500.0,0.4621001652,10633173,106190,108828.0,19884.75,5.472937804096103,210260150.75,-22.10857592446892,-37.38140417457305,5.472937804096103,8.779495524816925,26.916762106950713,10.316,-60.4,https://finance.naver.com/item/main.naver?code=106190
경동인베스트,KOSPI,44700.0,105716528100,5.26,0.2,8482.0,227089.0,0.23162,62466481510.0,-2497771090.0,576837190.0,,28.1014,비철금속,103700.0,39000.0,0.0364309353,2365023,012320,6561.0,7521.85,0.8722588193064206,357403942.5,-15.340909090909093,-42.32258064516129,2.576626760703816,3.7350994543989358,-3.9985781648357164,23.162,-56.89488910318226,https://finance.naver.com/item/main.naver?code=012320
세원정공,KOSPI,10390.0,103900000000,2.24,0.16,4646.0,63677.0,0.12091,38386118130.0,-670017130.0,2020851480.0,,9.52744,자동차부품,17820.0,9030.0,0.0333447,10000000,021820,5287.0,11127.4,0.47513345435591425,116207435.75,2.4654832347140054,-33.22622107969152,1.1781727986771393,7.296197999277604,-1.7454672747342999,12.091000000000001,-41.694725028058365,https://finance.naver.com/item/main.naver?code=021820
상상인,KOSDAQ,1884.0,104238541692,-0.87,0.27,-2203.0,6994.0,9.49147,126036063120.0,-4517111240.0,-6364489300.0,,29.49478,기타금융,2545.0,1601.0,0.0368492168,55328313,038540,79237.0,43689.1,1.813656037776013,86705376.0,-5.752876438219112,-18.441558441558435,2.662380319118499,-31.498427223334286,-3.583983130050024,949.1469999999999,-25.972495088408643,https://finance.naver.com/item/main.naver?code=038540
한국제지,KOSPI,2720.0,103441991680,-3.09,0.25,-880.0,10680.0,0.93346,220386265500.0,4681874410.0,1149308380.0,,-5.79675,종이와목재,4285.0,2525.0,0.0055859636,38030144,027970,24085.0,19270.05,1.2498670216216357,52239747.55,338.7096774193548,253.70611183355004,1.2498670216216357,-8.239700374531834,2.1243948207834213,93.34599999999999,-36.522753792298715,https://finance.naver.com/item/main.naver?code=027970
디에스케이,KOSDAQ,4060.0,104384183400,-6.44,0.95,-619.0,4200.0,0.30607,6431036960.0,-3063851520.0,-2088759390.0,,255.50195,전자장비와기기,9100.0,3845.0,0.0099182082,25710390,109740,52636.0,16182.25,3.2526997172828254,67965995.0,-34.197730956239866,-35.35031847133758,3.2526997172828254,-14.738095238095239,-47.64164067251761,30.607,-55.38461538461539,https://finance.naver.com/item/main.naver?code=109740
계양전기,KOSPI,3805.0,103582864345,-3.0,5.54,-1281.0,694.0,13.58827,97434303730.0,-5111010620.0,-6110029000.0,,9.52744,자동차부품,13494.09,1253.901,0.0,27222829,012200,825879.0,446998.4,1.8476106402170567,1806639951.4,-32.174688057041,-47.00557103064067,12.728524307916985,-184.58213256484152,-5.2455966988414175,1358.827,-71.80247056303908,https://finance.naver.com/item/main.naver?code=012200
SM C&C,KOSDAQ,1074.0,103871501880,-48.91,1.28,-22.0,843.0,1.21474,27230261950.0,-1557345950.0,-4366299610.0,,10.53233,광고,1900.0,777.0,0.0272945393,96714620,048550,249563.0,427325.2,0.5840118953902087,501835710.6,-30.21442495126706,-5.954465849387036,0.9022121793893737,-2.6097271648873073,-5.719173590248918,121.47399999999999,-43.47368421052632,https://finance.naver.com/item/main.naver?code=048550
나이스디앤비,KOSDAQ,6780.0,104412000000,8.07,0.9,839.0,7506.0,0.19357,31987861340.0,11078451980.0,8895124470.0,,15.37804,상업서비스와공급품,6990.0,5200.0,0.4469332468,15400000,130580,33904.0,21576.55,1.5713355471565196,135622454.75,28.89733840304183,17.708333333333325,2.143577170585659,11.177724487077006,34.63329999541632,19.357,-3.0042918454935674,https://finance.naver.com/item/main.naver?code=130580
지오엘리먼트,KOSDAQ,8270.0,104322411200,19.47,1.81,433.0,4668.0,0.24806,17374246560.0,3393715360.0,2890462490.0,,33.4343,반도체와반도체장비,11920.0,5110.0,0.0409453837,12614560,311320,15656.0,50048.2,0.3128184430209278,431418438.25,-16.38018200202225,17.80626780626782,0.8609100826802962,9.27592116538132,19.533021753088324,24.806,-30.620805369127513,https://finance.naver.com/item/main.naver?code=311320
NPC,KOSPI,2870.0,105386400000,8.41,0.24,339.0,11789.0,0.42469,115248825840.0,7988638760.0,6761891110.0,,17.42997,포장재,4435.0,2415.0,0.0107618192,36720000,004250,6765.0,21181.55,0.31938172607764775,62369267.0,-4.173622704507518,-23.46666666666667,1.7918896398044526,2.8755619645432184,6.931644380560225,42.469,-35.28748590755355,https://finance.naver.com/item/main.naver?code=004250
SKAI,KOSDAQ,1907.0,103370504461,-4.44,7.02,-424.0,268.0,0.90811,2738335080.0,-2420187250.0,-6883030280.0,,31.01234,IT서비스,6160.0,1413.0,0.0086013637,54205823,357880,1301053.0,561454.9,2.3172885302096393,1049058140.15,-24.92125984251968,-62.16269841269841,4.3987967688945275,-158.2089552238806,-88.38170564575319,90.81099999999999,-69.0422077922078,https://finance.naver.com/item/main.naver?code=357880
엠에스오토텍,KOSDAQ,1652.0,103461949948,-0.85,0.5,-1973.0,3331.0,1.59477,504849615790.0,35479419000.0,5059511630.0,,9.52744,자동차부품,3355.0,1260.0,0.0102659023,62628299,123040,76248.0,93525.55,0.8152638503596076,159890283.85,13.305898491083678,-35.71984435797665,1.1708351354255602,-59.23146202341639,7.027720313202776,159.477,-50.760059612518624,https://finance.naver.com/item/main.naver?code=123040
서울옥션,KOSDAQ,5870.0,104334947290,-11.13,0.99,-521.0,5836.0,1.19363,4265472250.0,386034390.0,-354091450.0,,-17.12923,판매업체,9950.0,4100.0,0.0212276546,17774267,063170,16723.0,39306.45,0.4254518024395488,233474148.75,29.437706725468573,-29.277108433734945,1.5952343699316525,-8.927347498286498,9.050214545411707,119.363,-41.00502512562814,https://finance.naver.com/item/main.naver?code=063170
에이럭스,KOSDAQ,7530.0,102595497000,-10.93,2.24,-697.0,3399.0,1.58408,21912577230.0,-1259660480.0,-32710640.0,,10.54071,교육서비스,15650.0,5020.0,0.0139725062,13624900,475580,50114.0,229851.1,0.218028106021681,1827770488.0,6.506364922206509,-31.420765027322407,1.286685162698808,-20.506031185642836,-5.748572916723954,158.408,-51.8849840255591,https://finance.naver.com/item/main.naver?code=475580
삼보모터스,KOSDAQ,3890.0,103924294730,4.22,0.21,909.0,18124.0,2.11928,460286095990.0,5046021630.0,5310886240.0,,9.52744,자동차부품,9990.0,3520.0,0.0,26715757,053700,143869.0,112772.1,1.275749941696572,447464184.8,6.57534246575342,-41.85351270553064,1.3454568993571991,5.015449128227764,1.0962793953501537,211.928,-61.06106106106106,https://finance.naver.com/item/main.naver?code=053700
옵투스제약,KOSDAQ,5810.0,102526687900,7.88,0.59,731.0,9824.0,0.09815,24640171920.0,2320029010.0,3904107820.0,,45.13103,제약,20750.0,4610.0,0.0396527601,17646590,131030,28911.0,19842.65,1.4570130501722298,113049784.5,4.496402877697836,-43.372319688109165,1.4570130501722298,7.440960912052118,9.415636455510574,9.815,-72.0,https://finance.naver.com/item/main.naver?code=131030
한국화장품,KOSPI,6350.0,102031800000,90.57,3.04,70.0,2088.0,0.73506,21048383240.0,-316140960.0,-542069460.0,,44.06295,화장품,13080.0,4905.0,0.0131048668,16068000,123690,37020.0,296974.65,0.12465710457104671,2033435327.25,6.365159128978215,-25.730994152046783,0.6514461756247545,3.3524904214559386,-1.5019726522235255,73.506,-51.452599388379205,https://finance.naver.com/item/main.naver?code=123690
HS애드,KOSPI,6310.0,102270233640,5.88,0.48,1072.0,13081.0,1.26877,102766285150.0,3769731060.0,2755826690.0,,10.53233,광고,9390.0,5750.0,0.1767625202,16207644,035000,10511.0,109469.55,0.09601756835576651,680793695.75,-9.857142857142854,-28.05017103762828,0.27100686903344356,8.195092118339577,3.6682566218070596,126.877,-32.80085197018104,https://finance.naver.com/item/main.naver?code=035000
한국무브넥스,KOSPI,3385.0,103074671700,4.89,0.25,685.0,13184.0,1.55036,444046269860.0,8702559450.0,7522919230.0,,9.52744,자동차부품,7950.0,3115.0,0.0285486374,30450420,010100,58012.0,48096.5,1.2061584522782323,168632891.95,-1.8840579710144967,-27.670940170940174,1.4309149314399177,5.195691747572815,1.9598316753665703,155.036,-57.42138364779874,https://finance.naver.com/item/main.naver?code=010100
삼성공조,KOSPI,12640.0,102716608960,14.52,0.37,905.0,35993.0,0.14391,31891753500.0,2497832560.0,6312759680.0,,9.52744,자동차부품,20000.0,8790.0,0.0150326458,8126314,006660,199375.0,309182.15,0.6448464117349594,4035634119.0,43.79977246871445,6.937394247038919,2.344168316314509,2.5143777956824938,7.832220827870126,14.391000000000002,-36.8,https://finance.naver.com/item/main.naver?code=006660
아시아나IDT,KOSPI,9160.0,101676000000,7.98,0.58,1138.0,15701.0,0.19874,45048046670.0,2257364750.0,4957536680.0,,31.01234,IT서비스,12880.0,8610.0,0.0066795495,11100000,267850,8629.0,12656.5,0.6817840635246711,118170595.25,3.153153153153143,-8.764940239043828,9.552719946272667,7.247945990701229,5.011015830578298,19.874,-28.881987577639755,https://finance.naver.com/item/main.naver?code=267850
샘표식품,KOSPI,22300.0,101872777800,5.13,0.39,4368.0,58052.0,0.40925,100574215090.0,4662432860.0,1780687180.0,,32.42418,식품,36200.0,20450.0,0.0659724457,4568286,248170,29180.0,237584.7,0.12281935663365527,6983379043.75,8.515815085158152,-22.569444444444443,0.29861771401946335,7.524288568869289,4.635813320370205,40.925,-38.39779005524861,https://finance.naver.com/item/main.naver?code=248170
아모그린텍,KOSDAQ,6160.0,101620226400,16.67,1.21,357.0,4917.0,1.46853,35784078180.0,1814458780.0,525645820.0,,-30.98927,화학,16750.0,4350.0,0.067678318,16496790,125210,312786.0,207735.0,1.505697162249982,1289271908.0,2.8380634390651194,-15.731874145006842,11.598055214576263,7.26052471018914,5.070575720500508,146.85299999999998,-63.223880597014926,https://finance.naver.com/item/main.naver?code=125210
세운메디칼,KOSDAQ,2315.0,101397000000,8.28,0.64,279.0,3584.0,0.0549,17713365850.0,3443003310.0,3381498620.0,,-31.45283,건강관리장비와용품,3430.0,2050.0,0.0277620091,43800000,100700,194617.0,144736.5,1.344629723670256,353162332.0,11.566265060240966,-6.653225806451612,1.344629723670256,7.7845982142857135,19.437318345683014,5.489999999999999,-32.50728862973761,https://finance.naver.com/item/main.naver?code=100700
메타바이오메드,KOSDAQ,3710.0,100806060950,8.45,0.81,438.0,4594.0,0.49272,26990707740.0,6266505930.0,6297812240.0,,-31.45283,건강관리장비와용품,6520.0,3265.0,0.0517573504,27171445,059210,55288.0,54046.45,1.0229719065729572,206573766.75,-0.26881720430107503,-14.614499424626004,1.5996795349185748,9.53417501088376,23.217271626831376,49.272,-43.098159509202446,https://finance.naver.com/item/main.naver?code=059210
KC코트렐,KOSPI,918.0,100782913662,-7.12,1.97,-129.0,467.0,2.53272,15546540630.0,-3008906350.0,-102509420.0,,15.37804,상업서비스와공급품,918.0,918.0,0.0011785092,109785309,119650,,,,,,,,-27.62312633832976,-19.354185742092,253.272,0.0,https://finance.naver.com/item/main.naver?code=119650
애니플러스,KOSDAQ,1925.0,100413459300,7.68,0.83,250.0,2310.0,0.78846,32305275700.0,3278554180.0,1058938490.0,,862.44938,방송과엔터테인먼트,4175.0,1800.0,0.0206885224,52162836,310200,143177.0,474215.95,0.30192362783242527,1001043613.8,-3.2663316582914548,-33.391003460207614,0.3434426868181047,10.822510822510822,10.148664912957235,78.846,-53.89221556886228,https://finance.naver.com/item/main.naver?code=310200
컴퍼니케이,KOSDAQ,6480.0,101152800000,13.79,1.22,464.0,5253.0,0.06709,1045860130.0,-3982193720.0,-3151751160.0,,14.65734,창업투자,11100.0,4815.0,0.0111752723,15610000,307930,78701.0,68248.95,1.1531459458350641,424502426.25,10.391822827938668,-6.762589928057549,2.1214685354133653,8.833047782219685,-380.75777111801744,6.709,-41.62162162162162,https://finance.naver.com/item/main.naver?code=307930
나인앤컴퍼니,KOSDAQ,4410.0,99903478500,13.71,1.23,329.0,3656.0,0.09795,14131563020.0,1893107720.0,8016882440.0,,8.86094,"섬유,의류,신발,호화품",7100.0,3900.0,0.006683897,22653850,366030,30800.0,62321.85,0.4942086924569794,294450489.2,-7.740585774058573,-21.6696269982238,1.0134005970618651,8.99890590809628,13.396308089351038,9.795,-37.887323943661976,https://finance.naver.com/item/main.naver?code=366030
우리넷,KOSDAQ,9900.0,106863490800,27.97,1.07,354.0,9217.0,0.39201,22420023220.0,504853200.0,711617260.0,,-362.11639,통신장비,21350.0,5290.0,0.0183832344,10794292,115440,714007.0,1509597.15,0.47297850290721605,14434447871.75,31.474103585657364,28.238341968911907,5.646784640524792,3.840729087555604,2.2517960621452024,39.201,-53.629976580796246,https://finance.naver.com/item/main.naver?code=115440
동구바이오제약,KOSDAQ,3510.0,99912121920,1.88,0.62,1859.0,5610.0,1.23457,59475096590.0,-6453596050.0,-6141466610.0,,45.13103,제약,6300.0,3315.0,0.0145163575,28464992,006620,74476.0,91285.65,0.8158565995860247,321322805.65,-0.7072135785007094,-35.35911602209944,0.8158565995860247,33.13725490196078,-10.850921511719061,123.457,-44.285714285714285,https://finance.naver.com/item/main.naver?code=006620
그리드위즈,KOSDAQ,12550.0,99681512500,46.48,0.75,270.0,16771.0,0.44665,20856501640.0,-1652130960.0,-946447140.0,,3.12241,전기유틸리티,29800.0,10700.0,0.0132328224,7942750,453450,11760.0,19909.2,0.5906816948948225,264668864.0,-10.357142857142854,-33.87776606954689,1.240933839631929,1.6099218889750164,-7.921419366090775,44.665,-57.885906040268466,https://finance.naver.com/item/main.naver?code=453450
이니텍,KOSDAQ,4475.0,98544265875,27.39,0.65,163.0,6900.0,0.07507,9490066600.0,-431457170.0,6451198010.0,,216.01575,소프트웨어,9500.0,2165.0,0.017079283,22021065,053350,46649.0,119924.25,0.3889872148460382,501477828.2,82.28105906313645,51.95246179966044,0.7388747480180197,2.36231884057971,-4.546408241223513,7.507,-52.89473684210526,https://finance.naver.com/item/main.naver?code=053350
LB인베스트먼트,KOSDAQ,4285.0,99485869115,7.98,0.78,541.0,5521.0,0.08717,8536884630.0,3435016380.0,3153890210.0,,14.65734,창업투자,7750.0,3600.0,0.0190255181,23217239,309960,20860.0,41134.05,0.5071224447872261,176495615.7,9.311224489795912,-24.293286219081267,0.7951320135021959,9.798949465676507,40.237352721492734,8.717,-44.70967741935484,https://finance.naver.com/item/main.naver?code=309960
아리바이오랩,KOSDAQ,3240.0,93817362240,-5.83,7.89,-597.0,441.0,1.13794,,-2458560510.0,-2662328520.0,,45.13103,제약,6720.0,1824.0,0.0,28955976,261780,1042924.0,920251.9,1.1333027402605742,3302813415.5,24.615384615384617,3.1847133757961776,3.445141487890435,-135.37414965986395,,113.794,-51.78571428571428,https://finance.naver.com/item/main.naver?code=261780
아스타,KOSDAQ,6070.0,99434491000,-25.94,9.98,-234.0,608.0,0.23348,1169452240.0,-838601480.0,-810733970.0,,-31.45283,건강관리장비와용품,11080.0,5900.0,0.0106812036,16381300,246720,,,,,,,,-38.48684210526316,-71.70891219978338,23.348,-45.21660649819494,https://finance.naver.com/item/main.naver?code=246720
에이티넘인베스트,KOSDAQ,2100.0,100800000000,3.85,0.47,545.0,4446.0,0.01839,2218315550.0,-5074400910.0,-3415822570.0,,14.65734,창업투자,4000.0,1870.0,0.0856432292,48000000,021080,228877.0,132346.05,1.7293829320935534,288372739.65,-0.7092198581560294,-32.1486268174475,1.7293829320935534,12.25820962663068,-228.75018434595566,1.839,-47.5,https://finance.naver.com/item/main.naver?code=021080
삼익악기,KOSPI,1084.0,98135511860,4.74,0.3,232.0,3698.0,0.96887,53941601820.0,2907715560.0,30929836350.0,,10.58054,레저용장비와제품,1361.0,1045.0,0.0150931756,90530915,002450,106829.0,113857.1,0.9382726241929576,129210619.05,-1.9891500904159143,-9.591326105087571,0.9382726241929576,6.273661438615467,5.390487975686889,96.887,-20.352681851579725,https://finance.naver.com/item/main.naver?code=002450
태림포장,KOSPI,1396.0,98845092240,-10.61,0.33,-136.0,4398.0,1.20122,212333009000.0,4469541000.0,5061985000.0,,17.42997,포장재,2830.0,1302.0,0.0099169505,70805940,011280,345438.0,31088.6,11.111404180310467,48566642.75,-16.10576923076923,-28.04123711340206,11.111404180310467,-3.0923146884947705,2.1049675794873703,120.122,-50.67137809187279,https://finance.naver.com/item/main.naver?code=011280
강동씨앤엘,KOSDAQ,1627.0,99136194792,150.09,0.75,11.0,2208.0,2.17661,19655028310.0,2456859240.0,1624772510.0,,7.31423,건축자재,2930.0,910.0,0.0041333032,60931896,198440,727202.0,5470237.9,0.13293791116470455,11292358092.8,0.49413218035825324,54.95238095238095,0.4532205080148342,0.4981884057971014,12.499901812657322,217.661,-44.47098976109215,https://finance.naver.com/item/main.naver?code=198440
큐브엔터,KOSDAQ,6300.0,97930891800,-17.33,0.57,-359.0,10823.0,0.6276,21549455110.0,-2038952870.0,-2667346450.0,,862.44938,방송과엔터테인먼트,16050.0,4520.0,0.0324021495,15544586,182360,12455.0,17068.85,0.7296918070051586,102864733.25,19.771863117870716,-43.0379746835443,1.3756052692477818,-3.317010071144784,-9.461737475922657,62.760000000000005,-60.747663551401864,https://finance.naver.com/item/main.naver?code=182360
이지케어텍,KOSDAQ,7300.0,99711962900,17.28,2.36,449.0,3282.0,0.38992,20454883180.0,276333870.0,723497900.0,,-59.4544,건강관리기술,11810.631,5780.0,0.0068229607,13659173,099750,213953.0,89526.55,2.3898273752311465,700938239.75,17.741935483870975,-15.995397008055235,16.550118372706198,13.68068251066423,1.3509432812121296,38.992,-38.19127868781948,https://finance.naver.com/item/main.naver?code=099750
에프엔에스테크,KOSDAQ,11770.0,97766057290,10.45,1.08,1125.0,10847.0,0.38185,14043472520.0,3759177220.0,3496455510.0,,15.86239,디스플레이장비및부품,24150.0,9550.0,0.1605003,8306377,083500,65769.0,46329.75,1.419584608162142,522453440.0,-17.692307692307697,-24.55128205128205,1.4767832764044702,10.371531298976675,26.768145945715144,38.185,-51.262939958592135,https://finance.naver.com/item/main.naver?code=083500
진흥기업,KOSPI,6850.0,99648141900,-3.5,0.41,-1950.0,16440.0,1.21915,220255855070.0,506610490.0,697696490.0,,38.14669,건설,16450.0,6210.0,0.0,14547174,002780,42436.0,731260.45,0.05803130745003371,1043018546.85,647.8165938864629,750.9316770186336,0.08321248605746422,-11.861313868613138,0.23000999898004662,121.91499999999999,-58.35866261398177,https://finance.naver.com/item/main.naver?code=002780
스톰테크,KOSDAQ,3670.0,98623902660,9.71,1.06,380.0,3491.0,0.45234,20768506820.0,4586653940.0,3727859410.0,,11.82308,가정용기기와용품,4200.0,3330.0,0.0170537727,26872998,352090,28822.0,24540.4,1.174471483757396,89771551.4,7.309941520467844,2.8011204481792618,1.174471483757396,10.88513319965626,22.084659141614686,45.234,-12.619047619047619,https://finance.naver.com/item/main.naver?code=352090
지아이에스,KOSDAQ,2030.0,97322633520,-21.32,1.98,-95.0,1025.0,2.26002,34006796210.0,2580414850.0,-879849590.0,,33.4343,반도체와반도체장비,4140.0,1260.0,0.0222833194,47942184,306620,427806.0,389801.15,1.0974980448364504,741596102.7,-20.07874015748031,-38.109756097560975,2.998323632446954,-9.268292682926829,7.587938699268607,226.00199999999998,-50.96618357487923,https://finance.naver.com/item/main.naver?code=306620
모비스,KOSDAQ,3035.0,97639937990,-92.12,2.9,-33.0,1048.0,0.18024,401341800.0,-693663900.0,-489322780.0,,216.01575,소프트웨어,9440.0,2130.0,0.0349748226,32171314,250060,103643.0,161003.25,0.6437323470178397,488497008.9,15.180265654648961,-37.29338842975206,0.890950959064491,-3.1488549618320607,-172.83619598058314,18.024,-67.84957627118644,https://finance.naver.com/item/main.naver?code=250060
동아엘텍,KOSDAQ,5580.0,97568052120,2.01,0.58,2811.0,9726.0,1.34357,55481522480.0,990686720.0,2724324730.0,,15.86239,디스플레이장비및부품,14620.0,3545.0,0.104750764,17485314,088130,63101.0,58432.6,1.0798937579364944,322052188.5,14.46153846153846,-36.94915254237288,1.8177181915574525,28.901912399753236,1.7856155990620535,134.357,-61.83310533515731,https://finance.naver.com/item/main.naver?code=088130
엑스페릭스,KOSDAQ,2620.0,96932145240,-4.01,1.06,-646.0,2444.0,0.49832,5258600800.0,-807673180.0,757219710.0,,255.50195,전자장비와기기,4735.0,2010.0,0.0172348019,36997002,317770,233569.0,88081.55,2.651735806193238,219158142.45,4.800000000000004,-20.965309200603322,2.651735806193238,-26.432078559738137,-15.359089056541428,49.832,-44.667370644139396,https://finance.naver.com/item/main.naver?code=317770
박셀바이오,KOSDAQ,4195.0,97564562275,-7.56,1.65,-577.0,2638.0,0.1015,1624755010.0,-5024586500.0,-4046283680.0,,45.13103,제약,11520.0,3350.0,0.054819155,23257345,323990,169859.0,229271.85,0.740862866505417,1103095122.15,5.934343434343425,-49.39686369119421,0.740862866505417,-21.872630780894617,-309.25194685197494,10.15,-63.58506944444444,https://finance.naver.com/item/main.naver?code=323990
씨씨에스,KOSDAQ,2205.0,97355245995,-9.93,3.56,-222.0,620.0,0.17237,4564175030.0,-737515980.0,-597573300.0,,862.44938,방송과엔터테인먼트,1493.0,1493.0,0.0030755318,44152039,066790,,,,,,,,-35.80645161290323,-16.158801429663843,17.237,47.68921634293368,https://finance.naver.com/item/main.naver?code=066790
동국생명과학,KOSDAQ,3035.0,97071864900,8.49,0.57,275.0,4107.0,0.63952,24257952550.0,21875370.0,-887872160.0,,-31.45283,건강관리장비와용품,4350.0,2155.0,0.0201032762,31984140,303810,14282508.0,37083.15,385.148187249465,84171132.35,28.874734607218677,-10.471976401179939,385.148187249465,6.695885074263453,0.0901781383029377,63.952,-30.22988505747126,https://finance.naver.com/item/main.naver?code=303810
아비코전자,KOSDAQ,7340.0,97570135560,9.99,0.81,716.0,8782.0,0.30731,37302215890.0,4025788430.0,4478636810.0,,-77.6154,전기제품,14260.0,4360.0,0.2044204838,13292934,036010,209619.0,107509.65,1.949769160256777,750060809.5,-11.566265060240966,-9.270704573547594,1.949769160256777,8.153040309724437,10.79235732770298,30.731,-48.527349228611506,https://finance.naver.com/item/main.naver?code=036010
샌즈랩,KOSDAQ,6350.0,96949501300,-171.94,1.75,-36.0,3538.0,0.07444,1547288390.0,-866481110.0,-1861279100.0,,216.01575,소프트웨어,10070.0,2965.0,0.013304088,15267638,411080,332099.0,1827284.1,0.18174459023640605,12665386114.35,62.82051282051282,2.0900321543408262,6.025288021714849,-1.0175240248728095,-55.999974898021435,7.444000000000001,-36.94141012909633,https://finance.naver.com/item/main.naver?code=411080
까뮤이앤씨,KOSPI,1627.0,97214600410,4.99,0.89,336.0,1881.0,1.32834,109250618990.0,12194238760.0,8716943510.0,,38.14669,건설,2005.0,997.0,0.0176044584,59750830,013700,183332.0,673220.15,0.27232102307098205,1176744201.05,46.84115523465704,31.847649918962716,0.46905013166941006,17.862838915470494,11.161711368533457,132.834,-18.852867830423936,https://finance.naver.com/item/main.naver?code=013700
다원시스,KOSDAQ,2530.0,96553495610,-0.49,-0.19,-5162.0,-13604.0,-2.2198,-1127637730.0,-22875101590.0,-24972429840.0,,183.01813,기계,5540.0,2015.0,0.0528713124,38163437,068240,,,,,,,,37.9447221405469,2028.5860415472264,-221.98000000000002,-54.332129963898915,https://finance.naver.com/item/main.naver?code=068240
크라운제과,KOSPI,7750.0,97059837500,8.04,0.44,964.0,17790.0,0.55562,110668996160.0,3527298610.0,3027623160.0,,32.42418,식품,10160.0,7560.0,0.028567094,12523850,264900,7691.0,8651.1,0.8890198934239576,68957212.75,1.4397905759162333,-7.9572446555819525,5.081781507553952,5.4187745924676785,3.1872509306042662,55.562,-23.720472440944885,https://finance.naver.com/item/main.naver?code=264900
모나용평,KOSPI,1989.0,95737199337,-2.95,0.25,-646.0,7586.0,1.76247,34022853450.0,-8194169140.0,-9197844250.0,,14.87228,"호텔,레스토랑,레저",4240.0,1860.0,0.0188649101,48133333,070960,58958.0,45786.3,1.2876777551363616,91923312.6,-9.384965831435077,-35.42207792207792,1.3749090885264805,-8.515686791457949,-24.084308954397827,176.24699999999999,-53.08962264150943,https://finance.naver.com/item/main.naver?code=070960
오성첨단소재,KOSDAQ,9930.0,96738149370,2.63,0.32,3720.0,30910.0,0.22869,11441072440.0,-2380272080.0,132993609200.0,,15.86239,디스플레이장비및부품,20700.0,6990.0,0.0,9742009,052420,22006.0,45122.2,0.4876978516118452,449531351.5,40.2542372881356,624.8175182481752,0.7699757547282713,12.034940148819153,-20.804623801507894,22.869,-52.028985507246375,https://finance.naver.com/item/main.naver?code=052420
아남전자,KOSPI,1257.0,96945898740,17.72,0.73,71.0,1735.0,0.80783,67459513000.0,1678007000.0,2175655000.0,,39.29421,전자제품,1938.0,1024.0,0.009827796,77124820,008700,236728.0,205022.9,1.154641749775269,257508619.15,8.175559380378662,4.056291390728473,1.154641749775269,4.092219020172911,2.4874282742005565,80.783,-35.13931888544891,https://finance.naver.com/item/main.naver?code=008700
제너셈,KOSDAQ,7360.0,96811680960,103.52,1.92,71.0,3826.0,0.97366,23289263740.0,4174121880.0,1102029180.0,,33.4343,반도체와반도체장비,9670.0,3965.0,0.0640795435,13153761,217190,75558.0,224827.6,0.33607083827786266,1514275564.5,51.59629248197734,21.85430463576159,1.5101749073512327,1.8557239937271301,17.922944780907017,97.366,-23.88831437435367,https://finance.naver.com/item/main.naver?code=217190
파워넷,KOSDAQ,3650.0,93122420800,5.53,0.6,652.0,6040.0,0.79468,104243907940.0,6900411980.0,373905620.0,,-77.6154,전기제품,10400.0,2420.0,0.0637580257,25512992,037030,286925.0,293618.55,0.9772032455033921,1004161885.65,-8.977556109725683,5.187319884726227,3.4013450444462725,10.794701986754966,6.619487043762493,79.468,-64.90384615384616,https://finance.naver.com/item/main.naver?code=037030
대림제지,KOSDAQ,10800.0,94878000000,14.12,0.34,765.0,32201.0,0.16026,47589284810.0,6235889400.0,6083221000.0,,17.42997,포장재,10990.0,7070.0,0.0347973819,8785000,017650,15575.0,15845.15,0.9829506189591137,169759535.0,25.462962962962955,22.4858757062147,3.5980725963465163,2.37570261793112,13.103557712406817,16.026,-1.7288444040036377,https://finance.naver.com/item/main.naver?code=017650
한국수출포장,KOSPI,2855.0,95642331555,-26.2,0.35,-108.0,8011.0,0.3037,77202976110.0,-9728582440.0,889700080.0,,17.42997,포장재,3785.0,2150.0,0.0237361612,33499941,002200,33040.0,54565.05,0.6055158017815433,149387472.2,27.740492170022367,-6.54664484451718,1.1279931018115075,-1.3481462988390962,-12.601304936921814,30.37,-24.57067371202114,https://finance.naver.com/item/main.naver?code=002200
오늘이엔엠,KOSDAQ,3750.0,94447158750,-0.61,28.82,-6397.0,136.0,5.70312,4531139330.0,-1564081850.0,-8109776350.0,,-362.11639,통신장비,8600.0,1362.586,0.0003108484,25185909,192410,33116.0,151121.3,0.21913522448523143,741848779.15,6.9900142653352315,24.17218543046358,1.2075796065809388,-4703.676470588235,-34.51851148439525,570.312,-56.395348837209305,https://finance.naver.com/item/main.naver?code=192410
세이브존I&C,KOSPI,2305.0,94599262975,11.24,0.18,205.0,13059.0,0.28939,31291394570.0,2686355680.0,31438310450.0,,35.16844,백화점과일반상점,4135.0,2050.0,0.0936896722,41040895,067830,95542.0,24231.2,3.942933078015121,57651208.55,5.491990846681927,-23.166666666666668,3.942933078015121,1.5697986063251397,8.584966304363723,28.938999999999997,-44.256348246674726,https://finance.naver.com/item/main.naver?code=067830
삼익제약,KOSDAQ,9300.0,93628568400,-97.98,1.29,-99.0,7503.0,0.19171,15702065310.0,-227511310.0,-77462080.0,,45.13103,제약,25050.0,3705.0,0.0116819441,10067588,014950,582624.0,4657030.75,0.12510632445362316,42233470274.35,11.24401913875599,-22.305764411027575,0.950201584990608,-1.319472211115554,-1.4489260202930592,19.171,-62.874251497005986,https://finance.naver.com/item/main.naver?code=014950
영보화학,KOSPI,4665.0,93300000000,5.45,0.48,863.0,9810.0,0.09647,31828213020.0,5060227260.0,4456935400.0,,-30.98927,화학,5410.0,4260.0,0.52567735,20000000,014440,4658.0,13075.95,0.35622650744305384,61556720.3,7.61245674740485,-1.165254237288138,1.654946676914488,8.797145769622833,15.898559107984756,9.647,-13.770794824399257,https://finance.naver.com/item/main.naver?code=014440
위드텍,KOSDAQ,9620.0,94022032000,14.55,0.74,659.0,12943.0,0.27279,18301939470.0,2648170660.0,3383250170.0,,33.4343,반도체와반도체장비,12670.0,6700.0,0.0222196529,9773600,348350,60947.0,14259.55,4.274118047203453,133471607.5,38.61671469740633,-5.314960629921261,4.274118047203453,5.09155528084679,14.469344433909878,27.278999999999996,-24.07261247040252,https://finance.naver.com/item/main.naver?code=348350
메드팩토,KOSDAQ,2770.0,94942085170,-7.3,2.03,-374.0,1342.0,0.0702,1049247910.0,-3632237770.0,-3193899910.0,,45.13103,제약,8650.0,2235.0,0.0443211856,34275121,235980,120913.0,105987.5,1.1408232102842317,296086972.45,-1.4234875444839812,-48.320895522388064,1.9026017219011675,-27.86885245901639,-346.1753638375129,7.02,-67.97687861271676,https://finance.naver.com/item/main.naver?code=235980
위더스제약,KOSDAQ,7130.0,94113718400,19.57,0.99,376.0,7425.0,0.38575,29072007090.0,1076549230.0,1968271720.0,,45.13103,제약,11950.0,5910.0,0.0102175204,13199680,330350,120945.0,1086218.8,0.11134497027670667,9018682167.75,9.355828220858896,-14.405762304921964,0.16807479303433157,5.063973063973064,3.7030440542590006,38.574999999999996,-40.3347280334728,https://finance.naver.com/item/main.naver?code=330350
황금에스티,KOSPI,5510.0,93670000000,5.17,0.24,1061.0,22693.0,0.27963,103997412140.0,12362902920.0,12101078170.0,,28.1014,비철금속,6580.0,4915.0,0.0534478824,17000000,032560,10801.0,14397.45,0.7502022927671219,80876359.5,10.642570281124497,-6.292517006802722,0.876474653497668,4.675450579473846,11.88770245874697,27.962999999999997,-16.2613981762918,https://finance.naver.com/item/main.naver?code=032560
NI스틸,KOSPI,3285.0,93951384345,4.87,0.34,673.0,9590.0,0.99082,76242949640.0,7905056990.0,4732064510.0,,7.31423,건축자재,4650.0,2800.0,0.0099770921,28600117,008260,26045.0,103516.75,0.25160179391257936,355167774.05,15.263157894736846,-6.41025641025641,1.3454151139791386,7.017726798748697,10.368246542566476,99.08200000000001,-29.354838709677423,https://finance.naver.com/item/main.naver?code=008260
오파스넷,KOSDAQ,7220.0,94195535060,7.26,1.42,971.0,4962.0,1.14518,47340933030.0,1936505170.0,3631120190.0,,31.01234,IT서비스,8570.0,5300.0,0.0485513594,13046473,173130,56052.0,70816.9,0.7915059823290769,467305263.25,19.338842975206603,-1.3661202185792365,1.7008510680360198,19.568722289399435,4.090551339097678,114.51800000000001,-15.75262543757293,https://finance.naver.com/item/main.naver?code=173130
아미노로직스,KOSDAQ,1049.0,93719749608,25.25,1.58,40.0,638.0,0.53537,8245846300.0,1983553520.0,989990210.0,,45.13103,제약,1940.0,855.0,0.0230338943,89341992,074430,87802.0,146877.2,0.5977918969043527,161263472.3,-4.113345521023771,-26.12676056338028,2.592948394985743,6.269592476489027,24.055184244702694,53.537,-45.927835051546396,https://finance.naver.com/item/main.naver?code=074430
벽산,KOSPI,1425.0,93138000000,3.51,0.26,407.0,5403.0,0.7922,162600105890.0,9825089090.0,7627545880.0,,7.31423,건축자재,2275.0,1296.0,0.0266452111,65360000,007210,55712.0,65857.1,0.8459528281688686,94273610.4,3.8629737609329418,-23.715203426124198,0.9816557364354033,7.532852119193041,6.042486280203738,79.22,-37.362637362637365,https://finance.naver.com/item/main.naver?code=007210
링네트,KOSDAQ,4200.0,93622804800,7.49,0.72,562.0,5843.0,0.53462,57974359780.0,621073390.0,1710662770.0,,31.01234,IT서비스,7400.0,3410.0,0.0506743844,22291144,042500,38984.0,108225.5,0.36021085603670117,473153195.7,9.947643979057585,11.111111111111116,1.360483435049965,9.618346739688516,1.0712897776824746,53.461999999999996,-43.24324324324324,https://finance.naver.com/item/main.naver?code=042500
엑셈,KOSDAQ,1381.0,93271875494,15.43,0.83,92.0,1717.0,0.10588,12644149490.0,2587951570.0,15045258190.0,,216.01575,소프트웨어,2540.0,1250.0,0.0576485355,67539374,205100,671090.0,441364.15,1.5204905065352499,613214885.45,1.544117647058818,-27.809722948248826,8.003080902696786,5.358182877111241,20.46758124812395,10.588000000000001,-45.62992125984252,https://finance.naver.com/item/main.naver?code=205100
오상헬스케어,KOSDAQ,6510.0,93154298160,29.2,0.32,226.0,20439.0,0.22283,19136783670.0,-8083381930.0,-4270745470.0,,-34.55045,생명과학도구및서비스,16300.0,5200.0,0.0113063314,14309416,036220,29543.0,234741.75,0.12585319824871374,1792273825.0,20.779220779220786,-34.44108761329305,1.0785597363911619,1.1057292431136554,-42.24002355564069,22.283,-60.06134969325153,https://finance.naver.com/item/main.naver?code=036220
신스틸,KOSDAQ,2240.0,92895895680,72.12,1.14,33.0,2089.0,1.83829,100940929140.0,739312630.0,-421443400.0,,42.88131,철강,3155.0,1335.0,0.0175413976,41471382,162300,2602223.0,5154227.65,0.5048715688760856,12933381157.25,26.055149127743384,37.50767341927563,0.5048715688760856,1.5797032072762087,0.7324210667553996,183.829,-29.00158478605388,https://finance.naver.com/item/main.naver?code=162300
HL D&I,KOSPI,2485.0,94078623485,10.53,0.2,234.0,12211.0,2.50182,445593489410.0,26516343610.0,10550828810.0,,38.14669,건설,4120.0,2110.0,0.0292232669,37858601,014790,14992.0,41905.4,0.3577581886821269,107207471.1,7.343412526997839,-20.35256410256411,0.5611925909310017,1.916304970927852,5.950792424079103,250.182,-39.68446601941748,https://finance.naver.com/item/main.naver?code=014790
나노,KOSDAQ,2995.0,92368285850,13.21,2.17,229.0,1393.0,1.66415,25950413450.0,582526310.0,383360220.0,,-30.98927,화학,7560.0,1685.0,0.0249077278,30840830,187790,1739112.0,131809.5,13.19413244113664,403766567.3,-7.131782945736431,-32.16308040770102,13.19413244113664,16.439339554917446,2.2447669711404923,166.415,-60.383597883597886,https://finance.naver.com/item/main.naver?code=187790
에스와이,KOSDAQ,1902.0,93021874800,-6.18,0.51,-302.0,3640.0,1.27228,152403501400.0,-1013344000.0,-5364618900.0,,7.31423,건축자재,3440.0,1479.0,0.0208927074,48907400,109610,89807.0,130061.4,0.6904969499021232,250622021.55,10.71012805587892,-31.211573236889688,0.6904969499021232,-8.296703296703296,-0.6649086081955332,127.22800000000001,-44.70930232558139,https://finance.naver.com/item/main.naver?code=109610
야스,KOSDAQ,7060.0,92189480000,-15.33,0.63,-460.0,11182.0,0.61056,87220392860.0,28015616950.0,28398333930.0,,15.86239,디스플레이장비및부품,13450.0,3650.0,0.0530514627,13058000,255440,35588.0,71135.9,0.5002818548721532,503710839.75,1.1461318051575908,-36.281588447653434,1.1075420427660296,-4.113754247898408,32.12048929310452,61.056,-47.50929368029739,https://finance.naver.com/item/main.naver?code=255440
코아시아,KOSDAQ,3470.0,91312619720,-6.13,1.12,-565.0,3100.0,2.28908,132073290990.0,-3037150120.0,-3352006170.0,,104.30752,핸드셋,7850.0,1706.0,0.0532203154,26314876,045970,79302.0,63700.8,1.2449137216487076,202920173.45,24.820143884892087,-32.35867446393762,1.7201981764750207,-18.225806451612904,-2.2995944882072785,228.908,-55.796178343949045,https://finance.naver.com/item/main.naver?code=045970
팜스코,KOSPI,2500.0,91819857500,2.16,0.43,1169.0,5917.0,4.45611,433735332760.0,20265044070.0,-3912455620.0,,32.42418,식품,4865.0,2185.0,0.0079628745,36727943,036580,19595.0,44057.55,0.4447591842941788,114727143.55,12.107623318385642,-25.92592592592593,1.0199159962367403,19.756633429102585,4.672214260490812,445.611,-48.6125385405961,https://finance.naver.com/item/main.naver?code=036580
한켐,KOSDAQ,11300.0,91158614200,15.34,1.49,734.0,7581.0,0.04579,6657890720.0,413811140.0,417141980.0,,15.86239,디스플레이장비및부품,17040.0,5460.0,0.00528614,8067134,457370,1648742.0,1893949.3,0.8705312227734924,19432863756.75,26.96629213483146,30.48498845265588,8.062736948660664,9.682099986809128,6.215348935616054,4.579,-33.68544600938967,https://finance.naver.com/item/main.naver?code=457370
한일사료,KOSDAQ,2340.0,92204622900,14.57,0.57,162.0,4159.0,0.35521,119772795030.0,-377176920.0,-229457900.0,,32.42418,식품,5340.0,2000.0,0.0236205319,39403685,005860,288314.0,932110.3,0.30931317892313814,2384259960.35,10.11764705882352,-46.69703872437358,0.3933944298223075,3.8951671074777594,-0.31491034329250384,35.521,-56.17977528089888,https://finance.naver.com/item/main.naver?code=005860
삼기에너지솔루션즈,KOSDAQ,1595.0,91228002800,-7.86,1.36,-194.0,1122.0,2.23662,64308136790.0,3807233130.0,4715563160.0,,9.52744,자동차부품,2465.0,865.0,0.0140590535,57196240,419050,8025464.0,678535.3,11.827629306831936,1102235390.6,3.571428571428581,0.8217446270543549,11.827629306831936,-17.290552584670234,5.920297679331972,223.66199999999998,-35.29411764705882,https://finance.naver.com/item/main.naver?code=419050
대성하이텍,KOSDAQ,5560.0,90342749760,-12.58,1.21,-411.0,4260.0,1.94266,23116906250.0,-2188817370.0,1932081040.0,,183.01813,기계,15350.0,3330.0,0.0912377215,16248696,129920,352110.0,93916.1,3.749197421954276,491296651.85,32.69689737470167,-49.68325791855204,3.749197421954276,-9.647887323943662,-9.468470159150296,194.26600000000002,-63.7785016286645,https://finance.naver.com/item/main.naver?code=129920
미래컴퍼니,KOSDAQ,10650.0,93910464600,-3.37,0.83,-3154.0,12792.0,0.21031,23340149330.0,4486775600.0,5574473290.0,,15.86239,디스플레이장비및부품,21750.0,8000.0,0.0321373019,8817884,049950,18786.0,13783.6,1.36292405467367,145677474.75,5.550049554013881,-28.475486903962388,1.5646855683565977,-24.65603502188868,19.223422852025084,21.031,-51.03448275862069,https://finance.naver.com/item/main.naver?code=049950
정상제이엘에스,KOSDAQ,5830.0,91400128160,13.09,1.04,444.0,5585.0,0.29033,24890996790.0,2628889080.0,2844648770.0,,10.54071,교육서비스,6850.0,5530.0,0.0439920084,15677552,040420,4585.0,11290.45,0.4060954169231518,65579064.5,4.480286738351258,-0.1712328767123239,2.7544517711871537,7.949865711727842,10.561606279488817,29.032999999999998,-14.890510948905112,https://finance.naver.com/item/main.naver?code=040420
피에스텍,KOSDAQ,5000.0,92105350000,9.03,0.63,559.0,8061.0,0.36001,23333907470.0,1451469080.0,8774574510.0,,-77.6154,전기제품,16990.0,3715.0,0.0818437257,18421070,002230,54037.0,34464.0,1.5679259517177344,175781247.0,4.493207941483801,-51.55038759689923,1.9557799442896935,6.934623495844187,6.220428712448305,36.001,-70.57092407298411,https://finance.naver.com/item/main.naver?code=002230
지에프아이,KOSDAQ,11330.0,91087682290,-18.97,1.48,-601.0,7719.0,0.12592,15537620040.0,2954750110.0,2283564520.0,,255.50195,전자장비와기기,23800.0,8350.0,0.0221100457,8039513,493330,34132.0,107309.95,0.318069293667549,1444876921.75,7.802093244529029,-23.908663532572195,0.42295239164681375,-7.785982640238373,19.016748397716643,12.592,-52.39495798319328,https://finance.naver.com/item/main.naver?code=493330
서원인텍,KOSDAQ,4890.0,90954000000,13.69,0.42,354.0,11528.0,0.15229,43656330250.0,1245789690.0,2532681740.0,,104.30752,핸드셋,5750.0,4500.0,0.0358024194,18600000,093920,1721.0,6372.3,0.2700751690912229,30830283.25,6.8852459016393475,-2.589641434262946,1.932583211713196,3.070784177654407,2.8536289762926192,15.229000000000001,-14.956521739130435,https://finance.naver.com/item/main.naver?code=093920
풍국주정,KOSDAQ,7200.0,90720000000,8.81,0.52,812.0,13637.0,0.15117,41862904810.0,4399306250.0,3742772370.0,,-30.98927,화학,13140.0,6500.0,0.0149738095,12600000,023900,15665.0,10160.3,1.5417851835083611,75622461.25,10.769230769230775,-27.710843373493976,8.19040776355029,5.954388795189558,10.508841347648469,15.116999999999999,-45.205479452054796,https://finance.naver.com/item/main.naver?code=023900
한국첨단소재,KOSDAQ,2985.0,89915432655,-4.34,4.61,-678.0,638.0,0.68091,1187772170.0,-595910620.0,1481483050.0,,-362.11639,통신장비,10104.346,1815.0,0.0,30122423,062970,2265000.0,5596588.2,0.4047108558031838,16845612836.95,14.8076923076923,25.42016806722689,5.710908656813449,-106.26959247648904,-50.17044809190975,68.09100000000001,-70.45825627903082,https://finance.naver.com/item/main.naver?code=062970
뉴로핏,KOSDAQ,7410.0,90393597060,-3.17,4.37,-2302.0,1672.0,0.41928,782420640.0,-5232362280.0,-5659902660.0,,-59.4544,건강관리기술,36700.0,5480.0,0.0555380312,12198866,380550,247689.0,96570.5,2.5648515851113953,739342265.75,-20.663811563169165,-69.31677018633539,12.983374840142694,-137.6794258373206,-668.7403185069351,41.928,-79.80926430517711,https://finance.naver.com/item/main.naver?code=380550
티에이치엔,KOSPI,5000.0,90000000000,1.32,0.4,3815.0,12483.0,1.53802,287696640830.0,15499731790.0,13210056250.0,,9.52744,자동차부품,10270.0,4845.0,0.0847106111,18000000,019180,89955.0,65058.45,1.382679728766978,337493600.0,-11.504424778761058,-44.690265486725664,1.382679728766978,30.56156372666827,5.387526161335611,153.802,-51.31450827653359,https://finance.naver.com/item/main.naver?code=019180
금양그린파워,KOSDAQ,7770.0,94168515000,3700.0,0.93,2.0,7927.0,0.73466,84210500820.0,1798513200.0,1170737200.0,,-39.76501,에너지장비및서비스,20200.0,6200.0,0.0107778374,12119500,282720,17435.0,17802.1,0.9793788373281804,134137024.25,11.798561151079134,-50.9469696969697,1.1140820465001322,0.025230225810521003,2.1357350716204895,73.466,-61.53465346534654,https://finance.naver.com/item/main.naver?code=282720
케이엔에스,KOSDAQ,10050.0,88154137800,-80.87,1.6,-127.0,6412.0,0.80635,17233778850.0,1716276410.0,-21122340.0,,-77.6154,전기제품,20400.0,5920.0,0.0060912796,8771556,432470,65886.0,493776.95,0.1334327169382856,5199223407.5,45.86357039187228,-31.44611186903138,3.966866011060257,-1.9806612601372424,9.958793279977595,80.635,-50.73529411764706,https://finance.naver.com/item/main.naver?code=432470
웹케시,KOSDAQ,6860.0,88867430960,6.99,0.78,984.0,8851.0,0.19185,20326789990.0,3336009470.0,2782869680.0,,216.01575,소프트웨어,13730.0,5700.0,0.0253899128,12954436,053580,7481.0,11724.9,0.6380438212692646,83101751.0,16.271186440677976,-21.510297482837526,1.7761345512541686,11.117387865777879,16.411885357408565,19.185,-50.03641660597232,https://finance.naver.com/item/main.naver?code=053580
삼아제약,KOSDAQ,14140.0,90071800000,6.63,0.38,2120.0,37375.0,0.08766,18779042200.0,1869015190.0,4351469950.0,,45.13103,제약,17350.0,11950.0,0.0281990581,6370000,009300,735.0,1827.2,0.4022548161120841,25407114.5,15.522875816993453,-12.554112554112551,1.2111427320490367,5.672240802675585,9.95266515775762,8.766,-18.501440922190206,https://finance.naver.com/item/main.naver?code=009300
이스트소프트,KOSDAQ,7660.0,90028608120,-4.37,1.55,-1715.0,4825.0,2.09591,29736292420.0,-331500390.0,-1329744300.0,,216.01575,소프트웨어,23350.0,6800.0,0.0382775344,11753082,047560,24869.0,43277.6,0.574639074255504,338950158.25,7.282913165266103,-45.285714285714285,0.8318159971902324,-35.5440414507772,-1.1148006796470695,209.591,-67.1948608137045,https://finance.naver.com/item/main.naver?code=047560
에이치피오,KOSDAQ,2175.0,89813310300,10.66,0.59,204.0,3681.0,0.39154,78492968840.0,3896301660.0,2387171880.0,,-10.44112,건강관리업체및서비스,3295.0,1926.0,0.0106976705,41293476,357230,14792.0,22462.0,0.6585344136764313,47549688.95,10.799796230259817,-11.042944785276077,2.1750066779449737,5.541972290138549,4.963886215008912,39.153999999999996,-33.99089529590288,https://finance.naver.com/item/main.naver?code=357230
청담글로벌,KOSDAQ,4310.0,89186472270,46.94,1.02,93.0,4268.0,0.82187,65904018610.0,1946827650.0,-938213020.0,,19.25197,인터넷과카탈로그소매,9680.0,3290.0,0.0,20692917,362320,35231.0,90536.55,0.38913565847163384,427548251.25,7.88485607008762,-15.655577299412915,0.7158324455703249,2.1790065604498596,2.95403480859147,82.187,-55.47520661157025,https://finance.naver.com/item/main.naver?code=362320
아진산업,KOSDAQ,2280.0,88479006960,3.8,0.25,598.0,8952.0,3.48987,222117996370.0,5899713850.0,-2584248450.0,,9.52744,자동차부품,4895.0,2205.0,0.030820081,38806582,013310,57268.0,90280.1,0.6343369136720052,210315875.3,-10.588235294117643,-30.909090909090907,1.2299720536419432,6.680071492403932,2.6561169947582126,348.98699999999997,-53.42185903983656,https://finance.naver.com/item/main.naver?code=013310
스모트로닉,KOSDAQ,2300.0,88959255100,-8.31,1.12,-275.0,2034.0,2.06868,105230489990.0,3035466720.0,3063978460.0,,9.52744,자동차부품,4200.0,1777.0,0.0240264624,38677937,066590,70566.0,85756.05,0.8228690570519515,212010821.7,26.027397260273965,-15.75091575091575,0.8971262085881987,-13.52015732546706,2.8845886019236997,206.868,-45.238095238095234,https://finance.naver.com/item/main.naver?code=066590
MDS테크,KOSDAQ,2085.0,88672276950,9.64,0.59,220.0,3618.0,0.41784,57637262850.0,4200330460.0,6597444240.0,,216.01575,소프트웨어,4554.081,1550.0,0.0077807512,42528670,086960,1056736.0,571723.15,1.8483351601207683,1241325487.1,4.249999999999998,77.14528462192014,15.796962218514327,6.0807075732448865,7.287525903045203,41.784,-54.216888105415784,https://finance.naver.com/item/main.naver?code=086960
상상인증권,KOSPI,4040.0,87536392960,-14.89,0.45,-275.0,9195.0,7.00305,58667594290.0,2179641990.0,2607396190.0,,8.00084,증권,8910.0,2935.0,0.0,21667424,001290,43674.0,2234231.7,0.019547659269179646,2773304495.6,337.2294372294372,236.66666666666666,0.0323601173504073,-2.990755845568244,3.7152401021010064,700.305,-54.657687991021334,https://finance.naver.com/item/main.naver?code=001290
비투엔,KOSDAQ,1178.0,87524557730,-5.48,2.3,-223.0,531.0,0.59188,2726381960.0,-881550300.0,-2064595340.0,,31.01234,IT서비스,1692.0,521.0,0.0052886915,74299285,307870,449088.0,1175403.2,0.3820714457813285,1432298742.0,17.799999999999994,11.132075471698123,0.6958514320873042,-41.99623352165725,-32.334071782077075,59.187999999999995,-30.378250591016553,https://finance.naver.com/item/main.naver?code=307870
인트론바이오,KOSDAQ,2900.0,89586098200,-10.21,1.31,-283.0,2210.0,0.09971,2034765640.0,-1636052820.0,-2258879680.0,,-34.55045,생명과학도구및서비스,7010.0,2250.0,0.0237346803,30891758,048530,34223.0,61454.55,0.5568830949050965,173316788.25,22.621564482029587,-38.166311300639656,1.1581892634475397,-12.805429864253393,-80.40497577893049,9.971,-58.63052781740371,https://finance.naver.com/item/main.naver?code=048530
로스웰,KOSDAQ,1960.0,90218223760,,,,,1.15542,234198078000.0,5825487000.0,7325102000.0,,-362.11639,통신장비,2145.0,857.0,0.5753972663,46029706,900260,29498.0,23197.15,1.2716217293934815,43246183.8,20.24539877300613,16.666666666666675,1.3626242878974355,,2.487418790857882,115.54199999999999,-8.62470862470862,https://finance.naver.com/item/main.naver?code=900260
LS티라유텍,KOSDAQ,4010.0,86199385060,-10.25,1.3,-398.0,3141.0,0.59787,16789687290.0,-2646097400.0,-6798073730.0,,31.01234,IT서비스,11660.0,3270.0,0.025659438,21496106,322180,42821.0,55992.75,0.7647597233570418,225889864.65,-2.195121951219514,-49.875,1.5055163391689104,-12.671123845908946,-15.76025422210231,59.787,-65.60891938250428,https://finance.naver.com/item/main.naver?code=322180
삼영엠텍,KOSDAQ,6760.0,87880000000,10.06,1.09,666.0,6172.0,1.29837,131393130950.0,3176195380.0,1459936440.0,,20.40427,조선,22800.0,5160.0,0.0550296154,13000000,054540,77330.0,64531.8,1.198323927118103,424572508.25,-2.7338129496402908,-43.85382059800664,1.3248506937664841,10.790667530784187,2.4173222428261196,129.837,-70.35087719298245,https://finance.naver.com/item/main.naver?code=054540
아이크래프트,KOSDAQ,5960.0,87063298560,7.08,1.56,842.0,3826.0,0.89287,40029794860.0,-291419290.0,-1694874240.0,,31.01234,IT서비스,8610.0,2250.0,0.0699693646,14607936,052460,154454.0,441314.55,0.3499861946541305,2382429566.5,154.70085470085468,79.51807228915662,0.534262919724718,22.007318348144274,-0.728005954112951,89.287,-30.77816492450639,https://finance.naver.com/item/main.naver?code=052460
KTcs,KOSPI,2100.0,86949345000,3.43,0.38,616.0,5605.0,0.88871,238407515950.0,9655374110.0,7601425530.0,,15.37804,상업서비스와공급품,3135.0,2040.0,0.0582606459,41404450,058850,118554.0,52226.8,2.269983992892538,113655010.3,-4.545454545454541,-19.38579654510557,2.269983992892538,10.990187332738627,4.049945351565583,88.871,-33.01435406698564,https://finance.naver.com/item/main.naver?code=058850
크레버스,KOSDAQ,8550.0,87536439000,11.99,1.51,702.0,5570.0,2.6762,55501418480.0,2394474400.0,2918957390.0,,10.54071,교육서비스,13070.0,7900.0,0.0263230379,10238180,096240,8499.0,7892.85,1.0767973545677416,67607592.5,-4.255319148936165,-25.0,1.3284174917805356,12.603231597845602,4.314258023626643,267.62,-34.58301453710788,https://finance.naver.com/item/main.naver?code=096240
삼원강재,KOSPI,2140.0,85043505840,8.14,0.34,269.0,6511.0,0.20096,93327024340.0,2599678370.0,4324189060.0,,9.52744,자동차부품,2530.0,2050.0,0.0073288456,39739956,023000,9527.0,22046.4,0.43213404456056315,48573574.35,0.9433962264151052,-8.936170212765958,0.6717650047173234,4.1314698203041,2.785557975714626,20.096,-15.41501976284585,https://finance.naver.com/item/main.naver?code=023000
동방,KOSPI,1789.0,85821489374,5.01,0.49,360.0,3677.0,2.89537,242037009930.0,5284654290.0,1368195450.0,,8.50712,항공화물운송과물류,3225.0,1617.0,0.0468132234,47971766,004140,61065.0,97045.45,0.6292412472712529,175485761.05,8.489993935718608,-33.98523985239852,1.4278876547019979,9.790590155017677,2.183407525786402,289.53700000000003,-44.52713178294574,https://finance.naver.com/item/main.naver?code=004140
로젠,KOSDAQ,1542.0,86593016142,3.81,0.2,400.0,7584.0,1.40182,190148236920.0,2880726320.0,-1811518190.0,,8.50712,항공화물운송과물류,2485.0,1390.0,0.0,56156301,033290,6125.0,16847.1,0.3635640555347805,25610698.65,8.362614195361907,-24.22604422604423,2.798048328792493,5.274261603375527,1.5149897609684342,140.18200000000002,-37.9476861167002,https://finance.naver.com/item/main.naver?code=033290
빅텍,KOSDAQ,2885.0,85095391655,18.73,1.36,154.0,2116.0,1.03558,22574277310.0,624364990.0,-567383410.0,,41.91298,우주항공과국방,7050.0,2500.0,0.0265401827,29495803,065450,213578.0,357334.15,0.5976982608575194,1010619545.75,-1.7035775127768327,-42.300000000000004,3.228420793254717,7.277882797731569,2.7658249317395316,103.55799999999999,-59.07801418439716,https://finance.naver.com/item/main.naver?code=065450
차AI헬스케어,KOSPI,4805.0,87470090265,26.57,1.16,181.0,4147.0,0.50221,2908602220.0,-1134111230.0,10401453950.0,,44.06295,화장품,19780.0,3795.0,0.0020073091,18203973,025620,6612.0,7638.05,0.8656659749543404,37204061.1,-15.701754385964916,-48.99150743099787,1.3604257631201682,4.364600916325054,-38.9916236122518,50.221000000000004,-75.70778564206269,https://finance.naver.com/item/main.naver?code=025620
오스테오닉,KOSDAQ,4140.0,85539028140,11.36,1.26,374.0,3363.0,0.57818,13183087920.0,2421580540.0,1818099070.0,,-31.45283,건강관리장비와용품,7960.0,3710.0,0.0605436626,20661601,226400,182901.0,64165.2,2.850470348413159,270955277.25,10.547396528704933,-37.55656108597285,3.005679090846752,11.12102289622361,18.368841615068284,57.818000000000005,-47.98994974874372,https://finance.naver.com/item/main.naver?code=226400
에스트래픽,KOSDAQ,3060.0,83255806800,17.69,0.84,180.0,3783.0,0.82576,18799815570.0,-2708230140.0,-2521649660.0,,31.01234,IT서비스,4170.0,2420.0,0.0203295528,27207780,234300,156500.0,193428.0,0.8090865851893211,579851361.2,12.08791208791209,-10.26392961876833,5.690225820460326,4.758128469468676,-14.405620788757556,82.57600000000001,-26.618705035971225,https://finance.naver.com/item/main.naver?code=234300
KTis,KOSPI,2465.0,85786930000,2.06,0.31,1188.0,7801.0,0.85489,155355530000.0,7127065030.0,5790447010.0,,15.37804,상업서비스와공급품,3210.0,2370.0,0.064487041,34802000,058860,26786.0,32573.8,0.8223173225107295,83108223.2,2.708333333333335,-11.964285714285715,2.4936605492757984,15.228816818356622,4.587583737765884,85.489,-23.208722741433018,https://finance.naver.com/item/main.naver?code=058860
드림씨아이에스,KOSDAQ,3480.0,85609545120,12.14,1.13,299.0,3211.0,0.89448,20011130040.0,2267023110.0,-4447331570.0,,45.13103,제약,8640.0,2360.0,0.4967772126,24600444,223250,1141052.0,394540.6,2.892102865966139,1505862886.85,12.25806451612903,-32.42718446601942,16.626805961160905,9.31174089068826,11.328811043996394,89.44800000000001,-59.72222222222222,https://finance.naver.com/item/main.naver?code=223250
창해에탄올,KOSDAQ,9280.0,85291412800,5.31,0.49,1749.0,18768.0,0.32873,31100200620.0,4426211000.0,3463682300.0,,16.57596,음료,13460.0,8770.0,0.0206980068,9190885,004650,8102.0,10705.0,0.7568425969173284,100130641.75,3.6871508379888285,-3.83419689119171,1.134049509574965,9.319053708439897,14.232097902138872,32.873000000000005,-31.054977711738484,https://finance.naver.com/item/main.naver?code=004650
셀리드,KOSDAQ,2885.0,85116088645,-4.68,0.88,-474.0,2515.0,0.80406,2065576350.0,-2502457760.0,-19023860570.0,,-65.60732,생물공학,4760.0,973.0,0.0048473752,29502977,299660,1991472.0,2374990.8,0.8385177744688528,5914701872.8,3.590664272890476,7.448789571694592,0.8385177744688528,-18.846918489065605,-121.1505815313968,80.406,-39.39075630252101,https://finance.naver.com/item/main.naver?code=299660
KX하이텍,KOSDAQ,1123.0,86098265070,13.36,0.51,80.0,2108.0,0.39625,40447310190.0,7272672270.0,4309266240.0,,33.4343,반도체와반도체장비,2430.0,795.0,0.0609575379,76668090,052900,1629602.0,538816.2,3.02441166394032,532607086.35,-3.6051502145922787,-7.190082644628104,3.02441166394032,3.795066413662239,17.98060794608305,39.625,-53.78600823045267,https://finance.naver.com/item/main.naver?code=052900
중앙백신,KOSDAQ,9150.0,84699546150,13.92,0.8,656.0,11383.0,0.16097,11901478580.0,1143505640.0,1288899450.0,,45.13103,제약,10350.0,8560.0,0.0238165946,9256781,072020,10281.0,6723.95,1.5290119646933722,62037910.75,0.0,-0.8667388949079036,1.800132362673726,5.762979882280594,9.608097282312631,16.097,-11.594202898550721,https://finance.naver.com/item/main.naver?code=072020
동일산업,KOSPI,35100.0,85125046500,-5.79,0.18,-6009.0,189781.0,0.14376,103121421800.0,8049509870.0,10999171280.0,,42.88131,철강,42150.0,32000.0,0.0391808561,2425215,004890,316.0,1097.8,0.2878484241209692,39370042.5,5.2473763118440875,-10.91370558375635,1.064856986700674,-3.1662811345709003,7.805856173716953,14.376,-16.725978647686834,https://finance.naver.com/item/main.naver?code=004890
디앤씨미디어,KOSDAQ,6890.0,84371915290,10.79,0.9,642.0,7665.0,0.17159,15935034930.0,2249569130.0,2164972820.0,,2.31491,출판,15490.0,5780.0,0.0172239557,12245561,263720,13073.0,8035.35,1.6269359766531637,56918348.75,2.529761904761907,-42.34309623430962,1.956355354776083,8.37573385518591,14.11712707177605,17.159,-55.51969012265978,https://finance.naver.com/item/main.naver?code=263720
동국S&C,KOSDAQ,1456.0,83200208000,-47.6,0.43,-30.0,3331.0,0.34113,5034036760.0,-3059603740.0,-12811090630.0,,-39.76501,에너지장비및서비스,2795.0,1229.0,0.0231317922,57143000,100130,3253970.0,916516.15,3.5503684250408463,1373432651.35,2.5352112676056304,-32.90322580645161,7.535432954454758,-0.9006304413089163,-60.77833527779006,34.113,-47.906976744186046,https://finance.naver.com/item/main.naver?code=100130
셀루메드,KOSDAQ,1009.0,83975227728,-24.61,6.59,-41.0,153.0,1.82949,30813927150.0,1564142100.0,2630369000.0,,38.14669,건설,2975.0,650.0,0.0170585361,83226192,049180,,,,,,,,-26.797385620915033,5.076088135036692,182.949,-66.08403361344537,https://finance.naver.com/item/main.naver?code=049180
화천기공,KOSPI,38200.0,84040000000,7.5,0.25,5173.0,154300.0,0.28907,74917929030.0,6483608760.0,9314433440.0,,183.01813,기계,44850.0,29450.0,0.1018813636,2200000,000850,5612.0,11698.6,0.479715521515395,426115108.75,-0.7792207792207795,3.8043478260869623,1.441198092079394,3.3525599481529484,8.65428188411844,28.907,-14.82720178372352,https://finance.naver.com/item/main.naver?code=000850
동신건설,KOSDAQ,10000.0,84000000000,552.78,0.86,18.0,11585.0,0.10986,9753076410.0,-573146780.0,234016920.0,,38.14669,건설,30200.0,8170.0,0.0083764286,8400000,025950,10443.0,19662.25,0.531119276786736,201206330.25,1.2145748987854255,-33.333333333333336,0.7726480946992333,0.15537332757876565,-5.8765742818578,10.986,-66.88741721854305,https://finance.naver.com/item/main.naver?code=025950
머큐리,KOSDAQ,4910.0,84155165950,-33.72,0.56,-148.0,8897.0,0.38816,30144492630.0,1327221240.0,-5937312540.0,,-362.11639,통신장비,12750.0,2480.0,0.0103153263,17139545,100590,489557.0,1570796.65,0.31166160177385155,7573763274.65,33.969986357435204,4.4680851063829685,2.7385212465279962,-1.6634820726087445,4.402864749759101,38.816,-61.49019607843138,https://finance.naver.com/item/main.naver?code=100590
엔지켐생명과학,KOSDAQ,990.0,83793832650,-4.23,0.54,-234.0,1837.0,0.13086,23543043250.0,-4068322970.0,-2762954100.0,,45.13103,제약,1766.0,966.0,0.0282302028,84640235,183490,,,,,,,,-12.738160043549266,-17.280361450298063,13.086,-43.94110985277463,https://finance.naver.com/item/main.naver?code=183490
대원미디어,KOSDAQ,6700.0,84278938200,14.56,0.78,454.0,8448.0,0.94729,124485053380.0,6994467330.0,3723756320.0,,862.44938,방송과엔터테인먼트,9640.0,3800.0,0.0302956225,12578946,048910,34743.0,42972.75,0.808489100650994,270872347.0,59.90453460620524,-20.897284533648175,1.1984804323670233,5.37405303030303,5.618720593426475,94.729,-30.49792531120332,https://finance.naver.com/item/main.naver?code=048910
스톤브릿지벤처스,KOSDAQ,4635.0,84439642050,7.24,0.86,637.0,5362.0,0.20075,15995221330.0,1726190000.0,583869040.0,,14.65734,창업투자,7270.0,4000.0,0.0215053604,18217830,330730,16513.0,32986.6,0.5005972122013181,156670668.2,7.790697674418601,-18.96853146853147,0.5005972122013181,11.879895561357703,10.79191068623994,20.075000000000003,-36.244841815680886,https://finance.naver.com/item/main.naver?code=330730
광무,KOSDAQ,1420.0,84801167440,-2.73,0.4,-516.0,3491.0,0.15516,951639250.0,-890669240.0,13443361440.0,,31.01234,IT서비스,3130.0,1171.0,0.0093613048,59719132,029480,99968.0,85267.5,1.1724044917465624,125996185.95,-3.532608695652173,-37.16814159292036,1.1724044917465624,-14.7808650816385,-93.59315938261268,15.516,-54.632587859424916,https://finance.naver.com/item/main.naver?code=029480
아이진,KOSDAQ,1931.0,83476712904,-3.5,1.49,-562.0,1322.0,0.30104,1339438540.0,-3948183230.0,-3840839260.0,,-65.60732,생물공학,2805.0,1182.0,0.0168157444,43229784,185490,65480.0,111317.1,0.5882294813644984,221621235.55,50.85937499999999,31.449965963240302,1.0805168298491425,-42.511346444780635,-294.76404568738184,30.104,-31.15864527629234,https://finance.naver.com/item/main.naver?code=185490
기가레인,KOSDAQ,9990.0,84798456660,-8.05,2.07,-1250.0,4870.0,1.52791,13683829040.0,-2375667500.0,-1606950630.0,,-362.11639,통신장비,31250.0,3580.0,0.0,8488334,049080,323009.0,880966.5,0.3666529885075085,8459459255.25,906.0422960725075,1858.8235294117649,3.073869437714147,-25.667351129363446,-17.361131106326656,152.791,-68.03200000000001,https://finance.naver.com/item/main.naver?code=049080
SCL사이언스,KOSDAQ,2445.0,83171679915,-20.21,3.37,-120.0,719.0,2.44584,7590079040.0,405628350.0,-129799940.0,,-10.44112,건강관리업체및서비스,3250.0,1389.0,0.0068588258,34017047,246960,127444.0,102191.05,1.247115084931606,230004637.1,57.13367609254498,19.852941176470583,1.8997651947014929,-16.689847009735743,5.3441913827553496,244.584,-24.769230769230766,https://finance.naver.com/item/main.naver?code=246960
조흥,KOSPI,138000.0,82800000000,10.24,0.55,13470.0,252447.0,2.38765,126187444570.0,5626706310.0,1160225530.0,,32.42418,식품,164400.0,132300.0,0.000365,600000,002600,12.0,29.35,0.4088586030664395,4053695.0,0.5098324836125379,-7.506702412868638,1.4310051107325383,5.335773449476524,4.459006463894825,238.765,-16.058394160583944,https://finance.naver.com/item/main.naver?code=002600
아주스틸,KOSPI,2130.0,82549031820,-1.95,0.56,-1092.0,3813.0,7.09948,294487892270.0,1057025560.0,-8769055060.0,,42.88131,철강,4545.0,1955.0,0.1468796334,38755414,139990,12581.0,22530.9,0.5583887017385013,49845648.8,7.575757575757569,-28.643216080402013,1.016781397991203,-28.638867033831627,0.3589368485923593,709.948,-53.135313531353134,https://finance.naver.com/item/main.naver?code=139990
아모센스,KOSDAQ,7050.0,83117822100,159.55,1.83,44.0,3833.0,1.9995,27178504650.0,-1418750300.0,-1602052060.0,,104.30752,핸드셋,29900.0,4090.0,0.03962633,11789762,357580,244671.0,291509.5,0.839324275881232,1890012854.25,9.472049689440997,-71.6297786720322,7.512280045761802,1.147925906600574,-5.220119054636805,199.95000000000002,-76.42140468227426,https://finance.naver.com/item/main.naver?code=357580
싸이닉솔루션,KOSDAQ,3430.0,80965150000,43.67,2.23,79.0,1548.0,1.20884,49996308220.0,753029910.0,1045787600.0,,33.4343,반도체와반도체장비,12700.0,1959.0,0.0423802161,23605000,234030,519923.0,104547.75,4.9730673304781785,343501542.7,3.003003003003002,-54.14438502673797,10.368649731821106,5.103359173126615,1.506171029041632,120.88399999999999,-72.99212598425197,https://finance.naver.com/item/main.naver?code=234030
블랙야크아이앤씨,KOSDAQ,3195.0,82527802110,-13.82,2.13,-229.0,1484.0,1.46604,24875955800.0,5868202970.0,4958059500.0,,8.86094,"섬유,의류,신발,호화품",4150.0,2010.0,0.0185451209,25830298,478560,59531.0,260671.4,0.22837564842172944,859178848.5,17.03296703296704,-7.525325615050649,0.24491754753302433,-15.431266846361186,23.589859288944385,146.604,-23.012048192771083,https://finance.naver.com/item/main.naver?code=478560
아이로보틱스,KOSDAQ,2130.0,83396903880,49.77,1.9,43.0,1126.0,0.27446,12086117180.0,-828650420.0,-1045247550.0,,-30.98927,화학,5080.0,1002.0,0.0360438751,39153476,066430,472085.0,717010.95,0.6584069601726446,1545388527.95,-13.765182186234814,-0.9302325581395321,1.5053256857513824,3.818827708703375,-6.856216993917975,27.445999999999998,-58.07086614173229,https://finance.naver.com/item/main.naver?code=066430
에이치엔에스하이텍,KOSDAQ,10880.0,83617424000,8.69,0.74,1216.0,14317.0,0.16071,22825812730.0,1967339640.0,1532525250.0,,255.50195,전자장비와기기,24200.0,8500.0,0.0257659141,7685425,044990,21221.0,9826.5,2.159568513712919,106359255.75,-6.125970664365832,-29.258777633289988,2.159568513712919,8.493399455193128,8.618924825464473,16.070999999999998,-55.04132231404959,https://finance.naver.com/item/main.naver?code=044990
주성코퍼레이션,KOSPI,1550.0,81855856500,39.74,2.83,39.0,548.0,0.51043,24250955710.0,-267142090.0,524011740.0,,10.19046,해운사,2850.0,702.0,0.006870487,52810230,109070,287907.0,290371.85,0.9915114016734061,470450808.65,-6.62650602409639,74.15730337078652,1.010690258026045,7.116788321167883,-1.1015734521746814,51.043000000000006,-45.614035087719294,https://finance.naver.com/item/main.naver?code=109070
로보로보,KOSDAQ,4045.0,82309496430,-60.9,2.78,-67.0,1469.0,0.08501,2218118040.0,-1207454900.0,-1318931080.0,,10.54071,교육서비스,15300.0,3135.0,0.0219826528,20348454,215100,47962.0,69911.65,0.6860373056564965,288971164.1,4.928664072632949,-46.776315789473685,0.6860373056564965,-4.560925799863853,-54.43600738218603,8.501,-73.56209150326798,https://finance.naver.com/item/main.naver?code=215100
사조오양,KOSPI,8820.0,83108531520,8.05,0.34,1123.0,26231.0,0.76506,92117106930.0,475656990.0,2150486800.0,,32.42418,식품,10530.0,7550.0,0.0398129588,9422736,006090,2037.0,8991.0,0.2265598932265599,80904710.25,15.143603133159278,7.299270072992692,2.9004560115671225,4.281194007090846,0.5163611905022732,76.506,-16.23931623931624,https://finance.naver.com/item/main.naver?code=006090
대봉엘에스,KOSDAQ,7370.0,81708087230,8.05,0.57,919.0,12898.0,0.57489,33650372440.0,3670051140.0,1808261560.0,,45.13103,제약,13890.0,6780.0,0.0498839182,11086579,078140,15488.0,11171.15,1.3864284339571127,86814843.5,4.243281471004234,-28.30739299610895,1.3864284339571127,7.12513567995038,10.906420565014109,57.489000000000004,-46.94024478041756,https://finance.naver.com/item/main.naver?code=078140
선진뷰티사이언스,KOSDAQ,6680.0,81517910400,13.63,0.96,496.0,7045.0,0.98075,23572034610.0,1676131380.0,2310684060.0,,44.06295,화장품,11880.0,6000.0,0.014776683,12203280,086710,4169.0,11071.05,0.3765677148960578,82351889.5,6.369426751592355,-29.610115911485778,0.5601998003802711,7.0404542228530875,7.1106775793080335,98.075,-43.77104377104377,https://finance.naver.com/item/main.naver?code=086710
HRS,KOSDAQ,5030.0,82264644000,5.93,0.62,846.0,8112.0,0.13408,24722696830.0,4381926350.0,6915694980.0,,-30.98927,화학,5640.0,4275.0,0.0311249908,16354800,036640,25363.0,22318.2,1.1364267727684132,110234996.6,15.366972477064223,-0.7889546351084853,1.602817431513294,10.428994082840237,17.72430564566366,13.408000000000001,-10.815602836879435,https://finance.naver.com/item/main.naver?code=036640
가온그룹,KOSDAQ,4495.0,82820118785,11.37,0.63,395.0,7147.0,2.80329,127024697630.0,7899385850.0,3565054000.0,,39.29421,전자제품,10920.0,3200.0,0.0752862031,18424943,078890,61201.0,54106.55,1.1311199845490056,232153025.85,0.8978675645342271,-31.582952815829522,2.6681242843980995,5.526794459213656,6.218779495157299,280.329,-58.836996336996336,https://finance.naver.com/item/main.naver?code=078890
에코플라스틱,KOSDAQ,1991.0,81968215670,39.92,0.23,50.0,8738.0,3.81505,633464444000.0,25880097000.0,18041575000.0,,9.52744,자동차부품,5180.0,1641.0,0.0168859762,41169370,038110,111367.0,143448.35,0.7763560891428866,291609419.5,5.567338282078471,-32.04778156996587,0.8251192850946002,0.5722133211261158,4.085485340989399,381.505,-61.56370656370657,https://finance.naver.com/item/main.naver?code=038110
쎄니트,KOSDAQ,2405.0,81368175005,-14.84,0.86,-159.0,2744.0,1.36474,36524731470.0,725961620.0,-258217770.0,,42.88131,철강,2555.0,1601.0,0.0031140971,33832921,037760,77904.0,22426.8,3.4737011076034032,52483912.25,2.123142250530785,25.850340136054427,3.4737011076034032,-5.794460641399417,1.9875892054025825,136.47400000000002,-5.870841487279844,https://finance.naver.com/item/main.naver?code=037760
모베이스,KOSDAQ,3555.0,82287688095,6.73,0.22,525.0,16124.0,1.24933,332794351550.0,8352598880.0,6998894050.0,,9.52744,자동차부품,9140.0,2840.0,0.0320537033,23147029,101330,36329.0,47541.0,0.764161460633979,166148296.75,14.492753623188403,-27.81725888324873,1.5577711869754527,3.2560158769536094,2.509837934777893,124.933,-61.10503282275711,https://finance.naver.com/item/main.naver?code=101330
디케이락,KOSDAQ,8000.0,81348104000,11.7,0.59,682.0,13415.0,0.70928,39520297780.0,3806757080.0,3487598890.0,,183.01813,기계,11680.0,6170.0,0.0775506704,10168513,105740,30976.0,76449.1,0.4051846261107063,604810838.5,21.580547112462,-16.405433646812963,0.6677776455183906,5.08386134923593,9.63240991044982,70.928,-31.506849315068497,https://finance.naver.com/item/main.naver?code=105740
서남,KOSDAQ,3080.0,81617471320,-19.15,8.56,-165.0,369.0,0.79467,1197639390.0,-1606422440.0,-1602809200.0,,56.61715,전기장비,7150.0,2295.0,0.0039748024,26499179,294630,121390.0,321857.65,0.377154310298357,1011928623.65,24.949290060851936,-23.19201995012469,1.1588073174585098,-44.71544715447154,-134.1323985678193,79.467,-56.92307692307692,https://finance.naver.com/item/main.naver?code=294630
CMG제약,KOSDAQ,549.0,81319832244,-8.24,0.42,-70.0,1363.0,0.56664,28258871010.0,-2950628480.0,2131949380.0,,45.13103,제약,2205.0,526.0,0.0654546263,148123556,058820,855683.0,1044922.95,0.8188957855696442,625964289.1,-36.89655172413793,-67.74383078730905,0.8188957855696442,-5.135730007336757,-10.441423788501167,56.664,-75.10204081632654,https://finance.naver.com/item/main.naver?code=058820
블루콤,KOSDAQ,4750.0,81225000000,4.75,0.43,998.0,11033.0,0.15857,1942281500.0,158708700.0,572954250.0,,32.34138,부동산,5490.0,2685.0,0.0153336257,17100000,033560,3145.0,14961.0,0.21021322104137424,68617680.25,20.405576679340932,50.07898894154819,2.264420827484794,9.045590501223602,8.171251180634732,15.857,-13.479052823315119,https://finance.naver.com/item/main.naver?code=033560
THE E&M,KOSDAQ,2130.0,83967484020,-2.65,2.97,-809.0,722.0,1.155,7325592240.0,-4072556460.0,954631420.0,,18.54451,양방향미디어와서비스,4500.0,860.0,0.0050408466,39421354,089230,242691.0,240735.5,1.008123022985808,498332781.75,23.121387283237006,-25.78397212543554,1.4969707417476856,-112.04986149584488,-55.593545567040735,115.5,-52.666666666666664,https://finance.naver.com/item/main.naver?code=089230
선도전기,KOSPI,4510.0,81180000000,15.13,2.24,312.0,2105.0,1.29444,3013066930.0,-1026263200.0,-1334617300.0,,56.61715,전기장비,16590.0,3000.0,0.0357039444,18000000,007610,1234423.0,761398.0,1.6212585270778226,3568801908.9,27.042253521126767,-30.61538461538461,10.851303785930616,14.821852731591449,-34.06041829943685,129.44400000000002,-72.81494876431584,https://finance.naver.com/item/main.naver?code=007610
TP,KOSPI,1715.0,80428955250,2.08,0.28,819.0,6164.0,1.8896,274359189460.0,14010128720.0,4108943070.0,,8.86094,"섬유,의류,신발,호화품",2235.0,1520.0,0.0699992004,46897350,007980,141177.0,102468.35,1.37776201139181,176701189.75,5.085784313725483,-9.307244843997886,1.37776201139181,13.286826735885787,5.106491511210196,188.96,-23.266219239373598,https://finance.naver.com/item/main.naver?code=007980
HLB글로벌,KOSPI,1595.0,80808290475,-10.59,1.09,-150.0,1457.0,0.58548,31163761420.0,-874926340.0,-1637026760.0,,-17.12923,판매업체,3230.0,1000.0,0.018324354,50663505,003580,31575.0,106406.1,0.29674050641833505,171250563.5,10.000000000000009,-20.64676616915423,3.2822084448166033,-10.29512697323267,-2.807511995129374,58.548,-50.619195046439636,https://finance.naver.com/item/main.naver?code=003580
이엠텍,KOSDAQ,4775.0,81809769400,-6.86,0.4,-715.0,12360.0,0.82477,40430175940.0,-7317923270.0,-5657396610.0,,104.30752,핸드셋,10540.0,3400.0,0.0574410597,17132936,091120,33623.0,30160.45,1.1148043215535577,144789086.6,34.31786216596344,-28.41079460269865,1.5127758372305453,-5.784789644012945,-18.100151928253023,82.477,-54.69639468690701,https://finance.naver.com/item/main.naver?code=091120
엠엑스로보틱스,KOSDAQ,3455.0,80582412645,-8.42,1.3,-415.0,2686.0,1.29536,28732580760.0,-1474402480.0,-847738810.0,,183.01813,기계,7580.0,2475.0,0.027610103,23323419,007820,95279.0,224001.85,0.4253491656430516,871993456.5,31.87022900763359,-36.254612546125465,0.43249196379404903,-15.45048399106478,-5.131465538426629,129.536,-54.41952506596306,https://finance.naver.com/item/main.naver?code=007820
조이시티,KOSDAQ,1142.0,79829735332,-8.69,0.93,-132.0,1240.0,1.46328,38635295040.0,583126850.0,-1011167290.0,,17.25132,게임엔터테인먼트,3335.0,911.0,0.0271381757,69903446,067000,246930.0,170368.75,1.4493855240471036,191556482.55,13.63184079601989,-54.50199203187252,1.9057602993506733,-10.64516129032258,1.5093112383282579,146.328,-65.75712143928037,https://finance.naver.com/item/main.naver?code=067000
제이씨케미칼,KOSDAQ,3575.0,79607435050,-19.7,0.54,-183.0,6691.0,1.79457,142806357960.0,11454819130.0,8754915130.0,,-39.76501,에너지장비및서비스,6480.0,2400.0,0.0467368732,22267814,137950,95390.0,78712.1,1.2118848309218022,301062619.1,42.71457085828343,-6.2909567496723495,1.2118848309218022,-2.7350171872664775,8.02122489056719,179.457,-44.830246913580254,https://finance.naver.com/item/main.naver?code=137950
인지컨트롤스,KOSPI,5090.0,80468812730,4.85,0.35,1043.0,14627.0,1.71649,183652612690.0,9285839570.0,16847963690.0,,9.52744,자동차부품,8460.0,4770.0,0.0301707291,15809197,023800,13356.0,24181.35,0.552326483012735,127284061.0,5.2740434332988695,-24.81536189069424,0.552326483012735,7.13064880016408,5.056197912999045,171.649,-39.83451536643025,https://finance.naver.com/item/main.naver?code=023800
서플러스글로벌,KOSDAQ,2095.0,77489860000,-5.14,0.42,-421.0,5163.0,1.4718,38775951640.0,-359145460.0,-1702667630.0,,33.4343,반도체와반도체장비,2730.0,1213.0,0.0157321293,36988000,140070,53127.0,77388.0,0.686501783222205,153294630.65,36.74934725848564,6.887755102040827,2.263710135938388,-8.154173929885726,-0.926206694639874,147.18,-23.260073260073256,https://finance.naver.com/item/main.naver?code=140070
에스와이스틸텍,KOSDAQ,1594.0,79972574000,-28.56,0.81,-54.0,1912.0,0.68765,37647005660.0,-2651224790.0,-3158607520.0,,7.31423,건축자재,4635.0,1110.0,0.0474668833,50171000,365330,348512.0,442776.25,0.7871063545074968,699561978.05,-3.2179720704310855,-53.04860088365243,0.7871063545074968,-2.8242677824267783,-7.042325793301883,68.765,-65.60949298813377,https://finance.naver.com/item/main.naver?code=365330
제닉스로보틱스,KOSDAQ,6110.0,80150491200,-10.96,1.65,-561.0,3730.0,0.66947,4476681840.0,-2530427990.0,-565679950.0,,183.01813,기계,19940.0,4560.0,0.0183409412,13117920,381620,36739.0,46795.9,0.7850901467863637,282108886.75,8.14159292035399,-40.79457364341085,1.2144653698294081,-15.040214477211796,-56.524633209135985,66.947,-69.358074222668,https://finance.naver.com/item/main.naver?code=381620
동인기연,KOSPI,13110.0,80338080000,6.61,0.51,1967.0,25695.0,0.92566,71294801030.0,9027580630.0,8447005070.0,,8.86094,"섬유,의류,신발,호화품",17450.0,10850.0,0.0185966057,6128000,111380,1444.0,4180.1,0.3454462811894452,54869536.75,18.857660924750675,-8.321678321678316,0.7224707542881749,7.655185833819809,12.662326704862114,92.566,-24.87106017191977,https://finance.naver.com/item/main.naver?code=111380
한신기계,KOSPI,2460.0,79817531460,-175.71,0.91,-14.0,2703.0,0.37041,14349599290.0,1118382300.0,2147015550.0,,183.01813,기계,5910.0,1767.0,0.0625905674,32446151,011700,204331.0,300197.7,0.6806547818321059,781891696.05,6.034482758620685,-50.50301810865191,0.6806547818321059,-0.5179430262671105,7.79382251307451,37.041000000000004,-58.37563451776649,https://finance.naver.com/item/main.naver?code=011700
페스카로,KOSDAQ,7970.0,78637838100,26.85,1.3,305.0,6312.0,0.504,10512889620.0,531201560.0,1378930580.0,,9.52744,자동차부품,47000.0,4450.0,0.0206587187,9866730,0015S0,466382.0,213495.5,2.184505059825617,1866550103.0,11.781206171108005,-54.535082715345126,3.2414828415587214,4.832065906210393,5.05285967227724,50.4,-83.04255319148936,https://finance.naver.com/item/main.naver?code=0015S0
한성크린텍,KOSDAQ,1469.0,78989897207,746.0,1.29,2.0,1161.0,1.76146,50483710910.0,1501748810.0,-664350490.0,,38.14669,건설,2745.0,1074.0,0.0132243833,53771203,066980,212318.0,258582.3,0.8210848151632962,403115400.45,-8.130081300813007,1.1707988980716344,0.8210848151632962,0.17226528854435832,2.974719534142899,176.14600000000002,-46.48451730418943,https://finance.naver.com/item/main.naver?code=066980
레이저쎌,KOSDAQ,5430.0,79294523490,-2.8,3.51,-1837.0,1467.0,1.01687,2061285500.0,-1050574200.0,-3623551490.0,,33.4343,반도체와반도체장비,14640.0,1573.0,0.0435617426,14603043,412350,343384.0,267271.7,1.2847750061080165,1353771357.4,32.762836185819076,-15.552099533437014,4.819997777542478,-125.22154055896387,-50.966942716086635,101.687,-62.909836065573764,https://finance.naver.com/item/main.naver?code=412350
KT밀리의서재,KOSDAQ,9460.0,81032363940,5.12,0.93,1847.0,10150.0,0.29167,23845799800.0,3392419860.0,2717703690.0,,2.31491,출판,16050.0,9090.0,0.0727903758,8565789,418470,28076.0,18902.1,1.4853376079906466,180811911.0,2.6030368763557465,-27.174749807544263,1.607175922252025,18.19704433497537,14.226488054302964,29.166999999999998,-41.059190031152646,https://finance.naver.com/item/main.naver?code=418470
제일엠앤에스,KOSDAQ,3935.0,81063616775,-5.16,-7.08,-762.0,-556.0,-3.57903,111617300830.0,3753011000.0,4137501040.0,,-77.6154,전기제품,3935.0,3935.0,0.0076687816,20600665,412540,,,,,,,,137.0503597122302,3.362391826439224,-357.903,0.0,https://finance.naver.com/item/main.naver?code=412540
TJ미디어,KOSDAQ,3830.0,80037091790,19.79,0.94,191.0,4010.0,0.66855,19623004700.0,768480590.0,378826180.0,,39.29421,전자제품,4481.815,2995.0,0.0060758717,20897413,032540,4359.0,12028.25,0.36239685739820837,43042212.45,18.759689922480625,-37.21311475409836,0.5253465799264232,4.763092269326683,3.9162228300337714,66.855,-14.543549878787942,https://finance.naver.com/item/main.naver?code=032540
초록뱀미디어,KOSDAQ,3240.0,79230733200,28.22,0.29,115.0,11069.0,0.28179,25172521870.0,-506542460.0,-5782589400.0,,862.44938,방송과엔터테인먼트,7300.0,2765.0,0.0,24453930,047820,17785.0,10293.75,1.7277474195506983,33077403.6,-5.950653120464445,-22.857142857142854,2.299842137219186,1.0389375734031983,-2.0122833247140206,28.179,-55.61643835616439,https://finance.naver.com/item/main.naver?code=047820
한국가구,KOSDAQ,5290.0,79350000000,5.11,0.4,1029.0,13102.0,0.28025,37041050870.0,3669150210.0,2806124060.0,,7.62155,식품과기본식료품소매,8590.0,4375.0,0.0450138,15000000,004590,20299.0,29837.1,0.6803275117219837,152701795.1,4.545454545454541,11.368421052631582,0.976938107255732,7.85376278430774,9.905632059083102,28.025,-38.41676367869616,https://finance.naver.com/item/main.naver?code=004590
리메드,KOSDAQ,2625.0,79471909125,155.88,2.04,17.0,1296.0,0.4471,7369232950.0,945356110.0,272134340.0,,-31.45283,건강관리장비와용품,4070.0,2300.0,0.0,30275013,302550,25312.0,17554.75,1.4418889474358791,47082234.0,3.754940711462451,-17.452830188679247,1.4418889474358791,1.3117283950617282,12.828419408291333,44.71,-35.5036855036855,https://finance.naver.com/item/main.naver?code=302550
누리플렉스,KOSDAQ,6700.0,79618451700,-11.82,1.09,-578.0,6261.0,1.10051,25251323970.0,-88624730.0,4907473460.0,,31.01234,IT서비스,19350.0,2855.0,0.2830040954,11883351,040160,22137.0,18753.65,1.1804102134784429,127080491.0,-9.581646423751689,-32.86573146292585,3.490147251335073,-9.231752116275356,-0.3509706267492793,110.05100000000002,-65.37467700258398,https://finance.naver.com/item/main.naver?code=040160
한일철강,KOSPI,2950.0,78757507000,-126.52,0.43,-23.0,6789.0,1.22891,61757186190.0,2856034840.0,1709279860.0,,42.88131,철강,6470.0,2330.0,0.0199840359,26697460,002220,103865.0,108571.25,0.9566528892317258,325423242.1,-31.870669745958423,-25.9723964868256,1.5484762310464326,-0.33878332596847843,4.624619443012224,122.89099999999999,-54.404945904173104,https://finance.naver.com/item/main.naver?code=002220
한국파마,KOSDAQ,7500.0,81800257500,-29.79,1.14,-242.0,6307.0,0.77279,25905813720.0,2164976320.0,1323286350.0,,45.13103,제약,14950.0,6350.0,0.017252788,10906701,032300,4284.0,8117.75,0.5277324381756029,62652043.5,3.4482758620689724,-39.27125506072875,1.1112685165224354,-3.8370065007134926,8.357106028013236,77.279,-49.83277591973244,https://finance.naver.com/item/main.naver?code=032300
APS이노베이션,KOSDAQ,3615.0,77824059810,906.25,0.46,4.0,7818.0,0.32971,15848951550.0,534941890.0,2195103960.0,,-77.6154,전기제품,8440.0,2270.0,0.0192180042,21528094,079810,43033.0,93504.4,0.46022433168920396,354740530.55,26.61996497373029,-16.512702078521933,0.6046025641574087,0.051163980557687394,3.3752509641560486,32.971000000000004,-57.16824644549763,https://finance.naver.com/item/main.naver?code=079810
중앙에너비스,KOSDAQ,12450.0,77527768500,-50.28,1.08,-252.0,11730.0,0.07911,14951404380.0,-966820860.0,-837016320.0,,-138.54638,석유와가스,38000.0,11170.0,0.0308495246,6227130,000440,13438.0,113040.3,0.11887795768411796,1542481647.5,-4.743687834736033,-61.63328197226503,0.35576692560086975,-2.1483375959079285,-6.466421718171735,7.911,-67.23684210526315,https://finance.naver.com/item/main.naver?code=000440
포바이포,KOSDAQ,5500.0,78483542500,-5.87,1.94,-926.0,2799.0,0.9195,11130390210.0,-602620920.0,-564860060.0,,862.44938,방송과엔터테인먼트,14710.0,3980.0,0.0219399309,14269735,389140,71074.0,35464.4,2.0040942466247844,184242685.25,14.822546972860117,-40.73275862068966,2.0040942466247844,-33.0832440157199,-5.414194009645597,91.95,-62.61046906866077,https://finance.naver.com/item/main.naver?code=389140
피스피스스튜디오,KOSDAQ,5520.0,78212388720,4.85,0.59,1139.0,9418.0,0.249,19039903490.0,205500280.0,88740980.0,,8.86094,"섬유,의류,신발,호화품",42000.0,4455.0,0.0244356112,14168911,0117P0,50227.0,362444.15,0.13857859203962872,2030035904.55,1.845018450184499,-59.796067006554985,0.17798052472360223,12.093862815884476,1.0793136641051324,24.9,-86.85714285714286,https://finance.naver.com/item/main.naver?code=0117P0
테라젠이텍스,KOSDAQ,2130.0,79134560880,7.2,0.56,296.0,3789.0,0.675,69256482440.0,2646694300.0,-7181381750.0,,45.13103,제약,3470.0,1845.0,0.0221993339,37152376,066700,42383.0,49110.0,0.8630217878232539,103716207.7,10.362694300518127,-19.165085388994306,0.8630217878232539,7.81208762206387,3.8215834919033758,67.5,-38.61671469740634,https://finance.naver.com/item/main.naver?code=066700
양지사,KOSDAQ,4765.0,76144700000,-41.03,0.35,-116.0,13435.0,0.13921,7537875160.0,-7696856100.0,-5059907270.0,,15.37804,상업서비스와공급품,9820.0,4000.0,0.0084235294,15980000,030960,28295.0,47642.6,0.5939012564385655,223058827.15,-18.127147766323027,-34.0027700831025,0.5994635053502538,-0.8634164495720135,-102.10909489246569,13.921,-51.47657841140529,https://finance.naver.com/item/main.naver?code=030960
대한뉴팜,KOSDAQ,5380.0,77229469600,5.06,0.55,1087.0,9971.0,0.88796,55966274830.0,2150354890.0,11263588620.0,,45.13103,제약,7900.0,5030.0,0.0024649389,14354920,054670,11118.0,10393.95,1.0696607160896483,58525746.0,5.697445972495085,-22.70114942528736,3.1848334848637907,10.90161468257948,3.842233374530995,88.79599999999999,-31.898734177215193,https://finance.naver.com/item/main.naver?code=054670
하이로닉,KOSDAQ,4655.0,80061559130,21.79,1.08,215.0,4348.0,0.11652,10798088920.0,1098768970.0,772283200.0,,-31.45283,건강관리장비와용품,9510.0,3770.0,0.0115927942,17199046,149980,23893.0,18572.2,1.2864927149179957,90782316.8,-1.062699256110522,-36.23287671232877,1.2864927149179957,4.944802207911684,10.175587348284218,11.652,-51.0515247108307,https://finance.naver.com/item/main.naver?code=149980
케이옥션,KOSDAQ,3000.0,77664870000,-15.13,0.73,-197.0,4059.0,0.88007,4026211830.0,109223950.0,18336370.0,,-17.12923,판매업체,4470.0,2535.0,0.012847353,25888290,102370,70290.0,33161.1,2.119652243140306,104987590.5,8.108108108108114,-13.544668587896258,2.119652243140306,-4.853412170485341,2.712821744403846,88.007,-32.88590604026845,https://finance.naver.com/item/main.naver?code=102370
한솔로지스틱스,KOSPI,2755.0,77569297875,4.88,0.54,563.0,5100.0,1.02997,182813293830.0,6118166710.0,3936095370.0,,8.50712,항공화물운송과물류,3750.0,2470.0,0.0448851348,28155825,009180,12269.0,28002.05,0.4381464928460595,77664877.25,2.7985074626865725,-5.972696245733788,0.8642938641992283,11.03921568627451,3.3466749500664585,102.997,-26.53333333333333,https://finance.naver.com/item/main.naver?code=009180
엑세스바이오,KOSDAQ,2245.0,78965257330,,,,,0.14797,9535889000.0,-23636652000.0,-37956505000.0,,-34.55045,생명과학도구및서비스,5280.0,1945.0,0.0456578319,35173834,950130,77393.0,133885.8,0.5780523401286769,327814797.35,2.511415525114158,-27.22852512155591,1.636939839773897,,-247.8704607404721,14.796999999999999,-57.48106060606061,https://finance.naver.com/item/main.naver?code=950130
알서포트,KOSDAQ,1459.0,77716674097,43.68,0.8,34.0,1857.0,0.13777,14166058440.0,2580213270.0,2117310630.0,,216.01575,소프트웨어,3050.0,1278.0,0.1917634949,53267083,131370,51116.0,56459.55,0.9053561354987774,85397845.45,13.540856031128401,-33.68181818181818,1.7184692403676614,1.830910070005385,18.214052136862428,13.777000000000001,-52.16393442622951,https://finance.naver.com/item/main.naver?code=131370
키스트론,KOSDAQ,4320.0,77103835200,7.75,0.4,551.0,10628.0,0.14245,24847978640.0,3277432940.0,5813589960.0,,56.61715,전기장비,7820.0,3315.0,0.0274115298,17848110,475430,180196.0,110168.95,1.6356332705358452,463767041.7,-34.6444780635401,0.9345794392523255,1.9541440669081442,5.184418517124577,13.189937851620753,14.245,-44.75703324808185,https://finance.naver.com/item/main.naver?code=475430
DSR제강,KOSPI,5400.0,77760000000,3.15,0.41,1713.0,13053.0,0.41974,64084048030.0,7719792080.0,12011632540.0,,42.88131,철강,6150.0,3325.0,0.0960003472,14400000,069730,20766.0,20147.1,1.0307190613041084,109100288.0,7.14285714285714,10.316649642492347,1.4958976726178954,13.123419903470468,12.046355243329968,41.974000000000004,-12.195121951219512,https://finance.naver.com/item/main.naver?code=069730
녹십자엠에스,KOSDAQ,3210.0,76921329510,19.59,1.62,169.0,2040.0,0.72874,27112896310.0,742651780.0,-4027548010.0,,-31.45283,건강관리장비와용품,6660.0,2200.0,0.0096208197,23963031,142280,475603.0,1347119.7,0.3530517740925324,4485616647.45,12.434325744308229,-10.460251046025103,6.680689177064221,8.284313725490195,2.7391089889798645,72.87400000000001,-51.80180180180181,https://finance.naver.com/item/main.naver?code=142280
태웅로직스,KOSDAQ,1980.0,76667205780,-14.04,0.32,-141.0,6137.0,1.51943,355643914000.0,5902575520.0,2299783920.0,,10.19046,해운사,3270.0,1410.0,0.0311400502,38720811,124560,23148.0,28265.85,0.8189387547163804,56339325.35,11.549295774647895,-30.15873015873016,2.2537443593594393,-2.297539514420727,1.6596869193155939,151.943,-39.449541284403665,https://finance.naver.com/item/main.naver?code=124560
지니너스,KOSDAQ,1976.0,77839127496,-3.78,7.22,-521.0,273.0,0.33399,3606850290.0,-4594620820.0,-7745896470.0,,-65.60732,생물공학,6480.0,1610.0,0.0330071094,39392271,389030,87229.0,411162.25,0.2121522586278288,774839881.7,-4.309927360774823,-65.33333333333333,1.2618327679644714,-190.84249084249086,-127.38595867809086,33.399,-69.50617283950618,https://finance.naver.com/item/main.naver?code=389030
바이오에프디엔씨,KOSDAQ,8880.0,77217816000,11.65,1.11,782.0,8184.0,0.0469,5362219500.0,2102923480.0,1969840060.0,,-65.60732,생물공학,18490.0,6330.0,0.1098494658,8695700,251120,17735.0,9232.7,1.9208898805333217,80699097.5,13.265306122448983,-36.023054755043226,1.9208898805333217,9.555229716520039,39.21740764248834,4.6899999999999995,-51.974040021633314,https://finance.naver.com/item/main.naver?code=251120
SBI인베스트먼트,KOSDAQ,958.0,77179329092,8.19,0.52,116.0,1824.0,0.04017,5213371780.0,2618345490.0,2547293360.0,,14.65734,창업투자,1922.0,820.0,0.0578658504,80562974,019550,168796.0,174272.1,0.9685772995218397,177149131.75,3.010752688172036,41.925925925925924,1.4537955300934573,6.359649122807018,50.22364796703604,4.0169999999999995,-50.15608740894901,https://finance.naver.com/item/main.naver?code=019550
케이피에프,KOSDAQ,3870.0,77174084880,3.88,0.29,1000.0,13491.0,1.01341,213567493240.0,8918017440.0,5323249150.0,,183.01813,기계,6880.0,3310.0,0.0424304961,19941624,024880,45889.0,32071.9,1.4308163844362198,122427358.8,5.020352781546822,-38.080000000000005,1.4308163844362198,7.412348973389666,4.175737283191422,101.341,-43.75,https://finance.naver.com/item/main.naver?code=024880
HC보광산업,KOSDAQ,2140.0,77764875780,-30.51,0.83,-69.0,2530.0,0.95338,14968926000.0,2392566060.0,2789687350.0,,7.31423,건축자재,4555.0,1600.0,0.0057526231,36338727,225530,7954.0,12672.85,0.6276409805213508,26098740.5,10.65149948293691,-21.323529411764707,1.4673889456594216,-2.727272727272727,15.983551926170254,95.338,-53.018660812294186,https://finance.naver.com/item/main.naver?code=225530
DRB동일,KOSPI,3950.0,76125837800,17.05,0.19,232.0,20966.0,0.88038,218500373520.0,11181238830.0,8588487730.0,,-30.98927,화학,6470.0,3900.0,0.0125442317,19272364,004840,11923.0,24053.6,0.49568463764259824,99636618.6,-4.009720534629402,-27.121771217712176,0.5422888881497988,1.10655346751884,5.117263027917226,88.03800000000001,-38.948995363214834,https://finance.naver.com/item/main.naver?code=004840
테라사이언스,KOSDAQ,654.0,76111715580,-3.89,2.31,-168.0,283.0,1.11217,3889837360.0,-2128254550.0,-3717316290.0,,183.01813,기계,654.0,654.0,0.0057463488,116378770,073640,,,,,,,,-59.36395759717315,-54.71320142804119,111.21700000000001,0.0,https://finance.naver.com/item/main.naver?code=073640
원준,KOSDAQ,4995.0,76281547095,-5.89,0.73,-866.0,6969.0,0.79167,3464106420.0,-14229240680.0,-18804976480.0,,-77.6154,전기제품,12150.0,3230.0,0.0166856333,15271581,382840,46872.0,78027.1,0.6007143671878103,406535976.05,-1.67322834645669,-42.97945205479452,1.8900612735831523,-12.426460037308079,-410.7622271027112,79.167,-58.88888888888889,https://finance.naver.com/item/main.naver?code=382840
팅크웨어,KOSDAQ,6730.0,74766423520,-2.8,0.43,-2461.0,16025.0,0.74608,133793639140.0,-3550866920.0,-657021520.0,,39.29421,전자제품,10730.0,5500.0,0.0295476165,11109424,084730,8304.0,191424.3,0.043380072435944654,1401102323.5,15.437392795883365,-21.378504672897193,0.16417978281754197,-15.357254290171607,-2.6539878448813377,74.60799999999999,-37.27865796831315,https://finance.naver.com/item/main.naver?code=084730
다원넥스뷰,KOSDAQ,9400.0,75301256800,18.76,3.46,434.0,2351.0,0.91122,8017423440.0,1692640850.0,1425071360.0,,33.4343,반도체와반도체장비,28100.0,4960.0,0.0688520407,8010772,323350,193265.0,30034.5,6.434766684978941,233697192.5,-0.9483667017913588,-26.791277258566982,6.434766684978941,18.460229689493833,21.112030101281515,91.122,-66.54804270462633,https://finance.naver.com/item/main.naver?code=323350
세미티에스,KOSDAQ,2535.0,76432888935,0.0,0.0,0.0,0.0,0.08299,2493545400.0,-414342710.0,-17496827020.0,,33.4343,반도체와반도체장비,8430.0,2260.0,0.0179840225,30151041,0017J0,268395.0,213727.95,1.2557786662904875,560841964.45,-38.24604141291108,-53.40073529411764,1.2557786662904875,,-16.616609827918115,8.299,-69.9288256227758,https://finance.naver.com/item/main.naver?code=0017J0
동방아그로,KOSPI,5610.0,76394606970,7.07,0.4,786.0,13754.0,0.44532,48896147090.0,2135199640.0,1816001240.0,,-30.98927,화학,6890.0,5270.0,0.3089088463,13617577,007590,3697.0,2365.9,1.5626188765374698,13178799.0,-1.405975395430581,-4.102564102564099,1.5626188765374698,5.714701177839173,4.366805499152878,44.532,-18.577648766328014,https://finance.naver.com/item/main.naver?code=007590
SY동아,KOSDAQ,5010.0,76152000000,2.66,0.39,1888.0,12809.0,0.68436,98694462230.0,2185669860.0,-645786100.0,,9.52744,자동차부품,8640.0,4015.0,0.0158454605,15200000,041930,29782.0,501568.15,0.05937777348900643,2842332914.35,9.388646288209612,-20.853080568720383,0.07115683083146328,14.739636193301584,2.214582065310272,68.43599999999999,-42.013888888888886,https://finance.naver.com/item/main.naver?code=041930
뉴프렉스,KOSDAQ,3140.0,76932389540,8.04,0.65,360.0,4434.0,0.52931,37117508650.0,1420686160.0,1584280580.0,,255.50195,전자장비와기기,7280.0,2260.0,0.033554019,24500761,085670,1360340.0,39814.8,34.16669178295508,117039502.7,-3.0864197530864224,-42.700729927007295,34.16669178295508,8.119079837618404,3.827536415216812,52.931,-56.86813186813187,https://finance.naver.com/item/main.naver?code=085670
알파칩스,KOSDAQ,11380.0,75810623960,-48.33,1.83,-240.0,6356.0,0.69577,20999360860.0,-1157748980.0,-860215960.0,,33.4343,반도체와반도체장비,21300.0,6180.0,0.006679334,6661742,117670,69804.0,118254.9,0.5902842080962396,1393794324.75,25.88495575221239,-37.19646799116998,6.208833629726971,-3.775959723096287,-5.5132581782777175,69.577,-46.57276995305164,https://finance.naver.com/item/main.naver?code=117670
이녹스,KOSDAQ,8010.0,75180610440,3.29,0.44,2469.0,18657.0,0.54891,26169598920.0,5267216740.0,11241248360.0,,10.58054,레저용장비와제품,17300.0,5120.0,0.0078527834,9385844,088390,5942.0,6508.2,0.9130020589410283,51835924.75,15.251798561151087,-33.80165289256198,1.7113794904889217,13.2336388486895,20.127235255312044,54.891,-53.69942196531792,https://finance.naver.com/item/main.naver?code=088390
KNN,KOSDAQ,5790.0,76676807880,6.78,0.33,850.0,17200.0,0.07185,14150855230.0,983652090.0,18915826880.0,,862.44938,방송과엔터테인먼트,8950.0,4415.0,0.0,13242972,058400,25076.0,16312.8,1.5371977833357855,97440117.25,847.6268412438625,676.1394101876675,1.5371977833357855,4.941860465116279,6.951184744754116,7.185,-35.307262569832396,https://finance.naver.com/item/main.naver?code=058400
크레오에스지,KOSDAQ,3775.0,74957139900,-9.01,1.63,-440.0,2430.0,0.92222,3181067640.0,-136726310.0,1783638390.0,,31.01234,IT서비스,12800.0,1180.0,0.0,19856196,040350,102180.0,132616.35,0.7704932310382543,619958552.45,-52.81249999999999,480.7692307692308,1.6125161037835831,-18.106995884773664,-4.298126461718368,92.22200000000001,-70.5078125,https://finance.naver.com/item/main.naver?code=040350
수젠텍,KOSDAQ,4520.0,75679264000,-2.95,0.9,-1525.0,4991.0,0.27301,3083568470.0,-4225462130.0,-3771504210.0,,-31.45283,건강관리장비와용품,8250.0,3530.0,0.0235432892,16743200,253840,90769.0,438697.6,0.2069056224606654,1964765521.3,21.505376344086024,-11.198428290766206,0.626160252529305,-30.55499899819675,-137.03156492581468,27.301,-45.21212121212122,https://finance.naver.com/item/main.naver?code=253840
이월드,KOSPI,532.0,75440894676,-4.06,0.35,-131.0,1515.0,0.89341,29177807830.0,2482286260.0,307273100.0,,8.86094,"섬유,의류,신발,호화품",2100.0,420.0,0.0222067029,141806193,084680,535049.0,757191.05,0.7066235133127894,402884526.3,-58.110236220472444,-67.26153846153846,0.7118480864241593,-8.646864686468646,8.507446050994162,89.34100000000001,-74.66666666666666,https://finance.naver.com/item/main.naver?code=084680
넥스트칩,KOSDAQ,2310.0,75969965610,-2.79,4.11,-815.0,552.0,1.69209,13207734860.0,-590009370.0,-711416650.0,,33.4343,반도체와반도체장비,7570.0,1575.0,0.0200043901,32887431,396270,435909.0,473606.3,0.9204037192917409,1135692492.35,-9.055118110236215,-31.25,13.158902235886643,-147.64492753623188,-4.467150319521178,169.209,-69.48480845442536,https://finance.naver.com/item/main.naver?code=396270
리드코프,KOSDAQ,2895.0,75255096540,5.56,0.17,522.0,16721.0,1.752,113151600270.0,2445861440.0,4518829350.0,,-138.54638,석유와가스,4100.0,2655.0,0.0246029483,25994852,012700,20876.0,16138.8,1.2935286390561875,47856497.35,5.272727272727273,-18.335684062059244,1.2935286390561875,3.1218228574846,2.161579185944994,175.2,-29.39024390243903,https://finance.naver.com/item/main.naver?code=012700
포커스에이아이,KOSDAQ,2030.0,75029260810,-4.53,2.78,-455.0,742.0,0.65777,10598880490.0,-1166344350.0,-2507916530.0,,255.50195,전자장비와기기,3695.0,1317.0,0.0079186202,36960227,331380,5058.0,41890.7,0.12074279016583633,85364851.2,38.85088919288646,-34.51612903225807,0.3523693803159174,-61.32075471698113,-11.004410806409611,65.777,-45.06089309878214,https://finance.naver.com/item/main.naver?code=331380
아이씨디,KOSDAQ,4160.0,75604984000,-34.96,0.68,-117.0,6033.0,0.96272,29017603890.0,1766358210.0,4515973500.0,,15.86239,디스플레이장비및부품,6960.0,3525.0,0.0312180266,18174275,040910,10888.0,6812.15,1.598320647666302,29588463.05,4.522613065326642,-24.63768115942029,1.598320647666302,-1.9393336648433617,6.087195264970584,96.272,-40.22988505747126,https://finance.naver.com/item/main.naver?code=040910
비트플래닛,KOSDAQ,3065.0,72165115435,-4.55,1.05,-605.0,2625.0,0.26416,7946015630.0,-766712540.0,-3721999040.0,,216.01575,소프트웨어,16550.0,1002.0,0.2382118522,23544899,049470,4407118.0,230836.15,19.091974978789068,600340535.15,117.83937455579246,334.1359773371105,19.091974978789068,-23.047619047619047,-9.649018774960552,26.416,-81.48036253776435,https://finance.naver.com/item/main.naver?code=049470
삼현철강,KOSDAQ,4840.0,74743587600,11.79,0.38,411.0,12759.0,0.12569,61402095340.0,5401551250.0,4911449320.0,,42.88131,철강,6140.0,4110.0,0.0402980919,15442890,017480,5483.0,19591.05,0.2798726969713211,94204527.6,9.009009009009006,8.277404921700215,2.2174921711699986,3.22125558429344,8.797014531979977,12.568999999999999,-21.17263843648208,https://finance.naver.com/item/main.naver?code=017480
시공테크,KOSDAQ,3720.0,74578448400,2.29,0.38,1617.0,9842.0,0.32622,23778367250.0,315288990.0,8803651360.0,,14.87228,"호텔,레스토랑,레저",5990.0,3150.0,0.0134101358,20047970,020710,1050378.0,238818.75,4.39822250137395,945330030.65,13.935681470137817,-6.179066834804536,4.39822250137395,16.42958748221906,1.3259488621953217,32.622,-37.89649415692822,https://finance.naver.com/item/main.naver?code=020710
큐에스아이,KOSDAQ,8040.0,74543832840,28.23,0.83,282.0,9645.0,0.0693,7703114580.0,-12527170.0,2045608470.0,,33.4343,반도체와반도체장비,22750.0,5360.0,0.077155656,9271621,066310,48620.0,77446.55,0.6277878097862332,602434759.25,8.502024291497978,-19.68031968031968,3.7493987788997702,2.9237947122861585,-0.16262473925189883,6.93,-64.65934065934066,https://finance.naver.com/item/main.naver?code=066310
일성건설,KOSPI,1383.0,74716409040,27.2,1.02,51.0,1354.0,4.46446,107353073060.0,3717741850.0,624789610.0,,38.14669,건설,2830.0,1105.0,0.6493859311,54024880,013360,130432.0,240858.55,0.541529457849846,354445767.95,14.01483924154987,-23.88552559163456,0.6783774128009988,3.766617429837518,3.463097742830465,446.44599999999997,-51.130742049469966,https://finance.naver.com/item/main.naver?code=013360
기도산업,KOSDAQ,12760.0,74782621320,1.57,0.42,8396.0,31281.0,0.93231,71101987740.0,5908372690.0,4184843270.0,,8.86094,"섬유,의류,신발,호화품",29500.0,12390.0,0.0266889302,5860707,282620,75279.0,270905.65,0.2778790327924131,4005871061.75,-31.324004305705056,-31.324004305705056,0.3764004183744414,26.84057415044276,8.309715210220647,93.231,-56.7457627118644,https://finance.naver.com/item/main.naver?code=282620
동일고무벨트,KOSPI,5380.0,74782000000,7.04,0.32,767.0,17082.0,0.48413,103548476290.0,7509054320.0,7166812470.0,,-30.98927,화학,8700.0,5200.0,0.0338310072,13900000,163560,9728.0,79837.6,0.1218473501207451,465059459.5,1.5094339622641506,-22.14182344428365,0.31560317444412156,4.4901065449010655,7.251728455153689,48.413000000000004,-38.160919540229884,https://finance.naver.com/item/main.naver?code=163560
데이타솔루션,KOSDAQ,4630.0,75123509400,71.69,2.15,65.0,2170.0,1.37066,30118621330.0,1247328640.0,1422716920.0,,31.01234,IT서비스,8730.0,4115.0,0.0277319853,16225380,263800,138568.0,196067.45,0.7067363807710051,941792865.05,7.799767171129224,0.3250270855904569,1.280753128578966,2.995391705069124,4.141386905905895,137.066,-46.96449026345933,https://finance.naver.com/item/main.naver?code=263800
유니크,KOSDAQ,3855.0,74481279225,6.74,0.53,559.0,7054.0,1.15654,121438562660.0,4866785810.0,4618912920.0,,9.52744,자동차부품,5130.0,3410.0,0.0248496237,19320695,011320,23427.0,15187.2,1.5425489886219974,56709699.5,6.786703601108024,0.12987012987013546,1.9374209860935523,7.924581797561666,4.007611506096198,115.654,-24.85380116959064,https://finance.naver.com/item/main.naver?code=011320
남광토건,KOSPI,7520.0,73940941440,14.01,0.59,539.0,12722.0,2.1974,80296104000.0,2256202000.0,1410098000.0,,38.14669,건설,13400.0,6420.0,0.0080991016,9832572,001260,16929.0,40964.45,0.41326076634740616,321155243.0,-9.397590361445785,-12.862108922363847,0.5745713661479649,4.23675522716554,2.8098523933365436,219.74,-43.88059701492537,https://finance.naver.com/item/main.naver?code=001260
내츄럴엔도텍,KOSDAQ,2340.0,74306466000,-23.33,3.14,-102.0,759.0,0.64086,6154196120.0,-193945390.0,-254289110.0,,44.06295,화장품,4100.0,1668.0,0.0121463459,31754900,168330,15986.0,10220.55,1.5641036930497871,22426345.1,24.269782262347327,19.32687404385518,1.5641036930497871,-13.438735177865613,-3.1514333670601324,64.086,-42.926829268292686,https://finance.naver.com/item/main.naver?code=168330
새빗켐,KOSDAQ,13180.0,74467711720,-4.08,1.67,-3298.0,8056.0,0.84394,17378914490.0,867184760.0,828014340.0,,-77.6154,전기제품,42750.0,9300.0,0.0181638972,5650054,107600,16175.0,13890.85,1.1644355816958645,208214489.0,-4.837545126353793,-51.365313653136525,1.677291166487292,-40.938430983118174,4.989867235372996,84.394,-69.16959064327486,https://finance.naver.com/item/main.naver?code=107600
제이스로보틱스,KOSDAQ,4310.0,75324120140,-3.01,0.55,-1428.0,7841.0,0.98286,4040519900.0,-4162588290.0,-6862289740.0,,255.50195,전자장비와기기,10100.0,2965.0,0.0137968531,17476594,090470,34833.0,133192.55,0.261523636269446,692335130.75,-2.598870056497171,-54.48785638859557,0.8201284531304491,-18.21196275985206,-103.02110602152956,98.286,-57.32673267326733,https://finance.naver.com/item/main.naver?code=090470
삐아,KOSDAQ,7200.0,73626314400,14.92,1.6,486.0,4524.0,0.21959,21795737810.0,1769739650.0,1543017040.0,,44.06295,화장품,12550.0,6200.0,0.0110558733,10225877,451250,4854.0,14435.85,0.3362462203472605,108765752.5,-5.759162303664922,-16.376306620209057,0.5008364592317044,10.742705570291777,8.119659290395914,21.959,-42.62948207171314,https://finance.naver.com/item/main.naver?code=451250
삼호개발,KOSPI,3060.0,73807200000,3.65,0.29,838.0,10609.0,0.48008,95582312810.0,1151302620.0,3445794460.0,,38.14669,건설,5500.0,2700.0,0.0633345357,24120000,010960,136086.0,116954.95,1.1635762317028908,363803567.25,-17.07317073170732,-21.336760925449873,1.2675564394666494,7.898953718540862,1.2045142936524011,48.008,-44.36363636363636,https://finance.naver.com/item/main.naver?code=010960
풍원정밀,KOSDAQ,3020.0,71166330200,-2.95,5.94,-1090.0,542.0,7.48979,10201217070.0,-4544121860.0,-4007949080.0,,15.86239,디스플레이장비및부품,19970.0,2715.0,0.016198423,23565010,371950,129787.0,189000.85,0.6867006153676029,601242312.45,-52.81249999999999,-80.88607594936708,4.353848144069193,-201.1070110701107,-44.54489919015124,748.979,-84.87731597396095,https://finance.naver.com/item/main.naver?code=371950
서한,KOSDAQ,3675.0,74157725775,2.53,0.14,1470.0,27140.0,1.27089,147604662550.0,22252890320.0,19460050250.0,,38.14669,건설,6190.0,3335.0,0.0400879668,20178973,011370,21489.0,69553.3,0.3089573032480127,104942439.6,330.327868852459,255.0724637681159,0.3089573032480127,5.416359616801769,15.076007719242607,127.08900000000001,-40.630048465266555,https://finance.naver.com/item/main.naver?code=011370
원일티엔아이,KOSDAQ,8720.0,73082581600,-31.26,1.39,-261.0,5853.0,0.53567,9951562440.0,542789210.0,1010464740.0,,-39.76501,에너지장비및서비스,29150.0,5400.0,0.0106218448,8381030,136150,65082.0,9643.3,6.748934493378823,76222715.25,-6.337271750805584,-47.4065138721351,6.748934493378823,-4.459251665812404,5.45431145383036,53.567,-70.08576329331046,https://finance.naver.com/item/main.naver?code=136150
정다운,KOSDAQ,2265.0,74029817190,12.12,0.56,186.0,3997.0,0.7716,42055049000.0,2880364880.0,2853722790.0,,32.42418,식품,2785.0,2050.0,0.0185714243,32684246,208140,17974.0,14989.5,1.1991060408952934,34040267.1,8.633093525179847,-9.58083832335329,1.4345375095900463,4.653490117588191,6.849034654554796,77.16,-18.671454219030526,https://finance.naver.com/item/main.naver?code=208140
탑머티리얼,KOSDAQ,8960.0,73400705280,-2.3,0.65,-3837.0,13681.0,0.91482,5082813710.0,-9646573000.0,-10048772820.0,,255.50195,전자장비와기기,28650.0,6520.0,0.0,8192043,360070,13072.0,15056.75,0.8681820445979378,128417544.75,0.11173184357542443,-50.71507150715071,1.0772577083367925,-28.046195453548716,-189.78804950142467,91.482,-68.72600349040138,https://finance.naver.com/item/main.naver?code=360070
씨티씨바이오,KOSDAQ,3050.0,73752111000,22.5,1.01,136.0,3042.0,0.90575,33687242570.0,3793665920.0,2602170920.0,,45.13103,제약,7150.0,2570.0,0.0163495171,24181020,060590,31383.0,25707.0,1.220795892169448,78510620.4,10.108303249097483,-24.034869240348687,1.2647527910685805,4.470742932281394,11.261432015746013,90.575,-57.34265734265735,https://finance.naver.com/item/main.naver?code=060590
폴라리스AI,KOSDAQ,5110.0,73488003540,-91.45,0.76,-55.0,6604.0,0.18986,11062505600.0,499248410.0,-783448260.0,,31.01234,IT서비스,14860.027,3760.0,0.0,14381214,039980,147680.0,212647.2,0.6944836329845866,1174479933.5,19.672131147540984,130.69977426636567,0.6944836329845866,-0.8328285887341006,4.51297769286553,18.986,-65.61244471493895,https://finance.naver.com/item/main.naver?code=039980
현대에이치티,KOSDAQ,8560.0,73830000000,5.84,0.58,1367.0,13750.0,0.4525,36435347870.0,200858090.0,-1490524920.0,,-362.11639,통신장비,12450.0,5550.0,0.0335194203,8625000,039010,82698.0,26862.6,3.0785553148243285,210901121.25,20.056100981767177,-2.394526795895102,3.0785553148243285,9.941818181818181,0.5512726013119303,45.25,-31.244979919678716,https://finance.naver.com/item/main.naver?code=039010
마음AI,KOSDAQ,10450.0,74302373750,-8.95,2.73,-1106.0,3622.0,1.17,961613110.0,-3014282110.0,-1352287320.0,,31.01234,IT서비스,26500.0,7730.0,0.0049142966,7110275,377480,140993.0,39635.1,3.557276252614476,402305483.25,15.214994487320844,-36.35809987819732,3.557276252614476,-30.53561568194368,-313.4610040830246,117.0,-60.56603773584905,https://finance.naver.com/item/main.naver?code=377480
이상네트웍스,KOSDAQ,7460.0,73369629660,4.65,0.48,1579.0,15272.0,0.21512,28763080700.0,8982032880.0,8297844400.0,,4.95128,다각화된소비자서비스,8200.0,6100.0,0.0506292227,9835071,080010,2140.0,3345.85,0.6395983083521377,24644922.0,12.180451127819559,10.029498525073755,1.6348610965823334,10.339182818229439,31.227645514341585,21.512,-9.024390243902436,https://finance.naver.com/item/main.naver?code=080010
에스넷,KOSDAQ,3655.0,72780706510,15.04,0.65,249.0,5721.0,1.81231,186051978870.0,3123358920.0,2732452040.0,,31.01234,IT서비스,6280.0,2835.0,0.0441898167,19912642,038680,56017.0,92581.4,0.6050567392586417,364415011.8,27.130434782608702,14.576802507836994,0.657399866495862,4.352385946512848,1.6787560868580618,181.231,-41.79936305732485,https://finance.naver.com/item/main.naver?code=038680
신일제약,KOSDAQ,6170.0,73956180550,9.43,0.47,651.0,13180.0,0.13853,24198110810.0,2259914000.0,2242169590.0,,45.13103,제약,6820.0,4820.0,0.0296502332,11986415,012790,4722.0,12627.85,0.37393538884291466,76208025.5,25.918367346938776,2.833333333333332,2.1551570536552145,4.939301972685888,9.33921667581619,13.852999999999998,-9.530791788856307,https://finance.naver.com/item/main.naver?code=012790
페이퍼코리아,KOSPI,2085.0,74219040270,-3.7,0.27,-545.0,7410.0,0.77568,80315912560.0,5452909020.0,2612119990.0,,-5.79675,종이와목재,5200.0,1701.0,0.0028152078,35596662,001020,6295.0,18130.95,0.3471963686403636,42926634.7,0.7246376811594235,213.53383458646618,1.6231912834131692,-7.3549257759784075,6.7893258585917255,77.568,-59.90384615384615,https://finance.naver.com/item/main.naver?code=001020
CG인바이츠,KOSDAQ,963.0,74049097266,-21.17,0.85,-46.0,1144.0,1.08925,4613583000.0,-5872550000.0,-7492407960.0,,-34.55045,생명과학도구및서비스,1730.0,711.0,0.0216277871,76894182,083790,84797.0,173180.2,0.48964604498666703,163951349.85,-5.402750491159136,-31.45907473309608,0.7995255808689445,-4.020979020979021,-127.28827030964871,108.92500000000001,-44.335260115606935,https://finance.naver.com/item/main.naver?code=083790
폴레드,KOSDAQ,2900.0,73030296900,7.63,1.74,379.0,1660.0,0.41861,25266411060.0,2064207790.0,1667059340.0,,11.82308,가정용기기와용품,26000.0,2755.0,0.0529703118,25182861,487580,136832.0,133953.15,1.0214914692189023,414685838.2,-17.024320457796847,-85.5,2.9756597735850185,22.83132530120482,8.16977047154872,41.861,-88.84615384615384,https://finance.naver.com/item/main.naver?code=487580
엠게임,KOSDAQ,3905.0,73306901470,4.5,0.54,861.0,7129.0,0.18038,21259345960.0,2442698580.0,717449070.0,,17.25132,게임엔터테인먼트,6980.0,3755.0,0.1109693854,18772574,058630,39901.0,31610.9,1.2622544755131933,126081058.9,-3.3415841584158446,-26.041666666666664,1.7692314992613307,12.077430214616355,11.489998726188471,18.038,-44.05444126074498,https://finance.naver.com/item/main.naver?code=058630
지엠비코리아,KOSPI,3850.0,73428278000,5.01,0.25,762.0,15206.0,1.27589,215775493040.0,9933152390.0,8185264620.0,,9.52744,자동차부품,7140.0,3510.0,0.5621270241,19072280,013870,6684.0,12426.9,0.5378654370760206,47741313.05,7.9943899018232845,-26.66666666666667,1.5310334838133404,5.011179797448376,4.6034664317317135,127.589,-46.07843137254902,https://finance.naver.com/item/main.naver?code=013870
현대공업,KOSDAQ,4770.0,73171800000,5.98,0.44,793.0,10837.0,0.50509,85515790490.0,6264284880.0,10599271690.0,,9.52744,자동차부품,7320.0,4050.0,0.0472677314,15340000,170030,8607.0,16641.15,0.5172118513444083,80787140.75,3.6956521739130332,-17.90017211703959,0.7233274142712492,7.317523299806219,7.325296116782701,50.509,-34.83606557377049,https://finance.naver.com/item/main.naver?code=170030
한일단조,KOSDAQ,2210.0,72702478290,49.67,0.53,45.0,4222.0,0.96785,43149338220.0,4990930900.0,2950905830.0,,9.52744,자동차부품,4800.0,1750.0,0.0519217392,32897049,024740,61061.0,173250.95,0.3524425118592423,389384986.5,11.898734177215186,-31.684698608964457,0.43729053145163127,1.065845570819517,11.566645297207991,96.785,-53.95833333333333,https://finance.naver.com/item/main.naver?code=024740
드림어스컴퍼니,KOSDAQ,4980.0,73805163720,28.76,0.5,170.0,9715.0,0.46854,42753311050.0,889602620.0,1370970170.0,,862.44938,방송과엔터테인먼트,10250.0,3310.0,0.0222344142,14820314,060570,2506.0,32921.45,0.07612058399614842,150796154.6,471.75660160734793,277.2727272727273,0.26933807593529446,1.7498713329902211,2.080780641666817,46.854,-51.41463414634146,https://finance.naver.com/item/main.naver?code=060570
대림바스,KOSPI,4500.0,74665080000,5.38,0.43,812.0,10213.0,0.89101,80255346120.0,6570677790.0,4312689350.0,,-9.00117,건축제품,6450.0,3845.0,0.0194547572,16592240,005750,10229.0,37503.35,0.2727489677588802,173234392.45,11.662531017369737,-18.181818181818176,0.7901160829632553,7.9506511309115835,8.187215067486397,89.101,-30.23255813953488,https://finance.naver.com/item/main.naver?code=005750
뷰노,KOSDAQ,5150.0,72109388450,-13.27,2.12,-413.0,2579.0,0.3435,6111075520.0,-4208921610.0,-5383790400.0,,-59.4544,건강관리기술,28350.0,4235.0,0.0276675401,14001823,338220,130772.0,111779.0,1.1699156371053596,566708862.8,-25.79250720461095,-70.213996529786,3.7476001753459953,-16.013958898797984,-68.87366382930905,34.35,-81.83421516754849,https://finance.naver.com/item/main.naver?code=338220
바이오스마트,KOSDAQ,2850.0,72032444700,8.06,0.5,356.0,5697.0,0.74943,167623166480.0,5118576760.0,2157547610.0,,56.61715,전기장비,6930.0,2305.0,0.0715102177,25274542,038460,69444.0,102188.25,0.6795693242618402,280591642.95,22.580645161290324,-38.577586206896555,4.616519022490355,6.248902931367387,3.053621326626546,74.943,-58.87445887445888,https://finance.naver.com/item/main.naver?code=038460
엠엑스온,KOSDAQ,4225.0,71880786900,40.14,0.93,105.0,4551.0,0.70315,40414004060.0,281534300.0,1396796570.0,,255.50195,전자장비와기기,7940.0,3785.0,0.0098626925,17013204,347890,20875.0,13747.65,1.5184413336097442,60558469.05,4.192355117139335,-25.746924428822492,2.5891697853815017,2.3071852340145025,0.6966256042881191,70.31500000000001,-46.78841309823678,https://finance.naver.com/item/main.naver?code=347890
한울반도체,KOSDAQ,10400.0,71902168000,-2.98,2.12,-3557.0,4998.0,3.26558,14107507390.0,-3351533720.0,-11353912330.0,,255.50195,전자장비와기기,29050.0,7079.615,0.0,6913670,320000,289142.0,382120.45,0.7566776392103589,4168001635.0,-25.34099066762383,530.3030303030303,2.650915437789315,-71.16846738695479,-23.757093491765307,326.558,-64.19965576592082,https://finance.naver.com/item/main.naver?code=320000
자이글,KOSDAQ,5310.0,71849132100,-13.28,3.71,-400.0,1431.0,1.58968,2722182640.0,721151110.0,596850740.0,,-31.45283,건강관리장비와용품,6270.0,4560.0,0.0049191074,13530910,234920,,,,,,,,-27.952480782669465,26.4916504647168,158.968,-15.311004784688997,https://finance.naver.com/item/main.naver?code=234920
네오리진,KOSDAQ,1406.0,74672679684,-3.0,1.56,-490.0,943.0,0.18109,4019267380.0,-1915287410.0,-3343622890.0,,17.25132,게임엔터테인먼트,1976.0,907.0,0.6242818539,53110014,094860,96759.0,116995.05,0.8270349899418822,167517859.1,14.21608448415923,6.273620559334847,0.8270349899418822,-51.961823966065744,-47.6526498219683,18.109,-28.846153846153843,https://finance.naver.com/item/main.naver?code=094860
유라테크,KOSDAQ,6270.0,72230400000,6.61,0.47,964.0,13417.0,0.2161,54246367850.0,1108012170.0,2524488070.0,,9.52744,자동차부품,9760.0,5130.0,0.0154259549,11520000,048430,70067.0,157525.2,0.44479867348208413,1055318507.25,18.07909604519775,-17.608409986859396,11.651621454852936,7.184914660505329,2.0425554998702093,21.61,-35.75819672131148,https://finance.naver.com/item/main.naver?code=048430
휴비츠,KOSDAQ,6630.0,72120443850,-14.45,0.67,-461.0,10000.0,1.0084,32531453240.0,2134410660.0,1001544420.0,,-31.45283,건강관리장비와용품,10090.0,6270.0,0.0303872211,10877895,065510,28954.0,18412.0,1.5725613730175971,127347261.75,-0.7485029940119792,-23.617511520737324,1.5725613730175971,-4.61,6.561067666585435,100.84,-34.29137760158573,https://finance.naver.com/item/main.naver?code=065510
라이온켐텍,KOSDAQ,1998.0,71731716480,8.29,0.51,241.0,3936.0,0.16806,42021891570.0,5189769520.0,4493944700.0,,7.31423,건축자재,3650.0,1863.0,0.0298130788,35901760,171120,57238.0,46279.4,1.2367921796738937,92474855.6,4.716981132075482,-4.630071599045349,2.2286805792642084,6.122967479674797,12.35015684944808,16.805999999999997,-45.26027397260274,https://finance.naver.com/item/main.naver?code=171120
하이스틸,KOSPI,3535.0,71376849985,-14.41,0.46,-227.0,7121.0,0.99398,81277076220.0,3233052410.0,3296304310.0,,42.88131,철강,5680.0,2355.0,0.0129436335,20191471,071090,6377989.0,803391.15,7.938834028729343,2693707929.95,17.83333333333332,-1.2569832402234637,7.938834028729343,-3.187754528858307,3.9778158373325407,99.398,-37.76408450704225,https://finance.naver.com/item/main.naver?code=071090
폴라리스AI파마,KOSDAQ,5270.0,70003254500,11.57,0.52,464.0,10233.0,0.33008,14704831570.0,778795830.0,6749227020.0,,45.13103,제약,10200.0,4110.0,0.016322238,13283350,041910,21253.0,34764.35,0.6113446677415226,186855200.25,22.558139534883725,-38.50641773628938,0.7466844626751256,4.534349653083162,5.296190073940439,33.007999999999996,-48.33333333333333,https://finance.naver.com/item/main.naver?code=041910
에이텍,KOSDAQ,8600.0,71036000000,137.78,0.65,63.0,13373.0,0.57947,53575930510.0,10471555740.0,9616944070.0,,19.90894,컴퓨터와주변기기,12670.0,7300.0,0.0604498789,8260000,045660,9067.0,12913.8,0.7021171150242377,120200651.0,10.11523687580025,-9.663865546218487,1.5542288094906225,0.47109848201600235,19.545261538752882,57.947,-32.12312549329124,https://finance.naver.com/item/main.naver?code=045660
대창솔루션,KOSDAQ,1911.0,70429450182,-9.77,2.16,-193.0,872.0,3.20409,18885891350.0,-135882350.0,-1142729460.0,,20.40427,조선,4180.0,1348.0,0.0297985373,36854762,096350,132681.0,250912.9,0.5287930592647887,496815823.35,19.512195121951216,-32.94736842105264,0.5596005625856622,-22.13302752293578,-0.7194913254650276,320.409,-54.28229665071771,https://finance.naver.com/item/main.naver?code=096350
대영포장,KOSPI,655.0,70998429595,43.67,0.35,15.0,1865.0,0.42888,79986998740.0,2527444080.0,1955359270.0,,17.42997,포장재,1637.0,576.0,0.0192981014,108394549,014160,203761.0,363391.35,0.5607205565019641,278150190.85,-15.592783505154639,-36.83702989392478,0.5607205565019641,0.8042895442359249,3.159818620292941,42.888,-59.987782529016485,https://finance.naver.com/item/main.naver?code=014160
테이팩스,KOSPI,14930.0,71464684500,34.94,0.45,423.0,32645.0,0.30033,40696984980.0,3183429710.0,3200695950.0,,255.50195,전자장비와기기,23300.0,10150.0,0.0403006278,4786650,055490,15591.0,26633.45,0.5853916785095434,423135057.25,17.189952904238616,-1.1258278145695355,0.7182321479192519,1.2957573901056822,7.822274086309969,30.032999999999998,-35.922746781115876,https://finance.naver.com/item/main.naver?code=055490
파로스아이바이오,KOSDAQ,5480.0,70943707360,-6.62,5.11,-831.0,1076.0,1.70146,,-2280091590.0,-2334621520.0,,-65.60732,생물공학,12120.0,3710.0,0.0160992658,12945932,388870,34701.0,42180.95,0.822669949349173,225434599.25,7.662082514734769,-51.590106007067135,1.058866621069464,-77.23048327137546,,170.146,-54.78547854785478,https://finance.naver.com/item/main.naver?code=388870
한국컴퓨터,KOSDAQ,4400.0,70713676000,2.82,0.35,1555.0,12463.0,0.77422,77758425370.0,1204149220.0,1809838420.0,,15.86239,디스플레이장비및부품,5930.0,4360.0,0.0218521973,16071290,054040,47920.0,23166.15,2.068535341435672,103817790.85,-2.9768467475192906,-14.893617021276595,2.068535341435672,12.47693171788494,1.5485771661016339,77.422,-25.801011804384487,https://finance.naver.com/item/main.naver?code=054040
해치텍,KOSDAQ,12710.0,69741676500,-5.43,7.58,-2482.0,1776.0,0.59262,4984041150.0,-112532020.0,31415760.0,,33.4343,반도체와반도체장비,21400.0,11380.0,0.0101568209,5487150,0155E0,1395386.0,2886276.9,0.48345534692114955,45577212468.0,-8.758076094759515,-8.758076094759515,1.766047810589483,-139.75225225225225,-2.257846928089669,59.262,-40.60747663551402,https://finance.naver.com/item/main.naver?code=0155E0
케이앤에스아이앤씨,KOSDAQ,7220.0,74083568040,-20.28,4.75,-354.0,1513.0,1.76912,3795272770.0,-1475256190.0,-1536422310.0,,-362.11639,통신장비,24600.0,6850.0,0.0096442002,10260882,487400,487392.0,541083.1,0.9007710645555184,4860655921.25,-53.05591677503251,-53.05591677503251,0.9007710645555184,-23.397224058162593,-38.87088700610049,176.912,-70.65040650406505,https://finance.naver.com/item/main.naver?code=487400
종근당바이오,KOSPI,12870.0,70604330940,-24.49,0.56,-526.0,23156.0,1.4509,41085659450.0,-5003107040.0,-5405120110.0,,45.13103,제약,24900.0,11770.0,0.0136790958,5485962,063160,6530.0,4668.1,1.3988560656369828,62379532.75,3.539823008849563,-33.48837209302326,2.1694051112872472,-2.271549490412852,-12.177258700419861,145.09,-48.31325301204819,https://finance.naver.com/item/main.naver?code=063160
이노메트리,KOSDAQ,7170.0,70289001360,-16.52,1.19,-437.0,6059.0,0.36755,14630713380.0,-2155044590.0,-2224997940.0,,-77.6154,전기제품,11540.0,4030.0,0.0065375538,9803208,302430,62913.0,851367.55,0.07389640349811312,7030972737.25,21.731748726655354,11.16279069767443,0.19054989821963497,-7.212411288991582,-14.729593383641285,36.754999999999995,-37.8682842287695,https://finance.naver.com/item/main.naver?code=302430
디와이피엔에프,KOSDAQ,6670.0,70155733670,2.38,0.41,2703.0,15819.0,0.54439,36761810910.0,1075892390.0,1523417560.0,,183.01813,기계,16600.0,6350.0,0.0344448109,10518101,104460,18779.0,9789.9,1.9182014116589547,69903912.5,-21.065088757396456,-57.07850707850708,3.1009509800917274,17.08704722169543,2.9266577553374398,54.43900000000001,-59.81927710843373,https://finance.naver.com/item/main.naver?code=104460
세원물산,KOSDAQ,8390.0,70056500000,3.77,0.18,2230.0,47436.0,0.2823,41587303920.0,-1732014410.0,1950916080.0,,9.52744,자동차부품,14000.0,7970.0,0.0182653892,8350000,024830,1326.0,2322.15,0.5710225437633227,19619696.75,-9.492988133764834,-25.48845470692718,1.7350300368193268,4.701070916603423,-4.16476724081901,28.23,-40.07142857142857,https://finance.naver.com/item/main.naver?code=024830
엔비알모션,KOSDAQ,6310.0,69475523040,-4.59,1.97,-1415.0,3306.0,1.33169,17247920620.0,-1128515640.0,-1748155530.0,,183.01813,기계,29700.0,4445.0,0.056727086,11010384,0004V0,330794.0,209767.45,1.576955814641404,1252030858.25,-9.077809798270897,-64.33013001695873,6.82819474613435,-42.80096793708409,-6.542908359001945,133.169,-78.75420875420875,https://finance.naver.com/item/main.naver?code=0004V0
예스24,KOSDAQ,2805.0,70125000000,-6.69,0.4,-414.0,6912.0,1.97547,135760359260.0,-3472397770.0,-887315250.0,,19.25197,인터넷과카탈로그소매,3945.0,2715.0,0.01390408,25000000,053280,99795.0,48499.8,2.05763735108186,141147122.25,-3.1088082901554404,-21.42857142857143,3.7943455436929634,-5.989583333333334,-2.557740557646783,197.547,-28.89733840304183,https://finance.naver.com/item/main.naver?code=053280
피제이메탈,KOSDAQ,2810.0,69697466890,9.22,0.95,307.0,2977.0,1.10979,122814735230.0,11786193890.0,9299004000.0,,28.1014,비철금속,4140.0,2450.0,0.0195659307,24803369,128660,56409.0,47176.65,1.1956974477840203,138497168.35,6.439393939393945,-15.233785822021117,1.6938040322913983,10.312395028552233,9.596726213615597,110.979,-32.125603864734295,https://finance.naver.com/item/main.naver?code=128660
특수건설,KOSDAQ,4025.0,70623982275,-3.63,0.82,-1113.0,4922.0,1.33536,55414601130.0,1988798010.0,1663261520.0,,38.14669,건설,7690.0,3145.0,0.021524101,17546331,026150,38788.0,24134.05,1.6071898417381252,95392670.4,7.333333333333325,-36.61417322834646,2.3668219797340275,-22.612759041040228,3.588942209174032,133.536,-47.6592977893368,https://finance.naver.com/item/main.naver?code=026150
동양파일,KOSDAQ,3440.0,68800000000,-9.56,0.6,-363.0,5777.0,0.06184,20675965600.0,2344283320.0,2430098300.0,,7.31423,건축자재,7300.0,1550.0,0.00265305,20000000,228340,343362.0,2819632.45,0.12177544629974732,11337712460.3,20.91388400702987,51.541850220264315,2.515410829521415,-6.283538168599619,11.338204780143375,6.184,-52.87671232876712,https://finance.naver.com/item/main.naver?code=228340
DSR,KOSPI,4355.0,69680000000,4.67,0.29,935.0,15284.0,0.60055,88213945280.0,4074908970.0,11034165980.0,,28.1014,비철금속,4800.0,3630.0,0.027867875,16000000,155660,10857.0,12927.15,0.8398602940323273,56639379.5,7.930607187112759,6.349206349206349,0.9300580561067211,6.117508505626799,4.6193478333452,60.055,-9.270833333333329,https://finance.naver.com/item/main.naver?code=155660
아이디피,KOSDAQ,5180.0,68757900680,6.07,0.9,857.0,5785.0,0.0846,11882043630.0,2587167090.0,2426448120.0,,19.90894,컴퓨터와주변기기,5740.0,4380.0,0.0115687939,13273726,332370,2648.0,2890.55,0.9160886336510352,15518204.75,0.3875968992248069,4.016064257028118,2.1566829842071575,14.81417458945549,21.773755176827272,8.459999999999999,-9.756097560975608,https://finance.naver.com/item/main.naver?code=332370
동양고속,KOSPI,24000.0,69493656000,21.48,1.17,1136.0,20914.0,1.92742,33678029660.0,-1403800940.0,-2195818300.0,,13.80868,도로와철도운송,172800.0,7170.0,0.0443650281,2895569,084670,13794.0,9112.65,1.5137199387664402,222098938.75,-22.95345104333868,-46.5478841870824,1.911518603260303,5.431768193554556,-4.168298900417324,192.742,-86.11111111111111,https://finance.naver.com/item/main.naver?code=084670
싸이토젠,KOSDAQ,3005.0,69504288735,-5.73,1.99,-535.0,1538.0,0.62235,6833976920.0,-1216357300.0,-2197751800.0,,-10.44112,건강관리업체및서비스,11200.0,2260.0,0.0179435853,23129547,217330,37964.0,54306.75,0.6990659540480695,167765978.85,1.8644067796610209,-35.859124866595515,1.2905209757534746,-34.78543563068921,-17.79867439177714,62.235,-73.16964285714286,https://finance.naver.com/item/main.naver?code=217330
남화토건,KOSDAQ,5930.0,69618200000,6.42,0.41,931.0,14580.0,0.12774,18613422450.0,49918950.0,709347630.0,,38.14669,건설,12190.0,3200.0,0.0094368825,11740000,091590,119189.0,917906.45,0.12984874439001928,6694160171.75,-11.227544910179644,65.18105849582172,0.3385780762298816,6.385459533607682,0.2681879172628997,12.774,-51.353568498769484,https://finance.naver.com/item/main.naver?code=091590
크리스에프앤씨,KOSDAQ,3075.0,72050202000,4.83,0.17,615.0,17440.0,0.95408,89809446530.0,10880128990.0,7041304960.0,,8.86094,"섬유,의류,신발,호화품",4950.0,2525.0,0.0076771502,23430960,110790,1009.0,2459.35,0.4102710065667758,7216669.1,6.217616580310881,-28.154205607476634,0.8786874580681888,3.5263761467889907,12.114682152467775,95.408,-37.878787878787875,https://finance.naver.com/item/main.naver?code=110790
성창기업지주,KOSPI,5010.0,69891103200,-3.38,0.1,-1480.0,48555.0,0.27104,34722061500.0,390614530.0,951378570.0,,-5.79675,종이와목재,9245.0,4395.0,0.0053974389,13950320,000180,6927.0,8578.8,0.8074555881941531,44033077.75,12.584269662921344,238.51351351351352,1.4942649321583439,-3.0480897950777472,1.1249750536845284,27.104,-45.8085451595457,https://finance.naver.com/item/main.naver?code=000180
해성옵틱스,KOSDAQ,1141.0,69502909371,-4.86,3.03,-240.0,385.0,3.06386,55887149870.0,405852010.0,-8040387370.0,,104.30752,핸드셋,2930.0,485.0,0.005328526,60914031,076610,935537.0,772015.0,1.2118119466590676,977703096.7,14.214214214214206,-18.32498210450967,1.4335550475055536,-62.33766233766234,0.7261991548040273,306.386,-61.0580204778157,https://finance.naver.com/item/main.naver?code=076610
센코,KOSDAQ,1830.0,69193848180,12.64,1.2,148.0,1553.0,0.23394,12637590200.0,1411387020.0,1029813800.0,,255.50195,전자장비와기기,2625.0,1212.0,0.0240202771,37810846,347000,23154.0,41920.75,0.5523279044387326,78468615.8,20.078740157480325,-18.30357142857143,1.7591526869151912,9.52994204764971,11.168165747295715,23.394000000000002,-30.28571428571428,https://finance.naver.com/item/main.naver?code=347000
지엘팜텍,KOSDAQ,4465.0,69251261465,0.0,3.47,0.0,1285.0,1.46379,9701712920.0,231013140.0,81529000.0,,45.13103,제약,6650.0,3760.0,0.0078348523,15509801,204840,35705.0,93127.35,0.38339972091979424,466486796.05,390.65934065934067,309.6330275229358,0.38339972091979424,0.0,2.381158274883277,146.379,-32.85714285714286,https://finance.naver.com/item/main.naver?code=204840
레몬,KOSDAQ,2775.0,69138619950,-4.85,6.61,-554.0,406.0,2.77241,6005991530.0,-854123920.0,-204038730.0,,-30.98927,화학,9500.0,1200.0,0.0127479559,24914818,294140,25246.0,18876.55,1.3374265954318985,45498016.2,13.496932515337434,-24.18032786885246,3.480879715837905,-136.45320197044336,-14.221197544712489,277.241,-70.78947368421052,https://finance.naver.com/item/main.naver?code=294140
젝시믹스,KOSDAQ,2380.0,70630010500,5.99,0.61,400.0,3915.0,0.44097,74377729110.0,5347854380.0,4380718640.0,,8.86094,"섬유,의류,신발,호화품",6330.0,2315.0,0.0448196088,29676475,337930,96508.0,78521.9,1.2290583900797103,206234426.85,-18.07228915662651,-46.21468926553673,1.2290583900797103,10.217113665389528,7.190128609722486,44.096999999999994,-62.40126382306477,https://finance.naver.com/item/main.naver?code=337930
디에이테크놀로지,KOSDAQ,6090.0,69131518050,-4.14,-3.33,-1470.0,-1830.0,-8.03797,2086564900.0,-143448460.0,4879647810.0,,-77.6154,전기제품,203.0,203.0,0.0223283938,11351645,196490,,,,,,,,80.32786885245902,-6.87486212386684,-803.7969999999999,2900.0,https://finance.naver.com/item/main.naver?code=196490
선바이오,KOSDAQ,5610.0,68519648010,24.32,2.35,229.0,2373.0,1.14164,2236153290.0,284365640.0,631335020.0,,-65.60732,생물공학,8500.0,4840.0,0.0023716536,12213841,067370,11937.0,7711.4,1.547967943564074,46458215.75,-7.425742574257422,9.784735812133082,1.792411235313951,9.65023177412558,12.716732849741263,114.164,-34.0,https://finance.naver.com/item/main.naver?code=067370
아이티센씨티에스,KOSPI,5690.0,68878280740,1.3,0.3,4360.0,18920.0,1.03661,260610992970.0,6817519900.0,11517425960.0,,31.01234,IT서비스,9980.0,4570.0,0.0178052375,12105146,031820,25136.0,31989.25,0.7857639675828598,188791356.75,23.427331887201742,653.6423841059602,1.7719077502598528,23.044397463002113,2.6159755666119553,103.661,-42.985971943887776,https://finance.naver.com/item/main.naver?code=031820
영화테크,KOSDAQ,6460.0,69058562800,3.51,0.72,1822.0,8856.0,0.35874,28071643600.0,3988678600.0,6404214500.0,,9.52744,자동차부품,11120.0,5930.0,0.0168955995,10690180,265560,4403.0,8010.45,0.5496570105299952,54134453.0,4.53074433656957,-22.262334536702767,1.3140335436835633,20.573622402890695,14.208924339578036,35.874,-41.90647482014388,https://finance.naver.com/item/main.naver?code=265560
티에스아이,KOSDAQ,3465.0,68756729580,57.21,0.68,61.0,5136.0,1.23969,116645573200.0,7092944340.0,5189808430.0,,255.50195,전자장비와기기,6550.0,2345.0,0.0280688429,19843212,277880,27425.0,39894.3,0.6874415643337519,145279369.2,11.23595505617978,-27.586206896551722,0.6874415643337519,1.1876947040498442,6.080765986582678,123.969,-47.099236641221374,https://finance.naver.com/item/main.naver?code=277880
삼정펄프,KOSPI,27950.0,69874189450,2.22,0.24,12556.0,114819.0,0.11071,29636958120.0,-10366920.0,13542267620.0,,6.21507,가정용품,36450.0,24750.0,0.1736632145,2499971,009770,857.0,1311.0,0.6536994660564455,36641780.0,7.91505791505791,-13.601236476043276,2.2997711670480547,10.935472352136841,-0.03497970324088038,11.071,-23.3196159122085,https://finance.naver.com/item/main.naver?code=009770
비트컴퓨터,KOSDAQ,4100.0,68155501300,8.84,0.87,471.0,4774.0,0.12299,9785532840.0,1817986840.0,2388249420.0,,-59.4544,건강관리기술,5920.0,3410.0,0.0460219885,16623293,032850,51437.0,51756.75,0.993822061856666,206901110.5,10.960757780784846,-25.58983666061706,4.845918648292252,9.865940511101803,18.578312185195223,12.299,-30.743243243243246,https://finance.naver.com/item/main.naver?code=032850
웅진씽크빅,KOSPI,1236.0,70238277060,-3.02,0.27,-412.0,4654.0,1.81492,190878290190.0,3808431350.0,1117116830.0,,10.54071,교육서비스,3362.912,1055.0,0.0194103217,56827085,095720,11801.0,28683.35,0.41142335187486817,36615953.1,11.855203619909505,2.487562189054726,2.197825567794557,-8.852599914052428,1.995214514028333,181.49200000000002,-63.246139060433336,https://finance.naver.com/item/main.naver?code=095720
디와이덕양,KOSPI,2165.0,70503181700,53.03,0.55,38.0,3682.0,4.25173,414823220950.0,-7918872290.0,-2655559530.0,,9.52744,자동차부품,2600.0,1643.0,0.018185947,32564980,024900,306133.0,199638.1,1.5334397592443527,391073146.7,23.08129619101762,7.178217821782185,12.997488956266364,1.0320478001086366,-1.9089751706437108,425.173,-16.730769230769226,https://finance.naver.com/item/main.naver?code=024900
엠오티,KOSDAQ,6140.0,69293092800,20.63,1.19,300.0,5203.0,1.33992,31138939870.0,1203506420.0,1086741140.0,,-77.6154,전기제품,11660.0,4835.0,0.0158840709,11285520,413390,27195.0,24858.4,1.093996395584591,178063293.0,18.07692307692308,-23.821339950372213,1.093996395584591,5.765904285988853,3.8649563055917873,133.992,-47.341337907375646,https://finance.naver.com/item/main.naver?code=413390
딜리셔스,KOSDAQ,3085.0,68343424100,16.84,-0.56,185.0,-5574.0,0.55887,9750985370.0,2557613420.0,2651022880.0,,31.01234,IT서비스,7360.0,2750.0,0.0284689164,22153460,483350,308061.0,846388.3,0.36397124109584217,2682781045.1,-39.980544747081716,-39.980544747081716,2.2064813514080948,-3.3189809831359884,26.229281687456783,55.887,-58.08423913043479,https://finance.naver.com/item/main.naver?code=483350
프로티아,KOSDAQ,5350.0,68906475250,15.42,2.24,347.0,2384.0,0.05998,5347482850.0,1636714660.0,1550651190.0,,-31.45283,건강관리장비와용품,6890.0,3680.0,0.0202132578,12879715,303360,15824.0,35065.3,0.4512723404619381,181557097.75,40.974967061923586,9.183673469387754,1.072142545479434,14.555369127516778,30.60719792677783,5.998,-22.35123367198839,https://finance.naver.com/item/main.naver?code=303360
피앤에스로보틱스,KOSDAQ,5100.0,68621928000,24.43,1.59,212.0,3261.0,0.05403,1728956720.0,-457578940.0,217796420.0,,-31.45283,건강관리장비와용품,14800.0,3605.0,0.0160965064,13455280,460940,44495.0,74750.45,0.5952472526921243,397405438.85,12.70718232044199,-38.70192307692307,9.615808332926424,6.501073290401717,-26.465609850546173,5.4030000000000005,-65.54054054054055,https://finance.naver.com/item/main.naver?code=460940
금호에이치티,KOSPI,6470.0,67656330630,-2.82,0.23,-2300.0,28000.0,0.37062,93991816550.0,2538969930.0,2624837940.0,,9.52744,자동차부품,11530.0,2500.0,0.0052491511,10456929,214330,49443.0,415168.0,0.11909154848157855,3094073087.0,101.55763239875388,1422.3529411764705,0.1353861569292431,-8.214285714285714,2.7012670072711775,37.062,-43.885516045099735,https://finance.naver.com/item/main.naver?code=214330
국제약품,KOSPI,3230.0,68346257360,11.63,0.71,280.0,4617.0,0.86384,48317716300.0,2133719620.0,1666952970.0,,45.13103,제약,5470.0,2810.0,0.033948521,21159832,002720,31618.0,51640.05,0.6122767115833544,173131643.15,1.7322834645669305,-36.16600790513834,0.6122767115833544,6.064544076239983,4.416019181767496,86.384,-40.95063985374772,https://finance.naver.com/item/main.naver?code=002720
트루엔,KOSDAQ,6540.0,68463277140,5.74,0.63,1156.0,10450.0,0.0534,16665812910.0,4454341540.0,4019418800.0,,255.50195,전자장비와기기,8910.0,5100.0,0.0421500305,10468391,417790,4506.0,15336.55,0.29380792942350137,105711337.5,8.278145695364248,-13.720316622691298,1.8305290303229866,11.062200956937799,26.727418362696596,5.34,-26.599326599326602,https://finance.naver.com/item/main.naver?code=417790
에이프로,KOSDAQ,4515.0,68075634900,-12.17,0.94,-378.0,4901.0,3.81424,16051341070.0,-5621436450.0,-5249704720.0,,255.50195,전자장비와기기,12900.0,2105.0,0.0422875964,15077660,262260,40872.0,50150.1,0.8149933898436893,194892257.8,42.87974683544304,-11.12204724409449,1.2570862271461074,-7.712711691491532,-35.0215999117138,381.424,-65.0,https://finance.naver.com/item/main.naver?code=262260
엔브이에이치코리아,KOSDAQ,1645.0,69369650000,-5.16,0.33,-314.0,4978.0,3.84637,408933387270.0,4900608130.0,849947250.0,,9.52744,자동차부품,2505.0,1591.0,0.0097364714,42170000,067570,43060.0,76106.2,0.5657883326194186,127705864.4,2.6200873362445476,-25.900900900900904,1.1072028297300351,-6.3077541181197265,1.1983878750316743,384.637,-34.331337325349295,https://finance.naver.com/item/main.naver?code=067570
제일연마,KOSPI,9290.0,70604000000,4.32,0.54,2042.0,16369.0,0.10673,21596273260.0,2069757850.0,2286354480.0,,28.1014,비철금속,12900.0,8030.0,0.0642114474,7600000,001560,1121.0,4835.1,0.23184629066617027,44196396.0,6.9044879171461515,-19.07665505226481,0.42770573514508486,12.474799926690695,9.583865813707526,10.673,-27.98449612403101,https://finance.naver.com/item/main.naver?code=001560
KT지니뮤직,KOSDAQ,1161.0,67472023518,-2.49,0.48,-474.0,2474.0,0.59287,77216249500.0,1893651820.0,-464697770.0,,862.44938,방송과엔터테인먼트,2060.0,1140.0,0.0120836911,58115438,043610,72968.0,55086.3,1.3246124717034906,64630365.1,-9.154929577464788,-31.946072684642434,1.3246124717034906,-19.15925626515764,2.4524006698874956,59.287,-43.640776699029125,https://finance.naver.com/item/main.naver?code=043610
잉크테크,KOSDAQ,3565.0,69896377505,26.88,0.86,128.0,3991.0,0.9615,23311582300.0,2380435190.0,2139409840.0,,19.90894,컴퓨터와주변기기,4450.0,2735.0,0.0080455866,19606277,049550,827.0,5923.55,0.13961222577677238,20343518.85,18.635607321131452,9.355828220858896,3.637008212980392,3.2072162365321977,10.211384020895055,96.15,-19.887640449438205,https://finance.naver.com/item/main.naver?code=049550
피엠티,KOSDAQ,3310.0,66200000000,-1.96,4.96,-1698.0,670.0,1.09122,18475175490.0,1256128340.0,-349647390.0,,33.4343,반도체와반도체장비,9920.0,2031.853,0.04616325,20000000,147760,80608.0,78060.2,1.0326389120191852,247849519.6,-13.577023498694519,-13.35078534031413,2.56639106740695,-253.43283582089552,6.7990062702240674,109.12200000000001,-66.63306451612902,https://finance.naver.com/item/main.naver?code=147760
APS,KOSDAQ,3750.0,68978328750,-18.46,0.32,-205.0,11700.0,0.67811,17883247360.0,-3948936630.0,-7207038220.0,,33.4343,반도체와반도체장비,10770.0,3280.0,0.0260181717,18394221,054620,26654.0,19482.65,1.3680890433282946,74083416.45,-2.849740932642486,-56.697459584295615,1.4269619379293883,-1.7521367521367521,-22.081764852353974,67.81099999999999,-65.18105849582172,https://finance.naver.com/item/main.naver?code=054620
일지테크,KOSDAQ,5000.0,67567500000,1.47,0.35,3457.0,14517.0,2.34774,206970740760.0,3478765030.0,1562538490.0,,9.52744,자동차부품,8240.0,3715.0,0.0783825804,13513500,019540,22615.0,34970.55,0.646686998059796,184530255.5,-6.542056074766355,-23.547400611620795,1.0383594195687513,23.813460081284013,1.680800395855915,234.774,-39.320388349514566,https://finance.naver.com/item/main.naver?code=019540
MSDI,KOSDAQ,3360.0,67924977120,-14.95,1.85,-202.0,1631.0,0.85495,8493556490.0,511543620.0,-203613940.0,,104.30752,핸드셋,6274.035,1304.839,0.0,20215767,123010,704147.0,141325.85,4.9824359803956595,366910196.5,26.55367231638419,176.5432098765432,4.9824359803956595,-12.385039852851012,6.022725822831373,85.495,-46.44594746443078,https://finance.naver.com/item/main.naver?code=123010
레이,KOSDAQ,4360.0,68190491560,22.24,0.91,201.0,4896.0,1.23356,34146708690.0,5654007300.0,2543511710.0,,-31.45283,건강관리장비와용품,11690.0,3680.0,0.0041758895,15640021,228670,77350.0,37761.8,2.0483663384690347,174646070.1,8.054522924411401,-18.045112781954884,2.0483663384690347,4.105392156862745,16.557986162970366,123.356,-62.70316509837468,https://finance.naver.com/item/main.naver?code=228670
CJ씨푸드,KOSPI,1892.0,67981022516,24.26,0.77,78.0,2447.0,0.93362,48254180050.0,-578078690.0,741599380.0,,32.42418,식품,3350.0,1600.0,0.0210546542,35930773,011150,28786.0,40521.45,0.7103891889357365,80750633.9,4.0704070407040716,-29.795918367346943,1.0127722477848153,3.187576624438088,-1.197986763843063,93.362,-43.52238805970149,https://finance.naver.com/item/main.naver?code=011150
윈팩,KOSDAQ,2465.0,67269960925,-4.46,1.08,-560.0,2305.0,1.14329,30184870610.0,794949160.0,126508220.0,,33.4343,반도체와반도체장비,3765.0,1324.0,0.0114593802,27290045,097800,232981.0,76393.2,3.049760973489787,167128895.4,22.332506203473955,493.9759036144578,7.172562479382982,-24.295010845986983,2.633601350395187,114.329,-34.528552456839314,https://finance.naver.com/item/main.naver?code=097800
오텍,KOSDAQ,2455.0,67431698585,-5.52,0.52,-431.0,4600.0,3.8123,250977984960.0,5113284940.0,1823105810.0,,183.01813,기계,5200.0,1650.0,0.0163356602,27467087,067170,234972.0,333653.9,0.7042387336098873,895984386.3,-19.771241830065357,36.692650334075715,0.8719394558253327,-9.369565217391305,2.037344008804174,381.23,-52.78846153846154,https://finance.naver.com/item/main.naver?code=067170
위메이드플레이,KOSDAQ,6470.0,67294735270,3.59,0.25,1812.0,25565.0,0.17694,32191942200.0,2595324830.0,3628247240.0,,17.25132,게임엔터테인먼트,10240.0,4860.0,0.0381082047,10401041,123420,13498.0,25638.9,0.5264656440018878,166455228.25,20.708955223880587,-7.040229885057469,0.5856725522545819,7.0878153725796995,8.062032461029952,17.694,-36.81640625,https://finance.naver.com/item/main.naver?code=123420
라파스,KOSDAQ,7640.0,68167617320,-15.81,2.27,-484.0,3370.0,1.46809,7582172960.0,-1770064330.0,-2315920030.0,,44.06295,화장품,16670.0,6240.0,0.0,8922463,214260,8659.0,13796.2,0.6276365955842913,111429811.5,-3.899371069182389,-27.168732125834126,0.7070062770907931,-14.362017804154304,-23.345079825243133,146.809,-54.169166166766644,https://finance.naver.com/item/main.naver?code=214260
알에프텍,KOSDAQ,7430.0,67228296890,-1.68,0.25,-4492.0,30621.0,0.63879,53866482930.0,-2290467880.0,-1068736360.0,,104.30752,핸드셋,15407.95,5400.0,0.0,9048223,061040,5742.0,6286.3,0.9134148863401365,45036318.25,-1.196808510638303,317.4157303370786,0.9134148863401365,-14.66967114072042,-4.252120716655075,63.879,-51.77814050538845,https://finance.naver.com/item/main.naver?code=061040
써니전자,KOSPI,1913.0,67925728894,19.95,0.84,101.0,2388.0,0.0237,3545337180.0,244575830.0,333626450.0,,255.50195,전자장비와기기,2705.0,1418.0,0.0441994998,35507438,004770,1330672.0,4068005.45,0.3271067397414622,9109479995.25,23.738680465717987,23.022508038585208,0.3271067397414622,4.2294807370184255,6.898521003297069,2.37,-29.279112754158966,https://finance.naver.com/item/main.naver?code=004770
동일금속,KOSDAQ,7470.0,67977000000,12.47,0.4,596.0,18440.0,0.19097,30302254820.0,2361857140.0,2404305070.0,,183.01813,기계,8480.0,6910.0,0.0,9100000,109860,416.0,1680.8,0.24750118990956688,12588411.5,3.750000000000009,2.751031636863832,1.0239171822941457,3.2321041214750545,7.794328026180858,19.097,-11.910377358490564,https://finance.naver.com/item/main.naver?code=109860
셀바이오휴먼텍,KOSDAQ,7180.0,67043343340,6.74,1.05,1059.0,6775.0,0.44706,19363460350.0,3489486700.0,2937766110.0,,44.06295,화장품,11200.0,4960.0,0.0467205775,9337513,318160,9102.0,61749.65,0.1474016451915112,425098152.75,31.985294117647058,-0.5540166204986097,1.5642031979128626,15.6309963099631,18.020987142414345,44.706,-35.89285714285714,https://finance.naver.com/item/main.naver?code=318160
옵티팜,KOSDAQ,4680.0,68655403440,-27.41,2.69,-170.0,1731.0,0.62805,6588058670.0,-206123170.0,-216938910.0,,45.13103,제약,6250.0,4075.0,0.0079195864,14669958,153710,9911.0,3988.05,2.485174458695352,18949528.5,9.859154929577475,-8.59375,2.485174458695352,-9.820912767186597,-3.1287391373519746,62.805,-25.119999999999997,https://finance.naver.com/item/main.naver?code=153710
신신제약,KOSDAQ,4435.0,67281167500,7.21,0.9,613.0,4933.0,0.79278,33999386650.0,4064750580.0,3648227140.0,,45.13103,제약,6990.0,3900.0,0.0358033025,15170500,002800,18114.0,123929.0,0.1461643360311146,584111884.9,8.170731707317081,-20.80357142857143,0.20619064141564927,12.42651530508818,11.955364435964023,79.278,-36.55221745350501,https://finance.naver.com/item/main.naver?code=002800
대륙제관,KOSDAQ,4260.0,67747627740,7.41,0.43,577.0,9988.0,0.40372,78189998380.0,2342226010.0,1904111540.0,,17.42997,포장재,4525.0,3400.0,0.0300977181,15903199,004780,39112.0,22241.85,1.7584868165193095,93638388.7,15.135135135135137,11.811023622047244,1.7904086215849853,5.776932318782539,2.9955570514490653,40.372,-5.856353591160223,https://finance.naver.com/item/main.naver?code=004780
휴비스,KOSPI,1908.0,65826000000,27.04,0.25,71.0,7534.0,2.23059,238728537020.0,3341868770.0,-1594832070.0,,8.86094,"섬유,의류,신발,호화품",4070.0,1630.0,0.0129332464,34500000,079980,39141.0,36210.55,1.0809280720673946,71097819.5,9.6551724137931,-26.046511627906977,1.0809280720673946,0.9423944783647464,1.3998614542341152,223.059,-53.12039312039312,https://finance.naver.com/item/main.naver?code=079980
아이에스티이,KOSDAQ,6750.0,65576101500,-13.4,3.05,-497.0,2184.0,1.52129,16849737150.0,2073401490.0,1770703470.0,,33.4343,반도체와반도체장비,15580.0,5590.0,0.0679018522,9714978,212710,100363.0,49213.45,2.0393408712455643,354304284.0,-13.793103448275868,-15.625,2.0393408712455643,-22.756410256410255,12.30524530763971,152.129,-56.67522464698331,https://finance.naver.com/item/main.naver?code=212710
모델솔루션,KOSDAQ,10540.0,67421218000,9.81,0.93,1068.0,11302.0,0.17463,20042763420.0,1786417700.0,1730254160.0,,183.01813,기계,31500.0,8560.0,0.032027608,6396700,417970,13582.0,8347.25,1.627122705082512,87277859.25,0.4766444232602529,-43.333333333333336,1.6285603042918326,9.449654928331269,8.91303091577379,17.463,-66.53968253968254,https://finance.naver.com/item/main.naver?code=417970
TPC로보틱스,KOSDAQ,4255.0,66794951705,-26.63,1.87,-163.0,2317.0,2.21488,24855735930.0,-593048390.0,-1038739620.0,,183.01813,기계,10690.0,1910.0,0.0104323541,15697991,048770,437822.0,1699430.3,0.2576286888612025,7477772342.4,46.97754749568222,36.37820512820513,0.39478406381244346,-7.034958998705222,-2.385961902999667,221.488,-60.196445275958844,https://finance.naver.com/item/main.naver?code=048770
피제이전자,KOSDAQ,4455.0,66223575000,7.13,0.48,629.0,9377.0,0.41712,50657912840.0,1755981390.0,1841019240.0,,-31.45283,건강관리장비와용품,12250.0,3980.0,0.0284001345,14865000,006140,37594.0,26584.85,1.4141136775268621,124085557.1,7.3493975903614395,-34.86842105263158,1.4141136775268621,6.707902314172977,3.466351635027212,41.711999999999996,-63.632653061224495,https://finance.naver.com/item/main.naver?code=006140
아이티센엔텍,KOSDAQ,5060.0,65905270420,2.87,0.67,1772.0,7642.0,1.75983,138834251410.0,8310266340.0,5156611920.0,,31.01234,IT서비스,7950.0,4050.0,0.0,13024757,010280,12360.0,23925.2,0.5166101014829552,126919222.5,20.047449584816125,350.1779359430605,2.3354454717201945,23.187647212771527,5.985746496704506,175.983,-36.35220125786164,https://finance.naver.com/item/main.naver?code=010280
나래나노텍,KOSDAQ,6190.0,66294584310,1.7,0.58,3613.0,10520.0,0.15485,20684329430.0,3001943930.0,2759542970.0,,15.86239,디스플레이장비및부품,7300.0,2860.0,0.0232673377,10709949,137080,6387.0,8296.95,0.7698009509518557,52783890.75,20.8984375,39.41441441441442,1.1640422082813564,34.344106463878326,14.51313149966593,15.485,-15.205479452054792,https://finance.naver.com/item/main.naver?code=137080
화천기계,KOSPI,2990.0,65780000000,23.93,0.47,126.0,6446.0,0.33117,56893945310.0,905157760.0,2381181540.0,,183.01813,기계,6760.0,2450.0,0.0415148636,22000000,010660,31340.0,83702.5,0.3744213135808369,252829522.7,7.747747747747757,-48.713550600343055,0.7313282160031063,1.9547005895128762,1.59095621698941,33.117000000000004,-55.769230769230774,https://finance.naver.com/item/main.naver?code=010660
한국특강,KOSPI,2365.0,67749067100,22.6,0.31,104.0,7479.0,1.65185,255229971080.0,473482190.0,141629750.0,,42.88131,철강,3600.361,1693.0,0.0102579579,28646540,007280,4999.0,16881.45,0.29612385192030305,39991941.85,22.538860103626934,68.807994289793,0.8409230249771198,1.3905602353255784,0.18551198669829821,165.185,-34.31214258792382,https://finance.naver.com/item/main.naver?code=007280
대교,KOSPI,1644.0,66144449400,-1.49,0.24,-1104.0,6750.0,1.15393,158618635460.0,-3721661380.0,-1192365110.0,,10.54071,교육서비스,4460.0,1573.0,0.0174419301,40233850,019680,12820.0,90255.0,0.14204199213339982,99966826.15,45.61558901682905,-0.5444646098003658,0.33374328292061384,-16.355555555555558,-2.346295168412616,115.39299999999999,-63.139013452914796,https://finance.naver.com/item/main.naver?code=019680
디에스엠,KOSDAQ,2450.0,65693234250,25.58,0.57,95.0,4295.0,1.53804,16443690270.0,-153736340.0,-715687110.0,,9.52744,자동차부품,5675.0,1410.0,0.0035486143,26813565,104040,42170.0,34658.5,1.216728940952436,86458582.15,53.125,272.9071537290715,3.2993349394809353,2.211874272409779,-0.9349260261881592,153.804,-56.82819383259912,https://finance.naver.com/item/main.naver?code=104040
디알텍,KOSDAQ,3970.0,66280781670,-2.36,0.87,-1605.0,4335.0,1.78056,37003506460.0,1865837660.0,2065530370.0,,-31.45283,건강관리장비와용품,11825.0,3405.0,0.0,16695411,214680,91416.0,859397.55,0.10637219061190016,1831065247.85,198.94578313253012,107.52744380554104,0.10637219061190016,-37.0242214532872,5.042326629280202,178.05599999999998,-66.42706131078225,https://finance.naver.com/item/main.naver?code=214680
엔케이,KOSPI,8800.0,65279051200,-15.59,0.37,-560.0,23370.0,0.31718,36792105840.0,3144228500.0,3552445950.0,,20.40427,조선,17610.0,6950.0,0.0,7418074,085310,11992.0,11276.0,1.0634976942178078,103469044.75,0.8018327605956443,746.968238691049,1.0634976942178078,-2.396234488660676,8.545932417332924,31.718000000000004,-50.028392958546284,https://finance.naver.com/item/main.naver?code=085310
삼일씨엔에스,KOSPI,5140.0,65442207580,44.62,0.25,117.0,21058.0,0.71986,79595802520.0,2470959930.0,1781582970.0,,7.31423,건축자재,11070.0,3990.0,0.0136304369,12731947,004440,33774.0,52215.25,0.6468225279013315,282713561.8,-7.38738738738739,-16.422764227642272,6.579706120338407,0.555608319878431,3.1043847185021134,71.986,-53.56820234869015,https://finance.naver.com/item/main.naver?code=004440
팬젠,KOSDAQ,4840.0,65410223560,30.65,2.13,154.0,2218.0,0.08222,3955577500.0,-219711970.0,-48194340.0,,-65.60732,생물공학,8510.0,4220.0,0.0723140589,13514509,222110,1316.0,8624.4,0.15259032512406662,41145464.5,11.778290993071593,-3.006012024048099,0.7165715875887019,6.943192064923355,-5.5544852805942995,8.222,-43.125734430082254,https://finance.naver.com/item/main.naver?code=222110
이엔셀,KOSDAQ,5870.0,64743264790,-4.03,1.65,-1482.0,3609.0,0.97727,868006840.0,-4678721380.0,-7230742150.0,,45.13103,제약,20950.0,4800.0,0.021553165,11029517,456070,520262.0,219359.45,2.371732788352633,1407694679.25,-17.20733427362482,-62.226512226512234,13.32559869200985,-41.06400665004156,-539.0189528921223,97.727,-71.98090692124104,https://finance.naver.com/item/main.naver?code=456070
남화산업,KOSDAQ,3155.0,64955140000,9.77,0.34,324.0,9175.0,0.07961,5493246360.0,1093409430.0,2938370880.0,,14.87228,"호텔,레스토랑,레저",7820.0,2600.0,0.0131499903,20588000,111710,24083.0,181638.8,0.1325873106406781,621698472.4,-35.61224489795919,-20.62893081761006,0.3289770687760545,3.5313351498637604,19.904613016482298,7.961,-59.654731457800516,https://finance.naver.com/item/main.naver?code=111710
네오뷰,KOSDAQ,12410.0,65477331750,0.0,0.0,0.0,0.0,,,,,,15.86239,디스플레이장비및부품,25600.0,11940.0,0.1606694243,5276175,0218L0,12952.0,23575.9,0.5493745731870256,312719955.5,-30.86350974930362,-30.86350974930362,0.7862690289660204,,,,-51.5234375,https://finance.naver.com/item/main.naver?code=0218L0
인지소프트,KOSDAQ,19750.0,64853351500,2.55,0.77,8108.0,26761.0,0.18896,4523907530.0,1215509640.0,47465717430.0,,216.01575,소프트웨어,23700.0,15300.0,0.013022145,3283714,100030,10112.0,8999.1,1.1236679223477903,182234685.0,24.44864524259609,1.8566271273852575,1.1236679223477903,30.297821456597283,26.86857836813477,18.895999999999997,-16.666666666666664,https://finance.naver.com/item/main.naver?code=100030
에이치엘지노믹스,KOSDAQ,8350.0,64981044350,6.01,0.61,1409.0,13925.0,0.07611,6607737350.0,2116193350.0,1787529850.0,,45.13103,제약,25550.0,8270.0,0.0141888609,7782161,0156T0,65777.0,118160.5,0.5566750309959758,1077006800.0,-43.542934415145375,-43.542934415145375,0.6924310577561875,10.118491921005386,32.02599071223677,7.611,-67.31898238747553,https://finance.naver.com/item/main.naver?code=0156T0
디지틀조선,KOSDAQ,1765.0,65508446255,11.91,0.71,147.0,2479.0,0.15406,11215793510.0,3750191060.0,3221593470.0,,31.01234,IT서비스,3070.0,1358.0,0.0164259899,37115267,033130,21121.0,40210.15,0.5252653869731896,72501653.2,-2.1075984470327214,-39.137931034482754,3.6218218534375026,5.929810407422348,33.43669849713558,15.406,-42.50814332247557,https://finance.naver.com/item/main.naver?code=033130
휴마시스,KOSDAQ,2605.0,64278377605,-3.85,0.28,-690.0,9505.0,0.40305,7738386940.0,-3311300290.0,-17103413700.0,,-34.55045,생명과학도구및서비스,6990.0,1898.0,0.0,24675001,205470,45558.0,82928.0,0.5493681265676249,249086411.9,24.04761904761905,242.31274638633374,0.8504003472892148,-7.259337190952131,-42.79057529268496,40.305,-62.73247496423462,https://finance.naver.com/item/main.naver?code=205470
삼륭물산,KOSDAQ,4415.0,65452375000,10.85,1.15,408.0,3863.0,0.8034,29764159850.0,2261664440.0,1943305530.0,,17.42997,포장재,11950.0,3545.0,0.0141326813,14825000,014970,27702.0,110853.4,0.24989761252248466,529292161.7,4.373522458628831,-28.094462540716613,0.6831364667209125,10.56173958063681,7.5986167639131255,80.34,-63.05439330543934,https://finance.naver.com/item/main.naver?code=014970
인디에프,KOSPI,4390.0,65949209610,-812.0,1.61,-5.0,2525.0,1.84249,28297082380.0,2283365580.0,1508940750.0,,8.86094,"섬유,의류,신발,호화품",6405.0,1406.0,0.0032835863,15022599,014990,572194.0,1016210.35,0.5630664950420944,4136185516.5,155.2325581395349,464.99356499356503,0.7725743001928685,-0.19801980198019803,8.069261520805595,184.249,-31.459797033567526,https://finance.naver.com/item/main.naver?code=014990
한국내화,KOSPI,1569.0,64434220278,-2.58,0.37,-607.0,4239.0,0.55329,104105844320.0,1824842470.0,2023204910.0,,28.1014,비철금속,2470.0,1339.0,0.0052911747,41067062,010040,10164.0,24305.65,0.41817437509385674,39170149.1,1.2258064516128986,-23.08823529411764,0.7424199723109647,-14.319414956357631,1.752872263723071,55.32899999999999,-36.477732793522264,https://finance.naver.com/item/main.naver?code=010040
와이즈넛,KOSDAQ,5480.0,64745547880,40.75,1.06,134.0,5170.0,0.16741,7433414910.0,-165198420.0,502887430.0,,216.01575,소프트웨어,16330.0,5010.0,0.0,11814881,096250,28755.0,16974.55,1.6940066157865747,95082314.5,-18.208955223880597,-49.770852428964254,2.009007602557947,2.591876208897485,-2.2223758797287423,16.741,-66.44213104715249,https://finance.naver.com/item/main.naver?code=096250
비상교육,KOSPI,5020.0,65243639820,2.88,0.31,1738.0,16305.0,0.78582,52569631060.0,-860460600.0,879855740.0,,10.54071,교육서비스,7470.0,4460.0,0.0519881869,12996741,100220,26859.0,25635.55,1.0477247416185727,127387362.7,-7.037037037037042,-4.562737642585546,2.8151141676304974,10.659306961054892,-1.6368016717064628,78.582,-32.797858099062914,https://finance.naver.com/item/main.naver?code=100220
아이엠티,KOSDAQ,8150.0,64178079650,65.73,2.08,124.0,3921.0,1.81983,9347002790.0,-163012400.0,-406703100.0,,33.4343,반도체와반도체장비,19500.0,6240.0,0.0396472918,7874611,451220,46154.0,24144.4,1.9115819817431785,197878489.25,-31.049069373942473,-31.96994991652755,2.786277563327314,3.162458556490691,-1.7440071824350016,181.983,-58.2051282051282,https://finance.naver.com/item/main.naver?code=451220
화성밸브,KOSDAQ,6150.0,64023960000,-32.06,0.67,-189.0,9065.0,0.35506,25583394330.0,758951160.0,2504468190.0,,183.01813,기계,11680.0,4260.0,0.0175834742,10410400,039610,329563.0,277087.15,1.189383917659119,1705470999.5,16.257088846880908,-24.07407407407407,1.189383917659119,-2.084942084942085,2.966577265746269,35.506,-47.3458904109589,https://finance.naver.com/item/main.naver?code=039610
한국전자인증,KOSDAQ,3405.0,64695000000,13.45,0.96,252.0,3523.0,0.35055,10542335410.0,1625637870.0,1222133080.0,,31.01234,IT서비스,4945.0,2990.0,0.0305736842,19000000,041460,17741.0,50125.65,0.35393057247137943,177680925.2,3.969465648854964,-12.015503875968992,0.7407185742229776,7.152994606869145,15.420092482145757,35.055,-31.14256825075834,https://finance.naver.com/item/main.naver?code=041460
국순당,KOSDAQ,3610.0,64468477440,9.14,0.24,397.0,15068.0,0.07592,14701920380.0,-1426251800.0,736590790.0,,16.57596,음료,5110.0,3115.0,0.0148645134,17858304,043650,36455.0,173180.5,0.21050291458911366,688831624.65,-7.435897435897432,-11.951219512195122,0.21050291458911366,2.6347225909211573,-9.701125860674809,7.5920000000000005,-29.354207436399214,https://finance.naver.com/item/main.naver?code=043650
다이나믹솔루션,KOSDAQ,1507.0,64556697216,-3.21,1.13,-496.0,1408.0,0.74878,4171842160.0,-950024250.0,-4835040010.0,,-31.45283,건강관리장비와용품,3480.0,1200.0,0.0,42837888,290660,555233.0,756140.85,0.7342983784039706,1335328154.75,-21.34655532359081,40.97287184284377,1.255830841568737,-35.22727272727273,-22.77229611198905,74.878,-56.695402298850574,https://finance.naver.com/item/main.naver?code=290660
원풍,KOSDAQ,5400.0,64800000000,8.25,0.6,646.0,8872.0,0.15288,23484413060.0,2358512200.0,2919428940.0,,-30.98927,화학,5740.0,4555.0,0.01326825,12000000,008370,15501.0,5286.65,2.9321025602224475,27267137.6,13.4453781512605,9.533468559837722,2.9321025602224475,7.281334535617674,10.042883311472464,15.287999999999998,-5.923344947735187,https://finance.naver.com/item/main.naver?code=008370
다스코,KOSPI,3180.0,64398978180,-11.56,0.39,-273.0,8046.0,1.53938,80365349580.0,-3923730800.0,-4077116070.0,,7.31423,건축자재,5800.0,2270.0,0.0099041289,20251251,058730,253447.0,2054223.35,0.12337850214778251,7668512356.0,-7.423580786026196,-8.62068965517241,0.1944438028123865,-3.392990305741984,-4.882366368722265,153.938,-45.17241379310345,https://finance.naver.com/item/main.naver?code=058730
더블유에스아이,KOSDAQ,1545.0,64134939960,-11.22,0.83,-106.0,1436.0,0.40041,12925235600.0,1026956770.0,817597050.0,,45.13103,제약,5000.0,1012.0,0.0530370197,41511288,299170,3851256.0,110962.35,34.70777250121325,131790879.3,26.019575856443723,-42.67161410018553,34.70777250121325,-7.381615598885793,7.945362094598879,40.041,-69.10000000000001,https://finance.naver.com/item/main.naver?code=299170
이글루,KOSDAQ,5900.0,64877102100,-1465.0,0.81,-4.0,7266.0,0.31828,45896625050.0,28470550.0,1641149490.0,,31.01234,IT서비스,8700.0,4600.0,0.0409636345,10996119,067920,40138.0,86684.0,0.4630381615984495,503357497.5,26.881720430107524,-0.8403361344537785,5.063391167920262,-0.055050922102945224,0.06203190314970665,31.828,-32.18390804597702,https://finance.naver.com/item/main.naver?code=067920
팜젠사이언스,KOSPI,2825.0,63998581125,-0.45,0.43,-6256.0,6677.0,0.31529,47717245820.0,1797971590.0,-13583136930.0,,45.13103,제약,4570.0,2590.0,0.0154387024,22654365,004720,17512.0,14638.3,1.1963137796055554,44582729.35,-1.5679442508710784,-24.465240641711226,1.9470157053756243,-93.69477310169238,3.767970173262611,31.529,-38.183807439824946,https://finance.naver.com/item/main.naver?code=004720
신일전자,KOSPI,928.0,63612099488,15.31,0.76,61.0,1221.0,0.9297,71885680270.0,6976105130.0,5242596250.0,,11.82308,가정용기기와용품,1501.0,919.0,0.0258182349,68547521,002700,522019.0,372061.15,1.4030462465645768,365415222.75,-8.661417322834641,-32.55813953488372,1.5294018201040338,4.995904995904995,9.704443365908206,92.97,-38.17455029980014,https://finance.naver.com/item/main.naver?code=002700
스마트레이더시스템,KOSDAQ,3925.0,64704056750,-20.56,3.35,-189.0,1160.0,1.04419,1943612780.0,-1798067550.0,-5115893910.0,,9.52744,자동차부품,9990.0,2755.0,0.0371788845,16485110,424960,6155.0,15077.85,0.4082146990452883,58400186.0,3.0183727034120755,-43.767908309455585,2.2521115411016823,-16.29310344827586,-92.511613861687,104.419,-60.7107107107107,https://finance.naver.com/item/main.naver?code=424960
아미코젠,KOSDAQ,899.0,63519192913,-1.64,0.52,-543.0,1703.0,0.65866,13392562820.0,-1301362640.0,-20841809420.0,,-65.60732,생물공학,4090.0,787.0,0.0289039391,70655387,092040,229097.0,465393.3,0.4922653592133793,435230821.8,-38.67667121418826,-40.89414858645628,1.8126797270179869,-31.88490898414563,-9.717054588361453,65.866,-78.01955990220048,https://finance.naver.com/item/main.naver?code=092040
티플랙스,KOSDAQ,2605.0,63219187210,18.91,0.37,137.0,6922.0,0.68654,71478912970.0,2155529020.0,454522280.0,,28.1014,비철금속,5570.0,2275.0,0.0616990356,24268402,081150,93298.0,64182.3,1.453640645473908,172596771.45,6.10997963340123,-18.97356143079316,1.453640645473908,1.9791967639410575,3.01561527789977,68.65400000000001,-53.23159784560143,https://finance.naver.com/item/main.naver?code=081150
지아이텍,KOSDAQ,1610.0,63364995400,93.24,0.73,17.0,2160.0,0.32396,9586475460.0,-529751780.0,365440500.0,,-77.6154,전기제품,3265.0,1531.0,0.0339401186,39357140,382480,56929.0,75793.55,0.7511061297432301,122594943.8,-1.948842874543244,-30.603448275862068,0.76300687855365,0.787037037037037,-5.526032817904903,32.396,-50.68912710566615,https://finance.naver.com/item/main.naver?code=382480
네오이뮨텍,KOSDAQ,1900.0,65002496000,,,,,0.35061,1169571000.0,-4207783000.0,-446259000.0,,45.13103,제약,4450.0,1115.0,0.0074493509,34211840,950220,280083.0,1179427.85,0.2374736190942074,3073919262.45,50.79365079365079,261.21673003802283,0.4150215716883402,,-359.7714888621554,35.061,-57.30337078651686,https://finance.naver.com/item/main.naver?code=950220
SK디앤디,KOSPI,3385.0,63019838070,12.9,0.16,259.0,20844.0,2.19733,84026049060.0,-42817140620.0,-44863405250.0,,32.34138,부동산,9396.15,2507.228,0.0037230799,18617382,210980,118516.0,775910.95,0.15274433232318735,3301179473.05,-70.09717314487632,-74.54887218045113,0.3345061698123992,1.2425638073306469,-50.95698429117596,219.733,-63.97460662079681,https://finance.naver.com/item/main.naver?code=210980
비엘팜텍,KOSDAQ,2250.0,62806034250,-3.51,7.47,-629.0,296.0,1.04457,713406640.0,-483275970.0,-806609630.0,,-10.44112,건강관리업체및서비스,8150.0,376.0,0.0232197394,27913793,065170,1047217.0,911210.3,1.1492593970897826,2114455366.3,-17.88321167883211,-52.58166491043204,1.1492593970897826,-212.5,-67.7420061579466,104.457,-72.39263803680981,https://finance.naver.com/item/main.naver?code=065170
무림페이퍼,KOSPI,1494.0,62164309140,-3.93,0.14,-369.0,10373.0,3.33359,337689478720.0,28030884350.0,-58217253260.0,,-5.79675,종이와목재,2685.0,1256.0,0.0189865922,41609310,009200,1290046.0,33833.8,38.12891250761073,50864296.2,18.949044585987252,-23.541453428863868,38.12891250761073,-3.557312252964427,8.300787000012576,333.359,-44.357541899441344,https://finance.naver.com/item/main.naver?code=009200
이화공영,KOSDAQ,2215.0,62588831935,16.91,4.03,131.0,550.0,2.01419,10369245490.0,-1128787170.0,-1280035370.0,,38.14669,건설,2215.0,1616.0,0.0057435714,28256809,001840,,,,,,,,23.81818181818182,-10.885914226725477,201.419,0.0,https://finance.naver.com/item/main.naver?code=001840
예림당,KOSDAQ,2740.0,63113918980,0.5,0.25,5479.0,11107.0,0.0122,2399656490.0,-263229690.0,9767110700.0,,2.31491,출판,4035.0,2505.0,0.0167166089,23034277,036000,12296.0,36247.45,0.33922386264413085,107381043.95,-13.83647798742138,-11.755233494363926,0.937528019212386,49.32925182317457,-10.969473801644002,1.22,-32.09417596034696,https://finance.naver.com/item/main.naver?code=036000
티이엠씨씨엔에스,KOSDAQ,6300.0,63016594200,14.57,0.54,438.0,11871.0,0.70015,55925938590.0,96735630.0,392812900.0,,33.4343,반도체와반도체장비,9800.0,4015.0,0.026419941,10002634,241790,150182.0,83713.95,1.7939901294826013,536287889.5,-3.076923076923077,-14.518317503392131,10.394205505772932,3.6896638867829163,0.1729709548715506,70.015,-35.71428571428571,https://finance.naver.com/item/main.naver?code=241790
이오플로우,KOSDAQ,1490.0,62295566450,-1.21,-0.42,-1227.0,-3559.0,-1.65551,124204550.0,-2377112090.0,-5516387140.0,,-31.45283,건강관리장비와용품,1490.0,1490.0,0.2089249459,41809105,294090,,,,,,,,34.475976397864564,-1913.8687672875108,-165.55100000000002,0.0,https://finance.naver.com/item/main.naver?code=294090
휴니드,KOSPI,4400.0,62110466000,-5.75,0.35,-763.0,12438.0,1.1472,29260083620.0,-428228040.0,242660420.0,,41.91298,우주항공과국방,11850.0,3550.0,0.2783898289,14116015,005870,24466.0,35967.9,0.6802176385054451,160329660.8,4.018912529550822,-48.837209302325576,1.2046574862585806,-6.134426756713298,-1.4635229535273626,114.72,-62.869198312236286,https://finance.naver.com/item/main.naver?code=005870
유비벨록스,KOSDAQ,4110.0,60541117890,-7.53,0.45,-546.0,9085.0,1.11405,172576458330.0,-2019809490.0,1113957610.0,,39.29421,전자제품,6350.0,3660.0,0.0347749545,14730199,089850,5103.0,8529.95,0.5982450072978153,34893929.5,7.4509803921568585,-22.3062381852552,1.964607061002702,-6.00990643918547,-1.1703852944633553,111.405,-35.275590551181104,https://finance.naver.com/item/main.naver?code=089850
옵트론텍,KOSDAQ,1817.0,63528370610,-2.71,0.99,-670.0,1841.0,3.39205,60742904800.0,2645528580.0,-2734233140.0,,255.50195,전자장비와기기,2540.0,1241.0,0.097219115,34963330,082210,35516.0,56403.1,0.6296817018922719,97065060.1,3.2386363636363713,-10.049504950495047,2.0194102806406034,-36.39326453014666,4.355288224543387,339.205,-28.46456692913386,https://finance.naver.com/item/main.naver?code=082210
알체라,KOSDAQ,1477.0,62260936619,-21.16,2.53,-69.0,578.0,0.77693,2739481440.0,-3201038700.0,-3277691360.0,,216.01575,소프트웨어,3280.0,1198.0,0.0607222431,42153647,347860,112683.0,136327.0,0.8265640702135307,182257567.55,12.404870624048714,-16.17480136208853,1.0453395145495756,-11.937716262975778,-116.84834411581193,77.693,-54.96951219512195,https://finance.naver.com/item/main.naver?code=347860
푸드웰,KOSDAQ,6150.0,61500000000,5.64,0.57,1094.0,10889.0,1.09595,94180663170.0,8884546160.0,6034648690.0,,32.42418,식품,10220.0,5440.0,0.0285596,10000000,005670,21138.0,12933.3,1.634385655633133,81239216.0,2.6711185308847973,4.237288135593231,3.445447024348001,10.04683625677289,9.433514121644086,109.595,-39.8238747553816,https://finance.naver.com/item/main.naver?code=005670
오가닉티코스메틱,KOSDAQ,3030.0,62357693910,,,,,0.28273,78827846000.0,14150363000.0,14000714000.0,,44.06295,화장품,24800.0,1541.0,0.0,20580097,900300,62868.0,854131.7,0.07360457409554054,3366567432.1,34.070796460176986,2285.8267716535433,0.2537489241998629,,17.95097001635691,28.273,-87.78225806451613,https://finance.naver.com/item/main.naver?code=900300
대현,KOSPI,1410.0,62438057100,5.62,0.22,249.0,6265.0,0.1284,54081777550.0,1833496510.0,2631118090.0,,8.86094,"섬유,의류,신발,호화품",1900.0,1369.0,0.061521226,44282310,016090,24219.0,71118.9,0.3405423874666228,102500004.7,2.0999275887038316,-14.493632504548215,0.9553437974996802,3.974461292897047,3.3902297466182305,12.839999999999998,-25.789473684210527,https://finance.naver.com/item/main.naver?code=016090
우신시스템,KOSPI,3435.0,62908775490,3.43,0.31,985.0,10957.0,1.42001,80388249940.0,-3545331610.0,173144110.0,,9.52744,자동차부품,7330.0,3320.0,0.0054641643,18314054,017370,8708.0,15538.15,0.5604270778696305,55602516.9,-17.92114695340502,-41.878172588832484,1.099165602082616,8.98968695810897,-4.410260968047142,142.001,-53.13778990450204,https://finance.naver.com/item/main.naver?code=017370
팬스타엔터프라이즈,KOSDAQ,1065.0,61952056425,-33.75,0.7,-32.0,1540.0,0.6646,19881636570.0,306574210.0,1246381320.0,,10.19046,해운사,1978.0,680.0,0.0056905213,58170945,054300,144330.0,267739.5,0.5390687589989523,297369869.5,42.95302013422819,72.05169628432957,0.8708539457196267,-2.0779220779220777,1.5419968518215401,66.46,-46.1577350859454,https://finance.naver.com/item/main.naver?code=054300
컴투스엔,KOSDAQ,2570.0,61708863670,-5.76,0.85,-440.0,2970.0,0.82239,8270076800.0,-1898580550.0,-2294734780.0,,10.53233,광고,7200.0,1805.0,0.3627947688,24011231,291230,32808.0,37744.2,0.8692196416932934,94079200.9,297.2179289026275,299.06832298136646,1.5592329417499908,-14.814814814814813,-22.95722997397074,82.23899999999999,-64.30555555555554,https://finance.naver.com/item/main.naver?code=291230
홈캐스트,KOSDAQ,1778.0,61686378278,1763.0,0.72,1.0,2458.0,0.08327,867496100.0,-2010293930.0,-2355598530.0,,30.75367,전문소매,2540.0,1186.0,0.0160349045,34694251,064240,60036.0,56466.05,1.063222945469003,100519607.5,15.006468305304011,-13.05623471882641,1.4289825479203875,0.04068348250610252,-231.73521241190596,8.327,-30.000000000000004,https://finance.naver.com/item/main.naver?code=064240
에스엠씨지,KOSDAQ,3055.0,61323943720,41.37,1.41,73.0,2138.0,0.77902,17323112320.0,1659713500.0,1417867250.0,,17.42997,포장재,6320.0,1790.0,0.0243229515,20073304,460870,115997.0,43009.05,2.6970370189529875,122342882.05,57.47422680412371,-9.212481426448738,5.9697900790647545,3.4144059869036485,9.58091981014183,77.902,-51.66139240506329,https://finance.naver.com/item/main.naver?code=460870
삼성출판사,KOSPI,6190.0,61900000000,15.23,0.38,405.0,16404.0,0.17777,10047937240.0,-213631560.0,3741097880.0,,2.31491,출판,18710.0,5500.0,0.0137618,10000000,068290,6820.0,7997.25,0.8527931476445028,50288785.75,1.976935749588149,-33.93810032017076,1.1053799743661883,2.468910021945867,-2.12612355050896,17.777,-66.91608765366115,https://finance.naver.com/item/main.naver?code=068290
와이엠씨,KOSDAQ,3240.0,61476919920,44.6,0.52,75.0,6461.0,0.53671,53408493570.0,2788252960.0,2324557480.0,,15.86239,디스플레이장비및부품,5130.0,2480.0,0.0377333452,18974358,155650,97405.0,70569.15,1.380277359157649,229808918.3,9.459459459459453,-11.836734693877549,4.7957216432392915,1.1608110199659496,5.220617122154116,53.671,-36.8421052631579,https://finance.naver.com/item/main.naver?code=155650
동원모빌리티,KOSPI,1330.0,62184060890,1.59,0.35,835.0,3844.0,2.43576,193668847570.0,14414948490.0,13922179770.0,,9.52744,자동차부품,1967.0,1219.0,0.036610939,46754933,018500,53840.0,42273.35,1.273615646737247,59214030.0,2.3076923076922995,-18.654434250764528,1.418718885538998,21.72216441207076,7.443090962158918,243.57600000000002,-32.38434163701067,https://finance.naver.com/item/main.naver?code=018500
유니테크노,KOSDAQ,2525.0,61788532650,-19.05,0.44,-131.0,5612.0,0.79405,34212536520.0,2817988340.0,3183523760.0,,9.52744,자동차부품,4980.0,2155.0,0.016737768,24470706,241690,12634.0,29142.55,0.43352417684794226,75538600.15,-1.9417475728155331,-36.39798488664987,1.646218330242206,-2.3342836778332146,8.23671269843631,79.405,-49.29718875502008,https://finance.naver.com/item/main.naver?code=241690
삼기,KOSDAQ,1592.0,61036369376,-8.85,0.58,-175.0,2656.0,3.48203,175953991860.0,1156739650.0,1720244270.0,,9.52744,자동차부품,2345.0,836.0,0.0302738476,38339428,122350,2202944.0,886766.2,2.484244437823634,1483964136.25,-13.195201744820062,5.36068828590337,2.484244437823634,-6.588855421686747,0.6574102910494775,348.203,-32.110874200426444,https://finance.naver.com/item/main.naver?code=122350
시선AI,KOSDAQ,4335.0,60471004470,-3.58,4.13,-1299.0,1126.0,1.11785,2501569990.0,-2793061700.0,-3383731800.0,,216.01575,소프트웨어,5100.0,2105.0,0.0514397596,13949482,340810,310629.0,289692.55,1.0722712751846744,1202684218.9,97.94520547945204,64.20454545454545,5.105253828584822,-115.36412078152753,-111.65235077032565,111.785,-15.000000000000002,https://finance.naver.com/item/main.naver?code=340810
제이엔케이글로벌,KOSDAQ,2655.0,61511366565,20.24,0.37,126.0,6844.0,0.64042,71445167030.0,-222775850.0,-676553060.0,,-138.54638,석유와가스,5520.0,2255.0,0.0252258675,23168123,126880,133930.0,32779.5,4.085785323144038,82224655.8,-6.183745583038869,-27.359781121751027,4.085785323144038,1.8410286382232612,-0.3118137436874574,64.042,-51.902173913043484,https://finance.naver.com/item/main.naver?code=126880
케이엘넷,KOSDAQ,2665.0,61153739010,5.94,0.82,449.0,3233.0,0.10874,10652464040.0,2546632880.0,1871484270.0,,31.01234,IT서비스,3260.0,2420.0,0.1052996745,22946994,039420,3691.0,17511.45,0.2107763777414206,47835530.7,7.676767676767682,-7.304347826086954,1.578110322103538,13.888029693782864,23.906514684653185,10.874,-18.251533742331283,https://finance.naver.com/item/main.naver?code=039420
FSN,KOSDAQ,1363.0,61677979868,-2.83,0.95,-475.0,1408.0,2.3407,76707658730.0,11974278000.0,4976263370.0,,18.54451,양방향미디어와서비스,2780.0,1198.0,0.0,45251636,214270,47291.0,59558.0,0.7940327076127472,77113261.9,5.9052059052059125,-38.60360360360361,0.9819839484200276,-33.73579545454545,15.610276989612926,234.07,-50.97122302158274,https://finance.naver.com/item/main.naver?code=214270
아우토크립트,KOSDAQ,6250.0,60943693750,-4.46,1.98,-1434.0,3227.0,1.46914,7464506890.0,-792533100.0,-106279470.0,,9.52744,자동차부품,22750.0,5120.0,0.020079395,9750991,331740,27087.0,47648.15,0.568479573708528,334684446.25,-20.076726342710995,-65.50772626931567,3.0156679745173736,-44.43755810350171,-10.61735372046793,146.914,-72.52747252747253,https://finance.naver.com/item/main.naver?code=331740
흥국,KOSDAQ,5280.0,61807680000,4.8,0.49,1099.0,10653.0,0.1703,42690449470.0,4566678790.0,4084535530.0,,183.01813,기계,6110.0,4750.0,0.0670654365,11706000,010240,10775.0,11671.3,0.9232047843856298,62546017.25,1.538461538461533,0.0,1.9220652369487548,10.316342814230733,10.697190698845082,17.03,-13.58428805237316,https://finance.naver.com/item/main.naver?code=010240
씨케이솔루션,KOSPI,1896.0,61584749568,-1.5,0.84,-1265.0,2264.0,1.93074,84959558610.0,607653310.0,-1171134720.0,,183.01813,기계,4171.205,1039.0,0.0117712262,32481408,480370,165407.0,576609.15,0.2868615595156615,1127387208.45,57.605985037406484,-29.12149532710281,4.309180664233303,-55.87455830388692,0.7152265382985139,193.07399999999998,-54.54550903156282,https://finance.naver.com/item/main.naver?code=480370
에이비온,KOSDAQ,676.0,60908481504,-1.56,0.89,-434.0,759.0,0.22547,136978800.0,-4322222510.0,-9006759100.0,,45.13103,제약,4510.0,570.0,0.0449365417,90101304,203400,2169199.0,1470297.5,1.4753469961011292,1201001960.05,-66.61728395061728,-77.16216216216216,5.996260620724717,-57.180500658761524,-3155.3952217423425,22.547,-85.01108647450111,https://finance.naver.com/item/main.naver?code=203400
유엔젤,KOSPI,4795.0,60874701930,13.74,0.95,353.0,5122.0,0.2283,15194857970.0,1233968430.0,1893110840.0,,31.01234,IT서비스,6700.0,4160.0,0.0372160775,12695454,072130,32658.0,27961.5,1.1679630921087925,137424887.05,-10.205992509363293,-5.424063116370814,1.1679630921087925,6.891839125341663,8.120960606780848,22.830000000000002,-28.43283582089552,https://finance.naver.com/item/main.naver?code=072130
제이티,KOSDAQ,5930.0,61170992090,-135.81,0.84,-43.0,6972.0,0.38891,13867728720.0,2338131190.0,5686318630.0,,33.4343,반도체와반도체장비,8040.0,2935.0,0.086812842,10315513,089790,136605.0,213362.4,0.6402487036141326,1076658379.6,39.36545240893068,3.310104529616731,1.603422158730873,-0.6167527251864601,16.860231673179136,38.891,-26.243781094527364,https://finance.naver.com/item/main.naver?code=089790
오비고,KOSDAQ,4825.0,60977394650,-31.31,1.79,-153.0,2676.0,0.78632,10995324100.0,-1146058290.0,242183070.0,,216.01575,소프트웨어,7300.0,3115.0,0.006937124,12637802,352910,5173.0,17806.95,0.29050455018967314,78262168.7,38.64942528735633,11.431870669745958,0.4794757103265859,-5.7174887892376685,-10.42314241560192,78.632,-33.9041095890411,https://finance.naver.com/item/main.naver?code=352910
뉴엔AI,KOSDAQ,6740.0,60573728000,-48.97,1.11,-136.0,6023.0,0.07715,5310501310.0,226790950.0,412070580.0,,31.01234,IT서비스,30950.0,5450.0,0.0332504006,8987200,463020,229746.0,108630.75,2.114926022327932,841770247.75,-2.3188405797101463,-50.33161385408991,2.114926022327932,-2.258010957994355,4.270612824686413,7.715,-78.22294022617125,https://finance.naver.com/item/main.naver?code=463020
참좋은여행,KOSDAQ,4325.0,60550000000,5.27,0.58,807.0,7354.0,0.51137,17434512150.0,250740200.0,1290767510.0,,14.87228,"호텔,레스토랑,레저",7740.0,3920.0,0.0261965714,14000000,094850,18860.0,26155.4,0.7210748067320706,115993951.75,7.855361596009969,-18.39622641509434,0.7210748067320706,10.973619798748981,1.4381830580788577,51.137,-44.12144702842377,https://finance.naver.com/item/main.naver?code=094850
디티씨,KOSDAQ,3230.0,60374895140,13.42,0.3,240.0,10582.0,0.20268,39513730250.0,-660001460.0,-444016390.0,,104.30752,핸드셋,3700.0,2265.0,0.0105204292,18691918,066670,10619.0,13010.6,0.8161806526985689,41727553.45,26.915520628683698,20.07434944237918,0.8161806526985689,2.268002268002268,-1.6703091705698934,20.268,-12.702702702702705,https://finance.naver.com/item/main.naver?code=066670
와이어블,KOSDAQ,1265.0,60516030135,13.58,0.79,95.0,1631.0,0.85479,16387468260.0,1238146750.0,1250756800.0,,27.84037,무선통신서비스,3300.0,1003.0,0.0121498135,47838759,065530,137354.0,174797.4,0.7857897199843934,223216431.95,17.34693877551021,-11.16573033707865,6.6535142971234125,5.824647455548743,7.555448653543266,85.479,-61.66666666666667,https://finance.naver.com/item/main.naver?code=065530
인크로스,KOSDAQ,4925.0,60078213350,4.96,0.46,993.0,10770.0,1.02536,11711757110.0,2825260400.0,2648041990.0,,10.53233,광고,7650.0,4325.0,0.0592579227,12198622,216050,6757.0,11547.15,0.5851660366410759,58610759.5,2.604166666666674,-30.042613636363637,1.5379552530278033,9.220055710306408,24.123283752082525,102.536,-35.62091503267973,https://finance.naver.com/item/main.naver?code=216050
SGC E&C,KOSDAQ,12090.0,60897160740,-0.63,0.19,-18934.0,61780.0,3.21154,278670666880.0,14292820580.0,4106135170.0,,38.14669,건설,21750.0,9910.0,0.0164183502,5036986,016250,1401.0,2407.5,0.5819314641744548,28422977.75,7.275953859804796,-28.54609929078015,1.261889927310488,-30.64745872450631,5.128928975561936,321.154,-44.41379310344827,https://finance.naver.com/item/main.naver?code=016250
벡트,KOSDAQ,4435.0,60792762500,-13.19,3.36,-335.0,1316.0,1.29642,6059474740.0,-1714095200.0,-1735405180.0,,10.54071,교육서비스,5700.0,1401.0,0.0295485683,13707500,457600,50530.0,167678.15,0.30135113012637604,794375041.8,117.4019607843137,97.1111111111111,0.5305580959713594,-25.455927051671733,-28.28785123378532,129.642,-22.192982456140353,https://finance.naver.com/item/main.naver?code=457600
소마젠,KOSDAQ,3110.0,59824124830,,,,,0.66226,12016047000.0,180763000.0,2765420000.0,,-34.55045,생명과학도구및서비스,4690.0,2380.0,0.0,19236053,950200,76091.0,567686.8,0.13403693726893068,2128454056.5,29.045643153526978,-8.394698085419739,0.18886822804405526,,1.5043466457812622,66.226,-33.688699360341154,https://finance.naver.com/item/main.naver?code=950200
셀바스헬스케어,KOSDAQ,2320.0,59718108480,15.53,0.85,151.0,2766.0,0.12422,8202288930.0,372482440.0,-8676624330.0,,-31.45283,건강관리장비와용품,7490.0,2130.0,0.04083003,25740564,208370,163999.0,63462.65,2.584181404337827,151582214.75,-9.551656920077978,-48.61572535991141,2.584181404337827,5.459146782357195,4.541201159564615,12.422,-69.02536715620829,https://finance.naver.com/item/main.naver?code=208370
위지트,KOSDAQ,1438.0,61187639132,7.25,0.39,198.0,3681.0,0.70939,114696622160.0,7811591010.0,-1778760810.0,,15.86239,디스플레이장비및부품,2250.0,503.0,0.0097043246,42550514,036090,1094111.0,905629.7,1.2081218184430127,1289874976.9,-10.29320024953213,146.65523156089196,3.409097559410872,5.378973105134474,6.810654806471068,70.939,-36.088888888888896,https://finance.naver.com/item/main.naver?code=036090
삼화왕관,KOSPI,27600.0,59460860400,11.77,0.45,2345.0,61829.0,0.81178,48382225260.0,1077096070.0,778485550.0,,17.42997,포장재,36450.0,24100.0,0.0551346815,2154379,004450,684.0,2765.2,0.24736004628959932,74567050.0,7.184466019417468,-0.540540540540535,0.31028497034572544,3.79271862718142,2.2262226762242148,81.178,-24.279835390946502,https://finance.naver.com/item/main.naver?code=004450
오리콤,KOSDAQ,4940.0,59156747000,7.36,0.44,666.0,11173.0,0.82636,57274295550.0,3038457570.0,2070967810.0,,10.53233,광고,6910.0,4255.0,0.0409002885,11975050,010470,2155.0,4043.85,0.5329079960928323,19692985.85,11.136107986501687,-15.265866209262436,3.926456223648256,5.9607983531728275,5.305098108709956,82.636,-28.50940665701881,https://finance.naver.com/item/main.naver?code=010470
웨이브일렉트로,KOSDAQ,4110.0,59070588660,36.38,0.99,116.0,4249.0,1.02523,22024362200.0,2030503320.0,1889349560.0,,41.91298,우주항공과국방,12150.0,3215.0,0.0564729385,14372406,095270,32599.0,31291.85,1.0417728577888492,129223967.35,23.795180722891573,-20.348837209302328,1.5162094922479816,2.73005413038362,9.219351287275869,102.52300000000001,-66.17283950617283,https://finance.naver.com/item/main.naver?code=095270
보락,KOSPI,987.0,59121300000,25.28,1.21,39.0,814.0,0.17645,12491253450.0,683209000.0,931067450.0,,32.42418,식품,1527.0,814.0,0.0388114691,59900000,002760,65818.0,64773.95,1.0161183623972292,65338446.25,16.117647058823525,-19.031993437243642,1.0161183623972292,4.791154791154791,5.469499139816109,17.645,-35.36345776031434,https://finance.naver.com/item/main.naver?code=002760
제이씨현시스템,KOSDAQ,3070.0,58681306240,6.71,0.51,462.0,6135.0,0.28479,75982095260.0,498508460.0,2249878430.0,,19.90894,컴퓨터와주변기기,5840.0,2435.0,0.0396845169,19114432,033320,63024.0,162825.2,0.38706539282617186,518195492.05,13.075506445672191,-32.15469613259668,0.6599101367601574,7.530562347188265,0.6560867508248811,28.479,-47.43150684931506,https://finance.naver.com/item/main.naver?code=033320
오픈베이스,KOSDAQ,1905.0,59859639615,7.17,0.61,266.0,3142.0,0.83706,60740382450.0,3160029930.0,4709919300.0,,19.90894,컴퓨터와주변기기,4195.0,1521.0,0.0559383736,31422383,049480,139981.0,195432.45,0.7162628314796238,377308352.65,7.748868778280538,-13.211845102505693,1.1113405168895953,8.465945257797582,5.202518987431894,83.706,-54.58879618593564,https://finance.naver.com/item/main.naver?code=049480
테고사이언스,KOSDAQ,7270.0,58951223180,-8.29,1.15,-876.0,6308.0,0.75194,1970339170.0,-1152582830.0,-4885030510.0,,-65.60732,생물공학,19190.0,5230.0,0.0147606919,8108834,191420,1816.0,3855.55,0.4710093242209282,29287433.75,11.674347158218135,-43.77416860015468,9.82920724669632,-13.88712745719721,-58.49667141317604,75.194,-62.115685252735794,https://finance.naver.com/item/main.naver?code=191420
부방,KOSDAQ,1034.0,58989327760,24.05,0.32,43.0,3207.0,0.44459,76009178790.0,-630546140.0,-1750049060.0,,11.82308,가정용기기와용품,1557.0,750.0,0.0132508636,57049640,014470,67623.0,102798.7,0.657819602777078,104586335.9,10.000000000000009,-25.87813620071685,0.9515392704382448,1.3408169628936701,-0.829565784077326,44.458999999999996,-33.59023763648041,https://finance.naver.com/item/main.naver?code=014470
유유제약,KOSPI,3735.0,58816770570,7.67,0.53,492.0,7069.0,0.4221,36697112370.0,4002469930.0,3555164750.0,,45.13103,제약,5100.0,3320.0,0.0217851613,15747462,000220,64428.0,231431.1,0.2783895509289806,933207083.7,1.9099590723056004,-13.84083044982699,0.2783895509289806,6.959966048946102,10.906770782520837,42.21,-26.764705882352946,https://finance.naver.com/item/main.naver?code=000220
HLB제넥스,KOSDAQ,1783.0,58205940501,2.34,1.29,775.0,1403.0,1.01274,11333291540.0,959072260.0,7046106440.0,,-65.60732,생물공학,3680.0,1323.0,0.0085872095,32644947,187420,156764.0,115196.25,1.3608429093829009,212853754.5,-8.704557091653864,-34.4485294117647,3.975650249031544,55.23877405559515,8.462433500585655,101.274,-51.548913043478265,https://finance.naver.com/item/main.naver?code=187420
레몬헬스케어,KOSDAQ,4390.0,59069904010,-19.71,23.32,-226.0,191.0,0.47423,2930897430.0,-2126857090.0,-2145049480.0,,-10.44112,건강관리업체및서비스,20300.0,3830.0,0.0067547547,13455559,365660,261327.0,1169772.55,0.22339983956710216,5781489291.5,-53.297872340425535,-53.297872340425535,0.4568982235050737,-118.32460732984293,-72.56675270277199,47.423,-78.3743842364532,https://finance.naver.com/item/main.naver?code=365660
수산아이앤티,KOSDAQ,8600.0,58058600000,11.11,0.64,774.0,13514.0,0.0737,7721222580.0,646058850.0,3871372190.0,,216.01575,소프트웨어,10750.0,6860.0,0.0139545253,6751000,050960,2383.0,2717.6,0.876876655872829,23670441.25,24.63768115942029,-5.286343612334798,0.876876655872829,5.727393813822703,8.3673128614821,7.37,-19.999999999999996,https://finance.naver.com/item/main.naver?code=050960
엠투엔,KOSDAQ,1460.0,58359785760,-96.47,0.42,-15.0,3477.0,0.25073,22849230170.0,659267480.0,4278935280.0,,9.52744,자동차부품,2280.0,1100.0,0.0136714642,39972456,033310,46834.0,188153.7,0.24891352123290691,281781301.95,14.151681000781856,-19.999999999999996,0.24891352123290691,-0.4314063848144953,2.8852940562767326,25.073,-35.96491228070175,https://finance.naver.com/item/main.naver?code=033310
희림,KOSDAQ,4275.0,59518580625,6.7,0.6,619.0,6930.0,1.3737,56744520180.0,2248119150.0,2008303420.0,,38.14669,건설,7460.0,3095.0,0.0598579635,13922475,037440,176737.0,1063472.85,0.16618853974504377,4755993796.55,20.08426966292134,5.42540073982738,0.1937284999800418,8.932178932178932,3.9618259928336923,137.37,-42.69436997319035,https://finance.naver.com/item/main.naver?code=037440
태양,KOSDAQ,6800.0,58480000000,4.58,0.28,1489.0,24397.0,0.16715,44167720340.0,3637476110.0,5203247310.0,,6.21507,가정용품,8210.0,5910.0,0.0114815116,8600000,053620,3574.0,5812.6,0.614871142001858,40220346.25,7.2555205047318605,-0.8746355685131157,0.614871142001858,6.103209410993156,8.23559849138458,16.715,-17.174177831912306,https://finance.naver.com/item/main.naver?code=053620
3S,KOSDAQ,1109.0,58842475360,-11.13,1.36,-103.0,841.0,0.25157,5574850520.0,5675390.0,-492653100.0,,183.01813,기계,2035.0,831.0,0.0256814296,53059040,060310,237601.0,90543.8,2.624155381152547,103079864.95,-0.6272401433691788,-11.70382165605095,2.624155381152547,-12.247324613555291,0.10180344709942106,25.157,-45.503685503685496,https://finance.naver.com/item/main.naver?code=060310
해성에어로보틱스,KOSDAQ,5120.0,57166330880,398.46,1.46,13.0,3551.0,0.5063,3315335680.0,-735940470.0,1278457200.0,,183.01813,기계,21400.0,3980.0,0.0520901411,11165299,059270,36182.0,74312.9,0.48688720262565455,370500039.9,-15.789473684210531,-54.367201426024955,0.8930481787145974,0.36609405801182765,-22.198068039975972,50.629999999999995,-76.07476635514018,https://finance.naver.com/item/main.naver?code=059270
서울평가정보,KOSDAQ,1651.0,58024395000,7.93,1.71,205.0,951.0,0.20335,17328470780.0,7395834020.0,5810084410.0,,15.37804,상업서비스와공급품,2530.0,1400.0,0.0145076398,35145000,036120,71169.0,71334.4,0.9976813430827204,116803045.45,10.656836461126007,-22.488262910798117,0.9976813430827204,21.55625657202944,42.68024636389755,20.335,-34.74308300395257,https://finance.naver.com/item/main.naver?code=036120
DGI,KOSDAQ,1284.0,58141862016,-17.59,2.52,-73.0,509.0,0.19617,9041478750.0,995482250.0,1442183310.0,,-362.11639,통신장비,1284.0,1284.0,0.0092907256,45281824,099520,,,,,,,,-14.341846758349705,11.01017076437856,19.617,0.0,https://finance.naver.com/item/main.naver?code=099520
태경케미컬,KOSPI,5050.0,58580000000,6.56,0.34,770.0,14876.0,0.29149,12165420080.0,-1812765900.0,342647140.0,,-30.98927,화학,11640.0,4905.0,0.0103163793,11600000,006890,23539.0,21179.65,1.1113970249744447,107767901.65,-0.9803921568627416,-41.61849710982659,4.8588149473669295,5.176122613605808,-14.9009724948191,29.149,-56.61512027491409,https://finance.naver.com/item/main.naver?code=006890
토탈소프트,KOSDAQ,6800.0,58194672000,6.8,1.59,997.0,4272.0,0.39198,9595516530.0,4176931290.0,3586134100.0,,6.50765,운송인프라,9260.0,5580.0,0.0831782745,8558040,045340,16100.0,18789.55,0.8568592648573277,128068627.5,20.353982300884965,-0.8746355685131157,1.0595251083714086,23.338014981273407,43.530030686112525,39.198,-26.565874730021598,https://finance.naver.com/item/main.naver?code=045340
한컴라이프케어,KOSPI,2065.0,57147648390,-7.74,0.47,-279.0,4590.0,0.44609,55074218230.0,7608901630.0,6819492290.0,,-31.45283,건강관리장비와용품,3780.0,1524.0,0.032688651,27674406,372910,486681.0,1138761.25,0.4273775560943964,2515101799.15,28.101736972704707,-16.733870967741936,3.6677696927253187,-6.078431372549019,13.815723353936384,44.609,-45.370370370370374,https://finance.naver.com/item/main.naver?code=372910
LK삼양,KOSDAQ,821.0,57854589240,-2.35,1.74,-350.0,472.0,0.44462,5781963660.0,-1944208010.0,-2570763540.0,,255.50195,전자장비와기기,3155.0,489.0,0.0109155531,70468440,225190,7937456.0,6519920.4,1.2174160899264965,7382406047.05,-39.364844903988185,-64.22657952069717,3.107841469966412,-74.15254237288136,-33.625393107365184,44.462,-73.97781299524564,https://finance.naver.com/item/main.naver?code=225190
브이원텍,KOSDAQ,3520.0,56118958720,-5.65,0.51,-614.0,6767.0,0.52187,13037445670.0,-2389117430.0,-2410004010.0,,183.01813,기계,11000.0,3120.0,0.0147160934,15942886,251630,52214.0,11786.05,4.430152595653336,40685977.9,1.1494252873563315,-40.74074074074075,4.430152595653336,-9.073444657898627,-18.32504227033914,52.187,-68.0,https://finance.naver.com/item/main.naver?code=251630
코츠테크놀로지,KOSDAQ,11070.0,58508182440,7.01,0.96,1627.0,11871.0,1.20486,20747729940.0,2480243300.0,1908822550.0,,41.91298,우주항공과국방,26000.0,9250.0,0.0464848489,5285292,448710,17243.0,15102.85,1.1417050424257673,170781924.75,8.742632612966595,-45.333333333333336,1.4301274262804702,13.705669278072612,11.954287563856733,120.486,-57.42307692307692,https://finance.naver.com/item/main.naver?code=448710
와이엠텍,KOSDAQ,5360.0,58777760000,16.85,0.94,311.0,5590.0,0.74279,17652206900.0,1844152960.0,1340143130.0,,-77.6154,전기제품,13990.0,3905.0,0.023447474,10966000,273640,25593.0,12128.4,2.1101711684970814,62663868.7,4.483430799220267,-25.348189415041777,5.008574915075361,5.56350626118068,10.447152418092267,74.279,-61.68691922802001,https://finance.naver.com/item/main.naver?code=273640
호전실업,KOSPI,6420.0,58203720000,4.54,0.3,1416.0,21402.0,1.77098,110981607410.0,4354117400.0,303299070.0,,8.86094,"섬유,의류,신발,호화품",8840.0,6100.0,0.0203279285,9066000,111110,3904.0,7111.05,0.5490047180092954,45338612.0,4.051863857374394,-13.825503355704694,1.7735777416837175,6.616204093075413,3.9232783716265334,177.098,-27.37556561085973,https://finance.naver.com/item/main.naver?code=111110
앤디포스,KOSDAQ,1954.0,59578319760,8.29,0.46,230.0,4190.0,0.40138,10690864930.0,-1484482440.0,-1383127470.0,,104.30752,핸드셋,4150.0,1537.0,0.0107145715,30490440,238090,15617.0,26870.4,0.5811971537453853,50946327.05,-22.766798418972336,-36.86591276252019,9.492378230320352,5.4892601431980905,-13.885522356889416,40.138,-52.915662650602414,https://finance.naver.com/item/main.naver?code=238090
새론오토모티브,KOSPI,3010.0,57792000000,-110.37,0.23,-27.0,12758.0,0.12656,37578822450.0,-639241970.0,2464040350.0,,9.52744,자동차부품,3495.0,2615.0,0.6598020312,19200000,075180,30325.0,24389.45,1.2433654715460989,71952688.25,0.8375209380234505,-0.16583747927031434,1.6507137307319353,-0.21163191722840569,-1.7010697204536807,12.656,-13.876967095851212,https://finance.naver.com/item/main.naver?code=075180
대주산업,KOSDAQ,1619.0,57300214650,8.54,0.52,191.0,3160.0,0.29248,25268745950.0,2558077190.0,1972592240.0,,32.42418,식품,6090.0,1355.0,0.0923518783,35392350,003310,90742.0,266999.7,0.33985805976561023,451904478.65,6.094364351245085,-58.48717948717949,0.8966002583523501,6.044303797468355,10.123482958203551,29.248,-73.41543513957308,https://finance.naver.com/item/main.naver?code=003310
코위버,KOSDAQ,5880.0,57605184000,15.67,0.34,379.0,17332.0,0.17899,11970936370.0,-1273427520.0,-421997280.0,,-362.11639,통신장비,14550.0,4075.0,0.0294867712,9796800,056360,69815.0,125400.8,0.5567348852638898,721403207.25,13.733075435203101,-5.31400966183575,3.559849697928562,2.1867066697438267,-10.6376600847307,17.899,-59.58762886597938,https://finance.naver.com/item/main.naver?code=056360
아고스,KOSDAQ,2295.0,57247060635,-2.99,1.38,-756.0,1641.0,0.47131,9617273460.0,-2543987180.0,-2540806980.0,,39.29421,전자제품,5550.0,1752.0,0.0142075211,24944253,175140,16571.0,35135.45,0.47163192729849773,86617476.75,-3.57142857142857,-38.306451612903224,2.3808717406494013,-46.06946983546618,-26.45227039223651,47.131,-58.648648648648646,https://finance.naver.com/item/main.naver?code=175140
쏘닉스,KOSDAQ,3300.0,57111417000,-7.91,1.56,-399.0,2018.0,0.52033,5868371470.0,-1304869370.0,-1142973260.0,,104.30752,핸드셋,8640.0,1605.0,0.2056441254,17306490,088280,201107.0,116223.8,1.7303426664762294,334322766.55,13.793103448275868,27.413127413127402,5.211781063775233,-19.77205153617443,-22.23563004950673,52.032999999999994,-61.80555555555556,https://finance.naver.com/item/main.naver?code=088280
한국선재,KOSDAQ,2210.0,56385948840,169.62,0.43,13.0,5127.0,1.04021,71721118510.0,9225964950.0,3967466360.0,,42.88131,철강,4855.0,1801.0,0.044594255,25514004,025550,63143.0,53873.0,1.172071352996863,117143034.45,7.281553398058249,-33.83233532934131,1.8640691997846788,0.25355958650282817,12.863665739838726,104.02100000000002,-54.4799176107106,https://finance.naver.com/item/main.naver?code=025550
프리엠스,KOSDAQ,9370.0,56220000000,54.76,0.69,168.0,13288.0,0.15923,5539357400.0,-231934330.0,645094850.0,,183.01813,기계,11180.0,6400.0,0.007345,6000000,053160,5527.0,8627.5,0.6406259055346276,85599362.5,3.0803080308030806,18.01007556675063,1.5348594610257895,1.2642986152919928,-4.187025917482775,15.923000000000002,-16.189624329159212,https://finance.naver.com/item/main.naver?code=053160
에피소드컴퍼니,KOSDAQ,3345.0,58520380290,-5.08,2.11,-635.0,1525.0,1.35996,19429399420.0,-3100277850.0,-2893052170.0,,18.54451,양방향미디어와서비스,6020.0,1960.0,0.0027797272,17494882,317530,6927.0,10343.45,0.669699181607684,32193064.1,54.861111111111114,-19.591346153846157,1.8276300460678012,-41.63934426229508,-15.956632436145574,135.996,-44.435215946843854,https://finance.naver.com/item/main.naver?code=317530
앱튼,KOSDAQ,2415.0,55928777310,-2.11,0.57,-1300.0,4840.0,0.92334,3368075840.0,-1325409790.0,-3870730020.0,,-39.76501,에너지장비및서비스,9750.0,730.0,0.0,23158914,270520,563953.0,222655.4,2.5328512131302454,676115803.95,88.08411214953271,1072.3300970873786,2.5328512131302454,-26.859504132231404,-39.35213614429775,92.334,-75.23076923076924,https://finance.naver.com/item/main.naver?code=270520
진양제약,KOSDAQ,3945.0,55760945715,2.15,0.35,1828.0,11310.0,0.69228,32646047190.0,4215318740.0,2200726730.0,,45.13103,제약,6040.0,3350.0,0.0299084791,14134587,007370,7330.0,7352.05,0.9970008365013839,29333616.75,14.680232558139528,-13.581599123767795,1.473330567664801,16.162687886825818,12.912187241128596,69.228,-34.68543046357616,https://finance.naver.com/item/main.naver?code=007370
디알젬,KOSDAQ,5000.0,56628050000,7.92,0.58,622.0,8454.0,0.34231,29886762390.0,3496277360.0,3576039670.0,,-31.45283,건강관리장비와용품,6320.0,4605.0,0.1545974124,11325610,263690,12301.0,8291.1,1.4836390828719952,41458219.25,5.263157894736836,-3.2882011605415817,1.9098792681308872,7.357463922403595,11.698414550148268,34.231,-20.88607594936709,https://finance.naver.com/item/main.naver?code=263690
우리산업,KOSDAQ,6180.0,56436767340,4.02,0.47,1536.0,13224.0,1.97493,127149336640.0,4746554010.0,5579275830.0,,9.52744,자동차부품,10400.0,5610.0,0.0300009976,9132163,215360,8753.0,8092.25,1.0816521980907658,51127650.75,5.821917808219168,-27.122641509433965,1.1247798819858505,11.61524500907441,3.7330544817854583,197.493,-40.57692307692308,https://finance.naver.com/item/main.naver?code=215360
케이사인,KOSDAQ,7860.0,55547602500,21.4,0.6,371.0,13139.0,0.63125,9940269910.0,936297170.0,119567580.0,,216.01575,소프트웨어,16000.0,6330.0,0.0302867149,7067125,192250,37089.0,81783.0,0.45350500715307585,672535316.25,9.47075208913648,-21.321321321321317,4.1360918528300505,2.823654768247203,9.419232862661776,63.125,-50.875,https://finance.naver.com/item/main.naver?code=192250
지에스이,KOSDAQ,1853.0,55567017241,14.5,0.58,129.0,3237.0,1.19279,36322157860.0,1961444150.0,1767543780.0,,9.40121,가스유틸리티,4345.0,1415.0,0.0366204068,29987597,053050,58257.0,391737.45,0.14871440042303843,811729089.3,5.885714285714294,-36.865417376490626,0.37545044518975657,3.985171455050973,5.400131119853021,119.279,-57.35327963176064,https://finance.naver.com/item/main.naver?code=053050
딥노이드,KOSDAQ,1903.0,55895357496,-4.13,2.01,-472.0,970.0,0.52466,1311026880.0,-3296739500.0,-3234230620.0,,31.01234,IT서비스,5145.607,1120.0,0.0248293695,29372232,315640,104668.0,105110.5,0.9957901446572892,199056355.85,26.361221779548472,-47.43093922651934,5.32246540545426,-48.65979381443299,-251.46238801755155,52.466,-63.016996828556856,https://finance.naver.com/item/main.naver?code=315640
성원에너텍,KOSDAQ,806.0,55513882710,-1.45,1.1,-557.0,730.0,2.01064,488624170.0,-7956108540.0,-1654181870.0,,255.50195,전자장비와기기,2373.981,732.0,0.0181898471,68875785,340930,,,,,,,,-76.3013698630137,-1628.2674964687071,201.064,-66.04859095333957,https://finance.naver.com/item/main.naver?code=340930
일진디스플,KOSPI,902.0,55503470462,-7.39,1.63,-122.0,555.0,0.86903,10679988710.0,-676091960.0,-771238590.0,,19.06214,디스플레이패널,902.0,902.0,0.0088297841,61533781,020760,,,,,,,,-21.98198198198198,-6.330455755697143,86.90299999999999,0.0,https://finance.naver.com/item/main.naver?code=020760
인터지스,KOSPI,1887.0,56134238238,5.38,0.18,348.0,10387.0,0.77966,224365533150.0,7944932010.0,5475295860.0,,10.19046,해운사,2820.0,1795.0,0.0556662301,29747874,129260,8686.0,27594.0,0.31477857505254764,52645886.3,-0.9968520461699937,-23.13645621181263,2.985504095093136,3.35034177337056,3.541066178238884,77.96600000000001,-33.08510638297872,https://finance.naver.com/item/main.naver?code=129260
유신,KOSDAQ,18490.0,55470000000,5.38,0.36,3507.0,51711.0,1.21356,111986494440.0,6790496460.0,5121378030.0,,38.14669,건설,29150.0,14300.0,0.028576,3000000,054930,37415.0,18030.45,2.0751007323721815,342121135.75,16.070307595731315,-19.257641921397383,10.954912384327622,6.781922608342519,6.063674458207284,121.356,-36.56946826758147,https://finance.naver.com/item/main.naver?code=054930
진양산업,KOSPI,4305.0,55965000000,8.06,0.83,534.0,5164.0,0.67568,23691833000.0,1632307510.0,1159046510.0,,-30.98927,화학,8090.0,3660.0,0.0485253077,13000000,003780,40760.0,150967.95,0.2699910808883607,631936178.0,-7.0194384449244085,-23.398576512455517,7.409605813684295,10.340821068938807,6.88974766114551,67.568,-46.78615574783683,https://finance.naver.com/item/main.naver?code=003780
오리엔트바이오,KOSPI,1853.0,54933576603,-11.71,0.79,-156.0,2312.0,0.1543,6591323780.0,50062910.0,4847082300.0,,-65.60732,생물공학,1936.0,745.0,0.0,29645751,002630,184192.0,445093.4,0.4138277494116965,456338637.25,136.65389527458493,243.78478664192951,1.699744368260684,-6.747404844290658,0.7595273980001631,15.43,-4.287190082644631,https://finance.naver.com/item/main.naver?code=002630
케이피항공산업,KOSDAQ,7500.0,55449465000,0.0,0.0,0.0,0.0,1.89844,14324928260.0,-584105430.0,-13795176050.0,,41.91298,우주항공과국방,46500.0,5740.0,0.0147841372,7393262,288180,28039.0,36839.55,0.7611113599378928,292216910.0,-8.312958435207829,-82.89623717217788,10.263507561845897,,-4.077545237214332,189.844,-83.87096774193549,https://finance.naver.com/item/main.naver?code=288180
레뷰코퍼레이션,KOSDAQ,5110.0,55238164870,10.79,1.19,478.0,4348.0,0.40926,14793163300.0,1993099490.0,1175529060.0,,18.54451,양방향미디어와서비스,12250.0,4650.0,0.0134551769,10809817,443250,10888.0,13427.2,0.8108913250714966,77213705.75,-9.236234458259329,-50.723240115718426,1.2795668493803622,10.993560257589696,13.473112204473537,40.926,-58.285714285714285,https://finance.naver.com/item/main.naver?code=443250
조비,KOSPI,10700.0,55556957300,27.37,0.99,380.0,10535.0,1.42492,46413477250.0,3843660400.0,3203811360.0,,-30.98927,화학,20950.0,8640.0,0.0162623485,5192239,001550,33159.0,73800.55,0.4493055946060022,816802393.25,5.211406096361859,-37.645687645687644,0.4493055946060022,3.6070242050308496,8.28134547923793,142.492,-48.92601431980908,https://finance.naver.com/item/main.naver?code=001550
에스디생명공학,KOSDAQ,499.0,54756837359,-7.34,1.86,-68.0,268.0,0.15942,6295966040.0,-1389669710.0,-874528650.0,,44.06295,화장품,499.0,499.0,0.0167177024,109733141,217480,,,,,,,,-25.37313432835821,-22.07238255687923,15.942,0.0,https://finance.naver.com/item/main.naver?code=217480
포니링크,KOSDAQ,2120.0,54190293080,3.55,0.26,630.0,8570.0,0.23717,11974410330.0,-4416965980.0,-58708392820.0,,30.75367,전문소매,4865.0,1757.0,0.0356242967,25561459,064800,100678.0,116613.4,0.8633484659567425,328680718.05,-5.35714285714286,203.72492836676219,1.7086286824670236,7.351225204200699,-36.886709727442586,23.717,-56.42343268242549,https://finance.naver.com/item/main.naver?code=064800
우성,KOSPI,17690.0,54662100000,3.51,0.21,5039.0,82793.0,1.43322,163998314240.0,334067840.0,-3000998000.0,,32.42418,식품,25450.0,14500.0,0.0096666667,3090000,006980,955.0,9679.85,0.09865855359328915,183643770.75,12.103929024081106,-18.29099307159353,0.2170488179052361,6.086263331441064,0.20370199629681268,143.322,-30.49115913555992,https://finance.naver.com/item/main.naver?code=006980
엔시스,KOSDAQ,5060.0,55649424600,-7.87,1.04,-654.0,4968.0,0.8181,25496462500.0,2913808690.0,2121615870.0,,255.50195,전자장비와기기,8450.0,4630.0,0.0127336921,10997910,333620,32007.0,6420.5,4.985125769021105,33561191.0,3.2653061224489743,-15.666666666666663,4.985125769021105,-13.16425120772947,11.428286139694869,81.81,-40.11834319526627,https://finance.naver.com/item/main.naver?code=333620
SG&G,KOSDAQ,3210.0,54709949580,2.01,0.13,1612.0,24694.0,0.17173,12824607280.0,1444308430.0,68406281790.0,,9.52744,자동차부품,5010.0,2685.0,0.0306877104,17043598,040610,14489.0,24255.9,0.5973392040699376,76896883.05,12.041884816753923,60.5,1.8837890987347408,6.527901514537944,11.262009030501869,17.173,-35.928143712574844,https://finance.naver.com/item/main.naver?code=040610
덕우전자,KOSDAQ,3400.0,54163054000,8.02,0.52,434.0,6629.0,1.00788,42813267360.0,-555404250.0,-1977645890.0,,104.30752,핸드셋,6880.0,2810.0,0.0245280224,15930310,263600,29207.0,17849.15,1.6363244188098591,63662427.1,10.032362459546928,-35.238095238095234,4.224234767481924,6.546990496304119,-1.2972713465894186,100.78800000000001,-50.58139534883721,https://finance.naver.com/item/main.naver?code=263600
삼양케이씨아이,KOSDAQ,5040.0,54231408000,5.6,0.43,905.0,11666.0,0.16924,35512546130.0,3818874510.0,3034181160.0,,-30.98927,화학,7120.0,4710.0,0.0306124421,10760200,036670,14095.0,7005.7,2.0119331401573004,35469746.25,3.0674846625766916,-14.720812182741117,2.022495967569265,7.757586147779873,10.753592536058466,16.924,-29.21348314606742,https://finance.naver.com/item/main.naver?code=036670
삼천리자전거,KOSDAQ,4370.0,54188000000,8.43,0.54,526.0,8210.0,0.60376,49883042820.0,3280204460.0,3452951270.0,,10.58054,레저용장비와제품,7450.0,2795.0,0.0221309677,12400000,024950,13715.0,50467.55,0.2717587836144215,232827645.0,45.1827242524917,-24.0,0.43100962895959877,6.406820950060902,6.575790638587191,60.376,-41.34228187919463,https://finance.naver.com/item/main.naver?code=024950
에르코스,KOSDAQ,7050.0,53699730150,-8.25,0.99,-855.0,7124.0,1.02505,10269496390.0,-478081830.0,-2578659290.0,,32.42418,식품,17000.0,5830.0,0.0079352941,7616983,435570,945.0,3079.35,0.30688294607628236,21771351.75,15.953947368421062,-34.601113172541744,1.3142383944663647,-12.00168444693992,-4.655358080319652,102.505,-58.52941176470588,https://finance.naver.com/item/main.naver?code=435570
화일약품,KOSDAQ,6390.0,53788361760,-214.33,0.26,-30.0,24580.0,0.04045,24463367370.0,-912073530.0,4374222210.0,,45.13103,제약,13800.0,6310.0,0.0,8417584,061250,19260.0,53736.3,0.3584169360376505,416845613.25,-13.765182186234814,579.0648246546227,7.1622162299972265,-0.12205044751830757,-3.7283237266775346,4.045,-53.69565217391305,https://finance.naver.com/item/main.naver?code=061250
제이투케이바이오,KOSDAQ,9160.0,53562944280,20.07,1.59,459.0,5775.0,0.18724,15604505320.0,2693030620.0,2666149500.0,,44.06295,화장품,12860.0,6710.0,0.0177315607,5847483,420570,26250.0,82029.15,0.3200081922097206,803473477.0,27.222222222222214,18.346253229974163,7.142997336922302,7.9480519480519485,17.258032630796656,18.724,-28.77138413685848,https://finance.naver.com/item/main.naver?code=420570
기신정기,KOSPI,1945.0,56794000000,-69.26,0.22,-27.0,8443.0,0.05878,26719178470.0,-869289670.0,-306514590.0,,183.01813,기계,2625.0,1782.0,0.6317916781,29200000,092440,126550.0,66566.25,1.901113552288134,130192187.15,2.368421052631575,-12.975391498881429,1.901113552288134,-0.31979154329029963,-3.2534296328610135,5.878,-25.90476190476191,https://finance.naver.com/item/main.naver?code=092440
경창산업,KOSDAQ,1521.0,54480706605,-2.56,0.49,-587.0,3093.0,2.86618,186526380930.0,8404767720.0,6024363560.0,,9.52744,자동차부품,3035.0,1000.0,0.0314262219,35819005,024910,12750.0,42097.6,0.30286762190718713,66403879.45,9.819494584837551,-18.13778256189451,1.2728516590019383,-18.978338182993856,4.5059404884685765,286.618,-49.88467874794069,https://finance.naver.com/item/main.naver?code=024910
츌립앤사이언스,KOSDAQ,1759.0,53684013339,-3.18,1.28,-552.0,1372.0,0.62229,2392023160.0,-3083022170.0,-4255046820.0,,-34.55045,생명과학도구및서비스,3996.0,1350.0,0.2010918812,30519621,291650,21694.0,23542.2,0.9214941679197356,40489012.2,97.41863075196409,18.530997304582208,4.598040964735666,-40.2332361516035,-128.88763878021982,62.229,-55.98098098098099,https://finance.naver.com/item/main.naver?code=291650
화승알앤에이,KOSPI,2855.0,54226793665,3.0,0.33,960.0,8788.0,1.78255,201186387160.0,10561053510.0,8226684060.0,,9.52744,자동차부품,4500.0,2375.0,0.0309489137,18993623,378850,32247.0,24917.0,1.294176666532889,73630630.45,5.740740740740735,-20.251396648044697,1.294176666532889,10.923987255348203,5.2493877240317355,178.255,-36.55555555555555,https://finance.naver.com/item/main.naver?code=378850
위츠,KOSDAQ,4030.0,54268383000,26.09,1.18,152.0,3373.0,3.0659,42713103870.0,-1242192580.0,-2107440980.0,,104.30752,핸드셋,9290.0,3050.0,0.0464822035,13466100,459100,6926.0,9029.75,0.767020127910518,37000484.6,-4.047619047619044,-32.15488215488216,0.9992524709986433,4.506374147643047,-2.90822363034232,306.59000000000003,-56.6200215285253,https://finance.naver.com/item/main.naver?code=459100
코닉오토메이션,KOSDAQ,1268.0,54042755960,-18.71,2.24,-69.0,577.0,1.12988,4930041430.0,-1559700000.0,-5714945360.0,,31.01234,IT서비스,3700.0,967.0,0.0029792726,42620470,391710,126993.0,764060.35,0.16620807505585128,1065055741.05,2.838605028386043,-33.22801474460242,1.846250757548144,-11.95840554592721,-31.63665097232256,112.988,-65.72972972972973,https://finance.naver.com/item/main.naver?code=391710
코렌텍,KOSDAQ,4000.0,53629640000,8.17,0.68,489.0,5844.0,0.7547,25794979320.0,1454890370.0,1135726760.0,,-31.45283,건강관리장비와용품,7440.0,3385.0,0.0330088362,13407410,104540,8596.0,8964.5,0.9588934129064643,36262940.1,3.2258064516129004,-31.97278911564626,1.9070779184561326,8.367556468172484,5.640207545628689,75.47,-46.23655913978495,https://finance.naver.com/item/main.naver?code=104540
쎄크,KOSDAQ,6020.0,53129720700,-13.88,1.56,-451.0,4016.0,2.35052,7554600890.0,-3964333500.0,-3768555270.0,,255.50195,전자장비와기기,19530.0,4015.0,0.0575617229,8825535,081180,55480.0,98238.2,0.5647497612944863,559640446.05,7.308377896613183,-53.4416086620263,8.685246675936652,-11.2300796812749,-52.47575031061634,235.052,-69.17562724014337,https://finance.naver.com/item/main.naver?code=081180
평화산업,KOSPI,972.0,53364995748,3.44,0.87,286.0,1132.0,2.42802,172187312680.0,8257102610.0,7376019050.0,,9.52744,자동차부품,1085.0,787.0,0.0366391663,54902259,090080,96087.0,105237.75,0.9130468866922753,103651162.3,18.681318681318682,4.854368932038833,1.7809388741207408,25.265017667844525,4.7954187108694475,242.80200000000002,-10.414746543778797,https://finance.naver.com/item/main.naver?code=090080
범양건영,KOSPI,1935.0,53173451700,-0.61,-0.76,-3184.0,-2532.0,-2.46534,1003503790.0,-461367540.0,854182470.0,,38.14669,건설,1935.0,1935.0,0.0113706349,27479820,002410,,,,,,,,125.75039494470775,-45.97566492499246,-246.534,0.0,https://finance.naver.com/item/main.naver?code=002410
파이오링크,KOSDAQ,8300.0,53097880500,7.18,0.61,1160.0,13588.0,0.16425,15846660540.0,-132049800.0,1187033610.0,,-362.11639,통신장비,14420.0,7070.0,0.0448786878,6397335,170790,9188.0,14445.6,0.6360414243783574,120896639.75,12.771739130434788,-4.9255441008018375,0.967007254804231,8.536944362672946,-0.8332973352125582,16.425,-42.441054091539534,https://finance.naver.com/item/main.naver?code=170790
부산산업,KOSPI,49950.0,52747200000,-15.35,0.42,-3270.0,119423.0,0.97559,24756360520.0,1359934640.0,505414100.0,,7.31423,건축자재,94600.0,33600.0,0.0159043561,1056000,011390,3820.0,9467.6,0.40348134690945964,479709645.0,14.695752009184847,-34.4488188976378,0.6167349697917106,-2.738166014921749,5.493273693850698,97.559,-47.198731501057075,https://finance.naver.com/item/main.naver?code=011390
퓨런티어,KOSDAQ,6200.0,53052346000,-8.55,1.28,-719.0,4810.0,0.11109,8628302520.0,-494123250.0,-134531390.0,,255.50195,전자장비와기기,18930.0,4415.0,0.0756088411,8556830,370090,9192.0,24488.25,0.37536369483323634,155588389.75,-8.01186943620178,-53.27807083647325,1.4081447224689392,-14.94802494802495,-5.726772431247578,11.109,-67.24775488642368,https://finance.naver.com/item/main.naver?code=370090
구영테크,KOSDAQ,1977.0,54190370685,2.27,0.35,860.0,5617.0,3.25099,141300022990.0,9173024770.0,6901310990.0,,9.52744,자동차부품,3005.0,1653.0,0.0181200898,27410405,053270,18032.0,27716.05,0.65059775833858,55502854.8,17.32937685459941,-14.22993492407809,2.3753023969865836,15.310664055545665,6.491877761866456,325.099,-34.20965058236273,https://finance.naver.com/item/main.naver?code=053270
옵티시스,KOSDAQ,9360.0,52752960000,9.97,0.74,936.0,12530.0,0.10556,6578669820.0,1258625680.0,1883446630.0,,-362.11639,통신장비,22800.0,6840.0,0.0215177431,5636000,109080,29462.0,29847.7,0.9870777312824773,284140214.25,11.032028469750887,-9.214354995150343,10.501010128083571,7.470071827613727,19.131917461089422,10.556000000000001,-58.94736842105264,https://finance.naver.com/item/main.naver?code=109080
에너토크,KOSDAQ,5380.0,52487753440,-12.06,1.32,-432.0,3958.0,0.1963,7376986770.0,353587370.0,68488200.0,,183.01813,기계,11860.0,3865.0,0.1164674816,9756088,019990,156677.0,130297.8,1.202453149631076,725622184.3,10.020449897750506,-40.420819490586936,1.202453149631076,-10.914603335017686,4.793113787839964,19.63,-54.63743676222597,https://finance.naver.com/item/main.naver?code=019990
노랑풍선,KOSDAQ,3130.0,52617027760,-18.32,1.33,-173.0,2380.0,1.52652,19299277440.0,773021660.0,585503030.0,,14.87228,"호텔,레스토랑,레저",7580.0,2660.0,0.0180252261,16810552,104620,71986.0,273424.9,0.26327521743630516,949907337.5,-4.281345565749239,-31.956521739130437,0.9934537783501063,-7.268907563025211,4.005443532294233,152.65200000000002,-58.70712401055409,https://finance.naver.com/item/main.naver?code=104620
애드바이오텍,KOSDAQ,1809.0,53283138039,-6.75,1.98,-275.0,937.0,1.03814,2904941570.0,-1936051200.0,-284156260.0,,45.13103,제약,4385.0,1300.0,0.01427807,29454471,179530,356445.0,158450.25,2.24957044876862,361168577.7,-26.16326530612245,2.959590210586227,3.850173792720428,-29.34898612593383,-66.64682071385002,103.81400000000001,-58.74572405929304,https://finance.naver.com/item/main.naver?code=179530
아시아경제,KOSDAQ,1179.0,51934018590,14.63,0.49,92.0,2736.0,2.09301,21183181640.0,4959581010.0,1413374650.0,,2.31491,출판,1849.0,750.0,0.0010340708,44049210,127710,46554.0,63440.35,0.7338231898153147,74663296.6,47.559449311639554,-14.996395097332371,5.14530578724739,3.3625730994152043,23.41282388210688,209.30100000000002,-36.235803136830725,https://finance.naver.com/item/main.naver?code=127710
다보링크,KOSDAQ,986.0,52265367392,-8.73,3.32,-113.0,297.0,2.40908,16651631710.0,-931842220.0,-291788360.0,,-362.11639,통신장비,2385.0,525.0,0.0077203267,53007472,340360,127587.0,199362.55,0.6399747595523834,186053434.15,-17.3512154233026,-51.42857142857142,1.474900877822841,-38.04713804713805,-5.59610154865718,240.908,-58.65828092243186,https://finance.naver.com/item/main.naver?code=340360
SJM,KOSPI,3380.0,52744555240,4.3,0.22,777.0,14855.0,0.21652,52531286470.0,4690425730.0,6467583300.0,,9.52744,자동차부품,4200.0,2945.0,0.0750025409,15604898,123700,10814.0,7651.8,1.4132622389503122,25896016.75,12.479201331114798,-5.586592178770955,2.2156878120180874,5.230562100302929,8.928823269307609,21.651999999999997,-19.523809523809522,https://finance.naver.com/item/main.naver?code=123700
코스리거글로벌,KOSDAQ,3290.0,56958131580,-6.01,1.48,-510.0,2065.0,7.45637,42378316180.0,-600054600.0,-6278311050.0,,-10.44112,건강관리업체및서비스,5630.0,2385.0,0.0028384112,17312502,043710,4154.0,8798.15,0.47214471224064153,28422260.35,-11.796246648793563,284.7953216374269,0.536476418337946,-24.69733656174334,-1.4159472439898153,745.637,-41.56305506216697,https://finance.naver.com/item/main.naver?code=043710
대모,KOSDAQ,6390.0,53193043800,27.14,1.07,227.0,5781.0,0.36519,11589523340.0,973689210.0,1045245580.0,,183.01813,기계,10910.0,4800.0,0.0280107203,8324420,317850,138077.0,281102.75,0.4911976136839643,1864115418.0,15.34296028880866,-23.381294964028775,14.257487698003667,3.9266562878394744,8.401460365841068,36.519,-41.42988084326306,https://finance.naver.com/item/main.naver?code=317850
알트,KOSDAQ,2055.0,51828663855,9.48,1.1,223.0,1928.0,0.33026,8291059080.0,-448065890.0,818043820.0,,104.30752,핸드셋,6250.0,992.0,0.0149652503,25220761,459550,790588.0,5867818.5,0.13473286537407386,15153094241.9,73.85786802030456,-34.76190476190476,0.1940044669070797,11.566390041493776,-5.404205731458857,33.025999999999996,-67.12,https://finance.naver.com/item/main.naver?code=459550
이지스,KOSDAQ,5100.0,52416780000,-8.8,1.04,-591.0,5008.0,0.31695,5586409070.0,-2423008280.0,-2929954750.0,,31.01234,IT서비스,33300.0,3290.0,0.0151522699,10277800,261520,26411.0,150819.05,0.1751171354016618,775789928.8,34.210526315789465,-48.275862068965516,0.2954202403476219,-11.80111821086262,-43.37326983467754,31.695,-84.68468468468468,https://finance.naver.com/item/main.naver?code=261520
코리아나,KOSDAQ,1298.0,51920000000,-5.3,0.51,-249.0,2600.0,0.19512,18933611530.0,-1057751760.0,-1137225650.0,,44.06295,화장품,3055.0,1150.0,0.0336969,40000000,027050,92665.0,248833.35,0.3723978317215116,352308084.8,8.80134115674769,-31.067445565586826,1.1669818374426097,-9.576923076923077,-5.586634955111493,19.512,-57.51227495908346,https://finance.naver.com/item/main.naver?code=027050
한패스,KOSDAQ,4995.0,52807140000,5.41,1.09,898.0,4459.0,1.46617,14416381330.0,-3211382030.0,-4877649910.0,,31.01234,IT서비스,47750.0,4420.0,0.046054389,10572000,408470,49696.0,57837.6,0.8592334398384442,308727268.05,-5.576559546313797,-81.63602941176471,0.9810573052823769,20.139044628840548,-22.275923177179166,146.617,-89.5392670157068,https://finance.naver.com/item/main.naver?code=408470
알피바이오,KOSDAQ,5990.0,51911502390,11.09,0.48,541.0,12393.0,0.46043,39770421880.0,4091203200.0,2970188910.0,,45.13103,제약,9130.0,4810.0,0.0191360595,8666361,314140,12928.0,25331.15,0.5103597744279277,151134583.0,12.172284644194754,-9.24242424242424,1.0947785631524822,4.365367546195433,10.287050040214458,46.043,-34.3921139101862,https://finance.naver.com/item/main.naver?code=314140
모나리자,KOSPI,1421.0,51967753355,34.73,0.6,41.0,2391.0,0.19475,34526229300.0,1116872280.0,590664150.0,,6.21507,가정용품,2695.0,1275.0,0.0216738255,36571255,012690,97953.0,393955.9,0.24863950508166013,605870578.25,5.259259259259252,-33.129411764705885,0.36821380261090136,1.7147636971978253,3.234851597304314,19.475,-47.27272727272728,https://finance.naver.com/item/main.naver?code=012690
피엔케이피부임상연구센타,KOSDAQ,1727.0,51828264752,10.6,0.62,162.0,2792.0,0.07528,6594624020.0,1509589400.0,1506542120.0,,-34.55045,생명과학도구및서비스,2950.0,1292.0,0.014946131,30010576,347740,37947.0,26768.25,1.417612283208652,48184666.95,5.950920245398783,-18.151658767772517,2.2160955609724207,5.802292263610315,22.89121253041504,7.528,-41.45762711864407,https://finance.naver.com/item/main.naver?code=347740
토마토시스템,KOSDAQ,3315.0,51762213360,-19.92,1.52,-128.0,1683.0,1.27403,8415963510.0,21406710.0,-364214520.0,,31.01234,IT서비스,6950.0,1809.0,0.0264713462,15614544,393210,4435267.0,59536.6,74.49647779685101,137450537.0,40.466101694915245,-27.142857142857146,74.49647779685101,-7.605466428995841,0.2543583984717158,127.403,-52.302158273381295,https://finance.naver.com/item/main.naver?code=393210
HLB파나진,KOSDAQ,1149.0,52311626040,-16.46,0.72,-70.0,1591.0,0.10989,3708157720.0,-158046200.0,1550223930.0,,-34.55045,생명과학도구및서비스,2940.0,980.0,0.0153353456,45527960,046210,44382.0,66631.1,0.6660853565377128,75709294.85,-12.290076335877863,-48.93333333333333,2.821430233029321,-4.3997485857950975,-4.262121838765801,10.989,-60.91836734693877,https://finance.naver.com/item/main.naver?code=046210
포스뱅크,KOSDAQ,5060.0,51565888220,12.78,0.62,392.0,8078.0,0.35999,36611393510.0,6319737320.0,6659774220.0,,15.37804,상업서비스와공급품,6345.0,3230.0,0.0341140079,10190887,105760,16749.0,32096.8,0.5218277211435408,163079653.7,50.148367952522264,-9.642857142857142,0.6168216146157872,4.852686308492201,17.261668333585373,35.998999999999995,-20.252167060677696,https://finance.naver.com/item/main.naver?code=105760
삼화전자,KOSPI,2715.0,52035106275,-5.8,2.58,-476.0,1069.0,2.72431,7598171710.0,-1459773640.0,-1498797280.0,,255.50195,전자장비와기기,4820.0,2010.0,0.0317069716,19165785,011230,283917.0,434018.6,0.6541586005761044,1199157661.85,13.125000000000009,4.222648752399238,1.3102249534927766,-44.52759588400374,-19.212169660219487,272.431,-43.67219917012448,https://finance.naver.com/item/main.naver?code=011230
TS인베스트먼트,KOSDAQ,2165.0,51479746710,6.37,0.53,344.0,4152.0,0.18987,7093597470.0,5416260180.0,4355719840.0,,14.65734,창업투자,4641.762,1300.0,0.0041781593,23778174,246690,43343.0,103261.4,0.41974058070101705,221666412.5,67.56965944272446,19.15244909190974,0.7079121530407296,8.285163776493256,76.35420818429947,18.987000000000002,-53.35822905181264,https://finance.naver.com/item/main.naver?code=246690
퀀텀레일,KOSDAQ,1438.0,51084560302,91.31,1.07,16.0,1365.0,0.5177,2329588600.0,-1548330970.0,-1309473340.0,,104.30752,핸드셋,3580.0,1160.0,0.0497318361,35524729,070300,258491.0,341108.05,0.7577980056465979,541431049.2,18.646864686468657,-17.640320733104243,1.3423986915582908,1.1721611721611722,-66.46370822728099,51.77,-59.832402234636874,https://finance.naver.com/item/main.naver?code=070300
동우팜투테이블,KOSDAQ,2010.0,51700745640,1.84,0.22,1100.0,9312.0,0.15061,91204830040.0,957374940.0,10777546710.0,,32.42418,식품,2730.0,1978.0,0.0602271291,25721764,088910,38123.0,31403.3,1.2139806962962492,64796209.0,-2.898550724637683,-17.959183673469393,1.2139806962962492,11.812714776632301,1.0496976306848231,15.061,-26.37362637362637,https://finance.naver.com/item/main.naver?code=088910
씨싸이트,KOSDAQ,8770.0,51186999540,-30.0,0.73,-225.0,9236.0,0.96738,40406538300.0,1613323290.0,1754161500.0,,8.86094,"섬유,의류,신발,호화품",10370.0,2650.0,0.0098797211,5836602,109670,343900.0,48893.2,7.033697937545508,275352201.35,192.33333333333334,63.011152416356886,7.033697937545508,-2.43611953226505,3.9927283006077263,96.738,-15.429122468659596,https://finance.naver.com/item/main.naver?code=109670
인팩,KOSPI,5130.0,51300000000,4.32,0.39,1196.0,13223.0,3.3356,192102095290.0,8545096720.0,5052799530.0,,9.52744,자동차부품,13560.0,4430.0,0.0,10000000,023810,14335.0,10842.25,1.3221425442136088,55267763.25,5.882352941176472,-35.95505617977528,1.5662800617952917,9.044846101489828,4.44820589129973,333.56,-62.16814159292036,https://finance.naver.com/item/main.naver?code=023810
쿼드메디슨,KOSDAQ,4420.0,50865196460,-6.11,1.63,-722.0,2716.0,0.98595,1525000000.0,-2369831700.0,-2348684950.0,,-65.60732,생물공학,27150.0,4405.0,0.0408737845,11507963,464490,36741.0,28601.55,1.2845807307645916,140359135.35,-19.78221415607986,-72.18376337319069,1.3630380171703982,-26.583210603829162,-155.3988,98.595,-83.72007366482505,https://finance.naver.com/item/main.naver?code=464490
푸른로보틱스,KOSDAQ,6190.0,51756979340,-82.11,1.34,-76.0,4670.0,0.31668,6013335310.0,-60325890.0,-152747430.0,,19.90894,컴퓨터와주변기기,15700.0,4715.0,0.0194864823,8361386,094940,48554.0,223465.4,0.2172774845680808,1571685265.0,13.162705667276043,-38.89437314906219,0.2172774845680808,-1.6274089935760172,-1.0032018320960718,31.668000000000003,-60.57324840764331,https://finance.naver.com/item/main.naver?code=094940
이닉스,KOSDAQ,5510.0,49983568280,200.0,0.41,28.0,13584.0,0.15893,29360530050.0,98190890.0,476896970.0,,-77.6154,전기제품,14400.0,4700.0,0.0144962844,9071428,452400,3152.0,12284.95,0.2565741008306912,72293442.0,6.990291262135928,-39.11602209944751,1.5051750312374084,0.2061248527679623,0.3344315985875739,15.892999999999999,-61.736111111111114,https://finance.naver.com/item/main.naver?code=452400
코콤,KOSDAQ,2910.0,51013755000,8.57,0.39,343.0,7612.0,0.15744,19700017070.0,-538383660.0,1228848550.0,,-362.11639,통신장비,4540.0,2335.0,0.017990759,17530500,015710,3826.0,15677.65,0.24404167716462608,45183528.45,14.117647058823524,-23.62204724409449,0.42787024841095445,4.506043089858118,-2.7329096116361895,15.744,-35.90308370044053,https://finance.naver.com/item/main.naver?code=015710
경남스틸,KOSDAQ,1902.0,51315206808,11.02,0.45,172.0,4224.0,0.48791,98311297930.0,2246976780.0,2232219030.0,,42.88131,철강,3430.0,1548.0,0.0286468623,26979604,039240,28012.0,38006.75,0.7370269754714623,72880747.95,-2.561475409836067,-23.151515151515156,1.4591092371749754,4.071969696969697,2.2855733036907937,48.791000000000004,-44.54810495626822,https://finance.naver.com/item/main.naver?code=039240
서원,KOSPI,1080.0,51272557200,-9.08,0.35,-119.0,3073.0,2.24797,586857574700.0,27617272520.0,10007040550.0,,28.1014,비철금속,1990.0,885.0,0.0563526931,47474590,021050,126657.0,128051.75,0.9891079192592057,143164826.45,6.403940886699511,-14.691943127962082,1.1092390381232589,-3.8724373576309796,4.7059582615284254,224.797,-45.7286432160804,https://finance.naver.com/item/main.naver?code=021050
서전기전,KOSDAQ,5120.0,49657753600,7.2,1.3,715.0,3959.0,0.56631,12043324820.0,-947961990.0,-915382470.0,,56.61715,전기장비,11500.0,2820.0,0.0137077034,9698780,189860,713692.0,719396.25,0.9920707815755225,3843432220.7,35.44973544973544,8.820403825717316,0.9920707815755225,18.060116190957313,-7.871264822366553,56.631,-55.47826086956522,https://finance.naver.com/item/main.naver?code=189860
엔젯,KOSDAQ,4675.0,50825744475,-6.45,1.35,-720.0,3449.0,0.52334,4073587980.0,106851950.0,-1203650930.0,,15.86239,디스플레이장비및부품,12800.0,3000.0,0.0,10871817,419080,65028.0,32499.45,2.0008953997683037,168852552.5,43.84615384615385,-12.77985074626866,2.0008953997683037,-20.87561612061467,2.6230426475286293,52.334,-63.4765625,https://finance.naver.com/item/main.naver?code=419080
에이에스텍,KOSDAQ,7970.0,51362051310,20.97,0.76,382.0,10500.0,0.70179,4256179710.0,-4893353010.0,-5154528140.0,,44.06295,화장품,22800.0,7850.0,0.1302915715,6444423,453860,10143.0,5559.65,1.8243954205750363,45220086.75,-16.979166666666668,-45.67143830947512,1.8243954205750363,3.638095238095238,-114.97054502898327,70.179,-65.04385964912281,https://finance.naver.com/item/main.naver?code=453860
대진첨단소재,KOSDAQ,2825.0,50428566500,-1.06,0.8,-2671.0,3532.0,1.51557,27002246620.0,-560473710.0,-929746630.0,,-77.6154,전기제품,8370.0,2340.0,0.0386293179,17850820,393970,,,,,,,,-75.62287655719139,-2.075655844076577,151.55700000000002,-66.24850657108722,https://finance.naver.com/item/main.naver?code=393970
전방,KOSPI,30700.0,51576000000,1.15,0.15,26160.0,199651.0,0.03546,6906421860.0,-140967480.0,874999000.0,,8.86094,"섬유,의류,신발,호화품",45500.0,22750.0,0.0089083333,1680000,000950,1270.0,1080.55,1.1753273795752164,35114282.5,14.552238805970141,-15.890410958904111,1.1753273795752164,13.102864498549971,-2.0411072890934,3.546,-32.527472527472526,https://finance.naver.com/item/main.naver?code=000950
에이프로젠,KOSPI,2050.0,50893203650,-0.58,0.27,-3540.0,7695.0,0.62814,35526127030.0,-22444831320.0,-42306328920.0,,45.13103,제약,7800.0,280.0,0.0,24825953,007460,90867.0,676877.85,0.13424431010705995,1774007268.35,-12.765957446808507,540.625,0.17377433757065622,-46.00389863547758,-63.17837939679292,62.814,-73.71794871794873,https://finance.naver.com/item/main.naver?code=007460
에어레인,KOSDAQ,3650.0,49651234700,17.89,0.73,206.0,5063.0,0.44556,7631355540.0,825321040.0,4093832970.0,,-30.98927,화학,9555.0,2675.0,0.031899251,13603078,163280,78459.0,128621.25,0.6100002915536896,513562190.35,-1.6172506738544423,-41.87898089171974,1.8721401012663148,4.068733952202252,10.814868153816876,44.556000000000004,-61.80010465724751,https://finance.naver.com/item/main.naver?code=163280
마이크로투나노,KOSDAQ,8550.0,50606509500,-10.12,1.94,-836.0,4366.0,0.88981,11178622900.0,1132613110.0,921428820.0,,33.4343,반도체와반도체장비,16340.0,4840.0,0.0430873018,5918890,424980,24589.0,28784.6,0.8542415041376292,254472209.5,20.4225352112676,-38.8412017167382,0.8542415041376292,-19.147961520842877,10.131955609666376,88.981,-47.67441860465116,https://finance.naver.com/item/main.naver?code=424980
유티아이,KOSDAQ,2320.0,50040820080,-1.14,0.7,-2041.0,3344.0,1.94628,5494477120.0,-15888678330.0,13892078970.0,,104.30752,핸드셋,29300.0,1680.0,0.100927294,21569319,179900,222311.0,420695.2,0.5284372153521124,1004943857.2,-45.475910693302005,-88.71046228710462,0.5284372153521124,-61.03468899521531,-289.17543895423483,194.62800000000001,-92.08191126279863,https://finance.naver.com/item/main.naver?code=179900
덕성,KOSPI,3270.0,51273600000,9.05,0.51,359.0,6371.0,0.55062,32843263060.0,809386850.0,819573030.0,,8.86094,"섬유,의류,신발,호화품",5950.0,2720.0,0.037283227,15680000,004830,19320.0,35901.15,0.5381443212821874,119152854.55,2.8301886792452935,-29.677419354838708,0.7957962349395492,5.6349081776801135,2.4643923124245135,55.062,-45.042016806722685,https://finance.naver.com/item/main.naver?code=004830
고바이오랩,KOSDAQ,2630.0,51071678070,-8.07,1.59,-326.0,1653.0,1.02628,21810201910.0,-2013797400.0,-3874123840.0,,-10.44112,건강관리업체및서비스,8730.0,2310.0,0.0256976081,19418889,348150,17979.0,22454.85,0.8006733511913908,64110422.0,-10.23890784982935,-43.8034188034188,1.931075023881255,-19.72171808832426,-9.233281783955755,102.62800000000001,-69.87399770904925,https://finance.naver.com/item/main.naver?code=348150
포인트엔지니어링,KOSDAQ,4395.0,50979424530,-8.46,0.75,-520.0,5860.0,0.38659,10383315030.0,1250142000.0,1626047860.0,,15.86239,디스플레이장비및부품,6105.191,3900.0,0.0063714426,11599414,256630,11096.0,1691.75,6.5588887246933645,7324651.4,2.328288707799775,340.3807615230461,6.5588887246933645,-8.873720136518772,12.039912074207768,38.659,-28.012080211741118,https://finance.naver.com/item/main.naver?code=256630
에스피시스템스,KOSDAQ,4745.0,51121766410,-7.83,0.95,-607.0,4982.0,0.42688,11881895010.0,-183672030.0,96034790.0,,183.01813,기계,17300.0,3500.0,0.0472281043,10773818,317830,78531.0,41664.75,1.8848307022123019,194880208.8,-0.8359456635318674,-54.15458937198068,8.649085857949466,-12.18386190285026,-1.545814281690072,42.687999999999995,-72.57225433526011,https://finance.naver.com/item/main.naver?code=317830
아진전자부품,KOSPI,998.0,49201170460,10.99,1.43,88.0,676.0,2.43354,38585330140.0,624783810.0,-112970310.0,,9.52744,자동차부품,1382.0,793.0,0.0074917388,49299770,009320,282992.0,63488.95,4.457342576936616,61635315.2,0.6048387096774244,-0.9920634920634885,4.457342576936616,13.017751479289942,1.6192262907511306,243.35399999999998,-27.78581765557163,https://finance.naver.com/item/main.naver?code=009320
